id,ref,hyp,ref_norm,hyp_norm
1788,АҚШ-тың Гимнастика федерациясы АҚШ Олимпиада комитетінің хатын қолдайды және біздің барлық спортсмендер үшін қоршаған ортаның қауіпсіздігін арттырудың абсолютті қажеттілігін мойындайды.,"Ақыштың димнастика федерациясы Ақыш Олимпиады қамитетінің ханғылдайды, және біздің барлық спартсмендерішін, хоршаған үртаның қаупсыдың, арттырудың абсалюттық ажеттілің бойындайды.",ақш тың гимнастика федерациясы ақш олимпиада комитетінің хатын қолдайды және біздің барлық спортсмендер үшін қоршаған ортаның қауіпсіздігін арттырудың абсолютті қажеттілігін мойындайды,ақыштың димнастика федерациясы ақыш олимпиады қамитетінің ханғылдайды және біздің барлық спартсмендерішін хоршаған үртаның қаупсыдың арттырудың абсалюттық ажеттілің бойындайды
1749,Оны «вичи» француздар билеген. Бұл 1940 жылы немістермен бейбіт келісім жасасқан және  соғысудың орнына жаулаушылармен бірге жұмыс істеген француздар болды.,"Оны вичі француздар белеген, бол бірмін тұғыжыс қырыңын шыжалы, немістермен бейбыт келесін жасыскан, және сұғу судын орнының жаулау сұларменбірге жұмысыстеген француздар болды.",оны вичи француздар билеген бұл 1940 жылы немістермен бейбіт келісім жасасқан және соғысудың орнына жаулаушылармен бірге жұмыс істеген француздар болды,оны вичі француздар белеген бол бірмін тұғыжыс қырыңын шыжалы немістермен бейбыт келесін жасыскан және сұғу судын орнының жаулау сұларменбірге жұмысыстеген француздар болды
1701,Ешкілер алғаш рет қол үйретілген уақыт Иранның Загрос тауларында шамамен 10 000 жыл бұрын деп саналады.,"Ешкелер алғашрет, қол и ретелген вақыт, Ираның зағроз тауларында, Шамамен он мүң жылбұрындеп саналады.",ешкілер алғаш рет қол үйретілген уақыт иранның загрос тауларында шамамен 10 000 жыл бұрын деп саналады,ешкелер алғашрет қол и ретелген вақыт ираның зағроз тауларында шамамен он мүң жылбұрындеп саналады
1846,Сондықтан бұл пішімнің арақатынасы (ең қарапайым бүтін санның қатынасын алу үшін он екіге бөлу) 3:2 деп айтылады.,"Сондықтан болпшымның арақаднаса, ең карапайым бүтін санның картнасыны алыңың үн екеге бөлю, үшті үй екедеп аталады.",сондықтан бұл пішімнің арақатынасы ең қарапайым бүтін санның қатынасын алу үшін он екіге бөлу 3 2 деп айтылады,сондықтан болпшымның арақаднаса ең карапайым бүтін санның картнасыны алыңың үн екеге бөлю үшті үй екедеп аталады
1975,Ватикан қаласы халқының саны — шамамен 800. Бұл — дүние жүзіндегі ең шағын тәуелсіз ел және халық саны ең аз ел.,"Ватикан-қаласы халқының саны шамамен сегі жөз. Бұл дүне ежізіндегі ең шағым тавелсіз ел, және халық саны ең оаз ел.",ватикан қаласы халқының саны шамамен 800 бұл дүние жүзіндегі ең шағын тәуелсіз ел және халық саны ең аз ел,ватикан қаласы халқының саны шамамен сегі жөз бұл дүне ежізіндегі ең шағым тавелсіз ел және халық саны ең оаз ел
1708,Хьюн қызметтен кетуді сұранды және оны кабинетте Эд Дэви МП ауыстырады. Норман Лэмб МП Дэви босатып жатқан Бизнес министрі жұмысын алады деп күтілуде.,"Хюм қізметтен кетіңдің сүранды, кәне оны кабинетті әдддеви әмпи аустрады. Норманд лэмп әмпи әмпи босатып чаткан бизнес министері Құмысын алады деп күтіліде.",хьюн қызметтен кетуді сұранды және оны кабинетте эд дэви мп ауыстырады норман лэмб мп дэви босатып жатқан бизнес министрі жұмысын алады деп күтілуде,хюм қізметтен кетіңдің сүранды кәне оны кабинетті әдддеви әмпи аустрады норманд лэмп әмпи әмпи босатып чаткан бизнес министері құмысын алады деп күтіліде
1994,"Егер сіз романдық тілді білсеңіз, сізге португал тілін үйрену оңайырақ болатынын айтпай-ақ қойса да болады.","Егер, сіз рамандық тілді біл сенес, сізге Португауталін өрені ұңаері қолатынын айтпаяқ қойсады болады.",егер сіз романдық тілді білсеңіз сізге португал тілін үйрену оңайырақ болатынын айтпай ақ қойса да болады,егер сіз рамандық тілді біл сенес сізге португауталін өрені ұңаері қолатынын айтпаяқ қойсады болады
1956,Тауарларды тасымалдау үшін кемелерді пайдалану әзірше адамдардың және тауарлардың үлкен мөлшерлерін мұхиттарда жылжытудың ең тиімді жолы болып табылады.,"Таварларды тасымалдауышын, ки милерді пайдаланың әзірші адамдардың женеі таварлардың үлкен мүлшірлерін мохиттарда жылжы тудың еген теймді жолы болып табылады.",тауарларды тасымалдау үшін кемелерді пайдалану әзірше адамдардың және тауарлардың үлкен мөлшерлерін мұхиттарда жылжытудың ең тиімді жолы болып табылады,таварларды тасымалдауышын ки милерді пайдаланың әзірші адамдардың женеі таварлардың үлкен мүлшірлерін мохиттарда жылжы тудың еген теймді жолы болып табылады
1994,"Егер сіз романдық тілді білсеңіз, сізге португал тілін үйрену оңайырақ болатынын айтпай-ақ қойса да болады.","Егер сіз рамандық тәлді білсен үз, сізге Португалтален ирені оң айрак болатының айтпаяқ койсада болаты.",егер сіз романдық тілді білсеңіз сізге португал тілін үйрену оңайырақ болатынын айтпай ақ қойса да болады,егер сіз рамандық тәлді білсен үз сізге португалтален ирені оң айрак болатының айтпаяқ койсада болаты
1965,"Олар қауіпсіз жүзуге арналған құмды жағажайлардың барлығына дерлік, және олардың көпшілігінде похутукава ағаштарымен қамтамасыз етілген.","Улар, қаупсіз жізюге арнауын қомды жақажайлардың барлығына дерілык, және улардың көпшелігінде бақу тұқауа ақаштарымен қамтамасыз етіліген.",олар қауіпсіз жүзуге арналған құмды жағажайлардың барлығына дерлік және олардың көпшілігінде похутукава ағаштарымен қамтамасыз етілген,улар қаупсіз жізюге арнауын қомды жақажайлардың барлығына дерілык және улардың көпшелігінде бақу тұқауа ақаштарымен қамтамасыз етіліген
1706,"Дәстүрлірек шіркеулер Пасха демалыс күндері сенбі түні пасхалық таңғы ғибадатты өткізеді, жиналыстар жиі түн ортасында Мәсіхтің қайта тірілуін мерекелеуге айналады.",Дастірлірек шыркеулер пасқадемалыскындері сен бөтіні пасқалықтан ғығыға қыға датты вөдкізеді. Женалыс тар жиі түн ортасында мәсіқтін қайтаатрылуын мерекелеуге айналады.,дәстүрлірек шіркеулер пасха демалыс күндері сенбі түні пасхалық таңғы ғибадатты өткізеді жиналыстар жиі түн ортасында мәсіхтің қайта тірілуін мерекелеуге айналады,дастірлірек шыркеулер пасқадемалыскындері сен бөтіні пасқалықтан ғығыға қыға датты вөдкізеді женалыс тар жиі түн ортасында мәсіқтін қайтаатрылуын мерекелеуге айналады
1886,"Ежелгі мәдениеттер мен тайпалар сүтке, жүнге, етке және терілерге оңай қол жеткізу үшін оларды өсіре бастады.",Ежелгі мединит термин тайпалар сүткі жүнге еткежені тірілерге онайқолу жеткізі үшін оларды өсіре бастадым.,ежелгі мәдениеттер мен тайпалар сүтке жүнге етке және терілерге оңай қол жеткізу үшін оларды өсіре бастады,ежелгі мединит термин тайпалар сүткі жүнге еткежені тірілерге онайқолу жеткізі үшін оларды өсіре бастадым
1859,Орта ғасырлардың соңына қарай Батыс Еуропа өз стилін дамыта бастады. Бұл уақыттағы кірескерлердің нәтижесіндегі ең үлкен дамуларының бірі болып адамдардың киімін жабу үшін түймелерді пайдалануы табылады.,"Вортағасылардың сонуна қарай Батсу Европа өстелін дамы табасы тады. Был вақтағы керескерлердің, нашиесіндең ең өлкен дамығуларының бірі болып адамдарды киимін жабыушын тюмелерді пайда ланығы табылады.",орта ғасырлардың соңына қарай батыс еуропа өз стилін дамыта бастады бұл уақыттағы кірескерлердің нәтижесіндегі ең үлкен дамуларының бірі болып адамдардың киімін жабу үшін түймелерді пайдалануы табылады,вортағасылардың сонуна қарай батсу европа өстелін дамы табасы тады был вақтағы керескерлердің нашиесіндең ең өлкен дамығуларының бірі болып адамдарды киимін жабыушын тюмелерді пайда ланығы табылады
1756,АҚШ президенті Дональд Трамп жексенбі күні кешкі баспасөз хатшысы арқылы жасаған мәлімдемесінде АҚШ қарушы күштерін Сириядан алып шығуы туралы мәлімдеді.,Ақыш президенті Дональд Трамп Джексенбі қөне кешкі баспасыз хатшысы арқылы жасаған мәлем демесінде Ақыш қарушық ештіерін сириядан алып шуғуы туралы мәлем деді.,ақш президенті дональд трамп жексенбі күні кешкі баспасөз хатшысы арқылы жасаған мәлімдемесінде ақш қарушы күштерін сириядан алып шығуы туралы мәлімдеді,ақыш президенті дональд трамп джексенбі қөне кешкі баспасыз хатшысы арқылы жасаған мәлем демесінде ақыш қарушық ештіерін сириядан алып шуғуы туралы мәлем деді
1691,"Кейбір маршруттарда үлкенірек компаниялардың өз ұшақтары бар, бірақ басқа маршруттарда және кішірек фирмаларда мәселе болған.","Киңір маршруттарды үлкенрік кампаниялардың үс ушақтары бар, бірақ басқам маршруттарды жәнік, кширек фирмаларды мәселі болған.",кейбір маршруттарда үлкенірек компаниялардың өз ұшақтары бар бірақ басқа маршруттарда және кішірек фирмаларда мәселе болған,киңір маршруттарды үлкенрік кампаниялардың үс ушақтары бар бірақ басқам маршруттарды жәнік кширек фирмаларды мәселі болған
1664,"Екі құрғақ ұнтақты араластырыңыз, содан кейін таза, ылғалды қолдармен оларды қысып, шарик жасаңыз.","Екі құрға құнтақты араластырыңыз, содан кейін таза ұлғалды қолдармен оларды қысып шарғығыңді саңыз.",екі құрғақ ұнтақты араластырыңыз содан кейін таза ылғалды қолдармен оларды қысып шарик жасаңыз,екі құрға құнтақты араластырыңыз содан кейін таза ұлғалды қолдармен оларды қысып шарғығыңді саңыз
1899,Мұхаммед өзінің күнделікті өмірінен тыс мәселелерге қатты қызығатын. Ол ойлану үшін «Нұр» (жарық) тауындағы «Хира» ретінде белгілі болған үңгірге жиі баратын.,Мохамет өзін қінцелік төмірінен тос мәселілерге қатты қызғадын. О өйланың өшін нор жарқ таундағы хиір аредінге белкілі болған үнгірге жиі баратын.,мұхаммед өзінің күнделікті өмірінен тыс мәселелерге қатты қызығатын ол ойлану үшін нұр жарық тауындағы хира ретінде белгілі болған үңгірге жиі баратын,мохамет өзін қінцелік төмірінен тос мәселілерге қатты қызғадын о өйланың өшін нор жарқ таундағы хиір аредінге белкілі болған үнгірге жиі баратын
1692,"Жапонияның ядролық агенттігінің хабарлауынша, зауытта радиоактивті цезий мен йод анықталған.","Чапонияның ядралық агенттыңың қабарлыуымша, заводда радиактивті сези мен йоут анықталған.",жапонияның ядролық агенттігінің хабарлауынша зауытта радиоактивті цезий мен йод анықталған,чапонияның ядралық агенттыңың қабарлыуымша заводда радиактивті сези мен йоут анықталған
1746,Өсімдіктер күн сәулесінен фотосинтез арқылы қуат алады. Олар сонымен қатар көлеңе береді.,"Вүсіндіктір, күні сөлесінін фатасиінті сарқылы қоуаталады. Олар сонымен қатар көленге береді.",өсімдіктер күн сәулесінен фотосинтез арқылы қуат алады олар сонымен қатар көлеңе береді,вүсіндіктір күні сөлесінін фатасиінті сарқылы қоуаталады олар сонымен қатар көленге береді
1708,Хьюн қызметтен кетуді сұранды және оны кабинетте Эд Дэви МП ауыстырады. Норман Лэмб МП Дэви босатып жатқан Бизнес министрі жұмысын алады деп күтілуде.,Хиң көзметтен кетуды сұранды жәні оны кабинетте әт деви МП Аустрады. Норман лэмп МП деви босаты бжаткан бизнесменистері жұмысын оладыдеп көті люди.,хьюн қызметтен кетуді сұранды және оны кабинетте эд дэви мп ауыстырады норман лэмб мп дэви босатып жатқан бизнес министрі жұмысын алады деп күтілуде,хиң көзметтен кетуды сұранды жәні оны кабинетте әт деви мп аустрады норман лэмп мп деви босаты бжаткан бизнесменистері жұмысын оладыдеп көті люди
1686,"Нәтижесінде, кедергіні  жеңу мақсатында бірлескен жұмысты ұйымдастыру процесі тапсырыс берушілердің қажеттіліктеріне қызмет ететін жаңа инновациялық процеске әкелуі мүмкін.","Нәтижесінді кетергіні джейңу мақытатында бірлескен дүмісті үйімдастыру процесы тап сары сөршілердің кәшетіліктіріне, қызмететін жаға инувақ селық процеске әкеліпі мүмкін.",нәтижесінде кедергіні жеңу мақсатында бірлескен жұмысты ұйымдастыру процесі тапсырыс берушілердің қажеттіліктеріне қызмет ететін жаңа инновациялық процеске әкелуі мүмкін,нәтижесінді кетергіні джейңу мақытатында бірлескен дүмісті үйімдастыру процесы тап сары сөршілердің кәшетіліктіріне қызмететін жаға инувақ селық процеске әкеліпі мүмкін
1670,"""Олардың температуралық сипаттамалары жер бетіндегі тұрақты температураны сақтайтын үлкен үңгірлер сияқты тұрақты емес, бірақ бұл олардың жердегі терең үңгірлерге сәйкес келеді"", - деді Глен Кушинг, АҚШ геологиялық қызметі (USGS) астрогеология тобы және Аризона штатының Флагстафф қаласында орналасқан Солтүстік Аризона университетінің мүшесі Глен Кушинг.","Улардың температуралық сипаптамалары, жербедіндеңі түріқті температураны сақтайтың үлкін үңұрілер сияқтық түріқті мес, бірақ болғулардың жердеңі терен үңұрілерге сайкескелейді деді үңұрілен кушынғ. Ақыш келіліңің қызметі USGS Astrologia қа тобы, және Аризона аштатның флакстаф халасында воруна ұлсқан Солцтың Аризона универсиеті",олардың температуралық сипаттамалары жер бетіндегі тұрақты температураны сақтайтын үлкен үңгірлер сияқты тұрақты емес бірақ бұл олардың жердегі терең үңгірлерге сәйкес келеді деді глен кушинг ақш геологиялық қызметі usgs астрогеология тобы және аризона штатының флагстафф қаласында орналасқан солтүстік аризона университетінің мүшесі глен кушинг,улардың температуралық сипаптамалары жербедіндеңі түріқті температураны сақтайтың үлкін үңұрілер сияқтық түріқті мес бірақ болғулардың жердеңі терен үңұрілерге сайкескелейді деді үңұрілен кушынғ ақыш келіліңің қызметі usgs astrologia қа тобы және аризона аштатның флакстаф халасында воруна ұлсқан солцтың аризона универсиеті
1844,Айдың беті тау жынысы мен шаңнан тұрады. Айдың сыртқы қабаты қабық деп аталады.,"Айдың бейті тау жунысымен шаннан трада, айдың сытқа қабаты, қабықтеп аталады.",айдың беті тау жынысы мен шаңнан тұрады айдың сыртқы қабаты қабық деп аталады,айдың бейті тау жунысымен шаннан трада айдың сытқа қабаты қабықтеп аталады
1902,Алдымен ол Грейт-Ярмуттегі Джеймс Пейджет ауруханасына түсті.,Алдымен ол үңрайд әрмуттегі Джеймс пейджет аурухан наснатсты.,алдымен ол грейт ярмуттегі джеймс пейджет ауруханасына түсті,алдымен ол үңрайд әрмуттегі джеймс пейджет аурухан наснатсты
1816,"Үйленген, екі ересек баласы бар Дюваль хикаяны тыңдаған Миллерге үлкен әсер қалдырмады.","Юлінген екі, ересек баласы бар джиуваль хикаяны, түндаган мелерге үрген әсер қалдырмады.",үйленген екі ересек баласы бар дюваль хикаяны тыңдаған миллерге үлкен әсер қалдырмады,юлінген екі ересек баласы бар джиуваль хикаяны түндаган мелерге үрген әсер қалдырмады
1840,"Италияның көптеген қалаларында және әлемдегі басқа да қалаларда, әсіресе Польшада, соған ұқсас қондырмалар орнатылды және бұған көптеген адамдар куә болды.","Италианым көптеген қалуарында, және әлемдегі басқа да қалуарда, әстресі польша да, әсі қондірмалар орна тылда. Және бұң көптеген адымдар көбі алда.",италияның көптеген қалаларында және әлемдегі басқа да қалаларда әсіресе польшада соған ұқсас қондырмалар орнатылды және бұған көптеген адамдар куә болды,италианым көптеген қалуарында және әлемдегі басқа да қалуарда әстресі польша да әсі қондірмалар орна тылда және бұң көптеген адымдар көбі алда
1936,"Пэрри түнгі сайлау алды жиналысының нәтижелерін бағалау үшін Техасқа оралатынын, өзі үшін осы жарыста алға жүретін жол бар-жоғын анықтайтынын мәлімдеді, бірақ кейінірек жарыста қалатынын және 21 қаңтардағы Оңтүстік Каролинадағы бастапқы сайлауға қатысатынын айтты.","Фері түнгі сайлауалды женалысының нәтегелердің бағалаушын тихасқа оралапым, өзүшін осы жарсты алған жүретін жолы бар жоғы анықтайтын мәлімдеді. Бірақ кейінерек жарсты қалатын, және жірмабынышық қанктерді ағы вонқтытык қаралейнады ағы бастапы сайлауақа қатсақтын айдда.",пэрри түнгі сайлау алды жиналысының нәтижелерін бағалау үшін техасқа оралатынын өзі үшін осы жарыста алға жүретін жол бар жоғын анықтайтынын мәлімдеді бірақ кейінірек жарыста қалатынын және 21 қаңтардағы оңтүстік каролинадағы бастапқы сайлауға қатысатынын айтты,фері түнгі сайлауалды женалысының нәтегелердің бағалаушын тихасқа оралапым өзүшін осы жарсты алған жүретін жолы бар жоғы анықтайтын мәлімдеді бірақ кейінерек жарсты қалатын және жірмабынышық қанктерді ағы вонқтытык қаралейнады ағы бастапы сайлауақа қатсақтын айдда
1788,АҚШ-тың Гимнастика федерациясы АҚШ Олимпиада комитетінің хатын қолдайды және біздің барлық спортсмендер үшін қоршаған ортаның қауіпсіздігін арттырудың абсолютті қажеттілігін мойындайды.,Ақыштың гимнастика федерациясы Ақыш Олимпияда кеметьетының хатың қолдайды. Және біздің барлық спортсмендерышың қоршаған ортаның қаупсіздегін арт-дурыдың абсалуты қажеттелегін мойындайды.,ақш тың гимнастика федерациясы ақш олимпиада комитетінің хатын қолдайды және біздің барлық спортсмендер үшін қоршаған ортаның қауіпсіздігін арттырудың абсолютті қажеттілігін мойындайды,ақыштың гимнастика федерациясы ақыш олимпияда кеметьетының хатың қолдайды және біздің барлық спортсмендерышың қоршаған ортаның қаупсіздегін арт дурыдың абсалуты қажеттелегін мойындайды
1758,Архипелаг түбектен солтүстікке таман 120 км жерде орналасқан. Ең ірісі - Вилла Лас Эстреллас елді мекеніне ие Кинг Джордж аралы.,Архипелак түбектін қол түстік кетаман жүз жерма километер жердее орналыз ка. Ең үрысы виллі лас әстралас елді мекеніне ейі кинг Джордж арала.,архипелаг түбектен солтүстікке таман 120 км жерде орналасқан ең ірісі вилла лас эстреллас елді мекеніне ие кинг джордж аралы,архипелак түбектін қол түстік кетаман жүз жерма километер жердее орналыз ка ең үрысы виллі лас әстралас елді мекеніне ейі кинг джордж арала
1691,"Кейбір маршруттарда үлкенірек компаниялардың өз ұшақтары бар, бірақ басқа маршруттарда және кішірек фирмаларда мәселе болған.",Кейбір маршруттарда үлкенірек кампаниялардың өз шақтары бар. Бірақ басқа маршруттарда және күшерек фирмаларда мәселі болған.,кейбір маршруттарда үлкенірек компаниялардың өз ұшақтары бар бірақ басқа маршруттарда және кішірек фирмаларда мәселе болған,кейбір маршруттарда үлкенірек кампаниялардың өз шақтары бар бірақ басқа маршруттарда және күшерек фирмаларда мәселі болған
1964,"Қазірге дейін әйгілі ""25 Данлэп парақтары"" құжаттың ең көне көшірмелері болып табылады. Түпнұсқалық қолжазба көшірмесі сақталмаған.","Казіргедеен айғылы жермабес, данлеп барақтары күшаттың ең қоне көшірмелер болып табылады. Түп нүскал қолджазба көшірмесі сақталмаған.",қазірге дейін әйгілі 25 данлэп парақтары құжаттың ең көне көшірмелері болып табылады түпнұсқалық қолжазба көшірмесі сақталмаған,казіргедеен айғылы жермабес данлеп барақтары күшаттың ең қоне көшірмелер болып табылады түп нүскал қолджазба көшірмесі сақталмаған
1987,Апат биік таулы жерлерде орын алған және дұшпандық мағынадағы өрттің салдарынан болған деп болжануда.,Апад бейікталды желділте орналған женеді жпандық мағнадығы өрттін солда үрінін болған деп болжауында.,апат биік таулы жерлерде орын алған және дұшпандық мағынадағы өрттің салдарынан болған деп болжануда,апад бейікталды желділте орналған женеді жпандық мағнадығы өрттін солда үрінін болған деп болжауында
1756,АҚШ президенті Дональд Трамп жексенбі күні кешкі баспасөз хатшысы арқылы жасаған мәлімдемесінде АҚШ қарушы күштерін Сириядан алып шығуы туралы мәлімдеді.,Ақыш президенті Дональд Трамп Джексенбі қүні кешкі баспасыз хатшы сарқылы жасыған мәлемдемесінде ақыш қарусы күштерін сириадан алып шүғуы дүралы мәлемдеді.,ақш президенті дональд трамп жексенбі күні кешкі баспасөз хатшысы арқылы жасаған мәлімдемесінде ақш қарушы күштерін сириядан алып шығуы туралы мәлімдеді,ақыш президенті дональд трамп джексенбі қүні кешкі баспасыз хатшы сарқылы жасыған мәлемдемесінде ақыш қарусы күштерін сириадан алып шүғуы дүралы мәлемдеді
1889,"Ол бізге пойызды, автокөлікті және басқа да көлік құралдарын алып келді.",Ул-бізге поезде афтекуылыкты жені басқадекуылык куралдарының алып келіді.,ол бізге пойызды автокөлікті және басқа да көлік құралдарын алып келді,ул бізге поезде афтекуылыкты жені басқадекуылык куралдарының алып келіді
1802,Интернет жалпы және адамдар арасындағы байланыс элементтерін біріктіреді.,Интернет жалпо және адамдарарасындағы Байланыс элементерін бірктереді.,интернет жалпы және адамдар арасындағы байланыс элементтерін біріктіреді,интернет жалпо және адамдарарасындағы байланыс элементерін бірктереді
1780,"Кундалини йога көмегімен Кундалини энергиясы (ағарту энергиясы) йога позалары, тыныс алу жаттығулары мантра және визуализация арқылы оянады.",Кундалиней и йога көмегмін кундалиней энергиясы ағарта энергиясы йога пөзалары тұнызалу жаттығулары мантрайжене визуализация арқалы ойанды.,кундалини йога көмегімен кундалини энергиясы ағарту энергиясы йога позалары тыныс алу жаттығулары мантра және визуализация арқылы оянады,кундалиней и йога көмегмін кундалиней энергиясы ағарта энергиясы йога пөзалары тұнызалу жаттығулары мантрайжене визуализация арқалы ойанды
1957,Ол сыбыстарды «саяси әңгімелер мен ақымақтық» деп есептеді.,Ол сабастардау саяси әнгмелермен ақмактық деп есептеді.,ол сыбыстарды саяси әңгімелер мен ақымақтық деп есептеді,ол сабастардау саяси әнгмелермен ақмактық деп есептеді
1768,Кешеннің жиектеріндегі ғимараттардың көпшілігі туристерге басында қалай пайда болғаны туралы жақсырақ түсінік беру үшін қайта соғылды.,"Кешенің жиектеріндегі, қемарадтардың көпшелігі, туристерге басында қалайпайда болғаны туралы жақ сырак түсіның бе рушын қайда сауқылды.",кешеннің жиектеріндегі ғимараттардың көпшілігі туристерге басында қалай пайда болғаны туралы жақсырақ түсінік беру үшін қайта соғылды,кешенің жиектеріндегі қемарадтардың көпшелігі туристерге басында қалайпайда болғаны туралы жақ сырак түсіның бе рушын қайда сауқылды
1833,Философия ғұламасы Аристотель әрбір заттың төрт элементтің біреуінен немесе бірнешесінен жасалған деген теория құрған.,Философия қаламаса арестотел әрбірзаттын түрт элементтын бреунин немесі бірнешес нинджасылған деген теория қрыған.,философия ғұламасы аристотель әрбір заттың төрт элементтің біреуінен немесе бірнешесінен жасалған деген теория құрған,философия қаламаса арестотел әрбірзаттын түрт элементтын бреунин немесі бірнешес нинджасылған деген теория қрыған
1668,Сондай-ақ Wild Card картасын сатып алған пайдалы болуы мүмкін. Ол Оңтүстік Африкадағы парктарға немесе Оңтүстік Африканың барлық ұлттық парктарына кіруге мүмкіндік береді.,"Сондайак, Wildcard қартастын сатвалған пайдаалы болу мүмкін. Болу үмктідік африкадығы парктарға, немесі үмктідік африканы барлық олықтық парктарна күруге мүмкіндік береді.",сондай ақ wild card картасын сатып алған пайдалы болуы мүмкін ол оңтүстік африкадағы парктарға немесе оңтүстік африканың барлық ұлттық парктарына кіруге мүмкіндік береді,сондайак wildcard қартастын сатвалған пайдаалы болу мүмкін болу үмктідік африкадығы парктарға немесі үмктідік африканы барлық олықтық парктарна күруге мүмкіндік береді
1689,"Еуропа — салыстырмалы түрде шағын, бірақ көп тәуелсіз елдері бар континент. Қалыпты жағдайларда, бірнеше ел арқылы саяхаттасаңыз, визаға өтінімдер беру және бірнеше рет төлқұжатты тексеруден өту керектігін білдіретін еді.","Йуропа салыстырмалы түрде шағым, брақ көпті вәльсіз елдері бар континент. Калыптажақ дайларда, бір неше еле аркылы са ехаттасаныз, визаға өтінім дерберіу және бір неше рет түлқожатты тексеруден өту керектігін білдеретін еды.",еуропа салыстырмалы түрде шағын бірақ көп тәуелсіз елдері бар континент қалыпты жағдайларда бірнеше ел арқылы саяхаттасаңыз визаға өтінімдер беру және бірнеше рет төлқұжатты тексеруден өту керектігін білдіретін еді,йуропа салыстырмалы түрде шағым брақ көпті вәльсіз елдері бар континент калыптажақ дайларда бір неше еле аркылы са ехаттасаныз визаға өтінім дерберіу және бір неше рет түлқожатты тексеруден өту керектігін білдеретін еды
1975,Ватикан қаласы халқының саны — шамамен 800. Бұл — дүние жүзіндегі ең шағын тәуелсіз ел және халық саны ең аз ел.,"Ватикан-каласы халқының саны шамамен сегі жәс. Бол, дәне ежізіндегі ең шағым төвелсіз ел, және халық саны ең аз ел.",ватикан қаласы халқының саны шамамен 800 бұл дүние жүзіндегі ең шағын тәуелсіз ел және халық саны ең аз ел,ватикан каласы халқының саны шамамен сегі жәс бол дәне ежізіндегі ең шағым төвелсіз ел және халық саны ең аз ел
1660,"Романтизмде Гете, Фихте, Шлегель сияқты жазушылардан алынған мәдени детерминизмнің үлкен элементі болды.","Романтизм де геоты, фихты, шлейгіл сегті жазушылардан алымған мәденеті детерменін үнздың лүкен элементі болты.",романтизмде гете фихте шлегель сияқты жазушылардан алынған мәдени детерминизмнің үлкен элементі болды,романтизм де геоты фихты шлейгіл сегті жазушылардан алымған мәденеті детерменін үнздың лүкен элементі болты
1957,Ол сыбыстарды «саяси әңгімелер мен ақымақтық» деп есептеді.,Ол қыбыстарды сайаси әнгмелерімен ақмактық деп есептіді.,ол сыбыстарды саяси әңгімелер мен ақымақтық деп есептеді,ол қыбыстарды сайаси әнгмелерімен ақмактық деп есептіді
1673,"Тәуелсіздік үшін соғыс кезінде он үш штат алдымен әлсіз орталық үкіметін құрды, Конфедерация баптары бойынша Конгресс оның жалғыз құрамдасы еді.","Теолетсізді кушын құс кеізінде 13 тат алдымен әлсіз ворталы қықметін қорды. Конфидерация ваптары ваңша, конгрессе оның чалылыз құрамдасы еда.",тәуелсіздік үшін соғыс кезінде он үш штат алдымен әлсіз орталық үкіметін құрды конфедерация баптары бойынша конгресс оның жалғыз құрамдасы еді,теолетсізді кушын құс кеізінде 13 тат алдымен әлсіз ворталы қықметін қорды конфидерация ваптары ваңша конгрессе оның чалылыз құрамдасы еда
1827,"Жер қыртысының қалыңдығы жақын жағында шамамен 70 км, ал алыс жағында 100 км.","Жер 40-тысының қалындыға, жақын-жақында шамамен жетбіз километер, алы жақында жез километер.",жер қыртысының қалыңдығы жақын жағында шамамен 70 км ал алыс жағында 100 км,жер 40 тысының қалындыға жақын жақында шамамен жетбіз километер алы жақында жез километер
1687,Сегрегация және рекомбинация әр буында екі пул арасында вариацияларды араластырып отырады.,Сегрегация және рекомбинация әрбуңды екі пыл арасында варьяцейларды араластыра бұт рады.,сегрегация және рекомбинация әр буында екі пул арасында вариацияларды араластырып отырады,сегрегация және рекомбинация әрбуңды екі пыл арасында варьяцейларды араластыра бұт рады
1835,"Цунами туралы ескерту берілмеді және Джакартаның геофизика агенттігінің деректеріне сай, цунами туралы ескерту берілмейді, өйткені жер сілкінісі 6,5 магнитудасы талабына сай болмады.","Суна митуралы ескерту берілмеді. Және Джакарта үнгі агенттыңың деректерін әсай, Суна митуралы ескерту берілмеді. Итшені дерсілгін са, алытыда бес магнитуд азықталаны асай болмады.",цунами туралы ескерту берілмеді және джакартаның геофизика агенттігінің деректеріне сай цунами туралы ескерту берілмейді өйткені жер сілкінісі 6 5 магнитудасы талабына сай болмады,суна митуралы ескерту берілмеді және джакарта үнгі агенттыңың деректерін әсай суна митуралы ескерту берілмеді итшені дерсілгін са алытыда бес магнитуд азықталаны асай болмады
1806,"Ең шарықтаған кезінде жарықтық ластану қазіргі кездегідей проблема болмағандықтан, олар қазіргі уақытқа қарағанда оңай жетуге болатын қалаларда немесе кампустарда орналасқан.","Ең шарқтаған кезінде жарқтық ластану қазіргі кездегіде бұлмағандықтан, олар қазіргі вақытқа қараганды, оңай жетіге болатын қалаларды, німесе қам пустарды қурналасқам.",ең шарықтаған кезінде жарықтық ластану қазіргі кездегідей проблема болмағандықтан олар қазіргі уақытқа қарағанда оңай жетуге болатын қалаларда немесе кампустарда орналасқан,ең шарқтаған кезінде жарқтық ластану қазіргі кездегіде бұлмағандықтан олар қазіргі вақытқа қараганды оңай жетіге болатын қалаларды німесе қам пустарды қурналасқам
1778,Теледидарлық репортаждарда зауыттан шығатын ақ түтін көрінеді.,Теледі-дарлық репортаж-дарда заудтан шығатым ақтытын көрнеді.,теледидарлық репортаждарда зауыттан шығатын ақ түтін көрінеді,теледі дарлық репортаж дарда заудтан шығатым ақтытын көрнеді
1850,"Бұл оған егер базалық станцияда екі радио болса, 802.1 a, 802.11b және 802.11g ережелерімен қайта үйлесімді болуға мүмкіндік береді.","Бұлуган егер Базалықстансеяда екі радио болса, 802.1а, 802.11.1 және 802.11.1 жүй ережелерімен қайта үлесімді болуға мүмкіндік береді.",бұл оған егер базалық станцияда екі радио болса 802 1 a 802 11b және 802 11g ережелерімен қайта үйлесімді болуға мүмкіндік береді,бұлуган егер базалықстансеяда екі радио болса 802 1а 802 11 1 және 802 11 1 жүй ережелерімен қайта үлесімді болуға мүмкіндік береді
1681,"Дегенмен ол жалғыз емес, эксперименттер өткізу және эксперимент ықтимал гипотезалардың біреуін немесе бірнешеуін жою үшін пайдаланылатын сынақ болып табылады. Сұрақтар қою және бақылаулар жасау да ғылыми зерттеуді бағыттайды.","Деген мен ол жалқызы мес, експерименттерюет күзіу және експеримент, ектимал гипотезалартың бреуын, немесе бірнешеуын жоуйылышын, пайдаланатын сна болып таблады. Срактар койу және бақлаулар жасауды, ғылыми зертеуды бақыт тайды.",дегенмен ол жалғыз емес эксперименттер өткізу және эксперимент ықтимал гипотезалардың біреуін немесе бірнешеуін жою үшін пайдаланылатын сынақ болып табылады сұрақтар қою және бақылаулар жасау да ғылыми зерттеуді бағыттайды,деген мен ол жалқызы мес експерименттерюет күзіу және експеримент ектимал гипотезалартың бреуын немесе бірнешеуын жоуйылышын пайдаланатын сна болып таблады срактар койу және бақлаулар жасауды ғылыми зертеуды бақыт тайды
1971,"Қатты жел, бұршақ, артық жауын-шашын және өрттер, сонымен бірге найзағайлар, торнадолар, судағы құйындар және циклондар ауар ауа райының түрлері мен әсерлері болып табылады.","Катты жел бұрышақ, артық жауны шашын, және өрттер, сонымен бірге, наизағайлар, тарнаадалар, судағы қыйіндар, жәнециклондар, авар аварайының түрлерімен әсерілері болып табылады.",қатты жел бұршақ артық жауын шашын және өрттер сонымен бірге найзағайлар торнадолар судағы құйындар және циклондар ауар ауа райының түрлері мен әсерлері болып табылады,катты жел бұрышақ артық жауны шашын және өрттер сонымен бірге наизағайлар тарнаадалар судағы қыйіндар жәнециклондар авар аварайының түрлерімен әсерілері болып табылады
1901,"AI-дің ғылыми фантастикалық қосымша мағынасы болғанымен, AI іс-қимылды, оқытуды және машиналарда сананы қолдануды қамтитын компьютерлік ғылымның аса маңызды бір саласын құрайды.","Алдың ғылымы фантастикалық косм шамагнас болханымен, ал әскеймілді, уқутуды, және машиналарды саны қолданыды қамтиті, кампьютерлі қылымның аса амаңызды бір саласыны қрайды.",ai дің ғылыми фантастикалық қосымша мағынасы болғанымен ai іс қимылды оқытуды және машиналарда сананы қолдануды қамтитын компьютерлік ғылымның аса маңызды бір саласын құрайды,алдың ғылымы фантастикалық косм шамагнас болханымен ал әскеймілді уқутуды және машиналарды саны қолданыды қамтиті кампьютерлі қылымның аса амаңызды бір саласыны қрайды
1865,Санкт-Петербургтегі круиздерге қаладағы уақыт кіреді. Круиз жолаушылары виза режиміндегі талаптардан азат етілген (талаптарды көріп шығыңыз).,Санкпетерпурқтегі құруіздерге қаладағы вақыт кереді. Кұруіз жұрылаушлары виз режимінде қы талаптарды құрып шығыніз.,санкт петербургтегі круиздерге қаладағы уақыт кіреді круиз жолаушылары виза режиміндегі талаптардан азат етілген талаптарды көріп шығыңыз,санкпетерпурқтегі құруіздерге қаладағы вақыт кереді кұруіз жұрылаушлары виз режимінде қы талаптарды құрып шығыніз
1968,"Кейбір круиздердің кітапшаларында Германияның Берлин қаласы көрсетілген. Жоғарыдағы картадан көргеніңіздей, Берлин теңізге жақын орналаспаған және қалаға бару круиздің бағасына кірмейді.","Кейбір Круиздердін қтапшаларında Германияның Берлин қаласы қурсе тілген. Жуғардағы қарта дан қыргенін үстей Берлин тенүзгі жақын үрналыз паған, және қалаға бару Круиздін бағасына қырмейді.",кейбір круиздердің кітапшаларында германияның берлин қаласы көрсетілген жоғарыдағы картадан көргеніңіздей берлин теңізге жақын орналаспаған және қалаға бару круиздің бағасына кірмейді,кейбір круиздердін қтапшаларında германияның берлин қаласы қурсе тілген жуғардағы қарта дан қыргенін үстей берлин тенүзгі жақын үрналыз паған және қалаға бару круиздін бағасына қырмейді
1851,"Үзілмелі ағыстар жағаға, рифтерге соғылатын толқындардың кері ағыны болып табылады.",Жаға үргі үзілмелі ағастар жағаға рифтерге соуғылатым толкүндардың кері ағаны болып таблады.,үзілмелі ағыстар жағаға рифтерге соғылатын толқындардың кері ағыны болып табылады,жаға үргі үзілмелі ағастар жағаға рифтерге соуғылатым толкүндардың кері ағаны болып таблады
1922,"Әрине, бұл дәстүр христиандық теологиялық түсіндірмелерге ие, бірақ бұл толығымен христианға дейінгі көктем мен құнарлылық рәсімі болуы мүмкін.","Эрін ебулдыастыр христиандық, телуғе алық түсіндірмелерге е, бірақ болуд олғымін христианға дейінге көкдемін қонарлық рәсімі болуы мүңкін.",әрине бұл дәстүр христиандық теологиялық түсіндірмелерге ие бірақ бұл толығымен христианға дейінгі көктем мен құнарлылық рәсімі болуы мүмкін,эрін ебулдыастыр христиандық телуғе алық түсіндірмелерге е бірақ болуд олғымін христианға дейінге көкдемін қонарлық рәсімі болуы мүңкін
1867,Өсімдіктер адамдар тыныстайтын оттегіні жасайды және адамдар тыныспен шығаратын көміртегі диоксидін сіңіреді.,Бөсімдіктер адамдар таныстайтын бұттегі нажасайды. Және адамдар таныстпен шығаратын көміртегі диоксидіні сыңырейды.,өсімдіктер адамдар тыныстайтын оттегіні жасайды және адамдар тыныспен шығаратын көміртегі диоксидін сіңіреді,бөсімдіктер адамдар таныстайтын бұттегі нажасайды және адамдар таныстпен шығаратын көміртегі диоксидіні сыңырейды
1716,"TMZ ойын-сауық жаңалықтары веб-сайты фотограф Сепулведа бульварының арғы жағында көлігін тоқтатқанын және полицияның жолдан өту алдында тоқтағанының және жалғастырғанының, бұл жол қозғалысын реттеп тұрған Калифорния автомагистральдік патруль полициясы қызметкерінің оған кері жүру туралы екі рет бұйрық бергенінің суреттерін түсіруге әрекеттенгенін түсінеді.","Ти МЗ Оен Салық жаналықтары, вейп сайты, фотограф, сепул веда бульварының арқа жағанды, көлігін тұқтатқаның, және полицияның жол даңы итуалдыңда, тұқтағанының, және жалғастрығанының, бол жол көзаласын ретеп түрған Калифорне автомагистральдық, патруль полиция са қызметкерінің, Екірет, байрық біргенінің суреттерін түшіріге әрекеттенгенің түшіне де.",tmz ойын сауық жаңалықтары веб сайты фотограф сепулведа бульварының арғы жағында көлігін тоқтатқанын және полицияның жолдан өту алдында тоқтағанының және жалғастырғанының бұл жол қозғалысын реттеп тұрған калифорния автомагистральдік патруль полициясы қызметкерінің оған кері жүру туралы екі рет бұйрық бергенінің суреттерін түсіруге әрекеттенгенін түсінеді,ти мз оен салық жаналықтары вейп сайты фотограф сепул веда бульварының арқа жағанды көлігін тұқтатқаның және полицияның жол даңы итуалдыңда тұқтағанының және жалғастрығанының бол жол көзаласын ретеп түрған калифорне автомагистральдық патруль полиция са қызметкерінің екірет байрық біргенінің суреттерін түшіріге әрекеттенгенің түшіне де
1677,Бүгінде қанаттарын арқасына бүктей алмайтын жәндіктер - инеліктер мен біркүндіктер.,"Бүгінде қанаттарын арқасына бүкті үлмайтын жәндікдігді, үнеліптерімен бүгіндігдігдігді.",бүгінде қанаттарын арқасына бүктей алмайтын жәндіктер инеліктер мен біркүндіктер,бүгінде қанаттарын арқасына бүкті үлмайтын жәндікдігді үнеліптерімен бүгіндігдігдігді
1680,"Жақсы атлет жолбарыс өрмелей (бірақ жақсы емес), жүзе, үлкен қашықтықтарға секіре және күшті адамнан бес есе көбірек күшпен тартыла алады.","Жақсы атлет жолбарыс, уірмелей, бірақ жақсы емес жүзі, өлкен, қашықтарға сикре және күшті адамнан бесесе көбірік күшпен тарта алады.",жақсы атлет жолбарыс өрмелей бірақ жақсы емес жүзе үлкен қашықтықтарға секіре және күшті адамнан бес есе көбірек күшпен тартыла алады,жақсы атлет жолбарыс уірмелей бірақ жақсы емес жүзі өлкен қашықтарға сикре және күшті адамнан бесесе көбірік күшпен тарта алады
1829,Жоғары салық салынатын елдерге жол тартатын саяхатшылар кейде әсіресе алкогольді ішімдіктер мен темекі сияқты өнімдерге айтарлықтай ақша үнемдей алады.,"Чоғары, солық солынатын елдерге, жолтартына саяқақықықықықықықықықықықықықықықықықықықықықықықықықықықықықықықықықықықықықықықықықықықықықықықықықықықықықықықықықықықықықықықықықықықықықықықықықықықықықықықықықықықықықықықықықықықықықықықықықы",жоғары салық салынатын елдерге жол тартатын саяхатшылар кейде әсіресе алкогольді ішімдіктер мен темекі сияқты өнімдерге айтарлықтай ақша үнемдей алады,чоғары солық солынатын елдерге жолтартына саяқақықықықықықықықықықықықықықықықықықықықықықықықықықықықықықықықықықықықықықықықықықықықықықықықықықықықықықықықықықықықықықықықықықықықықықықықықықықықықықықықықықықықықықықықықықықықықықықықықы
1823,«Жол қозғалысының ағыны» – жеке жүргізушілердің және көліктердің екі нүкте арасындағы қозғалысын және олардың бір бірімен өзара әрекеттесулерін зерттеу.,"Чол қозғалысының ағыма, жекездіргізі уйшілердің және койлыкдердің екұныкдіі арасындаға қозғалысының жүне болардың бір бірімен өзірі әрекетде селілерінін сиртдеу.",жол қозғалысының ағыны жеке жүргізушілердің және көліктердің екі нүкте арасындағы қозғалысын және олардың бір бірімен өзара әрекеттесулерін зерттеу,чол қозғалысының ағыма жекездіргізі уйшілердің және койлыкдердің екұныкдіі арасындаға қозғалысының жүне болардың бір бірімен өзірі әрекетде селілерінін сиртдеу
1924,"Әйелдер отыратын тобындағы төрт шаңғышы өз жарыстарын аяқтай алмады, ал Giant Slalom жарысындағы жалпы 117 шаңғышының 45-і жарыста орын алмады.",Хайелдер отыратын тобіндағы түрт шанғышы өз жарыстарны аяқта елмады. Ал жаен слалым жарысындағы жалпы 17 шанғышының жүң қрығбе сә жарыста орын алмады.,әйелдер отыратын тобындағы төрт шаңғышы өз жарыстарын аяқтай алмады ал giant slalom жарысындағы жалпы 117 шаңғышының 45 і жарыста орын алмады,хайелдер отыратын тобіндағы түрт шанғышы өз жарыстарны аяқта елмады ал жаен слалым жарысындағы жалпы 17 шанғышының жүң қрығбе сә жарыста орын алмады
1883,"Көпір астындағы тік аралық 15 метрді құрайды. Құрылыс 2011 жылдың тамыз айында аяқталды, ол 2017 жылдың наурыз айына дейін жол қозғалысына ашылмады.",Көбер астындағы түк аралық 15 метрді хұрайды. Кұрылос екімің омбанын чыжылдың тамыз айында аяқталты. Олге екімің онджетін чыжылдың наурыз айынадеін жол көзғалысына ашылмады.,көпір астындағы тік аралық 15 метрді құрайды құрылыс 2011 жылдың тамыз айында аяқталды ол 2017 жылдың наурыз айына дейін жол қозғалысына ашылмады,көбер астындағы түк аралық 15 метрді хұрайды кұрылос екімің омбанын чыжылдың тамыз айында аяқталты олге екімің онджетін чыжылдың наурыз айынадеін жол көзғалысына ашылмады
1715,"Метродағы жүйелі хабарландырулар тек каталан тілінді жасалады, бірақ автоматтандырылған жүйе жоспарланбаған үзілістерді көп тілде жариялайды: испан, ағылшын, француз, араб және жапон.","Метродағы дүлі жуғылы қабарылың дүрулар тек қаталан тәлінде жасалады. Бірақ автаматтандырылығын жуғы жаспарылың бағын үзілстерді қөптілді жарялайды. Испан, Алшын, Франсуз, Араб, Чені, Чапон.",метродағы жүйелі хабарландырулар тек каталан тілінді жасалады бірақ автоматтандырылған жүйе жоспарланбаған үзілістерді көп тілде жариялайды испан ағылшын француз араб және жапон,метродағы дүлі жуғылы қабарылың дүрулар тек қаталан тәлінде жасалады бірақ автаматтандырылығын жуғы жаспарылың бағын үзілстерді қөптілді жарялайды испан алшын франсуз араб чені чапон
1716,"TMZ ойын-сауық жаңалықтары веб-сайты фотограф Сепулведа бульварының арғы жағында көлігін тоқтатқанын және полицияның жолдан өту алдында тоқтағанының және жалғастырғанының, бұл жол қозғалысын реттеп тұрған Калифорния автомагистральдік патруль полициясы қызметкерінің оған кері жүру туралы екі рет бұйрық бергенінің суреттерін түсіруге әрекеттенгенін түсінеді.","Ти әмзі оын салық жағалықтары вейп сайты фатоуңырф сепыл веді бұлварының арғы жағында көлігін тұқтатқаның және полиэтсіяның жолданыыту алдыңда тұқтағанының және жалғастығанының. кері жүрутүралы, екарет бұйрық бергенінін суреттерін түшіріге арекеттенгенін түснеді.",tmz ойын сауық жаңалықтары веб сайты фотограф сепулведа бульварының арғы жағында көлігін тоқтатқанын және полицияның жолдан өту алдында тоқтағанының және жалғастырғанының бұл жол қозғалысын реттеп тұрған калифорния автомагистральдік патруль полициясы қызметкерінің оған кері жүру туралы екі рет бұйрық бергенінің суреттерін түсіруге әрекеттенгенін түсінеді,ти әмзі оын салық жағалықтары вейп сайты фатоуңырф сепыл веді бұлварының арғы жағында көлігін тұқтатқаның және полиэтсіяның жолданыыту алдыңда тұқтағанының және жалғастығанының кері жүрутүралы екарет бұйрық бергенінін суреттерін түшіріге арекеттенгенін түснеді
1954,"Тәртіпті қорғаушылары, доппен жұмыс істеу дағдылары және тамаша командалық жұмысы оларды ерекше бөліп көрсетті және бұл ең күшті команда болатыны анық еді.","Түртіпті қорлаушылары, Доппен, жүмістеудағыдары, және тамаша қамандалық жүмісі оларды ерекше бөлп қүрсетті. Және бұл ең қүшты қамандалығыңы аңығы еді.",тәртіпті қорғаушылары доппен жұмыс істеу дағдылары және тамаша командалық жұмысы оларды ерекше бөліп көрсетті және бұл ең күшті команда болатыны анық еді,түртіпті қорлаушылары доппен жүмістеудағыдары және тамаша қамандалық жүмісі оларды ерекше бөлп қүрсетті және бұл ең қүшты қамандалығыңы аңығы еді
1773,Ұйқының үзілуі — қалыпты ұйқы кезеңінде мақсатпен оянудың және кейінірек қысқа уақытқа (10-60 минут) ұйықтау процесі.,"Лүғуның үзлюы, қалтың үғы кезенінді махса пен ояныудың, және кейінері қысқа вақта 16 минут үғті опрацесса.",ұйқының үзілуі қалыпты ұйқы кезеңінде мақсатпен оянудың және кейінірек қысқа уақытқа 10 60 минут ұйықтау процесі,лүғуның үзлюы қалтың үғы кезенінді махса пен ояныудың және кейінері қысқа вақта 16 минут үғті опрацесса
1777,"Оттава - Канаданың таңқалдырарлық, екітілді астанасы және онда Канаданың тарихы мен бүгінін бейнелейтін көптеген өнер галереялары мен музейлер ұсынылған.","Аттаа ва Канаданын танқалдарарлық екетелді астанасы, және онда Канаданын тарихымін, бүгінін бейнелейтін, көптеген, юнерғалерейаларымін, музейлер осынуыған.",оттава канаданың таңқалдырарлық екітілді астанасы және онда канаданың тарихы мен бүгінін бейнелейтін көптеген өнер галереялары мен музейлер ұсынылған,аттаа ва канаданын танқалдарарлық екетелді астанасы және онда канаданын тарихымін бүгінін бейнелейтін көптеген юнерғалерейаларымін музейлер осынуыған
1891,"Лакша Сингх ""чхаппан бхог"" (елу алты дегенді білдіреді) өлеңін ұсынды. Ол әнді әнші Раджу Ханделвалмен бірге орындады.","Лапша синг, чхапан бухог елю алты дегенді білдереді, үленін осынды, ол әнді әнші раджу ханделвалменбірге орндады.",лакша сингх чхаппан бхог елу алты дегенді білдіреді өлеңін ұсынды ол әнді әнші раджу ханделвалмен бірге орындады,лапша синг чхапан бухог елю алты дегенді білдереді үленін осынды ол әнді әнші раджу ханделвалменбірге орндады
1766,"Кейбір атомдардың ядролары тұрақсыз, яғни, олар аз ғана түрткенде немесе мүлде түртпегенде бөлінуге бейім.","Ге бір атымдардың, ядыролары тұрақсыз, яғыне олар аз ғана тұртгенде, немесемылді тұртпегенде бөлінімге бейм.",кейбір атомдардың ядролары тұрақсыз яғни олар аз ғана түрткенде немесе мүлде түртпегенде бөлінуге бейім,ге бір атымдардың ядыролары тұрақсыз яғыне олар аз ғана тұртгенде немесемылді тұртпегенде бөлінімге бейм
1789,"Басқа аталымдар қатарына «Үздік фильм», «Режиссер», «Операторлық жұмыс», «Костюмдер дизайны», «Фильмді монтаждау», «Түпнұсқа саундтрек», «Қойылым дизайны», «Дыбысты редакциялау», «Дыбысты араластыру» және «Түпнұсқа сценарий» жатады.","Пасқа ата алымдар қатарна, үздік фильм, режиссер, аператорлық жұмыз, кәстюмдер дизайны, фильмді мантаждау, түп нүсқа саундтрек, көйлім дизайны, түб ысты редакциалал, түб ысты араластыру, және түп нүсқа синария ржатады.",басқа аталымдар қатарына үздік фильм режиссер операторлық жұмыс костюмдер дизайны фильмді монтаждау түпнұсқа саундтрек қойылым дизайны дыбысты редакциялау дыбысты араластыру және түпнұсқа сценарий жатады,пасқа ата алымдар қатарна үздік фильм режиссер аператорлық жұмыз кәстюмдер дизайны фильмді мантаждау түп нүсқа саундтрек көйлім дизайны түб ысты редакциалал түб ысты араластыру және түп нүсқа синария ржатады
1721,"1963 жылы тоған салынғаннан кейін, тасындылардың жайылуына себеп болатын маусымдық су тасқыны тоқтатылды.",Мүңдіғығығығығығығығығығығығығығығығығығығығығығығығығығығығығығығығығығығығығығығығығығығығығығығығығығығығығығығығығығығығығығығығығығығығығығығығы�,1963 жылы тоған салынғаннан кейін тасындылардың жайылуына себеп болатын маусымдық су тасқыны тоқтатылды,мүңдіғығығығығығығығығығығығығығығығығығығығығығығығығығығығығығығығығығығығығығығығығығығығығығығығығығығығығығығығығығығығығығығығығығығығығығығығы
1869,"Оның ұзын жақтарында 70-тен астам ұстарадай өткір тістер және аузының үстіңгі жағында қосымша тістер жинағы болған, бұл оған кезіккен әрбір жануардың одан қашып кете алмайтынын білдіреді.","Оның ұзғын жақтарында жетпистен астам ұстарадай уйудкіртістер, жене ауызының ұстындың жағында қосымшатстер, жинақы болған. Болуған кезіккен әрбір жанвардың ұдан қашып кетте ауа майтын білдер еді.",оның ұзын жақтарында 70 тен астам ұстарадай өткір тістер және аузының үстіңгі жағында қосымша тістер жинағы болған бұл оған кезіккен әрбір жануардың одан қашып кете алмайтынын білдіреді,оның ұзғын жақтарында жетпистен астам ұстарадай уйудкіртістер жене ауызының ұстындың жағында қосымшатстер жинақы болған болуған кезіккен әрбір жанвардың ұдан қашып кетте ауа майтын білдер еді
1710,"Өткен аптада METI ұйымы оған Apple компаниясы қызып кетудің 34 қосымша инциденті туралы хабарлағанын жариялады, Apple компаниясы оларды «ауыр емес» деп атады.",Вүткен ақтада МИТА емамы оған Эппл кампаниясы қазып кетудын өтістюрт космша инциденті туралы хабар лағаным жарелады. Эппл кампаниясы ұларды ауыры местеп атады.,өткен аптада meti ұйымы оған apple компаниясы қызып кетудің 34 қосымша инциденті туралы хабарлағанын жариялады apple компаниясы оларды ауыр емес деп атады,вүткен ақтада мита емамы оған эппл кампаниясы қазып кетудын өтістюрт космша инциденті туралы хабар лағаным жарелады эппл кампаниясы ұларды ауыры местеп атады
1987,Апат биік таулы жерлерде орын алған және дұшпандық мағынадағы өрттің салдарынан болған деп болжануда.,Апад бейк таула жерлерде орын алған жене дышпандық мағнадықы віртің солдарынан болған деп болжануды.,апат биік таулы жерлерде орын алған және дұшпандық мағынадағы өрттің салдарынан болған деп болжануда,апад бейк таула жерлерде орын алған жене дышпандық мағнадықы віртің солдарынан болған деп болжануды
1774,"Шалғай аралдарда кредит картасы қабылданбауы мүмкін, дегенмен Ұлыбритания және АҚШ валютасы қабылдануы мүмкін; алдын ала иеленушіден қолданылатын төлем әдісін сұрап біліп алыңыз.",Шалқай арылдарда кредит кардасы қабылдам бауынун көл. Дегенмен қолы біританы және аққасы валютасы қабылданууынун көл. Алдың ала еленушуден қолдан латны түле мәдесін срап бөлі вауыныз.,шалғай аралдарда кредит картасы қабылданбауы мүмкін дегенмен ұлыбритания және ақш валютасы қабылдануы мүмкін алдын ала иеленушіден қолданылатын төлем әдісін сұрап біліп алыңыз,шалқай арылдарда кредит кардасы қабылдам бауынун көл дегенмен қолы біританы және аққасы валютасы қабылданууынун көл алдың ала еленушуден қолдан латны түле мәдесін срап бөлі вауыныз
1993,Атлант мұхитының оныншы атау берілген дауыл маусымы «Субтропиктік дауыл Джерри» бүгін Атлант мұхитында пайда болды.,"Атланп-махетін үн үнші атау бейрылген, дауыл маусыма, субтропиктік дауыл джерей, быгін атланп-махетін да пайдау болды.",атлант мұхитының оныншы атау берілген дауыл маусымы субтропиктік дауыл джерри бүгін атлант мұхитында пайда болды,атланп махетін үн үнші атау бейрылген дауыл маусыма субтропиктік дауыл джерей быгін атланп махетін да пайдау болды
1809,"Жолдарды орнында ұстау үшін шпалдар айтарлықтай ерте енгізілді. Алайда, бірте-бірте, жолдың үстінде темір бөлік болса, жолдар тиімдірек болатыны түсінілді.",Жолдарда орнанды ұстауышын жпалдар айтарлықтай ерте еңгізілді. Алайда бірте бірте жолдыңыстынды теимыр бұліп оса жолдар теймдерейк боладыны түсінілді.,жолдарды орнында ұстау үшін шпалдар айтарлықтай ерте енгізілді алайда бірте бірте жолдың үстінде темір бөлік болса жолдар тиімдірек болатыны түсінілді,жолдарда орнанды ұстауышын жпалдар айтарлықтай ерте еңгізілді алайда бірте бірте жолдыңыстынды теимыр бұліп оса жолдар теймдерейк боладыны түсінілді
1841,"Жоғарыдағы ашық, әдемі аспаннан және көптеген қоршаған таулардан басқа ештеңе көрінбейді. Үңгір ішінен бұл дүниенің өте аз бөлігін көруге немесе естуге болады.","Жұғардағы ашық, әдемі аспаннан және көптегін қоршаған таварлардан басқайыштені көрінбейді. Құнғырышынен болудынеені өте аз бөлігін көріге немесі естіге болады.",жоғарыдағы ашық әдемі аспаннан және көптеген қоршаған таулардан басқа ештеңе көрінбейді үңгір ішінен бұл дүниенің өте аз бөлігін көруге немесе естуге болады,жұғардағы ашық әдемі аспаннан және көптегін қоршаған таварлардан басқайыштені көрінбейді құнғырышынен болудынеені өте аз бөлігін көріге немесі естіге болады
1856,Финляндия — керемет қайықпен баратын жер. «Мың көлдің жерінде» көлдерде және жағалаудағы архипелагтарда мыңдаған аралдар да бар.,"Финлянді керемет қайқпен баратны жер Мүн көлдін жерінде көлдерде, және жағалаудағы архип елактарда Мүндаған аралдарда бар.",финляндия керемет қайықпен баратын жер мың көлдің жерінде көлдерде және жағалаудағы архипелагтарда мыңдаған аралдар да бар,финлянді керемет қайқпен баратны жер мүн көлдін жерінде көлдерде және жағалаудағы архип елактарда мүндаған аралдарда бар
1929,"Дель Потро екінші соққыда ерте басымдылыққа ие болды, бірақ бұл 6-6-ға жеткеннен кейін тай брейкті қажет етті.","Делпатро, екіншты сокқыда ерте басымдылықа еболда. Бірақ болу, ата-атаға жеткенен кейін тайбрейкты кәжететті.",дель потро екінші соққыда ерте басымдылыққа ие болды бірақ бұл 6 6 ға жеткеннен кейін тай брейкті қажет етті,делпатро екіншты сокқыда ерте басымдылықа еболда бірақ болу ата атаға жеткенен кейін тайбрейкты кәжететті
1912,Кішірек аралдардың көпшілігі тәуелсіз ұлттар болып табылады немесе Франциямен байланысты және қымбат жағажай курорттары ретінде белгілі.,"Кшерек аралдардың көпшілігі төвелсіз олықтар болып табылады, немесі францемін байланысты және қымбат жағажай күрор тарелетінде белгілі.",кішірек аралдардың көпшілігі тәуелсіз ұлттар болып табылады немесе франциямен байланысты және қымбат жағажай курорттары ретінде белгілі,кшерек аралдардың көпшілігі төвелсіз олықтар болып табылады немесі францемін байланысты және қымбат жағажай күрор тарелетінде белгілі
1831,"Плитвиц көлдері ұлттық паркін қалың орман жапқан. Орман негізінен қайың, шырша және майқарағай ағаштарынан тұрады. Орманда альпылық және жерортатеңіздік өсімдіктер аралас өседі.",Плит ветс кулдері олтық барқын қалың орман жабқан. Орман негізінін қайың шырша және май қарагай ағаштарынан тұрады. Орманда аліпылық және жей рортатеніздің өсіндіқтір арала сусе ді.,плитвиц көлдері ұлттық паркін қалың орман жапқан орман негізінен қайың шырша және майқарағай ағаштарынан тұрады орманда альпылық және жерортатеңіздік өсімдіктер аралас өседі,плит ветс кулдері олтық барқын қалың орман жабқан орман негізінін қайың шырша және май қарагай ағаштарынан тұрады орманда аліпылық және жей рортатеніздің өсіндіқтір арала сусе ді
1927,"Ангел (2006), «Континуум» тәсілін ұйымдардың өнімділіктің жоғарырақ деңгейіне жетуіне көмектесу үшін пайдаланылатын әдіс ретінде түсіндіреді.","Анғел екімің алты, қантіінуум тәсілен, өйімдардың, өнімділықтың жоғарыр ақ денгеен ешетуне, қумекті сөшін пайдаланылатын әді сретінде түсінді реді.",ангел 2006 континуум тәсілін ұйымдардың өнімділіктің жоғарырақ деңгейіне жетуіне көмектесу үшін пайдаланылатын әдіс ретінде түсіндіреді,анғел екімің алты қантіінуум тәсілен өйімдардың өнімділықтың жоғарыр ақ денгеен ешетуне қумекті сөшін пайдаланылатын әді сретінде түсінді реді
1855,"Арыстандар прайды қасқырлар мен иттер сияқты әрекет етеді, олар арыстандарға (бірақ басқа үлкен мысықтарға ұқсамайды) ұқсас жануарлар, сонымен қатар олар өз олжалары үшін өте қауіпті.",Арстандар бірайты қасқарлар мен иттері сияқты әрекететіде. Олар Арстандары бірақ басқа өлкен мүсықтарға қысамайды. Оқса жануарлар сонымен қадар олар өз ұлжалары өшін өтеқаупті.,арыстандар прайды қасқырлар мен иттер сияқты әрекет етеді олар арыстандарға бірақ басқа үлкен мысықтарға ұқсамайды ұқсас жануарлар сонымен қатар олар өз олжалары үшін өте қауіпті,арстандар бірайты қасқарлар мен иттері сияқты әрекететіде олар арстандары бірақ басқа өлкен мүсықтарға қысамайды оқса жануарлар сонымен қадар олар өз ұлжалары өшін өтеқаупті
1744,"Россби нөмірі неғұрлым кішірек болса, жұлдыздың магниттену инверсиясына қатысты белсенділігі азырақ болады.","Росыз бей нұмара негарылым күшеріп болса, жұлдызын магниттену инверсиясына қатысты бельсенділіңі азрақ болады.",россби нөмірі неғұрлым кішірек болса жұлдыздың магниттену инверсиясына қатысты белсенділігі азырақ болады,росыз бей нұмара негарылым күшеріп болса жұлдызын магниттену инверсиясына қатысты бельсенділіңі азрақ болады
1999,"1960 жылдары Бжезинский Джон Кеннедидің кеңесшісі болып, содан кейін Линдон Б. Джонсон әкімшілігінде жұмыс істеді.","Мүңді орыз алпысыны жүлдары Брежезинске Джон Кенни дедін кен ешісі болып, шоған гейін Линдон Би Джонсын әкімшіліңді өр жүмысістеді.",1960 жылдары бжезинский джон кеннедидің кеңесшісі болып содан кейін линдон б джонсон әкімшілігінде жұмыс істеді,мүңді орыз алпысыны жүлдары брежезинске джон кенни дедін кен ешісі болып шоған гейін линдон би джонсын әкімшіліңді өр жүмысістеді
1863,"Тибет медитациясының орталығы - құдай йогасы. Әр түрлі құдайларды бейнелеудің арқасында қуат арналары тазартылып, чакралар іске қосылып, ағартушылық сана пайда болады.","Тибет медитациясның орталықы қыдай йогасы. Әртерлі қыдайларды, бенеліудың арқасында қуат арналары тазартылып, чақрылар ыз ке косылып, ағар тушылық саны пайда болады.",тибет медитациясының орталығы құдай йогасы әр түрлі құдайларды бейнелеудің арқасында қуат арналары тазартылып чакралар іске қосылып ағартушылық сана пайда болады,тибет медитациясның орталықы қыдай йогасы әртерлі қыдайларды бенеліудың арқасында қуат арналары тазартылып чақрылар ыз ке косылып ағар тушылық саны пайда болады
1953,Кейіннен ол жатқан ауруханадан Кэмбридждегі Адденбрук ауруханасына жатқызылды.,Кеенен ол жатқан ауруханадан кембричтегі аден бурқ ауруханасна жатқызылды.,кейіннен ол жатқан ауруханадан кэмбридждегі адденбрук ауруханасына жатқызылды,кеенен ол жатқан ауруханадан кембричтегі аден бурқ ауруханасна жатқызылды
1894,"Карри — бұл шөптер мен дәмдеуіштер, сонымен қатап ет немесе көкөністер қосылатын тағам.","Көрі бұл шып термен дамделістер, сонымен катап, ед, немесе көгөністер көсілатын таған.",карри бұл шөптер мен дәмдеуіштер сонымен қатап ет немесе көкөністер қосылатын тағам,көрі бұл шып термен дамделістер сонымен катап ед немесе көгөністер көсілатын таған
1902,Алдымен ол Грейт-Ярмуттегі Джеймс Пейджет ауруханасына түсті.,"Алды мену, үрід, ярмудтегі Джеймс Пейчтин алруханасына түсті.",алдымен ол грейт ярмуттегі джеймс пейджет ауруханасына түсті,алды мену үрід ярмудтегі джеймс пейчтин алруханасына түсті
1752,"Нәтижесінде балықтың екі түрі жойылып кетті, ал қалған екеуіне жойылып кету қаупі төнді, оның ішінде бүкір балық та бар.","Нәчігесінде, балықтың екетірі жойлыпкетті, ал-қалған екеюінне жойлыпкеті қауптінде, оның ешінде бүкір болықтабар.",нәтижесінде балықтың екі түрі жойылып кетті ал қалған екеуіне жойылып кету қаупі төнді оның ішінде бүкір балық та бар,нәчігесінде балықтың екетірі жойлыпкетті ал қалған екеюінне жойлыпкеті қауптінде оның ешінде бүкір болықтабар
1669,"Полиция басшысы Чандра Шехар Соланкидің айтуынша, сотталушылар сотта беттерін жауып қатысқан.","Полиция башысы, чандры шықар, салан кидін әйтуңшы, сотталушылар, соттай беттерін жауқ қатсқан.",полиция басшысы чандра шехар соланкидің айтуынша сотталушылар сотта беттерін жауып қатысқан,полиция башысы чандры шықар салан кидін әйтуңшы сотталушылар соттай беттерін жауқ қатсқан
1892,"Бұл – Британдық отарлаушылардың өз меншігі ретінде басып алған орны, сондықтан егер сіз аумақтың отаршылдықта болғанының дәлелдерін іздесеңіз, бұл – бастамаңыз үшін қолайлы орын.","Бұл Британдығ оторшылоруң өзменшіңредінде басылықтан орна. Сұнықтан еңерсіз аумақтың оторшылдықтай болған лалелдерін үзде сенүз, бұл бастамаңыз шүн қолайлы ұорымы.",бұл британдық отарлаушылардың өз меншігі ретінде басып алған орны сондықтан егер сіз аумақтың отаршылдықта болғанының дәлелдерін іздесеңіз бұл бастамаңыз үшін қолайлы орын,бұл британдығ оторшылоруң өзменшіңредінде басылықтан орна сұнықтан еңерсіз аумақтың оторшылдықтай болған лалелдерін үзде сенүз бұл бастамаңыз шүн қолайлы ұорымы
1685,"Мысалы, дүние жүзіндегі ең жиі кездесетін фотография түсіру пішімі болып 35 мм табылады. Ол аналогтық пленка дәуірі бітіп жатқанда басым пленка өлшемі болатын.","Масалы, дәне ежезіндегі ең жиек кезде сетін фотография түс рүпешімі болып отыз без миллиметер таблады. Ол аналогтық пленкі дәрі бетті бжатқанды басым пленкі вылшемі болатым.",мысалы дүние жүзіндегі ең жиі кездесетін фотография түсіру пішімі болып 35 мм табылады ол аналогтық пленка дәуірі бітіп жатқанда басым пленка өлшемі болатын,масалы дәне ежезіндегі ең жиек кезде сетін фотография түс рүпешімі болып отыз без миллиметер таблады ол аналогтық пленкі дәрі бетті бжатқанды басым пленкі вылшемі болатым
1717,Су асты топологиясына байланысты кері ағын бірнеше тереңірек учаскелерде шоғырланған және онда терең суға жылдам ағын пайда болуы мүмкін.,"Суасты топологиясна байланды кері ағын бір неші теренғерек уческілерде шоғырланған, және ондатеренғ суға үршылдам ағын пайда болуы мүмкін.",су асты топологиясына байланысты кері ағын бірнеше тереңірек учаскелерде шоғырланған және онда терең суға жылдам ағын пайда болуы мүмкін,суасты топологиясна байланды кері ағын бір неші теренғерек уческілерде шоғырланған және ондатеренғ суға үршылдам ағын пайда болуы мүмкін
1854,Көліктің өзі сол күні шамамен 12:00 GMT уақытында апат орнынан әкетілген.,Күліктін өзі Солкыны Шамамин 10 еғі GMT үвақытында АПА Торунынан екетілген.,көліктің өзі сол күні шамамен 12 00 gmt уақытында апат орнынан әкетілген,күліктін өзі солкыны шамамин 10 еғі gmt үвақытында апа торунынан екетілген
1777,"Оттава - Канаданың таңқалдырарлық, екітілді астанасы және онда Канаданың тарихы мен бүгінін бейнелейтін көптеген өнер галереялары мен музейлер ұсынылған.","Оттаба, Канаданың танқалдарлық екытілді аста насы және онда Канаданың тарекымен, бұгуның бенелікін көптеген унер галериейалармен мүзілер ұсынылған.",оттава канаданың таңқалдырарлық екітілді астанасы және онда канаданың тарихы мен бүгінін бейнелейтін көптеген өнер галереялары мен музейлер ұсынылған,оттаба канаданың танқалдарлық екытілді аста насы және онда канаданың тарекымен бұгуның бенелікін көптеген унер галериейалармен мүзілер ұсынылған
1828,"Интернеттен «қауіпті ортаны» іздесеңіз, жергілікті компанияның мекен-жайын береді.",Интернеттен қаупты ортаны үздесеніз жерғылыкты кампанияның Мекинжаен береді.,интернеттен қауіпті ортаны іздесеңіз жергілікті компанияның мекен жайын береді,интернеттен қаупты ортаны үздесеніз жерғылыкты кампанияның мекинжаен береді
1810,Калифорния губернаторы Арнольд Шварценеггер кәмелетке толмағандарға зорлық-зомбылық контенті бар видео ойындарды сатуға немесе жалға беруге тыйым салатын заңға қол қойды.,Калифурне губернаторы Арнольд Шварцнегер көмелеткет алмағандарыға сұрлық зонбылық кантенті бар видео оендарды сатуга німесе жалға біріге тұйым салатын зұңға қолғойды.,калифорния губернаторы арнольд шварценеггер кәмелетке толмағандарға зорлық зомбылық контенті бар видео ойындарды сатуға немесе жалға беруге тыйым салатын заңға қол қойды,калифурне губернаторы арнольд шварцнегер көмелеткет алмағандарыға сұрлық зонбылық кантенті бар видео оендарды сатуга німесе жалға біріге тұйым салатын зұңға қолғойды
1861,"Нәтижесінде, орындаушылар сахнада каннабисті шекті және театрдың өзі аудиоторияны қосылуға шақырды.","Нәчі жезінде орындавшылар сахна да қанабисты шекті, және театрыдың өзі аудиторианы қослуға шақырыды.",нәтижесінде орындаушылар сахнада каннабисті шекті және театрдың өзі аудиоторияны қосылуға шақырды,нәчі жезінде орындавшылар сахна да қанабисты шекті және театрыдың өзі аудиторианы қослуға шақырыды
1971,"Қатты жел, бұршақ, артық жауын-шашын және өрттер, сонымен бірге найзағайлар, торнадолар, судағы құйындар және циклондар ауар ауа райының түрлері мен әсерлері болып табылады.","Катты жел, бұр шак, артық жауны шағышын және өртір, сон минбрыге, наизағайлар, тарнаадалар, судағықлыйындар, жәнеціклондар, оыр оырайының тұрлермен әсерлері болып таблады.",қатты жел бұршақ артық жауын шашын және өрттер сонымен бірге найзағайлар торнадолар судағы құйындар және циклондар ауар ауа райының түрлері мен әсерлері болып табылады,катты жел бұр шак артық жауны шағышын және өртір сон минбрыге наизағайлар тарнаадалар судағықлыйындар жәнеціклондар оыр оырайының тұрлермен әсерлері болып таблады
1943,"Алаңдаушылық неғұрлым төменірек болса, өмір күші соғұрлым позитивтеі болады. Әр адамда абсолютті тыныштық пен ризашылықты табу мүмкіндігі бар.","Аланды ұшылық, негрлым тумен рекпулса, өміркіше сауғырлым позитивте болады. Әрадамда әбсалютты түныштықпен, ұйзашылықты табу нүмкіндігі бар.",алаңдаушылық неғұрлым төменірек болса өмір күші соғұрлым позитивтеі болады әр адамда абсолютті тыныштық пен ризашылықты табу мүмкіндігі бар,аланды ұшылық негрлым тумен рекпулса өміркіше сауғырлым позитивте болады әрадамда әбсалютты түныштықпен ұйзашылықты табу нүмкіндігі бар
1820,Қазіргі уақытта адамдар ұштағышқа жақындамай-ақ компьютер экрандарында хабарламалар жаза алады.,"Казірге вақытда адамдар үшті ашқа жақында маяқ, камп�юдер қатрындарды, хабарылымалар жазаа лады.",қазіргі уақытта адамдар ұштағышқа жақындамай ақ компьютер экрандарында хабарламалар жаза алады,казірге вақытда адамдар үшті ашқа жақында маяқ камп юдер қатрындарды хабарылымалар жазаа лады
1794,"Өркениет – бірге тұрып, бірге жұмыс істейтін қоғамдағы адамдардың айтарлықтай үлкен тобына қатысты ортақ мәдениет.",Уіркеніет бірге түріп бірге жүміз үстейтінін қоғамдардың адамдардың айтарлықтай үлкен төбіна қатсты ордақ мединиет.,өркениет бірге тұрып бірге жұмыс істейтін қоғамдағы адамдардың айтарлықтай үлкен тобына қатысты ортақ мәдениет,уіркеніет бірге түріп бірге жүміз үстейтінін қоғамдардың адамдардың айтарлықтай үлкен төбіна қатсты ордақ мединиет
1800,Бұл көпір 2017 жылдың қыркүйек айында толығымен жұмыс істейді деп жоспарланған. Бұл жылда бразилиялық кеден бекеттері аяқталады деп күтілуде.,"Бұл көпір, екімің онджетін жүлдің 40-й үңді толғынын жүныст стейтті бүріст барланған, бұл жылда Бразилиалық кедім бекеттері аяқталаттеп күтіліңді.",бұл көпір 2017 жылдың қыркүйек айында толығымен жұмыс істейді деп жоспарланған бұл жылда бразилиялық кеден бекеттері аяқталады деп күтілуде,бұл көпір екімің онджетін жүлдің 40 й үңді толғынын жүныст стейтті бүріст барланған бұл жылда бразилиалық кедім бекеттері аяқталаттеп күтіліңді
1794,"Өркениет – бірге тұрып, бірге жұмыс істейтін қоғамдағы адамдардың айтарлықтай үлкен тобына қатысты ортақ мәдениет.",Уіркенет бірге тұрып бірге жүмститін қоғамдағы адамдардың айтарлықтай уіркен тұығына қатысты ұртак меденет.,өркениет бірге тұрып бірге жұмыс істейтін қоғамдағы адамдардың айтарлықтай үлкен тобына қатысты ортақ мәдениет,уіркенет бірге тұрып бірге жүмститін қоғамдағы адамдардың айтарлықтай уіркен тұығына қатысты ұртак меденет
1776,"Бір түн ішінде 150-ден 200-ге дейін көшірмелер жасалып, олар қазір «Dunlap broadsides» ретінде белгілі.",Бір түн үшінде дүзеліуден екүшізге деін көшірмелер часа алап олар қасыр дүн лап бұріот сайд сүрелінде бәл білі.,бір түн ішінде 150 ден 200 ге дейін көшірмелер жасалып олар қазір dunlap broadsides ретінде белгілі,бір түн үшінде дүзеліуден екүшізге деін көшірмелер часа алап олар қасыр дүн лап бұріот сайд сүрелінде бәл білі
1837,Реконструкция әрекеттерін либералдық сынау реконструкция келісімшарттарын солай деп саналатын Вашингтон инсайдерлеріне беруге баса көңіл бөлді.,Реконструкция әрекеттерен либералдық қасынау реконструкция келесім шарттарым Солайдеп саналатын Вашингтон инсайдерлеріне береге баса күңір бөлді.,реконструкция әрекеттерін либералдық сынау реконструкция келісімшарттарын солай деп саналатын вашингтон инсайдерлеріне беруге баса көңіл бөлді,реконструкция әрекеттерен либералдық қасынау реконструкция келесім шарттарым солайдеп саналатын вашингтон инсайдерлеріне береге баса күңір бөлді
1721,"1963 жылы тоған салынғаннан кейін, тасындылардың жайылуына себеп болатын маусымдық су тасқыны тоқтатылды.","Бірмін тұқыжыс алкысышыншы жылы, доған солыңыңыңыңыңыңген тасындылардың жайлуғуна сибе пулатың маусымдық су тасқаны тұқтатылды.",1963 жылы тоған салынғаннан кейін тасындылардың жайылуына себеп болатын маусымдық су тасқыны тоқтатылды,бірмін тұқыжыс алкысышыншы жылы доған солыңыңыңыңыңыңген тасындылардың жайлуғуна сибе пулатың маусымдық су тасқаны тұқтатылды
1732,"Оқиғалар Еуропа тарихындағы 11, 12 және 13 ғасырларды қамтитын орта ғасырлардың ортаңғы кезеңінде (б.з. 1000-1300 жылдар) орын алған.","Оқығылар Европа тарикындағы 11-12 жанде 13-чығасыларды қамтейтін ұртағасылардың ұртанғы кезенінде, біздің заманымыздың манғынша манғың 300-іншылдары ордын алған.",оқиғалар еуропа тарихындағы 11 12 және 13 ғасырларды қамтитын орта ғасырлардың ортаңғы кезеңінде б з 1000 1300 жылдар орын алған,оқығылар европа тарикындағы 11 12 жанде 13 чығасыларды қамтейтін ұртағасылардың ұртанғы кезенінде біздің заманымыздың манғынша манғың 300 іншылдары ордын алған
1998,"Олардың қабыршақтары мен тырнақтары бар аяқтары бар, олар жұмыртқалайды және олар тиранозавр сияқты екі артқы аяғында жүреді.","Улардың, қабіршақтары мен, тұрынақтары бар, аяқтары бар. Улар жұмүрт қалайды, және олар теренініңіңіңіңіңіңіңіңіңіңіңіңіңіңіңіңіңіңіңіңіңіңіңіңіңіңіңіңіңіңіңіңіңіңіңіңіңіңіңіңіңіңіңіңіңіңіңіңіңіңіңіңіңіңі�",олардың қабыршақтары мен тырнақтары бар аяқтары бар олар жұмыртқалайды және олар тиранозавр сияқты екі артқы аяғында жүреді,улардың қабіршақтары мен тұрынақтары бар аяқтары бар улар жұмүрт қалайды және олар теренініңіңіңіңіңіңіңіңіңіңіңіңіңіңіңіңіңіңіңіңіңіңіңіңіңіңіңіңіңіңіңіңіңіңіңіңіңіңіңіңіңіңіңіңіңіңіңіңіңіңіңіңіңіңі
1683,"Мұнда осы уақытқа дейін осында өмір сүрген көптеген ерлер мен әйелдер, сондай-ақ жақындары қаза болған немесе соңғы демі қалғанша қызмет еткен еврей, еврей емес тірі адамдар көп.","Мандоу ауасы ваққықады еін осында өмір сүргін көптегін ерлер мені елдер, сонда яқ чақымдарық азабылған немесесоңды деймық алғанша, қызымет етгін евре емес түрі адамдар көп.",мұнда осы уақытқа дейін осында өмір сүрген көптеген ерлер мен әйелдер сондай ақ жақындары қаза болған немесе соңғы демі қалғанша қызмет еткен еврей еврей емес тірі адамдар көп,мандоу ауасы ваққықады еін осында өмір сүргін көптегін ерлер мені елдер сонда яқ чақымдарық азабылған немесесоңды деймық алғанша қызымет етгін евре емес түрі адамдар көп
1950,Солтүстікке қарай және жақын арада Синтра деген романтикалық және еліктіретін қаласы орналасқан және ол Лорд Байрон оның ғажайыптарын қызық әңгімелегеннен кейін шетелдіктерге әйгілі болды.,"Солдстки қарары және жақнара да синтра деңің романтика алық және еліктіретің қаласы орналасыған және Уоллорд Байрон, оның қажаыптарым қызық әнмелегеніңен кейін шетелдіктерге әйғіліп олды.",солтүстікке қарай және жақын арада синтра деген романтикалық және еліктіретін қаласы орналасқан және ол лорд байрон оның ғажайыптарын қызық әңгімелегеннен кейін шетелдіктерге әйгілі болды,солдстки қарары және жақнара да синтра деңің романтика алық және еліктіретің қаласы орналасыған және уоллорд байрон оның қажаыптарым қызық әнмелегеніңен кейін шетелдіктерге әйғіліп олды
1991,Еуропалық тарихтың осы кезеңінде бай және қуатты болған католик шіркеуі қатаң бақылауға алынды.,Йуруп алық таріқтін осы кезеніңде бай жені қуатты болған катулік шыркеңы қатан бақылыға алыңды.,еуропалық тарихтың осы кезеңінде бай және қуатты болған католик шіркеуі қатаң бақылауға алынды,йуруп алық таріқтін осы кезеніңде бай жені қуатты болған катулік шыркеңы қатан бақылыға алыңды
1670,"""Олардың температуралық сипаттамалары жер бетіндегі тұрақты температураны сақтайтын үлкен үңгірлер сияқты тұрақты емес, бірақ бұл олардың жердегі терең үңгірлерге сәйкес келеді"", - деді Глен Кушинг, АҚШ геологиялық қызметі (USGS) астрогеология тобы және Аризона штатының Флагстафф қаласында орналасқан Солтүстік Аризона университетінің мүшесі Глен Кушинг.","Олардың температуралық сепаттамалары жербетін деңі түррақты температураңы сақтайтың өлкен үңұрлер сияқты түрақты емес. Бірақпул олардың жердеңі терен үңұрлерге 8 келеді деді үлен кушінг. Ақышғеологиал қызметі USGS Astrologia Topa, және Arizona-шылатның Flagstaff қаласында орыналысықан Солксық Arizona үндюйерсіетіні үшіісе үлен кушінг.",олардың температуралық сипаттамалары жер бетіндегі тұрақты температураны сақтайтын үлкен үңгірлер сияқты тұрақты емес бірақ бұл олардың жердегі терең үңгірлерге сәйкес келеді деді глен кушинг ақш геологиялық қызметі usgs астрогеология тобы және аризона штатының флагстафф қаласында орналасқан солтүстік аризона университетінің мүшесі глен кушинг,олардың температуралық сепаттамалары жербетін деңі түррақты температураңы сақтайтың өлкен үңұрлер сияқты түрақты емес бірақпул олардың жердеңі терен үңұрлерге 8 келеді деді үлен кушінг ақышғеологиал қызметі usgs astrologia topa және arizona шылатның flagstaff қаласында орыналысықан солксық arizona үндюйерсіетіні үшіісе үлен кушінг
1707,Ол Оңтүстік Африканың негізгі көрнекі жерлерінің бірі болып табылады және Оңтүстік Африка ұлттық парктерінің (SANParks) жетекшісі болып есептеледі.,Уол ұнтстық африканын негізгі көрнек жерлернын бәрі болып таблады. Және ұнтстық африкы ұл токпарктернын Сан Паркс жетек жүсі болып есеттеледі.,ол оңтүстік африканың негізгі көрнекі жерлерінің бірі болып табылады және оңтүстік африка ұлттық парктерінің sanparks жетекшісі болып есептеледі,уол ұнтстық африканын негізгі көрнек жерлернын бәрі болып таблады және ұнтстық африкы ұл токпарктернын сан паркс жетек жүсі болып есеттеледі
1891,"Лакша Сингх ""чхаппан бхог"" (елу алты дегенді білдіреді) өлеңін ұсынды. Ол әнді әнші Раджу Ханделвалмен бірге орындады.","Лақша Синг, шықап бен бухок 76 деген де білдереді. Гөленін үсінады, олайынді әнші Раджу Хандел Вальмен бірге варымдады.",лакша сингх чхаппан бхог елу алты дегенді білдіреді өлеңін ұсынды ол әнді әнші раджу ханделвалмен бірге орындады,лақша синг шықап бен бухок 76 деген де білдереді гөленін үсінады олайынді әнші раджу хандел вальмен бірге варымдады
1688,"Теңіз әскери күштерінің жұмысы дәстүр бойынша елдің адамдарды және тауарларды жылжыту қабілетін сақтау, сонымен бірге жаудың өз адамдары мен тауарларын жылжыту қабілетіне кедергі жасау болатын.","Теңіз әскер екшісті ерін үн жұмысы, дәстір бонжша елдін адамдарды және таворларды жылжудуду қабелетіні сақтал, сонумен бірге екшаудың үз адамдары мен таворларын жылжудуду қабелетіні кедергі жасау болатын.",теңіз әскери күштерінің жұмысы дәстүр бойынша елдің адамдарды және тауарларды жылжыту қабілетін сақтау сонымен бірге жаудың өз адамдары мен тауарларын жылжыту қабілетіне кедергі жасау болатын,теңіз әскер екшісті ерін үн жұмысы дәстір бонжша елдін адамдарды және таворларды жылжудуду қабелетіні сақтал сонумен бірге екшаудың үз адамдары мен таворларын жылжудуду қабелетіні кедергі жасау болатын
1887,"Лиггинс ауруханада жұмыс істей бастағанда, бос уақытында мерзімінен бұрын босануды зерттей бастады.","Легенц аурухунада жүміз ыстей бастағам бос, вақнда мерзімінен бұрын босауна зертей бастады.",лиггинс ауруханада жұмыс істей бастағанда бос уақытында мерзімінен бұрын босануды зерттей бастады,легенц аурухунада жүміз ыстей бастағам бос вақнда мерзімінен бұрын босауна зертей бастады
1930,"Алты тұтқын, соның ішінде балалар және қариялар, сонымен бірге филиппиндік фотографтар ерте жіберілді.","6 түтқін сонуң шынды балалар, және карьялар, сонуме бірге пеликіндік кафатографтар ерде жүберілді.",алты тұтқын соның ішінде балалар және қариялар сонымен бірге филиппиндік фотографтар ерте жіберілді,6 түтқін сонуң шынды балалар және карьялар сонуме бірге пеликіндік кафатографтар ерде жүберілді
1703,Мартелли кеше тоғыз мүшеден тұратын жаңа уақытша сайлау кеңесінің (CEP) алдында ант берді.,Мартелі кише тоыз мүшелен тратін жұға вақытша селің кинисының сеп алымда антперді.,мартелли кеше тоғыз мүшеден тұратын жаңа уақытша сайлау кеңесінің cep алдында ант берді,мартелі кише тоыз мүшелен тратін жұға вақытша селің кинисының сеп алымда антперді
2002,Бұл ойыншыларға бейне ойындардағы әрекеттер мен қозғалыстарды құрылғыны ауада қозғалту арқылы басқаруға мүмкіндік береді.,Бұл өйіншіларға бене өйіндардағы әрекеттер мен қозғастарды құрылғына авада қозғалты қалты басқаруға мүгіндік береді.,бұл ойыншыларға бейне ойындардағы әрекеттер мен қозғалыстарды құрылғыны ауада қозғалту арқылы басқаруға мүмкіндік береді,бұл өйіншіларға бене өйіндардағы әрекеттер мен қозғастарды құрылғына авада қозғалты қалты басқаруға мүгіндік береді
2009,"Ең оңай қол жеткізуге болаты өсімдік ресурстарына жапырақтар мен бұршақтарда қолжетімді ақуыздар болды, бірақ әзірлемесе, олар біз сияқты приматтар үшін қорытуға қиын.","Ең онлай қолзет күзгі болаты өсімдің, ұресустарна жапрақтар меін өбұшақтарда қолженіңді қолздар болды. Бірақ әзерлемесе ұлар бүсі қаты ұршын қортуға қыйын.",ең оңай қол жеткізуге болаты өсімдік ресурстарына жапырақтар мен бұршақтарда қолжетімді ақуыздар болды бірақ әзірлемесе олар біз сияқты приматтар үшін қорытуға қиын,ең онлай қолзет күзгі болаты өсімдің ұресустарна жапрақтар меін өбұшақтарда қолженіңді қолздар болды бірақ әзерлемесе ұлар бүсі қаты ұршын қортуға қыйын
1905,"Молдованың астанасы — Кишинев. Жергілікті тілі — румын тілі, бірақ орыс тілі кеңінен пайдаланылады.","Малдованың астанасы кешенеуф жергіліктетелі, румынтелі, брақ, орастелі, кингниң пайдаланы лады.",молдованың астанасы кишинев жергілікті тілі румын тілі бірақ орыс тілі кеңінен пайдаланылады,малдованың астанасы кешенеуф жергіліктетелі румынтелі брақ орастелі кингниң пайдаланы лады
1680,"Жақсы атлет жолбарыс өрмелей (бірақ жақсы емес), жүзе, үлкен қашықтықтарға секіре және күшті адамнан бес есе көбірек күшпен тартыла алады.","Жақса атлет жолбарыс өрмелі бірақ жақсыймыз, жіз е, өлкен кашықтырығы кашықтырыға секері және күшты адамнан БСС көбіре күшпен тартылы алады.",жақсы атлет жолбарыс өрмелей бірақ жақсы емес жүзе үлкен қашықтықтарға секіре және күшті адамнан бес есе көбірек күшпен тартыла алады,жақса атлет жолбарыс өрмелі бірақ жақсыймыз жіз е өлкен кашықтырығы кашықтырыға секері және күшты адамнан бсс көбіре күшпен тартылы алады
1679,Aerosmith турында қалған концерттерінен бас тартты.,Айрысмит турында қалған концеттерін бастарта.,aerosmith турында қалған концерттерінен бас тартты,айрысмит турында қалған концеттерін бастарта
1823,«Жол қозғалысының ағыны» – жеке жүргізушілердің және көліктердің екі нүкте арасындағы қозғалысын және олардың бір бірімен өзара әрекеттесулерін зерттеу.,"Чол қозғалысының ағыны, чекет жүргізүшлердің, және көліктердің, екүніктің арасындағы қозғалысының, және қолардың бір-бірмен өзері әрекетті сөліеріні зердіің.",жол қозғалысының ағыны жеке жүргізушілердің және көліктердің екі нүкте арасындағы қозғалысын және олардың бір бірімен өзара әрекеттесулерін зерттеу,чол қозғалысының ағыны чекет жүргізүшлердің және көліктердің екүніктің арасындағы қозғалысының және қолардың бір бірмен өзері әрекетті сөліеріні зердіің
2005,Бірақ құстарда динозаврдікіне ұқсайтын көп нәрселер әлі де бар.,Бірақ үстарда діназаврыдықыне Оксайтан көп нерселері әлі дебар.,бірақ құстарда динозаврдікіне ұқсайтын көп нәрселер әлі де бар,бірақ үстарда діназаврыдықыне оксайтан көп нерселері әлі дебар
1780,"Кундалини йога көмегімен Кундалини энергиясы (ағарту энергиясы) йога позалары, тыныс алу жаттығулары мантра және визуализация арқылы оянады.","Кундалиней, йога комегмен кундалиней энергесі, ағарту энергесі, йога позалара, тұн салу жаттғулары мантра, және визуалейцатсе арқлы оянада.",кундалини йога көмегімен кундалини энергиясы ағарту энергиясы йога позалары тыныс алу жаттығулары мантра және визуализация арқылы оянады,кундалиней йога комегмен кундалиней энергесі ағарту энергесі йога позалара тұн салу жаттғулары мантра және визуалейцатсе арқлы оянада
1926,"Аристотельдің ғылымның барлық мәселелеріне, оның ішінде психологияға көзқарасы қабылданды.",Арис тот елдін ғылыманың барлық мәселеріне оның үшінде психологияға көз қарасы хабылданда.,аристотельдің ғылымның барлық мәселелеріне оның ішінде психологияға көзқарасы қабылданды,арис тот елдін ғылыманың барлық мәселеріне оның үшінде психологияға көз қарасы хабылданда
1996,Австралиялық Митчелл Горли ерлердің тұрып тұратын Super-G жарысында он бірінші болып мәреге жетті. Чех бәсекелес Олдрич Джелинек ерлердің отыратын Super-G жарысында он алтыншы болып мәреге жетті.,"Австралиалық Митчел Горли, ерілердің турптратын Супер-Ги жарсында 11-ші болып нәрегі жетті. Чех бәсекелес Олдрыж Челинек, ерілердің Отратын Супер-Ги жарсында 16-ші болып нәрегі жетті.",австралиялық митчелл горли ерлердің тұрып тұратын super g жарысында он бірінші болып мәреге жетті чех бәсекелес олдрич джелинек ерлердің отыратын super g жарысында он алтыншы болып мәреге жетті,австралиалық митчел горли ерілердің турптратын супер ги жарсында 11 ші болып нәрегі жетті чех бәсекелес олдрыж челинек ерілердің отратын супер ги жарсында 16 ші болып нәрегі жетті
1865,Санкт-Петербургтегі круиздерге қаладағы уақыт кіреді. Круиз жолаушылары виза режиміндегі талаптардан азат етілген (талаптарды көріп шығыңыз).,Санкпетербұктегі құрғыздерге қаладақы құрғыз қреді құрғыз жолоушылары виза-режиміндігі талаптардың азатеділген талаптарды қорып шығыныс.,санкт петербургтегі круиздерге қаладағы уақыт кіреді круиз жолаушылары виза режиміндегі талаптардан азат етілген талаптарды көріп шығыңыз,санкпетербұктегі құрғыздерге қаладақы құрғыз қреді құрғыз жолоушылары виза режиміндігі талаптардың азатеділген талаптарды қорып шығыныс
1791,Құрылыс орындарын граффити сызу арқылы бүлдірмеңіз.,Хырылыс орындарн графити сезуарқылы бүлдерменес.,құрылыс орындарын граффити сызу арқылы бүлдірмеңіз,хырылыс орындарн графити сезуарқылы бүлдерменес
1709,Бұл есеп жетекшінің Иракқа қатысты ағымдағы саясатының әрбір аспектісін қатты сынайды және бағытты дереу өзгертуге шақырады.,"Полисип жетекшінін үракқа қатста ағымдағы саясатның әрбір аспектсін қаттысынайды, және бағытты дірі өзгер түгі шахрада.",бұл есеп жетекшінің иракқа қатысты ағымдағы саясатының әрбір аспектісін қатты сынайды және бағытты дереу өзгертуге шақырады,полисип жетекшінін үракқа қатста ағымдағы саясатның әрбір аспектсін қаттысынайды және бағытты дірі өзгер түгі шахрада
1734,Ғалымдар қара материя басқа қара материяға қарапайым материя сияқты әсер етеді деп тұжырымдай алды.,Галымдар караматейре басқа караматейре аға карапайым матейре секті ашіретеді деп түжірум даялды.,ғалымдар қара материя басқа қара материяға қарапайым материя сияқты әсер етеді деп тұжырымдай алды,галымдар караматейре басқа караматейре аға карапайым матейре секті ашіретеді деп түжірум даялды
1836,"Адамдар ежелден алтын, күміс және мыс сияқты негізгі химиялық элементтер туралы білді, өйткені олардың барлығын табиғатта табиғи түрде табуға болады және қарапайым құралдармен өндіру салыстырмалы түрде оңай.","Адамдар ешелден алтын, көміз және мыз сақты негізгі химиялғы алементтер туралы бәлді. Бүткені олардың барлығын табіғатта табегі түрде табуға болады, және карапайым қуралдарымен үндірің салстырмалы түрде оны.",адамдар ежелден алтын күміс және мыс сияқты негізгі химиялық элементтер туралы білді өйткені олардың барлығын табиғатта табиғи түрде табуға болады және қарапайым құралдармен өндіру салыстырмалы түрде оңай,адамдар ешелден алтын көміз және мыз сақты негізгі химиялғы алементтер туралы бәлді бүткені олардың барлығын табіғатта табегі түрде табуға болады және карапайым қуралдарымен үндірің салстырмалы түрде оны
1752,"Нәтижесінде балықтың екі түрі жойылып кетті, ал қалған екеуіне жойылып кету қаупі төнді, оның ішінде бүкір балық та бар.",Натегесінде балықтан екытірі жоеліпкетті. Ал қалған екеіуне жоеліпкеті қаупы түнді. Оның шынді бүкір балықтабар.,нәтижесінде балықтың екі түрі жойылып кетті ал қалған екеуіне жойылып кету қаупі төнді оның ішінде бүкір балық та бар,натегесінде балықтан екытірі жоеліпкетті ал қалған екеіуне жоеліпкеті қаупы түнді оның шынді бүкір балықтабар
1712,1966 жылдан бері Сундарбан жабайы жануарлар қорығы болған. Есептеулер бойынша қазіргі уақыта бұл аумақта 400 корольдік бенгал жолбарысы және шамамен 30 000 дақты бұғы бар.,"Мүн тұғығы жаупсалтыншызылдың бері Сундарбан жабайы жануарлар, қорғы болған, есептійулер бойныша қазырғы вақытта бұл аумақта түртчіз каролік бенғал жолбарысы жен ешама мен 30 мүн дақты болғы бар.",1966 жылдан бері сундарбан жабайы жануарлар қорығы болған есептеулер бойынша қазіргі уақыта бұл аумақта 400 корольдік бенгал жолбарысы және шамамен 30 000 дақты бұғы бар,мүн тұғығы жаупсалтыншызылдың бері сундарбан жабайы жануарлар қорғы болған есептійулер бойныша қазырғы вақытта бұл аумақта түртчіз каролік бенғал жолбарысы жен ешама мен 30 мүн дақты болғы бар
1942,Біз үйлерімізді өсімдіктерден жасаймыз және киімдерді өсімдіктерден жасаймыз. Біз жейтін тамақтардың көпшілігі өсімдіктер болып табылады. Өсімдіктерсіз жануарлар тірі қалмайтын еді.,"БәЗ елерімізді, өзімдіктер денкесейміз, жәнік емдерді, өзімдіктер денкесейміз. БәЗ жейтін тамақтардың көпчелегі, өзімдіктер болып таблады. өзімдіктер сіз жануорлар тәрык алмаетін еді.",біз үйлерімізді өсімдіктерден жасаймыз және киімдерді өсімдіктерден жасаймыз біз жейтін тамақтардың көпшілігі өсімдіктер болып табылады өсімдіктерсіз жануарлар тірі қалмайтын еді,бәз елерімізді өзімдіктер денкесейміз жәнік емдерді өзімдіктер денкесейміз бәз жейтін тамақтардың көпчелегі өзімдіктер болып таблады өзімдіктер сіз жануорлар тәрык алмаетін еді
2005,Бірақ құстарда динозаврдікіне ұқсайтын көп нәрселер әлі де бар.,"Бірік, қостарда диназа ұрдыканы қасайтын көп нәрселер әліде бар.",бірақ құстарда динозаврдікіне ұқсайтын көп нәрселер әлі де бар,бірік қостарда диназа ұрдыканы қасайтын көп нәрселер әліде бар
1682,"Оны кім жазғанын ешкім дәл білмегенімен, өмірінің басында үлкен пергамент құжат (оның өлшемі: 29¾ дюйм х 24½ дюйм) сақтау үшін оралғаны белгілі.","Оны қымджазған ешкім дәл білмейгенімен, өмірінің басында өлкен фергамен түкіжат. Оның өльшема, жүрматоғыз бүтін 4-3 дүйім, өветілген жүрматоғыз бүтін 2-1 дүйім сақтаушын оры алғаны белгіля.",оны кім жазғанын ешкім дәл білмегенімен өмірінің басында үлкен пергамент құжат оның өлшемі 293 4 дюйм х 241 2 дюйм сақтау үшін оралғаны белгілі,оны қымджазған ешкім дәл білмейгенімен өмірінің басында өлкен фергамен түкіжат оның өльшема жүрматоғыз бүтін 4 3 дүйім өветілген жүрматоғыз бүтін 2 1 дүйім сақтаушын оры алғаны белгіля
1726,Далаға сапарлар кез келген сынып бөлмесінің үлкен бөлігі болып табылады. Мұғалім оқушыларды автобуспен бару мүмкін емес жерлерге апарғысы келетіні айтарлықтай жиі боалды.,Далага сапарлар кеес келіген санып бөлмесінін үлкен бөлігі болып табылады. Могалым оқушыларды автолбүспен бары мүмкін емеселеге апарғысы келетін айтарлықтай жиңі болады.,далаға сапарлар кез келген сынып бөлмесінің үлкен бөлігі болып табылады мұғалім оқушыларды автобуспен бару мүмкін емес жерлерге апарғысы келетіні айтарлықтай жиі боалды,далага сапарлар кеес келіген санып бөлмесінін үлкен бөлігі болып табылады могалым оқушыларды автолбүспен бары мүмкін емеселеге апарғысы келетін айтарлықтай жиңі болады
1893,"Сундарбандар - әлемдегі ең үлкен жағалаудағы мангр тоғайының белдеуі, жағалаудан Бангладеш пен Үндістанның ішкі аудандарына дейін 80 км (50 миль) созылып жатыр.","Сундар-Бандар әлемдегі ең үлкін жағалоудағы манғыр тоғайының білдііі. Чағалоудан Банғладышбен үнтүстанның үшкі аудандарма дең 80 келаметір, елі милі созлыб жатар.",сундарбандар әлемдегі ең үлкен жағалаудағы мангр тоғайының белдеуі жағалаудан бангладеш пен үндістанның ішкі аудандарына дейін 80 км 50 миль созылып жатыр,сундар бандар әлемдегі ең үлкін жағалоудағы манғыр тоғайының білдііі чағалоудан банғладышбен үнтүстанның үшкі аудандарма дең 80 келаметір елі милі созлыб жатар
1853,"Джанкарло Фисичелла көлігін басқаруды жоғалтып, жарысты старттан кейін көп ұзамай аяқтады.",Жанкарло физичелі көліңін басхаруды жоғалды бүрің жарсты стартан кейін көп замайы айықтады.,джанкарло фисичелла көлігін басқаруды жоғалтып жарысты старттан кейін көп ұзамай аяқтады,жанкарло физичелі көліңін басхаруды жоғалды бүрің жарсты стартан кейін көп замайы айықтады
1951,"2002 жылы Гома қаласының көптеген көшелерін, әсіресе қала орталығындағы көшелері Нирагонго жанартауынан аққан лавамен жойылды.","Екімің екінші жылы, Қома қаласын көптеген көшелерін, Әсересі қала ұрталыңдағы көшелері Нира Гонға, Ченартауна наққан лаба мен жоилды.",2002 жылы гома қаласының көптеген көшелерін әсіресе қала орталығындағы көшелері нирагонго жанартауынан аққан лавамен жойылды,екімің екінші жылы қома қаласын көптеген көшелерін әсересі қала ұрталыңдағы көшелері нира гонға ченартауна наққан лаба мен жоилды
1885,"22:00-23: 00 аралығында (MDT), аулада тұрған сотталғандай өрт шығарды.",Жірмайықын өлініл жірмаышн өлініл аралығында әмдити алладатүрған сотталғанда еңірт шығарда.,22 00 23 00 аралығында mdt аулада тұрған сотталғандай өрт шығарды,жірмайықын өлініл жірмаышн өлініл аралығында әмдити алладатүрған сотталғанда еңірт шығарда
1956,Тауарларды тасымалдау үшін кемелерді пайдалану әзірше адамдардың және тауарлардың үлкен мөлшерлерін мұхиттарда жылжытудың ең тиімді жолы болып табылады.,"Таварларды тасмалда ошын кемелерді пайдоланығы әзірсе адымдардың, және таварлардың үлкен мөлшерлерін мақыттарда жылстудың еңтейімді жолы болып табылады.",тауарларды тасымалдау үшін кемелерді пайдалану әзірше адамдардың және тауарлардың үлкен мөлшерлерін мұхиттарда жылжытудың ең тиімді жолы болып табылады,таварларды тасмалда ошын кемелерді пайдоланығы әзірсе адымдардың және таварлардың үлкен мөлшерлерін мақыттарда жылстудың еңтейімді жолы болып табылады
2001,"Саяхаттаушыларға өз аумағына әсер ететін ауыр ауа райының кез келген қаупі туралы хабардар болу туралы кеңес беріледі, өйткені олар барлық саяхаттау туралы жоспарларға әсер етуі мүмкін.","Саехаттав шларыға, өзе ұмағна әсерететін, ауыр ауа райанен кейсгілген каупы тұралы, хабардар болу тұралы, кенесбері леді. Бүткені, олар барлық саехаттав тұралы жүспарылырға әсер етуымым көлін.",саяхаттаушыларға өз аумағына әсер ететін ауыр ауа райының кез келген қаупі туралы хабардар болу туралы кеңес беріледі өйткені олар барлық саяхаттау туралы жоспарларға әсер етуі мүмкін,саехаттав шларыға өзе ұмағна әсерететін ауыр ауа райанен кейсгілген каупы тұралы хабардар болу тұралы кенесбері леді бүткені олар барлық саехаттав тұралы жүспарылырға әсер етуымым көлін
2002,Бұл ойыншыларға бейне ойындардағы әрекеттер мен қозғалыстарды құрылғыны ауада қозғалту арқылы басқаруға мүмкіндік береді.,"Бұл, оыншыларға, бені оындардағы әрекеттермін козғалстарды құрылғыныы, ауады козғалдуарқалы басқаруға мүмкіндің береді.",бұл ойыншыларға бейне ойындардағы әрекеттер мен қозғалыстарды құрылғыны ауада қозғалту арқылы басқаруға мүмкіндік береді,бұл оыншыларға бені оындардағы әрекеттермін козғалстарды құрылғыныы ауады козғалдуарқалы басқаруға мүмкіндің береді
1807,"Итальян тілі мемлекетте жұмыс істейтіндердің көпшілігі қолданатын күнделікті тілі, ал латын тілі діни рәсімдерде жиі қолданылады.","Итальянталы, мемлекетте жемосыстейтіндерден көпшіліғі қолданыатың қынделіқті төті, Аллатынталы, дәній әсіндерді жейі қолданылады.",итальян тілі мемлекетте жұмыс істейтіндердің көпшілігі қолданатын күнделікті тілі ал латын тілі діни рәсімдерде жиі қолданылады,итальянталы мемлекетте жемосыстейтіндерден көпшіліғі қолданыатың қынделіқті төті аллатынталы дәній әсіндерді жейі қолданылады
1826,"Апаттан соң Гибсон ауруханаға жеткізілді, бірақ аз уақыт өтпей қайтыс болды.","Аппаттан сон гипсын ауру ханага жейткізілді, бірақ аз уақытуетпей қайтыз болды.",апаттан соң гибсон ауруханаға жеткізілді бірақ аз уақыт өтпей қайтыс болды,аппаттан сон гипсын ауру ханага жейткізілді бірақ аз уақытуетпей қайтыз болды
2006,"Кальций және калий сияқты элементтер металдар болып саналады. Әрине, күміс және алтын сияқты металдар да бар.","Кальцы и және калей сияқты элементер металдар болып саналады. Арине, түміз және алтын сияқты металдарды бар.",кальций және калий сияқты элементтер металдар болып саналады әрине күміс және алтын сияқты металдар да бар,кальцы и және калей сияқты элементер металдар болып саналады арине түміз және алтын сияқты металдарды бар
1761,Кейінірек дәретханаға сұранған егде жастағы әйелдің орнын фотографтар алмастырды. Мендоза атып тасталынды.,"Кейнерек, бәрет ханага сүранған еңде жастағы айелті мұрнан, фотографтор алмастырды, мен дозі атып тастауныды.",кейінірек дәретханаға сұранған егде жастағы әйелдің орнын фотографтар алмастырды мендоза атып тасталынды,кейнерек бәрет ханага сүранған еңде жастағы айелті мұрнан фотографтор алмастырды мен дозі атып тастауныды
1957,Ол сыбыстарды «саяси әңгімелер мен ақымақтық» деп есептеді.,Уол үлстарда сайаси әнгмелермен ақмақтықты бөсіптейлі.,ол сыбыстарды саяси әңгімелер мен ақымақтық деп есептеді,уол үлстарда сайаси әнгмелермен ақмақтықты бөсіптейлі
1997,Алайда туберкулезбен ауыратын адамдардың бүкіл тобындағы XDR-ТБ пайызы әлі де төмен болып көрінеді; Оңтүстік Африкада әрбір сәтте жалпы 330 000 адамның 6 мыңы ауру жұқтырады.,Алайда туберкелізмен аваратын адамдардың бұкул туабындағы XDR-TB-пайзы әледетімін болып көріне де. Уұмктытың африкады әрбір сетде жалпы 330-мұң адамдың 6-мұңы аваруу жұқ тұрада.,алайда туберкулезбен ауыратын адамдардың бүкіл тобындағы xdr тб пайызы әлі де төмен болып көрінеді оңтүстік африкада әрбір сәтте жалпы 330 000 адамның 6 мыңы ауру жұқтырады,алайда туберкелізмен аваратын адамдардың бұкул туабындағы xdr tb пайзы әледетімін болып көріне де уұмктытың африкады әрбір сетде жалпы 330 мұң адамдың 6 мұңы аваруу жұқ тұрада
2008,Балидегі күн тәртібіндегі басқа тақырыптарға әлемнің қалған ормандарын сақтау және дамушы елдерге азырақ ластайтын жолмен өсуіне көмектесу үшін технологияларды бөлісу кіреді.,Валидегі қүнтерті үндегі басқа тахрыптарға әлемің қалған нормандарын сақта о және дамушы елдерге азрақ ластайтын жолмен өсууне қүміптесі үшін технологияларды бөлсіғі реді.,балидегі күн тәртібіндегі басқа тақырыптарға әлемнің қалған ормандарын сақтау және дамушы елдерге азырақ ластайтын жолмен өсуіне көмектесу үшін технологияларды бөлісу кіреді,валидегі қүнтерті үндегі басқа тахрыптарға әлемің қалған нормандарын сақта о және дамушы елдерге азрақ ластайтын жолмен өсууне қүміптесі үшін технологияларды бөлсіғі реді
1690,"USOC ұйымының атлеттердің және клубтардың әрі олардың спорт түрлерінің мүдделеріне лицензиядан айыру орнына, ұйымымызда мағыналы өзгеріс жасау арқылы жақсырақ қызмет көрсетуге болатынымен келіседі.","USOC өйумының атлеттердің, және қлуптардың, әрі өлардың спортерлерінің мүдделеріні, лицензеедің, айыру орнының, өйумымызды мағаналы өзгеріше сауарқалы жақсырат қізмет көршетіңі болатынымен келеседі.",usoc ұйымының атлеттердің және клубтардың әрі олардың спорт түрлерінің мүдделеріне лицензиядан айыру орнына ұйымымызда мағыналы өзгеріс жасау арқылы жақсырақ қызмет көрсетуге болатынымен келіседі,usoc өйумының атлеттердің және қлуптардың әрі өлардың спортерлерінің мүдделеріні лицензеедің айыру орнының өйумымызды мағаналы өзгеріше сауарқалы жақсырат қізмет көршетіңі болатынымен келеседі
1850,"Бұл оған егер базалық станцияда екі радио болса, 802.1 a, 802.11b және 802.11g ережелерімен қайта үйлесімді болуға мүмкіндік береді.","Бұл ұған егер базал қыстансейді егер адео болса, сегұржыз егі бытн оннамбір аа, сегұржыз егі бытн оннамбір бы, чәне сегұржыз егі бытн оннамбір ү, ережелермен қайта елесінді бұл ұға мүкіндік береді.",бұл оған егер базалық станцияда екі радио болса 802 1 a 802 11b және 802 11g ережелерімен қайта үйлесімді болуға мүмкіндік береді,бұл ұған егер базал қыстансейді егер адео болса сегұржыз егі бытн оннамбір аа сегұржыз егі бытн оннамбір бы чәне сегұржыз егі бытн оннамбір ү ережелермен қайта елесінді бұл ұға мүкіндік береді
1995,"Виртуалдық дамытатын оқыту бағдарламалық құралға кірістірілген. Олар оқушының өз бетімен түсінуіне қиын болған болуы мүмкін процедуралар туралы сұрақтар қоюға, кеңестер беруге және түсіндіруге арналған.","Виртуалдық тамтат нықту бағдарлам ал қорыл. Коралға керстелген, олар оқушын үзбетмен түсіні үнеқкін болған болу мүкім працедурылар туралы сұрақтар койуға кенүстер бейруге, және түсін біріңгей әрналған.",виртуалдық дамытатын оқыту бағдарламалық құралға кірістірілген олар оқушының өз бетімен түсінуіне қиын болған болуы мүмкін процедуралар туралы сұрақтар қоюға кеңестер беруге және түсіндіруге арналған,виртуалдық тамтат нықту бағдарлам ал қорыл коралға керстелген олар оқушын үзбетмен түсіні үнеқкін болған болу мүкім працедурылар туралы сұрақтар койуға кенүстер бейруге және түсін біріңгей әрналған
1672,Матаның тым ыстық болуына жол бермеңіз (бұл қысқаруға немесе күюіне себеп болуы мүмкін).,Матаның тым ыстық болууна жол берменіңіз. Бұл қықаруған емесі күйңіне сөп болуу мүнкін.,матаның тым ыстық болуына жол бермеңіз бұл қысқаруға немесе күюіне себеп болуы мүмкін,матаның тым ыстық болууна жол берменіңіз бұл қықаруған емесі күйңіне сөп болуу мүнкін
1992,"«Сафари» терминінің кең таралған мағынасы Африканың таң қалдыратын жабайы табиғатын, әсіресе саваннаны көруге жер бетімен саяхаттауды білдіреді.","Сафари Термейінінің кенг таралға мағнасы африканың танқалдыратың жовае табилатын, асресі савананы көріге жірбетмен сәхаттауды білдереді.",сафари терминінің кең таралған мағынасы африканың таң қалдыратын жабайы табиғатын әсіресе саваннаны көруге жер бетімен саяхаттауды білдіреді,сафари термейінінің кенг таралға мағнасы африканың танқалдыратың жовае табилатын асресі савананы көріге жірбетмен сәхаттауды білдереді
1750,Сондай-ақ бұл ашу құстар қауырсындарының эволюциясына көрініс береді.,"Сондаяқ, бола шуқстар, каурысындарының эвалюксесіні көріні спередім.",сондай ақ бұл ашу құстар қауырсындарының эволюциясына көрініс береді,сондаяқ бола шуқстар каурысындарының эвалюксесіні көріні спередім
1738,Сондай-ақ ол суға кірген кез келген нәрсеге шабуылдайтын; тіпті тиранозавр сияқты алып динозавр да оған тең келмейтін.,"Сондаяқ, ол-суға қырген кескілгіндер сегі Шабулдайтын тіпті тираназавыр сияқты алып диназавырда оған тен кермейдін.",сондай ақ ол суға кірген кез келген нәрсеге шабуылдайтын тіпті тиранозавр сияқты алып динозавр да оған тең келмейтін,сондаяқ ол суға қырген кескілгіндер сегі шабулдайтын тіпті тираназавыр сияқты алып диназавырда оған тен кермейдін
1995,"Виртуалдық дамытатын оқыту бағдарламалық құралға кірістірілген. Олар оқушының өз бетімен түсінуіне қиын болған болуы мүмкін процедуралар туралы сұрақтар қоюға, кеңестер беруге және түсіндіруге арналған.","Віртуалдық дамытатін оқыту бақтарла малық қралға қрыстерілге. Олар оқушының өз бетмен түсінуне, қейін болған болу үмкін процедурылар туралы, срактар қойуға, кенестер беріге, женет үсін дүріге, арналған.",виртуалдық дамытатын оқыту бағдарламалық құралға кірістірілген олар оқушының өз бетімен түсінуіне қиын болған болуы мүмкін процедуралар туралы сұрақтар қоюға кеңестер беруге және түсіндіруге арналған,віртуалдық дамытатін оқыту бақтарла малық қралға қрыстерілге олар оқушының өз бетмен түсінуне қейін болған болу үмкін процедурылар туралы срактар қойуға кенестер беріге женет үсін дүріге арналған
1884,Атап айтқанда адамның бетіндегі микро өзгерістерді түсіндіру арқылы оның өтірік айтуын анықтауға болады.,"Ата байтықанда адамның бетінде үгі микроізгерістерді түсіндір уарқалы, оның өтері қайты он анықтавға болады.",атап айтқанда адамның бетіндегі микро өзгерістерді түсіндіру арқылы оның өтірік айтуын анықтауға болады,ата байтықанда адамның бетінде үгі микроізгерістерді түсіндір уарқалы оның өтері қайты он анықтавға болады
1759,"29 жасар д-р Малар Баласубраманиан, Цинциннатиден шамамен 15 миля солтүстікке қарай орналасқан Огайо, Блю Эште табылды. Ол жолдың бойында жерде футболкада және ішкиімде жатты. Ол көп дәрі ішкен күйде болып көрінді.","Черматы овыр жасар дыра малар, Валасу Врама Ниян, Цин-Цинья Ти-Ди-Ден, Шамамен, Омбис Мильясоу, ке қарай орналыстан Агайа, Блю Эште табылды. Вол жоылдың бойында, черде футбол када және шікеймді жатда, Вол көпдер шыңгюді болып көрінде.",29 жасар д р малар баласубраманиан цинциннатиден шамамен 15 миля солтүстікке қарай орналасқан огайо блю эште табылды ол жолдың бойында жерде футболкада және ішкиімде жатты ол көп дәрі ішкен күйде болып көрінді,черматы овыр жасар дыра малар валасу врама ниян цин цинья ти ди ден шамамен омбис мильясоу ке қарай орналыстан агайа блю эште табылды вол жоылдың бойында черде футбол када және шікеймді жатда вол көпдер шыңгюді болып көрінде
1755,Бір бомба генерал-губернатор кеңсесінің сыртында жарылды.,Бұр бомба генерақу губерінаторы кенген сезінін сүртінда жарлыда.,бір бомба генерал губернатор кеңсесінің сыртында жарылды,бұр бомба генерақу губерінаторы кенген сезінін сүртінда жарлыда
1874,"Кейбір адамдар оныкі дұрыс деп ойлады, бірақ көп адам қарама-қарсы нәрсеге сенді; күн жүйесі, соның ішінде күн (және тіпті басқа жұлдыздар) жерді айналды деп ойлады.","Кейбір адамды ар, онықы дұруст еп ойлады, бірақ көйбадам қарамағарысын әрсе гейсеніде. Кін жиесы, сонынышыңдей күн, және тепті бас кажылдызды ар, жерді айналды деп ойлады.",кейбір адамдар оныкі дұрыс деп ойлады бірақ көп адам қарама қарсы нәрсеге сенді күн жүйесі соның ішінде күн және тіпті басқа жұлдыздар жерді айналды деп ойлады,кейбір адамды ар онықы дұруст еп ойлады бірақ көйбадам қарамағарысын әрсе гейсеніде кін жиесы сонынышыңдей күн және тепті бас кажылдызды ар жерді айналды деп ойлады
1913,"Жолбарыстың ақыруы арыстанның бар күшімен ақыруына ұқсамайды, ол ақырып қатты айтқан сөздерге көбірек ұқсайды.","Жол барыстын ақыруы, арыстанның бар кышмен ақырууна қысамайды. Оол ақырық қатты айтқанысіздерге көберек қықсайды.",жолбарыстың ақыруы арыстанның бар күшімен ақыруына ұқсамайды ол ақырып қатты айтқан сөздерге көбірек ұқсайды,жол барыстын ақыруы арыстанның бар кышмен ақырууна қысамайды оол ақырық қатты айтқанысіздерге көберек қықсайды
1881,Виртуалды түрде экскурсияны көрсету де экскурсия туралы пікір жинау және келешек сабақтарда тәжірибемен алмасу үшін керемет мүмкіндік.,"Виртуалды түрде экскурсианы курсету де экскурсия туралы Пыкарджу-Нау, чені келешек сабақтарда тежербемен алмазушін кереметі мүңғындык.",виртуалды түрде экскурсияны көрсету де экскурсия туралы пікір жинау және келешек сабақтарда тәжірибемен алмасу үшін керемет мүмкіндік,виртуалды түрде экскурсианы курсету де экскурсия туралы пыкарджу нау чені келешек сабақтарда тежербемен алмазушін кереметі мүңғындык
1665,Жылыстаған мәліметтерге сәйкес құжат 1967 жылғы Таяу Шығыс соғысына дейінгі шекаралары негізінде Палестина қалайтын шекаралар дауына қатысты болады.,"Жылыстаған мәлеметтерге 8 қүжат мүнті орыжалп спетінчі жылы, тае ошықы сауысна деңі шекараларын еңізінен палистейны қалайтын шекараларыдауына қатсты болады.",жылыстаған мәліметтерге сәйкес құжат 1967 жылғы таяу шығыс соғысына дейінгі шекаралары негізінде палестина қалайтын шекаралар дауына қатысты болады,жылыстаған мәлеметтерге 8 қүжат мүнті орыжалп спетінчі жылы тае ошықы сауысна деңі шекараларын еңізінен палистейны қалайтын шекараларыдауына қатсты болады
1897,"Аймақ солтүстігінде Сахельмен шекаралас, ал оңтүстігі мен батысында Атлант мұхитымен шектеседі.",Айманғ солстығынде сахелмен шекаралас ал үңтстығымен баатсында атлант муқитумен шықтеседі.,аймақ солтүстігінде сахельмен шекаралас ал оңтүстігі мен батысында атлант мұхитымен шектеседі,айманғ солстығынде сахелмен шекаралас ал үңтстығымен баатсында атлант муқитумен шықтеседі
1859,Орта ғасырлардың соңына қарай Батыс Еуропа өз стилін дамыта бастады. Бұл уақыттағы кірескерлердің нәтижесіндегі ең үлкен дамуларының бірі болып адамдардың киімін жабу үшін түймелерді пайдалануы табылады.,"Портаға сұрлардың сонуна қарай, Батазеуропа өстелін дамыда бастады. Бұл вақттағы крескелердің әтшесіндегі еңілкен дамуларының бәрі болып адамдардың кеймен жабушын тюмелерді пайдаланыуы табылады.",орта ғасырлардың соңына қарай батыс еуропа өз стилін дамыта бастады бұл уақыттағы кірескерлердің нәтижесіндегі ең үлкен дамуларының бірі болып адамдардың киімін жабу үшін түймелерді пайдалануы табылады,портаға сұрлардың сонуна қарай батазеуропа өстелін дамыда бастады бұл вақттағы крескелердің әтшесіндегі еңілкен дамуларының бәрі болып адамдардың кеймен жабушын тюмелерді пайдаланыуы табылады
1742,Гонконг аралы Гонконгтың аумағына өз атауын береді және көптеген туристер басты назар аударатын орын болып табылады.,"Ган-конг аралы, ган-конг түн алмага үс аталым берді, және қыптеген туристер басты-назар аударатын орын болып табылады.",гонконг аралы гонконгтың аумағына өз атауын береді және көптеген туристер басты назар аударатын орын болып табылады,ган конг аралы ган конг түн алмага үс аталым берді және қыптеген туристер басты назар аударатын орын болып табылады
1676,"Барлық Оңтүстік Африка ұлттық саябақтарындағыдай, саябаққа кіруде экологиялық салым және кіру ақысы төленеді.","Парлығуғыңтыстығ африко алықтық сайвақтарындағыдай, сайваққа құрыды екологиялық салым, және құры ақсы төленеді.",барлық оңтүстік африка ұлттық саябақтарындағыдай саябаққа кіруде экологиялық салым және кіру ақысы төленеді,парлығуғыңтыстығ африко алықтық сайвақтарындағыдай сайваққа құрыды екологиялық салым және құры ақсы төленеді
1946,"Күшін жою ережелері әр түрлі болып келеді, бірақ наурыз айының ақырынан бастап коронавирустық негіздегі көптеген жою ережелері Олимпиада жоспарланған 2020 жылдың шілде айына дейін қолданылмайды.","Кушын жойу вирежелері әртүлі болып келеді. Бірақ науруз айының ахарынан бастап қараныың еңістің, негіздегі көптегің жойу вирежелері, алимпиада жосварланың үкімің чермайыжылдың, шылде айына дейін қолданылмайды.",күшін жою ережелері әр түрлі болып келеді бірақ наурыз айының ақырынан бастап коронавирустық негіздегі көптеген жою ережелері олимпиада жоспарланған 2020 жылдың шілде айына дейін қолданылмайды,кушын жойу вирежелері әртүлі болып келеді бірақ науруз айының ахарынан бастап қараныың еңістің негіздегі көптегің жойу вирежелері алимпиада жосварланың үкімің чермайыжылдың шылде айына дейін қолданылмайды
1881,Виртуалды түрде экскурсияны көрсету де экскурсия туралы пікір жинау және келешек сабақтарда тәжірибемен алмасу үшін керемет мүмкіндік.,"Виртуалды түрде экскурсияны қорсету де экскурсия туралы пықыр жинау, чәне келешек сабақтарда тәжірбемен алмазу үшін керемен түмін қүндіпк.",виртуалды түрде экскурсияны көрсету де экскурсия туралы пікір жинау және келешек сабақтарда тәжірибемен алмасу үшін керемет мүмкіндік,виртуалды түрде экскурсияны қорсету де экскурсия туралы пықыр жинау чәне келешек сабақтарда тәжірбемен алмазу үшін керемен түмін қүндіпк
1833,Философия ғұламасы Аристотель әрбір заттың төрт элементтің біреуінен немесе бірнешесінен жасалған деген теория құрған.,"Фиуасофия қыламасы Аристотел, әрбір заттың түрт елементтың біріңін немесі бірне ешесінен ӣцесалғам деген теория қорған.",философия ғұламасы аристотель әрбір заттың төрт элементтің біреуінен немесе бірнешесінен жасалған деген теория құрған,фиуасофия қыламасы аристотел әрбір заттың түрт елементтың біріңін немесі бірне ешесінен ӣцесалғам деген теория қорған
1795,"1988 жылдан бері сайлау жәшіктері мөлдір болуы керек, сонда дауыс берушілер мен бақылаушылар дауыс беру басталған кезде ешқандай хатқалталар жоқ екеніне және тиісті түрде есептелген және рұқсат етілген сайлаушылардың хатқалталарынан басқа хатқалталар қосылмағанына куәгер бола алады.",Мүн тұуғығығығығығығығығығығығығығығығығығығығығығығығығығығығығығығығығығығығығығығығығығығығығығығығығығығығығығығығығығығығығығығығығығығығығығығығы,1988 жылдан бері сайлау жәшіктері мөлдір болуы керек сонда дауыс берушілер мен бақылаушылар дауыс беру басталған кезде ешқандай хатқалталар жоқ екеніне және тиісті түрде есептелген және рұқсат етілген сайлаушылардың хатқалталарынан басқа хатқалталар қосылмағанына куәгер бола алады,мүн тұуғығығығығығығығығығығығығығығығығығығығығығығығығығығығығығығығығығығығығығығығығығығығығығығығығығығығығығығығығығығығығығығығығығығығығығығығы
1866,"Біріншіден, шабандоздардың көпшілігі өкшесі және тегіс, айтарлықтай енсіз табаны бар салт жүріске арналған етікті киеді.",Бірінчелден шабан доздартым көпшілегі үкші есі және Тегіз айтарлықтай ейенесіз табаны барысалд жөрске арналған етыкді кияді.,біріншіден шабандоздардың көпшілігі өкшесі және тегіс айтарлықтай енсіз табаны бар салт жүріске арналған етікті киеді,бірінчелден шабан доздартым көпшілегі үкші есі және тегіз айтарлықтай ейенесіз табаны барысалд жөрске арналған етыкді кияді
1702,Бар болғаны екі аптада американдықтар және еркін француз күштері оңтүстік Францияны босатты және Германияға қарай бұрылып жатты.,"Бар болғаны лейкі аптады американдықтар және еркін француз күштері үнтстік франсианы бөсатты, және германияғы қарай бұрылып жатты.",бар болғаны екі аптада американдықтар және еркін француз күштері оңтүстік францияны босатты және германияға қарай бұрылып жатты,бар болғаны лейкі аптады американдықтар және еркін француз күштері үнтстік франсианы бөсатты және германияғы қарай бұрылып жатты
1821,Ми патологиялары мен іс-қимыл арасындағы байланыс ғалымдарды олардың зерттеулерінде қолдайды.,"Ми патологиалы мен үскимыл арасындағы байланыз, хаундарды ұлардың зелтейулерінде қолдайда.",ми патологиялары мен іс қимыл арасындағы байланыс ғалымдарды олардың зерттеулерінде қолдайды,ми патологиалы мен үскимыл арасындағы байланыз хаундарды ұлардың зелтейулерінде қолдайда
1763,"Дәл ай жерді тартып, судың көтерілуіне әкелетіндей, Құс жолы да Мерген галактикасына күш түсіреді.",Дәл ай жерді тартып судын көтеріліуне әкелетінді құс жолыда меркен галактикасына құшты сүреді.,дәл ай жерді тартып судың көтерілуіне әкелетіндей құс жолы да мерген галактикасына күш түсіреді,дәл ай жерді тартып судын көтеріліуне әкелетінді құс жолыда меркен галактикасына құшты сүреді
1742,Гонконг аралы Гонконгтың аумағына өз атауын береді және көптеген туристер басты назар аударатын орын болып табылады.,"Гангконкаралы үзі таунағына өзі тауна береді, және көптегін туристер бастын азар аудараты үнүрің болып табылады.",гонконг аралы гонконгтың аумағына өз атауын береді және көптеген туристер басты назар аударатын орын болып табылады,гангконкаралы үзі таунағына өзі тауна береді және көптегін туристер бастын азар аудараты үнүрің болып табылады
1990,"Сондай-ақ блогтар оқушылардың жазуын жақсартуға көмектеседі. Оқушылар блог тәжірибесін көбінесе немқұрайлы грамматикамен және емлемен бастағанымен, аудиторияның болуы әдетте бұл жағдайды өзгертеді.","Сондаяқ блоктар окушылардың жазуғуң жақсартуға көміктесері. Окушылар блоктежір беесін көбенесе немқұрайлы Қраматикамен жене, емлемен, бастағанмен аудиторияның болу әдетте был жақдайды өзгертеді.",сондай ақ блогтар оқушылардың жазуын жақсартуға көмектеседі оқушылар блог тәжірибесін көбінесе немқұрайлы грамматикамен және емлемен бастағанымен аудиторияның болуы әдетте бұл жағдайды өзгертеді,сондаяқ блоктар окушылардың жазуғуң жақсартуға көміктесері окушылар блоктежір беесін көбенесе немқұрайлы қраматикамен жене емлемен бастағанмен аудиторияның болу әдетте был жақдайды өзгертеді
1694,"Балалар асырап алған ата-анаға көп себептермен беріледі: салақтық, қиянат ету және тіпті ақша талап ету.","Балылар асра болған атаңыға көп субебтермен берледі. Салақтық, қиянат ету және тіпті ақша талабету.",балалар асырап алған ата анаға көп себептермен беріледі салақтық қиянат ету және тіпті ақша талап ету,балылар асра болған атаңыға көп субебтермен берледі салақтық қиянат ету және тіпті ақша талабету
1841,"Жоғарыдағы ашық, әдемі аспаннан және көптеген қоршаған таулардан басқа ештеңе көрінбейді. Үңгір ішінен бұл дүниенің өте аз бөлігін көруге немесе естуге болады.","Жоғардағы, ашық, әдемі аспаннан және көптегін көршіған тавлардан басқа ештене көрін бейді. Құнғырышынен болдыняның өте азбілің көріге немесе естіге болады.",жоғарыдағы ашық әдемі аспаннан және көптеген қоршаған таулардан басқа ештеңе көрінбейді үңгір ішінен бұл дүниенің өте аз бөлігін көруге немесе естуге болады,жоғардағы ашық әдемі аспаннан және көптегін көршіған тавлардан басқа ештене көрін бейді құнғырышынен болдыняның өте азбілің көріге немесе естіге болады
1879,"Жаңа бірдеңе пайда боғланда, пернетақта неге айналатыны туралы болжамдар жасауға ғана болады.","Жаға бірденге байда болғланды, бе ренетахтан еге айылатыны тұраула болғландар жасауға қаған а болады.",жаңа бірдеңе пайда боғланда пернетақта неге айналатыны туралы болжамдар жасауға ғана болады,жаға бірденге байда болғланды бе ренетахтан еге айылатыны тұраула болғландар жасауға қаған а болады
1740,Пирамида дыбыс және жарық шоуы балаларға арналған аумақтағы ең қызық нәрселердің бірі болып табылады.,"Пирамиды, да бас және жарық шоуы, балаларға арналған алмақтағы, ең қызықнар селердің бәрі болып таблады.",пирамида дыбыс және жарық шоуы балаларға арналған аумақтағы ең қызық нәрселердің бірі болып табылады,пирамиды да бас және жарық шоуы балаларға арналған алмақтағы ең қызықнар селердің бәрі болып таблады
1736,Роландо Мендоза M16 мылтығымен туристтерге оқ жаудырды.,Роланды мен Доза М16 Молтығ мен туристерге Вок Чаударда.,роландо мендоза m16 мылтығымен туристтерге оқ жаудырды,роланды мен доза м16 молтығ мен туристерге вок чаударда
1847,Оны Сингапур премьер-министрінің орынбасары Вонг Кан Сенг күтіп алды және ол Сингапурдың премьер-министрі Ли Сьен Лунмен сауда және терроризм мәселелерін талқылады.,"Оны Сингапур премер министерін ұрум басары вон қаншон қытыбалда, Ченевол Сингапурдың премер министер Ли Сион Лунмен Саудажаны Терроризм үселлерін талхуады.",оны сингапур премьер министрінің орынбасары вонг кан сенг күтіп алды және ол сингапурдың премьер министрі ли сьен лунмен сауда және терроризм мәселелерін талқылады,оны сингапур премер министерін ұрум басары вон қаншон қытыбалда ченевол сингапурдың премер министер ли сион лунмен саудажаны терроризм үселлерін талхуады
1785,"Құрылыс ағаштары - бұл оқыту әдісі емес, жаңа компьютерлік бағдарламаны пайдалану немесе жаңа жобаны бастау секілді жаңа оқу тәжірибесінен өтіп жатқан жеке тұлғаларға қолдау көрсететін көмек түрі.","Күрліз ағаштара бұл оқту әдсі емес, жаға компьютерлік бағдарламаны пайдаланы, өнимесе жаға жоу баны бастау секілді, жаға оқу тәжірбесінен вөтіп чаткан дүкет тұлғаларға қолдау көрсететін комектері.",құрылыс ағаштары бұл оқыту әдісі емес жаңа компьютерлік бағдарламаны пайдалану немесе жаңа жобаны бастау секілді жаңа оқу тәжірибесінен өтіп жатқан жеке тұлғаларға қолдау көрсететін көмек түрі,күрліз ағаштара бұл оқту әдсі емес жаға компьютерлік бағдарламаны пайдаланы өнимесе жаға жоу баны бастау секілді жаға оқу тәжірбесінен вөтіп чаткан дүкет тұлғаларға қолдау көрсететін комектері
1979,"Фолкленд аралының ресми валютасы - Фолкленд фунты (FKP), оның құны Британдық бір фунтқа (GBP) теңестірілген.",Folklent ұралының рисми валютасы Folklent Founta FKP ұныңқыны Британдық бір фунтка Gbp-тенес-трелген.,фолкленд аралының ресми валютасы фолкленд фунты fkp оның құны британдық бір фунтқа gbp теңестірілген,folklent ұралының рисми валютасы folklent founta fkp ұныңқыны британдық бір фунтка gbp тенес трелген
1662,Қорытпалар негізінен екі немесе одан да көп металдардың қоспасы болып табылады. Периодты кестеде көптеген элементтер бар екенін ұмытпаңыз.,Корпалы арнегзен екін емесе өданды көп металдарның коспасы болып тавлады. Периотты кеседе көптеген элементтер бар егенің онып баңыз.,қорытпалар негізінен екі немесе одан да көп металдардың қоспасы болып табылады периодты кестеде көптеген элементтер бар екенін ұмытпаңыз,корпалы арнегзен екін емесе өданды көп металдарның коспасы болып тавлады периотты кеседе көптеген элементтер бар егенің онып баңыз
1776,"Бір түн ішінде 150-ден 200-ге дейін көшірмелер жасалып, олар қазір «Dunlap broadsides» ретінде белгілі.","Бұртүн үшінді жүзелуден үкүшізге дең күшірмелер Қасалып, олар қазыр Дунлап Бұррт сайды сүретінде белгілі.",бір түн ішінде 150 ден 200 ге дейін көшірмелер жасалып олар қазір dunlap broadsides ретінде белгілі,бұртүн үшінді жүзелуден үкүшізге дең күшірмелер қасалып олар қазыр дунлап бұррт сайды сүретінде белгілі
1724,Ол шамамен 400 жылдан бастап салтанаттың эпицентріне ретінде белгілі болды және шамамен 1100 жылға дейін созылды.,Ол самамен түр жізін шыжылдан бастап Салтанаттын эпицентріне ретінде бейлгілі болда Жені шамамен бірмін жізін шыжылғадеім созылда.,ол шамамен 400 жылдан бастап салтанаттың эпицентріне ретінде белгілі болды және шамамен 1100 жылға дейін созылды,ол самамен түр жізін шыжылдан бастап салтанаттын эпицентріне ретінде бейлгілі болда жені шамамен бірмін жізін шыжылғадеім созылда
1974,Сол принцип бойынша ер адамдар тізелерін жауып тұратын шалбар кию керек.,Сол-принцип бойінша ер адамдар тезелерін жауап түратныш албарки югерек.,сол принцип бойынша ер адамдар тізелерін жауып тұратын шалбар кию керек,сол принцип бойінша ер адамдар тезелерін жауап түратныш албарки югерек
1740,Пирамида дыбыс және жарық шоуы балаларға арналған аумақтағы ең қызық нәрселердің бірі болып табылады.,Пирамидады бүс және жарығ шоуууууууууууууууууууууууууууууууууууууууууууууууууууууууууууууууууууууууууууууууууууууууууууууууууууууууууууууууууууууууууууууууууууууууууууууууууууууууууууууууууууууууууууууууууууууууууууууууууууууууууууу,пирамида дыбыс және жарық шоуы балаларға арналған аумақтағы ең қызық нәрселердің бірі болып табылады,пирамидады бүс және жарығ шоуууууууууууууууууууууууууууууууууууууууууууууууууууууууууууууууууууууууууууууууууууууууууууууууууууууууууууууууууууууууууууууууууууууууууууууууууууууууууууууууууууууууууууууууууууууууууууууууууууууууууууу
1979,"Фолкленд аралының ресми валютасы - Фолкленд фунты (FKP), оның құны Британдық бір фунтқа (GBP) теңестірілген.",Folklent ұралның рисми валютасы Folklent қунты FKP үніңғыны Британдық бұр құнтыға GBB Тенестерілген.,фолкленд аралының ресми валютасы фолкленд фунты fkp оның құны британдық бір фунтқа gbp теңестірілген,folklent ұралның рисми валютасы folklent қунты fkp үніңғыны британдық бұр құнтыға gbb тенестерілген
1982,"Әйелдер: Өздерінің шынайы отбасы жағдайына қарамастан, әйел жынысты саяхатшыларға тұрмыс құрған деп айтуға кеңес беріледі.","Айелдер, өздерін үкшін айоу отпасы жағдаына қарамастан, айел жүністі сайқасықтыларға тормыс хұрланды байтуға кенгес берледі.",әйелдер өздерінің шынайы отбасы жағдайына қарамастан әйел жынысты саяхатшыларға тұрмыс құрған деп айтуға кеңес беріледі,айелдер өздерін үкшін айоу отпасы жағдаына қарамастан айел жүністі сайқасықтыларға тормыс хұрланды байтуға кенгес берледі
1965,"Олар қауіпсіз жүзуге арналған құмды жағажайлардың барлығына дерлік, және олардың көпшілігінде похутукава ағаштарымен қамтамасыз етілген.","Олар қаупсіз жүзіңер налған қымда жақы жайлардың барлығына дерілык, және олардың қупшілігінде пақуты қаа баға жтарымен қамтамасыз етіліген.",олар қауіпсіз жүзуге арналған құмды жағажайлардың барлығына дерлік және олардың көпшілігінде похутукава ағаштарымен қамтамасыз етілген,олар қаупсіз жүзіңер налған қымда жақы жайлардың барлығына дерілык және олардың қупшілігінде пақуты қаа баға жтарымен қамтамасыз етіліген
1834,"Сонымен қатар солтүстігінде бүкіл әлемге әйгілі Мариан ғажабының орны болған, Фатимадағы Әйел ғибадатханасына барыңыз.","Сонымен қатар соу күстіңде бүгіл әлемге әйгілі Мариян қажабының орны болған, Фатимадағы әйел ғибадат қанасына барыныз.",сонымен қатар солтүстігінде бүкіл әлемге әйгілі мариан ғажабының орны болған фатимадағы әйел ғибадатханасына барыңыз,сонымен қатар соу күстіңде бүгіл әлемге әйгілі мариян қажабының орны болған фатимадағы әйел ғибадат қанасына барыныз
1914,Жиырмасыншы ғасырдағы зерттеу генетикалық вариацияның екі пулы бар екенін көрсетті: жасырын және көрінетін.,Чүрмасынышығ асылығы зерте генетик алық варият саның екапулы ай бар екені көрсетті. Часырын және көрнетін.,жиырмасыншы ғасырдағы зерттеу генетикалық вариацияның екі пулы бар екенін көрсетті жасырын және көрінетін,чүрмасынышығ асылығы зерте генетик алық варият саның екапулы ай бар екені көрсетті часырын және көрнетін
1798,"Алғашқы күндері шоу тек ұзақ уақыттан бері жұмыс істеп келе жатқан TogiNet Radio интернет радиосында, сөйлесу радиосына негізделген сайтта өткен.","Алхашқа күндері шоу тек озағықтамбері жүміс остек ел жаткан тоғенет радио интернет радиосында, сөлесу радиосына негістелген сайтті өткен.",алғашқы күндері шоу тек ұзақ уақыттан бері жұмыс істеп келе жатқан toginet radio интернет радиосында сөйлесу радиосына негізделген сайтта өткен,алхашқа күндері шоу тек озағықтамбері жүміс остек ел жаткан тоғенет радио интернет радиосында сөлесу радиосына негістелген сайтті өткен
1842,"Динозавр қауырсынында рахис деп аталатын жақсы дамыған білік жоқ, бірақ қауырсынның басқа ерекшеліктері бар — кертіктер мен шоқша сақалдар — зерттеушілер рахис туралы олардың кейінірек эволюциялық болған деген қорытындыға келді.","Динозавр, кауросынды ұріңдеп аталақтың жақсы дамыған білік жоқ. Бірақ кауросындың басқайерік шеліктері бар. Кертік термен шоқ шасықалдар, зерттеушілер рақыз туралы улардың кейінерек эволуциалық болғандеген қортындыға келді.",динозавр қауырсынында рахис деп аталатын жақсы дамыған білік жоқ бірақ қауырсынның басқа ерекшеліктері бар кертіктер мен шоқша сақалдар зерттеушілер рахис туралы олардың кейінірек эволюциялық болған деген қорытындыға келді,динозавр кауросынды ұріңдеп аталақтың жақсы дамыған білік жоқ бірақ кауросындың басқайерік шеліктері бар кертік термен шоқ шасықалдар зерттеушілер рақыз туралы улардың кейінерек эволуциалық болғандеген қортындыға келді
1898,"«Ол [Уэльс] бізге әуел бастан-ақ өтірік айтты. Біріншіден, бұл заңды себептермен болғандай әрекет ету арқылы. Екіншіден, өзінің өнерін жойғанға дейін бізге құлақ салғандай бола қалу арқылы».","Ол, Уэлс, бізге әвел бастан ақ уытрығайты. Біріншеден болзанды себеп термем болғандай, әрекет ету арқалы. Екіншеден өзінің өйнеерін жойғанға дейін бізге құлақ салғандай болақа лу арқалы.",ол уэльс бізге әуел бастан ақ өтірік айтты біріншіден бұл заңды себептермен болғандай әрекет ету арқылы екіншіден өзінің өнерін жойғанға дейін бізге құлақ салғандай бола қалу арқылы,ол уэлс бізге әвел бастан ақ уытрығайты біріншеден болзанды себеп термем болғандай әрекет ету арқалы екіншеден өзінің өйнеерін жойғанға дейін бізге құлақ салғандай болақа лу арқалы
1825,"Әрекетке жақын болғыңыз келсе, музыкаға жақын кемпинг учаскесін алу үшін ерте тұруыңыз керек.","Ерекетке жақым болғыңыз келсе, музеяқа жақым кемпинг учесыны алыушын ертеторуңыз керек.",әрекетке жақын болғыңыз келсе музыкаға жақын кемпинг учаскесін алу үшін ерте тұруыңыз керек,ерекетке жақым болғыңыз келсе музеяқа жақым кемпинг учесыны алыушын ертеторуңыз керек
1955,"Шашыраңқы склероз – ми, жұлын және ми жүйкесінен тұратын орталық жүйке жүйесіне әсер ететін ауру.","Шашранқысклерос, МИ, Желін және МИ жекеснен тратын, Орталық жекесне асерететін ауру.",шашыраңқы склероз ми жұлын және ми жүйкесінен тұратын орталық жүйке жүйесіне әсер ететін ауру,шашранқысклерос ми желін және ми жекеснен тратын орталық жекесне асерететін ауру
1937,"Дегенмен, бұл жоспарлар бір түнде дерлік ескіріп кетті. Кеңес Одағының қызыл әскернің 800 000 сарбазы келіп, Ригадағы бейбітшілік туралы келісімді, кеңес-поляк агрессия жасамау туралы пактісін және басқа халықаралық (екі жақты және көп жақты) келісімдерді бұза отырып Польшаның шығыс аймақтарына басып кіргеннен кейін Беларус және Украина фронттарын жасады.","Дегенмен бол жаспарлар бір түнді дерің ескірп кетті. Кенес одағының қасыл аскерінің фигур жүзмін қарбазы келіп, Регадага бейвычелік туралық елсімді, Кенес па ляқ агрессия жасамал туралық фактисын, және басқақ алхаралық екшақты және көп жақты келсімдерді бұзал отырып, Польшаның шығыс аймақтарна басып кіргенінің кейін, Пиларуш және Украина фронттарның часад Сұртан үліңіңіңіңіңіңіңіңіңіңіңіңіңіңіңіңіңіңіңіңіңіңіңіңіңіңіңіңіңіңіңіңіңіңіңіңіңіңіңіңіңіңіңіңіңіңіңіңіңіңіңіңіңіңіңіңіңіңіңіңіңіңіңіңіңіңіңіңіңіңіңі",дегенмен бұл жоспарлар бір түнде дерлік ескіріп кетті кеңес одағының қызыл әскернің 800 000 сарбазы келіп ригадағы бейбітшілік туралы келісімді кеңес поляк агрессия жасамау туралы пактісін және басқа халықаралық екі жақты және көп жақты келісімдерді бұза отырып польшаның шығыс аймақтарына басып кіргеннен кейін беларус және украина фронттарын жасады,дегенмен бол жаспарлар бір түнді дерің ескірп кетті кенес одағының қасыл аскерінің фигур жүзмін қарбазы келіп регадага бейвычелік туралық елсімді кенес па ляқ агрессия жасамал туралық фактисын және басқақ алхаралық екшақты және көп жақты келсімдерді бұзал отырып польшаның шығыс аймақтарна басып кіргенінің кейін пиларуш және украина фронттарның часад сұртан үліңіңіңіңіңіңіңіңіңіңіңіңіңіңіңіңіңіңіңіңіңіңіңіңіңіңіңіңіңіңіңіңіңіңіңіңіңіңіңіңіңіңіңіңіңіңіңіңіңіңіңіңіңіңіңіңіңіңіңіңіңіңіңіңіңіңіңіңіңіңіңі
1730,"Автобустар күні бойы ауданаралық автовокзалдан (өзеннің бойымен) шығады, дегенмен көбісі, әсіресе шығысқа және Джакарға/Бумтангқа бет алғандары 06:30 және 07: 30 аралығында шығады.","Автобусlar, күнні бойы аудан, аралық, автовагзалдан, өзенін бойымін шығадым. Деген мен көбесі әсересе шылысқа және, джакарға, бұмтантқа, бит, алғандары, алты жарымнан, және жейті жарымда аралықында шығадым.",автобустар күні бойы ауданаралық автовокзалдан өзеннің бойымен шығады дегенмен көбісі әсіресе шығысқа және джакарға бумтангқа бет алғандары 06 30 және 07 30 аралығында шығады,автобусlar күнні бойы аудан аралық автовагзалдан өзенін бойымін шығадым деген мен көбесі әсересе шылысқа және джакарға бұмтантқа бит алғандары алты жарымнан және жейті жарымда аралықында шығадым
1949,Энтомологтар «жәндік» терминін осы жәндіктер тобы үшін ресми мағынада пайдаланады.,"Энді молуқтар жандық термінін, осы жандық тертобы үшін рисмей мағынада пайдаңланығда.",энтомологтар жәндік терминін осы жәндіктер тобы үшін ресми мағынада пайдаланады,энді молуқтар жандық термінін осы жандық тертобы үшін рисмей мағынада пайдаңланығда
1728,Химикаттың қышқылдығы немесе сілтілігіне байланысты орамжапырақ шырынының түсі өзгереді.,Хемикаттым қашқылдықы німесе селтелегене байланысты урам жа брақшырынының түсі үзгереді.,химикаттың қышқылдығы немесе сілтілігіне байланысты орамжапырақ шырынының түсі өзгереді,хемикаттым қашқылдықы німесе селтелегене байланысты урам жа брақшырынының түсі үзгереді
1839,Шаңғы тебу бағытын жаяу жүру бағытына ұқсас түрде елестетіп көріңіз.,"Шанғат ебу бағытын, Джайо журу бағытына, үлістейтіп көрінңіз.",шаңғы тебу бағытын жаяу жүру бағытына ұқсас түрде елестетіп көріңіз,шанғат ебу бағытын джайо журу бағытына үлістейтіп көрінңіз
1745,"Өсімдіктер табиғи жағдайда жақсы көрінеді, сондықтан олардың «бір данасын» да алып тастамаңыз.",Бөсімдіктір табеғей жағдайда жақсы көріне де. Сондықтан олардың бірданасында алыптастаманыз.,өсімдіктер табиғи жағдайда жақсы көрінеді сондықтан олардың бір данасын да алып тастамаңыз,бөсімдіктір табеғей жағдайда жақсы көріне де сондықтан олардың бірданасында алыптастаманыз
1881,Виртуалды түрде экскурсияны көрсету де экскурсия туралы пікір жинау және келешек сабақтарда тәжірибемен алмасу үшін керемет мүмкіндік.,Виртуалды түрде экскурсияны қурсе түде экскурсия туралыпы қрыжен ау жене келейшек са бақтарда тәжребемен алма суушын керемет мүмкіндің.,виртуалды түрде экскурсияны көрсету де экскурсия туралы пікір жинау және келешек сабақтарда тәжірибемен алмасу үшін керемет мүмкіндік,виртуалды түрде экскурсияны қурсе түде экскурсия туралыпы қрыжен ау жене келейшек са бақтарда тәжребемен алма суушын керемет мүмкіндің
1665,Жылыстаған мәліметтерге сәйкес құжат 1967 жылғы Таяу Шығыс соғысына дейінгі шекаралары негізінде Палестина қалайтын шекаралар дауына қатысты болады.,"Жұлстаған мәлметтерге сәйкейс құжат мүнктұғыр запасыцейтін шышы, таялшылы соусна дейінгі пейшекаралары негз де палестина қалай, түн шекаралар дауна қатсты болады.",жылыстаған мәліметтерге сәйкес құжат 1967 жылғы таяу шығыс соғысына дейінгі шекаралары негізінде палестина қалайтын шекаралар дауына қатысты болады,жұлстаған мәлметтерге сәйкейс құжат мүнктұғыр запасыцейтін шышы таялшылы соусна дейінгі пейшекаралары негз де палестина қалай түн шекаралар дауна қатсты болады
1911,"Осы сияқты, шенген визаңыз болса, шенгенге мүше елдердің әрқайсысына визаға бөлек өтінім беру қажет болмайды, осылайша сіз уақытты, ақшаны үнемдейсіз және құжаттармен жұмыс азырақ болады.","Осы сияқты шенген визағыңыз болса, шенгенген мүше елден арқайсына визаға бөлің отынді бүрі оқашет болмайда. Осы сияқты ақшаны үнімдейсіз. Чені акужаптермен жүміс азрақ болады.",осы сияқты шенген визаңыз болса шенгенге мүше елдердің әрқайсысына визаға бөлек өтінім беру қажет болмайды осылайша сіз уақытты ақшаны үнемдейсіз және құжаттармен жұмыс азырақ болады,осы сияқты шенген визағыңыз болса шенгенген мүше елден арқайсына визаға бөлің отынді бүрі оқашет болмайда осы сияқты ақшаны үнімдейсіз чені акужаптермен жүміс азрақ болады
1981,"Бар болғаны кеме экскурсиялары арқылы жағаға барсаңыз, сізге бөлек виза қажет болмайды (2009 жылдан).",Бар болғаны кеме экскурсиалыра арқылы жаға бар саныз. Сізге бөлек виза қайжет болмайды. Екімің тоғызын шышыудан.,бар болғаны кеме экскурсиялары арқылы жағаға барсаңыз сізге бөлек виза қажет болмайды 2009 жылдан,бар болғаны кеме экскурсиалыра арқылы жаға бар саныз сізге бөлек виза қайжет болмайды екімің тоғызын шышыудан
1812,"Бір эксперименттік вакцина Эболадан болатын өлімдер көрсеткішін азайтуға мүмкіндік беретін болып көрінгенімен, осы уақытқа дейін, бар инфекцияны емдеуге жарамды екені анық түрде көрсетілген дәрілер болмады.","Бәрт експерименттық вакцина, Әб боладан болатын өлімдер курсеет кышын азайтуғамын күндің беретін болып, курінгенмен, осы вақтқадиын, бар инфекцианы емдеуғе жарамды ыкені анық түрде курсеетілген дәрлер болмады.",бір эксперименттік вакцина эболадан болатын өлімдер көрсеткішін азайтуға мүмкіндік беретін болып көрінгенімен осы уақытқа дейін бар инфекцияны емдеуге жарамды екені анық түрде көрсетілген дәрілер болмады,бәрт експерименттық вакцина әб боладан болатын өлімдер курсеет кышын азайтуғамын күндің беретін болып курінгенмен осы вақтқадиын бар инфекцианы емдеуғе жарамды ыкені анық түрде курсеетілген дәрлер болмады
1666,"Сондай-ақ өзіңіздікінен басқа үкіметтерден кеңес алғыңыз келуі мүмкін, бірақ олардың кеңесі өз азаматтарына арналған.","Сондая үзінғыздықыне баска үпметтерден кенес алмыз келі үмімкін, бірақ қолардың кенесі үз-азаматтарна арналған.",сондай ақ өзіңіздікінен басқа үкіметтерден кеңес алғыңыз келуі мүмкін бірақ олардың кеңесі өз азаматтарына арналған,сондая үзінғыздықыне баска үпметтерден кенес алмыз келі үмімкін бірақ қолардың кенесі үз азаматтарна арналған
1961,"Қатысым жасаудың маңыздылығын иллюстрациялау үшін пайдаланылатын ең жиі кездесетін әдістердің бірі – өсіп жатқанында елемеу, бәле немесе әдейі қиянат жасау себепті ересектер қатысым жасауға үйретпеген балалардың бірнеше бақытсыз жағдайын салу.",Катсым жасауды маңызылығын илустрациалаушын пайданалатын еінде кезде седін әтсетердің бірі үлісіп жатқанда елемі бәлі енімесе әдігі қьянет жасау сейбіпті ересектер катсым жасауға үрітпеген балылардың бірінеше бахсы жағлайын салу.,қатысым жасаудың маңыздылығын иллюстрациялау үшін пайдаланылатын ең жиі кездесетін әдістердің бірі өсіп жатқанында елемеу бәле немесе әдейі қиянат жасау себепті ересектер қатысым жасауға үйретпеген балалардың бірнеше бақытсыз жағдайын салу,катсым жасауды маңызылығын илустрациалаушын пайданалатын еінде кезде седін әтсетердің бірі үлісіп жатқанда елемі бәлі енімесе әдігі қьянет жасау сейбіпті ересектер катсым жасауға үрітпеген балылардың бірінеше бахсы жағлайын салу
1747,Жолдас балуандар да Лунаға құрмет көрсетті.,Жолда з болуандарда лунақа кормет көрсетті.,жолдас балуандар да лунаға құрмет көрсетті,жолда з болуандарда лунақа кормет көрсетті
1836,"Адамдар ежелден алтын, күміс және мыс сияқты негізгі химиялық элементтер туралы білді, өйткені олардың барлығын табиғатта табиғи түрде табуға болады және қарапайым құралдармен өндіру салыстырмалы түрде оңай.","Адамдар ежелден алтын, қымыз, және мүс сияқты, негізге химялық елемен тір түралы бәлді. Вүткені үлардың барлығын табегатті табегы түрде табуға болады, және қарапайым қоролдармен, өндірің сағыл үстірмалы дәптірде оңай.",адамдар ежелден алтын күміс және мыс сияқты негізгі химиялық элементтер туралы білді өйткені олардың барлығын табиғатта табиғи түрде табуға болады және қарапайым құралдармен өндіру салыстырмалы түрде оңай,адамдар ежелден алтын қымыз және мүс сияқты негізге химялық елемен тір түралы бәлді вүткені үлардың барлығын табегатті табегы түрде табуға болады және қарапайым қоролдармен өндірің сағыл үстірмалы дәптірде оңай
1995,"Виртуалдық дамытатын оқыту бағдарламалық құралға кірістірілген. Олар оқушының өз бетімен түсінуіне қиын болған болуы мүмкін процедуралар туралы сұрақтар қоюға, кеңестер беруге және түсіндіруге арналған.","Виртуалдық дамытатін оқуту бағдарламалып қырауға кристерелген. Олар оқушның өзбетмен түсініуне қыйін болған, полу ұмымқын процедуралар туралы, срак-тарғойуға, кенестерпе руғе, женетістістін дүріңе адналған.",виртуалдық дамытатын оқыту бағдарламалық құралға кірістірілген олар оқушының өз бетімен түсінуіне қиын болған болуы мүмкін процедуралар туралы сұрақтар қоюға кеңестер беруге және түсіндіруге арналған,виртуалдық дамытатін оқуту бағдарламалып қырауға кристерелген олар оқушның өзбетмен түсініуне қыйін болған полу ұмымқын процедуралар туралы срак тарғойуға кенестерпе руғе женетістістін дүріңе адналған
1852,"Блогтарды тиісті түрде қолдану студенттердің аналитикалық және критикалық ойлауын әлдеқайда күшейтуі мүмкін. Интернет материалдарына белсенді түрде жауап беру арқылы олар басқа адамдардың жазбаларына қатысты өздерінің позициясын айқындай алады, сондай-ақ нақты бір мәселелер бойынша өздерінің көзқарастарын білдіре алады (Oravec, 2002).","Блоктарда тезісті түтірді қолдану студенттердің аналиетикалық, чәне критикалы қойлі он әлді қайда күші түй мүмкін. Интернет материялдарна белсені түтірді қоуаппір варқыла, олар басқа адамдардың жазбаларна қатысты өзерінің пазисі айқында еладі. Сондаяқ нақтыбыр мәселдер бонша өзерінің көзқарыстарын білдіре еладі. Ора бек екімін е",блогтарды тиісті түрде қолдану студенттердің аналитикалық және критикалық ойлауын әлдеқайда күшейтуі мүмкін интернет материалдарына белсенді түрде жауап беру арқылы олар басқа адамдардың жазбаларына қатысты өздерінің позициясын айқындай алады сондай ақ нақты бір мәселелер бойынша өздерінің көзқарастарын білдіре алады oravec 2002,блоктарда тезісті түтірді қолдану студенттердің аналиетикалық чәне критикалы қойлі он әлді қайда күші түй мүмкін интернет материялдарна белсені түтірді қоуаппір варқыла олар басқа адамдардың жазбаларна қатысты өзерінің пазисі айқында еладі сондаяқ нақтыбыр мәселдер бонша өзерінің көзқарыстарын білдіре еладі ора бек екімін е
1967,"Лейтон премьер-министрмен кездесу кезінде консерваторлардың экологиялық заңына өзгерістер енгізуді сұрады, сондай-ақ консервативті партияның экологиялық заңын ""мұқият және толығымен қайта жазуды"" сұрады.",Лейтен премьер министер мен кезде сүкізінде консерваторлардын экология лығызануна үзгерстеренгізі дөс рады. Сондаяқ консервативті партенін экология лығызанын мүкіят және толығымен қайта жа зұды срады.,лейтон премьер министрмен кездесу кезінде консерваторлардың экологиялық заңына өзгерістер енгізуді сұрады сондай ақ консервативті партияның экологиялық заңын мұқият және толығымен қайта жазуды сұрады,лейтен премьер министер мен кезде сүкізінде консерваторлардын экология лығызануна үзгерстеренгізі дөс рады сондаяқ консервативті партенін экология лығызанын мүкіят және толығымен қайта жа зұды срады
1793,"Егер сіз ауыл жолдарында көлікпен жүруге дағдыланбаған болсаңыз, мынаған дайын болыңыз: тік еңістер, тар жолдар және кенет бұрылыстар басым болады.","Егер сіз аул жолдарында көлік пен жүріге тақдылам баған болсаныз, мынаған даен болыныз. Тық еңыстер тар жолдар жәнеке нетпұрлыстар басым болады.",егер сіз ауыл жолдарында көлікпен жүруге дағдыланбаған болсаңыз мынаған дайын болыңыз тік еңістер тар жолдар және кенет бұрылыстар басым болады,егер сіз аул жолдарында көлік пен жүріге тақдылам баған болсаныз мынаған даен болыныз тық еңыстер тар жолдар жәнеке нетпұрлыстар басым болады
1707,Ол Оңтүстік Африканың негізгі көрнекі жерлерінің бірі болып табылады және Оңтүстік Африка ұлттық парктерінің (SANParks) жетекшісі болып есептеледі.,"Бол ұнстық африканың негізгі қорнекі жерлерінің бірі болып таблада, және ұнстық африкан ұлтық парктерінің S.A.N.P. Parks үдіцші болып есіптеледі.",ол оңтүстік африканың негізгі көрнекі жерлерінің бірі болып табылады және оңтүстік африка ұлттық парктерінің sanparks жетекшісі болып есептеледі,бол ұнстық африканың негізгі қорнекі жерлерінің бірі болып таблада және ұнстық африкан ұлтық парктерінің s a n p parks үдіцші болып есіптеледі
1853,"Джанкарло Фисичелла көлігін басқаруды жоғалтып, жарысты старттан кейін көп ұзамай аяқтады.",Чанкарло физичелі көлігін басхаруды жоғалтып жарсты саптан кейін көбзімай айықтады.,джанкарло фисичелла көлігін басқаруды жоғалтып жарысты старттан кейін көп ұзамай аяқтады,чанкарло физичелі көлігін басхаруды жоғалтып жарсты саптан кейін көбзімай айықтады
1830,Билеуші партия Оңтүстік батыс Африка халық ұйымы (SWAPO) парламенттік сайлауларда көптеген орынға ие болды.,Белевші партия омдстық бац африкахалқ уйума Субапо парламентық сайлауларында көптегін орыңға ейеболда.,билеуші партия оңтүстік батыс африка халық ұйымы swapo парламенттік сайлауларда көптеген орынға ие болды,белевші партия омдстық бац африкахалқ уйума субапо парламентық сайлауларында көптегін орыңға ейеболда
1684,Апиа - Самоаның астанасы. Бұл қала Уполу аралында орналасқан және оның халқы 40 000-нан сәл төмен.,"Абия Замаванның астанасы бұл қала ұппалу аралында орналыстан, және оның қалқы қарық мұннан сәл дәмен.",апиа самоаның астанасы бұл қала уполу аралында орналасқан және оның халқы 40 000 нан сәл төмен,абия замаванның астанасы бұл қала ұппалу аралында орналыстан және оның қалқы қарық мұннан сәл дәмен
1699,"Бақылаушылардың бірі Бішкекті ""анархия күйіне батуда"" деп бейнелеген, өйткені қылмыскерлер тобы көшені аралап, дүкендердегі халықтық тұтыну тауарларын тонауды бастаған.","Бақылаушлардың бәрі бешкекті, анархия кеңі ба тудаді бейнелінген, бөткені қалныскерлер төбі қушені арақ, дыкіндердегі халықтық тұтну таварларын тоноуды бастаған.",бақылаушылардың бірі бішкекті анархия күйіне батуда деп бейнелеген өйткені қылмыскерлер тобы көшені аралап дүкендердегі халықтық тұтыну тауарларын тонауды бастаған,бақылаушлардың бәрі бешкекті анархия кеңі ба тудаді бейнелінген бөткені қалныскерлер төбі қушені арақ дыкіндердегі халықтық тұтну таварларын тоноуды бастаған
1674,"Кейбір аумақтарда суды бір минут бойы қайнату жеткілікті, ал басқаларында бірнеше минут қажет.",Кейбер ауым ақтарда суды бәрменуқпойы қайнату жеткелікті ауы басқаларында бәрнеше менуққа жет.,кейбір аумақтарда суды бір минут бойы қайнату жеткілікті ал басқаларында бірнеше минут қажет,кейбер ауым ақтарда суды бәрменуқпойы қайнату жеткелікті ауы басқаларында бәрнеше менуққа жет
1755,Бір бомба генерал-губернатор кеңсесінің сыртында жарылды.,Бір бомба генерал губернатор кейнгсесінін үс рытында Джарлда.,бір бомба генерал губернатор кеңсесінің сыртында жарылды,бір бомба генерал губернатор кейнгсесінін үс рытында джарлда
1663,"Кочамо алқабы – Чилидегі өрмелеу үшін баратын негізгі жер. Ол Оңтүстік Американың Йосемитесі ретінде белгілі, оның әртүрлі гранит үлкен қабырғалары және жартастары бар.","Кочамо алкабы челедегі вірмелі үшін баратын негізгі жер, ол оғуқтудық американың иосеметесі ретінде белгілі, оның әртілі үрінкен қабырғалары және жартастары бар.",кочамо алқабы чилидегі өрмелеу үшін баратын негізгі жер ол оңтүстік американың йосемитесі ретінде белгілі оның әртүрлі гранит үлкен қабырғалары және жартастары бар,кочамо алкабы челедегі вірмелі үшін баратын негізгі жер ол оғуқтудық американың иосеметесі ретінде белгілі оның әртілі үрінкен қабырғалары және жартастары бар
1917,Римде әртүрлі орындарда адамдардың салтанатты рәсімді көруі үшін бірнеше үлкен теледидар экрандары орнатылды.,"Римде, әртерлі орындарды адамдардың салтанаттар әсінді көрі үшін бірнеші өлкен теледедар әкрандары орынатылды.",римде әртүрлі орындарда адамдардың салтанатты рәсімді көруі үшін бірнеше үлкен теледидар экрандары орнатылды,римде әртерлі орындарды адамдардың салтанаттар әсінді көрі үшін бірнеші өлкен теледедар әкрандары орынатылды
1765,"1537 жылы Асунсьон қаласының негізі салынғаннан бастап, Парагвай өзінің көптеген түпкілікті сипаты мен өзіндік ерекшелігін сақтай білді.","Бірмін 537 жолы асуынсионқаласның негізі солыңыңан бастап, пара қвай өзінін көйптеген төп қылықтасы патымен, өзінді қерекшелегін сақтай білді.",1537 жылы асунсьон қаласының негізі салынғаннан бастап парагвай өзінің көптеген түпкілікті сипаты мен өзіндік ерекшелігін сақтай білді,бірмін 537 жолы асуынсионқаласның негізі солыңыңан бастап пара қвай өзінін көйптеген төп қылықтасы патымен өзінді қерекшелегін сақтай білді
1744,"Россби нөмірі неғұрлым кішірек болса, жұлдыздың магниттену инверсиясына қатысты белсенділігі азырақ болады.","Рос бей нумыры негорлым күшелек болса, жұлдызың магниттену инверсиасына хатыты бәлсенделегі азрах болады.",россби нөмірі неғұрлым кішірек болса жұлдыздың магниттену инверсиясына қатысты белсенділігі азырақ болады,рос бей нумыры негорлым күшелек болса жұлдызың магниттену инверсиасына хатыты бәлсенделегі азрах болады
1754,"Айдың көрінетін жерінде ай теңіздері көбірек болуы мүмкін, себебі онда ай қыртысы жіңішкерек.  Лаваның ай қыртысының бетіне шығуы әлдеқайда жеңілірек болды.",Айдың күрінетін жерінде айт еңіздері көбірек болуынын күм. Себебі онда айкартасы жымшкерек лаванын айкартасының бетіне шүғуы әлдегайда женелерек болды.,айдың көрінетін жерінде ай теңіздері көбірек болуы мүмкін себебі онда ай қыртысы жіңішкерек лаваның ай қыртысының бетіне шығуы әлдеқайда жеңілірек болды,айдың күрінетін жерінде айт еңіздері көбірек болуынын күм себебі онда айкартасы жымшкерек лаванын айкартасының бетіне шүғуы әлдегайда женелерек болды
1966,Комиссия қазан айында басталған кең тараған режимге қарсы наразылықтарға Мартеллидің жауабы болды.,"Көмейсе, қазанайында васталған кейнтараган режимге қарсы, наразылықтарға мартыледің жавабы болды.",комиссия қазан айында басталған кең тараған режимге қарсы наразылықтарға мартеллидің жауабы болды,көмейсе қазанайында васталған кейнтараган режимге қарсы наразылықтарға мартыледің жавабы болды
1712,1966 жылдан бері Сундарбан жабайы жануарлар қорығы болған. Есептеулер бойынша қазіргі уақыта бұл аумақта 400 корольдік бенгал жолбарысы және шамамен 30 000 дақты бұғы бар.,"Мүнтіғуғырз әпсалтыншылдан бірі Сундарбан, жабайы жануарлар қорығы болған. Исептелер байуныша қазірге вақта бұл ауымақта түртчіз карауелдік бенгаль жолварысы, және шамамен, ботыз мүн дақты бұғы бар.",1966 жылдан бері сундарбан жабайы жануарлар қорығы болған есептеулер бойынша қазіргі уақыта бұл аумақта 400 корольдік бенгал жолбарысы және шамамен 30 000 дақты бұғы бар,мүнтіғуғырз әпсалтыншылдан бірі сундарбан жабайы жануарлар қорығы болған исептелер байуныша қазірге вақта бұл ауымақта түртчіз карауелдік бенгаль жолварысы және шамамен ботыз мүн дақты бұғы бар
1839,Шаңғы тебу бағытын жаяу жүру бағытына ұқсас түрде елестетіп көріңіз.,Шанғы тейбу бағатан жаеу жеру бағатна оқсастырды елісте теп көрінғіз.,шаңғы тебу бағытын жаяу жүру бағытына ұқсас түрде елестетіп көріңіз,шанғы тейбу бағатан жаеу жеру бағатна оқсастырды елісте теп көрінғіз
1828,"Интернеттен «қауіпті ортаны» іздесеңіз, жергілікті компанияның мекен-жайын береді.",Интернеттен кауқты ортаны здесенес жергілікті камбаньяның мекен жайын береді.,интернеттен қауіпті ортаны іздесеңіз жергілікті компанияның мекен жайын береді,интернеттен кауқты ортаны здесенес жергілікті камбаньяның мекен жайын береді
1964,"Қазірге дейін әйгілі ""25 Данлэп парақтары"" құжаттың ең көне көшірмелері болып табылады. Түпнұсқалық қолжазба көшірмесі сақталмаған.","Казергедейін әйгілі жермабезданлып барахтары, көжаттың еен көнея көшірмелері болып таблады. Төп нұскалық қол жазба көшірмесі сақталмаған.",қазірге дейін әйгілі 25 данлэп парақтары құжаттың ең көне көшірмелері болып табылады түпнұсқалық қолжазба көшірмесі сақталмаған,казергедейін әйгілі жермабезданлып барахтары көжаттың еен көнея көшірмелері болып таблады төп нұскалық қол жазба көшірмесі сақталмаған
1667,Жалпы алғанда менеджерлер бұрынғы әріптестеріне басшылық ете бастағанда екі түрлі қылық пайда болуы мүмкін. Бір жағынан алдыңғы «әріптестердің бірі» (немесе құрбылардың) болып қалуға тырысады.,Жалпы алғанды менеджерлер бұрыңы арып тестеріне басшылғи ети бастағанды екетірлі қылық байда болуы мүмкін. Бір жағынан алдыңы арып тестердің бірі немесі құрбулардың болып қалуға тарасады.,жалпы алғанда менеджерлер бұрынғы әріптестеріне басшылық ете бастағанда екі түрлі қылық пайда болуы мүмкін бір жағынан алдыңғы әріптестердің бірі немесе құрбылардың болып қалуға тырысады,жалпы алғанды менеджерлер бұрыңы арып тестеріне басшылғи ети бастағанды екетірлі қылық байда болуы мүмкін бір жағынан алдыңы арып тестердің бірі немесі құрбулардың болып қалуға тарасады
1870,Көріністер пирамидаларда көрсетіледі және әртүрлі пирамидалар жанады.,"Горныстер пирамидаларда көрсетледі, және әртір өп пирамидалар жанады.",көріністер пирамидаларда көрсетіледі және әртүрлі пирамидалар жанады,горныстер пирамидаларда көрсетледі және әртір өп пирамидалар жанады
1955,"Шашыраңқы склероз – ми, жұлын және ми жүйкесінен тұратын орталық жүйке жүйесіне әсер ететін ауру.","Шашранқа склероз ми жолың және ми жекес нен тратын, орталқ жеке жесне асередетін ауру.",шашыраңқы склероз ми жұлын және ми жүйкесінен тұратын орталық жүйке жүйесіне әсер ететін ауру,шашранқа склероз ми жолың және ми жекес нен тратын орталқ жеке жесне асередетін ауру
1920,"Әдетте, қонақтарды жақсы көңіл-күйде ұстау және іште ұстау үшін оларда арнайы тамақ, сусын және ойын-сауық ұсыныстары болады.","Адетте қонахтарды жақсы күнғіл кейде истал және үште истал үшін, оларда арнает амак сусын және ойін сауы үсіңістары болады.",әдетте қонақтарды жақсы көңіл күйде ұстау және іште ұстау үшін оларда арнайы тамақ сусын және ойын сауық ұсыныстары болады,адетте қонахтарды жақсы күнғіл кейде истал және үште истал үшін оларда арнает амак сусын және ойін сауы үсіңістары болады
1762,"Бұл ауру шошқаларда болады, содан кейін ол масалар арқылы адамдарға өтеді.","Бұл ауру шушқаларда болады, Содан кейін ол масалар арқылы адамдар қауы теді.",бұл ауру шошқаларда болады содан кейін ол масалар арқылы адамдарға өтеді,бұл ауру шушқаларда болады содан кейін ол масалар арқылы адамдар қауы теді
1737,Арыстандар ең көп қатысым жасайтын мысықтар. Олар прайдтар деп аталатын үлкен топтарда өмір сүреді.,Арстандар ең үп қалтысым жасайтымы қықтар. Олар браиттар деп аталатын үлкен токтардын өмір сүреді.,арыстандар ең көп қатысым жасайтын мысықтар олар прайдтар деп аталатын үлкен топтарда өмір сүреді,арстандар ең үп қалтысым жасайтымы қықтар олар браиттар деп аталатын үлкен токтардын өмір сүреді
1863,"Тибет медитациясының орталығы - құдай йогасы. Әр түрлі құдайларды бейнелеудің арқасында қуат арналары тазартылып, чакралар іске қосылып, ағартушылық сана пайда болады.","Тибет медитациясныл ұрталықы құдай йогасы. Әр түрлі құдайларды бейнеліудың арқасында, қуа тарналары тазартылып, чақрылар ыске қосылып, ақартушылық саны пайда ұлады.",тибет медитациясының орталығы құдай йогасы әр түрлі құдайларды бейнелеудің арқасында қуат арналары тазартылып чакралар іске қосылып ағартушылық сана пайда болады,тибет медитациясныл ұрталықы құдай йогасы әр түрлі құдайларды бейнеліудың арқасында қуа тарналары тазартылып чақрылар ыске қосылып ақартушылық саны пайда ұлады
1839,Шаңғы тебу бағытын жаяу жүру бағытына ұқсас түрде елестетіп көріңіз.,"Шамғатей бұл бағатан, жаеу жұрі бағатна уқсастарды елестетіп куырінгіз.",шаңғы тебу бағытын жаяу жүру бағытына ұқсас түрде елестетіп көріңіз,шамғатей бұл бағатан жаеу жұрі бағатна уқсастарды елестетіп куырінгіз
1976,"Орташа деңгейдегі батсмендер - Сачин Тендулкар мен Рахул Дравид жақсы өнер көрсетіп, жүздеген серіктестік қатынас жасады.","Орташа денгейдегі бацмендер сачин тендулкал, тендулкармен рахул, дравид жақсыу неркурсе тіп жіздеген серегтесті қатнас шасады.",орташа деңгейдегі батсмендер сачин тендулкар мен рахул дравид жақсы өнер көрсетіп жүздеген серіктестік қатынас жасады,орташа денгейдегі бацмендер сачин тендулкал тендулкармен рахул дравид жақсыу неркурсе тіп жіздеген серегтесті қатнас шасады
1931,"Бұл қызмет көбінесе кеме қатынасы, соның ішінде серуендеу кемелері, сондай-ақ қашықтағы мәліметтер мен дауыстық қажеттіліктері бар экспедициялар арқылы пайдаланылады.","Бұл қізмет көбінесе кеме қатнасы, сону үшінде сериуендір кемелері сонда қақ, қашқтағы мәлеметтер мен даусты қажеттіліктері бар, экспедициялар арқалы пайданылады.",бұл қызмет көбінесе кеме қатынасы соның ішінде серуендеу кемелері сондай ақ қашықтағы мәліметтер мен дауыстық қажеттіліктері бар экспедициялар арқылы пайдаланылады,бұл қізмет көбінесе кеме қатнасы сону үшінде сериуендір кемелері сонда қақ қашқтағы мәлеметтер мен даусты қажеттіліктері бар экспедициялар арқалы пайданылады
1911,"Осы сияқты, шенген визаңыз болса, шенгенге мүше елдердің әрқайсысына визаға бөлек өтінім беру қажет болмайды, осылайша сіз уақытты, ақшаны үнемдейсіз және құжаттармен жұмыс азырақ болады.","Осы сияқты шынген визаныз болса, шынгенге мүшейелдерден әрқайсысна визаға бөлік бөтінім беруқ хажет болмайды. Ослайша сіз вақытты ақшаны үнімдейсіз, женег қүжаттар мен жұмыз азрақ болады.",осы сияқты шенген визаңыз болса шенгенге мүше елдердің әрқайсысына визаға бөлек өтінім беру қажет болмайды осылайша сіз уақытты ақшаны үнемдейсіз және құжаттармен жұмыс азырақ болады,осы сияқты шынген визаныз болса шынгенге мүшейелдерден әрқайсысна визаға бөлік бөтінім беруқ хажет болмайды ослайша сіз вақытты ақшаны үнімдейсіз женег қүжаттар мен жұмыз азрақ болады
1788,АҚШ-тың Гимнастика федерациясы АҚШ Олимпиада комитетінің хатын қолдайды және біздің барлық спортсмендер үшін қоршаған ортаның қауіпсіздігін арттырудың абсолютті қажеттілігін мойындайды.,"Ақштың гимнастика федерация қаш олимпиады комитетінің хатың қолдайды және біздің барлық спацмен дерішін, қоршаған ортаның хаупсіздің, артырылдың әпсалюттық ажеттілің муындайды.",ақш тың гимнастика федерациясы ақш олимпиада комитетінің хатын қолдайды және біздің барлық спортсмендер үшін қоршаған ортаның қауіпсіздігін арттырудың абсолютті қажеттілігін мойындайды,ақштың гимнастика федерация қаш олимпиады комитетінің хатың қолдайды және біздің барлық спацмен дерішін қоршаған ортаның хаупсіздің артырылдың әпсалюттық ажеттілің муындайды
1763,"Дәл ай жерді тартып, судың көтерілуіне әкелетіндей, Құс жолы да Мерген галактикасына күш түсіреді.","ДәЛ Айжірді тартып, Судын Кутирліуне әкелетін дей, Косролуда Мірген Галактикасына күшт сүріеді.",дәл ай жерді тартып судың көтерілуіне әкелетіндей құс жолы да мерген галактикасына күш түсіреді,дәл айжірді тартып судын кутирліуне әкелетін дей косролуда мірген галактикасына күшт сүріеді
1882,"Ғалымдар ғаламшарлар, әсіресе, жер қалай құралғанын түсінеміз деп үміттенеді, өйткені кометалар жермен ұзақ уақыт бұрын соқтығысқан.","Халымдар қаламшарлар әсіресі жер қалай құралған түнеңіздеп мүттенеді, үткені қамет алар, жермен ұзақық бұрыныз оқтықықықан.",ғалымдар ғаламшарлар әсіресе жер қалай құралғанын түсінеміз деп үміттенеді өйткені кометалар жермен ұзақ уақыт бұрын соқтығысқан,халымдар қаламшарлар әсіресі жер қалай құралған түнеңіздеп мүттенеді үткені қамет алар жермен ұзақық бұрыныз оқтықықықан
1674,"Кейбір аумақтарда суды бір минут бойы қайнату жеткілікті, ал басқаларында бірнеше минут қажет.","Ки бір аумақтарда суда бір, минутпоя, хайна төжет кілікті. Ал басқаларанды бір неше минутқа жеті.",кейбір аумақтарда суды бір минут бойы қайнату жеткілікті ал басқаларында бірнеше минут қажет,ки бір аумақтарда суда бір минутпоя хайна төжет кілікті ал басқаларанды бір неше минутқа жеті
1746,Өсімдіктер күн сәулесінен фотосинтез арқылы қуат алады. Олар сонымен қатар көлеңе береді.,"Уысымдық жер күнсөлесінен фатасимтыз арқалы қоаталады, олар сонумен қатар күленге береді.",өсімдіктер күн сәулесінен фотосинтез арқылы қуат алады олар сонымен қатар көлеңе береді,уысымдық жер күнсөлесінен фатасимтыз арқалы қоаталады олар сонумен қатар күленге береді
1703,Мартелли кеше тоғыз мүшеден тұратын жаңа уақытша сайлау кеңесінің (CEP) алдында ант берді.,Мартеллі кеше тоғызмшедін түракын жаға вақца сайлау кейнесінің сыр алында үндіперді.,мартелли кеше тоғыз мүшеден тұратын жаңа уақытша сайлау кеңесінің cep алдында ант берді,мартеллі кеше тоғызмшедін түракын жаға вақца сайлау кейнесінің сыр алында үндіперді
1934,Әдетте сіз туристердің және сатушылардың дыбысын әрқашан естисіз. Дыбыс пен жарықтан тұратын хикая дәл хикая кітабы сияқты болады.,"Адеттесіз дуристердін, және сатушлардың дабысын әрхашан естесіз. Дабыспен жарқтан түратын кехая, тәл кехая кетабесе яқты болады.",әдетте сіз туристердің және сатушылардың дыбысын әрқашан естисіз дыбыс пен жарықтан тұратын хикая дәл хикая кітабы сияқты болады,адеттесіз дуристердін және сатушлардың дабысын әрхашан естесіз дабыспен жарқтан түратын кехая тәл кехая кетабесе яқты болады
1990,"Сондай-ақ блогтар оқушылардың жазуын жақсартуға көмектеседі. Оқушылар блог тәжірибесін көбінесе немқұрайлы грамматикамен және емлемен бастағанымен, аудиторияның болуы әдетте бұл жағдайды өзгертеді.","Сондайқ блоктар, оқушлардың жазуын жақсартуға комектеседі, оқушлар блоктажірбеесін көмісін емкурайлы Қрамаатикамін және емелімін бастағанымін аудеторианым болуы адетті бұл чағдайды өзгердеді.",сондай ақ блогтар оқушылардың жазуын жақсартуға көмектеседі оқушылар блог тәжірибесін көбінесе немқұрайлы грамматикамен және емлемен бастағанымен аудиторияның болуы әдетте бұл жағдайды өзгертеді,сондайқ блоктар оқушлардың жазуын жақсартуға комектеседі оқушлар блоктажірбеесін көмісін емкурайлы қрамаатикамін және емелімін бастағанымін аудеторианым болуы адетті бұл чағдайды өзгердеді
1848,Кеше Түркияның Газиантеп қаласындағы полиция штаб-пәтерінде бомба қойылған көлік жарылысы нәтижесінде екі полиция қызметкері қаза тапты және жиырмадан артық адам жарақат алды.,"Кеше, түркеяның үң үзен теп қаласындапы, полиция штабпетерінде бомба койылған койылық жарлысына тежесінде екі полиция қызметкері қазатаптар. Және жүрмадан артық адам жарықаталды.",кеше түркияның газиантеп қаласындағы полиция штаб пәтерінде бомба қойылған көлік жарылысы нәтижесінде екі полиция қызметкері қаза тапты және жиырмадан артық адам жарақат алды,кеше түркеяның үң үзен теп қаласындапы полиция штабпетерінде бомба койылған койылық жарлысына тежесінде екі полиция қызметкері қазатаптар және жүрмадан артық адам жарықаталды
1982,"Әйелдер: Өздерінің шынайы отбасы жағдайына қарамастан, әйел жынысты саяхатшыларға тұрмыс құрған деп айтуға кеңес беріледі.","Эйелдер, өздерінің шынае отпасы жағдайына қарамастан, Әйел жүністі хайқа құларға турмыс хұрған де вайтуға кен ес берлі еда.",әйелдер өздерінің шынайы отбасы жағдайына қарамастан әйел жынысты саяхатшыларға тұрмыс құрған деп айтуға кеңес беріледі,эйелдер өздерінің шынае отпасы жағдайына қарамастан әйел жүністі хайқа құларға турмыс хұрған де вайтуға кен ес берлі еда
1938,"Аурухана инфекцияны бақылау хаттамасын орындады, соның ішінде басқаларды жұқтырудың алдын алу үшін науқасты басқалардан бөлді.","Аврукана инфекцияды бақылауқаттамасын орындады, сонуышынде басқаларды жықтарудың алдан алыушын науқасты басқаралардың бөлді.",аурухана инфекцияны бақылау хаттамасын орындады соның ішінде басқаларды жұқтырудың алдын алу үшін науқасты басқалардан бөлді,аврукана инфекцияды бақылауқаттамасын орындады сонуышынде басқаларды жықтарудың алдан алыушын науқасты басқаралардың бөлді
1677,Бүгінде қанаттарын арқасына бүктей алмайтын жәндіктер - инеліктер мен біркүндіктер.,"Бүгінде қануаттарын арқасына бүкчій аумаетін жәндіктір, ениріктірмін бүркіндіктір.",бүгінде қанаттарын арқасына бүктей алмайтын жәндіктер инеліктер мен біркүндіктер,бүгінде қануаттарын арқасына бүкчій аумаетін жәндіктір ениріктірмін бүркіндіктір
1939,"Революциядан кейін жұмыс орындары барлық ерлер үшін ашық болып, олардың табысқа жетуіне мүмкін берді.","Рибонетседан киін, жумы сорымдары барлық өрелер үшін ашық болып, олардың табысқа жетуіне мүнкін бейерді.",революциядан кейін жұмыс орындары барлық ерлер үшін ашық болып олардың табысқа жетуіне мүмкін берді,рибонетседан киін жумы сорымдары барлық өрелер үшін ашық болып олардың табысқа жетуіне мүнкін бейерді
1985,"Бұл альптық стильдегі шаңғы туризмімен немесе альпинизммен байланысты (бірақ әдетте байланысты болмайды), соңғысы тік еңістіктерде өткізіледі және қатты шаңғы мен аяқ киімді қажет етеді.","Бұл алыптық стильдегі шанғы туризмімен немесе альпинизмімен байланыста. Бракадеттей байланыста болмайды. Сонғысы так еңісті ктерде бүткізеледі, және катты шанғымен ая кеймді көжедейтеді.",бұл альптық стильдегі шаңғы туризмімен немесе альпинизммен байланысты бірақ әдетте байланысты болмайды соңғысы тік еңістіктерде өткізіледі және қатты шаңғы мен аяқ киімді қажет етеді,бұл алыптық стильдегі шанғы туризмімен немесе альпинизмімен байланыста бракадеттей байланыста болмайды сонғысы так еңісті ктерде бүткізеледі және катты шанғымен ая кеймді көжедейтеді
1948,Үш патшалық ежелгі Қытайдың тарихындағы ең қанқұйлы дәуірлердің бірі болған. Мыңдаған адам Сианьдағы үлкен сарайдағы ең жоғары орынға отыру үшін соғысқанда өлді.,"3-патшалық ежелі қытайдың тарекындағы ең қанқыйылы деурлерінін бөрі болған, мүндаған адам сияндіяғы, үлкен сарайдағы ең жоғарғы орғыға отырышын соус қанда өлді.",үш патшалық ежелгі қытайдың тарихындағы ең қанқұйлы дәуірлердің бірі болған мыңдаған адам сианьдағы үлкен сарайдағы ең жоғары орынға отыру үшін соғысқанда өлді,3 патшалық ежелі қытайдың тарекындағы ең қанқыйылы деурлерінін бөрі болған мүндаған адам сияндіяғы үлкен сарайдағы ең жоғарғы орғыға отырышын соус қанда өлді
1993,Атлант мұхитының оныншы атау берілген дауыл маусымы «Субтропиктік дауыл Джерри» бүгін Атлант мұхитында пайда болды.,"Атлант мұхитінің оныншы атау бірілген дауыл маусымы, суптропиқтық дауыл джейри бүгін атлант мұхитінде пайда болды.",атлант мұхитының оныншы атау берілген дауыл маусымы субтропиктік дауыл джерри бүгін атлант мұхитында пайда болды,атлант мұхитінің оныншы атау бірілген дауыл маусымы суптропиқтық дауыл джейри бүгін атлант мұхитінде пайда болды
1671,Конгресс әдепсіздік бастамасын 2005 қаржы жылынан бастады және ФТБ ұйымы ересектер порнографиясына қатысты істерге 10 агент бөлуі керектігін көрсетті.,"Күнғрыз әдеп сіздік бастамасын, екімің бейсінчі қаржы жалынан бастада. Және өфті бөй өйімі әресектер парнографиасына қатсты ыстерге оң агент бөйіліғі керектегін курсетті.",конгресс әдепсіздік бастамасын 2005 қаржы жылынан бастады және фтб ұйымы ересектер порнографиясына қатысты істерге 10 агент бөлуі керектігін көрсетті,күнғрыз әдеп сіздік бастамасын екімің бейсінчі қаржы жалынан бастада және өфті бөй өйімі әресектер парнографиасына қатсты ыстерге оң агент бөйіліғі керектегін курсетті
1886,"Ежелгі мәдениеттер мен тайпалар сүтке, жүнге, етке және терілерге оңай қол жеткізу үшін оларды өсіре бастады.","Ежелғы мәденет термен таипалар сетке жүнке, едке және терілерге онваекол жеткізіңшін оларды усыре бастады.",ежелгі мәдениеттер мен тайпалар сүтке жүнге етке және терілерге оңай қол жеткізу үшін оларды өсіре бастады,ежелғы мәденет термен таипалар сетке жүнке едке және терілерге онваекол жеткізіңшін оларды усыре бастады
1736,Роландо Мендоза M16 мылтығымен туристтерге оқ жаудырды.,Роланды Миндоза Моналта Молтағымин Туристерге Уүғжаударды.,роландо мендоза m16 мылтығымен туристтерге оқ жаудырды,роланды миндоза моналта молтағымин туристерге уүғжаударды
1896,"АҚШ гимнастикасы және АҚШ Олимпиада комитеті бір мақсатты көздейді - гимнастика және басқа да спорт түрлерін барынша қауіпсіз етіп, спортшылардың өз армандарын орындауды қауіпсіз, позитивті және мүмкіндіктерге толы ортада жүзеге асыруын қамтамасыз ету.","Ақыш кимнастика және Ақыш олимпияда камитеті бір махсақты көздіі. Кимнастика және басқада спорт түрлерін барынша қауыпсіз етіп, споршылардың өз армандарның орындалды қауыпсіз пазитейті рәк және мәмкіндіктірге толы ортады жәзеген асырым қамтамасыз ету.",ақш гимнастикасы және ақш олимпиада комитеті бір мақсатты көздейді гимнастика және басқа да спорт түрлерін барынша қауіпсіз етіп спортшылардың өз армандарын орындауды қауіпсіз позитивті және мүмкіндіктерге толы ортада жүзеге асыруын қамтамасыз ету,ақыш кимнастика және ақыш олимпияда камитеті бір махсақты көздіі кимнастика және басқада спорт түрлерін барынша қауыпсіз етіп споршылардың өз армандарның орындалды қауыпсіз пазитейті рәк және мәмкіндіктірге толы ортады жәзеген асырым қамтамасыз ету
1830,Билеуші партия Оңтүстік батыс Африка халық ұйымы (SWAPO) парламенттік сайлауларда көптеген орынға ие болды.,"Белевші партия оңдастыға қаврикамы қал қайымы, сваппо парламентық сайлауларды көптеген орыңға ейе болда.",билеуші партия оңтүстік батыс африка халық ұйымы swapo парламенттік сайлауларда көптеген орынға ие болды,белевші партия оңдастыға қаврикамы қал қайымы сваппо парламентық сайлауларды көптеген орыңға ейе болда
1733,Оның 78 ұсынысының біріншісі — Ирактың шекарасын дұшпандық араласудан қорғау және көршілерімен дипломатиялық қатынастарды қайта орнату үшін осы жылдың соңына дейін  жаңа дипломатиялық бастама қолға алынуы керек.,"Пуының жетпі сегіз осынусының біріншесі, ерактың шекарасын дышпандың арала судан көргау және көршілермен дипломателіқ катнастарды кайта орнатуышын, осы жылдың сонғадейін жаңа дипломателіқ пастама күлға алынуы керек.",оның 78 ұсынысының біріншісі ирактың шекарасын дұшпандық араласудан қорғау және көршілерімен дипломатиялық қатынастарды қайта орнату үшін осы жылдың соңына дейін жаңа дипломатиялық бастама қолға алынуы керек,пуының жетпі сегіз осынусының біріншесі ерактың шекарасын дышпандың арала судан көргау және көршілермен дипломателіқ катнастарды кайта орнатуышын осы жылдың сонғадейін жаңа дипломателіқ пастама күлға алынуы керек
1897,"Аймақ солтүстігінде Сахельмен шекаралас, ал оңтүстігі мен батысында Атлант мұхитымен шектеседі.","Аймах соқтстығынды сахайл мен шекаралас, алонгстық мен бацында атлант муқытмен шектеседі.",аймақ солтүстігінде сахельмен шекаралас ал оңтүстігі мен батысында атлант мұхитымен шектеседі,аймах соқтстығынды сахайл мен шекаралас алонгстық мен бацында атлант муқытмен шектеседі
1700,"Күңгірт жерлердің асты жұқа, ал жарық жерлердің асты қалың тау жынысынан тұрады.","Күнғыр жерлердің асты жықа, ал жаррық жерлердің асты, қалың тау жунысын ман түрады.",күңгірт жерлердің асты жұқа ал жарық жерлердің асты қалың тау жынысынан тұрады,күнғыр жерлердің асты жықа ал жаррық жерлердің асты қалың тау жунысын ман түрады
1887,"Лиггинс ауруханада жұмыс істей бастағанда, бос уақытында мерзімінен бұрын босануды зерттей бастады.","Легінз ауруханадажымыз ыстей бастағанды, бөз вақытында мерземінен бұрын бөсануды зіртей бастады.",лиггинс ауруханада жұмыс істей бастағанда бос уақытында мерзімінен бұрын босануды зерттей бастады,легінз ауруханадажымыз ыстей бастағанды бөз вақытында мерземінен бұрын бөсануды зіртей бастады
1689,"Еуропа — салыстырмалы түрде шағын, бірақ көп тәуелсіз елдері бар континент. Қалыпты жағдайларда, бірнеше ел арқылы саяхаттасаңыз, визаға өтінімдер беру және бірнеше рет төлқұжатты тексеруден өту керектігін білдіретін еді.","Европа солстырмалы түрде шағын бірақ көп төлсіз елдері бар континент. Калыты жақтайларда бірніші елі арқылы саяқаптасаңыз, визаға уетнімдер бірі уйу және бірніші ретділ қушатты текстеліуден уетің керектегін бірдеретінееді.",еуропа салыстырмалы түрде шағын бірақ көп тәуелсіз елдері бар континент қалыпты жағдайларда бірнеше ел арқылы саяхаттасаңыз визаға өтінімдер беру және бірнеше рет төлқұжатты тексеруден өту керектігін білдіретін еді,европа солстырмалы түрде шағын бірақ көп төлсіз елдері бар континент калыты жақтайларда бірніші елі арқылы саяқаптасаңыз визаға уетнімдер бірі уйу және бірніші ретділ қушатты текстеліуден уетің керектегін бірдеретінееді
1798,"Алғашқы күндері шоу тек ұзақ уақыттан бері жұмыс істеп келе жатқан TogiNet Radio интернет радиосында, сөйлесу радиосына негізделген сайтта өткен.","Алхашқы күндері шоутик, Қазақ вақтанбері жүмасыстеп кележат қанто генет радио-интернет радиосында, сөелесу радиосынан еңізділген сайта өткен.",алғашқы күндері шоу тек ұзақ уақыттан бері жұмыс істеп келе жатқан toginet radio интернет радиосында сөйлесу радиосына негізделген сайтта өткен,алхашқы күндері шоутик қазақ вақтанбері жүмасыстеп кележат қанто генет радио интернет радиосында сөелесу радиосынан еңізділген сайта өткен
1984,"Сондай-ақ массалық көлікке иелік жолдарда апаттардың көбірек болуына әкеледі, бұл зақымдалған денелерді жөндеу үшін денсаулық сақтау саласында жаңа әдістерді ойлап табуға әкеледі.","Сондаяқ, мақсылқ кұлікке елеп жолдарды, қабаттардың кұбрик болуны акеледі. Бұл, зақымдалған денелерді жүндең үшін дейсалық сақтав соласында жаңа әдістерді ойла бтабуға акеледі.",сондай ақ массалық көлікке иелік жолдарда апаттардың көбірек болуына әкеледі бұл зақымдалған денелерді жөндеу үшін денсаулық сақтау саласында жаңа әдістерді ойлап табуға әкеледі,сондаяқ мақсылқ кұлікке елеп жолдарды қабаттардың кұбрик болуны акеледі бұл зақымдалған денелерді жүндең үшін дейсалық сақтав соласында жаңа әдістерді ойла бтабуға акеледі
1984,"Сондай-ақ массалық көлікке иелік жолдарда апаттардың көбірек болуына әкеледі, бұл зақымдалған денелерді жөндеу үшін денсаулық сақтау саласында жаңа әдістерді ойлап табуға әкеледі.","Сондаяқ, мақсалық көліпке, елек солдарда, апаттардың көбірей кұлуна әкеледі. Бол, зақымдалған денелерді жөнде үшін, ден саулық сақтау соласында және адистерді ой лаптабуға әкеледі.",сондай ақ массалық көлікке иелік жолдарда апаттардың көбірек болуына әкеледі бұл зақымдалған денелерді жөндеу үшін денсаулық сақтау саласында жаңа әдістерді ойлап табуға әкеледі,сондаяқ мақсалық көліпке елек солдарда апаттардың көбірей кұлуна әкеледі бол зақымдалған денелерді жөнде үшін ден саулық сақтау соласында және адистерді ой лаптабуға әкеледі
1796,Бұл шөгінді жыныстар жабайы жануарлардың мекені болған құмқайырларды және жағажайларды жасауға қажет болды.,"Бұл шуғынды жұныстар, жабай жанварлардың мекені болған, кумқайрыларды, жағажайларды, жасаға кашет болды.",бұл шөгінді жыныстар жабайы жануарлардың мекені болған құмқайырларды және жағажайларды жасауға қажет болды,бұл шуғынды жұныстар жабай жанварлардың мекені болған кумқайрыларды жағажайларды жасаға кашет болды
1834,"Сонымен қатар солтүстігінде бүкіл әлемге әйгілі Мариан ғажабының орны болған, Фатимадағы Әйел ғибадатханасына барыңыз.",Солмен қатар солдстыңді бүкіл әлемге әйңлі Мариян ғажауның орыны болған. Фатимадағы әйел ғайбады тқанасына барыңыз.,сонымен қатар солтүстігінде бүкіл әлемге әйгілі мариан ғажабының орны болған фатимадағы әйел ғибадатханасына барыңыз,солмен қатар солдстыңді бүкіл әлемге әйңлі мариян ғажауның орыны болған фатимадағы әйел ғайбады тқанасына барыңыз
1913,"Жолбарыстың ақыруы арыстанның бар күшімен ақыруына ұқсамайды, ол ақырып қатты айтқан сөздерге көбірек ұқсайды.",Жол барыстың ақырыу арыстанның бар қышымен ақырыуна қысамайда үл ақырып қаттайтықан сөздерді көмірей көксайдым.,жолбарыстың ақыруы арыстанның бар күшімен ақыруына ұқсамайды ол ақырып қатты айтқан сөздерге көбірек ұқсайды,жол барыстың ақырыу арыстанның бар қышымен ақырыуна қысамайда үл ақырып қаттайтықан сөздерді көмірей көксайдым
1851,"Үзілмелі ағыстар жағаға, рифтерге соғылатын толқындардың кері ағыны болып табылады.",Узүлмейлі Алыстар жағаға рифтерге сұғылатын толкүндардың кеері ағаны болып табыладым.,үзілмелі ағыстар жағаға рифтерге соғылатын толқындардың кері ағыны болып табылады,узүлмейлі алыстар жағаға рифтерге сұғылатын толкүндардың кеері ағаны болып табыладым
1923,Әскерилерге және азаматтарға қажет заттардың қамтамасыз етілуін тоқтатқан бұл стратегия тиімді болып шықты. Дегенмен бұл блокада өткен екі ғасырдағы бірнеше халықаралық келісімде жазылған жалпы қабылданған халықаралық заңды бұзды.,"Аз кейрийлерге және азаматтарға қажет заттардың қамтамасыз етелің тоқтат қан, бөу стратай де теймді болып шықты. Дейден мембол блокады өткені еке ғасырдағы бірнеше халық аралық келесімді жазылған жалпы қабылнанған халық аралық зандыбызды.",әскерилерге және азаматтарға қажет заттардың қамтамасыз етілуін тоқтатқан бұл стратегия тиімді болып шықты дегенмен бұл блокада өткен екі ғасырдағы бірнеше халықаралық келісімде жазылған жалпы қабылданған халықаралық заңды бұзды,аз кейрийлерге және азаматтарға қажет заттардың қамтамасыз етелің тоқтат қан бөу стратай де теймді болып шықты дейден мембол блокады өткені еке ғасырдағы бірнеше халық аралық келесімді жазылған жалпы қабылнанған халық аралық зандыбызды
2009,"Ең оңай қол жеткізуге болаты өсімдік ресурстарына жапырақтар мен бұршақтарда қолжетімді ақуыздар болды, бірақ әзірлемесе, олар біз сияқты приматтар үшін қорытуға қиын.","Ең оғай қол жет кізуге болатты, өсімді кресустеріне жапрақтар мең бұршақтарда қол жетімді ағыздар болды. Бірақ әзерлемесе ұлар бәсіяқты прейматтар шыным қортуға қайын.",ең оңай қол жеткізуге болаты өсімдік ресурстарына жапырақтар мен бұршақтарда қолжетімді ақуыздар болды бірақ әзірлемесе олар біз сияқты приматтар үшін қорытуға қиын,ең оғай қол жет кізуге болатты өсімді кресустеріне жапрақтар мең бұршақтарда қол жетімді ағыздар болды бірақ әзерлемесе ұлар бәсіяқты прейматтар шыным қортуға қайын
1888,"Елге оралу шогы мәдени шоктан (мұнда бастапқы фаза өте аз) гөрі тезірек пайда болады, ол ұзаққа созылады және одан да ауыр болуы мүмкін.","Елге уралу шоғы мәдені шоктан мүнді бастап қыфазы өте аз. Гөрі тезрек пайда болады, ол өзі қасо злады, және оданда оыр болуынын күн.",елге оралу шогы мәдени шоктан мұнда бастапқы фаза өте аз гөрі тезірек пайда болады ол ұзаққа созылады және одан да ауыр болуы мүмкін,елге уралу шоғы мәдені шоктан мүнді бастап қыфазы өте аз гөрі тезрек пайда болады ол өзі қасо злады және оданда оыр болуынын күн
1969,Ол негізгі тақырыптың ең тиімді орны сызықтардың қиылысуында деп айтады. Бұл кескінді тігінен және көлденеңінен үштіктерге бөледі (мысалды қараңыз).,"Ол, негізгі тахраптан, ең теймді орна қызықтардың қеілсіңді дәді байта да. Бұл кескінді тегінен, және көлінен, үштіктерге бөледі. Мүсалды қаранғыз.",ол негізгі тақырыптың ең тиімді орны сызықтардың қиылысуында деп айтады бұл кескінді тігінен және көлденеңінен үштіктерге бөледі мысалды қараңыз,ол негізгі тахраптан ең теймді орна қызықтардың қеілсіңді дәді байта да бұл кескінді тегінен және көлінен үштіктерге бөледі мүсалды қаранғыз
1857,"Ол тағы былай деді: «дегенмен, олардан даму кезеңінен, жауапкершілігінен және мүмкіндіктерінен асатын міндеттемелерді қабылдауды сұрамау керек».",Ол тағы блайдеді. Деген мен олардан даму кезенінін жау кершелегінін және мүмкіндіқ тірінін асақын мүндеттемелерді қабылдауды сүрамау керек.,ол тағы былай деді дегенмен олардан даму кезеңінен жауапкершілігінен және мүмкіндіктерінен асатын міндеттемелерді қабылдауды сұрамау керек,ол тағы блайдеді деген мен олардан даму кезенінін жау кершелегінін және мүмкіндіқ тірінін асақын мүндеттемелерді қабылдауды сүрамау керек
1916,"Көп неміс пісірілген өнімдерінде сонымен бірге бадам, орман жаңғақтары және басқа ағаш жаңғақтары болады. Танымал торттар жиі қою кофенің саптыаяғымен өте жақсы желінеді.","Көп неміз пысырлген вымдерінде, сону мүмбірге бадағым орман жұңғақтары, және басқа үш жұңғақтары болады. Танмал тортар, жиғы, қойы, көфенін үстіптайармен өте чақсы желнееді.",көп неміс пісірілген өнімдерінде сонымен бірге бадам орман жаңғақтары және басқа ағаш жаңғақтары болады танымал торттар жиі қою кофенің саптыаяғымен өте жақсы желінеді,көп неміз пысырлген вымдерінде сону мүмбірге бадағым орман жұңғақтары және басқа үш жұңғақтары болады танмал тортар жиғы қойы көфенін үстіптайармен өте чақсы желнееді
1828,"Интернеттен «қауіпті ортаны» іздесеңіз, жергілікті компанияның мекен-жайын береді.",Интернеттен қауптавортаңыз десенғіз жергілекті кампанияның мекін жайын береді.,интернеттен қауіпті ортаны іздесеңіз жергілікті компанияның мекен жайын береді,интернеттен қауптавортаңыз десенғіз жергілекті кампанияның мекін жайын береді
1772,Осылайша нотация жай ғана белгі ретінде қосылған болуы мүмкін.,"Ослайша, натация жайғана білгаретінде қосылған болуы мымкын.",осылайша нотация жай ғана белгі ретінде қосылған болуы мүмкін,ослайша натация жайғана білгаретінде қосылған болуы мымкын
1775,"Бейне жазып алуды пайдалану бірнеше миллисекунд жалғасатын микро қимылдарды, бет бұлшық еттерінің қимылдарын түсіндіруде маңызды жаңалықтардың ашылуына себеп болды.",Бейне-жазы вауыды пайдағаның бірнеше милисигун жалгасадың микро кеймылдарды бет болшу леттерін кеймылдарым түндіріуде маңызды жон алқтардың ашылығына севеп болда.,бейне жазып алуды пайдалану бірнеше миллисекунд жалғасатын микро қимылдарды бет бұлшық еттерінің қимылдарын түсіндіруде маңызды жаңалықтардың ашылуына себеп болды,бейне жазы вауыды пайдағаның бірнеше милисигун жалгасадың микро кеймылдарды бет болшу леттерін кеймылдарым түндіріуде маңызды жон алқтардың ашылығына севеп болда
1972,"Көп адам оларды динозаврлар деп ойламайды, өйткені олардың қауырсындары бар және ұша алады.","Көйб адам оларды диназаврылар деп ойламайды, виткені олардың каурысында арыбар, және оша алады.",көп адам оларды динозаврлар деп ойламайды өйткені олардың қауырсындары бар және ұша алады,көйб адам оларды диназаврылар деп ойламайды виткені олардың каурысында арыбар және оша алады
1810,Калифорния губернаторы Арнольд Шварценеггер кәмелетке толмағандарға зорлық-зомбылық контенті бар видео ойындарды сатуға немесе жалға беруге тыйым салатын заңға қол қойды.,Калифорния губернаторы Арнольд Шварцнегер кемелет кетулмагандарыға зорлық зонбылық контенті бар видео оендарды сатуға немесе жалға беріге тіңім салатнызанға қолғойды.,калифорния губернаторы арнольд шварценеггер кәмелетке толмағандарға зорлық зомбылық контенті бар видео ойындарды сатуға немесе жалға беруге тыйым салатын заңға қол қойды,калифорния губернаторы арнольд шварцнегер кемелет кетулмагандарыға зорлық зонбылық контенті бар видео оендарды сатуға немесе жалға беріге тіңім салатнызанға қолғойды
1880,Осылайша қарындаш шыққан кезде көп адамдарға жақсы дос болды.,Осылайша қарандашық қангізде көведіңдарға жақсы дөзполды.,осылайша қарындаш шыққан кезде көп адамдарға жақсы дос болды,осылайша қарандашық қангізде көведіңдарға жақсы дөзполды
1997,Алайда туберкулезбен ауыратын адамдардың бүкіл тобындағы XDR-ТБ пайызы әлі де төмен болып көрінеді; Оңтүстік Африкада әрбір сәтте жалпы 330 000 адамның 6 мыңы ауру жұқтырады.,Алайда түбіркіліз бен ауратын адамдардың быкул туабындағы XDR-TB-пайзда әлі детамим болып гұрнеді. Уұнстың африкады әрбев сеттер жалпы үшіст үс үртіз мұға адамның алты мұғы ауру жұқпрада.,алайда туберкулезбен ауыратын адамдардың бүкіл тобындағы xdr тб пайызы әлі де төмен болып көрінеді оңтүстік африкада әрбір сәтте жалпы 330 000 адамның 6 мыңы ауру жұқтырады,алайда түбіркіліз бен ауратын адамдардың быкул туабындағы xdr tb пайзда әлі детамим болып гұрнеді уұнстың африкады әрбев сеттер жалпы үшіст үс үртіз мұға адамның алты мұғы ауру жұқпрада
1767,"Бұл солтүстік шұғыласын көрудің жақсы мүмкіндігін береді, өйткені аспан тәулік бойы азды-көпті күңгірт болады.","Бұл, соу түстік шығыласын көрдің жақсын үнкіндігін берейді. Бүткені аспан табылығу ойы азды көпті қыңгірт болады.",бұл солтүстік шұғыласын көрудің жақсы мүмкіндігін береді өйткені аспан тәулік бойы азды көпті күңгірт болады,бұл соу түстік шығыласын көрдің жақсын үнкіндігін берейді бүткені аспан табылығу ойы азды көпті қыңгірт болады
1729,"Мысалы, Солтүстік Каролина штатындағы Беннет мектебінің студенттері жыл сайын штат астанасына сапары туралы веб-сайтын жасайды, бұл веб-сайт жыл сайын қайта жасалады, бірақ ескі нұсқалар альбом ретінде онлайн сақталады.","Мүсалы, соуудсты қаралейна штатындағы бен әтмекте бенің студенттері жылсайын штат астанасына сапаратуралы веб-сайтын жасайды. Бұл веб-сайт жылсайын қайта жасалады, брақ ескынғыз қалар альбом ретінде онлайн сақталады.",мысалы солтүстік каролина штатындағы беннет мектебінің студенттері жыл сайын штат астанасына сапары туралы веб сайтын жасайды бұл веб сайт жыл сайын қайта жасалады бірақ ескі нұсқалар альбом ретінде онлайн сақталады,мүсалы соуудсты қаралейна штатындағы бен әтмекте бенің студенттері жылсайын штат астанасына сапаратуралы веб сайтын жасайды бұл веб сайт жылсайын қайта жасалады брақ ескынғыз қалар альбом ретінде онлайн сақталады
1896,"АҚШ гимнастикасы және АҚШ Олимпиада комитеті бір мақсатты көздейді - гимнастика және басқа да спорт түрлерін барынша қауіпсіз етіп, спортшылардың өз армандарын орындауды қауіпсіз, позитивті және мүмкіндіктерге толы ортада жүзеге асыруын қамтамасыз ету.","Ақыж гимнастика са және ақыж олимпиады қамететі тә бірмахсатты көздейді. Гимнастика және басқады спортерлерін, барынша каупсызетіп спорчлардың өзермандарын орндауды каупсыз, позитивты және мымкіндық түргеті олы ортада жәзеге асыруын қамтамасыз ету. Сұл ұл ұл ұл ұл ұл ұл ұл ұл ұл ұл ұл ұл ұл ұл ұл ұл ұл ұл ұл ұл ұл ұл ұл ұл ұл ұл ұл ұл ұл ұл ұл ұл ұл ұл ұл ұл ұл ұл ұл ұл ұл ұл ұл ұл ұл ұл ұл ұл ұл ұл ұл ұл ұл ұл ұл",ақш гимнастикасы және ақш олимпиада комитеті бір мақсатты көздейді гимнастика және басқа да спорт түрлерін барынша қауіпсіз етіп спортшылардың өз армандарын орындауды қауіпсіз позитивті және мүмкіндіктерге толы ортада жүзеге асыруын қамтамасыз ету,ақыж гимнастика са және ақыж олимпиады қамететі тә бірмахсатты көздейді гимнастика және басқады спортерлерін барынша каупсызетіп спорчлардың өзермандарын орндауды каупсыз позитивты және мымкіндық түргеті олы ортада жәзеге асыруын қамтамасыз ету сұл ұл ұл ұл ұл ұл ұл ұл ұл ұл ұл ұл ұл ұл ұл ұл ұл ұл ұл ұл ұл ұл ұл ұл ұл ұл ұл ұл ұл ұл ұл ұл ұл ұл ұл ұл ұл ұл ұл ұл ұл ұл ұл ұл ұл ұл ұл ұл ұл ұл ұл ұл ұл ұл ұл ұл
1868,"Спектрдің екінші жағында адам бейтаныс адамға айналады, ол топ орындайтын барлық әрекеттерді өзгертіп, оны өз бетінше жасау керек деп санайды.","Спектрдін еңінші жағымды адам бейтаныс адамға айналады. О, тоуп орндайтын барлыға рекеттерді візкерді, оны візбетінші жасау керекте бұсанайды.",спектрдің екінші жағында адам бейтаныс адамға айналады ол топ орындайтын барлық әрекеттерді өзгертіп оны өз бетінше жасау керек деп санайды,спектрдін еңінші жағымды адам бейтаныс адамға айналады о тоуп орндайтын барлыға рекеттерді візкерді оны візбетінші жасау керекте бұсанайды
1875,Мұхиттарға құйылатын планета өзендеріндегі судың толықтай 20 пайызы Амазонкадан келеді.,Мүкіттарға қуйылатын планетта өзендеріндегі судың толфтай жірмапайзы Амазонкаданкеледі.,мұхиттарға құйылатын планета өзендеріндегі судың толықтай 20 пайызы амазонкадан келеді,мүкіттарға қуйылатын планетта өзендеріндегі судың толфтай жірмапайзы амазонкаданкеледі
1814,"Сутегі иондары, бұл олардан электрондары алынып тасталған протондар болып табылады (өйткені сутегі атомдары бір протон мен бір электроннан тұрады).","Сутеңі үйондары, бұл ұлардан электрондары аланыптастылған протондар болыптаблады. Вүткені, сутеңі үтмдары бір протонмен бір электроннын тұрады.",сутегі иондары бұл олардан электрондары алынып тасталған протондар болып табылады өйткені сутегі атомдары бір протон мен бір электроннан тұрады,сутеңі үйондары бұл ұлардан электрондары аланыптастылған протондар болыптаблады вүткені сутеңі үтмдары бір протонмен бір электроннын тұрады
1811,"802.11n стандарты 2,4 Ггц және 5,0 Ггц жиіліктерінде жұмыс істейді.","Сүгүшзекі 0-омбір n-стандарта екеде 4 Гегерс, және 20 Гегерс жилктерінде жүмістійді.",802 11n стандарты 2 4 ггц және 5 0 ггц жиіліктерінде жұмыс істейді,сүгүшзекі 0 омбір n стандарта екеде 4 гегерс және 20 гегерс жилктерінде жүмістійді
1835,"Цунами туралы ескерту берілмеді және Джакартаның геофизика агенттігінің деректеріне сай, цунами туралы ескерту берілмейді, өйткені жер сілкінісі 6,5 магнитудасы талабына сай болмады.","Сунамет уралы ескерту бір өлмеді, және Джакарта ұнғе афизика агенттыңдеректерне сай, Сунамет уралы ескерту бір өлмеді, өткені жер сілкенесі алтыбытын оннан бейс мүгнетудасы талабна сай болмады.",цунами туралы ескерту берілмеді және джакартаның геофизика агенттігінің деректеріне сай цунами туралы ескерту берілмейді өйткені жер сілкінісі 6 5 магнитудасы талабына сай болмады,сунамет уралы ескерту бір өлмеді және джакарта ұнғе афизика агенттыңдеректерне сай сунамет уралы ескерту бір өлмеді өткені жер сілкенесі алтыбытын оннан бейс мүгнетудасы талабна сай болмады
1944,"Бұл кейде адам көп болатын отбасылық жағажайлар, жағалауда көптеген дүкендері бар. Қауіпсіз жүзуге болады.","Был кейде адам көп болатын отбасылық жағажайлар, жағалауды көп теген дөкіндері бар, каупсіз жізіге болады.",бұл кейде адам көп болатын отбасылық жағажайлар жағалауда көптеген дүкендері бар қауіпсіз жүзуге болады,был кейде адам көп болатын отбасылық жағажайлар жағалауды көп теген дөкіндері бар каупсіз жізіге болады
1668,Сондай-ақ Wild Card картасын сатып алған пайдалы болуы мүмкін. Ол Оңтүстік Африкадағы парктарға немесе Оңтүстік Африканың барлық ұлттық парктарына кіруге мүмкіндік береді.,"Сондаяқ Вайлдкарт, картасын сатып алған пайдалы болуы үмкін. Ол үнтстік африкадағы парктарыға, німесе үнтстік африканың барлық үлттық парктарына қрыге мүмкіндің береді.",сондай ақ wild card картасын сатып алған пайдалы болуы мүмкін ол оңтүстік африкадағы парктарға немесе оңтүстік африканың барлық ұлттық парктарына кіруге мүмкіндік береді,сондаяқ вайлдкарт картасын сатып алған пайдалы болуы үмкін ол үнтстік африкадағы парктарыға німесе үнтстік африканың барлық үлттық парктарына қрыге мүмкіндің береді
1932,"Басталғаннан бес минуттан кейін жел күшее бастайды, бір минуттан кейін, жел 70 км/сағ жылдамдығына жетеді... содан кейін жаңбыр келді, бірақ тамшыларының қатты және үлкен болғаны сонша, теріңізге ине сияқты шаншылады, содан кейін аспаннан бұршақ жауды, адамдар үрейленіп, айқайлады және бір бірінің үстінен өтіп жатты.","Басталғаннан 5 минуттан кеін жел кыши е бастайды. Бір минуттан кеін жел 75 км сақат жылдамдығнажетеді. Содан кеін жаң біркелді. Бырак тамшыларның қатты, және үлкен болғаны сонша, терін үзге үніес еқты шаншлады. Содан кеін аспаннан бірші. Жағы жауды, адамдар үреленіп әйқайлады, жәні бір-бірінің үстінің өтіп жадды.",басталғаннан бес минуттан кейін жел күшее бастайды бір минуттан кейін жел 70 км сағ жылдамдығына жетеді содан кейін жаңбыр келді бірақ тамшыларының қатты және үлкен болғаны сонша теріңізге ине сияқты шаншылады содан кейін аспаннан бұршақ жауды адамдар үрейленіп айқайлады және бір бірінің үстінен өтіп жатты,басталғаннан 5 минуттан кеін жел кыши е бастайды бір минуттан кеін жел 75 км сақат жылдамдығнажетеді содан кеін жаң біркелді бырак тамшыларның қатты және үлкен болғаны сонша терін үзге үніес еқты шаншлады содан кеін аспаннан бірші жағы жауды адамдар үреленіп әйқайлады жәні бір бірінің үстінің өтіп жадды
1824,"Мысырлық өлілер алқабындағы Гиза үстіртінде немесе «Гиза некрополисінде» бірнеше пирамида (олардың ішінде ұлы пирамида ең үлкені болып табылады), бірнеше шағын саркофаг, бірнеше храм және ұлы Сфинкс бар.","Масырлық өлілі рағауындаға гиза астюрнды, немесе гиза, никрополисынды, бірнеше пирамида, олардың жінде олопирамида еңілкені болып табылады. Бірнеше шағым саркафақ, бірнеше храм, және олос фингспар.",мысырлық өлілер алқабындағы гиза үстіртінде немесе гиза некрополисінде бірнеше пирамида олардың ішінде ұлы пирамида ең үлкені болып табылады бірнеше шағын саркофаг бірнеше храм және ұлы сфинкс бар,масырлық өлілі рағауындаға гиза астюрнды немесе гиза никрополисынды бірнеше пирамида олардың жінде олопирамида еңілкені болып табылады бірнеше шағым саркафақ бірнеше храм және олос фингспар
1719,"Қаһарлы ауа-райы - ауыр зақым келтіретін, қоғамдық құрылымға қатты қалал келтіретін және адам өлімдеріне себеп болуы мүмкін болған кез-келген қауіпті ауа-райының құбылыстарына айтылатын ұғым.","Кахарлы оварайы орыз ақым келтеретін, қогамды құрылымға қатты қалал келтеретін, және адам өлімдеріне сибип олымым кен болған, кезгелген каупты оварайының қабылыстарына айтылатын оғым.",қаһарлы ауа райы ауыр зақым келтіретін қоғамдық құрылымға қатты қалал келтіретін және адам өлімдеріне себеп болуы мүмкін болған кез келген қауіпті ауа райының құбылыстарына айтылатын ұғым,кахарлы оварайы орыз ақым келтеретін қогамды құрылымға қатты қалал келтеретін және адам өлімдеріне сибип олымым кен болған кезгелген каупты оварайының қабылыстарына айтылатын оғым
1734,Ғалымдар қара материя басқа қара материяға қарапайым материя сияқты әсер етеді деп тұжырымдай алды.,"Галымдар қараматерия, басқа қараматерияға қарапайым материя сияқты асер едеді деп түжұрымдай алды.",ғалымдар қара материя басқа қара материяға қарапайым материя сияқты әсер етеді деп тұжырымдай алды,галымдар қараматерия басқа қараматерияға қарапайым материя сияқты асер едеді деп түжұрымдай алды
1845,Күймеде олар айқайлап жатқан және король мен патшайымға қоқан-лоққыларды айқайлап айтып жатқан адамдар тобы қоршаған күйде Парижге қайтып оралды.,"Күймеде олар айқайлыб жатқаын, және Карол мен патчаымға, қоқан лоқыларды айқайлыб айтыб жатқаын адымдар тоуы, қошағын күдіі парежеге қайты бұралды.",күймеде олар айқайлап жатқан және король мен патшайымға қоқан лоққыларды айқайлап айтып жатқан адамдар тобы қоршаған күйде парижге қайтып оралды,күймеде олар айқайлыб жатқаын және карол мен патчаымға қоқан лоқыларды айқайлыб айтыб жатқаын адымдар тоуы қошағын күдіі парежеге қайты бұралды
1843,"Данди университетінің профессоры Памела Фергюсон журналистер күдікті адамдардың фотосуреттерін жариялай отырып, өздеріне қауіп төндіретінін айтты.",Данди универстетінін үңпрофесера Памейла Фергусын журналистер қытықты адамдардың фотосюреттерін жарел айотарап үзерне қаупты үндеретінын әйтті.,данди университетінің профессоры памела фергюсон журналистер күдікті адамдардың фотосуреттерін жариялай отырып өздеріне қауіп төндіретінін айтты,данди универстетінін үңпрофесера памейла фергусын журналистер қытықты адамдардың фотосюреттерін жарел айотарап үзерне қаупты үндеретінын әйтті
1698,Әлемдегі барлық нәрсе материядан тұрады. Материяның барлығы атомдар деп аталатын кішкентай бөлшектерден тұрады.,"Элемдекі барлығынарсе материядан трады. Материяның барлығы атомдар деп аталатны, кашкен тайбілшіктерден трады.",әлемдегі барлық нәрсе материядан тұрады материяның барлығы атомдар деп аталатын кішкентай бөлшектерден тұрады,элемдекі барлығынарсе материядан трады материяның барлығы атомдар деп аталатны кашкен тайбілшіктерден трады
1732,"Оқиғалар Еуропа тарихындағы 11, 12 және 13 ғасырларды қамтитын орта ғасырлардың ортаңғы кезеңінде (б.з. 1000-1300 жылдар) орын алған.","Руқығалар, Европа тарикындаға 11-і, 11-і, және 13-ші касырларды қамтиті, ұрта касырлардың ұртанғы кезенінде, біздің заманғы мүңыңші, мүңышүзінші жұлдар, орын алған.",оқиғалар еуропа тарихындағы 11 12 және 13 ғасырларды қамтитын орта ғасырлардың ортаңғы кезеңінде б з 1000 1300 жылдар орын алған,руқығалар европа тарикындаға 11 і 11 і және 13 ші касырларды қамтиті ұрта касырлардың ұртанғы кезенінде біздің заманғы мүңыңші мүңышүзінші жұлдар орын алған
1817,Шенген аймағы бұл тұрғыдан бір ел сияқты жұмыс істейді.,"Шенге Қаймағы бұл тұрғондан, бұл тұрғодан бәрі елесеяқты жұмыстейді.",шенген аймағы бұл тұрғыдан бір ел сияқты жұмыс істейді,шенге қаймағы бұл тұрғондан бұл тұрғодан бәрі елесеяқты жұмыстейді
1876,Солтүстік Мариан аралдарындағы төтенше жағдай қызметі елде ешқандай зақым келтіретін жағдайлар орын алмады деп хабарлайды.,Сол түстык Мариян ұралдарындақы төтінші жақдай қазметі елде еш қандайзақым келтриетін жақдайлар орын алмады деп хабарлайды.,солтүстік мариан аралдарындағы төтенше жағдай қызметі елде ешқандай зақым келтіретін жағдайлар орын алмады деп хабарлайды,сол түстык мариян ұралдарындақы төтінші жақдай қазметі елде еш қандайзақым келтриетін жақдайлар орын алмады деп хабарлайды
1838,Гизадағы Ұлы Пирамида - жеті ғажайыптың ішіндегі бүгінгі күнге дейін сақталып қалған жалғыз ғажап.,"Гейзадығы ұлып ерамиді, че-то хажа ептін үшіндегі бүгінгі күнгеден сақталып калған жалқыз, хажап.",гизадағы ұлы пирамида жеті ғажайыптың ішіндегі бүгінгі күнге дейін сақталып қалған жалғыз ғажап,гейзадығы ұлып ерамиді че то хажа ептін үшіндегі бүгінгі күнгеден сақталып калған жалқыз хажап
1795,"1988 жылдан бері сайлау жәшіктері мөлдір болуы керек, сонда дауыс берушілер мен бақылаушылар дауыс беру басталған кезде ешқандай хатқалталар жоқ екеніне және тиісті түрде есептелген және рұқсат етілген сайлаушылардың хатқалталарынан басқа хатқалталар қосылмағанына куәгер бола алады.","Бірмінг түокл жөз, 88-ін жүлдің бейры, сайлау жашықтейры мөлдір болуы керек. Сонда, дауыз бейрышызілермен бақлаушылар дауыз бейру басталқан кезде, ешқандай хат калталары жоғы екеніне, және тейсті түрде есіптеліген, және рық саад етіліген сайлаушылардың, хат калталарынан басқа халталар қосылмақаныны көгер бола алады.",1988 жылдан бері сайлау жәшіктері мөлдір болуы керек сонда дауыс берушілер мен бақылаушылар дауыс беру басталған кезде ешқандай хатқалталар жоқ екеніне және тиісті түрде есептелген және рұқсат етілген сайлаушылардың хатқалталарынан басқа хатқалталар қосылмағанына куәгер бола алады,бірмінг түокл жөз 88 ін жүлдің бейры сайлау жашықтейры мөлдір болуы керек сонда дауыз бейрышызілермен бақлаушылар дауыз бейру басталқан кезде ешқандай хат калталары жоғы екеніне және тейсті түрде есіптеліген және рық саад етіліген сайлаушылардың хат калталарынан басқа халталар қосылмақаныны көгер бола алады
1813,"Барселонаның ресми тілдері болып каталан және испан тілдері табылады. Шамамен жартысы каталан тілінде сөйлеуді жөн көреді, көпшілігі оны түсінеді және барлығы дерлік испан тілінде сөйлейді.",Марселону үн үлдері үшпантілдері табылады. Шамамен жартасы қаталантылінде сөйліуді жүнгүреді. Көпшілігі оныцнеді жөне барлығыдерлік үспантылінде сөйлійді.,барселонаның ресми тілдері болып каталан және испан тілдері табылады шамамен жартысы каталан тілінде сөйлеуді жөн көреді көпшілігі оны түсінеді және барлығы дерлік испан тілінде сөйлейді,марселону үн үлдері үшпантілдері табылады шамамен жартасы қаталантылінде сөйліуді жүнгүреді көпшілігі оныцнеді жөне барлығыдерлік үспантылінде сөйлійді
1802,Интернет жалпы және адамдар арасындағы байланыс элементтерін біріктіреді.,Интернет-чалпы және адымдар арасындағы байланынс элементерін біркдіре де.,интернет жалпы және адамдар арасындағы байланыс элементтерін біріктіреді,интернет чалпы және адымдар арасындағы байланынс элементерін біркдіре де
1895,Грек тілін білу азайғаннан кейін батыс өзінің грек философиялық және ғылыми түбірлерінен бөлініп кеткенін тапты.,Гректіні білі азайғаннан кейін баатсуызымың Грек философиалық және ғалыме ютубырлі ерне бөлініп кеткейіні тапта.,грек тілін білу азайғаннан кейін батыс өзінің грек философиялық және ғылыми түбірлерінен бөлініп кеткенін тапты,гректіні білі азайғаннан кейін баатсуызымың грек философиалық және ғалыме ютубырлі ерне бөлініп кеткейіні тапта
1790,"Оның жұмысы соншалықты танылған сапалы және егжей-тегжейлі болғандықтан, филателистер арасында өте аз «үй иелері атауларының » бірі болып есептеледі. Кейбіреулер өзінің жұмысын жалғыздықта жинауға маманданған.","Бонум жұмысы соншалықты қанылған сапаулы, және екжейт екжейлі болғандықтан филателистер арасында уыте аз, үй, елері атауларның бірі болы бейсептеліеді. Ки біріңілер өзінің жұмысын жалғыздықта жен оға мамандыңған.",оның жұмысы соншалықты танылған сапалы және егжей тегжейлі болғандықтан филателистер арасында өте аз үй иелері атауларының бірі болып есептеледі кейбіреулер өзінің жұмысын жалғыздықта жинауға маманданған,бонум жұмысы соншалықты қанылған сапаулы және екжейт екжейлі болғандықтан филателистер арасында уыте аз үй елері атауларның бірі болы бейсептеліеді ки біріңілер өзінің жұмысын жалғыздықта жен оға мамандыңған
1759,"29 жасар д-р Малар Баласубраманиан, Цинциннатиден шамамен 15 миля солтүстікке қарай орналасқан Огайо, Блю Эште табылды. Ол жолдың бойында жерде футболкада және ішкиімде жатты. Ол көп дәрі ішкен күйде болып көрінді.","Жермату ғыз жасар, доктор Малар Бала Субраманьян сен сенатеден шамамен онбес мелі соусты ке қарайорны ласқан, ағайо блю еште табылда. Ол жолгым бойында жерде футболгады және үшкейм де жатта. Ол көгді ары үшкен кейде болып көрінде.",29 жасар д р малар баласубраманиан цинциннатиден шамамен 15 миля солтүстікке қарай орналасқан огайо блю эште табылды ол жолдың бойында жерде футболкада және ішкиімде жатты ол көп дәрі ішкен күйде болып көрінді,жермату ғыз жасар доктор малар бала субраманьян сен сенатеден шамамен онбес мелі соусты ке қарайорны ласқан ағайо блю еште табылда ол жолгым бойында жерде футболгады және үшкейм де жатта ол көгді ары үшкен кейде болып көрінде
1741,"Солтүстікте ары қарай орналасқан үлкен аумақтарда халық өте сирек қоныстанған, ал кейбіреулері елсіз дерлік жабайы жерлер.",Сол түстікті ары қарай орналасқан ылкен аумактарда халық өте серек қонстанған алкейберевлері елсіздерлік жабай жерлер.,солтүстікте ары қарай орналасқан үлкен аумақтарда халық өте сирек қоныстанған ал кейбіреулері елсіз дерлік жабайы жерлер,сол түстікті ары қарай орналасқан ылкен аумактарда халық өте серек қонстанған алкейберевлері елсіздерлік жабай жерлер
1854,Көліктің өзі сол күні шамамен 12:00 GMT уақытында апат орнынан әкетілген.,Көлікті мәзі солқыны шамамен 12.00 GMT вақтында апат орнынан акетілген.,көліктің өзі сол күні шамамен 12 00 gmt уақытында апат орнынан әкетілген,көлікті мәзі солқыны шамамен 12 00 gmt вақтында апат орнынан акетілген
2003,"Гонконгтың ең жақсы көрінісін тамашалау үшін аралдан шығып, Коулун жағалауына қарай бет бұрыңыз.",Гангконгтың ең жақсы көрінсін тамашалаушын аралдан шығып көлің цұғалауна қарайбет бұрыңыз.,гонконгтың ең жақсы көрінісін тамашалау үшін аралдан шығып коулун жағалауына қарай бет бұрыңыз,гангконгтың ең жақсы көрінсін тамашалаушын аралдан шығып көлің цұғалауна қарайбет бұрыңыз
1901,"AI-дің ғылыми фантастикалық қосымша мағынасы болғанымен, AI іс-қимылды, оқытуды және машиналарда сананы қолдануды қамтитын компьютерлік ғылымның аса маңызды бір саласын құрайды.","Алдың ғылыми фантастикалы қосым шамагынасы болғанымен, ал әскаймылды, үкутыды, және машиналарды сананы үколданыуды қамтиті кампьютерлі қалымның асамаңызды бір саласыны қорайды.",ai дің ғылыми фантастикалық қосымша мағынасы болғанымен ai іс қимылды оқытуды және машиналарда сананы қолдануды қамтитын компьютерлік ғылымның аса маңызды бір саласын құрайды,алдың ғылыми фантастикалы қосым шамагынасы болғанымен ал әскаймылды үкутыды және машиналарды сананы үколданыуды қамтиті кампьютерлі қалымның асамаңызды бір саласыны қорайды
1960,"Оның жасы 20-да болғаны хабарланды. Өз мәлімдемесінде Бибер былай деді: «ол жерде болмағаныммен әрі осы қайғылы апатқа тікелей қатысты болмағаныммен, мен құрбанның отбасы туралы ойлаймын және оларға дұғалар арнаймын.","Оның жасы жермады болғаны хабарланды. өзмелім димесінде бейбер былай деді. үл жерде болмағаным мен, әрі осы қайғылы апатка текелей қатысты болмағаным мен, мен қурбанымғу адпасы тұрауыла ойлаймын және олырға дұғалар арнаымын.",оның жасы 20 да болғаны хабарланды өз мәлімдемесінде бибер былай деді ол жерде болмағаныммен әрі осы қайғылы апатқа тікелей қатысты болмағаныммен мен құрбанның отбасы туралы ойлаймын және оларға дұғалар арнаймын,оның жасы жермады болғаны хабарланды өзмелім димесінде бейбер былай деді үл жерде болмағаным мен әрі осы қайғылы апатка текелей қатысты болмағаным мен мен қурбанымғу адпасы тұрауыла ойлаймын және олырға дұғалар арнаымын
1861,"Нәтижесінде, орындаушылар сахнада каннабисті шекті және театрдың өзі аудиоторияны қосылуға шақырды.",Етішесінде орндаушлар сахнады қанна бейсті шекты жанет театратың өз аудиториянық хослуға шахарда.,нәтижесінде орындаушылар сахнада каннабисті шекті және театрдың өзі аудиоторияны қосылуға шақырды,етішесінде орндаушлар сахнады қанна бейсті шекты жанет театратың өз аудиториянық хослуға шахарда
1916,"Көп неміс пісірілген өнімдерінде сонымен бірге бадам, орман жаңғақтары және басқа ағаш жаңғақтары болады. Танымал торттар жиі қою кофенің саптыаяғымен өте жақсы желінеді.",Көп неміз бүсілген вүнімдерінде сонымен бірге бадағам орман жанғақтары ажане басқа ағаш жанғақтары болады. Танымал торттар жиі қою көфенің сыптайағмен өті жақса желінеді.,көп неміс пісірілген өнімдерінде сонымен бірге бадам орман жаңғақтары және басқа ағаш жаңғақтары болады танымал торттар жиі қою кофенің саптыаяғымен өте жақсы желінеді,көп неміз бүсілген вүнімдерінде сонымен бірге бадағам орман жанғақтары ажане басқа ағаш жанғақтары болады танымал торттар жиі қою көфенің сыптайағмен өті жақса желінеді
1866,"Біріншіден, шабандоздардың көпшілігі өкшесі және тегіс, айтарлықтай енсіз табаны бар салт жүріске арналған етікті киеді.","Бірінші деін шабан доздардың көпшілігі үкшейсі женетегіз, айтарлықтай еңсіз табаны бар. Сау түрістге Арналған еетікті киеді.",біріншіден шабандоздардың көпшілігі өкшесі және тегіс айтарлықтай енсіз табаны бар салт жүріске арналған етікті киеді,бірінші деін шабан доздардың көпшілігі үкшейсі женетегіз айтарлықтай еңсіз табаны бар сау түрістге арналған еетікті киеді
1797,Әр адам қоғамға қатысады және көлік жүйелерін пайдаланады. Әркім дерлік көлік жүйелері туралы шағымданады.,"Эр адам қоғанға қатсады, және кұілік жұілерін пайдаланады, әркім, дірлік кұілік жұілері туралы шағымданады.",әр адам қоғамға қатысады және көлік жүйелерін пайдаланады әркім дерлік көлік жүйелері туралы шағымданады,эр адам қоғанға қатсады және кұілік жұілерін пайдаланады әркім дірлік кұілік жұілері туралы шағымданады
1843,"Данди университетінің профессоры Памела Фергюсон журналистер күдікті адамдардың фотосуреттерін жариялай отырып, өздеріне қауіп төндіретінін айтты.",Данди универстетінғы үпіпіңіпіңіпіңіпіңіпіңіпіңіпіңіпіңіпіпіңіпіпіңіпіпіпіпіпіпіпіпіпіпіпіпіпіпіпіпіпіпіпіпіпіпіпіпіпіпіпіпіпіпіпіпіпіпіпіпіпіпіпіпіпіпіпіпіпіпіпіпіпіпіпіпіпіпіпіпіпіпіпіпіпіпіпіпіпіпіпіпіпіпіпіпіпіпіпіпіп,данди университетінің профессоры памела фергюсон журналистер күдікті адамдардың фотосуреттерін жариялай отырып өздеріне қауіп төндіретінін айтты,данди универстетінғы үпіпіңіпіңіпіңіпіңіпіңіпіңіпіңіпіңіпіпіңіпіпіңіпіпіпіпіпіпіпіпіпіпіпіпіпіпіпіпіпіпіпіпіпіпіпіпіпіпіпіпіпіпіпіпіпіпіпіпіпіпіпіпіпіпіпіпіпіпіпіпіпіпіпіпіпіпіпіпіпіпіпіпіпіпіпіпіпіпіпіпіпіпіпіпіпіпіпіпіп
1728,Химикаттың қышқылдығы немесе сілтілігіне байланысты орамжапырақ шырынының түсі өзгереді.,Химикаттың пұшқалдылығы немесет селтелігіне балансты орам жапрақ шаранының түсі үзгереді.,химикаттың қышқылдығы немесе сілтілігіне байланысты орамжапырақ шырынының түсі өзгереді,химикаттың пұшқалдылығы немесет селтелігіне балансты орам жапрақ шаранының түсі үзгереді
1789,"Басқа аталымдар қатарына «Үздік фильм», «Режиссер», «Операторлық жұмыс», «Костюмдер дизайны», «Фильмді монтаждау», «Түпнұсқа саундтрек», «Қойылым дизайны», «Дыбысты редакциялау», «Дыбысты араластыру» және «Түпнұсқа сценарий» жатады.","Пасқа атлындар қатарына, үздік фильм, режиссер, афератарлық жұмыз, кастюмдер дизайна, фильмді мандаждау, түп нүскас аудрек, койлім дизайны, дүвысты редакциалы, дүвыста араластыру, че түп нүскас сценария чатады.",басқа аталымдар қатарына үздік фильм режиссер операторлық жұмыс костюмдер дизайны фильмді монтаждау түпнұсқа саундтрек қойылым дизайны дыбысты редакциялау дыбысты араластыру және түпнұсқа сценарий жатады,пасқа атлындар қатарына үздік фильм режиссер афератарлық жұмыз кастюмдер дизайна фильмді мандаждау түп нүскас аудрек койлім дизайны дүвысты редакциалы дүвыста араластыру че түп нүскас сценария чатады
1696,"Университеттегі зерттеушілердің айтуынша, екі қосылыс бір-бірімен реакцияға түсіп, бүйрек қызметін тоқтата алатын кристалдар құрады.",Университеттегі зертеушілердің әйтіуныша екекослыст бөріңің реексағатысып бүрің қізметің токтата алатны кристалдар қурады.,университеттегі зерттеушілердің айтуынша екі қосылыс бір бірімен реакцияға түсіп бүйрек қызметін тоқтата алатын кристалдар құрады,университеттегі зертеушілердің әйтіуныша екекослыст бөріңің реексағатысып бүрің қізметің токтата алатны кристалдар қурады
1683,"Мұнда осы уақытқа дейін осында өмір сүрген көптеген ерлер мен әйелдер, сондай-ақ жақындары қаза болған немесе соңғы демі қалғанша қызмет еткен еврей, еврей емес тірі адамдар көп.","Монда осу вақтқадейін осында уымір түрген көптегені ерлермен әйелдір, сондаяқ жақындары, қаза, болған, немесес, сонғы демі, қалғанша, қызме детген еврей, еврей емес, емес түрі адамдар көп.",мұнда осы уақытқа дейін осында өмір сүрген көптеген ерлер мен әйелдер сондай ақ жақындары қаза болған немесе соңғы демі қалғанша қызмет еткен еврей еврей емес тірі адамдар көп,монда осу вақтқадейін осында уымір түрген көптегені ерлермен әйелдір сондаяқ жақындары қаза болған немесес сонғы демі қалғанша қызме детген еврей еврей емес емес түрі адамдар көп
1782,Сондай-ақ әр династиялар арасында бөлінген провинциялардың тұрақсыз дәуірі болды. Осы кезеңдердің ең танымалсы — Хань мен Цзинь династияларының арасында 60 жыл бойы болған Үш патшалық дәуірі еді.,"Сондаяқ әр династиалыр ұрасында, бөлінген провинциалардың трақсыз дауыры бұлда. Осы кезіндердің ең танымасы, ханмен зен династиалырның ұрасында алпасыл бойы болған үшпатшалық дауыры еды.",сондай ақ әр династиялар арасында бөлінген провинциялардың тұрақсыз дәуірі болды осы кезеңдердің ең танымалсы хань мен цзинь династияларының арасында 60 жыл бойы болған үш патшалық дәуірі еді,сондаяқ әр династиалыр ұрасында бөлінген провинциалардың трақсыз дауыры бұлда осы кезіндердің ең танымасы ханмен зен династиалырның ұрасында алпасыл бойы болған үшпатшалық дауыры еды
1662,Қорытпалар негізінен екі немесе одан да көп металдардың қоспасы болып табылады. Периодты кестеде көптеген элементтер бар екенін ұмытпаңыз.,"Кұртпалар негізнең екі, немесе одаынды көп металдардың көспа қысы болып табылады. Переи одыты кистедей көптеген элементтер барыкенің омутпалыс.",қорытпалар негізінен екі немесе одан да көп металдардың қоспасы болып табылады периодты кестеде көптеген элементтер бар екенін ұмытпаңыз,кұртпалар негізнең екі немесе одаынды көп металдардың көспа қысы болып табылады переи одыты кистедей көптеген элементтер барыкенің омутпалыс
1745,"Өсімдіктер табиғи жағдайда жақсы көрінеді, сондықтан олардың «бір данасын» да алып тастамаңыз.","Бөзімдіктір табеңі жағдайда, жағсы көрнееді. Сондықтан олардың бірді анасында алып тастаманғыз.",өсімдіктер табиғи жағдайда жақсы көрінеді сондықтан олардың бір данасын да алып тастамаңыз,бөзімдіктір табеңі жағдайда жағсы көрнееді сондықтан олардың бірді анасында алып тастаманғыз
1753,"Бұл көбінесе бар болғаны дәл емес стереотип болғанымен, Парижде өмір сүрудің ең жақсы жолы – ең жақсы мінез-құлықты көрсету, жақсы тәрбиеленген адам сияқты әрекет ету. Бұл саяхаттауды айтарлықтай жеңілдетеді.","Бұл көпінесе бар болғаны дәлемес, стириатип болғаны мен, бар ежде өмір сүрідін ең жақсы жұлык, ең жақсы мүне сұлықты көрсе тұ, жақсы тәрбейлінге надам сияқты арекетей тұ. Бұл са еқат тауды айтарлықтай женілдетеді.",бұл көбінесе бар болғаны дәл емес стереотип болғанымен парижде өмір сүрудің ең жақсы жолы ең жақсы мінез құлықты көрсету жақсы тәрбиеленген адам сияқты әрекет ету бұл саяхаттауды айтарлықтай жеңілдетеді,бұл көпінесе бар болғаны дәлемес стириатип болғаны мен бар ежде өмір сүрідін ең жақсы жұлык ең жақсы мүне сұлықты көрсе тұ жақсы тәрбейлінге надам сияқты арекетей тұ бұл са еқат тауды айтарлықтай женілдетеді
1686,"Нәтижесінде, кедергіні  жеңу мақсатында бірлескен жұмысты ұйымдастыру процесі тапсырыс берушілердің қажеттіліктеріне қызмет ететін жаңа инновациялық процеске әкелуі мүмкін.",Нәти жесінде кедерғаны жеймы мақсатында бірлескен жүмүсті өмдастүру процесы тап сүріст берюшілердің көжетті лектерне қазмейдетін жана иновацияалык процески әкеліғымым күн.,нәтижесінде кедергіні жеңу мақсатында бірлескен жұмысты ұйымдастыру процесі тапсырыс берушілердің қажеттіліктеріне қызмет ететін жаңа инновациялық процеске әкелуі мүмкін,нәти жесінде кедерғаны жеймы мақсатында бірлескен жүмүсті өмдастүру процесы тап сүріст берюшілердің көжетті лектерне қазмейдетін жана иновацияалык процески әкеліғымым күн
1779,Бұл хабарландыру Трамп Түркия президенті Реджеп Тайып Ердоғанмен телефон арқылы сөйлескеннен кейін жасалды.,"Бұл хабарландыру Трамп, Тұркия президента Реджеп Тайп ирдағанмен Телефон аркалы сөлескен ненген жасалда.",бұл хабарландыру трамп түркия президенті реджеп тайып ердоғанмен телефон арқылы сөйлескеннен кейін жасалды,бұл хабарландыру трамп тұркия президента реджеп тайп ирдағанмен телефон аркалы сөлескен ненген жасалда
2004,"Дәл осы айда тағы бір ұшақ Мешхедтің ұшу-қону жолағын басып өтіп, қабырғаға соғылып он жеті адамды өлтірді.","Делеса айда тағыбар ушак мешкеттін шуғу қоноу жалағым басы бөдіп, қабрага сұғылы бонджеті адамды уелдерді.",дәл осы айда тағы бір ұшақ мешхедтің ұшу қону жолағын басып өтіп қабырғаға соғылып он жеті адамды өлтірді,делеса айда тағыбар ушак мешкеттін шуғу қоноу жалағым басы бөдіп қабрага сұғылы бонджеті адамды уелдерді
1864,Кирчнер ханым Аргентина театрында өзінің президенттік сайлауға қатысу ниеті туралы жариялады. Ол 2005 жылғы Буэнос-Айрес провинциясының делегациясының мүшесі ретінде Сенат үшін науқанын бастау үшін дәл осы жерді пайдаланған.,"Керченер ханым Аргентина театроныда өзінін президентік сайлауға хатсуы нияты турала жарияла да. Олы екімін бейсінші жылға, бөйін аса иерасправін сиясның, делегаат сиясның бүші сәсеретінде Сенатшын, Науқан, Вастаушын, Дел, Осы жерде пайда ланган.",кирчнер ханым аргентина театрында өзінің президенттік сайлауға қатысу ниеті туралы жариялады ол 2005 жылғы буэнос айрес провинциясының делегациясының мүшесі ретінде сенат үшін науқанын бастау үшін дәл осы жерді пайдаланған,керченер ханым аргентина театроныда өзінін президентік сайлауға хатсуы нияты турала жарияла да олы екімін бейсінші жылға бөйін аса иерасправін сиясның делегаат сиясның бүші сәсеретінде сенатшын науқан вастаушын дел осы жерде пайда ланган
1764,"Келген адамдардың саны көп болғаны сонша, Сент Питер алаңындағы жерлеу процессиясына барлық адам қатыса алмады.","Келген адамдардың саны көп болғаны сонша, Сент Питер аландағы жерлю процесиасына барлығадам қатысы алмады.",келген адамдардың саны көп болғаны сонша сент питер алаңындағы жерлеу процессиясына барлық адам қатыса алмады,келген адамдардың саны көп болғаны сонша сент питер аландағы жерлю процесиасына барлығадам қатысы алмады
1819,Ежелгі Қытайда әртүрлі уақыт мерзімдерін көрсетудің ерекше әдісі болды; Қытай тарихының әрбір кезеңі немесе билік басына келген әрбір отбасы ерекше династия болды.,Ежелгі қытайда әртілі қақт мерзімдерін қорсетіудың ерекше әдесі болда. қытай тарекының әрбір кезейін әмесі пейлік басына келгені әрбір бұлпасы әрекше династия болда.,ежелгі қытайда әртүрлі уақыт мерзімдерін көрсетудің ерекше әдісі болды қытай тарихының әрбір кезеңі немесе билік басына келген әрбір отбасы ерекше династия болды,ежелгі қытайда әртілі қақт мерзімдерін қорсетіудың ерекше әдесі болда қытай тарекының әрбір кезейін әмесі пейлік басына келгені әрбір бұлпасы әрекше династия болда
1761,Кейінірек дәретханаға сұранған егде жастағы әйелдің орнын фотографтар алмастырды. Мендоза атып тасталынды.,Кейнерек дәрет ханага сұрамған егде жастаға әйелдің ордүн фатографтар алмастырды мен доза атып тасталынды.,кейінірек дәретханаға сұранған егде жастағы әйелдің орнын фотографтар алмастырды мендоза атып тасталынды,кейнерек дәрет ханага сұрамған егде жастаға әйелдің ордүн фатографтар алмастырды мен доза атып тасталынды
1714,"Жерсерік ғарышқа зымыранмен жіберілді. Ғалымдар ғарышта телескоптарды пайдаланады, өйткені жердің атмосферасы біраз жарық пен көріністі бұрмалайды.","Керсерік карышқа әзымранмен жүверілі, хаундар ғарштын телескоптарды байланыда, бүргені кердің атмосфересі бұраз жарқбен көрмісті бұрмалайда.",жерсерік ғарышқа зымыранмен жіберілді ғалымдар ғарышта телескоптарды пайдаланады өйткені жердің атмосферасы біраз жарық пен көріністі бұрмалайды,керсерік карышқа әзымранмен жүверілі хаундар ғарштын телескоптарды байланыда бүргені кердің атмосфересі бұраз жарқбен көрмісті бұрмалайда
1889,"Ол бізге пойызды, автокөлікті және басқа да көлік құралдарын алып келді.","Вол бізге поезды, астық олытты, және басқады койлық құралды арыны алып келді.",ол бізге пойызды автокөлікті және басқа да көлік құралдарын алып келді,вол бізге поезды астық олытты және басқады койлық құралды арыны алып келді
1713,"Гома жеткілікті деңгейде қауіпсіз болғанмен, Гомадан тыс аймақтарға шығудан бұрын, Солтүстік Киву провинциясындағы соғыс жағдайын түсіну үшін аздап зерттеу жүргізген дұрыс.","Гоума жеткілікті денгейде, қауп сіз болғанмен, гоума дандыл саймақтарыға шықудан бұрым, соу түсті киву провенсаи асындакы, соуғас жағдайын түсіңішін аздап зерте о жүргізген, дұрыз.",гома жеткілікті деңгейде қауіпсіз болғанмен гомадан тыс аймақтарға шығудан бұрын солтүстік киву провинциясындағы соғыс жағдайын түсіну үшін аздап зерттеу жүргізген дұрыс,гоума жеткілікті денгейде қауп сіз болғанмен гоума дандыл саймақтарыға шықудан бұрым соу түсті киву провенсаи асындакы соуғас жағдайын түсіңішін аздап зерте о жүргізген дұрыз
1944,"Бұл кейде адам көп болатын отбасылық жағажайлар, жағалауда көптеген дүкендері бар. Қауіпсіз жүзуге болады.","Бұл киде адам көп болатын отпасылық жаға жайлар, жағалауда көптегін дүкендері бар, қаупсіз жізігеп болатын.",бұл кейде адам көп болатын отбасылық жағажайлар жағалауда көптеген дүкендері бар қауіпсіз жүзуге болады,бұл киде адам көп болатын отпасылық жаға жайлар жағалауда көптегін дүкендері бар қаупсіз жізігеп болатын
1830,Билеуші партия Оңтүстік батыс Африка халық ұйымы (SWAPO) парламенттік сайлауларда көптеген орынға ие болды.,"Белелші партия уңдстығбатас Африка Халық өйума, СВАПО, парламенты қасайлауларды құыптиген урынға и еволды.",билеуші партия оңтүстік батыс африка халық ұйымы swapo парламенттік сайлауларда көптеген орынға ие болды,белелші партия уңдстығбатас африка халық өйума свапо парламенты қасайлауларды құыптиген урынға и еволды
1954,"Тәртіпті қорғаушылары, доппен жұмыс істеу дағдылары және тамаша командалық жұмысы оларды ерекше бөліп көрсетті және бұл ең күшті команда болатыны анық еді.","Тертепті қорбавшылары, доппен, жумыстеудағылары, және тамаша қамандалық жұмыса оларда ерекше бөліп көрсетті, және болуен күшті қамандавы болатына анығайда.",тәртіпті қорғаушылары доппен жұмыс істеу дағдылары және тамаша командалық жұмысы оларды ерекше бөліп көрсетті және бұл ең күшті команда болатыны анық еді,тертепті қорбавшылары доппен жумыстеудағылары және тамаша қамандалық жұмыса оларда ерекше бөліп көрсетті және болуен күшті қамандавы болатына анығайда
1796,Бұл шөгінді жыныстар жабайы жануарлардың мекені болған құмқайырларды және жағажайларды жасауға қажет болды.,"Бұл чуғынды жаныстар, жабайы жанварлардың мейкені болған қом қайрыларды, және жағажайларды, жесе оға қажет болды.",бұл шөгінді жыныстар жабайы жануарлардың мекені болған құмқайырларды және жағажайларды жасауға қажет болды,бұл чуғынды жаныстар жабайы жанварлардың мейкені болған қом қайрыларды және жағажайларды жесе оға қажет болды
1934,Әдетте сіз туристердің және сатушылардың дыбысын әрқашан естисіз. Дыбыс пен жарықтан тұратын хикая дәл хикая кітабы сияқты болады.,"Адетте сіз туристерден және сатушлардың дыбысын әр кашан естисіз. Дывыспен жарқтан тратны хикая, дәл хикая кетәбі сияқты болады.",әдетте сіз туристердің және сатушылардың дыбысын әрқашан естисіз дыбыс пен жарықтан тұратын хикая дәл хикая кітабы сияқты болады,адетте сіз туристерден және сатушлардың дыбысын әр кашан естисіз дывыспен жарқтан тратны хикая дәл хикая кетәбі сияқты болады
1795,"1988 жылдан бері сайлау жәшіктері мөлдір болуы керек, сонда дауыс берушілер мен бақылаушылар дауыс беру басталған кезде ешқандай хатқалталар жоқ екеніне және тиісті түрде есептелген және рұқсат етілген сайлаушылардың хатқалталарынан басқа хатқалталар қосылмағанына куәгер бола алады.","Мүнтұғар 68-ін жылдан бәрі сайлау жақшыктері мөлдір болуы керек. Сонда дауыз берушілермен бақылаушлар, дауыз беру басталған кезде ешқандайы. Катқалталар жоғы кеніне және Тиістетерде ерсептелген, және рықсат етелген сайлаушлардың, хатқалталарнан басқа хатқалталар хосылмағанна көегер болан алады.",1988 жылдан бері сайлау жәшіктері мөлдір болуы керек сонда дауыс берушілер мен бақылаушылар дауыс беру басталған кезде ешқандай хатқалталар жоқ екеніне және тиісті түрде есептелген және рұқсат етілген сайлаушылардың хатқалталарынан басқа хатқалталар қосылмағанына куәгер бола алады,мүнтұғар 68 ін жылдан бәрі сайлау жақшыктері мөлдір болуы керек сонда дауыз берушілермен бақылаушлар дауыз беру басталған кезде ешқандайы катқалталар жоғы кеніне және тиістетерде ерсептелген және рықсат етелген сайлаушлардың хатқалталарнан басқа хатқалталар хосылмағанна көегер болан алады
1826,"Апаттан соң Гибсон ауруханаға жеткізілді, бірақ аз уақыт өтпей қайтыс болды.",Апаттан сон гипсін аурухан аға шеткесілді брақ аз вақытыпей кайтеспорда.,апаттан соң гибсон ауруханаға жеткізілді бірақ аз уақыт өтпей қайтыс болды,апаттан сон гипсін аурухан аға шеткесілді брақ аз вақытыпей кайтеспорда
1771,"Негізгі сахналардағы музыка аяқталғанымен, фестивальдің түннің кеш уақытына дейін музыканы ойнатуды жалғастыратын бөліктері болуы мүмкін екенін есте сақтаңыз.",Негізгі сахналардағы музыка аяқталғанымен фестивальдың түннін кешуақна дең музыканы ойнатуды чалғастратың бөлктері болу мүмкін екен естесахтаныңыз.,негізгі сахналардағы музыка аяқталғанымен фестивальдің түннің кеш уақытына дейін музыканы ойнатуды жалғастыратын бөліктері болуы мүмкін екенін есте сақтаңыз,негізгі сахналардағы музыка аяқталғанымен фестивальдың түннін кешуақна дең музыканы ойнатуды чалғастратың бөлктері болу мүмкін екен естесахтаныңыз
1733,Оның 78 ұсынысының біріншісі — Ирактың шекарасын дұшпандық араласудан қорғау және көршілерімен дипломатиялық қатынастарды қайта орнату үшін осы жылдың соңына дейін  жаңа дипломатиялық бастама қолға алынуы керек.,Бұл үлің жетпісігіз үсін үсін үн бірінші са Ирактың шекарасын дүшпанды қарлысудан қорғау және көршілермен дипломатиялық қатнастарды қайта ворнақту үшін осыжылдың сонуна деін жұңа дипломатиялық бастама қолға алыны қерек.,оның 78 ұсынысының біріншісі ирактың шекарасын дұшпандық араласудан қорғау және көршілерімен дипломатиялық қатынастарды қайта орнату үшін осы жылдың соңына дейін жаңа дипломатиялық бастама қолға алынуы керек,бұл үлің жетпісігіз үсін үсін үн бірінші са ирактың шекарасын дүшпанды қарлысудан қорғау және көршілермен дипломатиялық қатнастарды қайта ворнақту үшін осыжылдың сонуна деін жұңа дипломатиялық бастама қолға алыны қерек
1984,"Сондай-ақ массалық көлікке иелік жолдарда апаттардың көбірек болуына әкеледі, бұл зақымдалған денелерді жөндеу үшін денсаулық сақтау саласында жаңа әдістерді ойлап табуға әкеледі.","Сондаяқ, массалық көлікке елек жолдарда апаттардың көбір екпулуңа әкеледі. Болз ақымдалған денелерді жөнді үвышін динсалықсақтавы саласында жаңаа әдістерді ойлааптабуға әкеледі.",сондай ақ массалық көлікке иелік жолдарда апаттардың көбірек болуына әкеледі бұл зақымдалған денелерді жөндеу үшін денсаулық сақтау саласында жаңа әдістерді ойлап табуға әкеледі,сондаяқ массалық көлікке елек жолдарда апаттардың көбір екпулуңа әкеледі болз ақымдалған денелерді жөнді үвышін динсалықсақтавы саласында жаңаа әдістерді ойлааптабуға әкеледі
1983,"Өркениет сөзі латынның «civilis» сөзінен шыққан, азаматтық деген мағынаны білдіретін, ол азамат деген мағынаны білдіретін, латынша «civis» сөзімен байланысты, ал қала немесе қала-мемлекет деген мағынаны білдіретін «civitas» сөзі де бар, сонымен бірге бұл белгілі бір деңгейде қоғамның көлемін анықтайды.",Уркениет сөзі латның цивилі сөзіне шыққан. анақтайды.,өркениет сөзі латынның civilis сөзінен шыққан азаматтық деген мағынаны білдіретін ол азамат деген мағынаны білдіретін латынша civis сөзімен байланысты ал қала немесе қала мемлекет деген мағынаны білдіретін civitas сөзі де бар сонымен бірге бұл белгілі бір деңгейде қоғамның көлемін анықтайды,уркениет сөзі латның цивилі сөзіне шыққан анақтайды
1842,"Динозавр қауырсынында рахис деп аталатын жақсы дамыған білік жоқ, бірақ қауырсынның басқа ерекшеліктері бар — кертіктер мен шоқша сақалдар — зерттеушілер рахис туралы олардың кейінірек эволюциялық болған деген қорытындыға келді.","Деназавыр кауырсынды рақездеп аталатын шақсы дамыған бәліклі шық. Бірақ кауырсындың басқайырекшеліктері бар. Кертік термен шокша сақалдар, түртті ушылер рақездуралы олардың кейнерік эволюуцейлық болгандеген корытындыға келді.",динозавр қауырсынында рахис деп аталатын жақсы дамыған білік жоқ бірақ қауырсынның басқа ерекшеліктері бар кертіктер мен шоқша сақалдар зерттеушілер рахис туралы олардың кейінірек эволюциялық болған деген қорытындыға келді,деназавыр кауырсынды рақездеп аталатын шақсы дамыған бәліклі шық бірақ кауырсындың басқайырекшеліктері бар кертік термен шокша сақалдар түртті ушылер рақездуралы олардың кейнерік эволюуцейлық болгандеген корытындыға келді
1739,Меккенің солтүстігіндегі таулардың біріндегі шыңда орналасқан үңгір әлемнің қалған бөліктерінен толығымен оқшауланған.,"Меккенін соуу түстігіндегі таулардың біріндегі шында орналасықам үнгір әлемің қалған бөліктерінін, тоулағымен оқшаулаңған.",меккенің солтүстігіндегі таулардың біріндегі шыңда орналасқан үңгір әлемнің қалған бөліктерінен толығымен оқшауланған,меккенін соуу түстігіндегі таулардың біріндегі шында орналасықам үнгір әлемің қалған бөліктерінін тоулағымен оқшаулаңған
1966,Комиссия қазан айында басталған кең тараған режимге қарсы наразылықтарға Мартеллидің жауабы болды.,"Гамисия қазан айында бастылған кенүтараган режимге қарса, наразлық тарға марттайлейдің жоуа ба болда.",комиссия қазан айында басталған кең тараған режимге қарсы наразылықтарға мартеллидің жауабы болды,гамисия қазан айында бастылған кенүтараган режимге қарса наразлық тарға марттайлейдің жоуа ба болда
1681,"Дегенмен ол жалғыз емес, эксперименттер өткізу және эксперимент ықтимал гипотезалардың біреуін немесе бірнешеуін жою үшін пайдаланылатын сынақ болып табылады. Сұрақтар қою және бақылаулар жасау да ғылыми зерттеуді бағыттайды.","Дегенмен ол жалқыз емес, експерименттерің күзіу және експеримент ақтимал гипотезалартың бреуын, немесе бірнешеуын жоңышын пайдаланылатны снақ болып таблады. Сырақтар көйі у және бақылалар жасауды, ғылы мизертеуды бағыт тайда.",дегенмен ол жалғыз емес эксперименттер өткізу және эксперимент ықтимал гипотезалардың біреуін немесе бірнешеуін жою үшін пайдаланылатын сынақ болып табылады сұрақтар қою және бақылаулар жасау да ғылыми зерттеуді бағыттайды,дегенмен ол жалқыз емес експерименттерің күзіу және експеримент ақтимал гипотезалартың бреуын немесе бірнешеуын жоңышын пайдаланылатны снақ болып таблады сырақтар көйі у және бақылалар жасауды ғылы мизертеуды бағыт тайда
1898,"«Ол [Уэльс] бізге әуел бастан-ақ өтірік айтты. Біріншіден, бұл заңды себептермен болғандай әрекет ету арқылы. Екіншіден, өзінің өнерін жойғанға дейін бізге құлақ салғандай бола қалу арқылы».",Ол өлс бізге әвел бастан ақ өтрігайты біріншитін бұлзанды сейбеп термен болғандай ерекет ету арқылы. Екіншеден өзенің уңен ерін жойғанға езеін бізге қылақ салғандай бола қалу арқылы.,ол уэльс бізге әуел бастан ақ өтірік айтты біріншіден бұл заңды себептермен болғандай әрекет ету арқылы екіншіден өзінің өнерін жойғанға дейін бізге құлақ салғандай бола қалу арқылы,ол өлс бізге әвел бастан ақ өтрігайты біріншитін бұлзанды сейбеп термен болғандай ерекет ету арқылы екіншеден өзенің уңен ерін жойғанға езеін бізге қылақ салғандай бола қалу арқылы
2004,"Дәл осы айда тағы бір ұшақ Мешхедтің ұшу-қону жолағын басып өтіп, қабырғаға соғылып он жеті адамды өлтірді.","ДәЛ өсі айда тағыбір ошак, мешкеттін ошы қону жолағын басыуды, қабрғаға суғылып, онжеті адамды үлтірді.",дәл осы айда тағы бір ұшақ мешхедтің ұшу қону жолағын басып өтіп қабырғаға соғылып он жеті адамды өлтірді,дәл өсі айда тағыбір ошак мешкеттін ошы қону жолағын басыуды қабрғаға суғылып онжеті адамды үлтірді
1698,Әлемдегі барлық нәрсе материядан тұрады. Материяның барлығы атомдар деп аталатын кішкентай бөлшектерден тұрады.,Элімдегі барлық нәрсе материядін түрі түрдін түрдін түрдін түрдін түрдін түрдін түрдін түрдін түрдін түрдін түрдін түрдін түрдін түрдін түрдін түрдін түрдін түрдін түрдін түрдін түрдін түрдін түрдін түрдін түрдін түрдін түрдін түрдін түрдін түрдін түрдін түрдін түрдін т�,әлемдегі барлық нәрсе материядан тұрады материяның барлығы атомдар деп аталатын кішкентай бөлшектерден тұрады,элімдегі барлық нәрсе материядін түрі түрдін түрдін түрдін түрдін түрдін түрдін түрдін түрдін түрдін түрдін түрдін түрдін түрдін түрдін түрдін түрдін түрдін түрдін түрдін түрдін түрдін түрдін түрдін түрдін түрдін түрдін түрдін түрдін түрдін түрдін түрдін түрдін түрдін т
1712,1966 жылдан бері Сундарбан жабайы жануарлар қорығы болған. Есептеулер бойынша қазіргі уақыта бұл аумақта 400 корольдік бенгал жолбарысы және шамамен 30 000 дақты бұғы бар.,Мүң тұғы жүз алпыз 66 жылдан бері үс сүн дар бар жабай жанварлары қорғы болған. Исептелер бойінша қазығы қауақытта болуң ауымақта турчысқа рұлдың бенғал жұл барысы женешамамен 30 мүңдай дақты болу бар.,1966 жылдан бері сундарбан жабайы жануарлар қорығы болған есептеулер бойынша қазіргі уақыта бұл аумақта 400 корольдік бенгал жолбарысы және шамамен 30 000 дақты бұғы бар,мүң тұғы жүз алпыз 66 жылдан бері үс сүн дар бар жабай жанварлары қорғы болған исептелер бойінша қазығы қауақытта болуң ауымақта турчысқа рұлдың бенғал жұл барысы женешамамен 30 мүңдай дақты болу бар
1914,Жиырмасыншы ғасырдағы зерттеу генетикалық вариацияның екі пулы бар екенін көрсетті: жасырын және көрінетін.,Жүрмасын шығасырдағы зіртел генетикалык варияция наңгекы пулы барыкенін күрсетті жасырын және көрнетін.,жиырмасыншы ғасырдағы зерттеу генетикалық вариацияның екі пулы бар екенін көрсетті жасырын және көрінетін,жүрмасын шығасырдағы зіртел генетикалык варияция наңгекы пулы барыкенін күрсетті жасырын және көрнетін
1664,"Екі құрғақ ұнтақты араластырыңыз, содан кейін таза, ылғалды қолдармен оларды қысып, шарик жасаңыз.","Екі қорғақ үнтақты арластырыңыз, сәдан кейін таза, ылғалда қолдармен оларда қысып шарик шасыңыз.",екі құрғақ ұнтақты араластырыңыз содан кейін таза ылғалды қолдармен оларды қысып шарик жасаңыз,екі қорғақ үнтақты арластырыңыз сәдан кейін таза ылғалда қолдармен оларда қысып шарик шасыңыз
1821,Ми патологиялары мен іс-қимыл арасындағы байланыс ғалымдарды олардың зерттеулерінде қолдайды.,"Ми патологиаларымен ыз-кхеймылар асындамығы байланыз, ғалымдарты ұлардың зертеулерінде қолдайды.",ми патологиялары мен іс қимыл арасындағы байланыс ғалымдарды олардың зерттеулерінде қолдайды,ми патологиаларымен ыз кхеймылар асындамығы байланыз ғалымдарты ұлардың зертеулерінде қолдайды
1779,Бұл хабарландыру Трамп Түркия президенті Реджеп Тайып Ердоғанмен телефон арқылы сөйлескеннен кейін жасалды.,Бұл хаварlandыру Трамп Туркеа президенті Реджаптай Вирдоламен Телефон арқылы сөйлескен ненкен десалда.,бұл хабарландыру трамп түркия президенті реджеп тайып ердоғанмен телефон арқылы сөйлескеннен кейін жасалды,бұл хаварlandыру трамп туркеа президенті реджаптай вирдоламен телефон арқылы сөйлескен ненкен десалда
1705,"1940 жылы 15 тамызда одақтастар оңтүстік Францияға басып кірді, бұл шапқыншылық «Дракон операциясы» деген атауға ие болды.","Бірмінг тоғы жіз қрықынша жылы он бейсінчі тамызды, одақтастар онтстық Франциява бақытқарды, бұл шапыншылық, дракоу наперация сөдеген атауға ейе болды.",1940 жылы 15 тамызда одақтастар оңтүстік францияға басып кірді бұл шапқыншылық дракон операциясы деген атауға ие болды,бірмінг тоғы жіз қрықынша жылы он бейсінчі тамызды одақтастар онтстық франциява бақытқарды бұл шапыншылық дракоу наперация сөдеген атауға ейе болды
1962,pН деңгейі химиялық құрамдағы сутегі (рН ішіндегі H) иондарының мөлшерімен көрсетіледі.,Пияж денгеі химиялық қрамдағы сутегі пияж үшіндегі аға жүйондарның мүлшермін көрсетледі.,pн деңгейі химиялық құрамдағы сутегі рн ішіндегі h иондарының мөлшерімен көрсетіледі,пияж денгеі химиялық қрамдағы сутегі пияж үшіндегі аға жүйондарның мүлшермін көрсетледі
1980,"Өкінішке орай, жол қозғалысы ағынын зерттеу қиын, өйткені жүргізушінің мінез-құлқын жүз пайыз сенімділікпен болжау мүмкін емес.",Бұл қанышке орай жұл қозғалысы ағанын дер теу қыйін. Бұл түткені жұргізешінін мүнеңс қылқын жұыз пае семнімділік пен жұлдау мүнкінімес.,өкінішке орай жол қозғалысы ағынын зерттеу қиын өйткені жүргізушінің мінез құлқын жүз пайыз сенімділікпен болжау мүмкін емес,бұл қанышке орай жұл қозғалысы ағанын дер теу қыйін бұл түткені жұргізешінін мүнеңс қылқын жұыз пае семнімділік пен жұлдау мүнкінімес
1789,"Басқа аталымдар қатарына «Үздік фильм», «Режиссер», «Операторлық жұмыс», «Костюмдер дизайны», «Фильмді монтаждау», «Түпнұсқа саундтрек», «Қойылым дизайны», «Дыбысты редакциялау», «Дыбысты араластыру» және «Түпнұсқа сценарий» жатады.","Басқа әталымдар қатарна үздік фильм, режиссиор, аператорлық жұмыз, кастюмдер дизайны, фильмді мантаждау түп мүскас аундтрек, койым дизайны, дыбысты редаксиалау, дыбыста араластыру, чәне түп мүскас инарии ржатады.",басқа аталымдар қатарына үздік фильм режиссер операторлық жұмыс костюмдер дизайны фильмді монтаждау түпнұсқа саундтрек қойылым дизайны дыбысты редакциялау дыбысты араластыру және түпнұсқа сценарий жатады,басқа әталымдар қатарна үздік фильм режиссиор аператорлық жұмыз кастюмдер дизайны фильмді мантаждау түп мүскас аундтрек койым дизайны дыбысты редаксиалау дыбыста араластыру чәне түп мүскас инарии ржатады
1721,"1963 жылы тоған салынғаннан кейін, тасындылардың жайылуына себеп болатын маусымдық су тасқыны тоқтатылды.","Мүң тұғы жұз алпыз ішінші жұлы, тұған салыңғаннан кейін тасындылардың жайылына сибі пұлатын маусемдық су тасқына тұқтатылды.",1963 жылы тоған салынғаннан кейін тасындылардың жайылуына себеп болатын маусымдық су тасқыны тоқтатылды,мүң тұғы жұз алпыз ішінші жұлы тұған салыңғаннан кейін тасындылардың жайылына сибі пұлатын маусемдық су тасқына тұқтатылды
1793,"Егер сіз ауыл жолдарында көлікпен жүруге дағдыланбаған болсаңыз, мынаған дайын болыңыз: тік еңістер, тар жолдар және кенет бұрылыстар басым болады.","Екерсіз аул жолдарында көлпін дүргі датылам бағам болсаңыз, анаған дайым болыңыз. Түг еңістер тар жолдар, чен екенет бұрысдар басым болады.",егер сіз ауыл жолдарында көлікпен жүруге дағдыланбаған болсаңыз мынаған дайын болыңыз тік еңістер тар жолдар және кенет бұрылыстар басым болады,екерсіз аул жолдарында көлпін дүргі датылам бағам болсаңыз анаған дайым болыңыз түг еңістер тар жолдар чен екенет бұрысдар басым болады
1768,Кешеннің жиектеріндегі ғимараттардың көпшілігі туристерге басында қалай пайда болғаны туралы жақсырақ түсінік беру үшін қайта соғылды.,Кешеліндің циекді арындаға үмараттардың көпшелігі туреселеге басында қалайпайда болған турала Джағысырах түсінік бейіршін қайта соғолда.,кешеннің жиектеріндегі ғимараттардың көпшілігі туристерге басында қалай пайда болғаны туралы жақсырақ түсінік беру үшін қайта соғылды,кешеліндің циекді арындаға үмараттардың көпшелігі туреселеге басында қалайпайда болған турала джағысырах түсінік бейіршін қайта соғолда
1792,Бұл химиялық рН деп аталады. Қызыл қырыққабат шырынын пайдаланып индикатор жасай аласыз.,"Бұл химиялық пи аштып аталада, қазыл қарққабат шырының пайдаланып индикатор жасай аласыз.",бұл химиялық рн деп аталады қызыл қырыққабат шырынын пайдаланып индикатор жасай аласыз,бұл химиялық пи аштып аталада қазыл қарққабат шырының пайдаланып индикатор жасай аласыз
1868,"Спектрдің екінші жағында адам бейтаныс адамға айналады, ол топ орындайтын барлық әрекеттерді өзгертіп, оны өз бетінше жасау керек деп санайды.","Спектардан екінчі жағымда адам бейтанысы адамға айналады. Вол топ орндайтын барлық арекеттерді өзгердіп, оны өз бетінчі жасау керектеп санайды.",спектрдің екінші жағында адам бейтаныс адамға айналады ол топ орындайтын барлық әрекеттерді өзгертіп оны өз бетінше жасау керек деп санайды,спектардан екінчі жағымда адам бейтанысы адамға айналады вол топ орндайтын барлық арекеттерді өзгердіп оны өз бетінчі жасау керектеп санайды
1773,Ұйқының үзілуі — қалыпты ұйқы кезеңінде мақсатпен оянудың және кейінірек қысқа уақытқа (10-60 минут) ұйықтау процесі.,Уйқу үзліғі қалты уйқу кезенінде махзатпен ояның дүн және кейінерек қысқа вақта 16 минут уйқтав брацессе.,ұйқының үзілуі қалыпты ұйқы кезеңінде мақсатпен оянудың және кейінірек қысқа уақытқа 10 60 минут ұйықтау процесі,уйқу үзліғі қалты уйқу кезенінде махзатпен ояның дүн және кейінерек қысқа вақта 16 минут уйқтав брацессе
1911,"Осы сияқты, шенген визаңыз болса, шенгенге мүше елдердің әрқайсысына визаға бөлек өтінім беру қажет болмайды, осылайша сіз уақытты, ақшаны үнемдейсіз және құжаттармен жұмыс азырақ болады.",Осыс яқты шинген визағыңыз болса шинген гемші елдер неркайсына визаға бөлі бөлі үтінін бейру қашет болмайды. Осыс лайшты асыз оқты ақшаны үнімдейсіз.,осы сияқты шенген визаңыз болса шенгенге мүше елдердің әрқайсысына визаға бөлек өтінім беру қажет болмайды осылайша сіз уақытты ақшаны үнемдейсіз және құжаттармен жұмыс азырақ болады,осыс яқты шинген визағыңыз болса шинген гемші елдер неркайсына визаға бөлі бөлі үтінін бейру қашет болмайды осыс лайшты асыз оқты ақшаны үнімдейсіз
1710,"Өткен аптада METI ұйымы оған Apple компаниясы қызып кетудің 34 қосымша инциденті туралы хабарлағанын жариялады, Apple компаниясы оларды «ауыр емес» деп атады.","Гүткен ата да МИТАй уйма оған Эппл-кампанияса қызып кетөдін 34 Космша инстиденті туралы қабарлыған жарияла да, Эппл-кампанияса оларда орым естепатады.",өткен аптада meti ұйымы оған apple компаниясы қызып кетудің 34 қосымша инциденті туралы хабарлағанын жариялады apple компаниясы оларды ауыр емес деп атады,гүткен ата да митай уйма оған эппл кампанияса қызып кетөдін 34 космша инстиденті туралы қабарлыған жарияла да эппл кампанияса оларда орым естепатады
1963,"Дымқыл киімді үтіктеу киімнің кебуіне көмектеседі. Көп қонақ үйлерде, тіпті бөлмеде болмаса да, ала тұруға болатын үтік және үтіктеу тақтасы болады.","Дымықыл кеимді өтіктел кеимдің кебуіне көміктеседі. Көп қонағайлірді, төпті бөльмедей болмаса да, Алат руға болатын өтік және өтіктел тақтасы болады.",дымқыл киімді үтіктеу киімнің кебуіне көмектеседі көп қонақ үйлерде тіпті бөлмеде болмаса да ала тұруға болатын үтік және үтіктеу тақтасы болады,дымықыл кеимді өтіктел кеимдің кебуіне көміктеседі көп қонағайлірді төпті бөльмедей болмаса да алат руға болатын өтік және өтіктел тақтасы болады
1834,"Сонымен қатар солтүстігінде бүкіл әлемге әйгілі Мариан ғажабының орны болған, Фатимадағы Әйел ғибадатханасына барыңыз.","Сонумен қатар, султстыңді бүкін алемге айғылы Мариян Қажабының орны болған. Фатима дағы айел ғебадат қанасына барынас.",сонымен қатар солтүстігінде бүкіл әлемге әйгілі мариан ғажабының орны болған фатимадағы әйел ғибадатханасына барыңыз,сонумен қатар султстыңді бүкін алемге айғылы мариян қажабының орны болған фатима дағы айел ғебадат қанасына барынас
1932,"Басталғаннан бес минуттан кейін жел күшее бастайды, бір минуттан кейін, жел 70 км/сағ жылдамдығына жетеді... содан кейін жаңбыр келді, бірақ тамшыларының қатты және үлкен болғаны сонша, теріңізге ине сияқты шаншылады, содан кейін аспаннан бұршақ жауды, адамдар үрейленіп, айқайлады және бір бірінің үстінен өтіп жатты.","Басталғаннан бейс минуттан кейін жел кышее бастайды. Бір минутттан кейін жел жетпіз километер саға чылдамда қонажетеді. Содан кейін жанбір келді, брақтамшыларның хатты және үлкен болғаны сонша тейрінңізге иніст еқташан шылады. жауды, адымды үреленіп айға еліда, жәні бір-бірінің үстінін етіп өтіп жатты.",басталғаннан бес минуттан кейін жел күшее бастайды бір минуттан кейін жел 70 км сағ жылдамдығына жетеді содан кейін жаңбыр келді бірақ тамшыларының қатты және үлкен болғаны сонша теріңізге ине сияқты шаншылады содан кейін аспаннан бұршақ жауды адамдар үрейленіп айқайлады және бір бірінің үстінен өтіп жатты,басталғаннан бейс минуттан кейін жел кышее бастайды бір минутттан кейін жел жетпіз километер саға чылдамда қонажетеді содан кейін жанбір келді брақтамшыларның хатты және үлкен болғаны сонша тейрінңізге иніст еқташан шылады жауды адымды үреленіп айға еліда жәні бір бірінің үстінін етіп өтіп жатты
1783,"Аймақтық және маусымдық ауа райы құбылыстары қарлы борандарды, мұзды борандарды және шаң дауылдарын қамтиды.","Аймахтық, және молсымдық аварайы қоблыстары, Карлы Борандарды, Музды Борандарды, және Шанғдауылдарның қамтейді.",аймақтық және маусымдық ауа райы құбылыстары қарлы борандарды мұзды борандарды және шаң дауылдарын қамтиды,аймахтық және молсымдық аварайы қоблыстары карлы борандарды музды борандарды және шанғдауылдарның қамтейді
1831,"Плитвиц көлдері ұлттық паркін қалың орман жапқан. Орман негізінен қайың, шырша және майқарағай ағаштарынан тұрады. Орманда альпылық және жерортатеңіздік өсімдіктер аралас өседі.","Плит вицкульдері ұлттық барқын қалың орман жабқын. Орман негізінің қаың, шырша және май қарагағаға жатарынан тұрады. Орманды альпылық және жер ортатенізді көсімдіктер аралас уседі.",плитвиц көлдері ұлттық паркін қалың орман жапқан орман негізінен қайың шырша және майқарағай ағаштарынан тұрады орманда альпылық және жерортатеңіздік өсімдіктер аралас өседі,плит вицкульдері ұлттық барқын қалың орман жабқын орман негізінің қаың шырша және май қарагағаға жатарынан тұрады орманды альпылық және жер ортатенізді көсімдіктер аралас уседі
1912,Кішірек аралдардың көпшілігі тәуелсіз ұлттар болып табылады немесе Франциямен байланысты және қымбат жағажай курорттары ретінде белгілі.,"Кашерек аралдардың көпшелігі төвелесіз ол тар болып табылады, немесе франция мен байланысты және қымбат жағажай күрор тар ретінде белгілі.",кішірек аралдардың көпшілігі тәуелсіз ұлттар болып табылады немесе франциямен байланысты және қымбат жағажай курорттары ретінде белгілі,кашерек аралдардың көпшелігі төвелесіз ол тар болып табылады немесе франция мен байланысты және қымбат жағажай күрор тар ретінде белгілі
1923,Әскерилерге және азаматтарға қажет заттардың қамтамасыз етілуін тоқтатқан бұл стратегия тиімді болып шықты. Дегенмен бұл блокада өткен екі ғасырдағы бірнеше халықаралық келісімде жазылған жалпы қабылданған халықаралық заңды бұзды.,Азкереелерге және азаматтарға қажет саттардың қамтомасы етілің тоқтатқан бол үстратегия тимді болып шықды. Деген мен бол блокады өткен екі қасырдағы бір неші халхаралық келсімді жазылған жалпы қабылыңыңың халхаралық жаңды бұзда.,әскерилерге және азаматтарға қажет заттардың қамтамасыз етілуін тоқтатқан бұл стратегия тиімді болып шықты дегенмен бұл блокада өткен екі ғасырдағы бірнеше халықаралық келісімде жазылған жалпы қабылданған халықаралық заңды бұзды,азкереелерге және азаматтарға қажет саттардың қамтомасы етілің тоқтатқан бол үстратегия тимді болып шықды деген мен бол блокады өткен екі қасырдағы бір неші халхаралық келсімді жазылған жалпы қабылыңыңың халхаралық жаңды бұзда
1879,"Жаңа бірдеңе пайда боғланда, пернетақта неге айналатыны туралы болжамдар жасауға ғана болады.",Канға бірден епайда болғланды бір нетахтың неге айналатны түралы болчамдар жасауға қанапула да.,жаңа бірдеңе пайда боғланда пернетақта неге айналатыны туралы болжамдар жасауға ғана болады,канға бірден епайда болғланды бір нетахтың неге айналатны түралы болчамдар жасауға қанапула да
1815,Атомдық бомба көп протондар мен нейтрондар арқылы ядро ​​құру үшін энергия алуы принципі бойынша жұмыс істейді.,"Атамдық бомба, көп пратандармен не түріндар арқала, ядрақыру үшін энергия алуы принципы бойнша жүмос ыстиді.",атомдық бомба көп протондар мен нейтрондар арқылы ядро ​​құру үшін энергия алуы принципі бойынша жұмыс істейді,атамдық бомба көп пратандармен не түріндар арқала ядрақыру үшін энергия алуы принципы бойнша жүмос ыстиді
1762,"Бұл ауру шошқаларда болады, содан кейін ол масалар арқылы адамдарға өтеді.","Мол ауру шо скаларда болады, Содан кейін ол масалар аркала адымдарғы бөтеді.",бұл ауру шошқаларда болады содан кейін ол масалар арқылы адамдарға өтеді,мол ауру шо скаларда болады содан кейін ол масалар аркала адымдарғы бөтеді
1673,"Тәуелсіздік үшін соғыс кезінде он үш штат алдымен әлсіз орталық үкіметін құрды, Конфедерация баптары бойынша Конгресс оның жалғыз құрамдасы еді.",Теуэлсізді кушын үсіңді үшін қүшін қүшін қүшін қүшін қүшін қүшін қүшін қүшін қүшін қүшін қүшін қүшін қүшін қүшін қүшін қүшін қүшін қүшін қүшін қүшін қүшін қүшін қүшін қүшін қүшін қүшін қүшін қүшін қүшін қүшін қүшін қүшін қүш,тәуелсіздік үшін соғыс кезінде он үш штат алдымен әлсіз орталық үкіметін құрды конфедерация баптары бойынша конгресс оның жалғыз құрамдасы еді,теуэлсізді кушын үсіңді үшін қүшін қүшін қүшін қүшін қүшін қүшін қүшін қүшін қүшін қүшін қүшін қүшін қүшін қүшін қүшін қүшін қүшін қүшін қүшін қүшін қүшін қүшін қүшін қүшін қүшін қүшін қүшін қүшін қүшін қүшін қүшін қүшін қүш
1958,"Бұл қала елдің қалған қалаларынан өте ерекше, өйткені онда африкандықтан ерекшеліктерден гөрі араб ерекшеліктері көбірек.","Бол-кала, елдін-калған-калаларынын өте ерекші. өткені онда африкандықтан ерекшеліктерден, үйры араб ерекшеліктері көбірек.",бұл қала елдің қалған қалаларынан өте ерекше өйткені онда африкандықтан ерекшеліктерден гөрі араб ерекшеліктері көбірек,бол кала елдін калған калаларынын өте ерекші өткені онда африкандықтан ерекшеліктерден үйры араб ерекшеліктері көбірек
1979,"Фолкленд аралының ресми валютасы - Фолкленд фунты (FKP), оның құны Британдық бір фунтқа (GBP) теңестірілген.",Folklent әралның резмей эвалута са Folklent фунта FKP оның құны үбритандах бір фунта GPP Тегеністерілген.,фолкленд аралының ресми валютасы фолкленд фунты fkp оның құны британдық бір фунтқа gbp теңестірілген,folklent әралның резмей эвалута са folklent фунта fkp оның құны үбритандах бір фунта gpp тегеністерілген
1689,"Еуропа — салыстырмалы түрде шағын, бірақ көп тәуелсіз елдері бар континент. Қалыпты жағдайларда, бірнеше ел арқылы саяхаттасаңыз, визаға өтінімдер беру және бірнеше рет төлқұжатты тексеруден өту керектігін білдіретін еді.","Йуропа салыстырмалы түрде шағын, бірақ көпті ауелісі зелдері бар континет. Калыптажағдайларда бірнеше ел арқалысыя хаттасаныз, визағауетені мүдербері және бірнеше рет төліқ ажатты тек серіуден өту керектігін білдеретін еды.",еуропа салыстырмалы түрде шағын бірақ көп тәуелсіз елдері бар континент қалыпты жағдайларда бірнеше ел арқылы саяхаттасаңыз визаға өтінімдер беру және бірнеше рет төлқұжатты тексеруден өту керектігін білдіретін еді,йуропа салыстырмалы түрде шағын бірақ көпті ауелісі зелдері бар континет калыптажағдайларда бірнеше ел арқалысыя хаттасаныз визағауетені мүдербері және бірнеше рет төліқ ажатты тек серіуден өту керектігін білдеретін еды
1958,"Бұл қала елдің қалған қалаларынан өте ерекше, өйткені онда африкандықтан ерекшеліктерден гөрі араб ерекшеліктері көбірек.",Бұл қала елдің қалған қалыларынан өте ерекші. өткені онда африкандықтан ерекшеліктердің үрі араб ерекшеліктері көбрик.,бұл қала елдің қалған қалаларынан өте ерекше өйткені онда африкандықтан ерекшеліктерден гөрі араб ерекшеліктері көбірек,бұл қала елдің қалған қалыларынан өте ерекші өткені онда африкандықтан ерекшеліктердің үрі араб ерекшеліктері көбрик
1803,"Сіздің қолыңыздағы ылғал сыртқы қабаттармен өзара әрекетке түсіп, біртүрлі сезіледі және қорғаныс қабығын түзеді.","Сіздің қолміздағы ылғал қықытқа қабаттармен әзері әрекет көтісі біртілі сездіде, әнкүр қорғанын қабығым түзіде.",сіздің қолыңыздағы ылғал сыртқы қабаттармен өзара әрекетке түсіп біртүрлі сезіледі және қорғаныс қабығын түзеді,сіздің қолміздағы ылғал қықытқа қабаттармен әзері әрекет көтісі біртілі сездіде әнкүр қорғанын қабығым түзіде
1702,Бар болғаны екі аптада американдықтар және еркін француз күштері оңтүстік Францияны босатты және Германияға қарай бұрылып жатты.,"Барболганы ек әптады американдықтар және еркін француз күштері үнтстық францияны бөсатты, және Германияғы қарай бұрылып жатты.",бар болғаны екі аптада американдықтар және еркін француз күштері оңтүстік францияны босатты және германияға қарай бұрылып жатты,барболганы ек әптады американдықтар және еркін француз күштері үнтстық францияны бөсатты және германияғы қарай бұрылып жатты
1900,"іс жүзінде, тіпті адам оның бар екенін білсе де, оны табу оңай емес. Үңгірге түскеннен кейін толығымен оқшауланасыз.","Жүз жүнде, тепті адам оның бар екенін білсе де оны табы оңайымес, үңгіргет сүкенін кейін, толығымін үңшаула насыз.",іс жүзінде тіпті адам оның бар екенін білсе де оны табу оңай емес үңгірге түскеннен кейін толығымен оқшауланасыз,жүз жүнде тепті адам оның бар екенін білсе де оны табы оңайымес үңгіргет сүкенін кейін толығымін үңшаула насыз
1873,"Ер адамдардан бас тартқанда берік болыңыз және өз пікіріңізден таймаңыз (мәдени айырмашылықтар болсын-болмасын, бұл дұрыс емес!).","Ер адамдардың бастартықанда бірік болуңыз және үз пығыңызден таймаңыз, медини айрымашлықтар болсын болмасын болдырысыымыз.",ер адамдардан бас тартқанда берік болыңыз және өз пікіріңізден таймаңыз мәдени айырмашылықтар болсын болмасын бұл дұрыс емес,ер адамдардың бастартықанда бірік болуңыз және үз пығыңызден таймаңыз медини айрымашлықтар болсын болмасын болдырысыымыз
1858,БҰҰ аурулар бойынша сарапшысы Даниель Лантанның айтуы бойынша аурудың өршуіне бейбітшілдер себеп болған болуы мүмкін.,Біркен алтар өймі аурулар бөйінші асарапшыса Денеелланданғайты овынша аурудың үршіңі бейбетшілдер севеп болуан болуы мүгін.,бұұ аурулар бойынша сарапшысы даниель лантанның айтуы бойынша аурудың өршуіне бейбітшілдер себеп болған болуы мүмкін,біркен алтар өймі аурулар бөйінші асарапшыса денеелланданғайты овынша аурудың үршіңі бейбетшілдер севеп болуан болуы мүгін
1793,"Егер сіз ауыл жолдарында көлікпен жүруге дағдыланбаған болсаңыз, мынаған дайын болыңыз: тік еңістер, тар жолдар және кенет бұрылыстар басым болады.","Егерсіз аул жолдарымда көлікпен жіліңе тағдылам баған болсаңыз мынаған дайым болымыз. Тык еңстер, тар жолдар, және кенет бұрыздар басым болады.",егер сіз ауыл жолдарында көлікпен жүруге дағдыланбаған болсаңыз мынаған дайын болыңыз тік еңістер тар жолдар және кенет бұрылыстар басым болады,егерсіз аул жолдарымда көлікпен жіліңе тағдылам баған болсаңыз мынаған дайым болымыз тык еңстер тар жолдар және кенет бұрыздар басым болады
1787,Блоггинг — бірлесіп жұмыс істеуге шабыттандыратын және оқушыларды дәстүрлі мектеп күнінен кеңейтуге ынталандыратын құрал.,Блогинг бірлесі бұжымас астелге шабыттандратын және укушларды дәстірлі мектейп құнынен кейтүге ұмталандратын құрау.,блоггинг бірлесіп жұмыс істеуге шабыттандыратын және оқушыларды дәстүрлі мектеп күнінен кеңейтуге ынталандыратын құрал,блогинг бірлесі бұжымас астелге шабыттандратын және укушларды дәстірлі мектейп құнынен кейтүге ұмталандратын құрау
1727,Баспанасыз балалар тастап кеткенге немесе қашып кеткенге дейін балаларға қарсы зорлық-зомбылықты көрген немесе жанжарақатын алған болуы мүмкін.,"Баспанасыз балалар тастап кеткен немесі, кашып кеткен дедейін балаларғы қарсыз орлық, зонбалықты, көрген немесі, жанжарлықты, алған болу мүмкін.",баспанасыз балалар тастап кеткенге немесе қашып кеткенге дейін балаларға қарсы зорлық зомбылықты көрген немесе жанжарақатын алған болуы мүмкін,баспанасыз балалар тастап кеткен немесі кашып кеткен дедейін балаларғы қарсыз орлық зонбалықты көрген немесі жанжарлықты алған болу мүмкін
1807,"Итальян тілі мемлекетте жұмыс істейтіндердің көпшілігі қолданатын күнделікті тілі, ал латын тілі діни рәсімдерде жиі қолданылады.","Итальянталы мемлекетті жұмыс ыстейтін де дүн көпшіліғі холданықтін қүнделікті тілі, Аллатын тілі дәній резымдерге жиі ехолданылады.",итальян тілі мемлекетте жұмыс істейтіндердің көпшілігі қолданатын күнделікті тілі ал латын тілі діни рәсімдерде жиі қолданылады,итальянталы мемлекетті жұмыс ыстейтін де дүн көпшіліғі холданықтін қүнделікті тілі аллатын тілі дәній резымдерге жиі ехолданылады
1681,"Дегенмен ол жалғыз емес, эксперименттер өткізу және эксперимент ықтимал гипотезалардың біреуін немесе бірнешеуін жою үшін пайдаланылатын сынақ болып табылады. Сұрақтар қою және бақылаулар жасау да ғылыми зерттеуді бағыттайды.","Дегенмен ол, жалғыземес, экспериментер өткізді уи және экспериментықтимал кипатезаларның бірің немесе бірне шеңің жоу еуушін пайданынатымың снақполып тавлады. Сұрақтар койу және бақлаулар жасауда ғолмейзертеуді бақтайда.",дегенмен ол жалғыз емес эксперименттер өткізу және эксперимент ықтимал гипотезалардың біреуін немесе бірнешеуін жою үшін пайдаланылатын сынақ болып табылады сұрақтар қою және бақылаулар жасау да ғылыми зерттеуді бағыттайды,дегенмен ол жалғыземес экспериментер өткізді уи және экспериментықтимал кипатезаларның бірің немесе бірне шеңің жоу еуушін пайданынатымың снақполып тавлады сұрақтар койу және бақлаулар жасауда ғолмейзертеуді бақтайда
1690,"USOC ұйымының атлеттердің және клубтардың әрі олардың спорт түрлерінің мүдделеріне лицензиядан айыру орнына, ұйымымызда мағыналы өзгеріс жасау арқылы жақсырақ қызмет көрсетуге болатынымен келіседі.","Уу, Сок өймандың атлеттеріндің және клубтардың әрі олардың спорттерлерінің мәделеріні литсензиадан айыру ордана, ойумдастырды мағыналы өзгеріз шасалу, аркалы жақсырақ қызмейткілсетіңі болатыны мен келесейдің.",usoc ұйымының атлеттердің және клубтардың әрі олардың спорт түрлерінің мүдделеріне лицензиядан айыру орнына ұйымымызда мағыналы өзгеріс жасау арқылы жақсырақ қызмет көрсетуге болатынымен келіседі,уу сок өймандың атлеттеріндің және клубтардың әрі олардың спорттерлерінің мәделеріні литсензиадан айыру ордана ойумдастырды мағыналы өзгеріз шасалу аркалы жақсырақ қызмейткілсетіңі болатыны мен келесейдің
1727,Баспанасыз балалар тастап кеткенге немесе қашып кеткенге дейін балаларға қарсы зорлық-зомбылықты көрген немесе жанжарақатын алған болуы мүмкін.,"Баспана асыз балалар тастап кеткенге, немесе кашып кеткенге деен, балаларға қарсы, зорлызым болықты көрген, немесе жаң жаракатын алған болуын үнкін.",баспанасыз балалар тастап кеткенге немесе қашып кеткенге дейін балаларға қарсы зорлық зомбылықты көрген немесе жанжарақатын алған болуы мүмкін,баспана асыз балалар тастап кеткенге немесе кашып кеткенге деен балаларға қарсы зорлызым болықты көрген немесе жаң жаракатын алған болуын үнкін
1691,"Кейбір маршруттарда үлкенірек компаниялардың өз ұшақтары бар, бірақ басқа маршруттарда және кішірек фирмаларда мәселе болған.","Киевір машурыттарда өлкіндірі кампаниялардың үшақтары бар. Бірақ басқа машурыттарда, және екшіре фирмаларда мәселі е болған.",кейбір маршруттарда үлкенірек компаниялардың өз ұшақтары бар бірақ басқа маршруттарда және кішірек фирмаларда мәселе болған,киевір машурыттарда өлкіндірі кампаниялардың үшақтары бар бірақ басқа машурыттарда және екшіре фирмаларда мәселі е болған
1686,"Нәтижесінде, кедергіні  жеңу мақсатында бірлескен жұмысты ұйымдастыру процесі тапсырыс берушілердің қажеттіліктеріне қызмет ететін жаңа инновациялық процеске әкелуі мүмкін.",Натегесінде кедергенің GMO мақытынада бірлескен жүмғастыру процесса тапсырыс берушілердің кажеттеліктеріне қызмететін жаңа үноват саалық процессе әкеліғі мүмкін.,нәтижесінде кедергіні жеңу мақсатында бірлескен жұмысты ұйымдастыру процесі тапсырыс берушілердің қажеттіліктеріне қызмет ететін жаңа инновациялық процеске әкелуі мүмкін,натегесінде кедергенің gmo мақытынада бірлескен жүмғастыру процесса тапсырыс берушілердің кажеттеліктеріне қызмететін жаңа үноват саалық процессе әкеліғі мүмкін
1723,"Бұл портта 1889 жылы әскери-теңіз флоттарының қайғылы қарама-қарсы келуі болған. Германияның, АҚШ-тың және Британияның жеті кемесі порттан кетуден бас тартқан.","Бұл порта бірмін сегі жүс 6000 жүжылы әскерейтейңіз флоттарның кайғалы қарама ұрсы келіуа болған. Германияның, ақыштың және Британияның жеті кемесі порттан кетуден бастартықан.",бұл портта 1889 жылы әскери теңіз флоттарының қайғылы қарама қарсы келуі болған германияның ақш тың және британияның жеті кемесі порттан кетуден бас тартқан,бұл порта бірмін сегі жүс 6000 жүжылы әскерейтейңіз флоттарның кайғалы қарама ұрсы келіуа болған германияның ақыштың және британияның жеті кемесі порттан кетуден бастартықан
1998,"Олардың қабыршақтары мен тырнақтары бар аяқтары бар, олар жұмыртқалайды және олар тиранозавр сияқты екі артқы аяғында жүреді.","Улардың қабіршақтары, ментірнақтары бар, аяқтары бар. Улар жұміртқылайды, және улар тенерна за бірсе қатды екардық айағында дұйуды.",олардың қабыршақтары мен тырнақтары бар аяқтары бар олар жұмыртқалайды және олар тиранозавр сияқты екі артқы аяғында жүреді,улардың қабіршақтары ментірнақтары бар аяқтары бар улар жұміртқылайды және улар тенерна за бірсе қатды екардық айағында дұйуды
1978,«Спрингбокс» үшін бұл қатара бес ойындық жеңіліспен аяқталды.,Спринг Боркс шын болқатара пес оындық джингірсмен аяқталда.,спрингбокс үшін бұл қатара бес ойындық жеңіліспен аяқталды,спринг боркс шын болқатара пес оындық джингірсмен аяқталда
1751,Дебатты «Катрина» дауылының салдарынан көмек пен реконструкцияға жұмсауға қатысты даулар тудырды; кейбір қаржылық консерваторлар мұны әзілдеп «Буштың Жаңа Орлеандағы мәмілесі» деп атады.,"Дибатты катринадаулынынын солдарынын, көмекпен реконструкцияғажым солға қатысты даулар тұдырды. Кейбір қаржылық қансерваторлар мұны әзілдеп буштың жаңа ұрляндағы мәмелесідеп атады.",дебатты катрина дауылының салдарынан көмек пен реконструкцияға жұмсауға қатысты даулар тудырды кейбір қаржылық консерваторлар мұны әзілдеп буштың жаңа орлеандағы мәмілесі деп атады,дибатты катринадаулынынын солдарынын көмекпен реконструкцияғажым солға қатысты даулар тұдырды кейбір қаржылық қансерваторлар мұны әзілдеп буштың жаңа ұрляндағы мәмелесідеп атады
1893,"Сундарбандар - әлемдегі ең үлкен жағалаудағы мангр тоғайының белдеуі, жағалаудан Бангладеш пен Үндістанның ішкі аудандарына дейін 80 км (50 миль) созылып жатыр.",Сумдар бандар әлемде. Әлемде кейен үлкен жағалаудағы манғір тоғайның бельде ө. Жағалаудың банғладешпен үндістандың өшкі. Аудандарында дейін 80 километтер немесе елюмиль созлыб жатар.,сундарбандар әлемдегі ең үлкен жағалаудағы мангр тоғайының белдеуі жағалаудан бангладеш пен үндістанның ішкі аудандарына дейін 80 км 50 миль созылып жатыр,сумдар бандар әлемде әлемде кейен үлкен жағалаудағы манғір тоғайның бельде ө жағалаудың банғладешпен үндістандың өшкі аудандарында дейін 80 километтер немесе елюмиль созлыб жатар
1975,Ватикан қаласы халқының саны — шамамен 800. Бұл — дүние жүзіндегі ең шағын тәуелсіз ел және халық саны ең аз ел.,"Ватикан-каласы халқының саны шамамен сегі жөз. Бол, дәне ежізінде кө ең шағын төвелсіз ел, және халқ саны ең аз ел.",ватикан қаласы халқының саны шамамен 800 бұл дүние жүзіндегі ең шағын тәуелсіз ел және халық саны ең аз ел,ватикан каласы халқының саны шамамен сегі жөз бол дәне ежізінде кө ең шағын төвелсіз ел және халқ саны ең аз ел
1801,Гонконг аспанын безендіретін ғимараттар тобы Виктория Харбор суларының қатысуымен айқын көрінетін жарқыраған жолақ диаграммасымен салыстырылды.,Гамкуң аспан безиндретіні химараттар тұва Викторияқ Харбор суларның қапсумен аяқың көрнетін чарқыраган жұлақ диагарам асмен саастырлады.,гонконг аспанын безендіретін ғимараттар тобы виктория харбор суларының қатысуымен айқын көрінетін жарқыраған жолақ диаграммасымен салыстырылды,гамкуң аспан безиндретіні химараттар тұва викторияқ харбор суларның қапсумен аяқың көрнетін чарқыраган жұлақ диагарам асмен саастырлады
1868,"Спектрдің екінші жағында адам бейтаныс адамға айналады, ол топ орындайтын барлық әрекеттерді өзгертіп, оны өз бетінше жасау керек деп санайды.","Спектрден еекінча жағытда адам бейтаны садама айналда ол топ орндайтын барлық айректерді өзгердіп, оны өз бетінге жасау керектеп санайдым.",спектрдің екінші жағында адам бейтаныс адамға айналады ол топ орындайтын барлық әрекеттерді өзгертіп оны өз бетінше жасау керек деп санайды,спектрден еекінча жағытда адам бейтаны садама айналда ол топ орндайтын барлық айректерді өзгердіп оны өз бетінге жасау керектеп санайдым
1730,"Автобустар күні бойы ауданаралық автовокзалдан (өзеннің бойымен) шығады, дегенмен көбісі, әсіресе шығысқа және Джакарға/Бумтангқа бет алғандары 06:30 және 07: 30 аралығында шығады.","Автовыстар күні бою аудан аралық автовықзалдан, өзенінің бою мен шығады. Деген мен көбісе әсресі шығысқа, және чакарға бұм танқа бет алғындары, 6-20 және, 70-20 аралыңда шығады.",автобустар күні бойы ауданаралық автовокзалдан өзеннің бойымен шығады дегенмен көбісі әсіресе шығысқа және джакарға бумтангқа бет алғандары 06 30 және 07 30 аралығында шығады,автовыстар күні бою аудан аралық автовықзалдан өзенінің бою мен шығады деген мен көбісе әсресі шығысқа және чакарға бұм танқа бет алғындары 6 20 және 70 20 аралыңда шығады
1781,"Мадагаскар — қазіргі уақытта ең үлкені әрі жабайы табиғатына келгенде, өздігінен континент болып табылады.",Мадығаскар кәзіргі вақытда ең үлкен әры жабайы табегатқа келген де өздегінен континент болып табылады.,мадагаскар қазіргі уақытта ең үлкені әрі жабайы табиғатына келгенде өздігінен континент болып табылады,мадығаскар кәзіргі вақытда ең үлкен әры жабайы табегатқа келген де өздегінен континент болып табылады
1945,Касабланка — бүкіл Мароккодағы шоппинг жасау ең қызық емес жерлердің бірі.,Касабланка быкылмаруқ көді шопінг жасау ең хазығымей сферлердін бір.,касабланка бүкіл мароккодағы шоппинг жасау ең қызық емес жерлердің бірі,касабланка быкылмаруқ көді шопінг жасау ең хазығымей сферлердін бір
1792,Бұл химиялық рН деп аталады. Қызыл қырыққабат шырынын пайдаланып индикатор жасай аласыз.,"Мол, химиялық пияжде паталады, казыл 40 кабат шырынын пайдаланып индикатор же сая ласыз.",бұл химиялық рн деп аталады қызыл қырыққабат шырынын пайдаланып индикатор жасай аласыз,мол химиялық пияжде паталады казыл 40 кабат шырынын пайдаланып индикатор же сая ласыз
1925,"Жасалған жұмыс көбіне теориялық болды, бірақ Мерген галактикасына қатысты жасалатын бақылауларды симуляциялау үшін бағдарлама жазылды.","Часалықан жұмыс көпінеті еориалық болда, бірақ мергеін ғалактикасына қатысты часалатын бахлауларда, симуляциялаушын бағдарлама жазылда.",жасалған жұмыс көбіне теориялық болды бірақ мерген галактикасына қатысты жасалатын бақылауларды симуляциялау үшін бағдарлама жазылды,часалықан жұмыс көпінеті еориалық болда бірақ мергеін ғалактикасына қатысты часалатын бахлауларда симуляциялаушын бағдарлама жазылда
1764,"Келген адамдардың саны көп болғаны сонша, Сент Питер алаңындағы жерлеу процессиясына барлық адам қатыса алмады.","Келген адамдардың саны, көп болғаны сонша, Сент-Питер Аланындағы жерлеу процессиасны барлығадым қатсау мады.",келген адамдардың саны көп болғаны сонша сент питер алаңындағы жерлеу процессиясына барлық адам қатыса алмады,келген адамдардың саны көп болғаны сонша сент питер аланындағы жерлеу процессиасны барлығадым қатсау мады
1871,"Таяу Шығыстың климаты жылы болғандықтан, үй аса маңызды болмаған.","Таеу шығыстын климаты жылы болғандықтан, и аса маңызды болмаған.",таяу шығыстың климаты жылы болғандықтан үй аса маңызды болмаған,таеу шығыстын климаты жылы болғандықтан и аса маңызды болмаған
1919,"Қала Африкадағы ең арзан тау горилласы саудасының орталығы болумен қатар, Ньирагонго жанартауына шығуда негізгі қала қызметін атқарады.","Кала африкадығы ең арзан тау ғариласы саудаснын орталығы болумен кадар, нерагонға жүнгартауна шүғуда негізгі қалақзметін ад қарады.",қала африкадағы ең арзан тау горилласы саудасының орталығы болумен қатар ньирагонго жанартауына шығуда негізгі қала қызметін атқарады,кала африкадығы ең арзан тау ғариласы саудаснын орталығы болумен кадар нерагонға жүнгартауна шүғуда негізгі қалақзметін ад қарады
1891,"Лакша Сингх ""чхаппан бхог"" (елу алты дегенді білдіреді) өлеңін ұсынды. Ол әнді әнші Раджу Ханделвалмен бірге орындады.","Лақша сеніғ, чхапан, пқок, елю ата дегенде білдереді. Уленің үсімді, ол әнді әнші раджу, хандел ваңлымен біргең үңұрында да.",лакша сингх чхаппан бхог елу алты дегенді білдіреді өлеңін ұсынды ол әнді әнші раджу ханделвалмен бірге орындады,лақша сеніғ чхапан пқок елю ата дегенде білдереді уленің үсімді ол әнді әнші раджу хандел ваңлымен біргең үңұрында да
1924,"Әйелдер отыратын тобындағы төрт шаңғышы өз жарыстарын аяқтай алмады, ал Giant Slalom жарысындағы жалпы 117 шаңғышының 45-і жарыста орын алмады.",Айелдер отыратың төбінді құ тұрт шанғышы өз жарастарын аяқтай алмады. Ал джаенц лелім жарастындавы жалпы жізонжиеті шанғышының қрық бе сә жараста орын алмады.,әйелдер отыратын тобындағы төрт шаңғышы өз жарыстарын аяқтай алмады ал giant slalom жарысындағы жалпы 117 шаңғышының 45 і жарыста орын алмады,айелдер отыратың төбінді құ тұрт шанғышы өз жарастарын аяқтай алмады ал джаенц лелім жарастындавы жалпы жізонжиеті шанғышының қрық бе сә жараста орын алмады
1787,Блоггинг — бірлесіп жұмыс істеуге шабыттандыратын және оқушыларды дәстүрлі мектеп күнінен кеңейтуге ынталандыратын құрал.,Блогинг. Бірлесі Құмстығы шабытандратың және вақушларды дәстірлі мектеп күнінен кейңейтіңе үмталандратың қорал.,блоггинг бірлесіп жұмыс істеуге шабыттандыратын және оқушыларды дәстүрлі мектеп күнінен кеңейтуге ынталандыратын құрал,блогинг бірлесі құмстығы шабытандратың және вақушларды дәстірлі мектеп күнінен кейңейтіңе үмталандратың қорал
1916,"Көп неміс пісірілген өнімдерінде сонымен бірге бадам, орман жаңғақтары және басқа ағаш жаңғақтары болады. Танымал торттар жиі қою кофенің саптыаяғымен өте жақсы желінеді.","Көп немізпесерілген өнімдерінде, сонымен бірге бадам орман жанғақтары және басқа аға жанғақтары болады. Танмал тұрктар жиі қойу көфенің сақтайалмен өте жақсы желінеді.",көп неміс пісірілген өнімдерінде сонымен бірге бадам орман жаңғақтары және басқа ағаш жаңғақтары болады танымал торттар жиі қою кофенің саптыаяғымен өте жақсы желінеді,көп немізпесерілген өнімдерінде сонымен бірге бадам орман жанғақтары және басқа аға жанғақтары болады танмал тұрктар жиі қойу көфенің сақтайалмен өте жақсы желінеді
1998,"Олардың қабыршақтары мен тырнақтары бар аяқтары бар, олар жұмыртқалайды және олар тиранозавр сияқты екі артқы аяғында жүреді.","Уулардың қабрышықтары мен, тұрынақтары бар, аяқтары бар. Уулары жұмытқалайды, және улар тирана завыр сияқты еғы, аты әйағында дұйды.",олардың қабыршақтары мен тырнақтары бар аяқтары бар олар жұмыртқалайды және олар тиранозавр сияқты екі артқы аяғында жүреді,уулардың қабрышықтары мен тұрынақтары бар аяқтары бар уулары жұмытқалайды және улар тирана завыр сияқты еғы аты әйағында дұйды
1764,"Келген адамдардың саны көп болғаны сонша, Сент Питер алаңындағы жерлеу процессиясына барлық адам қатыса алмады.",Келген адамдардың саны көп болғаны сонша Сент Питер аланындағы жерлеу процесиасына барлық адам қатса алмады.,келген адамдардың саны көп болғаны сонша сент питер алаңындағы жерлеу процессиясына барлық адам қатыса алмады,келген адамдардың саны көп болғаны сонша сент питер аланындағы жерлеу процесиасына барлық адам қатса алмады
1688,"Теңіз әскери күштерінің жұмысы дәстүр бойынша елдің адамдарды және тауарларды жылжыту қабілетін сақтау, сонымен бірге жаудың өз адамдары мен тауарларын жылжыту қабілетіне кедергі жасау болатын.","Тегіз әскері үйкуштырін үнгімізі, дәстір бөйінша елдін атомдарда және таварларда жылжуду қаблетін сақтал. Сонымен бірге жаудың үз атомдары мен таварларын жылжуду қаблетін екедергіге сауғылаттын.",теңіз әскери күштерінің жұмысы дәстүр бойынша елдің адамдарды және тауарларды жылжыту қабілетін сақтау сонымен бірге жаудың өз адамдары мен тауарларын жылжыту қабілетіне кедергі жасау болатын,тегіз әскері үйкуштырін үнгімізі дәстір бөйінша елдін атомдарда және таварларда жылжуду қаблетін сақтал сонымен бірге жаудың үз атомдары мен таварларын жылжуду қаблетін екедергіге сауғылаттын
1714,"Жерсерік ғарышқа зымыранмен жіберілді. Ғалымдар ғарышта телескоптарды пайдаланады, өйткені жердің атмосферасы біраз жарық пен көріністі бұрмалайды.",Жер серің ғарышқа зымран мен жүберілді. ғалымдар ғарышта телескоптарды пайдаланады. үткені жердін атмосферасы браз жарықпен көріністі бұрмалайды.,жерсерік ғарышқа зымыранмен жіберілді ғалымдар ғарышта телескоптарды пайдаланады өйткені жердің атмосферасы біраз жарық пен көріністі бұрмалайды,жер серің ғарышқа зымран мен жүберілді ғалымдар ғарышта телескоптарды пайдаланады үткені жердін атмосферасы браз жарықпен көріністі бұрмалайды
1771,"Негізгі сахналардағы музыка аяқталғанымен, фестивальдің түннің кеш уақытына дейін музыканы ойнатуды жалғастыратын бөліктері болуы мүмкін екенін есте сақтаңыз.","Негізгі сахналардағы, музика аяқталғанымен, фестивальдың түнін кееш вақтынадейін, музиканы ойна туды жалғастрақын бөліктері болуыным күнекенін естесахтаныз.",негізгі сахналардағы музыка аяқталғанымен фестивальдің түннің кеш уақытына дейін музыканы ойнатуды жалғастыратын бөліктері болуы мүмкін екенін есте сақтаңыз,негізгі сахналардағы музика аяқталғанымен фестивальдың түнін кееш вақтынадейін музиканы ойна туды жалғастрақын бөліктері болуыным күнекенін естесахтаныз
1805,"Scotturb 403 автобусы Синтраға қалыпты түрде қатынап отырады да, Рока мүйісінде тоқтайды.","Скорттор 30 автобусы синтрағы қалыпты түрде қатнаму отықадыда, Рокам есінде тұқтайда.",scotturb 403 автобусы синтраға қалыпты түрде қатынап отырады да рока мүйісінде тоқтайды,скорттор 30 автобусы синтрағы қалыпты түрде қатнаму отықадыда рокам есінде тұқтайда
2008,Балидегі күн тәртібіндегі басқа тақырыптарға әлемнің қалған ормандарын сақтау және дамушы елдерге азырақ ластайтын жолмен өсуіне көмектесу үшін технологияларды бөлісу кіреді.,"Бәлі деңі қүнтерді бүндеңі басқат ақыптарға әлемің қалған ормандарын сақтав, және дамушы елдерге азрақ ластайтын жолмену суыне, көмекте суышын, технологияларды бөлі суы күреді.",балидегі күн тәртібіндегі басқа тақырыптарға әлемнің қалған ормандарын сақтау және дамушы елдерге азырақ ластайтын жолмен өсуіне көмектесу үшін технологияларды бөлісу кіреді,бәлі деңі қүнтерді бүндеңі басқат ақыптарға әлемің қалған ормандарын сақтав және дамушы елдерге азрақ ластайтын жолмену суыне көмекте суышын технологияларды бөлі суы күреді
1871,"Таяу Шығыстың климаты жылы болғандықтан, үй аса маңызды болмаған.",Таеу шырыстын климаты жылы болғандықтан и аса манғызды болмарын.,таяу шығыстың климаты жылы болғандықтан үй аса маңызды болмаған,таеу шырыстын климаты жылы болғандықтан и аса манғызды болмарын
1710,"Өткен аптада METI ұйымы оған Apple компаниясы қызып кетудің 34 қосымша инциденті туралы хабарлағанын жариялады, Apple компаниясы оларды «ауыр емес» деп атады.",Гөтген әптеді өймі өгін әппел кампаниясі қазып кетүдің өтстірт қосымша инстиденті туралы қаварларан жариялада. Әппел кампаниясы өларда аурым әстебатады.,өткен аптада meti ұйымы оған apple компаниясы қызып кетудің 34 қосымша инциденті туралы хабарлағанын жариялады apple компаниясы оларды ауыр емес деп атады,гөтген әптеді өймі өгін әппел кампаниясі қазып кетүдің өтстірт қосымша инстиденті туралы қаварларан жариялада әппел кампаниясы өларда аурым әстебатады
1981,"Бар болғаны кеме экскурсиялары арқылы жағаға барсаңыз, сізге бөлек виза қажет болмайды (2009 жылдан).","Бар болғаны кеме экскурсиалы арқылы жағаға бар саныз, сізге бөлек виза кайжет болмайды, екмің дұғызынша жолтан.",бар болғаны кеме экскурсиялары арқылы жағаға барсаңыз сізге бөлек виза қажет болмайды 2009 жылдан,бар болғаны кеме экскурсиалы арқылы жағаға бар саныз сізге бөлек виза кайжет болмайды екмің дұғызынша жолтан
1805,"Scotturb 403 автобусы Синтраға қалыпты түрде қатынап отырады да, Рока мүйісінде тоқтайды.","Скот тірп түрчіз үш автобусы, синтраға қалып түтірде қатынап отратыда, үрокы мүйісінде түктайда.",scotturb 403 автобусы синтраға қалыпты түрде қатынап отырады да рока мүйісінде тоқтайды,скот тірп түрчіз үш автобусы синтраға қалып түтірде қатынап отратыда үрокы мүйісінде түктайда
1871,"Таяу Шығыстың климаты жылы болғандықтан, үй аса маңызды болмаған.",Таял шығыстын климаты жылы болғандықтан и аса маңызды болмаған.,таяу шығыстың климаты жылы болғандықтан үй аса маңызды болмаған,таял шығыстын климаты жылы болғандықтан и аса маңызды болмаған
1663,"Кочамо алқабы – Чилидегі өрмелеу үшін баратын негізгі жер. Ол Оңтүстік Американың Йосемитесі ретінде белгілі, оның әртүрлі гранит үлкен қабырғалары және жартастары бар.","Кочамо алқабы, челедегі үрмелеушін баратын негізгі жер, ол онтыстык Американым Йосимете сөретінде белгілі, оның әртірлі үгранет үлкен қабрығалары және жартастары бар.",кочамо алқабы чилидегі өрмелеу үшін баратын негізгі жер ол оңтүстік американың йосемитесі ретінде белгілі оның әртүрлі гранит үлкен қабырғалары және жартастары бар,кочамо алқабы челедегі үрмелеушін баратын негізгі жер ол онтыстык американым йосимете сөретінде белгілі оның әртірлі үгранет үлкен қабрығалары және жартастары бар
1992,"«Сафари» терминінің кең таралған мағынасы Африканың таң қалдыратын жабайы табиғатын, әсіресе саваннаны көруге жер бетімен саяхаттауды білдіреді.","Сафари терминін кенгтаралған магнасы африканым танқалдыратым, жабайы табиғатым асересі сабаннаны көріңе жөрбетмен сәрхаттауды білдерейді.",сафари терминінің кең таралған мағынасы африканың таң қалдыратын жабайы табиғатын әсіресе саваннаны көруге жер бетімен саяхаттауды білдіреді,сафари терминін кенгтаралған магнасы африканым танқалдыратым жабайы табиғатым асересі сабаннаны көріңе жөрбетмен сәрхаттауды білдерейді
1941,Бұл жұптар баласы үшін асырап алу жоспарын жасауды таңдауы мүмкін.,Бұл жұптар балазы үшін асрап алу жоспарын жасалды тандавымым қын.,бұл жұптар баласы үшін асырап алу жоспарын жасауды таңдауы мүмкін,бұл жұптар балазы үшін асрап алу жоспарын жасалды тандавымым қын
1935,"Алайда, бұл дұрыс емес. Құжаттың артында белгілі бір мәлімет жазылған болса да, ол қазынаға жеткізетін карта емес.","Алайды бол дұрысымес, құжаттың артында белғылыбір мәлемет жазылқан болса да, ұл қазынаға жеткізетін қартыымес.",алайда бұл дұрыс емес құжаттың артында белгілі бір мәлімет жазылған болса да ол қазынаға жеткізетін карта емес,алайды бол дұрысымес құжаттың артында белғылыбір мәлемет жазылқан болса да ұл қазынаға жеткізетін қартыымес
1783,"Аймақтық және маусымдық ауа райы құбылыстары қарлы борандарды, мұзды борандарды және шаң дауылдарын қамтиды.","Аймахтық жені маусымдық аварайы, кубустары, қарлы, бұрандарды, мұзды, бұрандарды жені шандауылдарын қамтейды.",аймақтық және маусымдық ауа райы құбылыстары қарлы борандарды мұзды борандарды және шаң дауылдарын қамтиды,аймахтық жені маусымдық аварайы кубустары қарлы бұрандарды мұзды бұрандарды жені шандауылдарын қамтейды
1880,Осылайша қарындаш шыққан кезде көп адамдарға жақсы дос болды.,Уысылайша қаранды шыққан гізде көп адамдарық жақса дөзполды.,осылайша қарындаш шыққан кезде көп адамдарға жақсы дос болды,уысылайша қаранды шыққан гізде көп адамдарық жақса дөзполды
1817,Шенген аймағы бұл тұрғыдан бір ел сияқты жұмыс істейді.,Шынген аймакы бұл тұрқыдан бір ель сияқты жұмоз ыстейды.,шенген аймағы бұл тұрғыдан бір ел сияқты жұмыс істейді,шынген аймакы бұл тұрқыдан бір ель сияқты жұмоз ыстейды
1825,"Әрекетке жақын болғыңыз келсе, музыкаға жақын кемпинг учаскесін алу үшін ерте тұруыңыз керек.","Рекетке жақын болғыныскелсе, музыка ва жақын кемпинг участкесін ауушын иртит урумыскелсе.",әрекетке жақын болғыңыз келсе музыкаға жақын кемпинг учаскесін алу үшін ерте тұруыңыз керек,рекетке жақын болғыныскелсе музыка ва жақын кемпинг участкесін ауушын иртит урумыскелсе
1792,Бұл химиялық рН деп аталады. Қызыл қырыққабат шырынын пайдаланып индикатор жасай аласыз.,"Бұл химиалық пи аштып аталады, қызыл қырқабат шырынының пайдаланып индикатор жасей алаасыз.",бұл химиялық рн деп аталады қызыл қырыққабат шырынын пайдаланып индикатор жасай аласыз,бұл химиалық пи аштып аталады қызыл қырқабат шырынының пайдаланып индикатор жасей алаасыз
1743,Технологиялық детерминизмнің көптеген түсініктемелері екі жалпы пікірге ие: технология мәдени немесе саяси әсерден тыс өз бетінше дамиды және технология өз кезегінде өз ерекшеліктері бар қоғамдарға әсерін тигізеді.,"Технологиялық детерминизмін қоптыңын сүктемелері екі жалпып қырыге е. Технология маденей немесе сайаси асердентас өз бейдінжі дамиді о жаны, технология өз кезегінде өз ерекшеліктейері бар қоғамдарға асерден тегізеді.",технологиялық детерминизмнің көптеген түсініктемелері екі жалпы пікірге ие технология мәдени немесе саяси әсерден тыс өз бетінше дамиды және технология өз кезегінде өз ерекшеліктері бар қоғамдарға әсерін тигізеді,технологиялық детерминизмін қоптыңын сүктемелері екі жалпып қырыге е технология маденей немесе сайаси асердентас өз бейдінжі дамиді о жаны технология өз кезегінде өз ерекшеліктейері бар қоғамдарға асерден тегізеді
2007,АҚШ Инженерлер корпусы 6 дюйм жаңбырдың жаууы бұрын зақымдалған бөгеттерді бұзуы мүмкін деп болжады.,"Ақаш инженерлер, корпуса, алты дею жамбрың жаулы бұрын, сақымдалған бұгеттерді бұзу ұмымкындеп болжады.",ақш инженерлер корпусы 6 дюйм жаңбырдың жаууы бұрын зақымдалған бөгеттерді бұзуы мүмкін деп болжады,ақаш инженерлер корпуса алты дею жамбрың жаулы бұрын сақымдалған бұгеттерді бұзу ұмымкындеп болжады
1737,Арыстандар ең көп қатысым жасайтын мысықтар. Олар прайдтар деп аталатын үлкен топтарда өмір сүреді.,Арстандар еін көп қатысым жасайтін мүсықтар. Олар прайттарды деп аталатын үлген топтарды өмір сүреді.,арыстандар ең көп қатысым жасайтын мысықтар олар прайдтар деп аталатын үлкен топтарда өмір сүреді,арстандар еін көп қатысым жасайтін мүсықтар олар прайттарды деп аталатын үлген топтарды өмір сүреді
1682,"Оны кім жазғанын ешкім дәл білмегенімен, өмірінің басында үлкен пергамент құжат (оның өлшемі: 29¾ дюйм х 24½ дюйм) сақтау үшін оралғаны белгілі.","Оны қім жазғанын ешкім дәл білмегенмен, өмірінің басында өлкен пергамент құжат, оның өлюшемі 29-34 дүйм, 29-1 дүйм, сақтал үшін ұралғаны белкілі.",оны кім жазғанын ешкім дәл білмегенімен өмірінің басында үлкен пергамент құжат оның өлшемі 293 4 дюйм х 241 2 дюйм сақтау үшін оралғаны белгілі,оны қім жазғанын ешкім дәл білмегенмен өмірінің басында өлкен пергамент құжат оның өлюшемі 29 34 дүйм 29 1 дүйм сақтал үшін ұралғаны белкілі
1990,"Сондай-ақ блогтар оқушылардың жазуын жақсартуға көмектеседі. Оқушылар блог тәжірибесін көбінесе немқұрайлы грамматикамен және емлемен бастағанымен, аудиторияның болуы әдетте бұл жағдайды өзгертеді.","Сондаяқ блоктар оқушлардың жазуын жақсартуға көміктеседі. Оқушлар блоктажер бе сімү көвнесен емкураилы ғраметикамен, кәне емлемен бастағанмен аудиторияның болуы әдетті был жағдайды үзгіртеді.",сондай ақ блогтар оқушылардың жазуын жақсартуға көмектеседі оқушылар блог тәжірибесін көбінесе немқұрайлы грамматикамен және емлемен бастағанымен аудиторияның болуы әдетте бұл жағдайды өзгертеді,сондаяқ блоктар оқушлардың жазуын жақсартуға көміктеседі оқушлар блоктажер бе сімү көвнесен емкураилы ғраметикамен кәне емлемен бастағанмен аудиторияның болуы әдетті был жағдайды үзгіртеді
1894,"Карри — бұл шөптер мен дәмдеуіштер, сонымен қатап ет немесе көкөністер қосылатын тағам.","Көрі бұл шып терменді мүштер, сонымен қатап, ед немесей көнестер көслатын тағам.",карри бұл шөптер мен дәмдеуіштер сонымен қатап ет немесе көкөністер қосылатын тағам,көрі бұл шып терменді мүштер сонымен қатап ед немесей көнестер көслатын тағам
1814,"Сутегі иондары, бұл олардан электрондары алынып тасталған протондар болып табылады (өйткені сутегі атомдары бір протон мен бір электроннан тұрады).","Сутыегі жондары, бұл олардан електрондары алынып тастылыған пратондар болып табылады. Гүтгенің Сутыегі атымдары бір пратонмен бір електрондан тұрада.",сутегі иондары бұл олардан электрондары алынып тасталған протондар болып табылады өйткені сутегі атомдары бір протон мен бір электроннан тұрады,сутыегі жондары бұл олардан електрондары алынып тастылыған пратондар болып табылады гүтгенің сутыегі атымдары бір пратонмен бір електрондан тұрада
1760,"Мозасавр өз заманының ең жоғары жыртқышы болған, сондықтан ол басқа мозасаврлардан басқа ештеңеден қорықпаған.","Моза савыр, өйзамының ең жоғарғы жүркші болған, сондықтан ұл басқа Моза савырлардың басқа ештінгерен қорқпаған.",мозасавр өз заманының ең жоғары жыртқышы болған сондықтан ол басқа мозасаврлардан басқа ештеңеден қорықпаған,моза савыр өйзамының ең жоғарғы жүркші болған сондықтан ұл басқа моза савырлардың басқа ештінгерен қорқпаған
1947,"Әскерлер келмей тұрып, Гаитиде 1800 жылдан бері бұл ауруға қатысты мәселелер болмаған.","Аз керілер келмей тұроп, Қаи теде бірмін сегі жүнші жолдан бері бол ауруға қатсты мәселелер болмаған.",әскерлер келмей тұрып гаитиде 1800 жылдан бері бұл ауруға қатысты мәселелер болмаған,аз керілер келмей тұроп қаи теде бірмін сегі жүнші жолдан бері бол ауруға қатсты мәселелер болмаған
1960,"Оның жасы 20-да болғаны хабарланды. Өз мәлімдемесінде Бибер былай деді: «ол жерде болмағаныммен әрі осы қайғылы апатқа тікелей қатысты болмағаныммен, мен құрбанның отбасы туралы ойлаймын және оларға дұғалар арнаймын.","Оның жасы жирмады болғаны хабарланды, өзмалым димесінде бейбер блайдеді. Ол жерде болмағаным мен, Әрі осы кайғалы апатқа түкелейі катысты болмағаным мені, мен құрбанның отбасы туралы ойлымын, жене оларға дұғалар айнармаймын. Сұл ұл ұл ұл ұл ұл ұл ұл ұл ұл ұл ұл ұл ұл ұл ұл ұл ұл ұл ұл ұл ұл ұл ұл ұл ұл ұл ұл ұл ұл ұл ұл ұл ұл ұл ұл ұл ұл ұл ұл ұл ұл ұл ұл ұл ұл ұл ұл ұл ұл ұл ұл ұл ұл ұл ұл",оның жасы 20 да болғаны хабарланды өз мәлімдемесінде бибер былай деді ол жерде болмағаныммен әрі осы қайғылы апатқа тікелей қатысты болмағаныммен мен құрбанның отбасы туралы ойлаймын және оларға дұғалар арнаймын,оның жасы жирмады болғаны хабарланды өзмалым димесінде бейбер блайдеді ол жерде болмағаным мен әрі осы кайғалы апатқа түкелейі катысты болмағаным мені мен құрбанның отбасы туралы ойлымын жене оларға дұғалар айнармаймын сұл ұл ұл ұл ұл ұл ұл ұл ұл ұл ұл ұл ұл ұл ұл ұл ұл ұл ұл ұл ұл ұл ұл ұл ұл ұл ұл ұл ұл ұл ұл ұл ұл ұл ұл ұл ұл ұл ұл ұл ұл ұл ұл ұл ұл ұл ұл ұл ұл ұл ұл ұл ұл ұл ұл ұл
1827,"Жер қыртысының қалыңдығы жақын жағында шамамен 70 км, ал алыс жағында 100 км.","Жеркартының қалымдығы жақын-жақында шамамен жепс километер, ал-алыш шағында джіз километер.",жер қыртысының қалыңдығы жақын жағында шамамен 70 км ал алыс жағында 100 км,жеркартының қалымдығы жақын жақында шамамен жепс километер ал алыш шағында джіз километер
1845,Күймеде олар айқайлап жатқан және король мен патшайымға қоқан-лоққыларды айқайлап айтып жатқан адамдар тобы қоршаған күйде Парижге қайтып оралды.,"Көмеді ұлар айқайлаб жаткан, және Каролмен патчаымға қоқан лоқыларды айқайлаб айтып жаткан адамдар тұлба қоршаған көйді парайжеге қайты бұралда.",күймеде олар айқайлап жатқан және король мен патшайымға қоқан лоққыларды айқайлап айтып жатқан адамдар тобы қоршаған күйде парижге қайтып оралды,көмеді ұлар айқайлаб жаткан және каролмен патчаымға қоқан лоқыларды айқайлаб айтып жаткан адамдар тұлба қоршаған көйді парайжеге қайты бұралда
1722,53 жастағы Куомо өзінің губернатор лауазымына осы жылдың басында келді және өткен айда бір жынысты некені заңдастырушы заң жобасына қол қойды.,"Ерюш шастаға қуамо, өзінің гөвернатор лауазымна өосы жылдың басында келді. Чәне өткен айда бір жанысты нікені зандастырушы зан жо басына қолқойда.",53 жастағы куомо өзінің губернатор лауазымына осы жылдың басында келді және өткен айда бір жынысты некені заңдастырушы заң жобасына қол қойды,ерюш шастаға қуамо өзінің гөвернатор лауазымна өосы жылдың басында келді чәне өткен айда бір жанысты нікені зандастырушы зан жо басына қолқойда
1745,"Өсімдіктер табиғи жағдайда жақсы көрінеді, сондықтан олардың «бір данасын» да алып тастамаңыз.","Вөсімдіктір таби ви жағдайда, жақсы көрне де, сондықтан олардың бірді анасымда алыптастаманғыз.",өсімдіктер табиғи жағдайда жақсы көрінеді сондықтан олардың бір данасын да алып тастамаңыз,вөсімдіктір таби ви жағдайда жақсы көрне де сондықтан олардың бірді анасымда алыптастаманғыз
1753,"Бұл көбінесе бар болғаны дәл емес стереотип болғанымен, Парижде өмір сүрудің ең жақсы жолы – ең жақсы мінез-құлықты көрсету, жақсы тәрбиеленген адам сияқты әрекет ету. Бұл саяхаттауды айтарлықтай жеңілдетеді.","Бол көбінесе бар болғаны, дәлемес тиратип болғаны мен, парежде öмір сүрудың ең жақсы жұлы, ең жақсы мүнеес қылықты көрсе ту, жақсы тәрбейленген адам сияқты әрекедеті, бол саяқтавды айтарлықтай женгілдетеді.",бұл көбінесе бар болғаны дәл емес стереотип болғанымен парижде өмір сүрудің ең жақсы жолы ең жақсы мінез құлықты көрсету жақсы тәрбиеленген адам сияқты әрекет ету бұл саяхаттауды айтарлықтай жеңілдетеді,бол көбінесе бар болғаны дәлемес тиратип болғаны мен парежде öмір сүрудың ең жақсы жұлы ең жақсы мүнеес қылықты көрсе ту жақсы тәрбейленген адам сияқты әрекедеті бол саяқтавды айтарлықтай женгілдетеді
1941,Бұл жұптар баласы үшін асырап алу жоспарын жасауды таңдауы мүмкін.,Бұл жуптар баласышін асырап алу жауспарн жасқалды танғдауы мымкын.,бұл жұптар баласы үшін асырап алу жоспарын жасауды таңдауы мүмкін,бұл жуптар баласышін асырап алу жауспарн жасқалды танғдауы мымкын
1702,Бар болғаны екі аптада американдықтар және еркін француз күштері оңтүстік Францияны босатты және Германияға қарай бұрылып жатты.,"Барболганы 2 каптады Американдықтар, және 2-кім Францез күштіңірі оңдстық Франсианы босатты, және Германияғық харай барылып жатты.",бар болғаны екі аптада американдықтар және еркін француз күштері оңтүстік францияны босатты және германияға қарай бұрылып жатты,барболганы 2 каптады американдықтар және 2 кім францез күштіңірі оңдстық франсианы босатты және германияғық харай барылып жатты
1941,Бұл жұптар баласы үшін асырап алу жоспарын жасауды таңдауы мүмкін.,Бұл жуптар баласышын асырап алыж оспарін жасауды тандавы мымкын.,бұл жұптар баласы үшін асырап алу жоспарын жасауды таңдауы мүмкін,бұл жуптар баласышын асырап алыж оспарін жасауды тандавы мымкын
1748,Өрт сөндіру бөлімшелері өртті кешкі сағат 11:35-ке дейін сөндірді.,4 сондру бөлімшелері 4-2-шқы сағат 11-35-гейін сондрыды.,өрт сөндіру бөлімшелері өртті кешкі сағат 11 35 ке дейін сөндірді,4 сондру бөлімшелері 4 2 шқы сағат 11 35 гейін сондрыды
1840,"Италияның көптеген қалаларында және әлемдегі басқа да қалаларда, әсіресе Польшада, соған ұқсас қондырмалар орнатылды және бұған көптеген адамдар куә болды.","Италияның көптегін қалыларында, және әлемдегі басқады қалыларда, әсіресе қолшады, соғанықсас қондырмалар, орнатылда және бұған көптегін адымдар көпіі болды.",италияның көптеген қалаларында және әлемдегі басқа да қалаларда әсіресе польшада соған ұқсас қондырмалар орнатылды және бұған көптеген адамдар куә болды,италияның көптегін қалыларында және әлемдегі басқады қалыларда әсіресе қолшады соғанықсас қондырмалар орнатылда және бұған көптегін адымдар көпіі болды
1977,"Прайдтар бірден үшке дейін туыс ересек еркек арыстаннан, сондай-ақ отыз аналық пен абданнан тұрады.","Прайттар бірден шкеден 20-сересек, еркек арстаннан сонда яқ 30 аналог пен абданан трады.",прайдтар бірден үшке дейін туыс ересек еркек арыстаннан сондай ақ отыз аналық пен абданнан тұрады,прайттар бірден шкеден 20 сересек еркек арстаннан сонда яқ 30 аналог пен абданан трады
1885,"22:00-23: 00 аралығында (MDT), аулада тұрған сотталғандай өрт шығарды.","Чірмайығы нөлнөл, чірмайығы жүнөлнөл арылғында әмдеті е, аулада тұрыған сатталған дай өрчұғарда.",22 00 23 00 аралығында mdt аулада тұрған сотталғандай өрт шығарды,чірмайығы нөлнөл чірмайығы жүнөлнөл арылғында әмдеті е аулада тұрыған сатталған дай өрчұғарда
1786,Бұл кристалдардың құрылымы инфрақызыл спектроскопиямен (FTIR) салыстырғанда әсер етілген үй жануарларының зәрінде кездесетін кристалдармен бірдей.,Бұғы кристалдардың қоролумына инфрақызыл спектроскапиямен FTR-салстырында әсер етілген 3-10-арымың үн жәрінде 2017-ін кристалдарымен бірді.,бұл кристалдардың құрылымы инфрақызыл спектроскопиямен ftir салыстырғанда әсер етілген үй жануарларының зәрінде кездесетін кристалдармен бірдей,бұғы кристалдардың қоролумына инфрақызыл спектроскапиямен ftr салстырында әсер етілген 3 10 арымың үн жәрінде 2017 ін кристалдарымен бірді
1810,Калифорния губернаторы Арнольд Шварценеггер кәмелетке толмағандарға зорлық-зомбылық контенті бар видео ойындарды сатуға немесе жалға беруге тыйым салатын заңға қол қойды.,"Калифорния гувернаторы Арнольд Шварсыне қар камлеткет алмағандарға Арнолған зонбыл қантенті бар вьюдюе оындарды сатугы анимесі чалға ве рүгі, тим салатін саңа қолқойда.",калифорния губернаторы арнольд шварценеггер кәмелетке толмағандарға зорлық зомбылық контенті бар видео ойындарды сатуға немесе жалға беруге тыйым салатын заңға қол қойды,калифорния гувернаторы арнольд шварсыне қар камлеткет алмағандарға арнолған зонбыл қантенті бар вьюдюе оындарды сатугы анимесі чалға ве рүгі тим салатін саңа қолқойда
1838,Гизадағы Ұлы Пирамида - жеті ғажайыптың ішіндегі бүгінгі күнге дейін сақталып қалған жалғыз ғажап.,"Ги зедагы олып ерамида, жеті қажа ептін үшіндейіңі бүгінгі күнге деін сақтал палған жалгыз қажап.",гизадағы ұлы пирамида жеті ғажайыптың ішіндегі бүгінгі күнге дейін сақталып қалған жалғыз ғажап,ги зедагы олып ерамида жеті қажа ептін үшіндейіңі бүгінгі күнге деін сақтал палған жалгыз қажап
1935,"Алайда, бұл дұрыс емес. Құжаттың артында белгілі бір мәлімет жазылған болса да, ол қазынаға жеткізетін карта емес.","Алайда бұлдыр семез, кушаттың артында бейлғлі бір мәлімі часығам болса да ол-хазнаға жеткізетін үкарта емес.",алайда бұл дұрыс емес құжаттың артында белгілі бір мәлімет жазылған болса да ол қазынаға жеткізетін карта емес,алайда бұлдыр семез кушаттың артында бейлғлі бір мәлімі часығам болса да ол хазнаға жеткізетін үкарта емес
1799,"Сәрсенбі күнгі оқиғадан басқа, Карпанедо чемпионаттағы екі жеке жарыста қатысты.","Серсенбі қыңғы қығығадан баска, қарпаныда чемпионаттағы екі жеке жарыста қатста.",сәрсенбі күнгі оқиғадан басқа карпанедо чемпионаттағы екі жеке жарыста қатысты,серсенбі қыңғы қығығадан баска қарпаныда чемпионаттағы екі жеке жарыста қатста
1748,Өрт сөндіру бөлімшелері өртті кешкі сағат 11:35-ке дейін сөндірді.,Бұрт сәндірі өлімшелері өртті кешкі сағат 14-15 кетейін сәндірді.,өрт сөндіру бөлімшелері өртті кешкі сағат 11 35 ке дейін сөндірді,бұрт сәндірі өлімшелері өртті кешкі сағат 14 15 кетейін сәндірді
1821,Ми патологиялары мен іс-қимыл арасындағы байланыс ғалымдарды олардың зерттеулерінде қолдайды.,"Ми патологиялары мен әске мылар асындайғы байланыз, ғалымдарды улардың зердтеу лерінде қолдайды.",ми патологиялары мен іс қимыл арасындағы байланыс ғалымдарды олардың зерттеулерінде қолдайды,ми патологиялары мен әске мылар асындайғы байланыз ғалымдарды улардың зердтеу лерінде қолдайды
1921,"Екінші жағынан, мұзды және қарлы жағдайлар көп елдерде қалыпты болып табылады және жол қозғалысы көбінесе жыл бойы үздіксіз болады.","Екінші жағынан, музды және қарлы жағдайлар көбелерде қалыпты болыпта болады. Және жол козалысы, көбенесе жол боя ыздықшыз болады.",екінші жағынан мұзды және қарлы жағдайлар көп елдерде қалыпты болып табылады және жол қозғалысы көбінесе жыл бойы үздіксіз болады,екінші жағынан музды және қарлы жағдайлар көбелерде қалыпты болыпта болады және жол козалысы көбенесе жол боя ыздықшыз болады
1844,Айдың беті тау жынысы мен шаңнан тұрады. Айдың сыртқы қабаты қабық деп аталады.,"Айдың беті тау жанысымін шаннам тұрады, айдың сытка-кабаты, кабықтеп аталады.",айдың беті тау жынысы мен шаңнан тұрады айдың сыртқы қабаты қабық деп аталады,айдың беті тау жанысымін шаннам тұрады айдың сытка кабаты кабықтеп аталады
1719,"Қаһарлы ауа-райы - ауыр зақым келтіретін, қоғамдық құрылымға қатты қалал келтіретін және адам өлімдеріне себеп болуы мүмкін болған кез-келген қауіпті ауа-райының құбылыстарына айтылатын ұғым.","Кахарлы оварайы аурыз ақым келтеретін, когамды қорламға каттық, қавал келтеретін, және адам өлімдеріне себеп болуы мүмкін болған кезгелген каупты оварайыным көбулстарны айтылатым оғым.",қаһарлы ауа райы ауыр зақым келтіретін қоғамдық құрылымға қатты қалал келтіретін және адам өлімдеріне себеп болуы мүмкін болған кез келген қауіпті ауа райының құбылыстарына айтылатын ұғым,кахарлы оварайы аурыз ақым келтеретін когамды қорламға каттық қавал келтеретін және адам өлімдеріне себеп болуы мүмкін болған кезгелген каупты оварайыным көбулстарны айтылатым оғым
1884,Атап айтқанда адамның бетіндегі микро өзгерістерді түсіндіру арқылы оның өтірік айтуын анықтауға болады.,Атапайтықанда адамның бетіндеңі микровізгерістерді түсіндірің арқылы оның өтірің айтуан анықтавыға болады.,атап айтқанда адамның бетіндегі микро өзгерістерді түсіндіру арқылы оның өтірік айтуын анықтауға болады,атапайтықанда адамның бетіндеңі микровізгерістерді түсіндірің арқылы оның өтірің айтуан анықтавыға болады
1808,"Соғыс аяқталғаннан кейін екі жылда, бұрынғы одақтастар енді жаулар болды және суық соғыс басталды.","Соғыз аяқталғаннан кейін екізілді абрыңы одақтастар енді жаулар болып, болды және сууқ соғыз бастылды.",соғыс аяқталғаннан кейін екі жылда бұрынғы одақтастар енді жаулар болды және суық соғыс басталды,соғыз аяқталғаннан кейін екізілді абрыңы одақтастар енді жаулар болып болды және сууқ соғыз бастылды
1803,"Сіздің қолыңыздағы ылғал сыртқы қабаттармен өзара әрекетке түсіп, біртүрлі сезіледі және қорғаныс қабығын түзеді.","Сіздің қолңыздағы үлғал, сыт қыбаттармен өзері әрекет кет сөп біртірлі сезледі, және құрғаңыз қабығын түзеді.",сіздің қолыңыздағы ылғал сыртқы қабаттармен өзара әрекетке түсіп біртүрлі сезіледі және қорғаныс қабығын түзеді,сіздің қолңыздағы үлғал сыт қыбаттармен өзері әрекет кет сөп біртірлі сезледі және құрғаңыз қабығын түзеді
1892,"Бұл – Британдық отарлаушылардың өз меншігі ретінде басып алған орны, сондықтан егер сіз аумақтың отаршылдықта болғанының дәлелдерін іздесеңіз, бұл – бастамаңыз үшін қолайлы орын.","Бұл біртандық оторлаушылардың өзменші гіретінде бақсы болған орна. Сондықтан егер сіз аумақтың оторшылдықта болғананының далельдерін ызде сеніз, бұл бастаманыныңыз үшін қолайлы орын.",бұл британдық отарлаушылардың өз меншігі ретінде басып алған орны сондықтан егер сіз аумақтың отаршылдықта болғанының дәлелдерін іздесеңіз бұл бастамаңыз үшін қолайлы орын,бұл біртандық оторлаушылардың өзменші гіретінде бақсы болған орна сондықтан егер сіз аумақтың оторшылдықта болғананының далельдерін ызде сеніз бұл бастаманыныңыз үшін қолайлы орын
1735,"Америка Құрама Штаттарындағы Принстон университетінің және Швециядағы Упсала университетінің зерттеушілері бар болғаны екі буында жаңа түрдің пайда болғанын мәлімдеді, дегенмен бұл процесс Дарвиннің шұбар шымшығын, Геоспиза шұбар шымшығын және иммигрант кактус шұбар шымшығын (Geospiza conirostris) будандастыруға байланысты бұл процесс әлдеқайда ұзағыраққа созылады деп есептеліп келген.","Америка Крамаштад Тарандавы, принстан университетінің және Швециядағы упсала университетінің зертеушлері бар болғанын екапуында жаңатірдің пайда болғанын мәлемдеді. Дегенмен бұл процесс дарвинның шыбаршымшығым, ГСП-за шыбаршымшығым, және иммигрант кақтус шыбаршымшығым, көнеростес, бұдандаст руқа балансты болпроцес, әлдегайда озағыра касо-злады деп есептелеп келген.",америка құрама штаттарындағы принстон университетінің және швециядағы упсала университетінің зерттеушілері бар болғаны екі буында жаңа түрдің пайда болғанын мәлімдеді дегенмен бұл процесс дарвиннің шұбар шымшығын геоспиза шұбар шымшығын және иммигрант кактус шұбар шымшығын geospiza conirostris будандастыруға байланысты бұл процесс әлдеқайда ұзағыраққа созылады деп есептеліп келген,америка крамаштад тарандавы принстан университетінің және швециядағы упсала университетінің зертеушлері бар болғанын екапуында жаңатірдің пайда болғанын мәлемдеді дегенмен бұл процесс дарвинның шыбаршымшығым гсп за шыбаршымшығым және иммигрант кақтус шыбаршымшығым көнеростес бұдандаст руқа балансты болпроцес әлдегайда озағыра касо злады деп есептелеп келген
1964,"Қазірге дейін әйгілі ""25 Данлэп парақтары"" құжаттың ең көне көшірмелері болып табылады. Түпнұсқалық қолжазба көшірмесі сақталмаған.","Хазіргі деі наивілі жүрмавес данлеп парақтары, күржаттың енконе көшірмелер болып табылады. Түп нүскалы қолғы жазба көшірмелсі сақталмаған.",қазірге дейін әйгілі 25 данлэп парақтары құжаттың ең көне көшірмелері болып табылады түпнұсқалық қолжазба көшірмесі сақталмаған,хазіргі деі наивілі жүрмавес данлеп парақтары күржаттың енконе көшірмелер болып табылады түп нүскалы қолғы жазба көшірмелсі сақталмаған
1878,Шіркеудің орталық билігі мың жылдар бойы Римде болған және бұл қуат пен ақшаның шоғырлануы көп адамдарда бұл принциптің ұсталынып жатқаны туралы сұрақтың туындауына әкелді.,Шіркеудың орталық бейлиғы Мүн жылдарбайы Реймде болған жанебыл қуатпен ақшаным шоғырлыңы қып адамдарда бұл принциптін стауны бұжатқаны тұрауы сұрақтың тұндауна агелді.,шіркеудің орталық билігі мың жылдар бойы римде болған және бұл қуат пен ақшаның шоғырлануы көп адамдарда бұл принциптің ұсталынып жатқаны туралы сұрақтың туындауына әкелді,шіркеудың орталық бейлиғы мүн жылдарбайы реймде болған жанебыл қуатпен ақшаным шоғырлыңы қып адамдарда бұл принциптін стауны бұжатқаны тұрауы сұрақтың тұндауна агелді
1994,"Егер сіз романдық тілді білсеңіз, сізге португал тілін үйрену оңайырақ болатынын айтпай-ақ қойса да болады.","Егер сіз рамандық тілді бірсеніз, сізге португауалталін үрену үнің айрак болатынын айпайық койса ді болады.",егер сіз романдық тілді білсеңіз сізге португал тілін үйрену оңайырақ болатынын айтпай ақ қойса да болады,егер сіз рамандық тілді бірсеніз сізге португауалталін үрену үнің айрак болатынын айпайық койса ді болады
1811,"802.11n стандарты 2,4 Ггц және 5,0 Ггц жиіліктерінде жұмыс істейді.",Сегізді екі нүкте омбір ән стандарта екіл 44 гега герц және бес гега герц желіктерін ежимыз ыстейді.,802 11n стандарты 2 4 ггц және 5 0 ггц жиіліктерінде жұмыс істейді,сегізді екі нүкте омбір ән стандарта екіл 44 гега герц және бес гега герц желіктерін ежимыз ыстейді
1804,Гаитидегі әділет және демократия институты БҰҰ Непал бейбітшіл батальоны өздері байқамай ауруды Гаитиге әкелген деп пайымдайтын тәуелсіз зерттеулерді көрсетті.,Гайетідегі әдлет және Демократия институту біркенултар емін Нипалу айінша бейбетшіл батальйону өздер байғамай ауруда гайетігі әкелгенде паимдайтын тавырсыз жертеулерді қорсетті.,гаитидегі әділет және демократия институты бұұ непал бейбітшіл батальоны өздері байқамай ауруды гаитиге әкелген деп пайымдайтын тәуелсіз зерттеулерді көрсетті,гайетідегі әдлет және демократия институту біркенултар емін нипалу айінша бейбетшіл батальйону өздер байғамай ауруда гайетігі әкелгенде паимдайтын тавырсыз жертеулерді қорсетті
1746,Өсімдіктер күн сәулесінен фотосинтез арқылы қуат алады. Олар сонымен қатар көлеңе береді.,"Уесімдің түкчер, қүні саулесінен фатасинтес аркалы оват алады. Бұлар сонмен катар көленге береді.",өсімдіктер күн сәулесінен фотосинтез арқылы қуат алады олар сонымен қатар көлеңе береді,уесімдің түкчер қүні саулесінен фатасинтес аркалы оват алады бұлар сонмен катар көленге береді
1899,Мұхаммед өзінің күнделікті өмірінен тыс мәселелерге қатты қызығатын. Ол ойлану үшін «Нұр» (жарық) тауындағы «Хира» ретінде белгілі болған үңгірге жиі баратын.,"Мохамед өзін үнкінделікті бөмелін нен түс мәселерге қатты қызығатым, ол өлан ошін нұр жарық, тауңдағы хираретінде белгелі болған үнкірге жегі баратым.",мұхаммед өзінің күнделікті өмірінен тыс мәселелерге қатты қызығатын ол ойлану үшін нұр жарық тауындағы хира ретінде белгілі болған үңгірге жиі баратын,мохамед өзін үнкінделікті бөмелін нен түс мәселерге қатты қызығатым ол өлан ошін нұр жарық тауңдағы хираретінде белгелі болған үнкірге жегі баратым
1919,"Қала Африкадағы ең арзан тау горилласы саудасының орталығы болумен қатар, Ньирагонго жанартауына шығуда негізгі қала қызметін атқарады.","Кала африкадақы ең арзан тау ғариласы саудасның орталықы болумен катар, нейрагонға жәнертауна шығудан екізгі кала кізметін адкарады.",қала африкадағы ең арзан тау горилласы саудасының орталығы болумен қатар ньирагонго жанартауына шығуда негізгі қала қызметін атқарады,кала африкадақы ең арзан тау ғариласы саудасның орталықы болумен катар нейрагонға жәнертауна шығудан екізгі кала кізметін адкарады
1731,Архипелагтар мен көлдерде сізге яхта қажет емес.,Архипелактар мен күлдерде сізге яқтақ ажетейміз.,архипелагтар мен көлдерде сізге яхта қажет емес,архипелактар мен күлдерде сізге яқтақ ажетейміз
1683,"Мұнда осы уақытқа дейін осында өмір сүрген көптеген ерлер мен әйелдер, сондай-ақ жақындары қаза болған немесе соңғы демі қалғанша қызмет еткен еврей, еврей емес тірі адамдар көп.","Монда осы ваққадейін осындам өмір сүрген көптеген ерлермен елдер. Сонда яқчақындары қаза болған немесе сонды демі қалғанша қызымететкен еврей, еврей, емес түра адандыр көп.",мұнда осы уақытқа дейін осында өмір сүрген көптеген ерлер мен әйелдер сондай ақ жақындары қаза болған немесе соңғы демі қалғанша қызмет еткен еврей еврей емес тірі адамдар көп,монда осы ваққадейін осындам өмір сүрген көптеген ерлермен елдер сонда яқчақындары қаза болған немесе сонды демі қалғанша қызымететкен еврей еврей емес түра адандыр көп
1935,"Алайда, бұл дұрыс емес. Құжаттың артында белгілі бір мәлімет жазылған болса да, ол қазынаға жеткізетін карта емес.","Алайда, бұл дұрыс емес. Кушаттың артында белілі бір мәлемет чазылған болса да, бол қазнаға жеткізетін қарта емес.",алайда бұл дұрыс емес құжаттың артында белгілі бір мәлімет жазылған болса да ол қазынаға жеткізетін карта емес,алайда бұл дұрыс емес кушаттың артында белілі бір мәлемет чазылған болса да бол қазнаға жеткізетін қарта емес
1865,Санкт-Петербургтегі круиздерге қаладағы уақыт кіреді. Круиз жолаушылары виза режиміндегі талаптардан азат етілген (талаптарды көріп шығыңыз).,Санкт-Петербурк теңі құруіздерге қаладағы уақыт креді. құруіз жолоушылары визер ежеміндеңі талаптарды әзат етілген. Талаптарды құрып шыңды.,санкт петербургтегі круиздерге қаладағы уақыт кіреді круиз жолаушылары виза режиміндегі талаптардан азат етілген талаптарды көріп шығыңыз,санкт петербурк теңі құруіздерге қаладағы уақыт креді құруіз жолоушылары визер ежеміндеңі талаптарды әзат етілген талаптарды құрып шыңды
1997,Алайда туберкулезбен ауыратын адамдардың бүкіл тобындағы XDR-ТБ пайызы әлі де төмен болып көрінеді; Оңтүстік Африкада әрбір сәтте жалпы 330 000 адамның 6 мыңы ауру жұқтырады.,Алайда түбіркілізіне ауратын адамдардың бүкіл тавындары үкіс дер табы пайзі әледі төмін болып көріне де. Бұңттық африкады әрбілцетті жалпы 330-мұң адамдың 6-мұңы ауру жұқтарады.,алайда туберкулезбен ауыратын адамдардың бүкіл тобындағы xdr тб пайызы әлі де төмен болып көрінеді оңтүстік африкада әрбір сәтте жалпы 330 000 адамның 6 мыңы ауру жұқтырады,алайда түбіркілізіне ауратын адамдардың бүкіл тавындары үкіс дер табы пайзі әледі төмін болып көріне де бұңттық африкады әрбілцетті жалпы 330 мұң адамдың 6 мұңы ауру жұқтарады
1870,Көріністер пирамидаларда көрсетіледі және әртүрлі пирамидалар жанады.,"Корінстер фирамидаларда қорсетлі ді, және әртірлі фирамидалар жанады.",көріністер пирамидаларда көрсетіледі және әртүрлі пирамидалар жанады,корінстер фирамидаларда қорсетлі ді және әртірлі фирамидалар жанады
1713,"Гома жеткілікті деңгейде қауіпсіз болғанмен, Гомадан тыс аймақтарға шығудан бұрын, Солтүстік Киву провинциясындағы соғыс жағдайын түсіну үшін аздап зерттеу жүргізген дұрыс.","Гоума жеткілікті денгеиде қаупсіз болғанмен, Гоума-дан тіз аймақтарда шығудамбырын сұлтсты киву провинция сұндары, сұғыс шағдаен тұсынуышын аздаб зердійу жерүзген дұрыз.",гома жеткілікті деңгейде қауіпсіз болғанмен гомадан тыс аймақтарға шығудан бұрын солтүстік киву провинциясындағы соғыс жағдайын түсіну үшін аздап зерттеу жүргізген дұрыс,гоума жеткілікті денгеиде қаупсіз болғанмен гоума дан тіз аймақтарда шығудамбырын сұлтсты киву провинция сұндары сұғыс шағдаен тұсынуышын аздаб зердійу жерүзген дұрыз
1958,"Бұл қала елдің қалған қалаларынан өте ерекше, өйткені онда африкандықтан ерекшеліктерден гөрі араб ерекшеліктері көбірек.","Бұл қала, елдін қалған қалыларның өте ерикші, өткені онда африкандықтан ерикшеліктірдің, үрі, араб ерикшеліктірі қүбірің.",бұл қала елдің қалған қалаларынан өте ерекше өйткені онда африкандықтан ерекшеліктерден гөрі араб ерекшеліктері көбірек,бұл қала елдін қалған қалыларның өте ерикші өткені онда африкандықтан ерикшеліктірдің үрі араб ерикшеліктірі қүбірің
1927,"Ангел (2006), «Континуум» тәсілін ұйымдардың өнімділіктің жоғарырақ деңгейіне жетуіне көмектесу үшін пайдаланылатын әдіс ретінде түсіндіреді.","Анғелі үкімің ұлты, Қантеен юм тәслін, юмдардың онымділіктің жұғаріңденгеіне жетіуне комекте сөшін пайдананатын әд сіретінде түсіндіріеді.",ангел 2006 континуум тәсілін ұйымдардың өнімділіктің жоғарырақ деңгейіне жетуіне көмектесу үшін пайдаланылатын әдіс ретінде түсіндіреді,анғелі үкімің ұлты қантеен юм тәслін юмдардың онымділіктің жұғаріңденгеіне жетіуне комекте сөшін пайдананатын әд сіретінде түсіндіріеді
1895,Грек тілін білу азайғаннан кейін батыс өзінің грек философиялық және ғылыми түбірлерінен бөлініп кеткенін тапты.,"Крек түлін бұлу, азығаннан кейін бацсуызының үрек философиалық және қалымей түвіл өрленің бөлініп кеткейіні тапта.",грек тілін білу азайғаннан кейін батыс өзінің грек философиялық және ғылыми түбірлерінен бөлініп кеткенін тапты,крек түлін бұлу азығаннан кейін бацсуызының үрек философиалық және қалымей түвіл өрленің бөлініп кеткейіні тапта
1670,"""Олардың температуралық сипаттамалары жер бетіндегі тұрақты температураны сақтайтын үлкен үңгірлер сияқты тұрақты емес, бірақ бұл олардың жердегі терең үңгірлерге сәйкес келеді"", - деді Глен Кушинг, АҚШ геологиялық қызметі (USGS) астрогеология тобы және Аризона штатының Флагстафф қаласында орналасқан Солтүстік Аризона университетінің мүшесі Глен Кушинг.","Вұлардың температура алық сепыттамалар, жердеңдегі тұрақта температура әны сақтайдың үлкен, үңұрілер сияқта тұрақта емес бірақ. Бұл вұлардың жердеңдегі терен үңұрілерге сәкескеледі. Деді үлен Кушинг, ақыш геологиал қызметі USGS Astrologia құлы төві, және Аризона штатның флакс-стаф халасында орналыскан Солстық Аризона универсиетінің үшес",олардың температуралық сипаттамалары жер бетіндегі тұрақты температураны сақтайтын үлкен үңгірлер сияқты тұрақты емес бірақ бұл олардың жердегі терең үңгірлерге сәйкес келеді деді глен кушинг ақш геологиялық қызметі usgs астрогеология тобы және аризона штатының флагстафф қаласында орналасқан солтүстік аризона университетінің мүшесі глен кушинг,вұлардың температура алық сепыттамалар жердеңдегі тұрақта температура әны сақтайдың үлкен үңұрілер сияқта тұрақта емес бірақ бұл вұлардың жердеңдегі терен үңұрілерге сәкескеледі деді үлен кушинг ақыш геологиал қызметі usgs astrologia құлы төві және аризона штатның флакс стаф халасында орналыскан солстық аризона универсиетінің үшес
1753,"Бұл көбінесе бар болғаны дәл емес стереотип болғанымен, Парижде өмір сүрудің ең жақсы жолы – ең жақсы мінез-құлықты көрсету, жақсы тәрбиеленген адам сияқты әрекет ету. Бұл саяхаттауды айтарлықтай жеңілдетеді.","Бұл көбінесе бар болғаны, дәл емес терееті болғаны мен парижде өмір сүрудің ең жақсы жұлы, ең жақсы мүне сұлықты, көрсе ту, жақсы тербеленген адам сияқты әрекет еті ту, болса еқат таудың айтарлықтай женғілдіктейді.",бұл көбінесе бар болғаны дәл емес стереотип болғанымен парижде өмір сүрудің ең жақсы жолы ең жақсы мінез құлықты көрсету жақсы тәрбиеленген адам сияқты әрекет ету бұл саяхаттауды айтарлықтай жеңілдетеді,бұл көбінесе бар болғаны дәл емес терееті болғаны мен парижде өмір сүрудің ең жақсы жұлы ең жақсы мүне сұлықты көрсе ту жақсы тербеленген адам сияқты әрекет еті ту болса еқат таудың айтарлықтай женғілдіктейді
1887,"Лиггинс ауруханада жұмыс істей бастағанда, бос уақытында мерзімінен бұрын босануды зерттей бастады.","Лиген құр қанадар жұмыс ыстей бастағанды, бос вақтынды мерзім неңбырын босануды зертей бастады.",лиггинс ауруханада жұмыс істей бастағанда бос уақытында мерзімінен бұрын босануды зерттей бастады,лиген құр қанадар жұмыс ыстей бастағанды бос вақтынды мерзім неңбырын босануды зертей бастады
1687,Сегрегация және рекомбинация әр буында екі пул арасында вариацияларды араластырып отырады.,"Сегрегация және рекомбинация, әрбуңда, екапулараснда, варияцияларда, арыластарап отрада.",сегрегация және рекомбинация әр буында екі пул арасында вариацияларды араластырып отырады,сегрегация және рекомбинация әрбуңда екапулараснда варияцияларда арыластарап отрада
1725,Ертеректе шығындарды азайту және функционалдылық факторларына байланысты бүкіл әлемде шығарылған ASUS Eee компьютері 2007 жылғы Тайбэй АТ айлығының өзекті тақырыбына айналды.,"Ертелекті шығындарды азайту және функционалдық факторларға байланасты бұкул елемді шығарлыған асус ее кампьютері екімін дедншылы, тайбей, ейддей айлығының музекты тахырывана айналды.",ертеректе шығындарды азайту және функционалдылық факторларына байланысты бүкіл әлемде шығарылған asus eee компьютері 2007 жылғы тайбэй ат айлығының өзекті тақырыбына айналды,ертелекті шығындарды азайту және функционалдық факторларға байланасты бұкул елемді шығарлыған асус ее кампьютері екімін дедншылы тайбей ейддей айлығының музекты тахырывана айналды
1838,Гизадағы Ұлы Пирамида - жеті ғажайыптың ішіндегі бүгінгі күнге дейін сақталып қалған жалғыз ғажап.,Риізада олып ерамида жеті ғажа ептіншінде ге бүгін ғыкінде дейін сақталып қалған жалғыз ғажап.,гизадағы ұлы пирамида жеті ғажайыптың ішіндегі бүгінгі күнге дейін сақталып қалған жалғыз ғажап,риізада олып ерамида жеті ғажа ептіншінде ге бүгін ғыкінде дейін сақталып қалған жалғыз ғажап
1856,Финляндия — керемет қайықпен баратын жер. «Мың көлдің жерінде» көлдерде және жағалаудағы архипелагтарда мыңдаған аралдар да бар.,Финлянді керемет қайықпен баратын жер Монкұлдың жерінде кұлдерде және жағалаудағы архипелактарда Мондаған аралдарда бар.,финляндия керемет қайықпен баратын жер мың көлдің жерінде көлдерде және жағалаудағы архипелагтарда мыңдаған аралдар да бар,финлянді керемет қайықпен баратын жер монкұлдың жерінде кұлдерде және жағалаудағы архипелактарда мондаған аралдарда бар
1942,Біз үйлерімізді өсімдіктерден жасаймыз және киімдерді өсімдіктерден жасаймыз. Біз жейтін тамақтардың көпшілігі өсімдіктер болып табылады. Өсімдіктерсіз жануарлар тірі қалмайтын еді.,"Біз улерімізді өсімдіктерден касаймыз, және киимдері өсімдіктерден касаймыз. Біз және тамактардың құрпшыл көй өсімдіктер болып табылады. өсімдіктері әсіз жанварлартері қалма әтін еді.",біз үйлерімізді өсімдіктерден жасаймыз және киімдерді өсімдіктерден жасаймыз біз жейтін тамақтардың көпшілігі өсімдіктер болып табылады өсімдіктерсіз жануарлар тірі қалмайтын еді,біз улерімізді өсімдіктерден касаймыз және киимдері өсімдіктерден касаймыз біз және тамактардың құрпшыл көй өсімдіктер болып табылады өсімдіктері әсіз жанварлартері қалма әтін еді
1785,"Құрылыс ағаштары - бұл оқыту әдісі емес, жаңа компьютерлік бағдарламаны пайдалану немесе жаңа жобаны бастау секілді жаңа оқу тәжірибесінен өтіп жатқан жеке тұлғаларға қолдау көрсететін көмек түрі.",Кұрылыс ақаштары бол қуту әдесеймес жаңа компьютерлік бағдарламаны пайдалану немесе жаңа жо баны бастау секілді жаңа қуты жәрбесне өтіп жаткан жекет уғаларға қолдеу көрсететін көмектіры.,құрылыс ағаштары бұл оқыту әдісі емес жаңа компьютерлік бағдарламаны пайдалану немесе жаңа жобаны бастау секілді жаңа оқу тәжірибесінен өтіп жатқан жеке тұлғаларға қолдау көрсететін көмек түрі,кұрылыс ақаштары бол қуту әдесеймес жаңа компьютерлік бағдарламаны пайдалану немесе жаңа жо баны бастау секілді жаңа қуты жәрбесне өтіп жаткан жекет уғаларға қолдеу көрсететін көмектіры
1934,Әдетте сіз туристердің және сатушылардың дыбысын әрқашан естисіз. Дыбыс пен жарықтан тұратын хикая дәл хикая кітабы сияқты болады.,"Адидтесіз туристердін, және сатушлардың дөвысын әрхашан естесіз, дөвыспен жарқтан тратын хиқая, дәл хиқая кетелп сяхты болады.",әдетте сіз туристердің және сатушылардың дыбысын әрқашан естисіз дыбыс пен жарықтан тұратын хикая дәл хикая кітабы сияқты болады,адидтесіз туристердін және сатушлардың дөвысын әрхашан естесіз дөвыспен жарқтан тратын хиқая дәл хиқая кетелп сяхты болады
1675,"Барлық зат есімдер, сонымен бірге «сіз» дегенді білдіретін «Sie» сөзі, тіпті сөйлемнің ортасында да бас әріптен басталады.","Балық ұзаат есімдер, сонуембіргі сіздегені дің әнді білдіретің си үйі сөзі, тіпті сөйлііміңің ортасында да бас арыптайан басталады.",барлық зат есімдер сонымен бірге сіз дегенді білдіретін sie сөзі тіпті сөйлемнің ортасында да бас әріптен басталады,балық ұзаат есімдер сонуембіргі сіздегені дің әнді білдіретің си үйі сөзі тіпті сөйлііміңің ортасында да бас арыптайан басталады
1945,Касабланка — бүкіл Мароккодағы шоппинг жасау ең қызық емес жерлердің бірі.,Касабланка бықылмароқадығы шопинг жасау ең қызак еміз жерлердің бірі.,касабланка бүкіл мароккодағы шоппинг жасау ең қызық емес жерлердің бірі,касабланка бықылмароқадығы шопинг жасау ең қызак еміз жерлердің бірі
1837,Реконструкция әрекеттерін либералдық сынау реконструкция келісімшарттарын солай деп саналатын Вашингтон инсайдерлеріне беруге баса көңіл бөлді.,"Реконструкция арекеттерін, либералдық қынал, реконструкция келімшіңшер келесімшарттарын, сұлайдеп санылатын, Вашингтон инсайдерлерне біріге баса көңыл бұлді.",реконструкция әрекеттерін либералдық сынау реконструкция келісімшарттарын солай деп саналатын вашингтон инсайдерлеріне беруге баса көңіл бөлді,реконструкция арекеттерін либералдық қынал реконструкция келімшіңшер келесімшарттарын сұлайдеп санылатын вашингтон инсайдерлерне біріге баса көңыл бұлді
1973,"Бірақ экватордан бар болғаны бірнеше градус солтүстікте орналасқан «жоғары тропиктерде» орналасқандықтан, жылуға (әрқашан) және қатты күнге (аспан анық кезде, сирегірек) шыдауыңыз керек болады.",Бірақ екватордан бар болғаны бірнеші үраду солдсты ке орналыскан жоғарын тропиктерді орналыскан дықтан жылуа әркашаны жене қатты үгінге аспан анық кезде СЕЮЕГЕРЕК ШДАУНУЗ КЕРЕК БОЛАДА,бірақ экватордан бар болғаны бірнеше градус солтүстікте орналасқан жоғары тропиктерде орналасқандықтан жылуға әрқашан және қатты күнге аспан анық кезде сирегірек шыдауыңыз керек болады,бірақ екватордан бар болғаны бірнеші үраду солдсты ке орналыскан жоғарын тропиктерді орналыскан дықтан жылуа әркашаны жене қатты үгінге аспан анық кезде сеюегерек шдаунуз керек болада
1827,"Жер қыртысының қалыңдығы жақын жағында шамамен 70 км, ал алыс жағында 100 км.","Киркіртсының қалымдығы, жағымда шамамен 7 киламетер, алыш жағымда 100 киламетер.",жер қыртысының қалыңдығы жақын жағында шамамен 70 км ал алыс жағында 100 км,киркіртсының қалымдығы жағымда шамамен 7 киламетер алыш жағымда 100 киламетер
1854,Көліктің өзі сол күні шамамен 12:00 GMT уақытында апат орнынан әкетілген.,"Көліктін өзі, Солканы, Шамамен, Оніекын өлінір, ГМТ-вақытында Апат орнанын әкетілген.",көліктің өзі сол күні шамамен 12 00 gmt уақытында апат орнынан әкетілген,көліктін өзі солканы шамамен оніекын өлінір гмт вақытында апат орнанын әкетілген
1708,Хьюн қызметтен кетуді сұранды және оны кабинетте Эд Дэви МП ауыстырады. Норман Лэмб МП Дэви босатып жатқан Бизнес министрі жұмысын алады деп күтілуде.,"Хиң қізметтен кеті үсұрынді және оны кабинетті әдддеві әмпе аустрады, норман ләмп әмпе әддеві босаты бжатқан бизнес министері жұмысын алады депкті люди.",хьюн қызметтен кетуді сұранды және оны кабинетте эд дэви мп ауыстырады норман лэмб мп дэви босатып жатқан бизнес министрі жұмысын алады деп күтілуде,хиң қізметтен кеті үсұрынді және оны кабинетті әдддеві әмпе аустрады норман ләмп әмпе әддеві босаты бжатқан бизнес министері жұмысын алады депкті люди
1985,"Бұл альптық стильдегі шаңғы туризмімен немесе альпинизммен байланысты (бірақ әдетте байланысты болмайды), соңғысы тік еңістіктерде өткізіледі және қатты шаңғы мен аяқ киімді қажет етеді.","Бұл алепті қысыстілдігі шанға туризмінен немесе алпенизміні байландысты, бірақ адетті байландысты болмайды. Сон қысыт тек еңіздіктерді өтгізділігі ді және қатты шанғымен аяк еңді кашететеді.",бұл альптық стильдегі шаңғы туризмімен немесе альпинизммен байланысты бірақ әдетте байланысты болмайды соңғысы тік еңістіктерде өткізіледі және қатты шаңғы мен аяқ киімді қажет етеді,бұл алепті қысыстілдігі шанға туризмінен немесе алпенизміні байландысты бірақ адетті байландысты болмайды сон қысыт тек еңіздіктерді өтгізділігі ді және қатты шанғымен аяк еңді кашететеді
1750,Сондай-ақ бұл ашу құстар қауырсындарының эволюциясына көрініс береді.,Сондайық бол ашу қустар кауасындарның эволюйт сезіна көріні спереді.,сондай ақ бұл ашу құстар қауырсындарының эволюциясына көрініс береді,сондайық бол ашу қустар кауасындарның эволюйт сезіна көріні спереді
1992,"«Сафари» терминінің кең таралған мағынасы Африканың таң қалдыратын жабайы табиғатын, әсіресе саваннаны көруге жер бетімен саяхаттауды білдіреді.","Сафари, тирменінің кейң таралған Магнаса, африканың танқалдыратың жабайы табегатын, әсіресе сауаннаны көріге жер бетмен сае хаттавды, білдер еді.",сафари терминінің кең таралған мағынасы африканың таң қалдыратын жабайы табиғатын әсіресе саваннаны көруге жер бетімен саяхаттауды білдіреді,сафари тирменінің кейң таралған магнаса африканың танқалдыратың жабайы табегатын әсіресе сауаннаны көріге жер бетмен сае хаттавды білдер еді
1940,"Барлығын назарға ала отырып, егер біздің ата-бабаларымыз өздерінің ""қоректену мәселесін"" бүгінде саваннадағы шимпанзелер қолданатын әдіспен шешкен болса таң қалмауымыз керек.",Барлығың назарға алауытыры беңер біздің ата бабалармысы өзерінің коректеені мәсілесін. Бүгінде сауанна даға жүпанзелер қолданадына адыз пен шешкен болса танқалмауымыз керек.,барлығын назарға ала отырып егер біздің ата бабаларымыз өздерінің қоректену мәселесін бүгінде саваннадағы шимпанзелер қолданатын әдіспен шешкен болса таң қалмауымыз керек,барлығың назарға алауытыры беңер біздің ата бабалармысы өзерінің коректеені мәсілесін бүгінде сауанна даға жүпанзелер қолданадына адыз пен шешкен болса танқалмауымыз керек
1704,1990 жылы ол шөл құмдары қаупіне байланысты қауіп төніп тұрған әлемдік мұралар тізіміне қосылды.,"Бірмін түғы жүстіғ санын шы жылы, ол шөл күмдары кауп не байлансты, кауп төніп түрған әлемдің мұрылар тізіміне көсылды.",1990 жылы ол шөл құмдары қаупіне байланысты қауіп төніп тұрған әлемдік мұралар тізіміне қосылды,бірмін түғы жүстіғ санын шы жылы ол шөл күмдары кауп не байлансты кауп төніп түрған әлемдің мұрылар тізіміне көсылды
1906,«Бұл қоштасу болайын деп тұрған жоқ. Бұл — бір тараудың жабылуы және жаңасының ашылуы».,"Бұл қоштасу бола ендіп турған жоқ. Бұл бір тарадым, жабылуа, және жәңасыну ашылуа.",бұл қоштасу болайын деп тұрған жоқ бұл бір тараудың жабылуы және жаңасының ашылуы,бұл қоштасу бола ендіп турған жоқ бұл бір тарадым жабылуа және жәңасыну ашылуа
1817,Шенген аймағы бұл тұрғыдан бір ел сияқты жұмыс істейді.,Шенге Наймаға болтрығыдан бір елсі қақтыджумыз істейді.,шенген аймағы бұл тұрғыдан бір ел сияқты жұмыс істейді,шенге наймаға болтрығыдан бір елсі қақтыджумыз істейді
1695,"Қарапайым танымал түскі ас, әсіресе жазда – Па амб Оли: зәйтүн майы, қызанақ және ірімшік, тунец, т.б. сияқты кез келген қолжетімді дәмдеуіштер қосылған нан.","Карапаым, танымал түскі ас әсресі, жазда па әйімбі ол ейзейтін мая, қызанах тшаны үрмшік ту нет тағу басас яқты кеес келген қол жетімді дәмді үшдер қосылған нан.",қарапайым танымал түскі ас әсіресе жазда па амб оли зәйтүн майы қызанақ және ірімшік тунец т б сияқты кез келген қолжетімді дәмдеуіштер қосылған нан,карапаым танымал түскі ас әсресі жазда па әйімбі ол ейзейтін мая қызанах тшаны үрмшік ту нет тағу басас яқты кеес келген қол жетімді дәмді үшдер қосылған нан
1738,Сондай-ақ ол суға кірген кез келген нәрсеге шабуылдайтын; тіпті тиранозавр сияқты алып динозавр да оған тең келмейтін.,"Сондай ақ ол суға қырыген кез келген нерсеге шабыл дайтын, депті тираназа ұыз яқті алып диназа ұыз аыыыыыыыыыыыыыыыыыыыыыыыыыыыыыыыыыыыыыыыыыыыыыыыыыыыыыыыыыыыыыыыыыыыыыыыыыыыыыыыыыыыыыыыыыыыыыыыыыыыыыыыыыыыыыыыыыыыыыыыыыыыыыыыыыыыыыыыыыыыыыыыыыыыыыыыыыыыыы",сондай ақ ол суға кірген кез келген нәрсеге шабуылдайтын тіпті тиранозавр сияқты алып динозавр да оған тең келмейтін,сондай ақ ол суға қырыген кез келген нерсеге шабыл дайтын депті тираназа ұыз яқті алып диназа ұыз аыыыыыыыыыыыыыыыыыыыыыыыыыыыыыыыыыыыыыыыыыыыыыыыыыыыыыыыыыыыыыыыыыыыыыыыыыыыыыыыыыыыыыыыыыыыыыыыыыыыыыыыыыыыыыыыыыыыыыыыыыыыыыыыыыыыыыыыыыыыыыыыыыыыыыыыыыыыыы
1898,"«Ол [Уэльс] бізге әуел бастан-ақ өтірік айтты. Біріншіден, бұл заңды себептермен болғандай әрекет ету арқылы. Екіншіден, өзінің өнерін жойғанға дейін бізге құлақ салғандай бола қалу арқылы».","Ол, Уэлс, бізге ауел бастанак, утырың әйтті. Біріншедін, болзанды сибептермен болғандай әрекеті тұарқылы. Екіншедін, өзінің униерін жоңығанғадиын бізге қылақсалғандай болақалу арқылы.",ол уэльс бізге әуел бастан ақ өтірік айтты біріншіден бұл заңды себептермен болғандай әрекет ету арқылы екіншіден өзінің өнерін жойғанға дейін бізге құлақ салғандай бола қалу арқылы,ол уэлс бізге ауел бастанак утырың әйтті біріншедін болзанды сибептермен болғандай әрекеті тұарқылы екіншедін өзінің униерін жоңығанғадиын бізге қылақсалғандай болақалу арқылы
1808,"Соғыс аяқталғаннан кейін екі жылда, бұрынғы одақтастар енді жаулар болды және суық соғыс басталды.","Суғыз аяқталғаннан кейін екізжылда бұрыңы, одақтастар ендежағлып пылда, және суғық суғыз басталды.",соғыс аяқталғаннан кейін екі жылда бұрынғы одақтастар енді жаулар болды және суық соғыс басталды,суғыз аяқталғаннан кейін екізжылда бұрыңы одақтастар ендежағлып пылда және суғық суғыз басталды
1876,Солтүстік Мариан аралдарындағы төтенше жағдай қызметі елде ешқандай зақым келтіретін жағдайлар орын алмады деп хабарлайды.,Сол түсті күмариян аралдарындағы төтенші жағдай қызмейты елде ешқандай зақым келтереетіні жағдайлар орын алмағадыдеп хабарлайды.,солтүстік мариан аралдарындағы төтенше жағдай қызметі елде ешқандай зақым келтіретін жағдайлар орын алмады деп хабарлайды,сол түсті күмариян аралдарындағы төтенші жағдай қызмейты елде ешқандай зақым келтереетіні жағдайлар орын алмағадыдеп хабарлайды
1809,"Жолдарды орнында ұстау үшін шпалдар айтарлықтай ерте енгізілді. Алайда, бірте-бірте, жолдың үстінде темір бөлік болса, жолдар тиімдірек болатыны түсінілді.",Чолдарда орндастаушын шпалдар айтарлықта ерте еңіздіде алайда бірте-бірте чолдыңыстынде темір бөліп болса чолдар темдерек болатна түсінілде.,жолдарды орнында ұстау үшін шпалдар айтарлықтай ерте енгізілді алайда бірте бірте жолдың үстінде темір бөлік болса жолдар тиімдірек болатыны түсінілді,чолдарда орндастаушын шпалдар айтарлықта ерте еңіздіде алайда бірте бірте чолдыңыстынде темір бөліп болса чолдар темдерек болатна түсінілде
1873,"Ер адамдардан бас тартқанда берік болыңыз және өз пікіріңізден таймаңыз (мәдени айырмашылықтар болсын-болмасын, бұл дұрыс емес!).","Ер адамдардың бастартықан, да, бейрық болғыңыз, және үз пығыңызден таймаңыз, медини, айрымашлықтар болсын болмасын болдырыс емес.",ер адамдардан бас тартқанда берік болыңыз және өз пікіріңізден таймаңыз мәдени айырмашылықтар болсын болмасын бұл дұрыс емес,ер адамдардың бастартықан да бейрық болғыңыз және үз пығыңызден таймаңыз медини айрымашлықтар болсын болмасын болдырыс емес
1816,"Үйленген, екі ересек баласы бар Дюваль хикаяны тыңдаған Миллерге үлкен әсер қалдырмады.","Юлінген екайересек баласы бар, жүуал хикайаны түндаған мейлірге өлкен әсері қалдырмады.",үйленген екі ересек баласы бар дюваль хикаяны тыңдаған миллерге үлкен әсер қалдырмады,юлінген екайересек баласы бар жүуал хикайаны түндаған мейлірге өлкен әсері қалдырмады
1723,"Бұл портта 1889 жылы әскери-теңіз флоттарының қайғылы қарама-қарсы келуі болған. Германияның, АҚШ-тың және Британияның жеті кемесі порттан кетуден бас тартқан.","Бұл порта бірмін сегізде 6000 жүлі аз керейтені сүлтарның кайғылы карамағарсы келіуы болған, германияның, ақштын және Британияның жеті кемесі порт танкетуден бастартықан.",бұл портта 1889 жылы әскери теңіз флоттарының қайғылы қарама қарсы келуі болған германияның ақш тың және британияның жеті кемесі порттан кетуден бас тартқан,бұл порта бірмін сегізде 6000 жүлі аз керейтені сүлтарның кайғылы карамағарсы келіуы болған германияның ақштын және британияның жеті кемесі порт танкетуден бастартықан
1861,"Нәтижесінде, орындаушылар сахнада каннабисті шекті және театрдың өзі аудиоторияны қосылуға шақырды.","Натежесінде орындаушлар сахнады қанабисты шекті, және театрдыңізі аудиоторианы қослуға шақрыды.",нәтижесінде орындаушылар сахнада каннабисті шекті және театрдың өзі аудиоторияны қосылуға шақырды,натежесінде орындаушлар сахнады қанабисты шекті және театрдыңізі аудиоторианы қослуға шақрыды
1972,"Көп адам оларды динозаврлар деп ойламайды, өйткені олардың қауырсындары бар және ұша алады.","Көп адам оларды диназа өрларды бөйламайды, юткені олардың кауырсындары бар, және шаалады.",көп адам оларды динозаврлар деп ойламайды өйткені олардың қауырсындары бар және ұша алады,көп адам оларды диназа өрларды бөйламайды юткені олардың кауырсындары бар және шаалады
1814,"Сутегі иондары, бұл олардан электрондары алынып тасталған протондар болып табылады (өйткені сутегі атомдары бір протон мен бір электроннан тұрады).","Сутығы еліңдары, бұл олардан електрондары алынып тасылған пратондар болып табылады.",сутегі иондары бұл олардан электрондары алынып тасталған протондар болып табылады өйткені сутегі атомдары бір протон мен бір электроннан тұрады,сутығы еліңдары бұл олардан електрондары алынып тасылған пратондар болып табылады
1696,"Университеттегі зерттеушілердің айтуынша, екі қосылыс бір-бірімен реакцияға түсіп, бүйрек қызметін тоқтата алатын кристалдар құрады.",Университи тегіз әртевшілердің үйтіуңша ЕК қослы қосылы қасы бір бірімен үрек саға түсіп бүрің қызметің токтаты алақтыны қристалдар қоруады.,университеттегі зерттеушілердің айтуынша екі қосылыс бір бірімен реакцияға түсіп бүйрек қызметін тоқтата алатын кристалдар құрады,университи тегіз әртевшілердің үйтіуңша ек қослы қосылы қасы бір бірімен үрек саға түсіп бүрің қызметің токтаты алақтыны қристалдар қоруады
1919,"Қала Африкадағы ең арзан тау горилласы саудасының орталығы болумен қатар, Ньирагонго жанартауына шығуда негізгі қала қызметін атқарады.","Кала африкадығы ең арзан тау ғариласы солдастын үрталықы болумен катар, нерагонға жүн артауна шығудан негысқы қалақзыметін адқарады.",қала африкадағы ең арзан тау горилласы саудасының орталығы болумен қатар ньирагонго жанартауына шығуда негізгі қала қызметін атқарады,кала африкадығы ең арзан тау ғариласы солдастын үрталықы болумен катар нерагонға жүн артауна шығудан негысқы қалақзыметін адқарады
1953,Кейіннен ол жатқан ауруханадан Кэмбридждегі Адденбрук ауруханасына жатқызылды.,"Кеенін ол жаткан ауруханыдан, кембридждегі аден брука аурухана сна жаткозолды.",кейіннен ол жатқан ауруханадан кэмбридждегі адденбрук ауруханасына жатқызылды,кеенін ол жаткан ауруханыдан кембридждегі аден брука аурухана сна жаткозолды
1940,"Барлығын назарға ала отырып, егер біздің ата-бабаларымыз өздерінің ""қоректену мәселесін"" бүгінде саваннадағы шимпанзелер қолданатын әдіспен шешкен болса таң қалмауымыз керек.","Марлығын, назарға Алалу отырып, егер бізден ата бабаларымас, өздерінің қоректе нүмәселесін, бөгінде сауаннадығы шымпанзелер қолданыатын әдіспен, шишкен болса танқалмауғымыз керек.",барлығын назарға ала отырып егер біздің ата бабаларымыз өздерінің қоректену мәселесін бүгінде саваннадағы шимпанзелер қолданатын әдіспен шешкен болса таң қалмауымыз керек,марлығын назарға алалу отырып егер бізден ата бабаларымас өздерінің қоректе нүмәселесін бөгінде сауаннадығы шымпанзелер қолданыатын әдіспен шишкен болса танқалмауғымыз керек
1907,Соғыс басталғаннан кейін жуық арада Ұлыбритания Германияны әскери-теңіз қоршауына алды.,"Суғыз басталғаннан кейін жұлға рада Лабрытане, Германияна, Эскери, Тейңыз, Коршауна, Алда.",соғыс басталғаннан кейін жуық арада ұлыбритания германияны әскери теңіз қоршауына алды,суғыз басталғаннан кейін жұлға рада лабрытане германияна эскери тейңыз коршауна алда
1824,"Мысырлық өлілер алқабындағы Гиза үстіртінде немесе «Гиза некрополисінде» бірнеше пирамида (олардың ішінде ұлы пирамида ең үлкені болып табылады), бірнеше шағын саркофаг, бірнеше храм және ұлы Сфинкс бар.","Мүсырлық өлілір алқабындағы гейза үстіртінде, немесе гейза некрополесінде, бірнеше пирамиды олардың шындде олы пирамиды ең үлкені болып табылады. Бірнеше шағын сарқафақ, бірнеше храм және олы свингсбар.",мысырлық өлілер алқабындағы гиза үстіртінде немесе гиза некрополисінде бірнеше пирамида олардың ішінде ұлы пирамида ең үлкені болып табылады бірнеше шағын саркофаг бірнеше храм және ұлы сфинкс бар,мүсырлық өлілір алқабындағы гейза үстіртінде немесе гейза некрополесінде бірнеше пирамиды олардың шындде олы пирамиды ең үлкені болып табылады бірнеше шағын сарқафақ бірнеше храм және олы свингсбар
1749,Оны «вичи» француздар билеген. Бұл 1940 жылы немістермен бейбіт келісім жасасқан және  соғысудың орнына жаулаушылармен бірге жұмыс істеген француздар болды.,"Бұл мүңді орсқарғын үшылын әмстермен бейбет келізім жасыскан, және сұқсудың оғырнда жалаушылармен бірге жүмістеген француздар болда.",оны вичи француздар билеген бұл 1940 жылы немістермен бейбіт келісім жасасқан және соғысудың орнына жаулаушылармен бірге жұмыс істеген француздар болды,бұл мүңді орсқарғын үшылын әмстермен бейбет келізім жасыскан және сұқсудың оғырнда жалаушылармен бірге жүмістеген француздар болда
2008,Балидегі күн тәртібіндегі басқа тақырыптарға әлемнің қалған ормандарын сақтау және дамушы елдерге азырақ ластайтын жолмен өсуіне көмектесу үшін технологияларды бөлісу кіреді.,"Валейдегі, күнтертібіндегі басқат ақрыптарға әлемін қалған ормандарын сақтау және дамушы елдерге азрақ ластайтын жолмен өсіуне күміктесі үшін технологияларды бөлсіу кереді.",балидегі күн тәртібіндегі басқа тақырыптарға әлемнің қалған ормандарын сақтау және дамушы елдерге азырақ ластайтын жолмен өсуіне көмектесу үшін технологияларды бөлісу кіреді,валейдегі күнтертібіндегі басқат ақрыптарға әлемін қалған ормандарын сақтау және дамушы елдерге азрақ ластайтын жолмен өсіуне күміктесі үшін технологияларды бөлсіу кереді
1718,Антиквариат болып табылатын бұйымдар үшін ортақ анықтама берілмеген. Кейбір салық органдары 100 жастан асқан бұймыдарды антиквариат деп атайды.,"Антикvariат болып табылатмы бөйімдарышын, ортак анықтама берілмеген кейбір салық оргендары жіззостан аскан бөйімдарды антикvariаттеп атайдым.",антиквариат болып табылатын бұйымдар үшін ортақ анықтама берілмеген кейбір салық органдары 100 жастан асқан бұймыдарды антиквариат деп атайды,антикvariат болып табылатмы бөйімдарышын ортак анықтама берілмеген кейбір салық оргендары жіззостан аскан бөйімдарды антикvariаттеп атайдым
1910,"Париждіктер біртүрлілігі, дөрекілік және менмендігімен ерекшеленеді.","Париждықтір бір түрліліліғі дүрі қылык, және мін-мен дүгімен ерекшеленіде.",париждіктер біртүрлілігі дөрекілік және менмендігімен ерекшеленеді,париждықтір бір түрліліліғі дүрі қылык және мін мен дүгімен ерекшеленіде
1752,"Нәтижесінде балықтың екі түрі жойылып кетті, ал қалған екеуіне жойылып кету қаупі төнді, оның ішінде бүкір балық та бар.",Нәчі жесінде балықтан екетірі жойлып кетті. Ал қалған екеюне жойлып кетті қаупытынды. Оныңшінде бөкір болықта бар.,нәтижесінде балықтың екі түрі жойылып кетті ал қалған екеуіне жойылып кету қаупі төнді оның ішінде бүкір балық та бар,нәчі жесінде балықтан екетірі жойлып кетті ал қалған екеюне жойлып кетті қаупытынды оныңшінде бөкір болықта бар
1693,"Бірақ, капитан қақпасын жоғалтудан кейін Үндістан ойынды аяқтау үшін бар болғаны 36 рет жүгірді, 7 рет қақпаны жоғалтты.","Бірақ, капитан кақпасын жоғалдыудан кейін, үндізден ойында аяқтавышын, бар болғана, оцалдыред жүңірді, кетеред кақпаны жоғалдыда.",бірақ капитан қақпасын жоғалтудан кейін үндістан ойынды аяқтау үшін бар болғаны 36 рет жүгірді 7 рет қақпаны жоғалтты,бірақ капитан кақпасын жоғалдыудан кейін үндізден ойында аяқтавышын бар болғана оцалдыред жүңірді кетеред кақпаны жоғалдыда
1781,"Мадагаскар — қазіргі уақытта ең үлкені әрі жабайы табиғатына келгенде, өздігінен континент болып табылады.","Мадығаскар кәзергі уақытта ең өлкен әрі жабайы табеғаттына келенде, өздігінен, кантинен полып табылады.",мадагаскар қазіргі уақытта ең үлкені әрі жабайы табиғатына келгенде өздігінен континент болып табылады,мадығаскар кәзергі уақытта ең өлкен әрі жабайы табеғаттына келенде өздігінен кантинен полып табылады
1885,"22:00-23: 00 аралығында (MDT), аулада тұрған сотталғандай өрт шығарды.",22-20 нөліңді әмдеті ұладатүрған сұтталғандай өрт шығарды.,22 00 23 00 аралығында mdt аулада тұрған сотталғандай өрт шығарды,22 20 нөліңді әмдеті ұладатүрған сұтталғандай өрт шығарды
1900,"іс жүзінде, тіпті адам оның бар екенін білсе де, оны табу оңай емес. Үңгірге түскеннен кейін толығымен оқшауланасыз.","Ашы жәзінде, тепті адам оның бар әкенін білеседі, оны табу оны емес. Қыңғырғеттің ненкен, толғымен оқшаула насыз.",іс жүзінде тіпті адам оның бар екенін білсе де оны табу оңай емес үңгірге түскеннен кейін толығымен оқшауланасыз,ашы жәзінде тепті адам оның бар әкенін білеседі оны табу оны емес қыңғырғеттің ненкен толғымен оқшаула насыз
1723,"Бұл портта 1889 жылы әскери-теңіз флоттарының қайғылы қарама-қарсы келуі болған. Германияның, АҚШ-тың және Британияның жеті кемесі порттан кетуден бас тартқан.","Бұл порта бірмін сейкіжі 60-тызн шыжыла, әскерейтеіні сфлоттарным, қайғылы қарамығарсы келіуы болған, германияны, ақштын және Британияның жеті кемесы порттан кетуден бастартықан.",бұл портта 1889 жылы әскери теңіз флоттарының қайғылы қарама қарсы келуі болған германияның ақш тың және британияның жеті кемесі порттан кетуден бас тартқан,бұл порта бірмін сейкіжі 60 тызн шыжыла әскерейтеіні сфлоттарным қайғылы қарамығарсы келіуы болған германияны ақштын және британияның жеті кемесы порттан кетуден бастартықан
1888,"Елге оралу шогы мәдени шоктан (мұнда бастапқы фаза өте аз) гөрі тезірек пайда болады, ол ұзаққа созылады және одан да ауыр болуы мүмкін.","Елге оралы, шоғы маден етыш шоқтан мұнда бастапқы фаза өте ас. Гөрі тезерек пайда болады. Ол ұзаққа су зылады жене одаңда ауыр болу мүмкін.",елге оралу шогы мәдени шоктан мұнда бастапқы фаза өте аз гөрі тезірек пайда болады ол ұзаққа созылады және одан да ауыр болуы мүмкін,елге оралы шоғы маден етыш шоқтан мұнда бастапқы фаза өте ас гөрі тезерек пайда болады ол ұзаққа су зылады жене одаңда ауыр болу мүмкін
2001,"Саяхаттаушыларға өз аумағына әсер ететін ауыр ауа райының кез келген қаупі туралы хабардар болу туралы кеңес беріледі, өйткені олар барлық саяхаттау туралы жоспарларға әсер етуі мүмкін.","Сайқаттаушларға өз омағына әсерететін ауыр ауыр райының кез келген қауыпы туралы қавардар болу туралы кенгез берлія да, өткені өлар барлық сайқаттау туралы жаспарларға әсеретіі мүмкін.",саяхаттаушыларға өз аумағына әсер ететін ауыр ауа райының кез келген қаупі туралы хабардар болу туралы кеңес беріледі өйткені олар барлық саяхаттау туралы жоспарларға әсер етуі мүмкін,сайқаттаушларға өз омағына әсерететін ауыр ауыр райының кез келген қауыпы туралы қавардар болу туралы кенгез берлія да өткені өлар барлық сайқаттау туралы жаспарларға әсеретіі мүмкін
2003,"Гонконгтың ең жақсы көрінісін тамашалау үшін аралдан шығып, Коулун жағалауына қарай бет бұрыңыз.","Ганконгтың еңің жақсы көрінсін тама шалаушын, аралдан шығып көлің жағалауна қарай бет бұрыңыз.",гонконгтың ең жақсы көрінісін тамашалау үшін аралдан шығып коулун жағалауына қарай бет бұрыңыз,ганконгтың еңің жақсы көрінсін тама шалаушын аралдан шығып көлің жағалауна қарай бет бұрыңыз
1956,Тауарларды тасымалдау үшін кемелерді пайдалану әзірше адамдардың және тауарлардың үлкен мөлшерлерін мұхиттарда жылжытудың ең тиімді жолы болып табылады.,Тауарларды тасмалда үшін кемелерді пайда ланың әзірші адамдардың және тауарлардың өлкенбүршелерін муқейтарда жыл жутың ең тимді жолы болып табылады.,тауарларды тасымалдау үшін кемелерді пайдалану әзірше адамдардың және тауарлардың үлкен мөлшерлерін мұхиттарда жылжытудың ең тиімді жолы болып табылады,тауарларды тасмалда үшін кемелерді пайда ланың әзірші адамдардың және тауарлардың өлкенбүршелерін муқейтарда жыл жутың ең тимді жолы болып табылады
1806,"Ең шарықтаған кезінде жарықтық ластану қазіргі кездегідей проблема болмағандықтан, олар қазіргі уақытқа қарағанда оңай жетуге болатын қалаларда немесе кампустарда орналасқан.","Ең шарқта ұн кезінде жарқтық ластану казіргі кездегдей проблемі болмағандықтан, олар казіргі уақытқа қараганды, оны жетуге болатын қалаларды, немесе кампустарды орналасқан.",ең шарықтаған кезінде жарықтық ластану қазіргі кездегідей проблема болмағандықтан олар қазіргі уақытқа қарағанда оңай жетуге болатын қалаларда немесе кампустарда орналасқан,ең шарқта ұн кезінде жарқтық ластану казіргі кездегдей проблемі болмағандықтан олар казіргі уақытқа қараганды оны жетуге болатын қалаларды немесе кампустарды орналасқан
1699,"Бақылаушылардың бірі Бішкекті ""анархия күйіне батуда"" деп бейнелеген, өйткені қылмыскерлер тобы көшені аралап, дүкендердегі халықтық тұтыну тауарларын тонауды бастаған.","Мақылаушлардың бәрі бышкекті, анаархия көні баатудаде пенеленген. Бүткені қылмыскерілер тобы, көшен арыла бүкіндердегі халықтық, тұтыну таварларны тонауды бастаған.",бақылаушылардың бірі бішкекті анархия күйіне батуда деп бейнелеген өйткені қылмыскерлер тобы көшені аралап дүкендердегі халықтық тұтыну тауарларын тонауды бастаған,мақылаушлардың бәрі бышкекті анаархия көні баатудаде пенеленген бүткені қылмыскерілер тобы көшен арыла бүкіндердегі халықтық тұтыну таварларны тонауды бастаған
1969,Ол негізгі тақырыптың ең тиімді орны сызықтардың қиылысуында деп айтады. Бұл кескінді тігінен және көлденеңінен үштіктерге бөледі (мысалды қараңыз).,Ол неңізгі та қырыптың ең теймді орна сізықтардың кейлусуында дебайтады. Бұл кезгінді тегінен және көлдененіңін үштыктерге бөледі. Масалды қараныс.,ол негізгі тақырыптың ең тиімді орны сызықтардың қиылысуында деп айтады бұл кескінді тігінен және көлденеңінен үштіктерге бөледі мысалды қараңыз,ол неңізгі та қырыптың ең теймді орна сізықтардың кейлусуында дебайтады бұл кезгінді тегінен және көлдененіңін үштыктерге бөледі масалды қараныс
1703,Мартелли кеше тоғыз мүшеден тұратын жаңа уақытша сайлау кеңесінің (CEP) алдында ант берді.,Мартелли кеше тоғыз мүшеден тратын жаңа вақтша сайлау кингесінін C.E.R. алында үрді.,мартелли кеше тоғыз мүшеден тұратын жаңа уақытша сайлау кеңесінің cep алдында ант берді,мартелли кеше тоғыз мүшеден тратын жаңа вақтша сайлау кингесінін c e r алында үрді
1971,"Қатты жел, бұршақ, артық жауын-шашын және өрттер, сонымен бірге найзағайлар, торнадолар, судағы құйындар және циклондар ауар ауа райының түрлері мен әсерлері болып табылады.","Кат жел біршақ, артық жаунышашын және үртір. Сонымен бірге үнайзалылар, тарнадалар, судалықыңдар, жәнецеклондар, ауар, ауарайынтүрлерімен әселері болыпта боладым.",қатты жел бұршақ артық жауын шашын және өрттер сонымен бірге найзағайлар торнадолар судағы құйындар және циклондар ауар ауа райының түрлері мен әсерлері болып табылады,кат жел біршақ артық жаунышашын және үртір сонымен бірге үнайзалылар тарнадалар судалықыңдар жәнецеклондар ауар ауарайынтүрлерімен әселері болыпта боладым
1982,"Әйелдер: Өздерінің шынайы отбасы жағдайына қарамастан, әйел жынысты саяхатшыларға тұрмыс құрған деп айтуға кеңес беріледі.","Айелдер, өздерінін шынае отпасы жақдайна қарамастан айел шынысты саяқаршыларға тұрымыс құрыңдып айтуға кейінес берледі.",әйелдер өздерінің шынайы отбасы жағдайына қарамастан әйел жынысты саяхатшыларға тұрмыс құрған деп айтуға кеңес беріледі,айелдер өздерінін шынае отпасы жақдайна қарамастан айел шынысты саяқаршыларға тұрымыс құрыңдып айтуға кейінес берледі
1717,Су асты топологиясына байланысты кері ағын бірнеше тереңірек учаскелерде шоғырланған және онда терең суға жылдам ағын пайда болуы мүмкін.,"Суасты топология сұна байлансты, кері ағын бір неше теренірі кучаст кілерді шоғырланған, және ондатерен суға жылдағым ағын пайда болу мүмкін.",су асты топологиясына байланысты кері ағын бірнеше тереңірек учаскелерде шоғырланған және онда терең суға жылдам ағын пайда болуы мүмкін,суасты топология сұна байлансты кері ағын бір неше теренірі кучаст кілерді шоғырланған және ондатерен суға жылдағым ағын пайда болу мүмкін
1875,Мұхиттарға құйылатын планета өзендеріндегі судың толықтай 20 пайызы Амазонкадан келеді.,Мүхит тарға қаилатін планеті өзендеріндегі судын толықтай жермапайызы Амазонкадан келеді.,мұхиттарға құйылатын планета өзендеріндегі судың толықтай 20 пайызы амазонкадан келеді,мүхит тарға қаилатін планеті өзендеріндегі судын толықтай жермапайызы амазонкадан келеді
1664,"Екі құрғақ ұнтақты араластырыңыз, содан кейін таза, ылғалды қолдармен оларды қысып, шарик жасаңыз.","Екі қорба қонтуақты араластырыңыз, судан кейін таза ылғалды қолдармен оларыда қысып шарғыжасыңыз.",екі құрғақ ұнтақты араластырыңыз содан кейін таза ылғалды қолдармен оларды қысып шарик жасаңыз,екі қорба қонтуақты араластырыңыз судан кейін таза ылғалды қолдармен оларыда қысып шарғыжасыңыз
1779,Бұл хабарландыру Трамп Түркия президенті Реджеп Тайып Ердоғанмен телефон арқылы сөйлескеннен кейін жасалды.,"Был, хабарландыру Трамп, Турке президенті Реджип Тайып, әрдоганмен телефону арқалы сөйлескенен кейін жасалды.",бұл хабарландыру трамп түркия президенті реджеп тайып ердоғанмен телефон арқылы сөйлескеннен кейін жасалды,был хабарландыру трамп турке президенті реджип тайып әрдоганмен телефону арқалы сөйлескенен кейін жасалды
1917,Римде әртүрлі орындарда адамдардың салтанатты рәсімді көруі үшін бірнеше үлкен теледидар экрандары орнатылды.,Римде әртілі орындарда адамдардым Салтанадды ұртанады үршін бір неші өлкін теледідер екрандары орынатылды.,римде әртүрлі орындарда адамдардың салтанатты рәсімді көруі үшін бірнеше үлкен теледидар экрандары орнатылды,римде әртілі орындарда адамдардым салтанадды ұртанады үршін бір неші өлкін теледідер екрандары орынатылды
1676,"Барлық Оңтүстік Африка ұлттық саябақтарындағыдай, саябаққа кіруде экологиялық салым және кіру ақысы төленеді.","Мағарлық, оң түк Африка, олтық саябактарындақтай саябакқа құрыли, экологиялық салым, және құру ақсы төлін еды.",барлық оңтүстік африка ұлттық саябақтарындағыдай саябаққа кіруде экологиялық салым және кіру ақысы төленеді,мағарлық оң түк африка олтық саябактарындақтай саябакқа құрыли экологиялық салым және құру ақсы төлін еды
1889,"Ол бізге пойызды, автокөлікті және басқа да көлік құралдарын алып келді.",Ол бізге поезды автокулықты жені басқада кулық крылдарын алып келді.,ол бізге пойызды автокөлікті және басқа да көлік құралдарын алып келді,ол бізге поезды автокулықты жені басқада кулық крылдарын алып келді
1661,"Ол қысқартулар үшін санды белгілемеді, олар Қытайдың экономикалық нәтижесі негізінде жасалатынын айтты.","Олар қысқар тұлар үшін санды бәлгілемеді, олар қытайдың економикалық нәтижесін екзінде жасалатның үнайтда.",ол қысқартулар үшін санды белгілемеді олар қытайдың экономикалық нәтижесі негізінде жасалатынын айтты,олар қысқар тұлар үшін санды бәлгілемеді олар қытайдың економикалық нәтижесін екзінде жасалатның үнайтда
1749,Оны «вичи» француздар билеген. Бұл 1940 жылы немістермен бейбіт келісім жасасқан және  соғысудың орнына жаулаушылармен бірге жұмыс істеген француздар болды.,"Оны ве че француздар белеген? Был мүнті орышы қарығыншышыла немстермен бейбет келесімі жасыскан, чен ес оқсудың орынна, жаулаушылар ме бірге жүмістеген француздар болда.",оны вичи француздар билеген бұл 1940 жылы немістермен бейбіт келісім жасасқан және соғысудың орнына жаулаушылармен бірге жұмыс істеген француздар болды,оны ве че француздар белеген был мүнті орышы қарығыншышыла немстермен бейбет келесімі жасыскан чен ес оқсудың орынна жаулаушылар ме бірге жүмістеген француздар болда
1925,"Жасалған жұмыс көбіне теориялық болды, бірақ Мерген галактикасына қатысты жасалатын бақылауларды симуляциялау үшін бағдарлама жазылды.","Часалған жұмыс көбін етеори алық болда, бірақтым ерген галактикастына хатысты дүсінатым, бақылоңларды симуляция алаушын бағларлама дүзлады.",жасалған жұмыс көбіне теориялық болды бірақ мерген галактикасына қатысты жасалатын бақылауларды симуляциялау үшін бағдарлама жазылды,часалған жұмыс көбін етеори алық болда бірақтым ерген галактикастына хатысты дүсінатым бақылоңларды симуляция алаушын бағларлама дүзлады
1829,Жоғары салық салынатын елдерге жол тартатын саяхатшылар кейде әсіресе алкогольді ішімдіктер мен темекі сияқты өнімдерге айтарлықтай ақша үнемдей алады.,"Жуғары қалық салнатын елдерге жоул тартатнын сейаха қатшылар, кеде әсересе алкогольды үшіндік термен, теме қыси ақты өнимдерге айтарлықтай ақша өнимде елады.",жоғары салық салынатын елдерге жол тартатын саяхатшылар кейде әсіресе алкогольді ішімдіктер мен темекі сияқты өнімдерге айтарлықтай ақша үнемдей алады,жуғары қалық салнатын елдерге жоул тартатнын сейаха қатшылар кеде әсересе алкогольды үшіндік термен теме қыси ақты өнимдерге айтарлықтай ақша өнимде елады
1818,Адамдар үйіне оралған саяхатшылар үшін шыдамдылық пен түсіністік қажет екенін түсінбеуі мүмкін.,Адамдар үйіні оралған сайақашылар үшін жүтамдық бен түсін үсті қажа деген үтісін бе үмымкүн.,адамдар үйіне оралған саяхатшылар үшін шыдамдылық пен түсіністік қажет екенін түсінбеуі мүмкін,адамдар үйіні оралған сайақашылар үшін жүтамдық бен түсін үсті қажа деген үтісін бе үмымкүн
2006,"Кальций және калий сияқты элементтер металдар болып саналады. Әрине, күміс және алтын сияқты металдар да бар.",Кальцы және калейс яқты элементтер металдар болып саналады.,кальций және калий сияқты элементтер металдар болып саналады әрине күміс және алтын сияқты металдар да бар,кальцы және калейс яқты элементтер металдар болып саналады
1672,Матаның тым ыстық болуына жол бермеңіз (бұл қысқаруға немесе күюіне себеп болуы мүмкін).,"Матаның тым ыстық болуна жол бермейңіз, бұл қысқаруа немесе киңіне себе болу мымкын.",матаның тым ыстық болуына жол бермеңіз бұл қысқаруға немесе күюіне себеп болуы мүмкін,матаның тым ыстық болуна жол бермейңіз бұл қысқаруа немесе киңіне себе болу мымкын
1822,Марокко сұлтаны қаланы Дару Аль-Бадиа деп қайта салды және оған Касабланка деген атауды осында сауда базаларын жасаған испандық саудагерлер берді.,"Маруққа султана қаланы дару альбадиядеп қайта солды. Және оған кәсіблан кәдеген атауды, осында солда базарыларын жасаған испандық солды гірлер перті.",марокко сұлтаны қаланы дару аль бадиа деп қайта салды және оған касабланка деген атауды осында сауда базаларын жасаған испандық саудагерлер берді,маруққа султана қаланы дару альбадиядеп қайта солды және оған кәсіблан кәдеген атауды осында солда базарыларын жасаған испандық солды гірлер перті
1981,"Бар болғаны кеме экскурсиялары арқылы жағаға барсаңыз, сізге бөлек виза қажет болмайды (2009 жылдан).","Барболгана кеми екскурсиала арқылы ай жаға барысанғас, сізге бөлі бізі қажет болмайды, екімің толғызыншы жылдан.",бар болғаны кеме экскурсиялары арқылы жағаға барсаңыз сізге бөлек виза қажет болмайды 2009 жылдан,барболгана кеми екскурсиала арқылы ай жаға барысанғас сізге бөлі бізі қажет болмайды екімің толғызыншы жылдан
1926,"Аристотельдің ғылымның барлық мәселелеріне, оның ішінде психологияға көзқарасы қабылданды.","Аристотелдің ғалымның барлық маселелеріне, оның үшінде психологияға көзгарасы қабылданда.",аристотельдің ғылымның барлық мәселелеріне оның ішінде психологияға көзқарасы қабылданды,аристотелдің ғалымның барлық маселелеріне оның үшінде психологияға көзгарасы қабылданда
1846,Сондықтан бұл пішімнің арақатынасы (ең қарапайым бүтін санның қатынасын алу үшін он екіге бөлу) 3:2 деп айтылады.,"Сондықтан, болп үшімдің арақатнасы, енкарапайымы бүтін саныңықатнасың алық үшін он екіге білі. Иште екіде айтылады.",сондықтан бұл пішімнің арақатынасы ең қарапайым бүтін санның қатынасын алу үшін он екіге бөлу 3 2 деп айтылады,сондықтан болп үшімдің арақатнасы енкарапайымы бүтін саныңықатнасың алық үшін он екіге білі иште екіде айтылады
1739,Меккенің солтүстігіндегі таулардың біріндегі шыңда орналасқан үңгір әлемнің қалған бөліктерінен толығымен оқшауланған.,"Меккенінің солтсты бүндеңі үті тавларының біріндеңі шыңда орыналасыған, үңгір әлемің қалған бөліктерінің, толғымен үкшаулыңған.",меккенің солтүстігіндегі таулардың біріндегі шыңда орналасқан үңгір әлемнің қалған бөліктерінен толығымен оқшауланған,меккенінің солтсты бүндеңі үті тавларының біріндеңі шыңда орыналасыған үңгір әлемің қалған бөліктерінің толғымен үкшаулыңған
1804,Гаитидегі әділет және демократия институты БҰҰ Непал бейбітшіл батальоны өздері байқамай ауруды Гаитиге әкелген деп пайымдайтын тәуелсіз зерттеулерді көрсетті.,"Гаити деңі әділет және демократия института БОО Непау бейбетшілык батальйоны өздері байкомай ауруды, гаити ге окелген деп паимдайтын тавелесі зертеулерді курсетті.",гаитидегі әділет және демократия институты бұұ непал бейбітшіл батальоны өздері байқамай ауруды гаитиге әкелген деп пайымдайтын тәуелсіз зерттеулерді көрсетті,гаити деңі әділет және демократия института боо непау бейбетшілык батальйоны өздері байкомай ауруды гаити ге окелген деп паимдайтын тавелесі зертеулерді курсетті
1983,"Өркениет сөзі латынның «civilis» сөзінен шыққан, азаматтық деген мағынаны білдіретін, ол азамат деген мағынаны білдіретін, латынша «civis» сөзімен байланысты, ал қала немесе қала-мемлекет деген мағынаны білдіретін «civitas» сөзі де бар, сонымен бірге бұл белгілі бір деңгейде қоғамның көлемін анықтайды.","Уіркенең етсөзі латнынын цивелес төзінен шыққан, азаматтық деген мағнаны білдеретін. Ол азамат деген мағнаны білдеретін, латнынша цивес өзімен байланысты. Ал қала немессия, қала мемлі кеттеген мағнаны білдеретін, цеви таз сөзіде бар. Сонымен бірге бол, бельгелі бірденгеиде, қоғамынын көлеміне анықтайды.",өркениет сөзі латынның civilis сөзінен шыққан азаматтық деген мағынаны білдіретін ол азамат деген мағынаны білдіретін латынша civis сөзімен байланысты ал қала немесе қала мемлекет деген мағынаны білдіретін civitas сөзі де бар сонымен бірге бұл белгілі бір деңгейде қоғамның көлемін анықтайды,уіркенең етсөзі латнынын цивелес төзінен шыққан азаматтық деген мағнаны білдеретін ол азамат деген мағнаны білдеретін латнынша цивес өзімен байланысты ал қала немессия қала мемлі кеттеген мағнаны білдеретін цеви таз сөзіде бар сонымен бірге бол бельгелі бірденгеиде қоғамынын көлеміне анықтайды
1974,Сол принцип бойынша ер адамдар тізелерін жауып тұратын шалбар кию керек.,Сол-принцеп бойынша ер адамдар тезелерін жауп тратын шалбар киңіңерек.,сол принцип бойынша ер адамдар тізелерін жауып тұратын шалбар кию керек,сол принцеп бойынша ер адамдар тезелерін жауп тратын шалбар киңіңерек
1693,"Бірақ, капитан қақпасын жоғалтудан кейін Үндістан ойынды аяқтау үшін бар болғаны 36 рет жүгірді, 7 рет қақпаны жоғалтты.","Бірақ, капитан кақбанын жоғалтудан киен үнтіздан оында аяқтавышын бар болғаны оыцалтарет жүңірді. Читірет кақбаны жоғалты.",бірақ капитан қақпасын жоғалтудан кейін үндістан ойынды аяқтау үшін бар болғаны 36 рет жүгірді 7 рет қақпаны жоғалтты,бірақ капитан кақбанын жоғалтудан киен үнтіздан оында аяқтавышын бар болғаны оыцалтарет жүңірді читірет кақбаны жоғалты
1815,Атомдық бомба көп протондар мен нейтрондар арқылы ядро ​​құру үшін энергия алуы принципі бойынша жұмыс істейді.,"Атамдық бомбы, көп пратандармен нейтронда араркала, ядра-корышын, энергия алуы принципы боенша жымос ыстейды.",атомдық бомба көп протондар мен нейтрондар арқылы ядро ​​құру үшін энергия алуы принципі бойынша жұмыс істейді,атамдық бомбы көп пратандармен нейтронда араркала ядра корышын энергия алуы принципы боенша жымос ыстейды
1742,Гонконг аралы Гонконгтың аумағына өз атауын береді және көптеген туристер басты назар аударатын орын болып табылады.,"Гангкон-каралы үзаталым бейді, көптеген туристер бастың азар аударатын орын болып табылады.",гонконг аралы гонконгтың аумағына өз атауын береді және көптеген туристер басты назар аударатын орын болып табылады,гангкон каралы үзаталым бейді көптеген туристер бастың азар аударатын орын болып табылады
1738,Сондай-ақ ол суға кірген кез келген нәрсеге шабуылдайтын; тіпті тиранозавр сияқты алып динозавр да оған тең келмейтін.,"Сондаяк о суға қрыген кеес келген нәрсеге шабул дайтын, тәпті тираназауыр сияқты алып диназауырда оған тен келметін.",сондай ақ ол суға кірген кез келген нәрсеге шабуылдайтын тіпті тиранозавр сияқты алып динозавр да оған тең келмейтін,сондаяк о суға қрыген кеес келген нәрсеге шабул дайтын тәпті тираназауыр сияқты алып диназауырда оған тен келметін
1848,Кеше Түркияның Газиантеп қаласындағы полиция штаб-пәтерінде бомба қойылған көлік жарылысы нәтижесінде екі полиция қызметкері қаза тапты және жиырмадан артық адам жарақат алды.,Кише туркияның Гайзьян Теп қаласындары палитсер жаттап бәтерінде бомба койылған койылық жарылысыны нәчейесінде екі палитсер қызметкері қазатапты. Чен ежермадан артығадам жаракат алда.,кеше түркияның газиантеп қаласындағы полиция штаб пәтерінде бомба қойылған көлік жарылысы нәтижесінде екі полиция қызметкері қаза тапты және жиырмадан артық адам жарақат алды,кише туркияның гайзьян теп қаласындары палитсер жаттап бәтерінде бомба койылған койылық жарылысыны нәчейесінде екі палитсер қызметкері қазатапты чен ежермадан артығадам жаракат алда
1921,"Екінші жағынан, мұзды және қарлы жағдайлар көп елдерде қалыпты болып табылады және жол қозғалысы көбінесе жыл бойы үздіксіз болады.","Екінчі жағынан, мозды және қарлы жағдайлар көйбелдерде қалыпты болып таблады, және жол көзғалысы көбіне се жолбое үздықсіз болады.",екінші жағынан мұзды және қарлы жағдайлар көп елдерде қалыпты болып табылады және жол қозғалысы көбінесе жыл бойы үздіксіз болады,екінчі жағынан мозды және қарлы жағдайлар көйбелдерде қалыпты болып таблады және жол көзғалысы көбіне се жолбое үздықсіз болады
2007,АҚШ Инженерлер корпусы 6 дюйм жаңбырдың жаууы бұрын зақымдалған бөгеттерді бұзуы мүмкін деп болжады.,"Ақыш инженерлер қорбуыса, алты дөйім жанбірдің жауыбырін зақымдаған бөгеттерді бізі оымымкын дөп болудады.",ақш инженерлер корпусы 6 дюйм жаңбырдың жаууы бұрын зақымдалған бөгеттерді бұзуы мүмкін деп болжады,ақыш инженерлер қорбуыса алты дөйім жанбірдің жауыбырін зақымдаған бөгеттерді бізі оымымкын дөп болудады
1675,"Барлық зат есімдер, сонымен бірге «сіз» дегенді білдіретін «Sie» сөзі, тіпті сөйлемнің ортасында да бас әріптен басталады.","Барлық сат есімдері үсін біргі сіздегені дібілдередіңі сиңіңі сөзі, тіпті сөліңің ортасында да басарыптен басталады.",барлық зат есімдер сонымен бірге сіз дегенді білдіретін sie сөзі тіпті сөйлемнің ортасында да бас әріптен басталады,барлық сат есімдері үсін біргі сіздегені дібілдередіңі сиңіңі сөзі тіпті сөліңің ортасында да басарыптен басталады
1849,"Егер сіз ""Ұлт қазынасы"" фильмін көрген болсаңыз, онда қазына картасы Тәуелсіздік декларациясының артында жазылған деп ойлауыңыз мүмкін.","Егерсіз олқ-казнасы фильмін күрген болсаныз, ондай-казна картасы төвелсіздік дикларатсесмін үртінді жазылың деп ойылығымыз мүмүн.",егер сіз ұлт қазынасы фильмін көрген болсаңыз онда қазына картасы тәуелсіздік декларациясының артында жазылған деп ойлауыңыз мүмкін,егерсіз олқ казнасы фильмін күрген болсаныз ондай казна картасы төвелсіздік дикларатсесмін үртінді жазылың деп ойылығымыз мүмүн
1860,Губернатордың кеңсесі жарақат алғандардың он тоғызы полиция қызметкері болғанын айтты.,Губернатордың кенгсеесі жаракат алғандардың 10 туғызы палития қызметкері болғанын айты.,губернатордың кеңсесі жарақат алғандардың он тоғызы полиция қызметкері болғанын айтты,губернатордың кенгсеесі жаракат алғандардың 10 туғызы палития қызметкері болғанын айты
1748,Өрт сөндіру бөлімшелері өртті кешкі сағат 11:35-ке дейін сөндірді.,"Уірт сүндірі бөлім шелері, үртті кешкі сағат он бір оц бескедіін сүндірді.",өрт сөндіру бөлімшелері өртті кешкі сағат 11 35 ке дейін сөндірді,уірт сүндірі бөлім шелері үртті кешкі сағат он бір оц бескедіін сүндірді
1791,Құрылыс орындарын граффити сызу арқылы бүлдірмеңіз.,Күріл сұрндарғың графи-тисізіңіңіңіңіңіңіңіңіңіңіңіңіңіңіңіңіңіңіңіңіңіңіңіңіңіңіңіңіңіңіңіңіңіңіңіңіңіңіңіңіңіңіңіңіңіңіңіңіңіңіңіңіңіңіңіңіңіңіңіңіңіңіңіңіңіңіңі,құрылыс орындарын граффити сызу арқылы бүлдірмеңіз,күріл сұрндарғың графи тисізіңіңіңіңіңіңіңіңіңіңіңіңіңіңіңіңіңіңіңіңіңіңіңіңіңіңіңіңіңіңіңіңіңіңіңіңіңіңіңіңіңіңіңіңіңіңіңіңіңіңіңіңіңіңіңіңіңіңіңіңіңіңіңіңіңіңіңі
1794,"Өркениет – бірге тұрып, бірге жұмыс істейтін қоғамдағы адамдардың айтарлықтай үлкен тобына қатысты ортақ мәдениет.","Уыркен ет бергеті рып бергежымы сыстеетін қоғамдарды, қоғамдағы адамдардың айтарлықтай үлкен тобана қатысты ұртақмай ден ет.",өркениет бірге тұрып бірге жұмыс істейтін қоғамдағы адамдардың айтарлықтай үлкен тобына қатысты ортақ мәдениет,уыркен ет бергеті рып бергежымы сыстеетін қоғамдарды қоғамдағы адамдардың айтарлықтай үлкен тобана қатысты ұртақмай ден ет
1947,"Әскерлер келмей тұрып, Гаитиде 1800 жылдан бері бұл ауруға қатысты мәселелер болмаған.","Аз керілер келмейторап, ғаетеді бірмін сегі жезінші жолдан мері бол ауруға қатысты мәселелер болмаган.",әскерлер келмей тұрып гаитиде 1800 жылдан бері бұл ауруға қатысты мәселелер болмаған,аз керілер келмейторап ғаетеді бірмін сегі жезінші жолдан мері бол ауруға қатысты мәселелер болмаган
1936,"Пэрри түнгі сайлау алды жиналысының нәтижелерін бағалау үшін Техасқа оралатынын, өзі үшін осы жарыста алға жүретін жол бар-жоғын анықтайтынын мәлімдеді, бірақ кейінірек жарыста қалатынын және 21 қаңтардағы Оңтүстік Каролинадағы бастапқы сайлауға қатысатынын айтты.","Бұері түнғы сайлау алды женалысының нәтижілерін, мағалаушын техаска оралатының, үзі үшін осы жарыста алғажіретін жол бар жоғын анықтайтының мәлемдеді. Бұрак кейнерек жарыста ақалатының, және жірмамырын жықан тардағы, Сауға қатсадымын айты.",пэрри түнгі сайлау алды жиналысының нәтижелерін бағалау үшін техасқа оралатынын өзі үшін осы жарыста алға жүретін жол бар жоғын анықтайтынын мәлімдеді бірақ кейінірек жарыста қалатынын және 21 қаңтардағы оңтүстік каролинадағы бастапқы сайлауға қатысатынын айтты,бұері түнғы сайлау алды женалысының нәтижілерін мағалаушын техаска оралатының үзі үшін осы жарыста алғажіретін жол бар жоғын анықтайтының мәлемдеді бұрак кейнерек жарыста ақалатының және жірмамырын жықан тардағы сауға қатсадымын айты
1697,"Ол ауырғанды басатын қажет дәрі-дәрмектерді қабылдай алмады, өйткені олар Ойындарға қатысушылар үшін рұқсат етілмейді.","Волан ауырғанды басатым кашеттіары дәрмектерді хабылды елнады, үтгені үлар оиндарға хатсыңшың рықсат еділмеді.",ол ауырғанды басатын қажет дәрі дәрмектерді қабылдай алмады өйткені олар ойындарға қатысушылар үшін рұқсат етілмейді,волан ауырғанды басатым кашеттіары дәрмектерді хабылды елнады үтгені үлар оиндарға хатсыңшың рықсат еділмеді
1836,"Адамдар ежелден алтын, күміс және мыс сияқты негізгі химиялық элементтер туралы білді, өйткені олардың барлығын табиғатта табиғи түрде табуға болады және қарапайым құралдармен өндіру салыстырмалы түрде оңай.","Адамдар ежелден алтын, қымыш және мұсси ақты негізгі химиялық ылементтер туралы бәлді. Әткені ұлардың барлығын табіғатті таби хи түрде табыға болады. Және қарапаым құралдар меніңдіру салстырмалы түрде оный.",адамдар ежелден алтын күміс және мыс сияқты негізгі химиялық элементтер туралы білді өйткені олардың барлығын табиғатта табиғи түрде табуға болады және қарапайым құралдармен өндіру салыстырмалы түрде оңай,адамдар ежелден алтын қымыш және мұсси ақты негізгі химиялық ылементтер туралы бәлді әткені ұлардың барлығын табіғатті таби хи түрде табыға болады және қарапаым құралдар меніңдіру салстырмалы түрде оный
2002,Бұл ойыншыларға бейне ойындардағы әрекеттер мен қозғалыстарды құрылғыны ауада қозғалту арқылы басқаруға мүмкіндік береді.,"Был оыншыларға, бейне оындардағы әрікеттермен козғалыстарды, құрылғыны ауады козғал туарқылы басқаруға мүмкіндік береді.",бұл ойыншыларға бейне ойындардағы әрекеттер мен қозғалыстарды құрылғыны ауада қозғалту арқылы басқаруға мүмкіндік береді,был оыншыларға бейне оындардағы әрікеттермен козғалыстарды құрылғыны ауады козғал туарқылы басқаруға мүмкіндік береді
1767,"Бұл солтүстік шұғыласын көрудің жақсы мүмкіндігін береді, өйткені аспан тәулік бойы азды-көпті күңгірт болады.","Мұл, соутыстық шығыласының көрідің жақсының күндігін береді. Бүткені аспан төліг воя азды көпті қыңғырт болады.",бұл солтүстік шұғыласын көрудің жақсы мүмкіндігін береді өйткені аспан тәулік бойы азды көпті күңгірт болады,мұл соутыстық шығыласының көрідің жақсының күндігін береді бүткені аспан төліг воя азды көпті қыңғырт болады
1857,"Ол тағы былай деді: «дегенмен, олардан даму кезеңінен, жауапкершілігінен және мүмкіндіктерінен асатын міндеттемелерді қабылдауды сұрамау керек».","Оол тағы былай деді. Деген мен олардан даму кезінгінін, жауп кершілегінін, және мүнкін дықтерінін асатын мүндеттемелерді қабылдауды сүрім ауғерек.",ол тағы былай деді дегенмен олардан даму кезеңінен жауапкершілігінен және мүмкіндіктерінен асатын міндеттемелерді қабылдауды сұрамау керек,оол тағы былай деді деген мен олардан даму кезінгінін жауп кершілегінін және мүнкін дықтерінін асатын мүндеттемелерді қабылдауды сүрім ауғерек
1845,Күймеде олар айқайлап жатқан және король мен патшайымға қоқан-лоққыларды айқайлап айтып жатқан адамдар тобы қоршаған күйде Парижге қайтып оралды.,Кеимеде олар айқайлап жаткан және қарволмен патшаймыға қоқан лық қыларды айқайлап айтып жаткан адамдар төбі қоршаған кейде парейжге кайтыбу оралды.,күймеде олар айқайлап жатқан және король мен патшайымға қоқан лоққыларды айқайлап айтып жатқан адамдар тобы қоршаған күйде парижге қайтып оралды,кеимеде олар айқайлап жаткан және қарволмен патшаймыға қоқан лық қыларды айқайлап айтып жаткан адамдар төбі қоршаған кейде парейжге кайтыбу оралды
1724,Ол шамамен 400 жылдан бастап салтанаттың эпицентріне ретінде белгілі болды және шамамен 1100 жылға дейін созылды.,Ол Шамамин түрчіз жылдан бастап Салтанаттын эпиценттерне ерітінде білгілі болты Женей Шамамин мүн біріжіз жыл.,ол шамамен 400 жылдан бастап салтанаттың эпицентріне ретінде белгілі болды және шамамен 1100 жылға дейін созылды,ол шамамин түрчіз жылдан бастап салтанаттын эпиценттерне ерітінде білгілі болты женей шамамин мүн біріжіз жыл
1895,Грек тілін білу азайғаннан кейін батыс өзінің грек философиялық және ғылыми түбірлерінен бөлініп кеткенін тапты.,"Грек тален, бәлі әзайған үнген батыс өзінін үн үн үн үк философиалык және қалымейті бұрлерінен бөлін әпкеткенін тапта.",грек тілін білу азайғаннан кейін батыс өзінің грек философиялық және ғылыми түбірлерінен бөлініп кеткенін тапты,грек тален бәлі әзайған үнген батыс өзінін үн үн үн үк философиалык және қалымейті бұрлерінен бөлін әпкеткенін тапта
1928,"1976 жылда, Мачу Пикчудың отыз пайызы қалпына келтірілді және реставрация бүгінге дейні жалғасуда.","Мүң тұғыры жүппесатнышы жылда ма чо пикчудың отыз паезы қалпына келтерілді, және реставрация бүгінгейде еін жалғасуды.",1976 жылда мачу пикчудың отыз пайызы қалпына келтірілді және реставрация бүгінге дейні жалғасуда,мүң тұғыры жүппесатнышы жылда ма чо пикчудың отыз паезы қалпына келтерілді және реставрация бүгінгейде еін жалғасуды
1886,"Ежелгі мәдениеттер мен тайпалар сүтке, жүнге, етке және терілерге оңай қол жеткізу үшін оларды өсіре бастады.","Ежелгі мединиттермен тайпалар сүтгі, жүнгі, етгі, және тейрілергі, омайқол жетгі жүшін оларды өсіріп астада.",ежелгі мәдениеттер мен тайпалар сүтке жүнге етке және терілерге оңай қол жеткізу үшін оларды өсіре бастады,ежелгі мединиттермен тайпалар сүтгі жүнгі етгі және тейрілергі омайқол жетгі жүшін оларды өсіріп астада
1972,"Көп адам оларды динозаврлар деп ойламайды, өйткені олардың қауырсындары бар және ұша алады.","Көп адам оларды денезаварларды бойламайды, өтгені олардың кауырсындары бар, чен еша оларды.",көп адам оларды динозаврлар деп ойламайды өйткені олардың қауырсындары бар және ұша алады,көп адам оларды денезаварларды бойламайды өтгені олардың кауырсындары бар чен еша оларды
1782,Сондай-ақ әр династиялар арасында бөлінген провинциялардың тұрақсыз дәуірі болды. Осы кезеңдердің ең танымалсы — Хань мен Цзинь династияларының арасында 60 жыл бойы болған Үш патшалық дәуірі еді.,"Сондаяқ, Әр династиялар арасында, үлінген провинсиялардың тұрақсыз даыры бұлды. Осы кезіндердің еңтанмасы, ханмин циң династияларының арасында алпасылбоя болған, үш патшалық даыры еды.",сондай ақ әр династиялар арасында бөлінген провинциялардың тұрақсыз дәуірі болды осы кезеңдердің ең танымалсы хань мен цзинь династияларының арасында 60 жыл бойы болған үш патшалық дәуірі еді,сондаяқ әр династиялар арасында үлінген провинсиялардың тұрақсыз даыры бұлды осы кезіндердің еңтанмасы ханмин циң династияларының арасында алпасылбоя болған үш патшалық даыры еды
1879,"Жаңа бірдеңе пайда боғланда, пернетақта неге айналатыны туралы болжамдар жасауға ғана болады.","Жағам бірдеге пайда болғанды, пе ренет ақта негай налаты натурала болжамдар жасыуқағана болады.",жаңа бірдеңе пайда боғланда пернетақта неге айналатыны туралы болжамдар жасауға ғана болады,жағам бірдеге пайда болғанды пе ренет ақта негай налаты натурала болжамдар жасыуқағана болады
1950,Солтүстікке қарай және жақын арада Синтра деген романтикалық және еліктіретін қаласы орналасқан және ол Лорд Байрон оның ғажайыптарын қызық әңгімелегеннен кейін шетелдіктерге әйгілі болды.,"Сол түстык көрі және жақын арада синтра деген романтикалық және електриетін қаласы орналасқан. Және ол лорд байрын, оның жақы жақы жаыптарын, қызық әнгімелеген ненген шителдіқ тірге әйгілі болды.",солтүстікке қарай және жақын арада синтра деген романтикалық және еліктіретін қаласы орналасқан және ол лорд байрон оның ғажайыптарын қызық әңгімелегеннен кейін шетелдіктерге әйгілі болды,сол түстык көрі және жақын арада синтра деген романтикалық және електриетін қаласы орналасқан және ол лорд байрын оның жақы жақы жаыптарын қызық әнгімелеген ненген шителдіқ тірге әйгілі болды
1725,Ертеректе шығындарды азайту және функционалдылық факторларына байланысты бүкіл әлемде шығарылған ASUS Eee компьютері 2007 жылғы Тайбэй АТ айлығының өзекті тақырыбына айналды.,Ертеректе шығандарды азайту және функционалдылық факторларна вайланысты бөкіл әлемде шығаролған асус EEE компьютеры ЕКін жетін шыжылғы Тайбей 80 айлығының өз екты тақрыбына айналды.,ертеректе шығындарды азайту және функционалдылық факторларына байланысты бүкіл әлемде шығарылған asus eee компьютері 2007 жылғы тайбэй ат айлығының өзекті тақырыбына айналды,ертеректе шығандарды азайту және функционалдылық факторларна вайланысты бөкіл әлемде шығаролған асус eee компьютеры екін жетін шыжылғы тайбей 80 айлығының өз екты тақрыбына айналды
1920,"Әдетте, қонақтарды жақсы көңіл-күйде ұстау және іште ұстау үшін оларда арнайы тамақ, сусын және ойын-сауық ұсыныстары болады.","Эдетте қонахтарда жақсы қомылкеде үстав, және жіде үстав үшін оларда арнае тамақ, сусын және ойін салуқ қүсін қыстары болады.",әдетте қонақтарды жақсы көңіл күйде ұстау және іште ұстау үшін оларда арнайы тамақ сусын және ойын сауық ұсыныстары болады,эдетте қонахтарда жақсы қомылкеде үстав және жіде үстав үшін оларда арнае тамақ сусын және ойін салуқ қүсін қыстары болады
1915,Гома қаласында бода-бода (мотоцикл-такси) қызметінен пайдалануыңызға болады. Қалыпты (жергілікті) бағасы қысқа сапар үшін  шамамен 500 Конго франкіне тең.,"Гома қаласында бода-бода маторцекыл такси, қызметінін пайдалымың нолғазқа болады, қалыпты жергілікты бағасы қысқасы парышын шамамен бейшіз қонға франкне тем.",гома қаласында бода бода мотоцикл такси қызметінен пайдалануыңызға болады қалыпты жергілікті бағасы қысқа сапар үшін шамамен 500 конго франкіне тең,гома қаласында бода бода маторцекыл такси қызметінін пайдалымың нолғазқа болады қалыпты жергілікты бағасы қысқасы парышын шамамен бейшіз қонға франкне тем
1928,"1976 жылда, Мачу Пикчудың отыз пайызы қалпына келтірілді және реставрация бүгінге дейні жалғасуда.","Бірмінг тұқы жүс шейтпі салтын жүлді, ма чо пик чудын өті спайезі қалпына келтерілді, және реставрация бүгінгейтейіні жалғасуды.",1976 жылда мачу пикчудың отыз пайызы қалпына келтірілді және реставрация бүгінге дейні жалғасуда,бірмінг тұқы жүс шейтпі салтын жүлді ма чо пик чудын өті спайезі қалпына келтерілді және реставрация бүгінгейтейіні жалғасуды
1989,Сондай-ақ ол көп елдердің банкнота басу қалыптарын нақыштауға қатысты. Оның жақындағы жұмыс мысалдарына Канаданың жаңа $5 және $100 банкноталарындағы премьер-министр портреттері кіреді.,"Сондаяқ ол көвелдерден банкнота басу қалыптарын, нақштауға қатсты. Оның жақымдағы жұнысмы солдарына, Канаданың жаңа бездолыр женежездолыр банкноталарындағы премьер министерпарттереттеры креді.",сондай ақ ол көп елдердің банкнота басу қалыптарын нақыштауға қатысты оның жақындағы жұмыс мысалдарына канаданың жаңа 5 және 100 банкноталарындағы премьер министр портреттері кіреді,сондаяқ ол көвелдерден банкнота басу қалыптарын нақштауға қатсты оның жақымдағы жұнысмы солдарына канаданың жаңа бездолыр женежездолыр банкноталарындағы премьер министерпарттереттеры креді
1676,"Барлық Оңтүстік Африка ұлттық саябақтарындағыдай, саябаққа кіруде экологиялық салым және кіру ақысы төленеді.",Барлық ұнтстық африка ұлтық саябақтарындақдай саябаққа құрыде экологиалық салым және құру ақысы төлін еды.,барлық оңтүстік африка ұлттық саябақтарындағыдай саябаққа кіруде экологиялық салым және кіру ақысы төленеді,барлық ұнтстық африка ұлтық саябақтарындақдай саябаққа құрыде экологиалық салым және құру ақысы төлін еды
1857,"Ол тағы былай деді: «дегенмен, олардан даму кезеңінен, жауапкершілігінен және мүмкіндіктерінен асатын міндеттемелерді қабылдауды сұрамау керек».","Олтағы баайледі, дегенмен олардан дамыу кезененен, жағық кересілегенен, және мүмкіндіктіерен әсапым мүндеттемелерді қабылдауды сүромау керек.",ол тағы былай деді дегенмен олардан даму кезеңінен жауапкершілігінен және мүмкіндіктерінен асатын міндеттемелерді қабылдауды сұрамау керек,олтағы баайледі дегенмен олардан дамыу кезененен жағық кересілегенен және мүмкіндіктіерен әсапым мүндеттемелерді қабылдауды сүромау керек
1761,Кейінірек дәретханаға сұранған егде жастағы әйелдің орнын фотографтар алмастырды. Мендоза атып тасталынды.,"Кейінрік, дарет ханага, сұранған еңде жастаға айелдің орнын фотографтар алмастырды. Мен доса қатып тасталанды.",кейінірек дәретханаға сұранған егде жастағы әйелдің орнын фотографтар алмастырды мендоза атып тасталынды,кейінрік дарет ханага сұранған еңде жастаға айелдің орнын фотографтар алмастырды мен доса қатып тасталанды
1831,"Плитвиц көлдері ұлттық паркін қалың орман жапқан. Орман негізінен қайың, шырша және майқарағай ағаштарынан тұрады. Орманда альпылық және жерортатеңіздік өсімдіктер аралас өседі.","Флит Витс қолдері үлтіғ барғын қалың орман жабқан, орманны үгізенен қайын, шырша және майкарай ағашыстарнан тұрада, орманда әлпылық және герероритет еңізді қөсімдіктіер арала асосееді.",плитвиц көлдері ұлттық паркін қалың орман жапқан орман негізінен қайың шырша және майқарағай ағаштарынан тұрады орманда альпылық және жерортатеңіздік өсімдіктер аралас өседі,флит витс қолдері үлтіғ барғын қалың орман жабқан орманны үгізенен қайын шырша және майкарай ағашыстарнан тұрада орманда әлпылық және герероритет еңізді қөсімдіктіер арала асосееді
1904,"Дегенмен, баяу коммуникация арналарына байланысты, батыстағы стильдер 25-30 жылға қалып отырады.",Дегенмен баяу коммуникация арналарна балансыда бақстағы стилдер 25-30 үлға қалы ботрада.,дегенмен баяу коммуникация арналарына байланысты батыстағы стильдер 25 30 жылға қалып отырады,дегенмен баяу коммуникация арналарна балансыда бақстағы стилдер 25 30 үлға қалы ботрада
1915,Гома қаласында бода-бода (мотоцикл-такси) қызметінен пайдалануыңызға болады. Қалыпты (жергілікті) бағасы қысқа сапар үшін  шамамен 500 Конго франкіне тең.,"Гоума қаласында бодо-бодо ма тасикл такси хізметінен пайда ланыңыз қа болады, хауты, чергілікті, бағасы, қысқар сапарушын шамамен бешіз қонга фанкнетинг.",гома қаласында бода бода мотоцикл такси қызметінен пайдалануыңызға болады қалыпты жергілікті бағасы қысқа сапар үшін шамамен 500 конго франкіне тең,гоума қаласында бодо бодо ма тасикл такси хізметінен пайда ланыңыз қа болады хауты чергілікті бағасы қысқар сапарушын шамамен бешіз қонга фанкнетинг
1826,"Апаттан соң Гибсон ауруханаға жеткізілді, бірақ аз уақыт өтпей қайтыс болды.",Апаттан сон гипсын ауру ханаға жеткізілді бірақ азуа қытудпе қайтысполда.,апаттан соң гибсон ауруханаға жеткізілді бірақ аз уақыт өтпей қайтыс болды,апаттан сон гипсын ауру ханаға жеткізілді бірақ азуа қытудпе қайтысполда
1872,Мау қозғалысы ұйымдастырған тәуелсіздік үшін күрес кезінде қаладағы бейбіт жиналыс нәтижесінде жоғары дәрежелі көсем Тупуа Тамасесе Леалофи III өліміне әкеліп соқты.,"Мауқызғалысы үмді астрыған тавелсіздіғішін көрісткезінде қаладағы бейбет жинал снетіңесінде жоғары дарай желіккосем тупуа, тамасеса, леалу афи ишінші өлімнен әкеліп сақты.",мау қозғалысы ұйымдастырған тәуелсіздік үшін күрес кезінде қаладағы бейбіт жиналыс нәтижесінде жоғары дәрежелі көсем тупуа тамасесе леалофи iii өліміне әкеліп соқты,мауқызғалысы үмді астрыған тавелсіздіғішін көрісткезінде қаладағы бейбет жинал снетіңесінде жоғары дарай желіккосем тупуа тамасеса леалу афи ишінші өлімнен әкеліп сақты
1908,Бұл – кейбір етістіктер мен толықтауыштарды ажыратудың маңызды жолы.,Пулкейбір 70-термен толқ тауштарды ажратаудым Манғызды жола.,бұл кейбір етістіктер мен толықтауыштарды ажыратудың маңызды жолы,пулкейбір 70 термен толқ тауштарды ажратаудым манғызды жола
1740,Пирамида дыбыс және жарық шоуы балаларға арналған аумақтағы ең қызық нәрселердің бірі болып табылады.,"Пирамиды үшін және жарық шоуы, балларғарналған аумахтыға ең қызық мәрселердің бәрі болып табылады.",пирамида дыбыс және жарық шоуы балаларға арналған аумақтағы ең қызық нәрселердің бірі болып табылады,пирамиды үшін және жарық шоуы балларғарналған аумахтыға ең қызық мәрселердің бәрі болып табылады
1837,Реконструкция әрекеттерін либералдық сынау реконструкция келісімшарттарын солай деп саналатын Вашингтон инсайдерлеріне беруге баса көңіл бөлді.,"Реконструкция арекеттерін, либералдық сынау, реконструкция келесім шарттарн сұлайдеп саналатн, Вашингтон инсайдерлерне берүге баса құңыл бөлді.",реконструкция әрекеттерін либералдық сынау реконструкция келісімшарттарын солай деп саналатын вашингтон инсайдерлеріне беруге баса көңіл бөлді,реконструкция арекеттерін либералдық сынау реконструкция келесім шарттарн сұлайдеп саналатн вашингтон инсайдерлерне берүге баса құңыл бөлді
1978,«Спрингбокс» үшін бұл қатара бес ойындық жеңіліспен аяқталды.,"Спринг бұқсышын, бұл катара бе сөін дүржен әлі спен аяқталда.",спрингбокс үшін бұл қатара бес ойындық жеңіліспен аяқталды,спринг бұқсышын бұл катара бе сөін дүржен әлі спен аяқталда
1987,Апат биік таулы жерлерде орын алған және дұшпандық мағынадағы өрттің салдарынан болған деп болжануда.,Апат бейік таулы жерлерде орналған жені дүшпандық мағынадағы өртін қ солдарнын болған деп болжалымда.,апат биік таулы жерлерде орын алған және дұшпандық мағынадағы өрттің салдарынан болған деп болжануда,апат бейік таулы жерлерде орналған жені дүшпандық мағынадағы өртін қ солдарнын болған деп болжалымда
1848,Кеше Түркияның Газиантеп қаласындағы полиция штаб-пәтерінде бомба қойылған көлік жарылысы нәтижесінде екі полиция қызметкері қаза тапты және жиырмадан артық адам жарақат алды.,"Кеше туркияның Қазьянтеп қаласындағы полиция штабпетерінде бомба қойыған көлік жарылсы, натижесінде екі полиция қізметкері қаза тапты, және жүрмадан артық адам жаракат алдым.",кеше түркияның газиантеп қаласындағы полиция штаб пәтерінде бомба қойылған көлік жарылысы нәтижесінде екі полиция қызметкері қаза тапты және жиырмадан артық адам жарақат алды,кеше туркияның қазьянтеп қаласындағы полиция штабпетерінде бомба қойыған көлік жарылсы натижесінде екі полиция қізметкері қаза тапты және жүрмадан артық адам жаракат алдым
1720,"Ыстық шоколад Бельгия стандарттарына сәйкес келеді. Жеміс шырындары қымбат болғанымен, бірақ өте керемет.",Остық шықалат белге астандарттарна сөйкескеледі. Жимі жүрмдары қымбат болғанымін бірақ өте керемет.,ыстық шоколад бельгия стандарттарына сәйкес келеді жеміс шырындары қымбат болғанымен бірақ өте керемет,остық шықалат белге астандарттарна сөйкескеледі жимі жүрмдары қымбат болғанымін бірақ өте керемет
1955,"Шашыраңқы склероз – ми, жұлын және ми жүйкесінен тұратын орталық жүйке жүйесіне әсер ететін ауру.",Шашранқы скелероз мең жүлін және мең үй жүкеснен туратым орталық жүкө жүйесне асерететін ауру.,шашыраңқы склероз ми жұлын және ми жүйкесінен тұратын орталық жүйке жүйесіне әсер ететін ауру,шашранқы скелероз мең жүлін және мең үй жүкеснен туратым орталық жүкө жүйесне асерететін ауру
1809,"Жолдарды орнында ұстау үшін шпалдар айтарлықтай ерте енгізілді. Алайда, бірте-бірте, жолдың үстінде темір бөлік болса, жолдар тиімдірек болатыны түсінілді.",Жолдарда орнанды ұсталушын жпалдар айтарлықтайер тейінгізелді. Алайда бірте бірте жолдымыстынды теймір бөліполса жолдар теймдерегполатны түсінелді.,жолдарды орнында ұстау үшін шпалдар айтарлықтай ерте енгізілді алайда бірте бірте жолдың үстінде темір бөлік болса жолдар тиімдірек болатыны түсінілді,жолдарда орнанды ұсталушын жпалдар айтарлықтайер тейінгізелді алайда бірте бірте жолдымыстынды теймір бөліполса жолдар теймдерегполатны түсінелді
1775,"Бейне жазып алуды пайдалану бірнеше миллисекунд жалғасатын микро қимылдарды, бет бұлшық еттерінің қимылдарын түсіндіруде маңызды жаңалықтардың ашылуына себеп болды.",Бене жазы валуды пайдалану бірнеше мелесекунт жалғасатым микро кымалдарды бейет болшығы еттерін қеймалдарын түсіндіруде манғызды жаңалықтардың ашылуна себе пылды.,бейне жазып алуды пайдалану бірнеше миллисекунд жалғасатын микро қимылдарды бет бұлшық еттерінің қимылдарын түсіндіруде маңызды жаңалықтардың ашылуына себеп болды,бене жазы валуды пайдалану бірнеше мелесекунт жалғасатым микро кымалдарды бейет болшығы еттерін қеймалдарын түсіндіруде манғызды жаңалықтардың ашылуна себе пылды
1697,"Ол ауырғанды басатын қажет дәрі-дәрмектерді қабылдай алмады, өйткені олар Ойындарға қатысушылар үшін рұқсат етілмейді.","Вол ауырганды басатын көжет дәрі дәрмектерді қабылдай алма да, өтгені олар ойндарға қатсуңларышын ұрқса тетілмейді.",ол ауырғанды басатын қажет дәрі дәрмектерді қабылдай алмады өйткені олар ойындарға қатысушылар үшін рұқсат етілмейді,вол ауырганды басатын көжет дәрі дәрмектерді қабылдай алма да өтгені олар ойндарға қатсуңларышын ұрқса тетілмейді
1966,Комиссия қазан айында басталған кең тараған режимге қарсы наразылықтарға Мартеллидің жауабы болды.,Комиссия Казағаенда бастылған кенгтераған режимге қарсына разықтарға Мартеледің жауабы болды.,комиссия қазан айында басталған кең тараған режимге қарсы наразылықтарға мартеллидің жауабы болды,комиссия казағаенда бастылған кенгтераған режимге қарсына разықтарға мартеледің жауабы болды
1768,Кешеннің жиектеріндегі ғимараттардың көпшілігі туристерге басында қалай пайда болғаны туралы жақсырақ түсінік беру үшін қайта соғылды.,"Кешенің циек діерін дең үймараттардың көпшелі бе туристерке бастында қалай-пайда болған туралы, жақсыр ақтысының бірі бүшін қайта сұолда.",кешеннің жиектеріндегі ғимараттардың көпшілігі туристерге басында қалай пайда болғаны туралы жақсырақ түсінік беру үшін қайта соғылды,кешенің циек діерін дең үймараттардың көпшелі бе туристерке бастында қалай пайда болған туралы жақсыр ақтысының бірі бүшін қайта сұолда
1933,"Әрі-беріден соң, мұнда көптеген кішкентай мысықтар (соның ішінде жоғалған үй мысықтары) бар. Олар құрт-құмырсқа, кеміргіштер, кесіртке сияқты көптеген шағын жыртқыш аңдарды және құстарды жейді.","Эрі береден сон мүнді ақ өптеген, үшкен та үмі қықтар, соным үшінде жоғылған үйімі қықтар аы бар, ұлар қорд қумырсқа, кемір қişтер, кесерт ғез, қёптеген шағым жүртғы шаңдарды, және қысарды жейді.",әрі беріден соң мұнда көптеген кішкентай мысықтар соның ішінде жоғалған үй мысықтары бар олар құрт құмырсқа кеміргіштер кесіртке сияқты көптеген шағын жыртқыш аңдарды және құстарды жейді,эрі береден сон мүнді ақ өптеген үшкен та үмі қықтар соным үшінде жоғылған үйімі қықтар аы бар ұлар қорд қумырсқа кемір қişтер кесерт ғез қептеген шағым жүртғы шаңдарды және қысарды жейді
1665,Жылыстаған мәліметтерге сәйкес құжат 1967 жылғы Таяу Шығыс соғысына дейінгі шекаралары негізінде Палестина қалайтын шекаралар дауына қатысты болады.,"Жылыстаган мәлеметтерге сәкес, қүжат бірмін тұқ жас алпы жетінші жылқы, таялшылы сөғысына дейінгі, шекаралар негзінде, пәлестіна қалайтын, шекаралар дауна қатсты болады.",жылыстаған мәліметтерге сәйкес құжат 1967 жылғы таяу шығыс соғысына дейінгі шекаралары негізінде палестина қалайтын шекаралар дауына қатысты болады,жылыстаган мәлеметтерге сәкес қүжат бірмін тұқ жас алпы жетінші жылқы таялшылы сөғысына дейінгі шекаралар негзінде пәлестіна қалайтын шекаралар дауна қатсты болады
1832,"Танымал спорт түрлеріне футбол, баскетбол, волейбол, су полосы, семсерлесу, регби, велоспорт, шайбалы хоккей, роликті хоккей және F1 автоспорты кіреді.","Танмал, спорт-терлерне, футбол, маскетбол, валейбол, су полосы, симсерлесу, рекбе, вееласпорт, шайбалықақей, роликтақей, жене, эфбер автоспорта креді.",танымал спорт түрлеріне футбол баскетбол волейбол су полосы семсерлесу регби велоспорт шайбалы хоккей роликті хоккей және f1 автоспорты кіреді,танмал спорт терлерне футбол маскетбол валейбол су полосы симсерлесу рекбе вееласпорт шайбалықақей роликтақей жене эфбер автоспорта креді
1662,Қорытпалар негізінен екі немесе одан да көп металдардың қоспасы болып табылады. Периодты кестеде көптеген элементтер бар екенін ұмытпаңыз.,"Коротпалар негізенен екін емесе, одаңда көп металдардым қоспасы болып табылады. Пириоты кестелі көптегін элементтер бар, екенін ұмытбанысы.",қорытпалар негізінен екі немесе одан да көп металдардың қоспасы болып табылады периодты кестеде көптеген элементтер бар екенін ұмытпаңыз,коротпалар негізенен екін емесе одаңда көп металдардым қоспасы болып табылады пириоты кестелі көптегін элементтер бар екенін ұмытбанысы
1959,"Бәрібір билік органдарынан кеңес алыңыз, барлық белгілерді ескеріңіз және қауіпсіздік туралы ескертулерге ерекше көңіл бөліңіз.",Бәрі бәр бейлиң орғындарнан кинғес алғыңыз. Барлық бейлыңлерді ескерінгіз және хаупсіздіп туралы ескер төлерге ерекшек үміл бөліміз.,бәрібір билік органдарынан кеңес алыңыз барлық белгілерді ескеріңіз және қауіпсіздік туралы ескертулерге ерекше көңіл бөліңіз,бәрі бәр бейлиң орғындарнан кинғес алғыңыз барлық бейлыңлерді ескерінгіз және хаупсіздіп туралы ескер төлерге ерекшек үміл бөліміз
1790,"Оның жұмысы соншалықты танылған сапалы және егжей-тегжейлі болғандықтан, филателистер арасында өте аз «үй иелері атауларының » бірі болып есептеледі. Кейбіреулер өзінің жұмысын жалғыздықта жинауға маманданған.","Оның жымосы, соншалықтатан алған сапалы және екжей тегжейлі болғандықтан, филателистер арасында бөте аз, үй елері атауларның бөры болы бейсептеледі. Кейбіріңілер, өзіның жымосың жағыздықтай жен алға мағандыңған.",оның жұмысы соншалықты танылған сапалы және егжей тегжейлі болғандықтан филателистер арасында өте аз үй иелері атауларының бірі болып есептеледі кейбіреулер өзінің жұмысын жалғыздықта жинауға маманданған,оның жымосы соншалықтатан алған сапалы және екжей тегжейлі болғандықтан филателистер арасында бөте аз үй елері атауларның бөры болы бейсептеледі кейбіріңілер өзіның жымосың жағыздықтай жен алға мағандыңған
1782,Сондай-ақ әр династиялар арасында бөлінген провинциялардың тұрақсыз дәуірі болды. Осы кезеңдердің ең танымалсы — Хань мен Цзинь династияларының арасында 60 жыл бойы болған Үш патшалық дәуірі еді.,"Сондаяқ, Әр династиалар арасында бөлінген провинциалардың тұрақсыз даыры болды. Осы кезен дердің ең танымасы, ханмен, зен династиаларның арасында алпас шыл боя болған үшпатшалық даыры еды.",сондай ақ әр династиялар арасында бөлінген провинциялардың тұрақсыз дәуірі болды осы кезеңдердің ең танымалсы хань мен цзинь династияларының арасында 60 жыл бойы болған үш патшалық дәуірі еді,сондаяқ әр династиалар арасында бөлінген провинциалардың тұрақсыз даыры болды осы кезен дердің ең танымасы ханмен зен династиаларның арасында алпас шыл боя болған үшпатшалық даыры еды
1883,"Көпір астындағы тік аралық 15 метрді құрайды. Құрылыс 2011 жылдың тамыз айында аяқталды, ол 2017 жылдың наурыз айына дейін жол қозғалысына ашылмады.","Көпір асындам қаттық аралық 15 метрыды көрайда. Көрлас, екімің 11-іншілдің тамызайында аяқталды. Ол, екімің 11-іншілдің наурызайына дең жол көзғалысына ашылмады.",көпір астындағы тік аралық 15 метрді құрайды құрылыс 2011 жылдың тамыз айында аяқталды ол 2017 жылдың наурыз айына дейін жол қозғалысына ашылмады,көпір асындам қаттық аралық 15 метрыды көрайда көрлас екімің 11 іншілдің тамызайында аяқталды ол екімің 11 іншілдің наурызайына дең жол көзғалысына ашылмады
1690,"USOC ұйымының атлеттердің және клубтардың әрі олардың спорт түрлерінің мүдделеріне лицензиядан айыру орнына, ұйымымызда мағыналы өзгеріс жасау арқылы жақсырақ қызмет көрсетуге болатынымен келіседі.","Ю-С-О-Си ойымының атлеттердің және клубтардың әрі олардың спортторлерінің мәдделеріне, бейтсензеедің айру орнана, өйміңіңіңіңіңіңіңіңіңіңіңіңіңіңіңіңіңіңіңіңіңіңіңіңіңіңіңіңіңіңіңіңіңіңіңіңіңіңіңіңіңіңіңіңіңіңі�",usoc ұйымының атлеттердің және клубтардың әрі олардың спорт түрлерінің мүдделеріне лицензиядан айыру орнына ұйымымызда мағыналы өзгеріс жасау арқылы жақсырақ қызмет көрсетуге болатынымен келіседі,ю с о си ойымының атлеттердің және клубтардың әрі олардың спортторлерінің мәдделеріне бейтсензеедің айру орнана өйміңіңіңіңіңіңіңіңіңіңіңіңіңіңіңіңіңіңіңіңіңіңіңіңіңіңіңіңіңіңіңіңіңіңіңіңіңіңіңіңіңіңіңіңіңіңі
1747,Жолдас балуандар да Лунаға құрмет көрсетті.,Жұлда сбалуандарда лунаға қрымет көрсетті.,жолдас балуандар да лунаға құрмет көрсетті,жұлда сбалуандарда лунаға қрымет көрсетті
1798,"Алғашқы күндері шоу тек ұзақ уақыттан бері жұмыс істеп келе жатқан TogiNet Radio интернет радиосында, сөйлесу радиосына негізделген сайтта өткен.","Алғашқы күндір шоу тек озақ вақыттам бері жонас үстеп кележатқан Тонгенет Радио, Интернет Радиосында, Суйлесоу Радиосында негізділген сайтті ойыткен.",алғашқы күндері шоу тек ұзақ уақыттан бері жұмыс істеп келе жатқан toginet radio интернет радиосында сөйлесу радиосына негізделген сайтта өткен,алғашқы күндір шоу тек озақ вақыттам бері жонас үстеп кележатқан тонгенет радио интернет радиосында суйлесоу радиосында негізділген сайтті ойыткен
1951,"2002 жылы Гома қаласының көптеген көшелерін, әсіресе қала орталығындағы көшелері Нирагонго жанартауынан аққан лавамен жойылды.","Екімің екінші жылы, үгім ақаласындақ, қоптеген көшелеріні әсіре сек қала ұрталыңдақы көшелері Нира Гонға жанардауынаң аққан лабамен жоелді.",2002 жылы гома қаласының көптеген көшелерін әсіресе қала орталығындағы көшелері нирагонго жанартауынан аққан лавамен жойылды,екімің екінші жылы үгім ақаласындақ қоптеген көшелеріні әсіре сек қала ұрталыңдақы көшелері нира гонға жанардауынаң аққан лабамен жоелді
2003,"Гонконгтың ең жақсы көрінісін тамашалау үшін аралдан шығып, Коулун жағалауына қарай бет бұрыңыз.","Гүн күнктін ең жақсы көрінысын, тама шауаушын аралдан шығып көлің жағалауна қарай бет бұрымыс.",гонконгтың ең жақсы көрінісін тамашалау үшін аралдан шығып коулун жағалауына қарай бет бұрыңыз,гүн күнктін ең жақсы көрінысын тама шауаушын аралдан шығып көлің жағалауна қарай бет бұрымыс
1976,"Орташа деңгейдегі батсмендер - Сачин Тендулкар мен Рахул Дравид жақсы өнер көрсетіп, жүздеген серіктестік қатынас жасады.",Урташа денге идейгі бәтсмендер сачын тендолкармен рахул дравит жақсыы неркурсе тіп жүздеген серектестік қатна жасады.,орташа деңгейдегі батсмендер сачин тендулкар мен рахул дравид жақсы өнер көрсетіп жүздеген серіктестік қатынас жасады,урташа денге идейгі бәтсмендер сачын тендолкармен рахул дравит жақсыы неркурсе тіп жүздеген серектестік қатна жасады
1884,Атап айтқанда адамның бетіндегі микро өзгерістерді түсіндіру арқылы оның өтірік айтуын анықтауға болады.,"Ата байтықанда адамын бетінде үгі микро-ызгерстерді түндірі варқылы, оның өттері кайтуң анықтавыға болады.",атап айтқанда адамның бетіндегі микро өзгерістерді түсіндіру арқылы оның өтірік айтуын анықтауға болады,ата байтықанда адамын бетінде үгі микро ызгерстерді түндірі варқылы оның өттері кайтуң анықтавыға болады
1842,"Динозавр қауырсынында рахис деп аталатын жақсы дамыған білік жоқ, бірақ қауырсынның басқа ерекшеліктері бар — кертіктер мен шоқша сақалдар — зерттеушілер рахис туралы олардың кейінірек эволюциялық болған деген қорытындыға келді.","Диназабыр кауырсындыңда рақисті аталатын чақсы дамыған бәліп жоқ. Бірақ кауырсындың басқа ерекшелптері вар. Кертіктер мен шоқша сақалдар, сиртеушілер рақистуралы ұлардың кейінерек эволют селқ болған дең қорныдыған еледі.",динозавр қауырсынында рахис деп аталатын жақсы дамыған білік жоқ бірақ қауырсынның басқа ерекшеліктері бар кертіктер мен шоқша сақалдар зерттеушілер рахис туралы олардың кейінірек эволюциялық болған деген қорытындыға келді,диназабыр кауырсындыңда рақисті аталатын чақсы дамыған бәліп жоқ бірақ кауырсындың басқа ерекшелптері вар кертіктер мен шоқша сақалдар сиртеушілер рақистуралы ұлардың кейінерек эволют селқ болған дең қорныдыған еледі
1669,"Полиция басшысы Чандра Шехар Соланкидің айтуынша, сотталушылар сотта беттерін жауып қатысқан.",Полиция башсы чандра шықар солан кидін қайтуңша сотта шылар сотта беттерін жауап қатсқан.,полиция басшысы чандра шехар соланкидің айтуынша сотталушылар сотта беттерін жауып қатысқан,полиция башсы чандра шықар солан кидін қайтуңша сотта шылар сотта беттерін жауап қатсқан
1847,Оны Сингапур премьер-министрінің орынбасары Вонг Кан Сенг күтіп алды және ол Сингапурдың премьер-министрі Ли Сьен Лунмен сауда және терроризм мәселелерін талқылады.,Вону Сингапур Пример Министерін үңорғығығығығығығығығығығығығығығығығығығығығығығығығығығығығығығығығығығығығығығығығығығығығығығығығығығығығығығығығығығығығығығығығығығығ,оны сингапур премьер министрінің орынбасары вонг кан сенг күтіп алды және ол сингапурдың премьер министрі ли сьен лунмен сауда және терроризм мәселелерін талқылады,вону сингапур пример министерін үңорғығығығығығығығығығығығығығығығығығығығығығығығығығығығығығығығығығығығығығығығығығығығығығығығығығығығығығығығығығығығығығығығығығығығ
1666,"Сондай-ақ өзіңіздікінен басқа үкіметтерден кеңес алғыңыз келуі мүмкін, бірақ олардың кеңесі өз азаматтарына арналған.","Сондаяқ, өзеніздікінен басқа құкыметтерден кенес алқыныс келіуы мүмкін, бірақ ұлардың кенесі өзізаматтарна барны алфан.",сондай ақ өзіңіздікінен басқа үкіметтерден кеңес алғыңыз келуі мүмкін бірақ олардың кеңесі өз азаматтарына арналған,сондаяқ өзеніздікінен басқа құкыметтерден кенес алқыныс келіуы мүмкін бірақ ұлардың кенесі өзізаматтарна барны алфан
1867,Өсімдіктер адамдар тыныстайтын оттегіні жасайды және адамдар тыныспен шығаратын көміртегі диоксидін сіңіреді.,Вөсімдіктіер адамдар тұныстайтын оттеңі нұжасайды. Және адамдар тұныспен шығаратын көміртеңі деаксидін сыңырейды.,өсімдіктер адамдар тыныстайтын оттегіні жасайды және адамдар тыныспен шығаратын көміртегі диоксидін сіңіреді,вөсімдіктіер адамдар тұныстайтын оттеңі нұжасайды және адамдар тұныспен шығаратын көміртеңі деаксидін сыңырейды
1970,"Нақты білмесек те, оның тілі айыр болған болуы мүмкін. Оның диетасына мыналар кірген: тасбақалар, үлкен балық, басқа мозазаврлар кіреді. Ол тіпті каннибал болған болуы да мүмкін.","Нақты білмесек те оның тілі айыр болғам болуы мүгін. Оның деет әснам налақырген, таспақалар, үлкен болық басқам азызаврылар қередің, олтыпті қаневал болуы мүгін.",нақты білмесек те оның тілі айыр болған болуы мүмкін оның диетасына мыналар кірген тасбақалар үлкен балық басқа мозазаврлар кіреді ол тіпті каннибал болған болуы да мүмкін,нақты білмесек те оның тілі айыр болғам болуы мүгін оның деет әснам налақырген таспақалар үлкен болық басқам азызаврылар қередің олтыпті қаневал болуы мүгін
1784,"Гренландия халқы сирек қоныстанды. Норвегиялық дастандарда олар Қызыл Эрик адам өлтіргені үшін Исландиядан қуылған, одан әрі батысқа қарай сапар шеккенде Гренландияны тауып, оны Гренландия деп атаған дейді.",Гринландия халқы сирық констанда. Нарвия геалық тастандарда олар қызыл әрік адам өлтіргенішін үсландияда көлған. Одаң әрі бацка қарай сапаршеккен де Гринландияның тауап оны Гринландия де батаған деіда.,гренландия халқы сирек қоныстанды норвегиялық дастандарда олар қызыл эрик адам өлтіргені үшін исландиядан қуылған одан әрі батысқа қарай сапар шеккенде гренландияны тауып оны гренландия деп атаған дейді,гринландия халқы сирық констанда нарвия геалық тастандарда олар қызыл әрік адам өлтіргенішін үсландияда көлған одаң әрі бацка қарай сапаршеккен де гринландияның тауап оны гринландия де батаған деіда
1772,Осылайша нотация жай ғана белгі ретінде қосылған болуы мүмкін.,"Усылайша натация жайғана бельгіретінде хосылған, болуымым күн.",осылайша нотация жай ғана белгі ретінде қосылған болуы мүмкін,усылайша натация жайғана бельгіретінде хосылған болуымым күн
1727,Баспанасыз балалар тастап кеткенге немесе қашып кеткенге дейін балаларға қарсы зорлық-зомбылықты көрген немесе жанжарақатын алған болуы мүмкін.,"Басбанасыз балалар тастап кеткенген емесе, қашып кеткен де деен балаларға қарсы, зорлық зомбалықты көрген емесе, жанжарлықты ағам болуымым күн.",баспанасыз балалар тастап кеткенге немесе қашып кеткенге дейін балаларға қарсы зорлық зомбылықты көрген немесе жанжарақатын алған болуы мүмкін,басбанасыз балалар тастап кеткенген емесе қашып кеткен де деен балаларға қарсы зорлық зомбалықты көрген емесе жанжарлықты ағам болуымым күн
1706,"Дәстүрлірек шіркеулер Пасха демалыс күндері сенбі түні пасхалық таңғы ғибадатты өткізеді, жиналыстар жиі түн ортасында Мәсіхтің қайта тірілуін мерекелеуге айналады.",Дәстірілір үрек шіркелілер пасқа демауыз күндері сен бүтіні пасқалық танғығың ивадатты өтгізеді. Чен алстар Чиы түн ортасынды мәсіқтін кайда түрілуын мерекеліуғе ейналады.,дәстүрлірек шіркеулер пасха демалыс күндері сенбі түні пасхалық таңғы ғибадатты өткізеді жиналыстар жиі түн ортасында мәсіхтің қайта тірілуін мерекелеуге айналады,дәстірілір үрек шіркелілер пасқа демауыз күндері сен бүтіні пасқалық танғығың ивадатты өтгізеді чен алстар чиы түн ортасынды мәсіқтін кайда түрілуын мерекеліуғе ейналады
1930,"Алты тұтқын, соның ішінде балалар және қариялар, сонымен бірге филиппиндік фотографтар ерте жіберілді.","6 түтқін, соным үшінде баллар, және қарьялар, соныменбірге пилипіндік, фатуңрафтар, ерде, жүберілі.",алты тұтқын соның ішінде балалар және қариялар сонымен бірге филиппиндік фотографтар ерте жіберілді,6 түтқін соным үшінде баллар және қарьялар соныменбірге пилипіндік фатуңрафтар ерде жүберілі
1882,"Ғалымдар ғаламшарлар, әсіресе, жер қалай құралғанын түсінеміз деп үміттенеді, өйткені кометалар жермен ұзақ уақыт бұрын соқтығысқан.",Галымдар ғаламшарлар әсресе жер қалай қоралған үнтүніңіздеп үміптенеді. Бүкгені қаметалар жерменіңіңіңіңіңіңіңіңіңіңіңіңіңіңіңіңіңіңіңіңіңіңіңіңіңіңіңіңіңіңіңіңіңіңіңіңіңіңіңіңіңіңіңіңіңіңіңіңіңің,ғалымдар ғаламшарлар әсіресе жер қалай құралғанын түсінеміз деп үміттенеді өйткені кометалар жермен ұзақ уақыт бұрын соқтығысқан,галымдар ғаламшарлар әсресе жер қалай қоралған үнтүніңіздеп үміптенеді бүкгені қаметалар жерменіңіңіңіңіңіңіңіңіңіңіңіңіңіңіңіңіңіңіңіңіңіңіңіңіңіңіңіңіңіңіңіңіңіңіңіңіңіңіңіңіңіңіңіңіңіңіңіңіңің
1936,"Пэрри түнгі сайлау алды жиналысының нәтижелерін бағалау үшін Техасқа оралатынын, өзі үшін осы жарыста алға жүретін жол бар-жоғын анықтайтынын мәлімдеді, бірақ кейінірек жарыста қалатынын және 21 қаңтардағы Оңтүстік Каролинадағы бастапқы сайлауға қатысатынын айтты.","Перрі дүнгіз сайлау алды жиналызының нәтегелеріні бағалы ошын текасқа оралатының, өзі ошы жарста алға жүрідің жол бар жоғын анықтайтының мәлемдеді. Бірақ кейінерек жарста қалатның және жірмабрынышық қанктердіғі оңсты қаралііінадағы бастапқы сайлауға қатсатының айты.",пэрри түнгі сайлау алды жиналысының нәтижелерін бағалау үшін техасқа оралатынын өзі үшін осы жарыста алға жүретін жол бар жоғын анықтайтынын мәлімдеді бірақ кейінірек жарыста қалатынын және 21 қаңтардағы оңтүстік каролинадағы бастапқы сайлауға қатысатынын айтты,перрі дүнгіз сайлау алды жиналызының нәтегелеріні бағалы ошын текасқа оралатының өзі ошы жарста алға жүрідің жол бар жоғын анықтайтының мәлемдеді бірақ кейінерек жарста қалатның және жірмабрынышық қанктердіғі оңсты қаралііінадағы бастапқы сайлауға қатсатының айты
1903,"Барлық қолжетімді ресурстар ұйымның функционалдық бөлімдерінде тиімді пайдаланылғанда, жасампаздық пен өнертапқыштық бола алады.","Барлық қол жетімді ресурстар өймінің функциалдық бөлімдеріне тимді, пайдаланғанда жаспамаздық бен вүнертапқышдық бола алады.",барлық қолжетімді ресурстар ұйымның функционалдық бөлімдерінде тиімді пайдаланылғанда жасампаздық пен өнертапқыштық бола алады,барлық қол жетімді ресурстар өймінің функциалдық бөлімдеріне тимді пайдаланғанда жаспамаздық бен вүнертапқышдық бола алады
1906,«Бұл қоштасу болайын деп тұрған жоқ. Бұл — бір тараудың жабылуы және жаңасының ашылуы».,"Бұл қоштасы болайындып түрған жоқ. Бұл бір тарылдың жабулуы, және жәңасының ашылуы.",бұл қоштасу болайын деп тұрған жоқ бұл бір тараудың жабылуы және жаңасының ашылуы,бұл қоштасы болайындып түрған жоқ бұл бір тарылдың жабулуы және жәңасының ашылуы
1773,Ұйқының үзілуі — қалыпты ұйқы кезеңінде мақсатпен оянудың және кейінірек қысқа уақытқа (10-60 минут) ұйықтау процесі.,Оықындың үзіліві қалыпты оықы кейзінге мақсатпен оеңдудың және кейінерек қысқа вақтыға 16 минут оықтав процессі.,ұйқының үзілуі қалыпты ұйқы кезеңінде мақсатпен оянудың және кейінірек қысқа уақытқа 10 60 минут ұйықтау процесі,оықындың үзіліві қалыпты оықы кейзінге мақсатпен оеңдудың және кейінерек қысқа вақтыға 16 минут оықтав процессі
1878,Шіркеудің орталық билігі мың жылдар бойы Римде болған және бұл қуат пен ақшаның шоғырлануы көп адамдарда бұл принциптің ұсталынып жатқаны туралы сұрақтың туындауына әкелді.,"Шіркеудым орталық бейліғы манғжылдарбайы реймде болған, және бұл қуа бен ақшаным шағырланы оқып адамдарды, бұл принципдіңсті алнып жатқан туралы сұрақтың туңдауна әкелді.",шіркеудің орталық билігі мың жылдар бойы римде болған және бұл қуат пен ақшаның шоғырлануы көп адамдарда бұл принциптің ұсталынып жатқаны туралы сұрақтың туындауына әкелді,шіркеудым орталық бейліғы манғжылдарбайы реймде болған және бұл қуа бен ақшаным шағырланы оқып адамдарды бұл принципдіңсті алнып жатқан туралы сұрақтың туңдауна әкелді
1835,"Цунами туралы ескерту берілмеді және Джакартаның геофизика агенттігінің деректеріне сай, цунами туралы ескерту берілмейді, өйткені жер сілкінісі 6,5 магнитудасы талабына сай болмады.","Суна митуралы ескерту берелмеді. Женен джакартаңың ге физика, аген түңың деректерін есай, Суна митуралы ескерту берелмеді. 3 көне джерсілкіні са 6 дайыз магнитудасы талална сай болмада.",цунами туралы ескерту берілмеді және джакартаның геофизика агенттігінің деректеріне сай цунами туралы ескерту берілмейді өйткені жер сілкінісі 6 5 магнитудасы талабына сай болмады,суна митуралы ескерту берелмеді женен джакартаңың ге физика аген түңың деректерін есай суна митуралы ескерту берелмеді 3 көне джерсілкіні са 6 дайыз магнитудасы талална сай болмада
1687,Сегрегация және рекомбинация әр буында екі пул арасында вариацияларды араластырып отырады.,"Сегрегация жәнері камбинация, әрбуңда, екпұл араснда, варияцияларда араырластырап отрада.",сегрегация және рекомбинация әр буында екі пул арасында вариацияларды араластырып отырады,сегрегация жәнері камбинация әрбуңда екпұл араснда варияцияларда араырластырап отрада
1695,"Қарапайым танымал түскі ас, әсіресе жазда – Па амб Оли: зәйтүн майы, қызанақ және ірімшік, тунец, т.б. сияқты кез келген қолжетімді дәмдеуіштер қосылған нан.","Карапайым танымал түскі аз әсір есер жазда па айамбы оли, зеетінін, зеетін мая, қызанак және ырмшык, тунец тағыбас халара, сияқта кескелен құл жетімді демдеуштер қосылығанінан.",қарапайым танымал түскі ас әсіресе жазда па амб оли зәйтүн майы қызанақ және ірімшік тунец т б сияқты кез келген қолжетімді дәмдеуіштер қосылған нан,карапайым танымал түскі аз әсір есер жазда па айамбы оли зеетінін зеетін мая қызанак және ырмшык тунец тағыбас халара сияқта кескелен құл жетімді демдеуштер қосылығанінан
1765,"1537 жылы Асунсьон қаласының негізі салынғаннан бастап, Парагвай өзінің көптеген түпкілікті сипаты мен өзіндік ерекшелігін сақтай білді.","Мүн 500 жетпісішін чыры, асуан сен халасының неңізгі салуңан бастап, пара үңің үзінін көптеген түпкілікті сипатты, мен үзінді кейрекшелегін сақтай білді.",1537 жылы асунсьон қаласының негізі салынғаннан бастап парагвай өзінің көптеген түпкілікті сипаты мен өзіндік ерекшелігін сақтай білді,мүн 500 жетпісішін чыры асуан сен халасының неңізгі салуңан бастап пара үңің үзінін көптеген түпкілікті сипатты мен үзінді кейрекшелегін сақтай білді
1816,"Үйленген, екі ересек баласы бар Дюваль хикаяны тыңдаған Миллерге үлкен әсер қалдырмады.",Юлінген екайересек баласы бар дьюваль хикаи яны тұндаған миллирге өлкені әсер қалдырымады.,үйленген екі ересек баласы бар дюваль хикаяны тыңдаған миллерге үлкен әсер қалдырмады,юлінген екайересек баласы бар дьюваль хикаи яны тұндаған миллирге өлкені әсер қалдырымады
1711,Бұл теориялар белгілі бір адамдарды қалайтын нәрселерін не қалаттыратынын және қоршаған ортасындағы қандай нәрселер белгілі бір әрекеттерді істеткізетінін немесе істеткізбейтінін қарастырады.,Бол теориалы бельгілі бір адамдарды қалайтын нерселерін не қалаттратынын және қоршыған ортасындакы қандай нерселер бельгілі бір әрекеттерді үстеткізетінін немесеі үстеткізбейтінін қарастырады.,бұл теориялар белгілі бір адамдарды қалайтын нәрселерін не қалаттыратынын және қоршаған ортасындағы қандай нәрселер белгілі бір әрекеттерді істеткізетінін немесе істеткізбейтінін қарастырады,бол теориалы бельгілі бір адамдарды қалайтын нерселерін не қалаттратынын және қоршыған ортасындакы қандай нерселер бельгілі бір әрекеттерді үстеткізетінін немесеі үстеткізбейтінін қарастырады
1866,"Біріншіден, шабандоздардың көпшілігі өкшесі және тегіс, айтарлықтай енсіз табаны бар салт жүріске арналған етікті киеді.","Біріншыден шабандоздарның көпшіліғі, өкшесі және тегіз, айтарлықтай еңсес табаны бар, сал жүріскерналған етықті киеді.",біріншіден шабандоздардың көпшілігі өкшесі және тегіс айтарлықтай енсіз табаны бар салт жүріске арналған етікті киеді,біріншыден шабандоздарның көпшіліғі өкшесі және тегіз айтарлықтай еңсес табаны бар сал жүріскерналған етықті киеді
1969,Ол негізгі тақырыптың ең тиімді орны сызықтардың қиылысуында деп айтады. Бұл кескінді тігінен және көлденеңінен үштіктерге бөледі (мысалды қараңыз).,"Бұл негізгі тахараптың ең теймді ворна, сіздықтардың кеңылы суында дебайта да. Бұл кескінді тегінен және, көлдененен еңін, үштүкдірге бөледі. Мүсалды қаранғыз.",ол негізгі тақырыптың ең тиімді орны сызықтардың қиылысуында деп айтады бұл кескінді тігінен және көлденеңінен үштіктерге бөледі мысалды қараңыз,бұл негізгі тахараптың ең теймді ворна сіздықтардың кеңылы суында дебайта да бұл кескінді тегінен және көлдененен еңін үштүкдірге бөледі мүсалды қаранғыз
1899,Мұхаммед өзінің күнделікті өмірінен тыс мәселелерге қатты қызығатын. Ол ойлану үшін «Нұр» (жарық) тауындағы «Хира» ретінде белгілі болған үңгірге жиі баратын.,"Мүхаммет дәзінін күнділікті өмірінен түс мәсіллеріге қатты қызығатн, ол ойланы үшін нор, чарық, таундағы қейра ретінде беліңлі болған өнгірге үбаратн.",мұхаммед өзінің күнделікті өмірінен тыс мәселелерге қатты қызығатын ол ойлану үшін нұр жарық тауындағы хира ретінде белгілі болған үңгірге жиі баратын,мүхаммет дәзінін күнділікті өмірінен түс мәсіллеріге қатты қызығатн ол ойланы үшін нор чарық таундағы қейра ретінде беліңлі болған өнгірге үбаратн
1985,"Бұл альптық стильдегі шаңғы туризмімен немесе альпинизммен байланысты (бірақ әдетте байланысты болмайды), соңғысы тік еңістіктерде өткізіледі және қатты шаңғы мен аяқ киімді қажет етеді.","Бұл альптақ стильдегі шанғы туризмімен немесе альпенизммен байланысты брақ адетте байланысты бөмайды, сонғысы түк еңісті ктердеңіт кізеледі және катты шанғымен аяк кеймді кайжететеді.",бұл альптық стильдегі шаңғы туризмімен немесе альпинизммен байланысты бірақ әдетте байланысты болмайды соңғысы тік еңістіктерде өткізіледі және қатты шаңғы мен аяқ киімді қажет етеді,бұл альптақ стильдегі шанғы туризмімен немесе альпенизммен байланысты брақ адетте байланысты бөмайды сонғысы түк еңісті ктердеңіт кізеледі және катты шанғымен аяк кеймді кайжететеді
1963,"Дымқыл киімді үтіктеу киімнің кебуіне көмектеседі. Көп қонақ үйлерде, тіпті бөлмеде болмаса да, ала тұруға болатын үтік және үтіктеу тақтасы болады.","Дымықал кеімді өтіктел кеімдің кейбуіне көмектеседі. Көқ қоналыйлірді, төпті бөлмедей болмаса да, ала тұруға болатын өтік, және өтіктел тақтасы болады.",дымқыл киімді үтіктеу киімнің кебуіне көмектеседі көп қонақ үйлерде тіпті бөлмеде болмаса да ала тұруға болатын үтік және үтіктеу тақтасы болады,дымықал кеімді өтіктел кеімдің кейбуіне көмектеседі көқ қоналыйлірді төпті бөлмедей болмаса да ала тұруға болатын өтік және өтіктел тақтасы болады
1961,"Қатысым жасаудың маңыздылығын иллюстрациялау үшін пайдаланылатын ең жиі кездесетін әдістердің бірі – өсіп жатқанында елемеу, бәле немесе әдейі қиянат жасау себепті ересектер қатысым жасауға үйретпеген балалардың бірнеше бақытсыз жағдайын салу.","Катысым жасаудың маңыздолықын, иллюстрацией алауышын, пайдаланылатың еңжейі кезде сетін әдістердің бәрі, уәсіп жатқанында елемің, бәле, немесе әдеі қияна жасау, сибепті, ересектір катысым жасауқа, еретпеген балалардың бүрнеше бақытсы жығдайын сау.",қатысым жасаудың маңыздылығын иллюстрациялау үшін пайдаланылатын ең жиі кездесетін әдістердің бірі өсіп жатқанында елемеу бәле немесе әдейі қиянат жасау себепті ересектер қатысым жасауға үйретпеген балалардың бірнеше бақытсыз жағдайын салу,катысым жасаудың маңыздолықын иллюстрацией алауышын пайдаланылатың еңжейі кезде сетін әдістердің бәрі уәсіп жатқанында елемің бәле немесе әдеі қияна жасау сибепті ересектір катысым жасауқа еретпеген балалардың бүрнеше бақытсы жығдайын сау
1974,Сол принцип бойынша ер адамдар тізелерін жауып тұратын шалбар кию керек.,Сол-принсы бойныша ер адамдар дзелерін кауаптуратын шалварк еюкерек.,сол принцип бойынша ер адамдар тізелерін жауып тұратын шалбар кию керек,сол принсы бойныша ер адамдар дзелерін кауаптуратын шалварк еюкерек
1978,«Спрингбокс» үшін бұл қатара бес ойындық жеңіліспен аяқталды.,Spring Box үшінп болкатара бесуындық женгілі спен аяқталды.,спрингбокс үшін бұл қатара бес ойындық жеңіліспен аяқталды,spring box үшінп болкатара бесуындық женгілі спен аяқталды
1722,53 жастағы Куомо өзінің губернатор лауазымына осы жылдың басында келді және өткен айда бір жынысты некені заңдастырушы заң жобасына қол қойды.,"Елюы шастақы көмі, өзін үң гөбернатор лауазымына осы жылдың басында келді. Жәні өткен айда бір жүныстын екені, зұңдастүрі шы, зұң жо басына құлгойды.",53 жастағы куомо өзінің губернатор лауазымына осы жылдың басында келді және өткен айда бір жынысты некені заңдастырушы заң жобасына қол қойды,елюы шастақы көмі өзін үң гөбернатор лауазымына осы жылдың басында келді жәні өткен айда бір жүныстын екені зұңдастүрі шы зұң жо басына құлгойды
1775,"Бейне жазып алуды пайдалану бірнеше миллисекунд жалғасатын микро қимылдарды, бет бұлшық еттерінің қимылдарын түсіндіруде маңызды жаңалықтардың ашылуына себеп болды.",Бені екізі балуда пайдаланы бірнеште мелисекун чалғасатым микрокеймулдарда бетбылчуғеттерін кеймулдарым түсіндіріде маңызды жаналқтардың ашылуауна себеп болда.,бейне жазып алуды пайдалану бірнеше миллисекунд жалғасатын микро қимылдарды бет бұлшық еттерінің қимылдарын түсіндіруде маңызды жаңалықтардың ашылуына себеп болды,бені екізі балуда пайдаланы бірнеште мелисекун чалғасатым микрокеймулдарда бетбылчуғеттерін кеймулдарым түсіндіріде маңызды жаналқтардың ашылуауна себеп болда
1661,"Ол қысқартулар үшін санды белгілемеді, олар Қытайдың экономикалық нәтижесі негізінде жасалатынын айтты.",Ол қысқартуларышын санды бельгілемеді. Оларық тайдың економикалық наетіге са негізінде жасалатнан айтты.,ол қысқартулар үшін санды белгілемеді олар қытайдың экономикалық нәтижесі негізінде жасалатынын айтты,ол қысқартуларышын санды бельгілемеді оларық тайдың економикалық наетіге са негізінде жасалатнан айтты
1769,Мысырлықтар б.д.д. үшінші ғасырда соққан Ұлы Пирамида қайтыс болған перғауынның құрметіне соғылған көп үлкен пирамида құрылымдарының біреуі еді.,Масырлықтар міздің деоріңізге деңі үшінші қасырда соқыған олы пирамиді қайцполван фырғауаным күрметінде соғылған көпілкен пирамидо құрылымдарының біре вияді.,мысырлықтар б д д үшінші ғасырда соққан ұлы пирамида қайтыс болған перғауынның құрметіне соғылған көп үлкен пирамида құрылымдарының біреуі еді,масырлықтар міздің деоріңізге деңі үшінші қасырда соқыған олы пирамиді қайцполван фырғауаным күрметінде соғылған көпілкен пирамидо құрылымдарының біре вияді
1988,1920 жылары азаматтардың және елдердің көпшілігі пацифисті және изоляционистік көзқарастарды ұстанатын.,"Бірмін көзі жермасынша жылары азаматтардың, және елдердің көпшілігі пацифисті және изеляцией амнистық көз қарастарды устанатым.",1920 жылары азаматтардың және елдердің көпшілігі пацифисті және изоляционистік көзқарастарды ұстанатын,бірмін көзі жермасынша жылары азаматтардың және елдердің көпшілігі пацифисті және изеляцией амнистық көз қарастарды устанатым
1993,Атлант мұхитының оныншы атау берілген дауыл маусымы «Субтропиктік дауыл Джерри» бүгін Атлант мұхитында пайда болды.,"Атлант мұқытін ұнға атау береген дауыл маусыма, суптропиктың дауыл джерри, бүгін атлант мұқытін да байда болда.",атлант мұхитының оныншы атау берілген дауыл маусымы субтропиктік дауыл джерри бүгін атлант мұхитында пайда болды,атлант мұқытін ұнға атау береген дауыл маусыма суптропиктың дауыл джерри бүгін атлант мұқытін да байда болда
1939,"Революциядан кейін жұмыс орындары барлық ерлер үшін ашық болып, олардың табысқа жетуіне мүмкін берді.","Революция ден кейін жымы сұрындары барлығы ерлерышін ашық болып, олардың табыскажетууне мымкым берді.",революциядан кейін жұмыс орындары барлық ерлер үшін ашық болып олардың табысқа жетуіне мүмкін берді,революция ден кейін жымы сұрындары барлығы ерлерышін ашық болып олардың табыскажетууне мымкым берді
1726,Далаға сапарлар кез келген сынып бөлмесінің үлкен бөлігі болып табылады. Мұғалім оқушыларды автобуспен бару мүмкін емес жерлерге апарғысы келетіні айтарлықтай жиі боалды.,Далаға сапарлар кескеліген сынып бөлмесінін үркен бөлігі болыпта болады. Мүғалым окушыларды автобуспен барыу мүмкін емесеті жерлереге апарғысы келетін айтардықтай жүгі болады.,далаға сапарлар кез келген сынып бөлмесінің үлкен бөлігі болып табылады мұғалім оқушыларды автобуспен бару мүмкін емес жерлерге апарғысы келетіні айтарлықтай жиі боалды,далаға сапарлар кескеліген сынып бөлмесінін үркен бөлігі болыпта болады мүғалым окушыларды автобуспен барыу мүмкін емесеті жерлереге апарғысы келетін айтардықтай жүгі болады
1709,Бұл есеп жетекшінің Иракқа қатысты ағымдағы саясатының әрбір аспектісін қатты сынайды және бағытты дереу өзгертуге шақырады.,Бұл есіп жетекшінін үракқа катысты ағымдағы саясаттыңы әрбір әспектесін қаттысында еженеі бағытты дірі үзгір түге шығарады.,бұл есеп жетекшінің иракқа қатысты ағымдағы саясатының әрбір аспектісін қатты сынайды және бағытты дереу өзгертуге шақырады,бұл есіп жетекшінін үракқа катысты ағымдағы саясаттыңы әрбір әспектесін қаттысында еженеі бағытты дірі үзгір түге шығарады
1853,"Джанкарло Фисичелла көлігін басқаруды жоғалтып, жарысты старттан кейін көп ұзамай аяқтады.",Джанкарлы фититші алла көлігін басқаруты жуғалды жарсты ас сәрттен кейін көтземі әйіқтады.,джанкарло фисичелла көлігін басқаруды жоғалтып жарысты старттан кейін көп ұзамай аяқтады,джанкарлы фититші алла көлігін басқаруты жуғалды жарсты ас сәрттен кейін көтземі әйіқтады
1864,Кирчнер ханым Аргентина театрында өзінің президенттік сайлауға қатысу ниеті туралы жариялады. Ол 2005 жылғы Буэнос-Айрес провинциясының делегациясының мүшесі ретінде Сенат үшін науқанын бастау үшін дәл осы жерді пайдаланған.,"Киршнерханым Аргентина театронда уөзінің президентік сайлауа қатсуң еті турауы қарялада. Олығығым бейсінші шылғы, Буенесайрыс-Прауен сәсінің делегақ сеясінымым үшесеретінде Сенатшын, Нолхан, Бастаушын дәлі үсі жерде пайда ландан.",кирчнер ханым аргентина театрында өзінің президенттік сайлауға қатысу ниеті туралы жариялады ол 2005 жылғы буэнос айрес провинциясының делегациясының мүшесі ретінде сенат үшін науқанын бастау үшін дәл осы жерді пайдаланған,киршнерханым аргентина театронда уөзінің президентік сайлауа қатсуң еті турауы қарялада олығығым бейсінші шылғы буенесайрыс прауен сәсінің делегақ сеясінымым үшесеретінде сенатшын нолхан бастаушын дәлі үсі жерде пайда ландан
1923,Әскерилерге және азаматтарға қажет заттардың қамтамасыз етілуін тоқтатқан бұл стратегия тиімді болып шықты. Дегенмен бұл блокада өткен екі ғасырдағы бірнеше халықаралық келісімде жазылған жалпы қабылданған халықаралық заңды бұзды.,"Азкерейлерге және азаматтарға қажет саттардың қамтамасыз етілің туқтатқан бұл стратегия теймді болып шықты. Деген мен бұл бұл бұл ака да, өткен гейкі қасырдағы бірнеші қалхаралқ келсімді чазылған жалпық хаулыңыңың қалхаралқ занды бұзды.",әскерилерге және азаматтарға қажет заттардың қамтамасыз етілуін тоқтатқан бұл стратегия тиімді болып шықты дегенмен бұл блокада өткен екі ғасырдағы бірнеше халықаралық келісімде жазылған жалпы қабылданған халықаралық заңды бұзды,азкерейлерге және азаматтарға қажет саттардың қамтамасыз етілің туқтатқан бұл стратегия теймді болып шықты деген мен бұл бұл бұл ака да өткен гейкі қасырдағы бірнеші қалхаралқ келсімді чазылған жалпық хаулыңыңың қалхаралқ занды бұзды
1938,"Аурухана инфекцияны бақылау хаттамасын орындады, соның ішінде басқаларды жұқтырудың алдын алу үшін науқасты басқалардан бөлді.","Хаурухана инфекцианы бақылау хаттамасын орандады. Соныңы шынде баскаларды жықтурудың алдың алу, үшіні науқасты баскалардың бөлді.",аурухана инфекцияны бақылау хаттамасын орындады соның ішінде басқаларды жұқтырудың алдын алу үшін науқасты басқалардан бөлді,хаурухана инфекцианы бақылау хаттамасын орандады соныңы шынде баскаларды жықтурудың алдың алу үшіні науқасты баскалардың бөлді
1953,Кейіннен ол жатқан ауруханадан Кэмбридждегі Адденбрук ауруханасына жатқызылды.,"Кейнен ол жаткан ауруханыадын, кеймбрыдж дегі аден бұрғ ауруханыасын ажат кұзолды.",кейіннен ол жатқан ауруханадан кэмбридждегі адденбрук ауруханасына жатқызылды,кейнен ол жаткан ауруханыадын кеймбрыдж дегі аден бұрғ ауруханыасын ажат кұзолды
1696,"Университеттегі зерттеушілердің айтуынша, екі қосылыс бір-бірімен реакцияға түсіп, бүйрек қызметін тоқтата алатын кристалдар құрады.",Университеттегі зертеушілердің айтууныша екокослыс барыбарымы нерексі ағатшы бүрің қызыметін тохтаты ағатын Кристалдар Курада.,университеттегі зерттеушілердің айтуынша екі қосылыс бір бірімен реакцияға түсіп бүйрек қызметін тоқтата алатын кристалдар құрады,университеттегі зертеушілердің айтууныша екокослыс барыбарымы нерексі ағатшы бүрің қызыметін тохтаты ағатын кристалдар курада
1762,"Бұл ауру шошқаларда болады, содан кейін ол масалар арқылы адамдарға өтеді.","Был ауру шошқаларда болады, содан кейін ол масталар арқылы адамдар қауетеді.",бұл ауру шошқаларда болады содан кейін ол масалар арқылы адамдарға өтеді,был ауру шошқаларда болады содан кейін ол масталар арқылы адамдар қауетеді
1819,Ежелгі Қытайда әртүрлі уақыт мерзімдерін көрсетудің ерекше әдісі болды; Қытай тарихының әрбір кезеңі немесе билік басына келген әрбір отбасы ерекше династия болды.,"Ежелің қытайда әртілі вақт мерзіндеріні көрсе төйдің ерекше әдесі болда. қытай таряқының әрбір кезеніңі ә немесе бейлік басына келікін әрбүрот басы, Қерекше династия болда.",ежелгі қытайда әртүрлі уақыт мерзімдерін көрсетудің ерекше әдісі болды қытай тарихының әрбір кезеңі немесе билік басына келген әрбір отбасы ерекше династия болды,ежелің қытайда әртілі вақт мерзіндеріні көрсе төйдің ерекше әдесі болда қытай таряқының әрбір кезеніңі ә немесе бейлік басына келікін әрбүрот басы қерекше династия болда
1766,"Кейбір атомдардың ядролары тұрақсыз, яғни, олар аз ғана түрткенде немесе мүлде түртпегенде бөлінуге бейім.","Ки бүр атымдардың ядіролары тұрақсыз, яң не олар азганы тұркінде немес емілде тұркпеген де бөлініңе бейім.",кейбір атомдардың ядролары тұрақсыз яғни олар аз ғана түрткенде немесе мүлде түртпегенде бөлінуге бейім,ки бүр атымдардың ядіролары тұрақсыз яң не олар азганы тұркінде немес емілде тұркпеген де бөлініңе бейім
1986,"Нағыз «көзге көрінбейтін топтың» (Ларсон мен Лафасто, 1989, 109 бет) болуы да виртууалды топтың бірегей компоненті болып табылады.","Нәғыз көйізге көрін бейтін топтан, Ларсан мен лафасты бірмін тұғы жыз сик сентіғыз шыстығызін шыбет, Бұл ұда, Вірту ұлды топтан брыгей компоненті бұлып табылады.",нағыз көзге көрінбейтін топтың ларсон мен лафасто 1989 109 бет болуы да виртууалды топтың бірегей компоненті болып табылады,нәғыз көйізге көрін бейтін топтан ларсан мен лафасты бірмін тұғы жыз сик сентіғыз шыстығызін шыбет бұл ұда вірту ұлды топтан брыгей компоненті бұлып табылады
1931,"Бұл қызмет көбінесе кеме қатынасы, соның ішінде серуендеу кемелері, сондай-ақ қашықтағы мәліметтер мен дауыстық қажеттіліктері бар экспедициялар арқылы пайдаланылады.","Бұл қызымед көбенесе кемей қаднасы, соныңышынде сируен деу кемелері, сонда ең қашқтығым әлметтермен да ұсты қажетті лектері бар експедициялар арқалы пайдаланы лады.",бұл қызмет көбінесе кеме қатынасы соның ішінде серуендеу кемелері сондай ақ қашықтағы мәліметтер мен дауыстық қажеттіліктері бар экспедициялар арқылы пайдаланылады,бұл қызымед көбенесе кемей қаднасы соныңышынде сируен деу кемелері сонда ең қашқтығым әлметтермен да ұсты қажетті лектері бар експедициялар арқалы пайдаланы лады
1707,Ол Оңтүстік Африканың негізгі көрнекі жерлерінің бірі болып табылады және Оңтүстік Африка ұлттық парктерінің (SANParks) жетекшісі болып есептеледі.,Ол ұнтстық африканым негізгі күрне көжерлерінін бәрі болып таблады Және ұнтстық африко ұл тұқ парктернін сан паркс жетек жүсі болып есептеледі.,ол оңтүстік африканың негізгі көрнекі жерлерінің бірі болып табылады және оңтүстік африка ұлттық парктерінің sanparks жетекшісі болып есептеледі,ол ұнтстық африканым негізгі күрне көжерлерінін бәрі болып таблады және ұнтстық африко ұл тұқ парктернін сан паркс жетек жүсі болып есептеледі
2000,"Солтүстік Балтық теңізінен қыста өтсеңіз, кабинадағы орынды қарастырыңыз, өйткені мұз арқылы өту ең көп әсер етілетін адамдар үшін айтарлықтай жаман шуды тудырады.","Солтыстык болтық тенезінен қыста өтсенес, кабинадағы оранды қарастрынас, өткені әмонзар қалы өттің еін көві сәр үтлетің адамдарышын айтарлықтай жаман шуды тудрады.",солтүстік балтық теңізінен қыста өтсеңіз кабинадағы орынды қарастырыңыз өйткені мұз арқылы өту ең көп әсер етілетін адамдар үшін айтарлықтай жаман шуды тудырады,солтыстык болтық тенезінен қыста өтсенес кабинадағы оранды қарастрынас өткені әмонзар қалы өттің еін көві сәр үтлетің адамдарышын айтарлықтай жаман шуды тудрады
1858,БҰҰ аурулар бойынша сарапшысы Даниель Лантанның айтуы бойынша аурудың өршуіне бейбітшілдер себеп болған болуы мүмкін.,"Прыкен алтарыма аурулар бонша сарапшы сәдене ал ландан айтуу бонша, аурудың үршу не бей вичілдер сегі полғам болуымым көне.",бұұ аурулар бойынша сарапшысы даниель лантанның айтуы бойынша аурудың өршуіне бейбітшілдер себеп болған болуы мүмкін,прыкен алтарыма аурулар бонша сарапшы сәдене ал ландан айтуу бонша аурудың үршу не бей вичілдер сегі полғам болуымым көне
1822,Марокко сұлтаны қаланы Дару Аль-Бадиа деп қайта салды және оған Касабланка деген атауды осында сауда базаларын жасаған испандық саудагерлер берді.,"Марокка султаны, қаланы, дару, альбадиядеп қайта солды. Жене оқан, касаблан көдегені тауды, осындай солда базаларын жасыған испандық солды гірлерперді.",марокко сұлтаны қаланы дару аль бадиа деп қайта салды және оған касабланка деген атауды осында сауда базаларын жасаған испандық саудагерлер берді,марокка султаны қаланы дару альбадиядеп қайта солды жене оқан касаблан көдегені тауды осындай солда базаларын жасыған испандық солды гірлерперді
1996,Австралиялық Митчелл Горли ерлердің тұрып тұратын Super-G жарысында он бірінші болып мәреге жетті. Чех бәсекелес Олдрич Джелинек ерлердің отыратын Super-G жарысында он алтыншы болып мәреге жетті.,"Австралиалық Мичел Горли, ерлердін түріп түратін суперджеж арысында 11-йы болып мәрегей жетті. Чех бәсекердес Олдридж Джелінік, ерлердін отыратін суперджеж арысында 16-йы болып мәрегей жетті.",австралиялық митчелл горли ерлердің тұрып тұратын super g жарысында он бірінші болып мәреге жетті чех бәсекелес олдрич джелинек ерлердің отыратын super g жарысында он алтыншы болып мәреге жетті,австралиалық мичел горли ерлердін түріп түратін суперджеж арысында 11 йы болып мәрегей жетті чех бәсекердес олдридж джелінік ерлердін отыратін суперджеж арысында 16 йы болып мәрегей жетті
1699,"Бақылаушылардың бірі Бішкекті ""анархия күйіне батуда"" деп бейнелеген, өйткені қылмыскерлер тобы көшені аралап, дүкендердегі халықтық тұтыну тауарларын тонауды бастаған.","Бақлаушлардың бірі бүшкетті анархия көйіні батуда деп бенілеген, бүшкетті қылмыскерлер табы көшені аралап түкіндердегі халқтық түтнуы таварларын тауарларын тонавды бастаған.",бақылаушылардың бірі бішкекті анархия күйіне батуда деп бейнелеген өйткені қылмыскерлер тобы көшені аралап дүкендердегі халықтық тұтыну тауарларын тонауды бастаған,бақлаушлардың бірі бүшкетті анархия көйіні батуда деп бенілеген бүшкетті қылмыскерлер табы көшені аралап түкіндердегі халқтық түтнуы таварларын тауарларын тонавды бастаған
1967,"Лейтон премьер-министрмен кездесу кезінде консерваторлардың экологиялық заңына өзгерістер енгізуді сұрады, сондай-ақ консервативті партияның экологиялық заңын ""мұқият және толығымен қайта жазуды"" сұрады.","Лейтан премер министермен үзде су үгезінде, консерватерлардың екологиялақызанана өзгерстер еңізіуді сұрада. Сондая қансервативты партияның екологиялақызаным муқвайат женет олгумың қайта жазыуды сұрада.",лейтон премьер министрмен кездесу кезінде консерваторлардың экологиялық заңына өзгерістер енгізуді сұрады сондай ақ консервативті партияның экологиялық заңын мұқият және толығымен қайта жазуды сұрады,лейтан премер министермен үзде су үгезінде консерватерлардың екологиялақызанана өзгерстер еңізіуді сұрада сондая қансервативты партияның екологиялақызаным муқвайат женет олгумың қайта жазыуды сұрада
1825,"Әрекетке жақын болғыңыз келсе, музыкаға жақын кемпинг учаскесін алу үшін ерте тұруыңыз керек.","Арекетке, жақым болдыңыз келсе, музикага жақын кемпинг участының алуышын ертеторуңыз керек.",әрекетке жақын болғыңыз келсе музыкаға жақын кемпинг учаскесін алу үшін ерте тұруыңыз керек,арекетке жақым болдыңыз келсе музикага жақын кемпинг участының алуышын ертеторуңыз керек
1890,Заманауи зерттеу телескоптарының көпшілігі қолайлы атмосфералық жағдайлар бар қашықтағы аумақтардағы алып қондырғылар болып табылады.,"Заманы ауи зертеу телескоптерінің көпшіліңі қолайлы атмосфері алық жағдайлар бар, қашықтағы алмахтарды алып, қондырғылар болып табылады.",заманауи зерттеу телескоптарының көпшілігі қолайлы атмосфералық жағдайлар бар қашықтағы аумақтардағы алып қондырғылар болып табылады,заманы ауи зертеу телескоптерінің көпшіліңі қолайлы атмосфері алық жағдайлар бар қашықтағы алмахтарды алып қондырғылар болып табылады
1756,АҚШ президенті Дональд Трамп жексенбі күні кешкі баспасөз хатшысы арқылы жасаған мәлімдемесінде АҚШ қарушы күштерін Сириядан алып шығуы туралы мәлімдеді.,"Ақыш президенті Дональд Трамп, Джек Сембықыны кешкі баспасыз хатшы сарқылы жасыған мәлем димесінде, ақыш қарушы күштерін сиреядың алып шығуы туралы мәлем де де.",ақш президенті дональд трамп жексенбі күні кешкі баспасөз хатшысы арқылы жасаған мәлімдемесінде ақш қарушы күштерін сириядан алып шығуы туралы мәлімдеді,ақыш президенті дональд трамп джек сембықыны кешкі баспасыз хатшы сарқылы жасыған мәлем димесінде ақыш қарушы күштерін сиреядың алып шығуы туралы мәлем де де
1781,"Мадагаскар — қазіргі уақытта ең үлкені әрі жабайы табиғатына келгенде, өздігінен континент болып табылады.",Мадагаскар көзіргі вақыттай ең үлкен әр жабайы табегатін а кілгенде өздегінен қантинен болып табылады.,мадагаскар қазіргі уақытта ең үлкені әрі жабайы табиғатына келгенде өздігінен континент болып табылады,мадагаскар көзіргі вақыттай ең үлкен әр жабайы табегатін а кілгенде өздегінен қантинен болып табылады
1915,Гома қаласында бода-бода (мотоцикл-такси) қызметінен пайдалануыңызға болады. Қалыпты (жергілікті) бағасы қысқа сапар үшін  шамамен 500 Конго франкіне тең.,"Гома халасында бода-бода мәтефикл такси қызметнен пайдаланыңызға болады, халпті жергелекті бағасы қысқая сапарушын шамамен бүшіст қонғу фанкынеттен.",гома қаласында бода бода мотоцикл такси қызметінен пайдалануыңызға болады қалыпты жергілікті бағасы қысқа сапар үшін шамамен 500 конго франкіне тең,гома халасында бода бода мәтефикл такси қызметнен пайдаланыңызға болады халпті жергелекті бағасы қысқая сапарушын шамамен бүшіст қонғу фанкынеттен
1933,"Әрі-беріден соң, мұнда көптеген кішкентай мысықтар (соның ішінде жоғалған үй мысықтары) бар. Олар құрт-құмырсқа, кеміргіштер, кесіртке сияқты көптеген шағын жыртқыш аңдарды және құстарды жейді.","Айры бірі ден сон мүнді көптегін күшкентай мүсықтар, соның шинді жоғалған үй мүсықтар айы вар. Олар қорды қомырсқа, кеміргішдер, кесірт кесе қасы көптегін шағын жүртғы шаңдарды, жәнеқусарды үйді.",әрі беріден соң мұнда көптеген кішкентай мысықтар соның ішінде жоғалған үй мысықтары бар олар құрт құмырсқа кеміргіштер кесіртке сияқты көптеген шағын жыртқыш аңдарды және құстарды жейді,айры бірі ден сон мүнді көптегін күшкентай мүсықтар соның шинді жоғалған үй мүсықтар айы вар олар қорды қомырсқа кеміргішдер кесірт кесе қасы көптегін шағын жүртғы шаңдарды жәнеқусарды үйді
1851,"Үзілмелі ағыстар жағаға, рифтерге соғылатын толқындардың кері ағыны болып табылады.","Жаға үзілмені ағыстар жағаға рифтергіе суғылатым, толкіндардың кері ағына болып табылады.",үзілмелі ағыстар жағаға рифтерге соғылатын толқындардың кері ағыны болып табылады,жаға үзілмені ағыстар жағаға рифтергіе суғылатым толкіндардың кері ағына болып табылады
1692,"Жапонияның ядролық агенттігінің хабарлауынша, зауытта радиоактивті цезий мен йод анықталған.",Чапонияның ядеролық агенттыңың қабарлауныша сауддар адеаттивтісті сезимен еуд ұнақталғаны.,жапонияның ядролық агенттігінің хабарлауынша зауытта радиоактивті цезий мен йод анықталған,чапонияның ядеролық агенттыңың қабарлауныша сауддар адеаттивтісті сезимен еуд ұнақталғаны
1763,"Дәл ай жерді тартып, судың көтерілуіне әкелетіндей, Құс жолы да Мерген галактикасына күш түсіреді.","Дел айжерді тартып, судың көтирлюғаны екелетін дей, қос жоулыдан мерген, Қалактикасына күштсіріуді.",дәл ай жерді тартып судың көтерілуіне әкелетіндей құс жолы да мерген галактикасына күш түсіреді,дел айжерді тартып судың көтирлюғаны екелетін дей қос жоулыдан мерген қалактикасына күштсіріуді
1680,"Жақсы атлет жолбарыс өрмелей (бірақ жақсы емес), жүзе, үлкен қашықтықтарға секіре және күшті адамнан бес есе көбірек күшпен тартыла алады.","Чақса атлет чолвары сұрмелей бірақ чақсеміз, жүзе үлкін қашықтарға секрері және күшті о адамнан бейсесе көпірі күшпен тарқлы алады.",жақсы атлет жолбарыс өрмелей бірақ жақсы емес жүзе үлкен қашықтықтарға секіре және күшті адамнан бес есе көбірек күшпен тартыла алады,чақса атлет чолвары сұрмелей бірақ чақсеміз жүзе үлкін қашықтарға секрері және күшті о адамнан бейсесе көпірі күшпен тарқлы алады
1737,Арыстандар ең көп қатысым жасайтын мысықтар. Олар прайдтар деп аталатын үлкен топтарда өмір сүреді.,Арыстандар ең көп қатысым жасайтын мысықтар. Олар браектар деп аталатын үлкен топтарда өмір сүреді.,арыстандар ең көп қатысым жасайтын мысықтар олар прайдтар деп аталатын үлкен топтарда өмір сүреді,арыстандар ең көп қатысым жасайтын мысықтар олар браектар деп аталатын үлкен топтарда өмір сүреді
1933,"Әрі-беріден соң, мұнда көптеген кішкентай мысықтар (соның ішінде жоғалған үй мысықтары) бар. Олар құрт-құмырсқа, кеміргіштер, кесіртке сияқты көптеген шағын жыртқыш аңдарды және құстарды жейді.","Ара-береден сону мүнді көптеген күшкентай мысықтар, сонунышінде жұғаған үйі мысықтары бар. Вұлар, құрт қамырзқа, кеміргіштер, кесірт кесиакты көптеген шағын жұрт күш үндарды және қыстарды жейді.",әрі беріден соң мұнда көптеген кішкентай мысықтар соның ішінде жоғалған үй мысықтары бар олар құрт құмырсқа кеміргіштер кесіртке сияқты көптеген шағын жыртқыш аңдарды және құстарды жейді,ара береден сону мүнді көптеген күшкентай мысықтар сонунышінде жұғаған үйі мысықтары бар вұлар құрт қамырзқа кеміргіштер кесірт кесиакты көптеген шағын жұрт күш үндарды және қыстарды жейді
1822,Марокко сұлтаны қаланы Дару Аль-Бадиа деп қайта салды және оған Касабланка деген атауды осында сауда базаларын жасаған испандық саудагерлер берді.,"Мароккасолтаны қаланы дару әльбадиядеп қайта сауда. Және оған касыблан кәдеген атауды, осындай сауда баазаларын жасыған испандық сауда гірлер берді.",марокко сұлтаны қаланы дару аль бадиа деп қайта салды және оған касабланка деген атауды осында сауда базаларын жасаған испандық саудагерлер берді,мароккасолтаны қаланы дару әльбадиядеп қайта сауда және оған касыблан кәдеген атауды осындай сауда баазаларын жасыған испандық сауда гірлер берді
1904,"Дегенмен, баяу коммуникация арналарына байланысты, батыстағы стильдер 25-30 жылға қалып отырады.","Дегенмен байал коммуникация Арналарна Байлансты, Батстахы Стильдер, Чермабес, Ота Шылға, Калап от рады.",дегенмен баяу коммуникация арналарына байланысты батыстағы стильдер 25 30 жылға қалып отырады,дегенмен байал коммуникация арналарна байлансты батстахы стильдер чермабес ота шылға калап от рады
1952,"Жоғары ендіктерде немесе тау асуларының үстімен өтетін кез келген адам қардың, мұздың немесе аяздың мүмкін болған температурасын ескеруі қажет.",Джоғары ендіктерді немесі тав асуларның үстімен өтеетін кезгілген адам қардың міздің немесі аяздың мүмкін болған температурастын ескеріңің қажет.,жоғары ендіктерде немесе тау асуларының үстімен өтетін кез келген адам қардың мұздың немесе аяздың мүмкін болған температурасын ескеруі қажет,джоғары ендіктерді немесі тав асуларның үстімен өтеетін кезгілген адам қардың міздің немесі аяздың мүмкін болған температурастын ескеріңің қажет
1770,"Бұл орынды болып көрінеді, өйткені Жердің қозғалғаны сезілмейді, солай емес пе?","Бұл воруңды болып қорнеді, үткені жердін козғалғаны сезлімейді, солай емес бе.",бұл орынды болып көрінеді өйткені жердің қозғалғаны сезілмейді солай емес пе,бұл воруңды болып қорнеді үткені жердін козғалғаны сезлімейді солай емес бе
1694,"Балалар асырап алған ата-анаға көп себептермен беріледі: салақтық, қиянат ету және тіпті ақша талап ету.","Балалар асыра болған ата Қаға көп септермем бір леді. Салақтық, қиянат ету және тіпті ақша талаб ету.",балалар асырап алған ата анаға көп себептермен беріледі салақтық қиянат ету және тіпті ақша талап ету,балалар асыра болған ата қаға көп септермем бір леді салақтық қиянат ету және тіпті ақша талаб ету
1801,Гонконг аспанын безендіретін ғимараттар тобы Виктория Харбор суларының қатысуымен айқын көрінетін жарқыраған жолақ диаграммасымен салыстырылды.,"Гүнкінг аспанін безиндретін үмір қатар тұртобы, Виктория харбар суларның қатсумен ай қын көрнетін жарқыраған жолак диаграм асмин саустрылды.",гонконг аспанын безендіретін ғимараттар тобы виктория харбор суларының қатысуымен айқын көрінетін жарқыраған жолақ диаграммасымен салыстырылды,гүнкінг аспанін безиндретін үмір қатар тұртобы виктория харбар суларның қатсумен ай қын көрнетін жарқыраған жолак диаграм асмин саустрылды
1918,Сундарбан ЮНЕСКО-ның әлемдік мұра орны деп жарияланды. Үндістан территориясындағы орманның бөлігі Сундарбан ұлттық паркі деп аталады.,Сундарбан ЮНУЭСКАНғың әлемдік МУРАУ ОРНАДЕП ЧАРЕЛАНДА. Өнтүстан терету орьясындағы ворманның бөліғі Сундарбан үлтіғ паркетеп аталада.,сундарбан юнеско ның әлемдік мұра орны деп жарияланды үндістан территориясындағы орманның бөлігі сундарбан ұлттық паркі деп аталады,сундарбан юнуэсканғың әлемдік мурау орнадеп чареланда өнтүстан терету орьясындағы ворманның бөліғі сундарбан үлтіғ паркетеп аталада
1986,"Нағыз «көзге көрінбейтін топтың» (Ларсон мен Лафасто, 1989, 109 бет) болуы да виртууалды топтың бірегей компоненті болып табылады.","Нағыз көзге қуренбейтін топтан Ларсан Менлафасто бірмін төг жыс сексін төгіз жыстілізін шыбет, бул өда виртуалды топтан берегей компоненті болып таблады.",нағыз көзге көрінбейтін топтың ларсон мен лафасто 1989 109 бет болуы да виртууалды топтың бірегей компоненті болып табылады,нағыз көзге қуренбейтін топтан ларсан менлафасто бірмін төг жыс сексін төгіз жыстілізін шыбет бул өда виртуалды топтан берегей компоненті болып таблады
1926,"Аристотельдің ғылымның барлық мәселелеріне, оның ішінде психологияға көзқарасы қабылданды.","Аристо жылдың ғылымның барлық маселелеріне, онын үшінде психологияға ғызғарасы қабылданда.",аристотельдің ғылымның барлық мәселелеріне оның ішінде психологияға көзқарасы қабылданды,аристо жылдың ғылымның барлық маселелеріне онын үшінде психологияға ғызғарасы қабылданда
1948,Үш патшалық ежелгі Қытайдың тарихындағы ең қанқұйлы дәуірлердің бірі болған. Мыңдаған адам Сианьдағы үлкен сарайдағы ең жоғары орынға отыру үшін соғысқанда өлді.,"3 пачалық ежелкі қытайдың тарекінді үйін қан қайыбы дәвілердің бірі болған, мүндіған адан СИАМіңдіға үлкен сарайдағы еін жүғар ворыңыға оторуышын соқсқанда өлді.",үш патшалық ежелгі қытайдың тарихындағы ең қанқұйлы дәуірлердің бірі болған мыңдаған адам сианьдағы үлкен сарайдағы ең жоғары орынға отыру үшін соғысқанда өлді,3 пачалық ежелкі қытайдың тарекінді үйін қан қайыбы дәвілердің бірі болған мүндіған адан сиаміңдіға үлкен сарайдағы еін жүғар ворыңыға оторуышын соқсқанда өлді
1678,Оливер Сакс өзінің «Президенттің сөзі» деген мақаласында мидың зақымдануы салдарынан сөзді түсінбейтін адамдар соған қарамастан шынайылықты қалай бағалай алатыны көрсетілген.,"Олеверс сақс, өзінің президенттін сөзідеген мақаласында, мейденің зақымдаңыуы солдарынан, сөзді түсін бейтін адамдар, соған қарамастан шунаелықтыға қалай, бағалай алатыны көршетіліген.",оливер сакс өзінің президенттің сөзі деген мақаласында мидың зақымдануы салдарынан сөзді түсінбейтін адамдар соған қарамастан шынайылықты қалай бағалай алатыны көрсетілген,олеверс сақс өзінің президенттін сөзідеген мақаласында мейденің зақымдаңыуы солдарынан сөзді түсін бейтін адамдар соған қарамастан шунаелықтыға қалай бағалай алатыны көршетіліген
1709,Бұл есеп жетекшінің Иракқа қатысты ағымдағы саясатының әрбір аспектісін қатты сынайды және бағытты дереу өзгертуге шақырады.,"Бұл есет жетекшінін Ираққа, қатысты ағымдағы саясатның әрбір аспектысың қаттықсынайды, және бағытты дері өзгіртіге шақырады.",бұл есеп жетекшінің иракқа қатысты ағымдағы саясатының әрбір аспектісін қатты сынайды және бағытты дереу өзгертуге шақырады,бұл есет жетекшінін ираққа қатысты ағымдағы саясатның әрбір аспектысың қаттықсынайды және бағытты дері өзгіртіге шақырады
1801,Гонконг аспанын безендіретін ғимараттар тобы Виктория Харбор суларының қатысуымен айқын көрінетін жарқыраған жолақ диаграммасымен салыстырылды.,"Ган-конг аспанан безендеретін, қеймараттар тоба, Виктория Харбар, Суларныл Катусумен, айықын көрінетін жар-краған жолақ диаграмасмен саластыралда.",гонконг аспанын безендіретін ғимараттар тобы виктория харбор суларының қатысуымен айқын көрінетін жарқыраған жолақ диаграммасымен салыстырылды,ган конг аспанан безендеретін қеймараттар тоба виктория харбар суларныл катусумен айықын көрінетін жар краған жолақ диаграмасмен саластыралда
1772,Осылайша нотация жай ғана белгі ретінде қосылған болуы мүмкін.,Ослайша нататша джайғана белгір етінде қосылыған болу мүмкін.,осылайша нотация жай ғана белгі ретінде қосылған болуы мүмкін,ослайша нататша джайғана белгір етінде қосылыған болу мүмкін
1856,Финляндия — керемет қайықпен баратын жер. «Мың көлдің жерінде» көлдерде және жағалаудағы архипелагтарда мыңдаған аралдар да бар.,"Финляндия, керемет қайқбен баратын жер, мүн қойлдін жерінде қойлдерде, және жақылы қа архипілықтарда мүн даған аралда қабар.",финляндия керемет қайықпен баратын жер мың көлдің жерінде көлдерде және жағалаудағы архипелагтарда мыңдаған аралдар да бар,финляндия керемет қайқбен баратын жер мүн қойлдін жерінде қойлдерде және жақылы қа архипілықтарда мүн даған аралда қабар
1840,"Италияның көптеген қалаларында және әлемдегі басқа да қалаларда, әсіресе Польшада, соған ұқсас қондырмалар орнатылды және бұған көптеген адамдар куә болды.","Италияның көптеген қарылы қалаларымда, және әлемдегі бас қады қалаларда, әсересеп ұльшады, сұған қықсаз қондырмалар құрнатылды. Және бұған көптеген адымдыр қөве болды.",италияның көптеген қалаларында және әлемдегі басқа да қалаларда әсіресе польшада соған ұқсас қондырмалар орнатылды және бұған көптеген адамдар куә болды,италияның көптеген қарылы қалаларымда және әлемдегі бас қады қалаларда әсересеп ұльшады сұған қықсаз қондырмалар құрнатылды және бұған көптеген адымдыр қөве болды
1724,Ол шамамен 400 жылдан бастап салтанаттың эпицентріне ретінде белгілі болды және шамамен 1100 жылға дейін созылды.,"Бұл шамамен 4-ча жылдан бастап, Салтанаттың эпидсентерін әретінде біллі болда, чені шамамен 1-ча жылғадеін сөзліда.",ол шамамен 400 жылдан бастап салтанаттың эпицентріне ретінде белгілі болды және шамамен 1100 жылға дейін созылды,бұл шамамен 4 ча жылдан бастап салтанаттың эпидсентерін әретінде біллі болда чені шамамен 1 ча жылғадеін сөзліда
1785,"Құрылыс ағаштары - бұл оқыту әдісі емес, жаңа компьютерлік бағдарламаны пайдалану немесе жаңа жобаны бастау секілді жаңа оқу тәжірибесінен өтіп жатқан жеке тұлғаларға қолдау көрсететін көмек түрі.","Күролус ағаштары бол қуду әдесі немес жаңа кампиутерің бағдарламаның пайдаланыу аға немесі жаңа жобаның бастау сикілді жаңа қу тәжірбейсінен өйтіп жатқан тежекет ұғаларға қолдау, көрсететін көмектірым.",құрылыс ағаштары бұл оқыту әдісі емес жаңа компьютерлік бағдарламаны пайдалану немесе жаңа жобаны бастау секілді жаңа оқу тәжірибесінен өтіп жатқан жеке тұлғаларға қолдау көрсететін көмек түрі,күролус ағаштары бол қуду әдесі немес жаңа кампиутерің бағдарламаның пайдаланыу аға немесі жаңа жобаның бастау сикілді жаңа қу тәжірбейсінен өйтіп жатқан тежекет ұғаларға қолдау көрсететін көмектірым
1796,Бұл шөгінді жыныстар жабайы жануарлардың мекені болған құмқайырларды және жағажайларды жасауға қажет болды.,"Бұл шоңынды жүнстар, жабайы, жанварлардың мекини болған кумпайрыларды, және, жаға жайларды, жасауға қажек болды.",бұл шөгінді жыныстар жабайы жануарлардың мекені болған құмқайырларды және жағажайларды жасауға қажет болды,бұл шоңынды жүнстар жабайы жанварлардың мекини болған кумпайрыларды және жаға жайларды жасауға қажек болды
1914,Жиырмасыншы ғасырдағы зерттеу генетикалық вариацияның екі пулы бар екенін көрсетті: жасырын және көрінетін.,"Чүрмазын қасырдаға зертең генетикалық варияцаның екіп үлі варайыкен көрсетті, жасырын және екөрнеетін.",жиырмасыншы ғасырдағы зерттеу генетикалық вариацияның екі пулы бар екенін көрсетті жасырын және көрінетін,чүрмазын қасырдаға зертең генетикалық варияцаның екіп үлі варайыкен көрсетті жасырын және екөрнеетін
1988,1920 жылары азаматтардың және елдердің көпшілігі пацифисті және изоляционистік көзқарастарды ұстанатын.,Бәрмін тұғыжы жүрмасынша жылары азамаддардың және елдерден көпшіліңі пацифисті және изолецейонисті көз қарастарды останатын.,1920 жылары азаматтардың және елдердің көпшілігі пацифисті және изоляционистік көзқарастарды ұстанатын,бәрмін тұғыжы жүрмасынша жылары азамаддардың және елдерден көпшіліңі пацифисті және изолецейонисті көз қарастарды останатын
1741,"Солтүстікте ары қарай орналасқан үлкен аумақтарда халық өте сирек қоныстанған, ал кейбіреулері елсіз дерлік жабайы жерлер.","Солтыстықті ағары қарай ұрналасықан үлкен омактарда халқ өте сері қонстанған, ал кибрыйылері үршіз деерілік чабайуджерілер.",солтүстікте ары қарай орналасқан үлкен аумақтарда халық өте сирек қоныстанған ал кейбіреулері елсіз дерлік жабайы жерлер,солтыстықті ағары қарай ұрналасықан үлкен омактарда халқ өте сері қонстанған ал кибрыйылері үршіз деерілік чабайуджерілер
1897,"Аймақ солтүстігінде Сахельмен шекаралас, ал оңтүстігі мен батысында Атлант мұхитымен шектеседі.",Аймахсолстыңын жи сахелмін шекар аласы ау үмстығы мин баатысында атланп муқиті мин шектеседі.,аймақ солтүстігінде сахельмен шекаралас ал оңтүстігі мен батысында атлант мұхитымен шектеседі,аймахсолстыңын жи сахелмін шекар аласы ау үмстығы мин баатысында атланп муқиті мин шектеседі
1943,"Алаңдаушылық неғұрлым төменірек болса, өмір күші соғұрлым позитивтеі болады. Әр адамда абсолютті тыныштық пен ризашылықты табу мүмкіндігі бар.","Аландавшылық негұрлым түменерек болса, үмір күшесуығырлым позитивті е, болады. Эр адамда абсалютті түнштық мен, ризашлықты табу мүмкіндігі бар.",алаңдаушылық неғұрлым төменірек болса өмір күші соғұрлым позитивтеі болады әр адамда абсолютті тыныштық пен ризашылықты табу мүмкіндігі бар,аландавшылық негұрлым түменерек болса үмір күшесуығырлым позитивті е болады эр адамда абсалютті түнштық мен ризашлықты табу мүмкіндігі бар
1962,pН деңгейі химиялық құрамдағы сутегі (рН ішіндегі H) иондарының мөлшерімен көрсетіледі.,"Пеаш денгеі химел қрамдағы сутегі, пеаш жіндегі аш, и ондарның мүршерімен көрсе тәледі.",pн деңгейі химиялық құрамдағы сутегі рн ішіндегі h иондарының мөлшерімен көрсетіледі,пеаш денгеі химел қрамдағы сутегі пеаш жіндегі аш и ондарның мүршерімен көрсе тәледі
1874,"Кейбір адамдар оныкі дұрыс деп ойлады, бірақ көп адам қарама-қарсы нәрсеге сенді; күн жүйесі, соның ішінде күн (және тіпті басқа жұлдыздар) жерді айналды деп ойлады.","Кейпі радамдар онықы дурос деп ойлады. Бұрак көйб адам қарамағарсын әрсе гесені, кін жиесы сонын шындекін және тепті бұасқаж олдыздыр жерді айналды деп ойлады.",кейбір адамдар оныкі дұрыс деп ойлады бірақ көп адам қарама қарсы нәрсеге сенді күн жүйесі соның ішінде күн және тіпті басқа жұлдыздар жерді айналды деп ойлады,кейпі радамдар онықы дурос деп ойлады бұрак көйб адам қарамағарсын әрсе гесені кін жиесы сонын шындекін және тепті бұасқаж олдыздыр жерді айналды деп ойлады
1818,Адамдар үйіне оралған саяхатшылар үшін шыдамдылық пен түсіністік қажет екенін түсінбеуі мүмкін.,"Адамдыр, еюне орылған са ехачларышын, шудамдылық бен түсіністі қажедегенін түсін беңім күн.",адамдар үйіне оралған саяхатшылар үшін шыдамдылық пен түсіністік қажет екенін түсінбеуі мүмкін,адамдыр еюне орылған са ехачларышын шудамдылық бен түсіністі қажедегенін түсін беңім күн
1855,"Арыстандар прайды қасқырлар мен иттер сияқты әрекет етеді, олар арыстандарға (бірақ басқа үлкен мысықтарға ұқсамайды) ұқсас жануарлар, сонымен қатар олар өз олжалары үшін өте қауіпті.","Арстандар бұрайды, қасқырлармен етдер сияқты арекетдер, арекететейді. Бұлар арстандарға бірақ, басқа өлкенің қасықтарға қысамайды. қысас шанығарлар сәмен қатар олар өз болжалары үшін өтеқалыпті.",арыстандар прайды қасқырлар мен иттер сияқты әрекет етеді олар арыстандарға бірақ басқа үлкен мысықтарға ұқсамайды ұқсас жануарлар сонымен қатар олар өз олжалары үшін өте қауіпті,арстандар бұрайды қасқырлармен етдер сияқты арекетдер арекететейді бұлар арстандарға бірақ басқа өлкенің қасықтарға қысамайды қысас шанығарлар сәмен қатар олар өз болжалары үшін өтеқалыпті
1706,"Дәстүрлірек шіркеулер Пасха демалыс күндері сенбі түні пасхалық таңғы ғибадатты өткізеді, жиналыстар жиі түн ортасында Мәсіхтің қайта тірілуін мерекелеуге айналады.","Дастерілерік, шіркеулер пасқа демал сүндері СМБудтіні пасқалық танғы үбадатты өтгізеді. Чиналстар ГЮЮТЮН ү ортасында Масқтын қайта тірліңін мерекеліңі айналады.",дәстүрлірек шіркеулер пасха демалыс күндері сенбі түні пасхалық таңғы ғибадатты өткізеді жиналыстар жиі түн ортасында мәсіхтің қайта тірілуін мерекелеуге айналады,дастерілерік шіркеулер пасқа демал сүндері смбудтіні пасқалық танғы үбадатты өтгізеді чиналстар гюютюн ү ортасында масқтын қайта тірліңін мерекеліңі айналады
1896,"АҚШ гимнастикасы және АҚШ Олимпиада комитеті бір мақсатты көздейді - гимнастика және басқа да спорт түрлерін барынша қауіпсіз етіп, спортшылардың өз армандарын орындауды қауіпсіз, позитивті және мүмкіндіктерге толы ортада жүзеге асыруын қамтамасыз ету.","Ағыш гимнастика сы және Ақша Олимпиады камитеті бір мақсатты қөзейді. Гимнастика және басқады аспорттүлін, барымша хауыпсыз етіп, споршыларды мүйәс армандарны орндавды хауыпсыз, фазитепті және мүмкіндікті көт толы өв ортады ай ажіжеге асылын қамтамасыз ету.",ақш гимнастикасы және ақш олимпиада комитеті бір мақсатты көздейді гимнастика және басқа да спорт түрлерін барынша қауіпсіз етіп спортшылардың өз армандарын орындауды қауіпсіз позитивті және мүмкіндіктерге толы ортада жүзеге асыруын қамтамасыз ету,ағыш гимнастика сы және ақша олимпиады камитеті бір мақсатты қөзейді гимнастика және басқады аспорттүлін барымша хауыпсыз етіп споршыларды мүйәс армандарны орндавды хауыпсыз фазитепті және мүмкіндікті көт толы өв ортады ай ажіжеге асылын қамтамасыз ету
1875,Мұхиттарға құйылатын планета өзендеріндегі судың толықтай 20 пайызы Амазонкадан келеді.,Мүкіттарға қуйылатын планетта өзен деңі үсудың толықтай жүрмапайзы Амазонкадан келеді.,мұхиттарға құйылатын планета өзендеріндегі судың толықтай 20 пайызы амазонкадан келеді,мүкіттарға қуйылатын планетта өзен деңі үсудың толықтай жүрмапайзы амазонкадан келеді
1943,"Алаңдаушылық неғұрлым төменірек болса, өмір күші соғұрлым позитивтеі болады. Әр адамда абсолютті тыныштық пен ризашылықты табу мүмкіндігі бар.","Аландавушлық неуғолым төменрек болса, өмір күші солдарым пазитифты болады. Әр адамда абсалыпты түнштық бен, үзашлықты табуы мүнкін дүгі бар.",алаңдаушылық неғұрлым төменірек болса өмір күші соғұрлым позитивтеі болады әр адамда абсолютті тыныштық пен ризашылықты табу мүмкіндігі бар,аландавушлық неуғолым төменрек болса өмір күші солдарым пазитифты болады әр адамда абсалыпты түнштық бен үзашлықты табуы мүнкін дүгі бар
1770,"Бұл орынды болып көрінеді, өйткені Жердің қозғалғаны сезілмейді, солай емес пе?","Бұл ұрымды болып қорыняды, 3 көні жердін қозғалғана сезлімейді Солай әмеспе.",бұл орынды болып көрінеді өйткені жердің қозғалғаны сезілмейді солай емес пе,бұл ұрымды болып қорыняды 3 көні жердін қозғалғана сезлімейді солай әмеспе
2006,"Кальций және калий сияқты элементтер металдар болып саналады. Әрине, күміс және алтын сияқты металдар да бар.",Кальсі және калей сеқті елементтер металдар болып саналады. Ярині көміз және алың сеқті металдарды бар.,кальций және калий сияқты элементтер металдар болып саналады әрине күміс және алтын сияқты металдар да бар,кальсі және калей сеқті елементтер металдар болып саналады ярині көміз және алың сеқті металдарды бар
1713,"Гома жеткілікті деңгейде қауіпсіз болғанмен, Гомадан тыс аймақтарға шығудан бұрын, Солтүстік Киву провинциясындағы соғыс жағдайын түсіну үшін аздап зерттеу жүргізген дұрыс.","Гоума жеткелекті денгейде, қаупсіз болғанмен, гоума дантылс аймахтарға, шүғудан бұрын, соудсты киво провинция сүндакы, соғас жағдаен түсінішін аздап зертеу жүрпізкен дұрыс.",гома жеткілікті деңгейде қауіпсіз болғанмен гомадан тыс аймақтарға шығудан бұрын солтүстік киву провинциясындағы соғыс жағдайын түсіну үшін аздап зерттеу жүргізген дұрыс,гоума жеткелекті денгейде қаупсіз болғанмен гоума дантылс аймахтарға шүғудан бұрын соудсты киво провинция сүндакы соғас жағдаен түсінішін аздап зертеу жүрпізкен дұрыс
1902,Алдымен ол Грейт-Ярмуттегі Джеймс Пейджет ауруханасына түсті.,Алды мен үңғың үңғың үңғың үңғың үңғың үңғың үңғың үңғың үңғың үңғың үңғың үңғың үңғың үңғың үңғың үңғың үңғың үңғың үңғың үңғың үңғың үңғың,алдымен ол грейт ярмуттегі джеймс пейджет ауруханасына түсті,алды мен үңғың үңғың үңғың үңғың үңғың үңғың үңғың үңғың үңғың үңғың үңғың үңғың үңғың үңғың үңғың үңғың үңғың үңғың үңғың үңғың үңғың үңғың
1877,Қазіргі сенатор және Аргентинаның бірінші ханымы Кристина Фернандес де Киршнер өзінің президенттік кандидатурасын кеше кешкі уақытта Буэнос-Айрестен 50 шақырым (31 миль) қашықтықта орналасқан Ла-Плата қаласында жариялады.,"Казерғасенатор Жене Аргентинаның біріншы ханым Кристина Фернандызде кершнер, өзінің президентті кандидатуурасың кеше кешкі вақытта Боенес Айрестен елюшақырым 31 миль қасықтықта орналасқан Ла Пылата қаласына жариялады.",қазіргі сенатор және аргентинаның бірінші ханымы кристина фернандес де киршнер өзінің президенттік кандидатурасын кеше кешкі уақытта буэнос айрестен 50 шақырым 31 миль қашықтықта орналасқан ла плата қаласында жариялады,казерғасенатор жене аргентинаның біріншы ханым кристина фернандызде кершнер өзінің президентті кандидатуурасың кеше кешкі вақытта боенес айрестен елюшақырым 31 миль қасықтықта орналасқан ла пылата қаласына жариялады
1736,Роландо Мендоза M16 мылтығымен туристтерге оқ жаудырды.,Руоландо Мендоза М16 Малтығымен туристерге Уок Джаударда,роландо мендоза m16 мылтығымен туристтерге оқ жаудырды,руоландо мендоза м16 малтығымен туристерге уок джаударда
1685,"Мысалы, дүние жүзіндегі ең жиі кездесетін фотография түсіру пішімі болып 35 мм табылады. Ол аналогтық пленка дәуірі бітіп жатқанда басым пленка өлшемі болатын.","Масалы дүнію жүзіндегі ең-ги кезесетін фотография түсіріп шымы болып, отыс бейс милиметер таблада. Ол аналық түқ пылонка дауыра бөтіп жатқанда басым пылонка ол че мы болатын.",мысалы дүние жүзіндегі ең жиі кездесетін фотография түсіру пішімі болып 35 мм табылады ол аналогтық пленка дәуірі бітіп жатқанда басым пленка өлшемі болатын,масалы дүнію жүзіндегі ең ги кезесетін фотография түсіріп шымы болып отыс бейс милиметер таблада ол аналық түқ пылонка дауыра бөтіп жатқанда басым пылонка ол че мы болатын
1675,"Барлық зат есімдер, сонымен бірге «сіз» дегенді білдіретін «Sie» сөзі, тіпті сөйлемнің ортасында да бас әріптен басталады.","Барлық зат есімдер, сонумен брыге сіздеген де білдеретін деси есізі тәпті сөйлеемін үмұртасында да бааса ерптен басталады.",барлық зат есімдер сонымен бірге сіз дегенді білдіретін sie сөзі тіпті сөйлемнің ортасында да бас әріптен басталады,барлық зат есімдер сонумен брыге сіздеген де білдеретін деси есізі тәпті сөйлеемін үмұртасында да бааса ерптен басталады
1967,"Лейтон премьер-министрмен кездесу кезінде консерваторлардың экологиялық заңына өзгерістер енгізуді сұрады, сондай-ақ консервативті партияның экологиялық заңын ""мұқият және толығымен қайта жазуды"" сұрады.","Лейтен премьер министермен кезде сүкезінде консерваторлардың экологиялық занына өзгерстеренғі зудығы сұрады. Сондаяқ, консервативты партианын, экологиялық занының мүкіят және толығымын қайта жа зудығы сұрады.",лейтон премьер министрмен кездесу кезінде консерваторлардың экологиялық заңына өзгерістер енгізуді сұрады сондай ақ консервативті партияның экологиялық заңын мұқият және толығымен қайта жазуды сұрады,лейтен премьер министермен кезде сүкезінде консерваторлардың экологиялық занына өзгерстеренғі зудығы сұрады сондаяқ консервативты партианын экологиялық занының мүкіят және толығымын қайта жа зудығы сұрады
1760,"Мозасавр өз заманының ең жоғары жыртқышы болған, сондықтан ол басқа мозасаврлардан басқа ештеңеден қорықпаған.","Моза савыр, өз заманның ең жоғары жүрт қышы болған. Сондықтан ұл басқа, Моза савырлардың басқа ештен еден қорықпаған.",мозасавр өз заманының ең жоғары жыртқышы болған сондықтан ол басқа мозасаврлардан басқа ештеңеден қорықпаған,моза савыр өз заманның ең жоғары жүрт қышы болған сондықтан ұл басқа моза савырлардың басқа ештен еден қорықпаған
1946,"Күшін жою ережелері әр түрлі болып келеді, бірақ наурыз айының ақырынан бастап коронавирустық негіздегі көптеген жою ережелері Олимпиада жоспарланған 2020 жылдың шілде айына дейін қолданылмайды.","Кушын жойу ережелері әртүрлі болып келеді. Бірақ наурызайының ақырындаң бастау қараный уүрустык негздегі көптеген жойу ережелері, алимпиады жаспарланың әкімін жүрмар жылдың шылды айна дең қолданымайда.",күшін жою ережелері әр түрлі болып келеді бірақ наурыз айының ақырынан бастап коронавирустық негіздегі көптеген жою ережелері олимпиада жоспарланған 2020 жылдың шілде айына дейін қолданылмайды,кушын жойу ережелері әртүрлі болып келеді бірақ наурызайының ақырындаң бастау қараный уүрустык негздегі көптеген жойу ережелері алимпиады жаспарланың әкімін жүрмар жылдың шылды айна дең қолданымайда
1819,Ежелгі Қытайда әртүрлі уақыт мерзімдерін көрсетудің ерекше әдісі болды; Қытай тарихының әрбір кезеңі немесе билік басына келген әрбір отбасы ерекше династия болды.,Ежелгөқтайда әртірлі уақыт мерзімдерін көрсеетудын ерикши әдесі болда. қытай тарикынын әрбір кезені әмесі бейлык басына келген әрбір отпасы ерикши династия болады.,ежелгі қытайда әртүрлі уақыт мерзімдерін көрсетудің ерекше әдісі болды қытай тарихының әрбір кезеңі немесе билік басына келген әрбір отбасы ерекше династия болды,ежелгөқтайда әртірлі уақыт мерзімдерін көрсеетудын ерикши әдесі болда қытай тарикынын әрбір кезені әмесі бейлык басына келген әрбір отпасы ерикши династия болады
1667,Жалпы алғанда менеджерлер бұрынғы әріптестеріне басшылық ете бастағанда екі түрлі қылық пайда болуы мүмкін. Бір жағынан алдыңғы «әріптестердің бірі» (немесе құрбылардың) болып қалуға тырысады.,Жалпалғында менеджерлер бұрыңы әрптестерін емпашылық ете бастағында екотірлі қылық байда болымыңғын бір жағынан алыңы әрптестердің бірі үне месе қорбулардың болып қалуға бірсады.,жалпы алғанда менеджерлер бұрынғы әріптестеріне басшылық ете бастағанда екі түрлі қылық пайда болуы мүмкін бір жағынан алдыңғы әріптестердің бірі немесе құрбылардың болып қалуға тырысады,жалпалғында менеджерлер бұрыңы әрптестерін емпашылық ете бастағында екотірлі қылық байда болымыңғын бір жағынан алыңы әрптестердің бірі үне месе қорбулардың болып қалуға бірсады
1844,Айдың беті тау жынысы мен шаңнан тұрады. Айдың сыртқы қабаты қабық деп аталады.,"Айдың беті тау жунысымін шаңын антраты, айдың сытқа қабаты, қабықтеп аталады.",айдың беті тау жынысы мен шаңнан тұрады айдың сыртқы қабаты қабық деп аталады,айдың беті тау жунысымін шаңын антраты айдың сытқа қабаты қабықтеп аталады
1986,"Нағыз «көзге көрінбейтін топтың» (Ларсон мен Лафасто, 1989, 109 бет) болуы да виртууалды топтың бірегей компоненті болып табылады.","Нағыз көзге көрінбитін топтын Ларсін мен Лафасто мүн тұлғырыжы 60 толыз, 100 толызы жпет болуыда вюртуалды топтын бірегиі кампаниенті болып табылады.",нағыз көзге көрінбейтін топтың ларсон мен лафасто 1989 109 бет болуы да виртууалды топтың бірегей компоненті болып табылады,нағыз көзге көрінбитін топтын ларсін мен лафасто мүн тұлғырыжы 60 толыз 100 толызы жпет болуыда вюртуалды топтын бірегиі кампаниенті болып табылады
1783,"Аймақтық және маусымдық ауа райы құбылыстары қарлы борандарды, мұзды борандарды және шаң дауылдарын қамтиды.","Аймахтық жені маусындық аварайы, кобылысдыары, қарлы, борандарды, мізды, борандарды жені шанғдаулдардың қамтиді.",аймақтық және маусымдық ауа райы құбылыстары қарлы борандарды мұзды борандарды және шаң дауылдарын қамтиды,аймахтық жені маусындық аварайы кобылысдыары қарлы борандарды мізды борандарды жені шанғдаулдардың қамтиді
1910,"Париждіктер біртүрлілігі, дөрекілік және менмендігімен ерекшеленеді.","Париждық тер, біртерліліңі, дүрекылық және мин мин дүгін ерекшелінеді.",париждіктер біртүрлілігі дөрекілік және менмендігімен ерекшеленеді,париждық тер біртерліліңі дүрекылық және мин мин дүгін ерекшелінеді
1968,"Кейбір круиздердің кітапшаларында Германияның Берлин қаласы көрсетілген. Жоғарыдағы картадан көргеніңіздей, Берлин теңізге жақын орналаспаған және қалаға бару круиздің бағасына кірмейді.",Кейбір қруиздердің қтапшаларында Германияның Берлин қаласы қурсе тілген. Жоғардағы қарта дан қургеніңыстей Берлин тенізге жақын ұрналаспаған және қалаға бару қруиздің бағасына қырмейді.,кейбір круиздердің кітапшаларында германияның берлин қаласы көрсетілген жоғарыдағы картадан көргеніңіздей берлин теңізге жақын орналаспаған және қалаға бару круиздің бағасына кірмейді,кейбір қруиздердің қтапшаларында германияның берлин қаласы қурсе тілген жоғардағы қарта дан қургеніңыстей берлин тенізге жақын ұрналаспаған және қалаға бару қруиздің бағасына қырмейді
1841,"Жоғарыдағы ашық, әдемі аспаннан және көптеген қоршаған таулардан басқа ештеңе көрінбейді. Үңгір ішінен бұл дүниенің өте аз бөлігін көруге немесе естуге болады.","Жуғардағы ашық әтемі аспаннан және көптеген көршіған тавларған басқы ештені көрінбейді. Құнғырышынен, болдыніенін өте азбөлгін көріге немесе естіге болады.",жоғарыдағы ашық әдемі аспаннан және көптеген қоршаған таулардан басқа ештеңе көрінбейді үңгір ішінен бұл дүниенің өте аз бөлігін көруге немесе естуге болады,жуғардағы ашық әтемі аспаннан және көптеген көршіған тавларған басқы ештені көрінбейді құнғырышынен болдыніенін өте азбөлгін көріге немесе естіге болады
1833,Философия ғұламасы Аристотель әрбір заттың төрт элементтің біреуінен немесе бірнешесінен жасалған деген теория құрған.,Философия ғоламаса аристотел әрбір заттан түрт элементтін біріунин немесі бір нешеснин жасалған деген теория қрыған.,философия ғұламасы аристотель әрбір заттың төрт элементтің біреуінен немесе бірнешесінен жасалған деген теория құрған,философия ғоламаса аристотел әрбір заттан түрт элементтін біріунин немесі бір нешеснин жасалған деген теория қрыған
1757,"Тек ұрықтық жасушалардағы мутация балаларға өтуі мүмкін, ал басқа орындағы мутация жасушалар өлімге немесе қатерлі ісікке әкелуі мүмкін.","Кек орқтық жасушалардағы мутатся балларға өті өмімкін, албасқа орымдағы мутатся жасушалар өлімге өмесі қатерлеске өкелі өмімкін.",тек ұрықтық жасушалардағы мутация балаларға өтуі мүмкін ал басқа орындағы мутация жасушалар өлімге немесе қатерлі ісікке әкелуі мүмкін,кек орқтық жасушалардағы мутатся балларға өті өмімкін албасқа орымдағы мутатся жасушалар өлімге өмесі қатерлеске өкелі өмімкін
1913,"Жолбарыстың ақыруы арыстанның бар күшімен ақыруына ұқсамайды, ол ақырып қатты айтқан сөздерге көбірек ұқсайды.",Жұлбарыстын ақыруы арыстанның бар кушымен ақырууна оқсамайды. Ол ақырып қаттайтықан сөздерге көберек оқсайды.,жолбарыстың ақыруы арыстанның бар күшімен ақыруына ұқсамайды ол ақырып қатты айтқан сөздерге көбірек ұқсайды,жұлбарыстын ақыруы арыстанның бар кушымен ақырууна оқсамайды ол ақырып қаттайтықан сөздерге көберек оқсайды
1771,"Негізгі сахналардағы музыка аяқталғанымен, фестивальдің түннің кеш уақытына дейін музыканы ойнатуды жалғастыратын бөліктері болуы мүмкін екенін есте сақтаңыз.","Негізге сахналардағы музика аяқталғанымен, фестивальдың төнін кеш вақтынадын, музиканы ойнатуда жалғастраатым бөліктері болуымым қыныкені естесақтаныз.",негізгі сахналардағы музыка аяқталғанымен фестивальдің түннің кеш уақытына дейін музыканы ойнатуды жалғастыратын бөліктері болуы мүмкін екенін есте сақтаңыз,негізге сахналардағы музика аяқталғанымен фестивальдың төнін кеш вақтынадын музиканы ойнатуда жалғастраатым бөліктері болуымым қыныкені естесақтаныз
1959,"Бәрібір билік органдарынан кеңес алыңыз, барлық белгілерді ескеріңіз және қауіпсіздік туралы ескертулерге ерекше көңіл бөліңіз.","Бәріңір бейлык органдарынан кинүс алыңыз, барлық білгілерді ескереніңыз, және каупсіздік туралы ескертілерге ерек ше қүніл бөліңыз.",бәрібір билік органдарынан кеңес алыңыз барлық белгілерді ескеріңіз және қауіпсіздік туралы ескертулерге ерекше көңіл бөліңіз,бәріңір бейлык органдарынан кинүс алыңыз барлық білгілерді ескереніңыз және каупсіздік туралы ескертілерге ерек ше қүніл бөліңыз
1693,"Бірақ, капитан қақпасын жоғалтудан кейін Үндістан ойынды аяқтау үшін бар болғаны 36 рет жүгірді, 7 рет қақпаны жоғалтты.","Бірақ, капитан қакпасын жұғалтудан кейін, үндістан оынды аяқталышын бар болғана, отыз алты рет шығырды, жеті рет қакпаны жұғалпты.",бірақ капитан қақпасын жоғалтудан кейін үндістан ойынды аяқтау үшін бар болғаны 36 рет жүгірді 7 рет қақпаны жоғалтты,бірақ капитан қакпасын жұғалтудан кейін үндістан оынды аяқталышын бар болғана отыз алты рет шығырды жеті рет қакпаны жұғалпты
1734,Ғалымдар қара материя басқа қара материяға қарапайым материя сияқты әсер етеді деп тұжырымдай алды.,"Галымдыр, қара материя, басқа қара материяға қарапайым материя секті әсері теді деп тушымдай тушымдай алы.",ғалымдар қара материя басқа қара материяға қарапайым материя сияқты әсер етеді деп тұжырымдай алды,галымдыр қара материя басқа қара материяға қарапайым материя секті әсері теді деп тушымдай тушымдай алы
1672,Матаның тым ыстық болуына жол бермеңіз (бұл қысқаруға немесе күюіне себеп болуы мүмкін).,Матанын түм үстық болуна жұл берменіңіз. Был каскаруға немесі көйіні себе болуымын көн.,матаның тым ыстық болуына жол бермеңіз бұл қысқаруға немесе күюіне себеп болуы мүмкін,матанын түм үстық болуна жұл берменіңіз был каскаруға немесі көйіні себе болуымын көн
1906,«Бұл қоштасу болайын деп тұрған жоқ. Бұл — бір тараудың жабылуы және жаңасының ашылуы».,"Бұл қошсасы өбалайын деп тұңан жоқ, бұл бір таралдың жа болу және жәңғасының ашылуа.",бұл қоштасу болайын деп тұрған жоқ бұл бір тараудың жабылуы және жаңасының ашылуы,бұл қошсасы өбалайын деп тұңан жоқ бұл бір таралдың жа болу және жәңғасының ашылуа
1963,"Дымқыл киімді үтіктеу киімнің кебуіне көмектеседі. Көп қонақ үйлерде, тіпті бөлмеде болмаса да, ала тұруға болатын үтік және үтіктеу тақтасы болады.","Дымықал кеймді, үтықтел кеймдің кейбуіне көмектеседі. Көп қонагыйлерді, табты бөлмедей болмаса да, Аллатуға болатын үтык, және үтықтел тақтасы болады.",дымқыл киімді үтіктеу киімнің кебуіне көмектеседі көп қонақ үйлерде тіпті бөлмеде болмаса да ала тұруға болатын үтік және үтіктеу тақтасы болады,дымықал кеймді үтықтел кеймдің кейбуіне көмектеседі көп қонагыйлерді табты бөлмедей болмаса да аллатуға болатын үтык және үтықтел тақтасы болады
1870,Көріністер пирамидаларда көрсетіледі және әртүрлі пирамидалар жанады.,"Көрнстер пирамидаларда көрсет леді, және әртіл пирамидалар жанады.",көріністер пирамидаларда көрсетіледі және әртүрлі пирамидалар жанады,көрнстер пирамидаларда көрсет леді және әртіл пирамидалар жанады
1744,"Россби нөмірі неғұрлым кішірек болса, жұлдыздың магниттену инверсиясына қатысты белсенділігі азырақ болады.",Роз бенумері негрлім кешрекпулса жолдыстын магниттені инверсиастын қатысты бельсенделегі азрак болады.,россби нөмірі неғұрлым кішірек болса жұлдыздың магниттену инверсиясына қатысты белсенділігі азырақ болады,роз бенумері негрлім кешрекпулса жолдыстын магниттені инверсиастын қатысты бельсенделегі азрак болады
1705,"1940 жылы 15 тамызда одақтастар оңтүстік Францияға басып кірді, бұл шапқыншылық «Дракон операциясы» деген атауға ие болды.","Бәрмін көзіст қырықынша жұлы, он бейсінчі тамызда, о дактастар он түстік Францияға басықкарды. Бұл шақыншылық, дракон операция сөдегін атауға и е болды.",1940 жылы 15 тамызда одақтастар оңтүстік францияға басып кірді бұл шапқыншылық дракон операциясы деген атауға ие болды,бәрмін көзіст қырықынша жұлы он бейсінчі тамызда о дактастар он түстік францияға басықкарды бұл шақыншылық дракон операция сөдегін атауға и е болды
1660,"Романтизмде Гете, Фихте, Шлегель сияқты жазушылардан алынған мәдени детерминизмнің үлкен элементі болды.","Романтизмде, Гиоте, Фиқте, Шлейгельсіяқта жазушылар да ұналыңған наденей детерминизмені үлкен элементі болда.",романтизмде гете фихте шлегель сияқты жазушылардан алынған мәдени детерминизмнің үлкен элементі болды,романтизмде гиоте фиқте шлейгельсіяқта жазушылар да ұналыңған наденей детерминизмені үлкен элементі болда
2000,"Солтүстік Балтық теңізінен қыста өтсеңіз, кабинадағы орынды қарастырыңыз, өйткені мұз арқылы өту ең көп әсер етілетін адамдар үшін айтарлықтай жаман шуды тудырады.","Солдстың болтық тейңізіні қысыда өтсенғыз кабинадағы орғынды қарастырыңыз. өткені мұзларқылы, өхті өйен көп әсер етелетін адамдарышын айтарлықтай жаман шуды тудырады.",солтүстік балтық теңізінен қыста өтсеңіз кабинадағы орынды қарастырыңыз өйткені мұз арқылы өту ең көп әсер етілетін адамдар үшін айтарлықтай жаман шуды тудырады,солдстың болтық тейңізіні қысыда өтсенғыз кабинадағы орғынды қарастырыңыз өткені мұзларқылы өхті өйен көп әсер етелетін адамдарышын айтарлықтай жаман шуды тудырады
1800,Бұл көпір 2017 жылдың қыркүйек айында толығымен жұмыс істейді деп жоспарланған. Бұл жылда бразилиялық кеден бекеттері аяқталады деп күтілуде.,"Бол көпір, екімін 17 жолдың, қордың ек айында толығы мен жүм үсістейді деп жоуспарланған. Бол жолда Бразиял леяылық кеден бекеттері аяқталады деп көтілуде.",бұл көпір 2017 жылдың қыркүйек айында толығымен жұмыс істейді деп жоспарланған бұл жылда бразилиялық кеден бекеттері аяқталады деп күтілуде,бол көпір екімін 17 жолдың қордың ек айында толығы мен жүм үсістейді деп жоуспарланған бол жолда бразиял леяылық кеден бекеттері аяқталады деп көтілуде
1711,Бұл теориялар белгілі бір адамдарды қалайтын нәрселерін не қалаттыратынын және қоршаған ортасындағы қандай нәрселер белгілі бір әрекеттерді істеткізетінін немесе істеткізбейтінін қарастырады.,"Бұл теориялар бельгілі бір адамдарды, қалайтын, нерселерін не қалаттратынын және қор шаған ортасындахы, қандай нерселер бельгілі бір әрекеттерді, үстеткізетінін, немесе үстеткіз бейтінін қарастырады.",бұл теориялар белгілі бір адамдарды қалайтын нәрселерін не қалаттыратынын және қоршаған ортасындағы қандай нәрселер белгілі бір әрекеттерді істеткізетінін немесе істеткізбейтінін қарастырады,бұл теориялар бельгілі бір адамдарды қалайтын нерселерін не қалаттратынын және қор шаған ортасындахы қандай нерселер бельгілі бір әрекеттерді үстеткізетінін немесе үстеткіз бейтінін қарастырады
1790,"Оның жұмысы соншалықты танылған сапалы және егжей-тегжейлі болғандықтан, филателистер арасында өте аз «үй иелері атауларының » бірі болып есептеледі. Кейбіреулер өзінің жұмысын жалғыздықта жинауға маманданған.",Оның жұмысы соншалықты танылған сапалы және екже-тегже елі болғандықтан филателистер арасында өте аз и елері атауларының бәріп олып есептеледі. Кейбері олер өзіның жұмысың жалқыздықта жен ауға ма манданған.,оның жұмысы соншалықты танылған сапалы және егжей тегжейлі болғандықтан филателистер арасында өте аз үй иелері атауларының бірі болып есептеледі кейбіреулер өзінің жұмысын жалғыздықта жинауға маманданған,оның жұмысы соншалықты танылған сапалы және екже тегже елі болғандықтан филателистер арасында өте аз и елері атауларының бәріп олып есептеледі кейбері олер өзіның жұмысың жалқыздықта жен ауға ма манданған
1715,"Метродағы жүйелі хабарландырулар тек каталан тілінді жасалады, бірақ автоматтандырылған жүйе жоспарланбаған үзілістерді көп тілде жариялайды: испан, ағылшын, француз, араб және жапон.","Метродағы жиелі хабарландырулар тег каталантылінді жасалады. Бырақ автоматтандрылған жиел жуспырламбаған жөзілістерді көптілді жариялайды. Испан, ағылшын, француз, араб, жені, жапон.",метродағы жүйелі хабарландырулар тек каталан тілінді жасалады бірақ автоматтандырылған жүйе жоспарланбаған үзілістерді көп тілде жариялайды испан ағылшын француз араб және жапон,метродағы жиелі хабарландырулар тег каталантылінді жасалады бырақ автоматтандрылған жиел жуспырламбаған жөзілістерді көптілді жариялайды испан ағылшын француз араб жені жапон
1869,"Оның ұзын жақтарында 70-тен астам ұстарадай өткір тістер және аузының үстіңгі жағында қосымша тістер жинағы болған, бұл оған кезіккен әрбір жануардың одан қашып кете алмайтынын білдіреді.","Оның озын жақтарымды жетпистен астам остарадай уыткіртістер, және аузының үстінгі жаңды косым шатысстер жен ақы болған. Болоған кезекен әрбір жанвардың одан кашып кете аумаитының білдереді.",оның ұзын жақтарында 70 тен астам ұстарадай өткір тістер және аузының үстіңгі жағында қосымша тістер жинағы болған бұл оған кезіккен әрбір жануардың одан қашып кете алмайтынын білдіреді,оның озын жақтарымды жетпистен астам остарадай уыткіртістер және аузының үстінгі жаңды косым шатысстер жен ақы болған болоған кезекен әрбір жанвардың одан кашып кете аумаитының білдереді
1847,Оны Сингапур премьер-министрінің орынбасары Вонг Кан Сенг күтіп алды және ол Сингапурдың премьер-министрі Ли Сьен Лунмен сауда және терроризм мәселелерін талқылады.,"Оны Сингапур Пример Министерінін орым басары Вонг-Кан Синг, Кытып Алда Жане Ол Сингапурдан Пример Министері Ли Сиен Олунмен Саудай Жане Терарейзы Мәселерін Талхылады.",оны сингапур премьер министрінің орынбасары вонг кан сенг күтіп алды және ол сингапурдың премьер министрі ли сьен лунмен сауда және терроризм мәселелерін талқылады,оны сингапур пример министерінін орым басары вонг кан синг кытып алда жане ол сингапурдан пример министері ли сиен олунмен саудай жане терарейзы мәселерін талхылады
1900,"іс жүзінде, тіпті адам оның бар екенін білсе де, оны табу оңай емес. Үңгірге түскеннен кейін толығымен оқшауланасыз.",Ошыңды түпті адам оның бар әкен бәлседі ей оны табы оңа емес.,іс жүзінде тіпті адам оның бар екенін білсе де оны табу оңай емес үңгірге түскеннен кейін толығымен оқшауланасыз,ошыңды түпті адам оның бар әкен бәлседі ей оны табы оңа емес
1808,"Соғыс аяқталғаннан кейін екі жылда, бұрынғы одақтастар енді жаулар болды және суық соғыс басталды.","Суғ са ақталғаннан кейін екі жылда бұрынғы ова тастар енді жаулар болда, чен е суғ соус пасталда.",соғыс аяқталғаннан кейін екі жылда бұрынғы одақтастар енді жаулар болды және суық соғыс басталды,суғ са ақталғаннан кейін екі жылда бұрынғы ова тастар енді жаулар болда чен е суғ соус пасталда
1977,"Прайдтар бірден үшке дейін туыс ересек еркек арыстаннан, сондай-ақ отыз аналық пен абданнан тұрады.","Прайдтар бірден 321-кересік, 221-кересік арестаннан сонда яқ, 30-аналықпен абданнан тұрады.",прайдтар бірден үшке дейін туыс ересек еркек арыстаннан сондай ақ отыз аналық пен абданнан тұрады,прайдтар бірден 321 кересік 221 кересік арестаннан сонда яқ 30 аналықпен абданнан тұрады
1904,"Дегенмен, баяу коммуникация арналарына байланысты, батыстағы стильдер 25-30 жылға қалып отырады.",Деген мен байау коммуникация ораларна байланста бастаға стилдер чермабес ваты жылға қалы ботрада.,дегенмен баяу коммуникация арналарына байланысты батыстағы стильдер 25 30 жылға қалып отырады,деген мен байау коммуникация ораларна байланста бастаға стилдер чермабес ваты жылға қалы ботрада
1880,Осылайша қарындаш шыққан кезде көп адамдарға жақсы дос болды.,О сылай шықарында шыққан кездек өп адамдарға жақсы дос болды.,осылайша қарындаш шыққан кезде көп адамдарға жақсы дос болды,о сылай шықарында шыққан кездек өп адамдарға жақсы дос болды
1769,Мысырлықтар б.д.д. үшінші ғасырда соққан Ұлы Пирамида қайтыс болған перғауынның құрметіне соғылған көп үлкен пирамида құрылымдарының біреуі еді.,"Мүсырлықтар біздің деорумізге деыңгі, үшінчу ғасарда сокбан олы пирамиді, қаңтис болған фергауның күруметіне соуылған, көп үлкен пирамиді қорылымдарының бреуи еде.",мысырлықтар б д д үшінші ғасырда соққан ұлы пирамида қайтыс болған перғауынның құрметіне соғылған көп үлкен пирамида құрылымдарының біреуі еді,мүсырлықтар біздің деорумізге деыңгі үшінчу ғасарда сокбан олы пирамиді қаңтис болған фергауның күруметіне соуылған көп үлкен пирамиді қорылымдарының бреуи еде
1704,1990 жылы ол шөл құмдары қаупіне байланысты қауіп төніп тұрған әлемдік мұралар тізіміне қосылды.,Мүңдіғуыршы 90-шылы ұл шөл құмдары қаупуне байланысты қауп төніп түрған әлемдік мұролар тізімені ең қосылды.,1990 жылы ол шөл құмдары қаупіне байланысты қауіп төніп тұрған әлемдік мұралар тізіміне қосылды,мүңдіғуыршы 90 шылы ұл шөл құмдары қаупуне байланысты қауп төніп түрған әлемдік мұролар тізімені ең қосылды
1918,Сундарбан ЮНЕСКО-ның әлемдік мұра орны деп жарияланды. Үндістан территориясындағы орманның бөлігі Сундарбан ұлттық паркі деп аталады.,Сундарбан юнесканың әлемдің мұрау ворны деп чареланады. Қінстантериатори асындакы ворманның бөлігі Сундарбан ұлтық паркеде батылады.,сундарбан юнеско ның әлемдік мұра орны деп жарияланды үндістан территориясындағы орманның бөлігі сундарбан ұлттық паркі деп аталады,сундарбан юнесканың әлемдің мұрау ворны деп чареланады қінстантериатори асындакы ворманның бөлігі сундарбан ұлтық паркеде батылады
1718,Антиквариат болып табылатын бұйымдар үшін ортақ анықтама берілмеген. Кейбір салық органдары 100 жастан асқан бұймыдарды антиквариат деп атайды.,"Антикvariат болып табылатым бұйымдар, үшін үрті қанықтама бірілмеген, кейбір салық органдары жыз жастан аскан бұймыдарды антикvariат теп атаеды.",антиквариат болып табылатын бұйымдар үшін ортақ анықтама берілмеген кейбір салық органдары 100 жастан асқан бұймыдарды антиквариат деп атайды,антикvariат болып табылатым бұйымдар үшін үрті қанықтама бірілмеген кейбір салық органдары жыз жастан аскан бұймыдарды антикvariат теп атаеды
1684,Апиа - Самоаның астанасы. Бұл қала Уполу аралында орналасқан және оның халқы 40 000-нан сәл төмен.,Апе Самуан үстанасы Болқала уполу аралымда орналыскан Женек оның халқы қрықмыңнан сәльтімен.,апиа самоаның астанасы бұл қала уполу аралында орналасқан және оның халқы 40 000 нан сәл төмен,апе самуан үстанасы болқала уполу аралымда орналыскан женек оның халқы қрықмыңнан сәльтімен
1949,Энтомологтар «жәндік» терминін осы жәндіктер тобы үшін ресми мағынада пайдаланады.,"Энтамолықтар, жәндік термейінін осы жәндіктер төбушін әсмеймі мағнада, пайдаланада.",энтомологтар жәндік терминін осы жәндіктер тобы үшін ресми мағынада пайдаланады,энтамолықтар жәндік термейінін осы жәндіктер төбушін әсмеймі мағнада пайдаланада
1999,"1960 жылдары Бжезинский Джон Кеннедидің кеңесшісі болып, содан кейін Линдон Б. Джонсон әкімшілігінде жұмыс істеді.",Мүңт оғызы ұлпсын чырылдарды Брженске Джон Кенни дедін кенгейшісі болып Содан Кейн Линдан Би Джонсын әкімшіліңде жұмысыстедің.,1960 жылдары бжезинский джон кеннедидің кеңесшісі болып содан кейін линдон б джонсон әкімшілігінде жұмыс істеді,мүңт оғызы ұлпсын чырылдарды брженске джон кенни дедін кенгейшісі болып содан кейн линдан би джонсын әкімшіліңде жұмысыстедің
1991,Еуропалық тарихтың осы кезеңінде бай және қуатты болған католик шіркеуі қатаң бақылауға алынды.,Йурополық таректін осы кезеніңде бай женіқу адты болған католик шеркеві қатанбақлауға алымды.,еуропалық тарихтың осы кезеңінде бай және қуатты болған католик шіркеуі қатаң бақылауға алынды,йурополық таректін осы кезеніңде бай женіқу адты болған католик шеркеві қатанбақлауға алымды
1692,"Жапонияның ядролық агенттігінің хабарлауынша, зауытта радиоактивті цезий мен йод анықталған.",Жапонияның ядірлақ агентың қабарлауныша зағу тарадиоактивті цезимен ет ангталыған.,жапонияның ядролық агенттігінің хабарлауынша зауытта радиоактивті цезий мен йод анықталған,жапонияның ядірлақ агентың қабарлауныша зағу тарадиоактивті цезимен ет ангталыған
1667,Жалпы алғанда менеджерлер бұрынғы әріптестеріне басшылық ете бастағанда екі түрлі қылық пайда болуы мүмкін. Бір жағынан алдыңғы «әріптестердің бірі» (немесе құрбылардың) болып қалуға тырысады.,"Жалпы алғанды менеджірлер бұрыңы әрптестеріне башылығейте бастағанды екетірлі қылық байда болылы мүмкін. Бірі жағынан алдыңы әрптестердің бәры, немесе қрыбылардың болып қалуға тұрысады.",жалпы алғанда менеджерлер бұрынғы әріптестеріне басшылық ете бастағанда екі түрлі қылық пайда болуы мүмкін бір жағынан алдыңғы әріптестердің бірі немесе құрбылардың болып қалуға тырысады,жалпы алғанды менеджірлер бұрыңы әрптестеріне башылығейте бастағанды екетірлі қылық байда болылы мүмкін бірі жағынан алдыңы әрптестердің бәры немесе қрыбылардың болып қалуға тұрысады
1704,1990 жылы ол шөл құмдары қаупіне байланысты қауіп төніп тұрған әлемдік мұралар тізіміне қосылды.,"Бәрмін 9-90-ын үнші жылы, ол үшіл қүмдары қауп не байлансты, қауп төніп тұрған әлемді қмаралар тізіміне қосауды.",1990 жылы ол шөл құмдары қаупіне байланысты қауіп төніп тұрған әлемдік мұралар тізіміне қосылды,бәрмін 9 90 ын үнші жылы ол үшіл қүмдары қауп не байлансты қауп төніп тұрған әлемді қмаралар тізіміне қосауды
2004,"Дәл осы айда тағы бір ұшақ Мешхедтің ұшу-қону жолағын басып өтіп, қабырғаға соғылып он жеті адамды өлтірді.","Далі оса иді тағы бұр шағы, мешкеттім шу қону чолағығың басы бұті, қабырғаға соғылы бонджиеті адамды уйтірді.",дәл осы айда тағы бір ұшақ мешхедтің ұшу қону жолағын басып өтіп қабырғаға соғылып он жеті адамды өлтірді,далі оса иді тағы бұр шағы мешкеттім шу қону чолағығың басы бұті қабырғаға соғылы бонджиеті адамды уйтірді
1852,"Блогтарды тиісті түрде қолдану студенттердің аналитикалық және критикалық ойлауын әлдеқайда күшейтуі мүмкін. Интернет материалдарына белсенді түрде жауап беру арқылы олар басқа адамдардың жазбаларына қатысты өздерінің позициясын айқындай алады, сондай-ақ нақты бір мәселелер бойынша өздерінің көзқарастарын білдіре алады (Oravec, 2002).",Блоктарды TST-у түрде қолданығу студенттердің аналитикалығ және критикалы қойлау ұн әлді қайдақ шейді өмүмкін. Интернет матеріалдарна белсені түрде қоап бері ұарқылы ұлар пасқадымдардың жазбаларна қатсыты өздерің пазисісті асын айқында әлады. Сонда қяқнақтыбыр мәселілір бәйінша өздерің қозғарастарым бәлдір әлады,блогтарды тиісті түрде қолдану студенттердің аналитикалық және критикалық ойлауын әлдеқайда күшейтуі мүмкін интернет материалдарына белсенді түрде жауап беру арқылы олар басқа адамдардың жазбаларына қатысты өздерінің позициясын айқындай алады сондай ақ нақты бір мәселелер бойынша өздерінің көзқарастарын білдіре алады oravec 2002,блоктарды tst у түрде қолданығу студенттердің аналитикалығ және критикалы қойлау ұн әлді қайдақ шейді өмүмкін интернет матеріалдарна белсені түрде қоап бері ұарқылы ұлар пасқадымдардың жазбаларна қатсыты өздерің пазисісті асын айқында әлады сонда қяқнақтыбыр мәселілір бәйінша өздерің қозғарастарым бәлдір әлады
1907,Соғыс басталғаннан кейін жуық арада Ұлыбритания Германияны әскери-теңіз қоршауына алды.,Сокас басталғаныңген жоуыға рада улыбрытане Германияна әскері тенгі сұршауна алда.,соғыс басталғаннан кейін жуық арада ұлыбритания германияны әскери теңіз қоршауына алды,сокас басталғаныңген жоуыға рада улыбрытане германияна әскері тенгі сұршауна алда
1805,"Scotturb 403 автобусы Синтраға қалыпты түрде қатынап отырады да, Рока мүйісінде тоқтайды.","Скат-цұр-тұр-чұзыш афталысы, сентр ақа халты тұрде қатнабу тұрадыда, Рокам есінде тұқтайда.",scotturb 403 автобусы синтраға қалыпты түрде қатынап отырады да рока мүйісінде тоқтайды,скат цұр тұр чұзыш афталысы сентр ақа халты тұрде қатнабу тұрадыда рокам есінде тұқтайда
1760,"Мозасавр өз заманының ең жоғары жыртқышы болған, сондықтан ол басқа мозасаврлардан басқа ештеңеден қорықпаған.","Мазасабр-руыззаманның ең жұғарға дүрші болған, сондықтан ол басқа мазасабрлардан басқай ештенгеден қорқпаған.",мозасавр өз заманының ең жоғары жыртқышы болған сондықтан ол басқа мозасаврлардан басқа ештеңеден қорықпаған,мазасабр руыззаманның ең жұғарға дүрші болған сондықтан ол басқа мазасабрлардан басқай ештенгеден қорқпаған
1741,"Солтүстікте ары қарай орналасқан үлкен аумақтарда халық өте сирек қоныстанған, ал кейбіреулері елсіз дерлік жабайы жерлер.",Солдстықте арығарай орналыз қан үлкен алмактарда халық өте серегі қоныстан қан алкейбрюлері елсіздерлік жабайышерлер.,солтүстікте ары қарай орналасқан үлкен аумақтарда халық өте сирек қоныстанған ал кейбіреулері елсіз дерлік жабайы жерлер,солдстықте арығарай орналыз қан үлкен алмактарда халық өте серегі қоныстан қан алкейбрюлері елсіздерлік жабайышерлер
1700,"Күңгірт жерлердің асты жұқа, ал жарық жерлердің асты қалың тау жынысынан тұрады.","Күнгір тү жерелердің астыр жақа, ау жарығ жерелердің асты қалың тау жүмістан түрады.",күңгірт жерлердің асты жұқа ал жарық жерлердің асты қалың тау жынысынан тұрады,күнгір тү жерелердің астыр жақа ау жарығ жерелердің асты қалың тау жүмістан түрады
1674,"Кейбір аумақтарда суды бір минут бойы қайнату жеткілікті, ал басқаларында бірнеше минут қажет.",Ки бір алмақтарда суды бір минутты боя кайна тұжет кілікті. Ал басқаларымда бір нешен минутқа жет.,кейбір аумақтарда суды бір минут бойы қайнату жеткілікті ал басқаларында бірнеше минут қажет,ки бір алмақтарда суды бір минутты боя кайна тұжет кілікті ал басқаларымда бір нешен минутқа жет
1797,Әр адам қоғамға қатысады және көлік жүйелерін пайдаланады. Әркім дерлік көлік жүйелері туралы шағымданады.,Эр адам қуғамға қатсады және көлік жүйілірін пайдаланады. Еркімдерілік көлік жүйілірі туралы шағымданады.,әр адам қоғамға қатысады және көлік жүйелерін пайдаланады әркім дерлік көлік жүйелері туралы шағымданады,эр адам қуғамға қатсады және көлік жүйілірін пайдаланады еркімдерілік көлік жүйілірі туралы шағымданады
1770,"Бұл орынды болып көрінеді, өйткені Жердің қозғалғаны сезілмейді, солай емес пе?","Был урында болып күрнеді, өткені жертін козғағаны сез өлмейді, сұлай меспе.",бұл орынды болып көрінеді өйткені жердің қозғалғаны сезілмейді солай емес пе,был урында болып күрнеді өткені жертін козғағаны сез өлмейді сұлай меспе
1729,"Мысалы, Солтүстік Каролина штатындағы Беннет мектебінің студенттері жыл сайын штат астанасына сапары туралы веб-сайтын жасайды, бұл веб-сайт жыл сайын қайта жасалады, бірақ ескі нұсқалар альбом ретінде онлайн сақталады.",Мүсалы Солстык Каралина аштынадағы Беннеп Мектеевенғы студентері Джолсайын аштынастына сапару туралы вебсейтін десейді. Бұл вебсай Джолсайын қайта десалады. Бірақ ескін үскалар альбом ретінде онлайн сақталады.,мысалы солтүстік каролина штатындағы беннет мектебінің студенттері жыл сайын штат астанасына сапары туралы веб сайтын жасайды бұл веб сайт жыл сайын қайта жасалады бірақ ескі нұсқалар альбом ретінде онлайн сақталады,мүсалы солстык каралина аштынадағы беннеп мектеевенғы студентері джолсайын аштынастына сапару туралы вебсейтін десейді бұл вебсай джолсайын қайта десалады бірақ ескін үскалар альбом ретінде онлайн сақталады
1799,"Сәрсенбі күнгі оқиғадан басқа, Карпанедо чемпионаттағы екі жеке жарыста қатысты.",Серсен бүкүнгі оқығығыдан басқа Карпаньядо чемпионаттағы ек джекет жарсты қатысты.,сәрсенбі күнгі оқиғадан басқа карпанедо чемпионаттағы екі жеке жарыста қатысты,серсен бүкүнгі оқығығыдан басқа карпаньядо чемпионаттағы ек джекет жарсты қатысты
1755,Бір бомба генерал-губернатор кеңсесінің сыртында жарылды.,Бір бомба генерал гебвернатор кенсестінін сүртін да жаралда.,бір бомба генерал губернатор кеңсесінің сыртында жарылды,бір бомба генерал гебвернатор кенсестінін сүртін да жаралда
1757,"Тек ұрықтық жасушалардағы мутация балаларға өтуі мүмкін, ал басқа орындағы мутация жасушалар өлімге немесе қатерлі ісікке әкелуі мүмкін.",Те қорықтық жасушалардағы мудатса үліларға өту үмінкін. Ал басқауырмдағы мудатса жасушалар өлімге үмесе қатерлі үсікке әкелі үмінкін.,тек ұрықтық жасушалардағы мутация балаларға өтуі мүмкін ал басқа орындағы мутация жасушалар өлімге немесе қатерлі ісікке әкелуі мүмкін,те қорықтық жасушалардағы мудатса үліларға өту үмінкін ал басқауырмдағы мудатса жасушалар өлімге үмесе қатерлі үсікке әкелі үмінкін
1909,"Виртуалды топтар кәдімгі топтар сияқты бірдей жоғары сапа стандарттарын ұстанады, дегенмен мұнда кішігірім айырмашылықтар бар.","Виртуалды топтар, кәдімгі топтар сяқты бірде ейі жоғары сапа стандарттарныңыстанады. Дегені мүнді қүшегір маермашлықтар бар.",виртуалды топтар кәдімгі топтар сияқты бірдей жоғары сапа стандарттарын ұстанады дегенмен мұнда кішігірім айырмашылықтар бар,виртуалды топтар кәдімгі топтар сяқты бірде ейі жоғары сапа стандарттарныңыстанады дегені мүнді қүшегір маермашлықтар бар
1859,Орта ғасырлардың соңына қарай Батыс Еуропа өз стилін дамыта бастады. Бұл уақыттағы кірескерлердің нәтижесіндегі ең үлкен дамуларының бірі болып адамдардың киімін жабу үшін түймелерді пайдалануы табылады.,"Ордағасыларны Қарай, бацтейвуропа уэстейлін дамыта бастада. Бұл вақтаға к рискерлердіңі түйесіндегі еңілкен дамуларын бірбалып. Адамдардың кеймін жабуышын тюймелерді пайдаланыңы табылады.",орта ғасырлардың соңына қарай батыс еуропа өз стилін дамыта бастады бұл уақыттағы кірескерлердің нәтижесіндегі ең үлкен дамуларының бірі болып адамдардың киімін жабу үшін түймелерді пайдалануы табылады,ордағасыларны қарай бацтейвуропа уэстейлін дамыта бастада бұл вақтаға к рискерлердіңі түйесіндегі еңілкен дамуларын бірбалып адамдардың кеймін жабуышын тюймелерді пайдаланыңы табылады
1700,"Күңгірт жерлердің асты жұқа, ал жарық жерлердің асты қалың тау жынысынан тұрады.","Күнғыр черелердің асты жықа, ал жағырад жерелердің асты қалың таужынысынан түрады.",күңгірт жерлердің асты жұқа ал жарық жерлердің асты қалың тау жынысынан тұрады,күнғыр черелердің асты жықа ал жағырад жерелердің асты қалың таужынысынан түрады
1684,Апиа - Самоаның астанасы. Бұл қала Уполу аралында орналасқан және оның халқы 40 000-нан сәл төмен.,"Апе самуаның астанасы, Бұл қала уполу аралымда урнауыскам, Жене оның халқық қрығманнанғ сәль түмін.",апиа самоаның астанасы бұл қала уполу аралында орналасқан және оның халқы 40 000 нан сәл төмен,апе самуаның астанасы бұл қала уполу аралымда урнауыскам жене оның халқық қрығманнанғ сәль түмін
1937,"Дегенмен, бұл жоспарлар бір түнде дерлік ескіріп кетті. Кеңес Одағының қызыл әскернің 800 000 сарбазы келіп, Ригадағы бейбітшілік туралы келісімді, кеңес-поляк агрессия жасамау туралы пактісін және басқа халықаралық (екі жақты және көп жақты) келісімдерді бұза отырып Польшаның шығыс аймақтарына басып кіргеннен кейін Беларус және Украина фронттарын жасады.","Дегенмен бөл болуң жоспарлар біртінде деріік ескіріп кетті. Кенес одағының қазыл әскеріның сегізжізмін сарбазы келіп, регадағы бейбетшелік туралы келесімді, кенес па лак агрессия жасамал туралы пактесін және басқа халқаралық екіжақты, және көб жақты келесімдерді бұзауудырып Поршаның шығыз аймахтарн абасып, қырген нен кейін Беларустчене Украина фронттарны жасады.",дегенмен бұл жоспарлар бір түнде дерлік ескіріп кетті кеңес одағының қызыл әскернің 800 000 сарбазы келіп ригадағы бейбітшілік туралы келісімді кеңес поляк агрессия жасамау туралы пактісін және басқа халықаралық екі жақты және көп жақты келісімдерді бұза отырып польшаның шығыс аймақтарына басып кіргеннен кейін беларус және украина фронттарын жасады,дегенмен бөл болуң жоспарлар біртінде деріік ескіріп кетті кенес одағының қазыл әскеріның сегізжізмін сарбазы келіп регадағы бейбетшелік туралы келесімді кенес па лак агрессия жасамал туралы пактесін және басқа халқаралық екіжақты және көб жақты келесімдерді бұзауудырып поршаның шығыз аймахтарн абасып қырген нен кейін беларустчене украина фронттарны жасады
1776,"Бір түн ішінде 150-ден 200-ге дейін көшірмелер жасалып, олар қазір «Dunlap broadsides» ретінде белгілі.",Піртін үшінде дүзеліуден 200 ге деяң көшірмелері жасалы болқазыр Донлап Браудсайд сретінде белғылы.,бір түн ішінде 150 ден 200 ге дейін көшірмелер жасалып олар қазір dunlap broadsides ретінде белгілі,піртін үшінде дүзеліуден 200 ге деяң көшірмелері жасалы болқазыр донлап браудсайд сретінде белғылы
2005,Бірақ құстарда динозаврдікіне ұқсайтын көп нәрселер әлі де бар.,Бірақ қустарда дина заврыдықыне оқсайтын көп нерселеріде. Әлі демар.,бірақ құстарда динозаврдікіне ұқсайтын көп нәрселер әлі де бар,бірақ қустарда дина заврыдықыне оқсайтын көп нерселеріде әлі демар
2001,"Саяхаттаушыларға өз аумағына әсер ететін ауыр ауа райының кез келген қаупі туралы хабардар болу туралы кеңес беріледі, өйткені олар барлық саяхаттау туралы жоспарларға әсер етуі мүмкін.","Саекғаттавшыларға, өзеу мағна асерететін ауор ауарайынын кейсгілген каупы туралы, хабардар болу туралы кенес бірледі. өткені олар, барлық саекғаттав туралы жоспарларға асеретуы нынкін.",саяхаттаушыларға өз аумағына әсер ететін ауыр ауа райының кез келген қаупі туралы хабардар болу туралы кеңес беріледі өйткені олар барлық саяхаттау туралы жоспарларға әсер етуі мүмкін,саекғаттавшыларға өзеу мағна асерететін ауор ауарайынын кейсгілген каупы туралы хабардар болу туралы кенес бірледі өткені олар барлық саекғаттав туралы жоспарларға асеретуы нынкін
1666,"Сондай-ақ өзіңіздікінен басқа үкіметтерден кеңес алғыңыз келуі мүмкін, бірақ олардың кеңесі өз азаматтарына арналған.","Сондаяқ, өзенізді көнеін ұска құкыметтерден кенес алғаныз келі омым көм. Бірақ олардың кенесі өз әзаматтарна арналған.",сондай ақ өзіңіздікінен басқа үкіметтерден кеңес алғыңыз келуі мүмкін бірақ олардың кеңесі өз азаматтарына арналған,сондаяқ өзенізді көнеін ұска құкыметтерден кенес алғаныз келі омым көм бірақ олардың кенесі өз әзаматтарна арналған
1769,Мысырлықтар б.д.д. үшінші ғасырда соққан Ұлы Пирамида қайтыс болған перғауынның құрметіне соғылған көп үлкен пирамида құрылымдарының біреуі еді.,Масырлықтар бізден Қыздың заманымызға деыңгі үшінчі ғасыбда соқын ұлу пирамида қайтыс болған пирғауның құрым едіні сауыған көбілкен пирамида құрымдарның бірейі бейді.,мысырлықтар б д д үшінші ғасырда соққан ұлы пирамида қайтыс болған перғауынның құрметіне соғылған көп үлкен пирамида құрылымдарының біреуі еді,масырлықтар бізден қыздың заманымызға деыңгі үшінчі ғасыбда соқын ұлу пирамида қайтыс болған пирғауның құрым едіні сауыған көбілкен пирамида құрымдарның бірейі бейді
