id,ref,hyp,ref_norm,hyp_norm
1788,АҚШ-тың Гимнастика федерациясы АҚШ Олимпиада комитетінің хатын қолдайды және біздің барлық спортсмендер үшін қоршаған ортаның қауіпсіздігін арттырудың абсолютті қажеттілігін мойындайды.,АҚШ-тың демнастика федерациясы АҚШ Олимпиада комитетінің қатын қолдайды және біздің барлық спортсмендер үшін қоршаған ортаның қауіпсіздігін арттырудың абсолютті қажеттілігін мойындайды.,ақш тың гимнастика федерациясы ақш олимпиада комитетінің хатын қолдайды және біздің барлық спортсмендер үшін қоршаған ортаның қауіпсіздігін арттырудың абсолютті қажеттілігін мойындайды,ақш тың демнастика федерациясы ақш олимпиада комитетінің қатын қолдайды және біздің барлық спортсмендер үшін қоршаған ортаның қауіпсіздігін арттырудың абсолютті қажеттілігін мойындайды
1749,Оны «вичи» француздар билеген. Бұл 1940 жылы немістермен бейбіт келісім жасасқан және  соғысудың орнына жаулаушылармен бірге жұмыс істеген француздар болды.,"Она Вичи француздар билеген, бұл 1940 жылы немістермен бейбіт келісін жасасқан және соғысудың орнына жаулаушылармен бірге жұмыс істеген француздар болды.",оны вичи француздар билеген бұл 1940 жылы немістермен бейбіт келісім жасасқан және соғысудың орнына жаулаушылармен бірге жұмыс істеген француздар болды,она вичи француздар билеген бұл 1940 жылы немістермен бейбіт келісін жасасқан және соғысудың орнына жаулаушылармен бірге жұмыс істеген француздар болды
1701,Ешкілер алғаш рет қол үйретілген уақыт Иранның Загрос тауларында шамамен 10 000 жыл бұрын деп саналады.,Ешкілер алғаш рет қол үйретілген уақыт Иранның за гроз тауларында шамамен 10 000 жыл бұрын деп саналады.,ешкілер алғаш рет қол үйретілген уақыт иранның загрос тауларында шамамен 10 000 жыл бұрын деп саналады,ешкілер алғаш рет қол үйретілген уақыт иранның за гроз тауларында шамамен 10 000 жыл бұрын деп саналады
1846,Сондықтан бұл пішімнің арақатынасы (ең қарапайым бүтін санның қатынасын алу үшін он екіге бөлу) 3:2 деп айтылады.,"Сондықтан, бұл пішімнің арақатынаса, ең қарапайым бүтін саның қатынасын алу үшін он екеге бөлі, үшті екі деп аталады.",сондықтан бұл пішімнің арақатынасы ең қарапайым бүтін санның қатынасын алу үшін он екіге бөлу 3 2 деп айтылады,сондықтан бұл пішімнің арақатынаса ең қарапайым бүтін саның қатынасын алу үшін он екеге бөлі үшті екі деп аталады
1975,Ватикан қаласы халқының саны — шамамен 800. Бұл — дүние жүзіндегі ең шағын тәуелсіз ел және халық саны ең аз ел.,"Ватикан қаласы халқының саны шамамен 8800, бұл дүние жүзіндегі ең шағын тәуелсіз ел және халық сана ең аз ел.",ватикан қаласы халқының саны шамамен 800 бұл дүние жүзіндегі ең шағын тәуелсіз ел және халық саны ең аз ел,ватикан қаласы халқының саны шамамен 8800 бұл дүние жүзіндегі ең шағын тәуелсіз ел және халық сана ең аз ел
1708,Хьюн қызметтен кетуді сұранды және оны кабинетте Эд Дэви МП ауыстырады. Норман Лэмб МП Дэви босатып жатқан Бизнес министрі жұмысын алады деп күтілуде.,Хюм қызметтен кетуді сұранды және оны кабинетте addDVMP алыстырады. Normal Lamp MP DV босатып жатқан бизнес-министрі жұмысын алады деп күтілуде.,хьюн қызметтен кетуді сұранды және оны кабинетте эд дэви мп ауыстырады норман лэмб мп дэви босатып жатқан бизнес министрі жұмысын алады деп күтілуде,хюм қызметтен кетуді сұранды және оны кабинетте adddvmp алыстырады normal lamp mp dv босатып жатқан бизнес министрі жұмысын алады деп күтілуде
1994,"Егер сіз романдық тілді білсеңіз, сізге португал тілін үйрену оңайырақ болатынын айтпай-ақ қойса да болады.","Егер сіз рамандық тілді білсеңіз, сізге португал тілін үйрені оңайырақ болатынын айтпайы қойсады болады.",егер сіз романдық тілді білсеңіз сізге португал тілін үйрену оңайырақ болатынын айтпай ақ қойса да болады,егер сіз рамандық тілді білсеңіз сізге португал тілін үйрені оңайырақ болатынын айтпайы қойсады болады
1956,Тауарларды тасымалдау үшін кемелерді пайдалану әзірше адамдардың және тауарлардың үлкен мөлшерлерін мұхиттарда жылжытудың ең тиімді жолы болып табылады.,Тауарларды тасымалдау үшін кемелерді пайдалану әзірші адамдардық және тауарладың үлкен мөлшерлерін мұхиттарды жылжытудың ең тиімді жолы болып табылады.,тауарларды тасымалдау үшін кемелерді пайдалану әзірше адамдардың және тауарлардың үлкен мөлшерлерін мұхиттарда жылжытудың ең тиімді жолы болып табылады,тауарларды тасымалдау үшін кемелерді пайдалану әзірші адамдардық және тауарладың үлкен мөлшерлерін мұхиттарды жылжытудың ең тиімді жолы болып табылады
1994,"Егер сіз романдық тілді білсеңіз, сізге португал тілін үйрену оңайырақ болатынын айтпай-ақ қойса да болады.","Егер сіз рамандық тілді білсеңіз, сізге португал тілін үйрену оңэрак болатынын айтпаяқ қойса да болады.",егер сіз романдық тілді білсеңіз сізге португал тілін үйрену оңайырақ болатынын айтпай ақ қойса да болады,егер сіз рамандық тілді білсеңіз сізге португал тілін үйрену оңэрак болатынын айтпаяқ қойса да болады
1965,"Олар қауіпсіз жүзуге арналған құмды жағажайлардың барлығына дерлік, және олардың көпшілігінде похутукава ағаштарымен қамтамасыз етілген.",Олар қауіпсіз жүзуге арналған құмды жағажайлардың барлығына дерлік және олардың көпшілігінде Поху Тукава ағаштарымен қамтамасыз етілген.,олар қауіпсіз жүзуге арналған құмды жағажайлардың барлығына дерлік және олардың көпшілігінде похутукава ағаштарымен қамтамасыз етілген,олар қауіпсіз жүзуге арналған құмды жағажайлардың барлығына дерлік және олардың көпшілігінде поху тукава ағаштарымен қамтамасыз етілген
1706,"Дәстүрлірек шіркеулер Пасха демалыс күндері сенбі түні пасхалық таңғы ғибадатты өткізеді, жиналыстар жиі түн ортасында Мәсіхтің қайта тірілуін мерекелеуге айналады.","Дәстүрлі рек шіркеулер пасқа демалыс күндері сенбі түні пасқалық таңғы ғибадатты өткізеді, жиналыстар жиі түн ортасында мәсіқтің қайта тірілуін мерекелеуге айналады.",дәстүрлірек шіркеулер пасха демалыс күндері сенбі түні пасхалық таңғы ғибадатты өткізеді жиналыстар жиі түн ортасында мәсіхтің қайта тірілуін мерекелеуге айналады,дәстүрлі рек шіркеулер пасқа демалыс күндері сенбі түні пасқалық таңғы ғибадатты өткізеді жиналыстар жиі түн ортасында мәсіқтің қайта тірілуін мерекелеуге айналады
1886,"Ежелгі мәдениеттер мен тайпалар сүтке, жүнге, етке және терілерге оңай қол жеткізу үшін оларды өсіре бастады.","Ежелгі мәдениеттер мен тайпалар сүтке, жүнге, етке және терілдерге оңай қолы жеткізу үшін оларды өсірі бастады.",ежелгі мәдениеттер мен тайпалар сүтке жүнге етке және терілерге оңай қол жеткізу үшін оларды өсіре бастады,ежелгі мәдениеттер мен тайпалар сүтке жүнге етке және терілдерге оңай қолы жеткізу үшін оларды өсірі бастады
1859,Орта ғасырлардың соңына қарай Батыс Еуропа өз стилін дамыта бастады. Бұл уақыттағы кірескерлердің нәтижесіндегі ең үлкен дамуларының бірі болып адамдардың киімін жабу үшін түймелерді пайдалануы табылады.,"Ортағасырлардың соңына қарай Батыс Еуропа өз телін дамы табастады, бұл уақыттағы кірескерлердің нәтиесіндегі ең үлкен дамуларының бірі болып адамдарды киімін жабу үшін түймелерді пайдалануы табылады.",орта ғасырлардың соңына қарай батыс еуропа өз стилін дамыта бастады бұл уақыттағы кірескерлердің нәтижесіндегі ең үлкен дамуларының бірі болып адамдардың киімін жабу үшін түймелерді пайдалануы табылады,ортағасырлардың соңына қарай батыс еуропа өз телін дамы табастады бұл уақыттағы кірескерлердің нәтиесіндегі ең үлкен дамуларының бірі болып адамдарды киімін жабу үшін түймелерді пайдалануы табылады
1756,АҚШ президенті Дональд Трамп жексенбі күні кешкі баспасөз хатшысы арқылы жасаған мәлімдемесінде АҚШ қарушы күштерін Сириядан алып шығуы туралы мәлімдеді.,АҚШ президенті Дональд Трамп жексенбі күні кешкі баспасөз хатшысы арқылы жасаған мәлімдемесінде АҚШ қарушы кіштерін Сириядан алып шығуы туралы мәлімдеді.,ақш президенті дональд трамп жексенбі күні кешкі баспасөз хатшысы арқылы жасаған мәлімдемесінде ақш қарушы күштерін сириядан алып шығуы туралы мәлімдеді,ақш президенті дональд трамп жексенбі күні кешкі баспасөз хатшысы арқылы жасаған мәлімдемесінде ақш қарушы кіштерін сириядан алып шығуы туралы мәлімдеді
1691,"Кейбір маршруттарда үлкенірек компаниялардың өз ұшақтары бар, бірақ басқа маршруттарда және кішірек фирмаларда мәселе болған.","Кейбір маршруттарда үлкенірек компаниялардың өз ұшақтары бар, бірақ басқа маршруттарда және кішірек фирмаларда мәселе болған.",кейбір маршруттарда үлкенірек компаниялардың өз ұшақтары бар бірақ басқа маршруттарда және кішірек фирмаларда мәселе болған,кейбір маршруттарда үлкенірек компаниялардың өз ұшақтары бар бірақ басқа маршруттарда және кішірек фирмаларда мәселе болған
1664,"Екі құрғақ ұнтақты араластырыңыз, содан кейін таза, ылғалды қолдармен оларды қысып, шарик жасаңыз.","Екі құрға құнтақты араластырыңыз, содан кейін таза ылғалды қолдармен оларды қысып, шарикджасаңыз.",екі құрғақ ұнтақты араластырыңыз содан кейін таза ылғалды қолдармен оларды қысып шарик жасаңыз,екі құрға құнтақты араластырыңыз содан кейін таза ылғалды қолдармен оларды қысып шарикджасаңыз
1899,Мұхаммед өзінің күнделікті өмірінен тыс мәселелерге қатты қызығатын. Ол ойлану үшін «Нұр» (жарық) тауындағы «Хира» ретінде белгілі болған үңгірге жиі баратын.,"Мұхаммед өзінің күнделік төмірінен тұс мәселелерге қатты қызығатын, ол ойлану үшін Нор жарық тауындағы хираретінде белгілі болған үңгірге жиі баратын.",мұхаммед өзінің күнделікті өмірінен тыс мәселелерге қатты қызығатын ол ойлану үшін нұр жарық тауындағы хира ретінде белгілі болған үңгірге жиі баратын,мұхаммед өзінің күнделік төмірінен тұс мәселелерге қатты қызығатын ол ойлану үшін нор жарық тауындағы хираретінде белгілі болған үңгірге жиі баратын
1692,"Жапонияның ядролық агенттігінің хабарлауынша, зауытта радиоактивті цезий мен йод анықталған.","Жапонияның ядролық агенттігінің қабарлауынша, зауытта радиактивті Цези мен Ют анықталған.",жапонияның ядролық агенттігінің хабарлауынша зауытта радиоактивті цезий мен йод анықталған,жапонияның ядролық агенттігінің қабарлауынша зауытта радиактивті цези мен ют анықталған
1746,Өсімдіктер күн сәулесінен фотосинтез арқылы қуат алады. Олар сонымен қатар көлеңе береді.,"Өсімдіктер күн сәулесінен фотосинтіс арқылы қо аталады, олар сонымен қатар көленге береді.",өсімдіктер күн сәулесінен фотосинтез арқылы қуат алады олар сонымен қатар көлеңе береді,өсімдіктер күн сәулесінен фотосинтіс арқылы қо аталады олар сонымен қатар көленге береді
1708,Хьюн қызметтен кетуді сұранды және оны кабинетте Эд Дэви МП ауыстырады. Норман Лэмб МП Дэви босатып жатқан Бизнес министрі жұмысын алады деп күтілуде.,Хюн қызметтен кетуді сұранды және оны кабинетте add Devi MP ауыстырады. NormandLamp MP Devi босатып жатқан бизнес-министре жұмысын алады деп күтілуде.,хьюн қызметтен кетуді сұранды және оны кабинетте эд дэви мп ауыстырады норман лэмб мп дэви босатып жатқан бизнес министрі жұмысын алады деп күтілуде,хюн қызметтен кетуді сұранды және оны кабинетте add devi mp ауыстырады normandlamp mp devi босатып жатқан бизнес министре жұмысын алады деп күтілуде
1686,"Нәтижесінде, кедергіні  жеңу мақсатында бірлескен жұмысты ұйымдастыру процесі тапсырыс берушілердің қажеттіліктеріне қызмет ететін жаңа инновациялық процеске әкелуі мүмкін.",Нәтижесінде кедергіні жеңу мақсатында бірлескен жұңысты ұйымдастыру процесі тапсырыс берушілердің қажеттіліктеріне қызмет ететін жаңа инновациялық процеске әкелуі мүмкін.,нәтижесінде кедергіні жеңу мақсатында бірлескен жұмысты ұйымдастыру процесі тапсырыс берушілердің қажеттіліктеріне қызмет ететін жаңа инновациялық процеске әкелуі мүмкін,нәтижесінде кедергіні жеңу мақсатында бірлескен жұңысты ұйымдастыру процесі тапсырыс берушілердің қажеттіліктеріне қызмет ететін жаңа инновациялық процеске әкелуі мүмкін
1670,"""Олардың температуралық сипаттамалары жер бетіндегі тұрақты температураны сақтайтын үлкен үңгірлер сияқты тұрақты емес, бірақ бұл олардың жердегі терең үңгірлерге сәйкес келеді"", - деді Глен Кушинг, АҚШ геологиялық қызметі (USGS) астрогеология тобы және Аризона штатының Флагстафф қаласында орналасқан Солтүстік Аризона университетінің мүшесі Глен Кушинг.","Олардың температуралық сипаттамалары жер бетіндегі тұрақты температураны сақтайтын үлкен үңгірлер сияқты тұрақ деймес, бірақ бұл олардың жердегі терең үңгірлерге сәйкес келеді деді Гленг Кушинг, ақыш келогиялық қызметі USGS, астрология тобы және Аризоно штатының Флакстаф қаласында орналасқан Солтүстік Аризоно универсетінің мүшесі Гленг Кушинг.",олардың температуралық сипаттамалары жер бетіндегі тұрақты температураны сақтайтын үлкен үңгірлер сияқты тұрақты емес бірақ бұл олардың жердегі терең үңгірлерге сәйкес келеді деді глен кушинг ақш геологиялық қызметі usgs астрогеология тобы және аризона штатының флагстафф қаласында орналасқан солтүстік аризона университетінің мүшесі глен кушинг,олардың температуралық сипаттамалары жер бетіндегі тұрақты температураны сақтайтын үлкен үңгірлер сияқты тұрақ деймес бірақ бұл олардың жердегі терең үңгірлерге сәйкес келеді деді гленг кушинг ақыш келогиялық қызметі usgs астрология тобы және аризоно штатының флакстаф қаласында орналасқан солтүстік аризоно универсетінің мүшесі гленг кушинг
1844,Айдың беті тау жынысы мен шаңнан тұрады. Айдың сыртқы қабаты қабық деп аталады.,"Айдың беті тау жынысымен шаңнан тұрады, айдың сыртқы қабаты қабық деп аталады.",айдың беті тау жынысы мен шаңнан тұрады айдың сыртқы қабаты қабық деп аталады,айдың беті тау жынысымен шаңнан тұрады айдың сыртқы қабаты қабық деп аталады
1902,Алдымен ол Грейт-Ярмуттегі Джеймс Пейджет ауруханасына түсті.,Алдымен OL Great ярмуттегі Джеймс Пейджет ауруханна түсті.,алдымен ол грейт ярмуттегі джеймс пейджет ауруханасына түсті,алдымен ol great ярмуттегі джеймс пейджет ауруханна түсті
1816,"Үйленген, екі ересек баласы бар Дюваль хикаяны тыңдаған Миллерге үлкен әсер қалдырмады.",Үйленген екі жересек баласы бар дзюваль хикаяны тыңдаған меллерге үлкен әсер қалдырмады.,үйленген екі ересек баласы бар дюваль хикаяны тыңдаған миллерге үлкен әсер қалдырмады,үйленген екі жересек баласы бар дзюваль хикаяны тыңдаған меллерге үлкен әсер қалдырмады
1840,"Италияның көптеген қалаларында және әлемдегі басқа да қалаларда, әсіресе Польшада, соған ұқсас қондырмалар орнатылды және бұған көптеген адамдар куә болды.","Италияның көптеген қалаларында және әлемдегі басқа да қалаларда, әсіресі полшада, соған ұқсас қондырмалар орнатылды және бұған көптеген адамдар куәп алды.",италияның көптеген қалаларында және әлемдегі басқа да қалаларда әсіресе польшада соған ұқсас қондырмалар орнатылды және бұған көптеген адамдар куә болды,италияның көптеген қалаларында және әлемдегі басқа да қалаларда әсіресі полшада соған ұқсас қондырмалар орнатылды және бұған көптеген адамдар куәп алды
1936,"Пэрри түнгі сайлау алды жиналысының нәтижелерін бағалау үшін Техасқа оралатынын, өзі үшін осы жарыста алға жүретін жол бар-жоғын анықтайтынын мәлімдеді, бірақ кейінірек жарыста қалатынын және 21 қаңтардағы Оңтүстік Каролинадағы бастапқы сайлауға қатысатынын айтты.","Ферри түнгі сайлау алды жиналысының нәтижелердің бағалау үшін Техасқа оралатын өз үшін осы жарысты алған жүретін жолы бар жоғы анықтайтын мәлімдеді, бірақ кейінірек жарысты қалатын және 21 хаңтардағы оңтүстік Каролинадағы бастапқы сайлауға қатысатынын айтты.",пэрри түнгі сайлау алды жиналысының нәтижелерін бағалау үшін техасқа оралатынын өзі үшін осы жарыста алға жүретін жол бар жоғын анықтайтынын мәлімдеді бірақ кейінірек жарыста қалатынын және 21 қаңтардағы оңтүстік каролинадағы бастапқы сайлауға қатысатынын айтты,ферри түнгі сайлау алды жиналысының нәтижелердің бағалау үшін техасқа оралатын өз үшін осы жарысты алған жүретін жолы бар жоғы анықтайтын мәлімдеді бірақ кейінірек жарысты қалатын және 21 хаңтардағы оңтүстік каролинадағы бастапқы сайлауға қатысатынын айтты
1788,АҚШ-тың Гимнастика федерациясы АҚШ Олимпиада комитетінің хатын қолдайды және біздің барлық спортсмендер үшін қоршаған ортаның қауіпсіздігін арттырудың абсолютті қажеттілігін мойындайды.,АҚШ-тың гимнастика федерациясы АҚШ Олимпиада комитетінің хатын қолдайды және біздің барлық спортсмендер үшін қоршаған ортаның қауіпсіздігін Арттырудың абсолютті қажеттілігін мойындайды.,ақш тың гимнастика федерациясы ақш олимпиада комитетінің хатын қолдайды және біздің барлық спортсмендер үшін қоршаған ортаның қауіпсіздігін арттырудың абсолютті қажеттілігін мойындайды,ақш тың гимнастика федерациясы ақш олимпиада комитетінің хатын қолдайды және біздің барлық спортсмендер үшін қоршаған ортаның қауіпсіздігін арттырудың абсолютті қажеттілігін мойындайды
1758,Архипелаг түбектен солтүстікке таман 120 км жерде орналасқан. Ең ірісі - Вилла Лас Эстреллас елді мекеніне ие Кинг Джордж аралы.,Архипелаг түбектен солтүстікке таман 120 км жерде орналасқан. Ең ірісі Вилла Лас Эстралас елді мекеніне ие Кинк Джордж Аралы.,архипелаг түбектен солтүстікке таман 120 км жерде орналасқан ең ірісі вилла лас эстреллас елді мекеніне ие кинг джордж аралы,архипелаг түбектен солтүстікке таман 120 км жерде орналасқан ең ірісі вилла лас эстралас елді мекеніне ие кинк джордж аралы
1691,"Кейбір маршруттарда үлкенірек компаниялардың өз ұшақтары бар, бірақ басқа маршруттарда және кішірек фирмаларда мәселе болған.","Кейбір маршруттарда үлкенірек компаниялардың өз шақтары бар, бірақ басқа маршруттарда және кішірек фирмаларда мәселе болған.",кейбір маршруттарда үлкенірек компаниялардың өз ұшақтары бар бірақ басқа маршруттарда және кішірек фирмаларда мәселе болған,кейбір маршруттарда үлкенірек компаниялардың өз шақтары бар бірақ басқа маршруттарда және кішірек фирмаларда мәселе болған
1964,"Қазірге дейін әйгілі ""25 Данлэп парақтары"" құжаттың ең көне көшірмелері болып табылады. Түпнұсқалық қолжазба көшірмесі сақталмаған.","Қазірге дейін әйгілі 25 Данлеп барақтары құжаттың ең көне көшірмелер болып табылады, түп нұсқалық қолжазба көшірмесі сақталмаған.",қазірге дейін әйгілі 25 данлэп парақтары құжаттың ең көне көшірмелері болып табылады түпнұсқалық қолжазба көшірмесі сақталмаған,қазірге дейін әйгілі 25 данлеп барақтары құжаттың ең көне көшірмелер болып табылады түп нұсқалық қолжазба көшірмесі сақталмаған
1987,Апат биік таулы жерлерде орын алған және дұшпандық мағынадағы өрттің салдарынан болған деп болжануда.,Апат бейік талбөз жерделде орын алған және дұшпандық мағынадағы өрттің салдырынан болған деп болжауында.,апат биік таулы жерлерде орын алған және дұшпандық мағынадағы өрттің салдарынан болған деп болжануда,апат бейік талбөз жерделде орын алған және дұшпандық мағынадағы өрттің салдырынан болған деп болжауында
1756,АҚШ президенті Дональд Трамп жексенбі күні кешкі баспасөз хатшысы арқылы жасаған мәлімдемесінде АҚШ қарушы күштерін Сириядан алып шығуы туралы мәлімдеді.,АҚШ президенті Дональд Трамп жексенбі күні кешкі баспасөз хатшысы арқылы жасыған мәлімдемесінде АҚШ қарушы күштерін Сириядан алып шығуы туралы мәлімдеді.,ақш президенті дональд трамп жексенбі күні кешкі баспасөз хатшысы арқылы жасаған мәлімдемесінде ақш қарушы күштерін сириядан алып шығуы туралы мәлімдеді,ақш президенті дональд трамп жексенбі күні кешкі баспасөз хатшысы арқылы жасыған мәлімдемесінде ақш қарушы күштерін сириядан алып шығуы туралы мәлімдеді
1889,"Ол бізге пойызды, автокөлікті және басқа да көлік құралдарын алып келді.","Ол бізге пойзды, автокөлікті және басқа да көлік қоралдарының алып келді.",ол бізге пойызды автокөлікті және басқа да көлік құралдарын алып келді,ол бізге пойзды автокөлікті және басқа да көлік қоралдарының алып келді
1802,Интернет жалпы және адамдар арасындағы байланыс элементтерін біріктіреді.,Интернет жалпы және адамдар арасындағы байланыс элементтерін біріктіреді.,интернет жалпы және адамдар арасындағы байланыс элементтерін біріктіреді,интернет жалпы және адамдар арасындағы байланыс элементтерін біріктіреді
1780,"Кундалини йога көмегімен Кундалини энергиясы (ағарту энергиясы) йога позалары, тыныс алу жаттығулары мантра және визуализация арқылы оянады.","Кундалини — йога көмегімен, кундалини энергиясы, ағарту энергиясы, йога позалары, тынысалу, жаттығулары, мантрә және визуализация арқылы оянды.",кундалини йога көмегімен кундалини энергиясы ағарту энергиясы йога позалары тыныс алу жаттығулары мантра және визуализация арқылы оянады,кундалини йога көмегімен кундалини энергиясы ағарту энергиясы йога позалары тынысалу жаттығулары мантрә және визуализация арқылы оянды
1957,Ол сыбыстарды «саяси әңгімелер мен ақымақтық» деп есептеді.,Ол сыбыстарды саяси әңгімелер мен ақымақтық деп есептеді.,ол сыбыстарды саяси әңгімелер мен ақымақтық деп есептеді,ол сыбыстарды саяси әңгімелер мен ақымақтық деп есептеді
1768,Кешеннің жиектеріндегі ғимараттардың көпшілігі туристерге басында қалай пайда болғаны туралы жақсырақ түсінік беру үшін қайта соғылды.,Кешеннің жиектеріндегі ғимараттардың көпшілігі туристерге басында қалай пайда болғаны туралы жақсырақ түсінік беру үшін қайта соқылды.,кешеннің жиектеріндегі ғимараттардың көпшілігі туристерге басында қалай пайда болғаны туралы жақсырақ түсінік беру үшін қайта соғылды,кешеннің жиектеріндегі ғимараттардың көпшілігі туристерге басында қалай пайда болғаны туралы жақсырақ түсінік беру үшін қайта соқылды
1833,Философия ғұламасы Аристотель әрбір заттың төрт элементтің біреуінен немесе бірнешесінен жасалған деген теория құрған.,Философия құламасы Аристо тіл әрбір заттың төрт элементтің біреуінен немесе бірнеше сінен жасалған деген теория құрған.,философия ғұламасы аристотель әрбір заттың төрт элементтің біреуінен немесе бірнешесінен жасалған деген теория құрған,философия құламасы аристо тіл әрбір заттың төрт элементтің біреуінен немесе бірнеше сінен жасалған деген теория құрған
1668,Сондай-ақ Wild Card картасын сатып алған пайдалы болуы мүмкін. Ол Оңтүстік Африкадағы парктарға немесе Оңтүстік Африканың барлық ұлттық парктарына кіруге мүмкіндік береді.,Сондай-ақ уайлд карт картасын сатып алған пайдалы болуы мүмкін. Ол Уңтүстік Африкадағы парктарға немесе Оңтүстік Африканы барлық ұлттық парктарына кіруге мүмкіндік береді.,сондай ақ wild card картасын сатып алған пайдалы болуы мүмкін ол оңтүстік африкадағы парктарға немесе оңтүстік африканың барлық ұлттық парктарына кіруге мүмкіндік береді,сондай ақ уайлд карт картасын сатып алған пайдалы болуы мүмкін ол уңтүстік африкадағы парктарға немесе оңтүстік африканы барлық ұлттық парктарына кіруге мүмкіндік береді
1689,"Еуропа — салыстырмалы түрде шағын, бірақ көп тәуелсіз елдері бар континент. Қалыпты жағдайларда, бірнеше ел арқылы саяхаттасаңыз, визаға өтінімдер беру және бірнеше рет төлқұжатты тексеруден өту керектігін білдіретін еді.","Еуропа салыстырмалы түрде шағын, бірақ көп тәуелсіз елдері бар континент. Қалыпты жағдайларда бірнеше ел арқылы саяхаттасаңыз, визаға өтінімдер беру және бірнеше рет төлқұжатты тексеруден өту керектігін білдіретін еді.",еуропа салыстырмалы түрде шағын бірақ көп тәуелсіз елдері бар континент қалыпты жағдайларда бірнеше ел арқылы саяхаттасаңыз визаға өтінімдер беру және бірнеше рет төлқұжатты тексеруден өту керектігін білдіретін еді,еуропа салыстырмалы түрде шағын бірақ көп тәуелсіз елдері бар континент қалыпты жағдайларда бірнеше ел арқылы саяхаттасаңыз визаға өтінімдер беру және бірнеше рет төлқұжатты тексеруден өту керектігін білдіретін еді
1975,Ватикан қаласы халқының саны — шамамен 800. Бұл — дүние жүзіндегі ең шағын тәуелсіз ел және халық саны ең аз ел.,"Ватикан қаласы халқының саны шамамен 8800, бұл дүние жүзіндегі ең шағын тәуелсіз ел және халық саны ең аз ел.",ватикан қаласы халқының саны шамамен 800 бұл дүние жүзіндегі ең шағын тәуелсіз ел және халық саны ең аз ел,ватикан қаласы халқының саны шамамен 8800 бұл дүние жүзіндегі ең шағын тәуелсіз ел және халық саны ең аз ел
1660,"Романтизмде Гете, Фихте, Шлегель сияқты жазушылардан алынған мәдени детерминизмнің үлкен элементі болды.","Романтизм де Гиоти, Фихті шілек ел сияқты жазушылардан алынған мәдени детерменіңіздің үлкен элементі болды.",романтизмде гете фихте шлегель сияқты жазушылардан алынған мәдени детерминизмнің үлкен элементі болды,романтизм де гиоти фихті шілек ел сияқты жазушылардан алынған мәдени детерменіңіздің үлкен элементі болды
1957,Ол сыбыстарды «саяси әңгімелер мен ақымақтық» деп есептеді.,Ол сыбыстарды саяси әңгімелері мен ақмақтық деп есептеді.,ол сыбыстарды саяси әңгімелер мен ақымақтық деп есептеді,ол сыбыстарды саяси әңгімелері мен ақмақтық деп есептеді
1673,"Тәуелсіздік үшін соғыс кезінде он үш штат алдымен әлсіз орталық үкіметін құрды, Конфедерация баптары бойынша Конгресс оның жалғыз құрамдасы еді.",Тәуелсіздік үшін соқыс кезінде 13-ті талдымен әлсіз орталық ұқыметін құрды. Конфедрация ғаптары ойынша конгрессоның жалғыз құрамдасы еді.,тәуелсіздік үшін соғыс кезінде он үш штат алдымен әлсіз орталық үкіметін құрды конфедерация баптары бойынша конгресс оның жалғыз құрамдасы еді,тәуелсіздік үшін соқыс кезінде 13 ті талдымен әлсіз орталық ұқыметін құрды конфедрация ғаптары ойынша конгрессоның жалғыз құрамдасы еді
1827,"Жер қыртысының қалыңдығы жақын жағында шамамен 70 км, ал алыс жағында 100 км.","Жер 40-тысының қалындығы жақын жағында шамамен 70 км, алыс жағында 100 км.",жер қыртысының қалыңдығы жақын жағында шамамен 70 км ал алыс жағында 100 км,жер 40 тысының қалындығы жақын жағында шамамен 70 км алыс жағында 100 км
1687,Сегрегация және рекомбинация әр буында екі пул арасында вариацияларды араластырып отырады.,Сегрегация және рекомбинация әрі болынды екі бұл арасында вариацияларды араластырып отырады.,сегрегация және рекомбинация әр буында екі пул арасында вариацияларды араластырып отырады,сегрегация және рекомбинация әрі болынды екі бұл арасында вариацияларды араластырып отырады
1835,"Цунами туралы ескерту берілмеді және Джакартаның геофизика агенттігінің деректеріне сай, цунами туралы ескерту берілмейді, өйткені жер сілкінісі 6,5 магнитудасы талабына сай болмады.","Сунами туралы ескерту берілмеді және Жакарта-ның геофизика агенттігінің деректеріне сай, сунами туралы ескерту берілмейді, өйткені жер сілкінсі 6-5 магнитуда затталаны сай болмады.",цунами туралы ескерту берілмеді және джакартаның геофизика агенттігінің деректеріне сай цунами туралы ескерту берілмейді өйткені жер сілкінісі 6 5 магнитудасы талабына сай болмады,сунами туралы ескерту берілмеді және жакарта ның геофизика агенттігінің деректеріне сай сунами туралы ескерту берілмейді өйткені жер сілкінсі 6 5 магнитуда затталаны сай болмады
1806,"Ең шарықтаған кезінде жарықтық ластану қазіргі кездегідей проблема болмағандықтан, олар қазіргі уақытқа қарағанда оңай жетуге болатын қалаларда немесе кампустарда орналасқан.","Ең шарықтаған кезінде жарықты қыластану қазіргі кездегідей проблемі болмағандықтан, олар қазіргі уақытқа қарағанда оңай жетуге болатын қалаларды немесе компустарды орналасқан.",ең шарықтаған кезінде жарықтық ластану қазіргі кездегідей проблема болмағандықтан олар қазіргі уақытқа қарағанда оңай жетуге болатын қалаларда немесе кампустарда орналасқан,ең шарықтаған кезінде жарықты қыластану қазіргі кездегідей проблемі болмағандықтан олар қазіргі уақытқа қарағанда оңай жетуге болатын қалаларды немесе компустарды орналасқан
1778,Теледидарлық репортаждарда зауыттан шығатын ақ түтін көрінеді.,Теледидардық репортаждарды зауыттан шығатын ақ түтін көрінеді.,теледидарлық репортаждарда зауыттан шығатын ақ түтін көрінеді,теледидардық репортаждарды зауыттан шығатын ақ түтін көрінеді
1850,"Бұл оған егер базалық станцияда екі радио болса, 802.1 a, 802.11b және 802.11g ережелерімен қайта үйлесімді болуға мүмкіндік береді.","Бұл оған егер базалық станцияда екі радио болса, 802.1a, 802.11b және 802.11 жи ережелерімен қайта үйлесімді болуға мүмкіндік береді.",бұл оған егер базалық станцияда екі радио болса 802 1 a 802 11b және 802 11g ережелерімен қайта үйлесімді болуға мүмкіндік береді,бұл оған егер базалық станцияда екі радио болса 802 1a 802 11b және 802 11 жи ережелерімен қайта үйлесімді болуға мүмкіндік береді
1681,"Дегенмен ол жалғыз емес, эксперименттер өткізу және эксперимент ықтимал гипотезалардың біреуін немесе бірнешеуін жою үшін пайдаланылатын сынақ болып табылады. Сұрақтар қою және бақылаулар жасау да ғылыми зерттеуді бағыттайды.","Дегенмен ол жалғыз емес, эксперименттер өткізу және эксперимент ықтимал гипотизалардың біреуін немесе бірнешеуін жою үшін пайдаланатын сынақ болып табылады, сұрақтар қою және бақылаулар жасауды ғылым езерттеуді бағыттайды.",дегенмен ол жалғыз емес эксперименттер өткізу және эксперимент ықтимал гипотезалардың біреуін немесе бірнешеуін жою үшін пайдаланылатын сынақ болып табылады сұрақтар қою және бақылаулар жасау да ғылыми зерттеуді бағыттайды,дегенмен ол жалғыз емес эксперименттер өткізу және эксперимент ықтимал гипотизалардың біреуін немесе бірнешеуін жою үшін пайдаланатын сынақ болып табылады сұрақтар қою және бақылаулар жасауды ғылым езерттеуді бағыттайды
1971,"Қатты жел, бұршақ, артық жауын-шашын және өрттер, сонымен бірге найзағайлар, торнадолар, судағы құйындар және циклондар ауар ауа райының түрлері мен әсерлері болып табылады.","Қатты жел, бұршақ, артық жауын шашын және өрттер, сонымен бірге найзағайлар, торнадалар, судағы құйындар және циклондар ауар ауар айының түрлері мен әсерлері болып табылады.",қатты жел бұршақ артық жауын шашын және өрттер сонымен бірге найзағайлар торнадолар судағы құйындар және циклондар ауар ауа райының түрлері мен әсерлері болып табылады,қатты жел бұршақ артық жауын шашын және өрттер сонымен бірге найзағайлар торнадалар судағы құйындар және циклондар ауар ауар айының түрлері мен әсерлері болып табылады
1901,"AI-дің ғылыми фантастикалық қосымша мағынасы болғанымен, AI іс-қимылды, оқытуды және машиналарда сананы қолдануды қамтитын компьютерлік ғылымның аса маңызды бір саласын құрайды.","Альдың ғылыми фантастикалық қосым шамағынасы болғанымен, ал іс қимылды, оқутуды және машиналарды сананы қолдануды қамтитын компьютерлі қылымның аса амаңызды бір саласын құрайды.",ai дің ғылыми фантастикалық қосымша мағынасы болғанымен ai іс қимылды оқытуды және машиналарда сананы қолдануды қамтитын компьютерлік ғылымның аса маңызды бір саласын құрайды,альдың ғылыми фантастикалық қосым шамағынасы болғанымен ал іс қимылды оқутуды және машиналарды сананы қолдануды қамтитын компьютерлі қылымның аса амаңызды бір саласын құрайды
1865,Санкт-Петербургтегі круиздерге қаладағы уақыт кіреді. Круиз жолаушылары виза режиміндегі талаптардан азат етілген (талаптарды көріп шығыңыз).,Санк Петербургтегі круиздерге қаладағы уақыт кіреді. Круис жұрылаушылары визрежеміндегі талаптардан азат етілген. Талаптарды көріп шыңыз.,санкт петербургтегі круиздерге қаладағы уақыт кіреді круиз жолаушылары виза режиміндегі талаптардан азат етілген талаптарды көріп шығыңыз,санк петербургтегі круиздерге қаладағы уақыт кіреді круис жұрылаушылары визрежеміндегі талаптардан азат етілген талаптарды көріп шыңыз
1968,"Кейбір круиздердің кітапшаларында Германияның Берлин қаласы көрсетілген. Жоғарыдағы картадан көргеніңіздей, Берлин теңізге жақын орналаспаған және қалаға бару круиздің бағасына кірмейді.",Кейбір круиздердің кітапшаларында Германияның Берлин қаласы көрсетілген. Жоғардағы картадан көргеніңіздей Берлин теңізге жақын орналаспаған және қалаға бару круиздің бағасына кірмейді.,кейбір круиздердің кітапшаларында германияның берлин қаласы көрсетілген жоғарыдағы картадан көргеніңіздей берлин теңізге жақын орналаспаған және қалаға бару круиздің бағасына кірмейді,кейбір круиздердің кітапшаларында германияның берлин қаласы көрсетілген жоғардағы картадан көргеніңіздей берлин теңізге жақын орналаспаған және қалаға бару круиздің бағасына кірмейді
1851,"Үзілмелі ағыстар жағаға, рифтерге соғылатын толқындардың кері ағыны болып табылады.",Үзілмелі ағыстар жағаға рифтерге соғылатын толқындардың кері ағыны болып табылады.,үзілмелі ағыстар жағаға рифтерге соғылатын толқындардың кері ағыны болып табылады,үзілмелі ағыстар жағаға рифтерге соғылатын толқындардың кері ағыны болып табылады
1922,"Әрине, бұл дәстүр христиандық теологиялық түсіндірмелерге ие, бірақ бұл толығымен христианға дейінгі көктем мен құнарлылық рәсімі болуы мүмкін.","Әрине бұл дәстүр христиандық теологиялық үсіндірмелерге ие, бірақ бұл толығымен христианға дейінгі көктен мен құнарлық рәсімі болуы мүмкін.",әрине бұл дәстүр христиандық теологиялық түсіндірмелерге ие бірақ бұл толығымен христианға дейінгі көктем мен құнарлылық рәсімі болуы мүмкін,әрине бұл дәстүр христиандық теологиялық үсіндірмелерге ие бірақ бұл толығымен христианға дейінгі көктен мен құнарлық рәсімі болуы мүмкін
1867,Өсімдіктер адамдар тыныстайтын оттегіні жасайды және адамдар тыныспен шығаратын көміртегі диоксидін сіңіреді.,Өсімдіктер адамдар тыныстайтын өттегіна жасайды және адамдар тыныспен шығаратын көміртегі диоксидін сіңіреді.,өсімдіктер адамдар тыныстайтын оттегіні жасайды және адамдар тыныспен шығаратын көміртегі диоксидін сіңіреді,өсімдіктер адамдар тыныстайтын өттегіна жасайды және адамдар тыныспен шығаратын көміртегі диоксидін сіңіреді
1716,"TMZ ойын-сауық жаңалықтары веб-сайты фотограф Сепулведа бульварының арғы жағында көлігін тоқтатқанын және полицияның жолдан өту алдында тоқтағанының және жалғастырғанының, бұл жол қозғалысын реттеп тұрған Калифорния автомагистральдік патруль полициясы қызметкерінің оған кері жүру туралы екі рет бұйрық бергенінің суреттерін түсіруге әрекеттенгенін түсінеді.",TMZ ойынсаулық жаңалықтары веб-сайтты фотограф Сепулведа бұлварының арғы жағында көлігін тоқтатқаның және полицияның жолдан өту алдында тоқтағанының және жалғастырғанының бұл жол қозалысын реттеп тұрған Калифорния автомагестральдық патруль полициясы қызметкерінің оған керіс жүру туралы есенігінЕкі рет бойрық бергенінің суреттерін түсіруге әрекеттенгенін түсінеді.,tmz ойын сауық жаңалықтары веб сайты фотограф сепулведа бульварының арғы жағында көлігін тоқтатқанын және полицияның жолдан өту алдында тоқтағанының және жалғастырғанының бұл жол қозғалысын реттеп тұрған калифорния автомагистральдік патруль полициясы қызметкерінің оған кері жүру туралы екі рет бұйрық бергенінің суреттерін түсіруге әрекеттенгенін түсінеді,tmz ойынсаулық жаңалықтары веб сайтты фотограф сепулведа бұлварының арғы жағында көлігін тоқтатқаның және полицияның жолдан өту алдында тоқтағанының және жалғастырғанының бұл жол қозалысын реттеп тұрған калифорния автомагестральдық патруль полициясы қызметкерінің оған керіс жүру туралы есенігінекі рет бойрық бергенінің суреттерін түсіруге әрекеттенгенін түсінеді
1677,Бүгінде қанаттарын арқасына бүктей алмайтын жәндіктер - инеліктер мен біркүндіктер.,"Бүгінде қанаттарын арқасына бүкте жәлмайтын жәндіктер, үйнеліктер мен бүргіндіктер.",бүгінде қанаттарын арқасына бүктей алмайтын жәндіктер инеліктер мен біркүндіктер,бүгінде қанаттарын арқасына бүкте жәлмайтын жәндіктер үйнеліктер мен бүргіндіктер
1680,"Жақсы атлет жолбарыс өрмелей (бірақ жақсы емес), жүзе, үлкен қашықтықтарға секіре және күшті адамнан бес есе көбірек күшпен тартыла алады.","Жақсы атлет жолбарыс өрмелей, бірақ жақсы емес, жүзде үлкен қашықтарға секіре және кішті адамнан бес есе көбірек күшпен тарта алады.",жақсы атлет жолбарыс өрмелей бірақ жақсы емес жүзе үлкен қашықтықтарға секіре және күшті адамнан бес есе көбірек күшпен тартыла алады,жақсы атлет жолбарыс өрмелей бірақ жақсы емес жүзде үлкен қашықтарға секіре және кішті адамнан бес есе көбірек күшпен тарта алады
1829,Жоғары салық салынатын елдерге жол тартатын саяхатшылар кейде әсіресе алкогольді ішімдіктер мен темекі сияқты өнімдерге айтарлықтай ақша үнемдей алады.,"Жоғары салық салынатын елдерге жол тартатын саяхатшылар кейде, әсіресе алкогольді ішімдіктер мен темекі сияқты өнімдерге айтарлықтай ақша үнемдей алады.",жоғары салық салынатын елдерге жол тартатын саяхатшылар кейде әсіресе алкогольді ішімдіктер мен темекі сияқты өнімдерге айтарлықтай ақша үнемдей алады,жоғары салық салынатын елдерге жол тартатын саяхатшылар кейде әсіресе алкогольді ішімдіктер мен темекі сияқты өнімдерге айтарлықтай ақша үнемдей алады
1823,«Жол қозғалысының ағыны» – жеке жүргізушілердің және көліктердің екі нүкте арасындағы қозғалысын және олардың бір бірімен өзара әрекеттесулерін зерттеу.,Жол қозғалысының ағыны — жекес жүргізушілердің және көліктердің екүнікте арасындағы қозғалысын және олардың бір-бірімен өзірі әрекеттесеулерін серттеу.,жол қозғалысының ағыны жеке жүргізушілердің және көліктердің екі нүкте арасындағы қозғалысын және олардың бір бірімен өзара әрекеттесулерін зерттеу,жол қозғалысының ағыны жекес жүргізушілердің және көліктердің екүнікте арасындағы қозғалысын және олардың бір бірімен өзірі әрекеттесеулерін серттеу
1924,"Әйелдер отыратын тобындағы төрт шаңғышы өз жарыстарын аяқтай алмады, ал Giant Slalom жарысындағы жалпы 117 шаңғышының 45-і жарыста орын алмады.","Әйелдер отыратын тобындағы төрт шаңғышы өз жарыстарын аяқтай алмады, ал Джайен Слалом жарысындағы жалпы 17 шаңғышының жиықырық бесі жарыста орын алмады.",әйелдер отыратын тобындағы төрт шаңғышы өз жарыстарын аяқтай алмады ал giant slalom жарысындағы жалпы 117 шаңғышының 45 і жарыста орын алмады,әйелдер отыратын тобындағы төрт шаңғышы өз жарыстарын аяқтай алмады ал джайен слалом жарысындағы жалпы 17 шаңғышының жиықырық бесі жарыста орын алмады
1883,"Көпір астындағы тік аралық 15 метрді құрайды. Құрылыс 2011 жылдың тамыз айында аяқталды, ол 2017 жылдың наурыз айына дейін жол қозғалысына ашылмады.",Көбір астындағы тік аралық он бес метрді құрайды. Құрылыс 2015 жылдың тамыз айында аяқталты. Ол 2017 жылдың наурыз айына дейін жол қозғалысыны ашылмады.,көпір астындағы тік аралық 15 метрді құрайды құрылыс 2011 жылдың тамыз айында аяқталды ол 2017 жылдың наурыз айына дейін жол қозғалысына ашылмады,көбір астындағы тік аралық он бес метрді құрайды құрылыс 2015 жылдың тамыз айында аяқталты ол 2017 жылдың наурыз айына дейін жол қозғалысыны ашылмады
1715,"Метродағы жүйелі хабарландырулар тек каталан тілінді жасалады, бірақ автоматтандырылған жүйе жоспарланбаған үзілістерді көп тілде жариялайды: испан, ағылшын, француз, араб және жапон.","Метродағы жүйелі хабарландырулар тек каталан тілінде жасалады, бірақ автоматтандырылған жүйі жоспарланбаған үзілістерді көп тілде жариялайды, испан алышын француз араб және жапон.",метродағы жүйелі хабарландырулар тек каталан тілінді жасалады бірақ автоматтандырылған жүйе жоспарланбаған үзілістерді көп тілде жариялайды испан ағылшын француз араб және жапон,метродағы жүйелі хабарландырулар тек каталан тілінде жасалады бірақ автоматтандырылған жүйі жоспарланбаған үзілістерді көп тілде жариялайды испан алышын француз араб және жапон
1716,"TMZ ойын-сауық жаңалықтары веб-сайты фотограф Сепулведа бульварының арғы жағында көлігін тоқтатқанын және полицияның жолдан өту алдында тоқтағанының және жалғастырғанының, бұл жол қозғалысын реттеп тұрған Калифорния автомагистральдік патруль полициясы қызметкерінің оған кері жүру туралы екі рет бұйрық бергенінің суреттерін түсіруге әрекеттенгенін түсінеді.",TMZ ойын сауық жаңалықтары веб-сайты фотограф Сеплведа Бұлварының арғы жағында көлігін тоқтатқанын және полицияның жолдан өту алдында тоқтағанының және жалғастырғанының. Бұл жол қозғалысын реттеп тұрған Калифорния автомагистральдік патруль полициясы қызметкерінің оғанғынғынғынғынғын.Кері жүру тұралы екі рет бұйрық бергенінің суреттерін түсіруге әрекеттенгенін түсінеді.,tmz ойын сауық жаңалықтары веб сайты фотограф сепулведа бульварының арғы жағында көлігін тоқтатқанын және полицияның жолдан өту алдында тоқтағанының және жалғастырғанының бұл жол қозғалысын реттеп тұрған калифорния автомагистральдік патруль полициясы қызметкерінің оған кері жүру туралы екі рет бұйрық бергенінің суреттерін түсіруге әрекеттенгенін түсінеді,tmz ойын сауық жаңалықтары веб сайты фотограф сеплведа бұлварының арғы жағында көлігін тоқтатқанын және полицияның жолдан өту алдында тоқтағанының және жалғастырғанының бұл жол қозғалысын реттеп тұрған калифорния автомагистральдік патруль полициясы қызметкерінің оғанғынғынғынғынғын кері жүру тұралы екі рет бұйрық бергенінің суреттерін түсіруге әрекеттенгенін түсінеді
1954,"Тәртіпті қорғаушылары, доппен жұмыс істеу дағдылары және тамаша командалық жұмысы оларды ерекше бөліп көрсетті және бұл ең күшті команда болатыны анық еді.","Тәртіпті қорғаушылары — Доппен, Жұмыс істеу дағдылары және Тамаша командалық жұмысы оларды ерекше бөліп көрсетті және бұл ең күшті команда болатыны анық еді.",тәртіпті қорғаушылары доппен жұмыс істеу дағдылары және тамаша командалық жұмысы оларды ерекше бөліп көрсетті және бұл ең күшті команда болатыны анық еді,тәртіпті қорғаушылары доппен жұмыс істеу дағдылары және тамаша командалық жұмысы оларды ерекше бөліп көрсетті және бұл ең күшті команда болатыны анық еді
1773,Ұйқының үзілуі — қалыпты ұйқы кезеңінде мақсатпен оянудың және кейінірек қысқа уақытқа (10-60 минут) ұйықтау процесі.,Үйқының үзілуі – қалыпты ұйқы кезеңінде мақсатпен ояныудың және кейініре қысқа уақытқа 16 минут ұйықтау процесі.,ұйқының үзілуі қалыпты ұйқы кезеңінде мақсатпен оянудың және кейінірек қысқа уақытқа 10 60 минут ұйықтау процесі,үйқының үзілуі қалыпты ұйқы кезеңінде мақсатпен ояныудың және кейініре қысқа уақытқа 16 минут ұйықтау процесі
1777,"Оттава - Канаданың таңқалдырарлық, екітілді астанасы және онда Канаданың тарихы мен бүгінін бейнелейтін көптеген өнер галереялары мен музейлер ұсынылған.",Аттауы Канаданың таң қалдырарлық екі тілді астанасы және онда Канаданың тарихы мен бүгінін бейнелейтін көптеген өнер галлериаларымен музейлер ұсынылған.,оттава канаданың таңқалдырарлық екітілді астанасы және онда канаданың тарихы мен бүгінін бейнелейтін көптеген өнер галереялары мен музейлер ұсынылған,аттауы канаданың таң қалдырарлық екі тілді астанасы және онда канаданың тарихы мен бүгінін бейнелейтін көптеген өнер галлериаларымен музейлер ұсынылған
1891,"Лакша Сингх ""чхаппан бхог"" (елу алты дегенді білдіреді) өлеңін ұсынды. Ол әнді әнші Раджу Ханделвалмен бірге орындады.",Лапша Синк Чхапан Бухог 56 дегенді білдіреді өленін ұсынды. Ол әнді әнші Раджу Ханделвалмен бірге орындады.,лакша сингх чхаппан бхог елу алты дегенді білдіреді өлеңін ұсынды ол әнді әнші раджу ханделвалмен бірге орындады,лапша синк чхапан бухог 56 дегенді білдіреді өленін ұсынды ол әнді әнші раджу ханделвалмен бірге орындады
1766,"Кейбір атомдардың ядролары тұрақсыз, яғни, олар аз ғана түрткенде немесе мүлде түртпегенде бөлінуге бейім.","Кейбір атомдардың ядыралары тұрақсыз, яғни олыр аз ғана түрткенде немесе мүлде түртпегенде бөлінімге бейім.",кейбір атомдардың ядролары тұрақсыз яғни олар аз ғана түрткенде немесе мүлде түртпегенде бөлінуге бейім,кейбір атомдардың ядыралары тұрақсыз яғни олыр аз ғана түрткенде немесе мүлде түртпегенде бөлінімге бейім
1789,"Басқа аталымдар қатарына «Үздік фильм», «Режиссер», «Операторлық жұмыс», «Костюмдер дизайны», «Фильмді монтаждау», «Түпнұсқа саундтрек», «Қойылым дизайны», «Дыбысты редакциялау», «Дыбысты араластыру» және «Түпнұсқа сценарий» жатады.","Пасқа аталымдар қатарына, үздік фильм — режиссор, оператарлық жұмыс, кәстюмдер дизайны, фильмді монтаждау, түпнұсқа саунтрек, қойылым дизайны, дыбысты редакциялау, дыбысты араластыру және түпнұсқа сценария жатады.",басқа аталымдар қатарына үздік фильм режиссер операторлық жұмыс костюмдер дизайны фильмді монтаждау түпнұсқа саундтрек қойылым дизайны дыбысты редакциялау дыбысты араластыру және түпнұсқа сценарий жатады,пасқа аталымдар қатарына үздік фильм режиссор оператарлық жұмыс кәстюмдер дизайны фильмді монтаждау түпнұсқа саунтрек қойылым дизайны дыбысты редакциялау дыбысты араластыру және түпнұсқа сценария жатады
1721,"1963 жылы тоған салынғаннан кейін, тасындылардың жайылуына себеп болатын маусымдық су тасқыны тоқтатылды.",1963 жылы тоған салынғаннан кейін тасындылардың жайылуына себеп болатын маусымдық су тасқына тоқтатылды.,1963 жылы тоған салынғаннан кейін тасындылардың жайылуына себеп болатын маусымдық су тасқыны тоқтатылды,1963 жылы тоған салынғаннан кейін тасындылардың жайылуына себеп болатын маусымдық су тасқына тоқтатылды
1869,"Оның ұзын жақтарында 70-тен астам ұстарадай өткір тістер және аузының үстіңгі жағында қосымша тістер жинағы болған, бұл оған кезіккен әрбір жануардың одан қашып кете алмайтынын білдіреді.",Оның ұзын жақтарында 70-тен астам ұстардай өткір тістер және аузының үстінгі жағында қосымша тістер жинақы болған. Бұл оған кезіккен әрбіз жануардың одан қашып кетте аумайтын білдіреді.,оның ұзын жақтарында 70 тен астам ұстарадай өткір тістер және аузының үстіңгі жағында қосымша тістер жинағы болған бұл оған кезіккен әрбір жануардың одан қашып кете алмайтынын білдіреді,оның ұзын жақтарында 70 тен астам ұстардай өткір тістер және аузының үстінгі жағында қосымша тістер жинақы болған бұл оған кезіккен әрбіз жануардың одан қашып кетте аумайтын білдіреді
1710,"Өткен аптада METI ұйымы оған Apple компаниясы қызып кетудің 34 қосымша инциденті туралы хабарлағанын жариялады, Apple компаниясы оларды «ауыр емес» деп атады.",Өткен аптада METI ұйымы оған Apple компаниясы қызып кетудің 34 қосымша инциденті туралы хабарлағанын жариялады Apple компаниясы оларды ауыр емес деп атады.,өткен аптада meti ұйымы оған apple компаниясы қызып кетудің 34 қосымша инциденті туралы хабарлағанын жариялады apple компаниясы оларды ауыр емес деп атады,өткен аптада meti ұйымы оған apple компаниясы қызып кетудің 34 қосымша инциденті туралы хабарлағанын жариялады apple компаниясы оларды ауыр емес деп атады
1987,Апат биік таулы жерлерде орын алған және дұшпандық мағынадағы өрттің салдарынан болған деп болжануда.,Апат бейік таулы жерлерде орын алған және дұшпандық мағынадағы өрттің салдарынан болған деп болжануда.,апат биік таулы жерлерде орын алған және дұшпандық мағынадағы өрттің салдарынан болған деп болжануда,апат бейік таулы жерлерде орын алған және дұшпандық мағынадағы өрттің салдарынан болған деп болжануда
1774,"Шалғай аралдарда кредит картасы қабылданбауы мүмкін, дегенмен Ұлыбритания және АҚШ валютасы қабылдануы мүмкін; алдын ала иеленушіден қолданылатын төлем әдісін сұрап біліп алыңыз.","Шалғай аралдарда кредит картасы қабылдамбалуы мүмкін, дегенмен Ұлыбритания және АҚШ валютасы қабылдануы мүмкін, алдын ала еленушуден қолданылатын төлем әдісін сұрап біліп алыңыз.",шалғай аралдарда кредит картасы қабылданбауы мүмкін дегенмен ұлыбритания және ақш валютасы қабылдануы мүмкін алдын ала иеленушіден қолданылатын төлем әдісін сұрап біліп алыңыз,шалғай аралдарда кредит картасы қабылдамбалуы мүмкін дегенмен ұлыбритания және ақш валютасы қабылдануы мүмкін алдын ала еленушуден қолданылатын төлем әдісін сұрап біліп алыңыз
1993,Атлант мұхитының оныншы атау берілген дауыл маусымы «Субтропиктік дауыл Джерри» бүгін Атлант мұхитында пайда болды.,"Атланф мұхитының оныншы атауы берілген — дауыл маусымы, субтропиктік дауыл Джерри, бүгін Атланф мұхитында пайда болды.",атлант мұхитының оныншы атау берілген дауыл маусымы субтропиктік дауыл джерри бүгін атлант мұхитында пайда болды,атланф мұхитының оныншы атауы берілген дауыл маусымы субтропиктік дауыл джерри бүгін атланф мұхитында пайда болды
1809,"Жолдарды орнында ұстау үшін шпалдар айтарлықтай ерте енгізілді. Алайда, бірте-бірте, жолдың үстінде темір бөлік болса, жолдар тиімдірек болатыны түсінілді.","Жолдарды орнында ұстау үшін шпалдар айтарлықта ерте енгізілді, ал айда бірте-бірте жолдың істінде тиімір бөлік болса, жолдар тиімдірек болатыны түсінілді.",жолдарды орнында ұстау үшін шпалдар айтарлықтай ерте енгізілді алайда бірте бірте жолдың үстінде темір бөлік болса жолдар тиімдірек болатыны түсінілді,жолдарды орнында ұстау үшін шпалдар айтарлықта ерте енгізілді ал айда бірте бірте жолдың істінде тиімір бөлік болса жолдар тиімдірек болатыны түсінілді
1841,"Жоғарыдағы ашық, әдемі аспаннан және көптеген қоршаған таулардан басқа ештеңе көрінбейді. Үңгір ішінен бұл дүниенің өте аз бөлігін көруге немесе естуге болады.","Жоғарыдағы алшық, әдемі аспаннан және көптеген қоршаған тауарлардан басқа ештеңе көрінбейді. Үңгір ішінен бұл дүниенін өте аз бөлігін көруге немесе естуге болады.",жоғарыдағы ашық әдемі аспаннан және көптеген қоршаған таулардан басқа ештеңе көрінбейді үңгір ішінен бұл дүниенің өте аз бөлігін көруге немесе естуге болады,жоғарыдағы алшық әдемі аспаннан және көптеген қоршаған тауарлардан басқа ештеңе көрінбейді үңгір ішінен бұл дүниенін өте аз бөлігін көруге немесе естуге болады
1856,Финляндия — керемет қайықпен баратын жер. «Мың көлдің жерінде» көлдерде және жағалаудағы архипелагтарда мыңдаған аралдар да бар.,"Виндлянда керемет қайықпен баратын жер, мың көлдің жерінде, көлдерде және жағалаудағы архипелагтарда мыңдаған аралдар да бар.",финляндия керемет қайықпен баратын жер мың көлдің жерінде көлдерде және жағалаудағы архипелагтарда мыңдаған аралдар да бар,виндлянда керемет қайықпен баратын жер мың көлдің жерінде көлдерде және жағалаудағы архипелагтарда мыңдаған аралдар да бар
1929,"Дель Потро екінші соққыда ерте басымдылыққа ие болды, бірақ бұл 6-6-ға жеткеннен кейін тай брейкті қажет етті.","Дель Потро 2-ші соққыда ерте басымдылыққа ие болды, бірақ бұл 6-6-ға жеткеннен кейін Тай Брейкті қажет етті.",дель потро екінші соққыда ерте басымдылыққа ие болды бірақ бұл 6 6 ға жеткеннен кейін тай брейкті қажет етті,дель потро 2 ші соққыда ерте басымдылыққа ие болды бірақ бұл 6 6 ға жеткеннен кейін тай брейкті қажет етті
1912,Кішірек аралдардың көпшілігі тәуелсіз ұлттар болып табылады немесе Франциямен байланысты және қымбат жағажай курорттары ретінде белгілі.,Кішірек аралдардың көпшілігі тәуелсіз ұлттар болып табылады немесе Франция мен байланысты және қымбат жағажай курорттар ретінде белгілі.,кішірек аралдардың көпшілігі тәуелсіз ұлттар болып табылады немесе франциямен байланысты және қымбат жағажай курорттары ретінде белгілі,кішірек аралдардың көпшілігі тәуелсіз ұлттар болып табылады немесе франция мен байланысты және қымбат жағажай курорттар ретінде белгілі
1831,"Плитвиц көлдері ұлттық паркін қалың орман жапқан. Орман негізінен қайың, шырша және майқарағай ағаштарынан тұрады. Орманда альпылық және жерортатеңіздік өсімдіктер аралас өседі.","Плитвец көлдері ұлттық паркын қалың орман жапқан. Орман негізінен қайын, шырша және май қарағай ағаштарынан тұрады. Орманда, альпылық және Жер орта теңіздік өсімдіктер аралас өседі.",плитвиц көлдері ұлттық паркін қалың орман жапқан орман негізінен қайың шырша және майқарағай ағаштарынан тұрады орманда альпылық және жерортатеңіздік өсімдіктер аралас өседі,плитвец көлдері ұлттық паркын қалың орман жапқан орман негізінен қайын шырша және май қарағай ағаштарынан тұрады орманда альпылық және жер орта теңіздік өсімдіктер аралас өседі
1927,"Ангел (2006), «Континуум» тәсілін ұйымдардың өнімділіктің жоғарырақ деңгейіне жетуіне көмектесу үшін пайдаланылатын әдіс ретінде түсіндіреді.","Ангел 2006, континум тәсілін ұйымдардың өнімділіктің жоғарырақ деңгейіне жетуіне көмектесу үшін пайдаланылатын әдіс ретінде түсіндіреді.",ангел 2006 континуум тәсілін ұйымдардың өнімділіктің жоғарырақ деңгейіне жетуіне көмектесу үшін пайдаланылатын әдіс ретінде түсіндіреді,ангел 2006 континум тәсілін ұйымдардың өнімділіктің жоғарырақ деңгейіне жетуіне көмектесу үшін пайдаланылатын әдіс ретінде түсіндіреді
1855,"Арыстандар прайды қасқырлар мен иттер сияқты әрекет етеді, олар арыстандарға (бірақ басқа үлкен мысықтарға ұқсамайды) ұқсас жануарлар, сонымен қатар олар өз олжалары үшін өте қауіпті.","Арыстандар бірайтты қасқарлар мен иттері сияқты әрекет етеді. Олар Арыстандағы бірақ басқа үлкен мысықтарға ұқсамайды, ұқсасшануарлар сонымен қатар олар өз олжалары үшін өте қауіпті.",арыстандар прайды қасқырлар мен иттер сияқты әрекет етеді олар арыстандарға бірақ басқа үлкен мысықтарға ұқсамайды ұқсас жануарлар сонымен қатар олар өз олжалары үшін өте қауіпті,арыстандар бірайтты қасқарлар мен иттері сияқты әрекет етеді олар арыстандағы бірақ басқа үлкен мысықтарға ұқсамайды ұқсасшануарлар сонымен қатар олар өз олжалары үшін өте қауіпті
1744,"Россби нөмірі неғұрлым кішірек болса, жұлдыздың магниттену инверсиясына қатысты белсенділігі азырақ болады.","Россізби нөмірі неуғырылым кішірет болса, жұлдыздың магниттену инверциясына қатысты белсенділігі азырақ болады.",россби нөмірі неғұрлым кішірек болса жұлдыздың магниттену инверсиясына қатысты белсенділігі азырақ болады,россізби нөмірі неуғырылым кішірет болса жұлдыздың магниттену инверциясына қатысты белсенділігі азырақ болады
1999,"1960 жылдары Бжезинский Джон Кеннедидің кеңесшісі болып, содан кейін Линдон Б. Джонсон әкімшілігінде жұмыс істеді.","1960 жылдары Бжезинске Джон Кенедейдің кеңешісі болып, жодан кейін Линдон Би Джонсон әкімшілгінде жұмыс істеді.",1960 жылдары бжезинский джон кеннедидің кеңесшісі болып содан кейін линдон б джонсон әкімшілігінде жұмыс істеді,1960 жылдары бжезинске джон кенедейдің кеңешісі болып жодан кейін линдон би джонсон әкімшілгінде жұмыс істеді
1863,"Тибет медитациясының орталығы - құдай йогасы. Әр түрлі құдайларды бейнелеудің арқасында қуат арналары тазартылып, чакралар іске қосылып, ағартушылық сана пайда болады.","Тибет медитациясының орталығы құдай йогасы. Әртүрлі құдайларды Бенелеудің арқасында қуат арналары тазартылып, чакрлар іске қосылып, ағартушылы ысана пайда болады.",тибет медитациясының орталығы құдай йогасы әр түрлі құдайларды бейнелеудің арқасында қуат арналары тазартылып чакралар іске қосылып ағартушылық сана пайда болады,тибет медитациясының орталығы құдай йогасы әртүрлі құдайларды бенелеудің арқасында қуат арналары тазартылып чакрлар іске қосылып ағартушылы ысана пайда болады
1953,Кейіннен ол жатқан ауруханадан Кэмбридждегі Адденбрук ауруханасына жатқызылды.,"Кейінен ол жатқан ауруханадан, Кембричтегі Аденбург ауруханасына жатқызылды.",кейіннен ол жатқан ауруханадан кэмбридждегі адденбрук ауруханасына жатқызылды,кейінен ол жатқан ауруханадан кембричтегі аденбург ауруханасына жатқызылды
1894,"Карри — бұл шөптер мен дәмдеуіштер, сонымен қатап ет немесе көкөністер қосылатын тағам.","Карри бұл шөптер мен дабымдеуштер, сонымен қатап, ет немесе күкөністер қосылатын таған.",карри бұл шөптер мен дәмдеуіштер сонымен қатап ет немесе көкөністер қосылатын тағам,карри бұл шөптер мен дабымдеуштер сонымен қатап ет немесе күкөністер қосылатын таған
1902,Алдымен ол Грейт-Ярмуттегі Джеймс Пейджет ауруханасына түсті.,"Алдымену, Грит, Ярмуттегі Джеймс Пейтштен алруханасына түсті.",алдымен ол грейт ярмуттегі джеймс пейджет ауруханасына түсті,алдымену грит ярмуттегі джеймс пейтштен алруханасына түсті
1752,"Нәтижесінде балықтың екі түрі жойылып кетті, ал қалған екеуіне жойылып кету қаупі төнді, оның ішінде бүкір балық та бар.","Нәтижесінде балықтың екі түрі жойылып кетті, ал қалған екеуіне жойылып кету қауіп төнді, оның ішінде бүкірі балық табар.",нәтижесінде балықтың екі түрі жойылып кетті ал қалған екеуіне жойылып кету қаупі төнді оның ішінде бүкір балық та бар,нәтижесінде балықтың екі түрі жойылып кетті ал қалған екеуіне жойылып кету қауіп төнді оның ішінде бүкірі балық табар
1669,"Полиция басшысы Чандра Шехар Соланкидің айтуынша, сотталушылар сотта беттерін жауып қатысқан.","Полиция басшысы Чамдра Шыхар саланкидің айтуынша, сотталушылар сотта беттерін жауып қатысқан.",полиция басшысы чандра шехар соланкидің айтуынша сотталушылар сотта беттерін жауып қатысқан,полиция басшысы чамдра шыхар саланкидің айтуынша сотталушылар сотта беттерін жауып қатысқан
1892,"Бұл – Британдық отарлаушылардың өз меншігі ретінде басып алған орны, сондықтан егер сіз аумақтың отаршылдықта болғанының дәлелдерін іздесеңіз, бұл – бастамаңыз үшін қолайлы орын.","Бұл британдық оторшлаудың өз мен шігіретінде басу алған орна, сондықтан егер сіз аумақтың отаршылдықта болғанын ләлелдерін іздесеңіз, бұл бастамаңыз үшін қолайлы орын.",бұл британдық отарлаушылардың өз меншігі ретінде басып алған орны сондықтан егер сіз аумақтың отаршылдықта болғанының дәлелдерін іздесеңіз бұл бастамаңыз үшін қолайлы орын,бұл британдық оторшлаудың өз мен шігіретінде басу алған орна сондықтан егер сіз аумақтың отаршылдықта болғанын ләлелдерін іздесеңіз бұл бастамаңыз үшін қолайлы орын
1685,"Мысалы, дүние жүзіндегі ең жиі кездесетін фотография түсіру пішімі болып 35 мм табылады. Ол аналогтық пленка дәуірі бітіп жатқанда басым пленка өлшемі болатын.","Мысалы, дүние жүзіндегі ең жиік кездесетін фотография түсірупі шімі болып 35 мм табылады. Ол аналықтық пленка дәуірі бітіп жатқанда басым пленка вілшемі болатын.",мысалы дүние жүзіндегі ең жиі кездесетін фотография түсіру пішімі болып 35 мм табылады ол аналогтық пленка дәуірі бітіп жатқанда басым пленка өлшемі болатын,мысалы дүние жүзіндегі ең жиік кездесетін фотография түсірупі шімі болып 35 мм табылады ол аналықтық пленка дәуірі бітіп жатқанда басым пленка вілшемі болатын
1717,Су асты топологиясына байланысты кері ағын бірнеше тереңірек учаскелерде шоғырланған және онда терең суға жылдам ағын пайда болуы мүмкін.,Су асты топологиясына байланысты кері ағын бірнеше тереңірек учаскілерде шоғырланған және онда терең суғай жылдам ағын пайда болуы мүмкін.,су асты топологиясына байланысты кері ағын бірнеше тереңірек учаскелерде шоғырланған және онда терең суға жылдам ағын пайда болуы мүмкін,су асты топологиясына байланысты кері ағын бірнеше тереңірек учаскілерде шоғырланған және онда терең суғай жылдам ағын пайда болуы мүмкін
1854,Көліктің өзі сол күні шамамен 12:00 GMT уақытында апат орнынан әкетілген.,Көліктің өзі сол күні шамамен 12 GMT уақытында апа т орнын әкетілген.,көліктің өзі сол күні шамамен 12 00 gmt уақытында апат орнынан әкетілген,көліктің өзі сол күні шамамен 12 gmt уақытында апа т орнын әкетілген
1777,"Оттава - Канаданың таңқалдырарлық, екітілді астанасы және онда Канаданың тарихы мен бүгінін бейнелейтін көптеген өнер галереялары мен музейлер ұсынылған.","Оттаба, Канаданың таң қалдырарлық, екі тілді астанасы және онда Канаданың тарихы мен бүгінін бейнелейкін көптеген онер галерийаларымен мүзелер ұсынылған.",оттава канаданың таңқалдырарлық екітілді астанасы және онда канаданың тарихы мен бүгінін бейнелейтін көптеген өнер галереялары мен музейлер ұсынылған,оттаба канаданың таң қалдырарлық екі тілді астанасы және онда канаданың тарихы мен бүгінін бейнелейкін көптеген онер галерийаларымен мүзелер ұсынылған
1828,"Интернеттен «қауіпті ортаны» іздесеңіз, жергілікті компанияның мекен-жайын береді.","Интернеттен қауіпті ортаны іздесеңіз, жергілікті компанияның мекен жайын береді.",интернеттен қауіпті ортаны іздесеңіз жергілікті компанияның мекен жайын береді,интернеттен қауіпті ортаны іздесеңіз жергілікті компанияның мекен жайын береді
1810,Калифорния губернаторы Арнольд Шварценеггер кәмелетке толмағандарға зорлық-зомбылық контенті бар видео ойындарды сатуға немесе жалға беруге тыйым салатын заңға қол қойды.,Калифорния губернаторы Арнольд Швартсинегер кәмелетке толмағандарыға сорлық зонбылық контенті бар видео ойындарды сатуға немесе жалға беруге тыйым салатын заңғы қол қойды.,калифорния губернаторы арнольд шварценеггер кәмелетке толмағандарға зорлық зомбылық контенті бар видео ойындарды сатуға немесе жалға беруге тыйым салатын заңға қол қойды,калифорния губернаторы арнольд швартсинегер кәмелетке толмағандарыға сорлық зонбылық контенті бар видео ойындарды сатуға немесе жалға беруге тыйым салатын заңғы қол қойды
1861,"Нәтижесінде, орындаушылар сахнада каннабисті шекті және театрдың өзі аудиоторияны қосылуға шақырды.",Нәтижесінде орындаушылар сақынада канабисті шекті және театрдың өзі аудиторияны қосылуға шақырды.,нәтижесінде орындаушылар сахнада каннабисті шекті және театрдың өзі аудиоторияны қосылуға шақырды,нәтижесінде орындаушылар сақынада канабисті шекті және театрдың өзі аудиторияны қосылуға шақырды
1971,"Қатты жел, бұршақ, артық жауын-шашын және өрттер, сонымен бірге найзағайлар, торнадолар, судағы құйындар және циклондар ауар ауа райының түрлері мен әсерлері болып табылады.","Қатты жел бұршақ артық жауын-шағшын және өрттер, сонымен бірге найзағайлар, турнадолар, судағы құйындар және циклондар ауыр ауа райының түрлері мен әсерлері болып табылады.",қатты жел бұршақ артық жауын шашын және өрттер сонымен бірге найзағайлар торнадолар судағы құйындар және циклондар ауар ауа райының түрлері мен әсерлері болып табылады,қатты жел бұршақ артық жауын шағшын және өрттер сонымен бірге найзағайлар турнадолар судағы құйындар және циклондар ауыр ауа райының түрлері мен әсерлері болып табылады
1943,"Алаңдаушылық неғұрлым төменірек болса, өмір күші соғұрлым позитивтеі болады. Әр адамда абсолютті тыныштық пен ризашылықты табу мүмкіндігі бар.","Алаңдаушылық негірлім түмен рек болса, өмір кіші соғырлім позитивте болады. Әр адамда абсолютті тыныштық пен ризашылықты табу мүмкіндігі бар.",алаңдаушылық неғұрлым төменірек болса өмір күші соғұрлым позитивтеі болады әр адамда абсолютті тыныштық пен ризашылықты табу мүмкіндігі бар,алаңдаушылық негірлім түмен рек болса өмір кіші соғырлім позитивте болады әр адамда абсолютті тыныштық пен ризашылықты табу мүмкіндігі бар
1820,Қазіргі уақытта адамдар ұштағышқа жақындамай-ақ компьютер экрандарында хабарламалар жаза алады.,Қазіргі уақытта адамдар ұштағышқа жақындам аяқ компьютерік трандарында хабарылымалар жаза алады.,қазіргі уақытта адамдар ұштағышқа жақындамай ақ компьютер экрандарында хабарламалар жаза алады,қазіргі уақытта адамдар ұштағышқа жақындам аяқ компьютерік трандарында хабарылымалар жаза алады
1794,"Өркениет – бірге тұрып, бірге жұмыс істейтін қоғамдағы адамдардың айтарлықтай үлкен тобына қатысты ортақ мәдениет.","Өркениет бір кетірып, бірге жұмыс істейтінін қоғамдардың адамдардың айтарлықтай үлкен тобының қатысты ортақ мәдениет.",өркениет бірге тұрып бірге жұмыс істейтін қоғамдағы адамдардың айтарлықтай үлкен тобына қатысты ортақ мәдениет,өркениет бір кетірып бірге жұмыс істейтінін қоғамдардың адамдардың айтарлықтай үлкен тобының қатысты ортақ мәдениет
1800,Бұл көпір 2017 жылдың қыркүйек айында толығымен жұмыс істейді деп жоспарланған. Бұл жылда бразилиялық кеден бекеттері аяқталады деп күтілуде.,Бұл көпір 2017 жылдың 40 үйінда толғымын жұмыс стейт деп жоспарланған. Бұл жылда бразилиялық кеден бекеттері аяқталат деп күтілуде.,бұл көпір 2017 жылдың қыркүйек айында толығымен жұмыс істейді деп жоспарланған бұл жылда бразилиялық кеден бекеттері аяқталады деп күтілуде,бұл көпір 2017 жылдың 40 үйінда толғымын жұмыс стейт деп жоспарланған бұл жылда бразилиялық кеден бекеттері аяқталат деп күтілуде
1794,"Өркениет – бірге тұрып, бірге жұмыс істейтін қоғамдағы адамдардың айтарлықтай үлкен тобына қатысты ортақ мәдениет.","Өркенет бірге тұрып, бірге жұмыстейтін қоғамдағы адамдардың айтарлықтай үлкен тобына қатысты ортақ мәдениет.",өркениет бірге тұрып бірге жұмыс істейтін қоғамдағы адамдардың айтарлықтай үлкен тобына қатысты ортақ мәдениет,өркенет бірге тұрып бірге жұмыстейтін қоғамдағы адамдардың айтарлықтай үлкен тобына қатысты ортақ мәдениет
1776,"Бір түн ішінде 150-ден 200-ге дейін көшірмелер жасалып, олар қазір «Dunlap broadsides» ретінде белгілі.","Бір түн ішінде 150-де 200-ге дейін көшірмелер жасалып, олар қасыр Дунлап-Бродсайд сүретінде белбілі.",бір түн ішінде 150 ден 200 ге дейін көшірмелер жасалып олар қазір dunlap broadsides ретінде белгілі,бір түн ішінде 150 де 200 ге дейін көшірмелер жасалып олар қасыр дунлап бродсайд сүретінде белбілі
1837,Реконструкция әрекеттерін либералдық сынау реконструкция келісімшарттарын солай деп саналатын Вашингтон инсайдерлеріне беруге баса көңіл бөлді.,Реконструкция әрекеттерін либералдық сынау реконструкция келісім шарттарын солай деп саналатын Вашингтон инсайдерлеріне беруге баса көңіл бөлді.,реконструкция әрекеттерін либералдық сынау реконструкция келісімшарттарын солай деп саналатын вашингтон инсайдерлеріне беруге баса көңіл бөлді,реконструкция әрекеттерін либералдық сынау реконструкция келісім шарттарын солай деп саналатын вашингтон инсайдерлеріне беруге баса көңіл бөлді
1721,"1963 жылы тоған салынғаннан кейін, тасындылардың жайылуына себеп болатын маусымдық су тасқыны тоқтатылды.",1963 жылы доған салынғаннан кейін тасымдылардың жайлуына себеп болатын маусымдық су тасқыны тоқтатылды.,1963 жылы тоған салынғаннан кейін тасындылардың жайылуына себеп болатын маусымдық су тасқыны тоқтатылды,1963 жылы доған салынғаннан кейін тасымдылардың жайлуына себеп болатын маусымдық су тасқыны тоқтатылды
1732,"Оқиғалар Еуропа тарихындағы 11, 12 және 13 ғасырларды қамтитын орта ғасырлардың ортаңғы кезеңінде (б.з. 1000-1300 жылдар) орын алған.",Оқиғалар Еуропа тарихындағы 11-12 және 13-ғасырларды қамтитын ортағасырлардың ортаңғы кезеңінде біздің заманузың 1300 жылдары орын алған.,оқиғалар еуропа тарихындағы 11 12 және 13 ғасырларды қамтитын орта ғасырлардың ортаңғы кезеңінде б з 1000 1300 жылдар орын алған,оқиғалар еуропа тарихындағы 11 12 және 13 ғасырларды қамтитын ортағасырлардың ортаңғы кезеңінде біздің заманузың 1300 жылдары орын алған
1998,"Олардың қабыршақтары мен тырнақтары бар аяқтары бар, олар жұмыртқалайды және олар тиранозавр сияқты екі артқы аяғында жүреді.",Олардың қабыршақтары мен тырнақтары бар аяқтары бар. Олар жұмыртқалайды және олар терінағыназавыр сияқты екі артқы аяғында жүреді.,олардың қабыршақтары мен тырнақтары бар аяқтары бар олар жұмыртқалайды және олар тиранозавр сияқты екі артқы аяғында жүреді,олардың қабыршақтары мен тырнақтары бар аяқтары бар олар жұмыртқалайды және олар терінағыназавыр сияқты екі артқы аяғында жүреді
1683,"Мұнда осы уақытқа дейін осында өмір сүрген көптеген ерлер мен әйелдер, сондай-ақ жақындары қаза болған немесе соңғы демі қалғанша қызмет еткен еврей, еврей емес тірі адамдар көп.","Мұнда осы уақытқа дейін осында өмір сүрген көптеген ерлер мен әйелдер, сондай-ақ жақымдары қаза болған немесе соңғы демы қалғанша қызмет еткен ебірей емес түрі адамдыр көп.",мұнда осы уақытқа дейін осында өмір сүрген көптеген ерлер мен әйелдер сондай ақ жақындары қаза болған немесе соңғы демі қалғанша қызмет еткен еврей еврей емес тірі адамдар көп,мұнда осы уақытқа дейін осында өмір сүрген көптеген ерлер мен әйелдер сондай ақ жақымдары қаза болған немесе соңғы демы қалғанша қызмет еткен ебірей емес түрі адамдыр көп
1950,Солтүстікке қарай және жақын арада Синтра деген романтикалық және еліктіретін қаласы орналасқан және ол Лорд Байрон оның ғажайыптарын қызық әңгімелегеннен кейін шетелдіктерге әйгілі болды.,Солтүстікке қарай және жақын арада синтра деген романтикалық және елікті ретін қаласы орналасыған және ол Лорд Байрон оның қажайыптарын қызық әңмелегеннен кейін шетелдіктерге әйгілі болды.,солтүстікке қарай және жақын арада синтра деген романтикалық және еліктіретін қаласы орналасқан және ол лорд байрон оның ғажайыптарын қызық әңгімелегеннен кейін шетелдіктерге әйгілі болды,солтүстікке қарай және жақын арада синтра деген романтикалық және елікті ретін қаласы орналасыған және ол лорд байрон оның қажайыптарын қызық әңмелегеннен кейін шетелдіктерге әйгілі болды
1991,Еуропалық тарихтың осы кезеңінде бай және қуатты болған католик шіркеуі қатаң бақылауға алынды.,Еуропалық тарихтың осы кезеңінде бай және қуатты болған католик шіркеуі қатаң бақылауға алынды.,еуропалық тарихтың осы кезеңінде бай және қуатты болған католик шіркеуі қатаң бақылауға алынды,еуропалық тарихтың осы кезеңінде бай және қуатты болған католик шіркеуі қатаң бақылауға алынды
1670,"""Олардың температуралық сипаттамалары жер бетіндегі тұрақты температураны сақтайтын үлкен үңгірлер сияқты тұрақты емес, бірақ бұл олардың жердегі терең үңгірлерге сәйкес келеді"", - деді Глен Кушинг, АҚШ геологиялық қызметі (USGS) астрогеология тобы және Аризона штатының Флагстафф қаласында орналасқан Солтүстік Аризона университетінің мүшесі Глен Кушинг.","Олардың температуралық сипаттамалары жер бетіндегі тұрақты температураны сақтайтын үлкенің гүрлер сияқты тұрақты емес, бірақ бұл олардың жердегі терең үңгірлерге сәйкес келеді деді Глен Кушинг АҚШ геологиялық қызметті USGS, астрология тобы және Аризон аштатының Флакс тафхаласында орналасқан Солтүстік Оризонның үңгірстетінің үшесі Глен Кушинг.",олардың температуралық сипаттамалары жер бетіндегі тұрақты температураны сақтайтын үлкен үңгірлер сияқты тұрақты емес бірақ бұл олардың жердегі терең үңгірлерге сәйкес келеді деді глен кушинг ақш геологиялық қызметі usgs астрогеология тобы және аризона штатының флагстафф қаласында орналасқан солтүстік аризона университетінің мүшесі глен кушинг,олардың температуралық сипаттамалары жер бетіндегі тұрақты температураны сақтайтын үлкенің гүрлер сияқты тұрақты емес бірақ бұл олардың жердегі терең үңгірлерге сәйкес келеді деді глен кушинг ақш геологиялық қызметті usgs астрология тобы және аризон аштатының флакс тафхаласында орналасқан солтүстік оризонның үңгірстетінің үшесі глен кушинг
1707,Ол Оңтүстік Африканың негізгі көрнекі жерлерінің бірі болып табылады және Оңтүстік Африка ұлттық парктерінің (SANParks) жетекшісі болып есептеледі.,Ол Оңтүстік Африканың негізгі көрнекі жерлерінің бірі болып табылады және Оңтүстік Африка Ұлттық парктерінің Сан-Паркс жетекшісі болып есептеледі.,ол оңтүстік африканың негізгі көрнекі жерлерінің бірі болып табылады және оңтүстік африка ұлттық парктерінің sanparks жетекшісі болып есептеледі,ол оңтүстік африканың негізгі көрнекі жерлерінің бірі болып табылады және оңтүстік африка ұлттық парктерінің сан паркс жетекшісі болып есептеледі
1891,"Лакша Сингх ""чхаппан бхог"" (елу алты дегенді білдіреді) өлеңін ұсынды. Ол әнді әнші Раджу Ханделвалмен бірге орындады.","Лакша Синк шықаппен бұхық 56 дегенді білдіреді, өлеңін ұсынады, ол әнді әнші Раджу Ханделвалмен бірге орындады.",лакша сингх чхаппан бхог елу алты дегенді білдіреді өлеңін ұсынды ол әнді әнші раджу ханделвалмен бірге орындады,лакша синк шықаппен бұхық 56 дегенді білдіреді өлеңін ұсынады ол әнді әнші раджу ханделвалмен бірге орындады
1688,"Теңіз әскери күштерінің жұмысы дәстүр бойынша елдің адамдарды және тауарларды жылжыту қабілетін сақтау, сонымен бірге жаудың өз адамдары мен тауарларын жылжыту қабілетіне кедергі жасау болатын.","Теңіз әскери күштерінің жұнысы дәстүр бойынша елдің адамдарды және тауарларды жылжүту қабілетін сақтау, сонымен бірге жаудың өз адамдары мен тауарларын жылжүту қабілетіне кедергі жасау болатын.",теңіз әскери күштерінің жұмысы дәстүр бойынша елдің адамдарды және тауарларды жылжыту қабілетін сақтау сонымен бірге жаудың өз адамдары мен тауарларын жылжыту қабілетіне кедергі жасау болатын,теңіз әскери күштерінің жұнысы дәстүр бойынша елдің адамдарды және тауарларды жылжүту қабілетін сақтау сонымен бірге жаудың өз адамдары мен тауарларын жылжүту қабілетіне кедергі жасау болатын
1887,"Лиггинс ауруханада жұмыс істей бастағанда, бос уақытында мерзімінен бұрын босануды зерттей бастады.",Лиггинс ауруханада жұмыс істей бастаған бұз уақытында мерзімінен бұрын босауында зертей бастады.,лиггинс ауруханада жұмыс істей бастағанда бос уақытында мерзімінен бұрын босануды зерттей бастады,лиггинс ауруханада жұмыс істей бастаған бұз уақытында мерзімінен бұрын босауында зертей бастады
1930,"Алты тұтқын, соның ішінде балалар және қариялар, сонымен бірге филиппиндік фотографтар ерте жіберілді.","Алты тұтқын, соның ішінде балалар және қариялар, сонымен бірге пельфиндік фотографтар ерде жіберілді.",алты тұтқын соның ішінде балалар және қариялар сонымен бірге филиппиндік фотографтар ерте жіберілді,алты тұтқын соның ішінде балалар және қариялар сонымен бірге пельфиндік фотографтар ерде жіберілді
1703,Мартелли кеше тоғыз мүшеден тұратын жаңа уақытша сайлау кеңесінің (CEP) алдында ант берді.,Мортелли кеше 9 мүшеден тұратын жаңа уақыт жасайлау кенесінің сеп алында антыперді.,мартелли кеше тоғыз мүшеден тұратын жаңа уақытша сайлау кеңесінің cep алдында ант берді,мортелли кеше 9 мүшеден тұратын жаңа уақыт жасайлау кенесінің сеп алында антыперді
2002,Бұл ойыншыларға бейне ойындардағы әрекеттер мен қозғалыстарды құрылғыны ауада қозғалту арқылы басқаруға мүмкіндік береді.,Бұл ойыншыларға бейне ойындардағы әрекеттер мен қозғалстарды құрылғына ауада қозғалту арқылы басқаруға мүкіндік береді.,бұл ойыншыларға бейне ойындардағы әрекеттер мен қозғалыстарды құрылғыны ауада қозғалту арқылы басқаруға мүмкіндік береді,бұл ойыншыларға бейне ойындардағы әрекеттер мен қозғалстарды құрылғына ауада қозғалту арқылы басқаруға мүкіндік береді
2009,"Ең оңай қол жеткізуге болаты өсімдік ресурстарына жапырақтар мен бұршақтарда қолжетімді ақуыздар болды, бірақ әзірлемесе, олар біз сияқты приматтар үшін қорытуға қиын.","Ең оңай қолжет күзге болаты өсімдік ресустарына жапырақтар мен бұршақтарда әқолжетімді ақуыздар болды, бірақ әзірлемесе олар біз сияқты приматтар үшін қортуға қиын.",ең оңай қол жеткізуге болаты өсімдік ресурстарына жапырақтар мен бұршақтарда қолжетімді ақуыздар болды бірақ әзірлемесе олар біз сияқты приматтар үшін қорытуға қиын,ең оңай қолжет күзге болаты өсімдік ресустарына жапырақтар мен бұршақтарда әқолжетімді ақуыздар болды бірақ әзірлемесе олар біз сияқты приматтар үшін қортуға қиын
1905,"Молдованың астанасы — Кишинев. Жергілікті тілі — румын тілі, бірақ орыс тілі кеңінен пайдаланылады.","Молдованың астанасы кешінеуф, жергілікті тілі румын тілі, бірақ орыс тілі кеңінін пайдаланылады.",молдованың астанасы кишинев жергілікті тілі румын тілі бірақ орыс тілі кеңінен пайдаланылады,молдованың астанасы кешінеуф жергілікті тілі румын тілі бірақ орыс тілі кеңінін пайдаланылады
1680,"Жақсы атлет жолбарыс өрмелей (бірақ жақсы емес), жүзе, үлкен қашықтықтарға секіре және күшті адамнан бес есе көбірек күшпен тартыла алады.","Жақсы атлет — жолбарыс өрмелей, бірақ жақсы емес, жүзе, үлкен қашықтыға секіре және күшті адамнан бес есе көбірек күшпен тартыла алады.",жақсы атлет жолбарыс өрмелей бірақ жақсы емес жүзе үлкен қашықтықтарға секіре және күшті адамнан бес есе көбірек күшпен тартыла алады,жақсы атлет жолбарыс өрмелей бірақ жақсы емес жүзе үлкен қашықтыға секіре және күшті адамнан бес есе көбірек күшпен тартыла алады
1679,Aerosmith турында қалған концерттерінен бас тартты.,Айросмит турында қалған конценттерінен бас тартты.,aerosmith турында қалған концерттерінен бас тартты,айросмит турында қалған конценттерінен бас тартты
1823,«Жол қозғалысының ағыны» – жеке жүргізушілердің және көліктердің екі нүкте арасындағы қозғалысын және олардың бір бірімен өзара әрекеттесулерін зерттеу.,Жол қозғалысының ағыны — жекет жүргізушілердің және көліктердің екі нүкте арасындағы қозғалысын және олардың бір-бірімен өзіра әрекетте сөулерін зерттеу.,жол қозғалысының ағыны жеке жүргізушілердің және көліктердің екі нүкте арасындағы қозғалысын және олардың бір бірімен өзара әрекеттесулерін зерттеу,жол қозғалысының ағыны жекет жүргізушілердің және көліктердің екі нүкте арасындағы қозғалысын және олардың бір бірімен өзіра әрекетте сөулерін зерттеу
2005,Бірақ құстарда динозаврдікіне ұқсайтын көп нәрселер әлі де бар.,Бірақ құстарда динозаврдыкіне ұқсайтын көп нәрселері әлі де бар.,бірақ құстарда динозаврдікіне ұқсайтын көп нәрселер әлі де бар,бірақ құстарда динозаврдыкіне ұқсайтын көп нәрселері әлі де бар
1780,"Кундалини йога көмегімен Кундалини энергиясы (ағарту энергиясы) йога позалары, тыныс алу жаттығулары мантра және визуализация арқылы оянады.","Кундалини, йога көмегімен кундалини энергиясы, ағарту энергиясы, йога позалары, тың салу жаттығулары мантра және визуализация арқылы оянады.",кундалини йога көмегімен кундалини энергиясы ағарту энергиясы йога позалары тыныс алу жаттығулары мантра және визуализация арқылы оянады,кундалини йога көмегімен кундалини энергиясы ағарту энергиясы йога позалары тың салу жаттығулары мантра және визуализация арқылы оянады
1926,"Аристотельдің ғылымның барлық мәселелеріне, оның ішінде психологияға көзқарасы қабылданды.",Аристотельдің ғылымының барлық мәселелеріне оның ішінде психологияға көз қарасы тқабылданды.,аристотельдің ғылымның барлық мәселелеріне оның ішінде психологияға көзқарасы қабылданды,аристотельдің ғылымының барлық мәселелеріне оның ішінде психологияға көз қарасы тқабылданды
1996,Австралиялық Митчелл Горли ерлердің тұрып тұратын Super-G жарысында он бірінші болып мәреге жетті. Чех бәсекелес Олдрич Джелинек ерлердің отыратын Super-G жарысында он алтыншы болып мәреге жетті.,Австралиялық Митчел Горли ерлердің тұртыптыратын Super-G жарысында 11-ші болып нәреге жетті. Чеқ пәсекелес Улдрич-Желинек ерлердің отыратын Super-G жарысында 16-ші болып нәреге жетті.,австралиялық митчелл горли ерлердің тұрып тұратын super g жарысында он бірінші болып мәреге жетті чех бәсекелес олдрич джелинек ерлердің отыратын super g жарысында он алтыншы болып мәреге жетті,австралиялық митчел горли ерлердің тұртыптыратын super g жарысында 11 ші болып нәреге жетті чеқ пәсекелес улдрич желинек ерлердің отыратын super g жарысында 16 ші болып нәреге жетті
1865,Санкт-Петербургтегі круиздерге қаладағы уақыт кіреді. Круиз жолаушылары виза режиміндегі талаптардан азат етілген (талаптарды көріп шығыңыз).,Санкт-Петербургтегі күріздерге қаладақы уақыт кіреді. Күріз жылушылары виза режиміндегі талаптардан азат етілген талаптарды көріп шығынз.,санкт петербургтегі круиздерге қаладағы уақыт кіреді круиз жолаушылары виза режиміндегі талаптардан азат етілген талаптарды көріп шығыңыз,санкт петербургтегі күріздерге қаладақы уақыт кіреді күріз жылушылары виза режиміндегі талаптардан азат етілген талаптарды көріп шығынз
1791,Құрылыс орындарын граффити сызу арқылы бүлдірмеңіз.,Құрылыс орындарын граффитесізу арқылы бүлдірмеңіз.,құрылыс орындарын граффити сызу арқылы бүлдірмеңіз,құрылыс орындарын граффитесізу арқылы бүлдірмеңіз
1709,Бұл есеп жетекшінің Иракқа қатысты ағымдағы саясатының әрбір аспектісін қатты сынайды және бағытты дереу өзгертуге шақырады.,Бұл есеп жетекшінің Ираққа қатысты ағымдағы саясатының әрбір аспектісін қатты сынайды және бағытты дереу өзгертуге шақырады.,бұл есеп жетекшінің иракқа қатысты ағымдағы саясатының әрбір аспектісін қатты сынайды және бағытты дереу өзгертуге шақырады,бұл есеп жетекшінің ираққа қатысты ағымдағы саясатының әрбір аспектісін қатты сынайды және бағытты дереу өзгертуге шақырады
1734,Ғалымдар қара материя басқа қара материяға қарапайым материя сияқты әсер етеді деп тұжырымдай алды.,"Ғалымдар қараматерия, басқа қараматериаға қарапайым материя сияқты әсер етеді деп тұжырымдай алды.",ғалымдар қара материя басқа қара материяға қарапайым материя сияқты әсер етеді деп тұжырымдай алды,ғалымдар қараматерия басқа қараматериаға қарапайым материя сияқты әсер етеді деп тұжырымдай алды
1836,"Адамдар ежелден алтын, күміс және мыс сияқты негізгі химиялық элементтер туралы білді, өйткені олардың барлығын табиғатта табиғи түрде табуға болады және қарапайым құралдармен өндіру салыстырмалы түрде оңай.","Адамдар ешелден алтын, көміс және мыс сияқты негізгі химиялық элементтер туралы білді, өйткені олардың барлығын табиғатта табиғи түрде табуға болады және қарапайым құралдармен өндіру салыстырмалы түрде оңай.",адамдар ежелден алтын күміс және мыс сияқты негізгі химиялық элементтер туралы білді өйткені олардың барлығын табиғатта табиғи түрде табуға болады және қарапайым құралдармен өндіру салыстырмалы түрде оңай,адамдар ешелден алтын көміс және мыс сияқты негізгі химиялық элементтер туралы білді өйткені олардың барлығын табиғатта табиғи түрде табуға болады және қарапайым құралдармен өндіру салыстырмалы түрде оңай
1752,"Нәтижесінде балықтың екі түрі жойылып кетті, ал қалған екеуіне жойылып кету қаупі төнді, оның ішінде бүкір балық та бар.","Нәтижесінде балықтың екі түрі жойылып кетті, ал қалған екеуіне жойылып кету қаупі төнді, оның ішінде бүкір балық табар.",нәтижесінде балықтың екі түрі жойылып кетті ал қалған екеуіне жойылып кету қаупі төнді оның ішінде бүкір балық та бар,нәтижесінде балықтың екі түрі жойылып кетті ал қалған екеуіне жойылып кету қаупі төнді оның ішінде бүкір балық табар
1712,1966 жылдан бері Сундарбан жабайы жануарлар қорығы болған. Есептеулер бойынша қазіргі уақыта бұл аумақта 400 корольдік бенгал жолбарысы және шамамен 30 000 дақты бұғы бар.,"1966 жылдан бері, сундарбан жабайы жануарлар, қорғы болған, есептеулер бойынша қазіргі уақытта бұл аумақта 400 корольбен қалжол барысы және шамамен 30 000 дақты бұғы бар.",1966 жылдан бері сундарбан жабайы жануарлар қорығы болған есептеулер бойынша қазіргі уақыта бұл аумақта 400 корольдік бенгал жолбарысы және шамамен 30 000 дақты бұғы бар,1966 жылдан бері сундарбан жабайы жануарлар қорғы болған есептеулер бойынша қазіргі уақытта бұл аумақта 400 корольбен қалжол барысы және шамамен 30 000 дақты бұғы бар
1942,Біз үйлерімізді өсімдіктерден жасаймыз және киімдерді өсімдіктерден жасаймыз. Біз жейтін тамақтардың көпшілігі өсімдіктер болып табылады. Өсімдіктерсіз жануарлар тірі қалмайтын еді.,Біз үйлерімізді өсімдіктерден жасаймыз және киімдерді өсімдіктерден жасаймыз. Біз жейтін тамақтардың көпшілігі өсімдіктер болып табылады. өсімдіктерсіз жануарлар тірі қалмайтын еді.,біз үйлерімізді өсімдіктерден жасаймыз және киімдерді өсімдіктерден жасаймыз біз жейтін тамақтардың көпшілігі өсімдіктер болып табылады өсімдіктерсіз жануарлар тірі қалмайтын еді,біз үйлерімізді өсімдіктерден жасаймыз және киімдерді өсімдіктерден жасаймыз біз жейтін тамақтардың көпшілігі өсімдіктер болып табылады өсімдіктерсіз жануарлар тірі қалмайтын еді
2005,Бірақ құстарда динозаврдікіне ұқсайтын көп нәрселер әлі де бар.,Бірақ құстарда динозавр дікіне ұқсайтын көп нәрселер әлі де бар.,бірақ құстарда динозаврдікіне ұқсайтын көп нәрселер әлі де бар,бірақ құстарда динозавр дікіне ұқсайтын көп нәрселер әлі де бар
1682,"Оны кім жазғанын ешкім дәл білмегенімен, өмірінің басында үлкен пергамент құжат (оның өлшемі: 29¾ дюйм х 24½ дюйм) сақтау үшін оралғаны белгілі.","Оны кім жазғанын ешкім дәл білмегенімен, өмірінің басында үлкен праграмент құжат. Оның өлшемі 29,3 дюйм көпетілген 24,2 дюйм сақтау үшін оралғаны белгілі.",оны кім жазғанын ешкім дәл білмегенімен өмірінің басында үлкен пергамент құжат оның өлшемі 293 4 дюйм х 241 2 дюйм сақтау үшін оралғаны белгілі,оны кім жазғанын ешкім дәл білмегенімен өмірінің басында үлкен праграмент құжат оның өлшемі 29 3 дюйм көпетілген 24 2 дюйм сақтау үшін оралғаны белгілі
1726,Далаға сапарлар кез келген сынып бөлмесінің үлкен бөлігі болып табылады. Мұғалім оқушыларды автобуспен бару мүмкін емес жерлерге апарғысы келетіні айтарлықтай жиі боалды.,"Далаға сапарлар кез келген сынып бөлмесінің үлкен бөлігі болып табылады, мұғалім оқушыларды автобуспен бару мүмкін емес жердеге апарғысы келетін айтарлықтай жиі болады.",далаға сапарлар кез келген сынып бөлмесінің үлкен бөлігі болып табылады мұғалім оқушыларды автобуспен бару мүмкін емес жерлерге апарғысы келетіні айтарлықтай жиі боалды,далаға сапарлар кез келген сынып бөлмесінің үлкен бөлігі болып табылады мұғалім оқушыларды автобуспен бару мүмкін емес жердеге апарғысы келетін айтарлықтай жиі болады
1893,"Сундарбандар - әлемдегі ең үлкен жағалаудағы мангр тоғайының белдеуі, жағалаудан Бангладеш пен Үндістанның ішкі аудандарына дейін 80 км (50 миль) созылып жатыр.",Сұндарбангар әлемдегі ең үлкен жағалаудағы маңғыр тоғайының белдеуі. Жағалаудан банғладешпен Үндістанның ішкі аудандарына дейін 80 км 50 миль созылып жатыр.,сундарбандар әлемдегі ең үлкен жағалаудағы мангр тоғайының белдеуі жағалаудан бангладеш пен үндістанның ішкі аудандарына дейін 80 км 50 миль созылып жатыр,сұндарбангар әлемдегі ең үлкен жағалаудағы маңғыр тоғайының белдеуі жағалаудан банғладешпен үндістанның ішкі аудандарына дейін 80 км 50 миль созылып жатыр
1853,"Джанкарло Фисичелла көлігін басқаруды жоғалтып, жарысты старттан кейін көп ұзамай аяқтады.","Жанкарло физичелла көлігін басқаруды жоғалдып, жарысты сарттан кейін көп замай ақтады.",джанкарло фисичелла көлігін басқаруды жоғалтып жарысты старттан кейін көп ұзамай аяқтады,жанкарло физичелла көлігін басқаруды жоғалдып жарысты сарттан кейін көп замай ақтады
1951,"2002 жылы Гома қаласының көптеген көшелерін, әсіресе қала орталығындағы көшелері Нирагонго жанартауынан аққан лавамен жойылды.","2002 жылы Гома қаласын көптеген көшелерін, әсіресе қала орталығындағы көшелері Нирагонға жанартауына наққан лабамен жойылды.",2002 жылы гома қаласының көптеген көшелерін әсіресе қала орталығындағы көшелері нирагонго жанартауынан аққан лавамен жойылды,2002 жылы гома қаласын көптеген көшелерін әсіресе қала орталығындағы көшелері нирагонға жанартауына наққан лабамен жойылды
1885,"22:00-23: 00 аралығында (MDT), аулада тұрған сотталғандай өрт шығарды.",22.00 23.00 аралығында MDD аулада тұрған сотталғандай өрт шығарды.,22 00 23 00 аралығында mdt аулада тұрған сотталғандай өрт шығарды,22 00 23 00 аралығында mdd аулада тұрған сотталғандай өрт шығарды
1956,Тауарларды тасымалдау үшін кемелерді пайдалану әзірше адамдардың және тауарлардың үлкен мөлшерлерін мұхиттарда жылжытудың ең тиімді жолы болып табылады.,Тауарларды тасымалдау үшін кемелерді пайдалану әзірші адамдардың және тауарлардың үлкен мөлшерлерін мұхиттарда жылшытудың ең тиімді жолып алып табылады.,тауарларды тасымалдау үшін кемелерді пайдалану әзірше адамдардың және тауарлардың үлкен мөлшерлерін мұхиттарда жылжытудың ең тиімді жолы болып табылады,тауарларды тасымалдау үшін кемелерді пайдалану әзірші адамдардың және тауарлардың үлкен мөлшерлерін мұхиттарда жылшытудың ең тиімді жолып алып табылады
2001,"Саяхаттаушыларға өз аумағына әсер ететін ауыр ауа райының кез келген қаупі туралы хабардар болу туралы кеңес беріледі, өйткені олар барлық саяхаттау туралы жоспарларға әсер етуі мүмкін.","Саяхаттаушыларға өз аумағына әсер ететін ауыр ауар айының кез келген қаупі туралы хабардар болу туралы кеңес беріледі, өйткені олар барлық саяхаттау туралы жоспарларға әсер етуі мүмкін.",саяхаттаушыларға өз аумағына әсер ететін ауыр ауа райының кез келген қаупі туралы хабардар болу туралы кеңес беріледі өйткені олар барлық саяхаттау туралы жоспарларға әсер етуі мүмкін,саяхаттаушыларға өз аумағына әсер ететін ауыр ауар айының кез келген қаупі туралы хабардар болу туралы кеңес беріледі өйткені олар барлық саяхаттау туралы жоспарларға әсер етуі мүмкін
2002,Бұл ойыншыларға бейне ойындардағы әрекеттер мен қозғалыстарды құрылғыны ауада қозғалту арқылы басқаруға мүмкіндік береді.,Бұл ойыншыларға бейне ойындардағы әрекеттер мен қозғалыстарды құрылғыны ауада қозғалту арқылы басқаруға мүмкіндік береді.,бұл ойыншыларға бейне ойындардағы әрекеттер мен қозғалыстарды құрылғыны ауада қозғалту арқылы басқаруға мүмкіндік береді,бұл ойыншыларға бейне ойындардағы әрекеттер мен қозғалыстарды құрылғыны ауада қозғалту арқылы басқаруға мүмкіндік береді
1807,"Итальян тілі мемлекетте жұмыс істейтіндердің көпшілігі қолданатын күнделікті тілі, ал латын тілі діни рәсімдерде жиі қолданылады.","Итальян тілі мемлекетте жұмыс істейтіндердің көпшілігі қолданатын күнделікті тілі, аулатын тілі тіни әсімдерде жиі қолданылады.",итальян тілі мемлекетте жұмыс істейтіндердің көпшілігі қолданатын күнделікті тілі ал латын тілі діни рәсімдерде жиі қолданылады,итальян тілі мемлекетте жұмыс істейтіндердің көпшілігі қолданатын күнделікті тілі аулатын тілі тіни әсімдерде жиі қолданылады
1826,"Апаттан соң Гибсон ауруханаға жеткізілді, бірақ аз уақыт өтпей қайтыс болды.","Апаттан соң Гипсон ауруханаға жеткізілді, бірақ ас уақыт өтпей қайтыс болды.",апаттан соң гибсон ауруханаға жеткізілді бірақ аз уақыт өтпей қайтыс болды,апаттан соң гипсон ауруханаға жеткізілді бірақ ас уақыт өтпей қайтыс болды
2006,"Кальций және калий сияқты элементтер металдар болып саналады. Әрине, күміс және алтын сияқты металдар да бар.","Кальций және колли сияқты элементтер металдар болып саналады. Әрине, күміз және алтын сияқты металдар да бар.",кальций және калий сияқты элементтер металдар болып саналады әрине күміс және алтын сияқты металдар да бар,кальций және колли сияқты элементтер металдар болып саналады әрине күміз және алтын сияқты металдар да бар
1761,Кейінірек дәретханаға сұранған егде жастағы әйелдің орнын фотографтар алмастырды. Мендоза атып тасталынды.,Кейінірек дәретханаға сұраңған егде жастағы әйелдің орнын фотографтар алмастырды Миндоза атып тастауынды.,кейінірек дәретханаға сұранған егде жастағы әйелдің орнын фотографтар алмастырды мендоза атып тасталынды,кейінірек дәретханаға сұраңған егде жастағы әйелдің орнын фотографтар алмастырды миндоза атып тастауынды
1957,Ол сыбыстарды «саяси әңгімелер мен ақымақтық» деп есептеді.,Ол сұбыстарды саяси әңмелер мен ақмақтық деп есептейді.,ол сыбыстарды саяси әңгімелер мен ақымақтық деп есептеді,ол сұбыстарды саяси әңмелер мен ақмақтық деп есептейді
1997,Алайда туберкулезбен ауыратын адамдардың бүкіл тобындағы XDR-ТБ пайызы әлі де төмен болып көрінеді; Оңтүстік Африкада әрбір сәтте жалпы 330 000 адамның 6 мыңы ауру жұқтырады.,"Алайда төбір келізіпен ауыратын адамдардың бүкіл тобындағы XDR-TB пайызы әлі де төмен болып көрінеді, оңтүстік Африкада әрбір сетте жалпы 330 000 адамның 6000-і ауру жұқтырады.",алайда туберкулезбен ауыратын адамдардың бүкіл тобындағы xdr тб пайызы әлі де төмен болып көрінеді оңтүстік африкада әрбір сәтте жалпы 330 000 адамның 6 мыңы ауру жұқтырады,алайда төбір келізіпен ауыратын адамдардың бүкіл тобындағы xdr tb пайызы әлі де төмен болып көрінеді оңтүстік африкада әрбір сетте жалпы 330 000 адамның 6000 і ауру жұқтырады
2008,Балидегі күн тәртібіндегі басқа тақырыптарға әлемнің қалған ормандарын сақтау және дамушы елдерге азырақ ластайтын жолмен өсуіне көмектесу үшін технологияларды бөлісу кіреді.,Валейдегі күн тәртігіндегі басқа тағырыптарға әлемнің қалған ормандарын сақтау және дамушы елдерге азырақ ластайтын жолмен өсуіне көмептесу үшін технологияларды бөлісу кіреді.,балидегі күн тәртібіндегі басқа тақырыптарға әлемнің қалған ормандарын сақтау және дамушы елдерге азырақ ластайтын жолмен өсуіне көмектесу үшін технологияларды бөлісу кіреді,валейдегі күн тәртігіндегі басқа тағырыптарға әлемнің қалған ормандарын сақтау және дамушы елдерге азырақ ластайтын жолмен өсуіне көмептесу үшін технологияларды бөлісу кіреді
1690,"USOC ұйымының атлеттердің және клубтардың әрі олардың спорт түрлерінің мүдделеріне лицензиядан айыру орнына, ұйымымызда мағыналы өзгеріс жасау арқылы жақсырақ қызмет көрсетуге болатынымен келіседі.",USOC ұйымының атлеттердің және клубтардың әрі олардың спорт түрлерінің мүдделеріне лицензиядан айыру орнына ұйымымызда мағыналы өзгері жасау арқылы жақсырақ қызмет көрсетуге болатынымен келіседі.,usoc ұйымының атлеттердің және клубтардың әрі олардың спорт түрлерінің мүдделеріне лицензиядан айыру орнына ұйымымызда мағыналы өзгеріс жасау арқылы жақсырақ қызмет көрсетуге болатынымен келіседі,usoc ұйымының атлеттердің және клубтардың әрі олардың спорт түрлерінің мүдделеріне лицензиядан айыру орнына ұйымымызда мағыналы өзгері жасау арқылы жақсырақ қызмет көрсетуге болатынымен келіседі
1850,"Бұл оған егер базалық станцияда екі радио болса, 802.1 a, 802.11b және 802.11g ережелерімен қайта үйлесімді болуға мүмкіндік береді.","Бұл оған егер базалық станцияда екі радио болса, 802.10.А 802.11B және 102.11G ережелермен қайта үйлесімді болуға мүмкіндік береді.",бұл оған егер базалық станцияда екі радио болса 802 1 a 802 11b және 802 11g ережелерімен қайта үйлесімді болуға мүмкіндік береді,бұл оған егер базалық станцияда екі радио болса 802 10 а 802 11b және 102 11g ережелермен қайта үйлесімді болуға мүмкіндік береді
1995,"Виртуалдық дамытатын оқыту бағдарламалық құралға кірістірілген. Олар оқушының өз бетімен түсінуіне қиын болған болуы мүмкін процедуралар туралы сұрақтар қоюға, кеңестер беруге және түсіндіруге арналған.","Виртуалдық тамтатын оқыту бағдарламалық құрылға кірістірілген, олар оқушының өзбетімен түстінуіне қиын болған болуы мүмкін процедуралар туралы сұрақтар қоюға кеңестер беруге және түсінбіруге арналған.",виртуалдық дамытатын оқыту бағдарламалық құралға кірістірілген олар оқушының өз бетімен түсінуіне қиын болған болуы мүмкін процедуралар туралы сұрақтар қоюға кеңестер беруге және түсіндіруге арналған,виртуалдық тамтатын оқыту бағдарламалық құрылға кірістірілген олар оқушының өзбетімен түстінуіне қиын болған болуы мүмкін процедуралар туралы сұрақтар қоюға кеңестер беруге және түсінбіруге арналған
1672,Матаның тым ыстық болуына жол бермеңіз (бұл қысқаруға немесе күюіне себеп болуы мүмкін).,"Матаның тымыстық болуына жол бермеңіз, бұл қысқаруға немесе күйіне себеп болуы мүмкін.",матаның тым ыстық болуына жол бермеңіз бұл қысқаруға немесе күюіне себеп болуы мүмкін,матаның тымыстық болуына жол бермеңіз бұл қысқаруға немесе күйіне себеп болуы мүмкін
1992,"«Сафари» терминінің кең таралған мағынасы Африканың таң қалдыратын жабайы табиғатын, әсіресе саваннаны көруге жер бетімен саяхаттауды білдіреді.","Сафари терминінің кең таралған мағынасы Африканың таң қалдыратын жавайы табиғатын, әсіресі Савананы көруге жер бетімен саяхаттауды білдіреді.",сафари терминінің кең таралған мағынасы африканың таң қалдыратын жабайы табиғатын әсіресе саваннаны көруге жер бетімен саяхаттауды білдіреді,сафари терминінің кең таралған мағынасы африканың таң қалдыратын жавайы табиғатын әсіресі савананы көруге жер бетімен саяхаттауды білдіреді
1750,Сондай-ақ бұл ашу құстар қауырсындарының эволюциясына көрініс береді.,Сондай-ақ бұл ашуы құстыр қауірсіндарының эволюксиясыны көрініспереді.,сондай ақ бұл ашу құстар қауырсындарының эволюциясына көрініс береді,сондай ақ бұл ашуы құстыр қауірсіндарының эволюксиясыны көрініспереді
1738,Сондай-ақ ол суға кірген кез келген нәрсеге шабуылдайтын; тіпті тиранозавр сияқты алып динозавр да оған тең келмейтін.,Сондай-ақ ол суға кірген кез-келген нәлсеге шабуылдайтын тіпті теранозавр сияқты алып динозаврда оғантең кермейдін.,сондай ақ ол суға кірген кез келген нәрсеге шабуылдайтын тіпті тиранозавр сияқты алып динозавр да оған тең келмейтін,сондай ақ ол суға кірген кез келген нәлсеге шабуылдайтын тіпті теранозавр сияқты алып динозаврда оғантең кермейдін
1995,"Виртуалдық дамытатын оқыту бағдарламалық құралға кірістірілген. Олар оқушының өз бетімен түсінуіне қиын болған болуы мүмкін процедуралар туралы сұрақтар қоюға, кеңестер беруге және түсіндіруге арналған.","Біртуалдық дамытатын оқыту бақтарламалық құралға кірістірілген, олар оқушының өз бетімен түсінуіне қиын болған болуы мүмкін процедуралар туралы сұрақтар қойуға кеңестел беруге және түсіндіруге арналған.",виртуалдық дамытатын оқыту бағдарламалық құралға кірістірілген олар оқушының өз бетімен түсінуіне қиын болған болуы мүмкін процедуралар туралы сұрақтар қоюға кеңестер беруге және түсіндіруге арналған,біртуалдық дамытатын оқыту бақтарламалық құралға кірістірілген олар оқушының өз бетімен түсінуіне қиын болған болуы мүмкін процедуралар туралы сұрақтар қойуға кеңестел беруге және түсіндіруге арналған
1884,Атап айтқанда адамның бетіндегі микро өзгерістерді түсіндіру арқылы оның өтірік айтуын анықтауға болады.,Атақ айтқанда адамның бетіндегі микро өзкерістерді түсіндіру арқылы оның өтірік айтуын анықтауға болады.,атап айтқанда адамның бетіндегі микро өзгерістерді түсіндіру арқылы оның өтірік айтуын анықтауға болады,атақ айтқанда адамның бетіндегі микро өзкерістерді түсіндіру арқылы оның өтірік айтуын анықтауға болады
1759,"29 жасар д-р Малар Баласубраманиан, Цинциннатиден шамамен 15 миля солтүстікке қарай орналасқан Огайо, Блю Эште табылды. Ол жолдың бойында жерде футболкада және ішкиімде жатты. Ол көп дәрі ішкен күйде болып көрінді.","29 жасар дыры малар Валасув Раманиан, цинциния тидеден шамамен 15 миля солтүске қарай орналысқан Агайа, білуі іште табылды. Ол жолдың бойында жерде футбол када және ішкіімде жатты, ол көп дәрі ішкенгейде болып көрінді.",29 жасар д р малар баласубраманиан цинциннатиден шамамен 15 миля солтүстікке қарай орналасқан огайо блю эште табылды ол жолдың бойында жерде футболкада және ішкиімде жатты ол көп дәрі ішкен күйде болып көрінді,29 жасар дыры малар валасув раманиан цинциния тидеден шамамен 15 миля солтүске қарай орналысқан агайа білуі іште табылды ол жолдың бойында жерде футбол када және ішкіімде жатты ол көп дәрі ішкенгейде болып көрінді
1755,Бір бомба генерал-губернатор кеңсесінің сыртында жарылды.,Бомба генерал-губернатор кеңінсесінің сықтында жарылды.,бір бомба генерал губернатор кеңсесінің сыртында жарылды,бомба генерал губернатор кеңінсесінің сықтында жарылды
1874,"Кейбір адамдар оныкі дұрыс деп ойлады, бірақ көп адам қарама-қарсы нәрсеге сенді; күн жүйесі, соның ішінде күн (және тіпті басқа жұлдыздар) жерді айналды деп ойлады.","Кейбір адамдар он ікі дұрыс деп ойлады, бірақ көп адам қарама-ғарсы нәрсеге сенді. Күн жүйесі, соның ішінде күн және тіпті басқа жылдыздар жерді айналды деп ойлады.",кейбір адамдар оныкі дұрыс деп ойлады бірақ көп адам қарама қарсы нәрсеге сенді күн жүйесі соның ішінде күн және тіпті басқа жұлдыздар жерді айналды деп ойлады,кейбір адамдар он ікі дұрыс деп ойлады бірақ көп адам қарама ғарсы нәрсеге сенді күн жүйесі соның ішінде күн және тіпті басқа жылдыздар жерді айналды деп ойлады
1913,"Жолбарыстың ақыруы арыстанның бар күшімен ақыруына ұқсамайды, ол ақырып қатты айтқан сөздерге көбірек ұқсайды.","Жол барыстың АҚРУі Арыстанның бар күшімен АҚРУіна ұқсамайды, ол АҚРіп қатты айтқан сөздерге көбірек ұқсайды.",жолбарыстың ақыруы арыстанның бар күшімен ақыруына ұқсамайды ол ақырып қатты айтқан сөздерге көбірек ұқсайды,жол барыстың ақруі арыстанның бар күшімен ақруіна ұқсамайды ол ақріп қатты айтқан сөздерге көбірек ұқсайды
1881,Виртуалды түрде экскурсияны көрсету де экскурсия туралы пікір жинау және келешек сабақтарда тәжірибемен алмасу үшін керемет мүмкіндік.,Виртуалды түрде экскурсияны көрсету де экскурсия туралы пікір жинау және келешек сабақтарда тәжірибемен алмасу үшін кереметі мүмкіндік.,виртуалды түрде экскурсияны көрсету де экскурсия туралы пікір жинау және келешек сабақтарда тәжірибемен алмасу үшін керемет мүмкіндік,виртуалды түрде экскурсияны көрсету де экскурсия туралы пікір жинау және келешек сабақтарда тәжірибемен алмасу үшін кереметі мүмкіндік
1665,Жылыстаған мәліметтерге сәйкес құжат 1967 жылғы Таяу Шығыс соғысына дейінгі шекаралары негізінде Палестина қалайтын шекаралар дауына қатысты болады.,Жылыстаған мәліметтерге сәйкес құжатын 1965 жылғы қаяу шығысына дейінге шекаралары негізінен полистинан қалайтын шекаралар дауына қатысты болады.,жылыстаған мәліметтерге сәйкес құжат 1967 жылғы таяу шығыс соғысына дейінгі шекаралары негізінде палестина қалайтын шекаралар дауына қатысты болады,жылыстаған мәліметтерге сәйкес құжатын 1965 жылғы қаяу шығысына дейінге шекаралары негізінен полистинан қалайтын шекаралар дауына қатысты болады
1897,"Аймақ солтүстігінде Сахельмен шекаралас, ал оңтүстігі мен батысында Атлант мұхитымен шектеседі.","Аймаң қ солтүстігінде сахелімен шекаралас, ал оңтүстігімен батысында атлант мұхитімен шектес еді.",аймақ солтүстігінде сахельмен шекаралас ал оңтүстігі мен батысында атлант мұхитымен шектеседі,аймаң қ солтүстігінде сахелімен шекаралас ал оңтүстігімен батысында атлант мұхитімен шектес еді
1859,Орта ғасырлардың соңына қарай Батыс Еуропа өз стилін дамыта бастады. Бұл уақыттағы кірескерлердің нәтижесіндегі ең үлкен дамуларының бірі болып адамдардың киімін жабу үшін түймелерді пайдалануы табылады.,"Ортағасырлардың соңына қарай Батыс Еуропа өстелін дамыда бастады, бұл уақыттағы крескерлердің нәтижесіндегі ең үлкен дамуларының бірі болып, адамдардың киімін жабу үшін түймелерді пайдалануы табылады.",орта ғасырлардың соңына қарай батыс еуропа өз стилін дамыта бастады бұл уақыттағы кірескерлердің нәтижесіндегі ең үлкен дамуларының бірі болып адамдардың киімін жабу үшін түймелерді пайдалануы табылады,ортағасырлардың соңына қарай батыс еуропа өстелін дамыда бастады бұл уақыттағы крескерлердің нәтижесіндегі ең үлкен дамуларының бірі болып адамдардың киімін жабу үшін түймелерді пайдалануы табылады
1742,Гонконг аралы Гонконгтың аумағына өз атауын береді және көптеген туристер басты назар аударатын орын болып табылады.,Гонконг аралы Гонконгтың аумаға өз атауын берді және көптеген туристер басты назар аударатын орын болып табылады.,гонконг аралы гонконгтың аумағына өз атауын береді және көптеген туристер басты назар аударатын орын болып табылады,гонконг аралы гонконгтың аумаға өз атауын берді және көптеген туристер басты назар аударатын орын болып табылады
1676,"Барлық Оңтүстік Африка ұлттық саябақтарындағыдай, саябаққа кіруде экологиялық салым және кіру ақысы төленеді.","Барлық Оңтүстік Африка ұлттық саябақтарындағыдай саябаққа кіруде, экологиялық салын және кіру ақсы төленеді.",барлық оңтүстік африка ұлттық саябақтарындағыдай саябаққа кіруде экологиялық салым және кіру ақысы төленеді,барлық оңтүстік африка ұлттық саябақтарындағыдай саябаққа кіруде экологиялық салын және кіру ақсы төленеді
1946,"Күшін жою ережелері әр түрлі болып келеді, бірақ наурыз айының ақырынан бастап коронавирустық негіздегі көптеген жою ережелері Олимпиада жоспарланған 2020 жылдың шілде айына дейін қолданылмайды.","Күшін жойу ережелері әртүрлі болып келеді, бірақ наурыз айының ақырынан бастап коронайюрустық негіздегі көптеген жойу ережелері Олимпиада жоспарланған 2020 жылдың шүлде айына дейін қолданылмайды.",күшін жою ережелері әр түрлі болып келеді бірақ наурыз айының ақырынан бастап коронавирустық негіздегі көптеген жою ережелері олимпиада жоспарланған 2020 жылдың шілде айына дейін қолданылмайды,күшін жойу ережелері әртүрлі болып келеді бірақ наурыз айының ақырынан бастап коронайюрустық негіздегі көптеген жойу ережелері олимпиада жоспарланған 2020 жылдың шүлде айына дейін қолданылмайды
1881,Виртуалды түрде экскурсияны көрсету де экскурсия туралы пікір жинау және келешек сабақтарда тәжірибемен алмасу үшін керемет мүмкіндік.,Виртуалды түрде экскурсияны көрсету де экскурсия туралы пікір жинау және келешек сапақтарда тәжірибемен алмасу үшін керемен мүмкіндік.,виртуалды түрде экскурсияны көрсету де экскурсия туралы пікір жинау және келешек сабақтарда тәжірибемен алмасу үшін керемет мүмкіндік,виртуалды түрде экскурсияны көрсету де экскурсия туралы пікір жинау және келешек сапақтарда тәжірибемен алмасу үшін керемен мүмкіндік
1833,Философия ғұламасы Аристотель әрбір заттың төрт элементтің біреуінен немесе бірнешесінен жасалған деген теория құрған.,Феософияқ ламасы Аристо Телл әрбір заттың төрт элементтің біреғінен немесе бірнеше жүнен жасалған деген теория қорған.,философия ғұламасы аристотель әрбір заттың төрт элементтің біреуінен немесе бірнешесінен жасалған деген теория құрған,феософияқ ламасы аристо телл әрбір заттың төрт элементтің біреғінен немесе бірнеше жүнен жасалған деген теория қорған
1795,"1988 жылдан бері сайлау жәшіктері мөлдір болуы керек, сонда дауыс берушілер мен бақылаушылар дауыс беру басталған кезде ешқандай хатқалталар жоқ екеніне және тиісті түрде есептелген және рұқсат етілген сайлаушылардың хатқалталарынан басқа хатқалталар қосылмағанына куәгер бола алады.","1988 жылдан бері сайлау жәшіктері мөлдір болуы керек, соманда дауыс берушілер мен бақылаушылар дауыс беру ғасалан кезде ешқандай, хатқалталар жоқ екеніне тиісті түрде есептелген және рұқсат етілген сайлаушылардың хатқалталарынан басқа хатқалталар құсылмағанына куәгер бола алады.",1988 жылдан бері сайлау жәшіктері мөлдір болуы керек сонда дауыс берушілер мен бақылаушылар дауыс беру басталған кезде ешқандай хатқалталар жоқ екеніне және тиісті түрде есептелген және рұқсат етілген сайлаушылардың хатқалталарынан басқа хатқалталар қосылмағанына куәгер бола алады,1988 жылдан бері сайлау жәшіктері мөлдір болуы керек соманда дауыс берушілер мен бақылаушылар дауыс беру ғасалан кезде ешқандай хатқалталар жоқ екеніне тиісті түрде есептелген және рұқсат етілген сайлаушылардың хатқалталарынан басқа хатқалталар құсылмағанына куәгер бола алады
1866,"Біріншіден, шабандоздардың көпшілігі өкшесі және тегіс, айтарлықтай енсіз табаны бар салт жүріске арналған етікті киеді.",Біріншіден шабан даоздардың көпшілігі өкшесі және тегіс айтарлықта ендіс табаны бар салып жүріске арналған етіктік еді.,біріншіден шабандоздардың көпшілігі өкшесі және тегіс айтарлықтай енсіз табаны бар салт жүріске арналған етікті киеді,біріншіден шабан даоздардың көпшілігі өкшесі және тегіс айтарлықта ендіс табаны бар салып жүріске арналған етіктік еді
1702,Бар болғаны екі аптада американдықтар және еркін француз күштері оңтүстік Францияны босатты және Германияға қарай бұрылып жатты.,Бар болғаны екі аптада американдықтар және еркін француз күштері оңтүстік францияны босатты және Германияға қарай бұрылып жатты.,бар болғаны екі аптада американдықтар және еркін француз күштері оңтүстік францияны босатты және германияға қарай бұрылып жатты,бар болғаны екі аптада американдықтар және еркін француз күштері оңтүстік францияны босатты және германияға қарай бұрылып жатты
1821,Ми патологиялары мен іс-қимыл арасындағы байланыс ғалымдарды олардың зерттеулерінде қолдайды.,Ми патологиялары мен іс-қимыл арасындағы байланыс ғалымдарды олардың зелтеулерінде қолдайды.,ми патологиялары мен іс қимыл арасындағы байланыс ғалымдарды олардың зерттеулерінде қолдайды,ми патологиялары мен іс қимыл арасындағы байланыс ғалымдарды олардың зелтеулерінде қолдайды
1763,"Дәл ай жерді тартып, судың көтерілуіне әкелетіндей, Құс жолы да Мерген галактикасына күш түсіреді.","Дәл ай жерді тартып, судың көтерілуіне әкелетіндей қыс жолыда меркен галактикасына күш түсіреді.",дәл ай жерді тартып судың көтерілуіне әкелетіндей құс жолы да мерген галактикасына күш түсіреді,дәл ай жерді тартып судың көтерілуіне әкелетіндей қыс жолыда меркен галактикасына күш түсіреді
1742,Гонконг аралы Гонконгтың аумағына өз атауын береді және көптеген туристер басты назар аударатын орын болып табылады.,Гонконг каралы Гонконгтың аумағына өз за тауын береді және көптеген туристер бастын азар аударатын орын болып табылады.,гонконг аралы гонконгтың аумағына өз атауын береді және көптеген туристер басты назар аударатын орын болып табылады,гонконг каралы гонконгтың аумағына өз за тауын береді және көптеген туристер бастын азар аударатын орын болып табылады
1990,"Сондай-ақ блогтар оқушылардың жазуын жақсартуға көмектеседі. Оқушылар блог тәжірибесін көбінесе немқұрайлы грамматикамен және емлемен бастағанымен, аудиторияның болуы әдетте бұл жағдайды өзгертеді.",Сондай-ақ блогтар оқушылардың жазуын жақсартуға көмектеседі. Оқушылар блог тәжірибесін көбінесе немқұрабы грамматика мен және емлемен бастағынмен аудиторияның болуы әдетте бұл жағдайды өзгертеді.,сондай ақ блогтар оқушылардың жазуын жақсартуға көмектеседі оқушылар блог тәжірибесін көбінесе немқұрайлы грамматикамен және емлемен бастағанымен аудиторияның болуы әдетте бұл жағдайды өзгертеді,сондай ақ блогтар оқушылардың жазуын жақсартуға көмектеседі оқушылар блог тәжірибесін көбінесе немқұрабы грамматика мен және емлемен бастағынмен аудиторияның болуы әдетте бұл жағдайды өзгертеді
1694,"Балалар асырап алған ата-анаға көп себептермен беріледі: салақтық, қиянат ету және тіпті ақша талап ету.","Балалар асырап алған ата-анаға көп себептермен беріледі, салақтық қиянат ету және тіпті ақша талап ету.",балалар асырап алған ата анаға көп себептермен беріледі салақтық қиянат ету және тіпті ақша талап ету,балалар асырап алған ата анаға көп себептермен беріледі салақтық қиянат ету және тіпті ақша талап ету
1841,"Жоғарыдағы ашық, әдемі аспаннан және көптеген қоршаған таулардан басқа ештеңе көрінбейді. Үңгір ішінен бұл дүниенің өте аз бөлігін көруге немесе естуге болады.","Жоғардағы, ақшық, әдемі аспаннан және көптеген қоршаған таулардан басқа ештеңе көрінбейді. Үңгір ішінен бұл дүниенің өте аз бөлігін көруге немесе естуге болады.",жоғарыдағы ашық әдемі аспаннан және көптеген қоршаған таулардан басқа ештеңе көрінбейді үңгір ішінен бұл дүниенің өте аз бөлігін көруге немесе естуге болады,жоғардағы ақшық әдемі аспаннан және көптеген қоршаған таулардан басқа ештеңе көрінбейді үңгір ішінен бұл дүниенің өте аз бөлігін көруге немесе естуге болады
1879,"Жаңа бірдеңе пайда боғланда, пернетақта неге айналатыны туралы болжамдар жасауға ғана болады.","Жаңа бірдеңе пайда бұғыланда, пернетақта неге айналатыны туралы болжамдар жасауға ғана болады.",жаңа бірдеңе пайда боғланда пернетақта неге айналатыны туралы болжамдар жасауға ғана болады,жаңа бірдеңе пайда бұғыланда пернетақта неге айналатыны туралы болжамдар жасауға ғана болады
1740,Пирамида дыбыс және жарық шоуы балаларға арналған аумақтағы ең қызық нәрселердің бірі болып табылады.,Пирамида дыбыс және жарық шоуы балаларға арналған аумақтағы ең қызық нәрселердің бірі болып табылады.,пирамида дыбыс және жарық шоуы балаларға арналған аумақтағы ең қызық нәрселердің бірі болып табылады,пирамида дыбыс және жарық шоуы балаларға арналған аумақтағы ең қызық нәрселердің бірі болып табылады
1736,Роландо Мендоза M16 мылтығымен туристтерге оқ жаудырды.,Роландомен доза M16 мұлтығымен туристерге оқ жаудырды.,роландо мендоза m16 мылтығымен туристтерге оқ жаудырды,роландомен доза m16 мұлтығымен туристерге оқ жаудырды
1847,Оны Сингапур премьер-министрінің орынбасары Вонг Кан Сенг күтіп алды және ол Сингапурдың премьер-министрі Ли Сьен Лунмен сауда және терроризм мәселелерін талқылады.,Оны Сингапур премьер-министрінің орынбасары Вонг Каннсион күтіп алды және ол Сингапурдың премьер-министр Лиссен Лунмен сауда және терроризм мәселелерін талқылады.,оны сингапур премьер министрінің орынбасары вонг кан сенг күтіп алды және ол сингапурдың премьер министрі ли сьен лунмен сауда және терроризм мәселелерін талқылады,оны сингапур премьер министрінің орынбасары вонг каннсион күтіп алды және ол сингапурдың премьер министр лиссен лунмен сауда және терроризм мәселелерін талқылады
1785,"Құрылыс ағаштары - бұл оқыту әдісі емес, жаңа компьютерлік бағдарламаны пайдалану немесе жаңа жобаны бастау секілді жаңа оқу тәжірибесінен өтіп жатқан жеке тұлғаларға қолдау көрсететін көмек түрі.","Құрыл сағаштары бұл оқыту әдісі емес жаңа компьютерлік бағдарламаны пайдалану немесе жаңа жобаны бастау секілді, жаңа оқу тәжірибесінен өтіп жатқан жүкет тұлғаларға қолдау көрсететін көмектіры.",құрылыс ағаштары бұл оқыту әдісі емес жаңа компьютерлік бағдарламаны пайдалану немесе жаңа жобаны бастау секілді жаңа оқу тәжірибесінен өтіп жатқан жеке тұлғаларға қолдау көрсететін көмек түрі,құрыл сағаштары бұл оқыту әдісі емес жаңа компьютерлік бағдарламаны пайдалану немесе жаңа жобаны бастау секілді жаңа оқу тәжірибесінен өтіп жатқан жүкет тұлғаларға қолдау көрсететін көмектіры
1979,"Фолкленд аралының ресми валютасы - Фолкленд фунты (FKP), оның құны Британдық бір фунтқа (GBP) теңестірілген.","Фолкленд аралының ресми валютасы Фолкленд фунта FKP, оның құның британдық бір фунтқа GDPP теңестірілген.",фолкленд аралының ресми валютасы фолкленд фунты fkp оның құны британдық бір фунтқа gbp теңестірілген,фолкленд аралының ресми валютасы фолкленд фунта fkp оның құның британдық бір фунтқа gdpp теңестірілген
1662,Қорытпалар негізінен екі немесе одан да көп металдардың қоспасы болып табылады. Периодты кестеде көптеген элементтер бар екенін ұмытпаңыз.,Қорытпалар негізен екі немесе одан да көп металдардың қосбасы болып табылады. Бериотты кездеде көптеген элементтер бар егенін ұмытпаңыз.,қорытпалар негізінен екі немесе одан да көп металдардың қоспасы болып табылады периодты кестеде көптеген элементтер бар екенін ұмытпаңыз,қорытпалар негізен екі немесе одан да көп металдардың қосбасы болып табылады бериотты кездеде көптеген элементтер бар егенін ұмытпаңыз
1776,"Бір түн ішінде 150-ден 200-ге дейін көшірмелер жасалып, олар қазір «Dunlap broadsides» ретінде белгілі.","Бір түнішінде 150-ден 200-ге дейін көшірмелер жасалып, олар қазір Дунлап Бройдсайдс ретінде белгілі.",бір түн ішінде 150 ден 200 ге дейін көшірмелер жасалып олар қазір dunlap broadsides ретінде белгілі,бір түнішінде 150 ден 200 ге дейін көшірмелер жасалып олар қазір дунлап бройдсайдс ретінде белгілі
1724,Ол шамамен 400 жылдан бастап салтанаттың эпицентріне ретінде белгілі болды және шамамен 1100 жылға дейін созылды.,"Ол шамамен 400 жылдан бастап, салтанаттың эпицентріне ретінде белгілі болды және шамамен 1 000 жүзімші жылға дейін созылды.",ол шамамен 400 жылдан бастап салтанаттың эпицентріне ретінде белгілі болды және шамамен 1100 жылға дейін созылды,ол шамамен 400 жылдан бастап салтанаттың эпицентріне ретінде белгілі болды және шамамен 1 000 жүзімші жылға дейін созылды
1974,Сол принцип бойынша ер адамдар тізелерін жауып тұратын шалбар кию керек.,"Сол принцип бойынша — ер, адамдар тізелерін жауап тұратын шалбар киуі келек.",сол принцип бойынша ер адамдар тізелерін жауып тұратын шалбар кию керек,сол принцип бойынша ер адамдар тізелерін жауап тұратын шалбар киуі келек
1740,Пирамида дыбыс және жарық шоуы балаларға арналған аумақтағы ең қызық нәрселердің бірі болып табылады.,Пирамида дыбыс және жарық шоуы балаларға арналған аумақтағы ең қызық нәрселердің бірі болып табылады.,пирамида дыбыс және жарық шоуы балаларға арналған аумақтағы ең қызық нәрселердің бірі болып табылады,пирамида дыбыс және жарық шоуы балаларға арналған аумақтағы ең қызық нәрселердің бірі болып табылады
1979,"Фолкленд аралының ресми валютасы - Фолкленд фунты (FKP), оның құны Британдық бір фунтқа (GBP) теңестірілген.","Фолкленд аралның ресми валютасы фолкленд фунті FKP, оның құны британдық бір фунтқа GBB кеңестірілген.",фолкленд аралының ресми валютасы фолкленд фунты fkp оның құны британдық бір фунтқа gbp теңестірілген,фолкленд аралның ресми валютасы фолкленд фунті fkp оның құны британдық бір фунтқа gbb кеңестірілген
1982,"Әйелдер: Өздерінің шынайы отбасы жағдайына қарамастан, әйел жынысты саяхатшыларға тұрмыс құрған деп айтуға кеңес беріледі.","Әйелдер өздерінің шынайы отбасы жағдайына қарамастан, әйел жынысты саяхасшыларға тұрмысқырған деп айтуға кеңес беріледі.",әйелдер өздерінің шынайы отбасы жағдайына қарамастан әйел жынысты саяхатшыларға тұрмыс құрған деп айтуға кеңес беріледі,әйелдер өздерінің шынайы отбасы жағдайына қарамастан әйел жынысты саяхасшыларға тұрмысқырған деп айтуға кеңес беріледі
1965,"Олар қауіпсіз жүзуге арналған құмды жағажайлардың барлығына дерлік, және олардың көпшілігінде похутукава ағаштарымен қамтамасыз етілген.",Олар қауіпсіз жүзуге арналған құмды жақажайлардың барлығына дерлік және олардың көпшілігінде пахутука бағаштарымен қамтамасыз етілген.,олар қауіпсіз жүзуге арналған құмды жағажайлардың барлығына дерлік және олардың көпшілігінде похутукава ағаштарымен қамтамасыз етілген,олар қауіпсіз жүзуге арналған құмды жақажайлардың барлығына дерлік және олардың көпшілігінде пахутука бағаштарымен қамтамасыз етілген
1834,"Сонымен қатар солтүстігінде бүкіл әлемге әйгілі Мариан ғажабының орны болған, Фатимадағы Әйел ғибадатханасына барыңыз.",Сонымен қатар сол күстігінде бүкіл әлемге әйгілі мариан қажабының орны болған Фатимадағы әйел ғибадатханасына барыңыз.,сонымен қатар солтүстігінде бүкіл әлемге әйгілі мариан ғажабының орны болған фатимадағы әйел ғибадатханасына барыңыз,сонымен қатар сол күстігінде бүкіл әлемге әйгілі мариан қажабының орны болған фатимадағы әйел ғибадатханасына барыңыз
1914,Жиырмасыншы ғасырдағы зерттеу генетикалық вариацияның екі пулы бар екенін көрсетті: жасырын және көрінетін.,20-ші ғасырдағы зерттеу генетикалық вариацияның екі пулы бар екенін көрсетті — жасырын және көрінетін.,жиырмасыншы ғасырдағы зерттеу генетикалық вариацияның екі пулы бар екенін көрсетті жасырын және көрінетін,20 ші ғасырдағы зерттеу генетикалық вариацияның екі пулы бар екенін көрсетті жасырын және көрінетін
1798,"Алғашқы күндері шоу тек ұзақ уақыттан бері жұмыс істеп келе жатқан TogiNet Radio интернет радиосында, сөйлесу радиосына негізделген сайтта өткен.",Алғашқы күндері шоу тек ұзақ уақыттан бері жұмыс істек келіз жатқан тогене традио интернет радиусында сүйлесу радиусына негізделген сайтта өткен.,алғашқы күндері шоу тек ұзақ уақыттан бері жұмыс істеп келе жатқан toginet radio интернет радиосында сөйлесу радиосына негізделген сайтта өткен,алғашқы күндері шоу тек ұзақ уақыттан бері жұмыс істек келіз жатқан тогене традио интернет радиусында сүйлесу радиусына негізделген сайтта өткен
1842,"Динозавр қауырсынында рахис деп аталатын жақсы дамыған білік жоқ, бірақ қауырсынның басқа ерекшеліктері бар — кертіктер мен шоқша сақалдар — зерттеушілер рахис туралы олардың кейінірек эволюциялық болған деген қорытындыға келді.","Динозавр қауірсынында «Рахис» деп аталатын жақсы дамыған білік жоқ, бірақ қауірсының басқа ерікшеліктері бар. Керттіктер мен шоқша сақалдар зерттеушілер Рахис туралы олардың кейінірек эволюциялық болған деген қорытындыға келді.",динозавр қауырсынында рахис деп аталатын жақсы дамыған білік жоқ бірақ қауырсынның басқа ерекшеліктері бар кертіктер мен шоқша сақалдар зерттеушілер рахис туралы олардың кейінірек эволюциялық болған деген қорытындыға келді,динозавр қауірсынында рахис деп аталатын жақсы дамыған білік жоқ бірақ қауірсының басқа ерікшеліктері бар керттіктер мен шоқша сақалдар зерттеушілер рахис туралы олардың кейінірек эволюциялық болған деген қорытындыға келді
1898,"«Ол [Уэльс] бізге әуел бастан-ақ өтірік айтты. Біріншіден, бұл заңды себептермен болғандай әрекет ету арқылы. Екіншіден, өзінің өнерін жойғанға дейін бізге құлақ салғандай бола қалу арқылы».","Ол өлсі бізге әуел бастан ақ өтіріг айтты, біріншіден бұл заңды себептермен болғандай әрекет ету арқылы, екіншіден өзінің өнерін жойғанға дейін бізге құлақ салғандай болақ қалу арқылы.",ол уэльс бізге әуел бастан ақ өтірік айтты біріншіден бұл заңды себептермен болғандай әрекет ету арқылы екіншіден өзінің өнерін жойғанға дейін бізге құлақ салғандай бола қалу арқылы,ол өлсі бізге әуел бастан ақ өтіріг айтты біріншіден бұл заңды себептермен болғандай әрекет ету арқылы екіншіден өзінің өнерін жойғанға дейін бізге құлақ салғандай болақ қалу арқылы
1825,"Әрекетке жақын болғыңыз келсе, музыкаға жақын кемпинг учаскесін алу үшін ерте тұруыңыз керек.","Әрекетке жақын болғыңыз келсе, музыкалақа жақын кемпинг учаскысын алу үшін ерте тұруыңыз керек.",әрекетке жақын болғыңыз келсе музыкаға жақын кемпинг учаскесін алу үшін ерте тұруыңыз керек,әрекетке жақын болғыңыз келсе музыкалақа жақын кемпинг учаскысын алу үшін ерте тұруыңыз керек
1955,"Шашыраңқы склероз – ми, жұлын және ми жүйкесінен тұратын орталық жүйке жүйесіне әсер ететін ауру.","Шашыран қыс Клерос, Ми, Жұлын және Ми жекесінен тұратын орталық жүйке жүйесіне әсер етедін ауру.",шашыраңқы склероз ми жұлын және ми жүйкесінен тұратын орталық жүйке жүйесіне әсер ететін ауру,шашыран қыс клерос ми жұлын және ми жекесінен тұратын орталық жүйке жүйесіне әсер етедін ауру
1937,"Дегенмен, бұл жоспарлар бір түнде дерлік ескіріп кетті. Кеңес Одағының қызыл әскернің 800 000 сарбазы келіп, Ригадағы бейбітшілік туралы келісімді, кеңес-поляк агрессия жасамау туралы пактісін және басқа халықаралық (екі жақты және көп жақты) келісімдерді бұза отырып Польшаның шығыс аймақтарына басып кіргеннен кейін Беларус және Украина фронттарын жасады.","Дегенмен, бұл жоспарлар бір түнде дерлі кезкіріп кетті, кеңес Одағының қызыл әскерінің 800 000 сарбазы келіп, Ригадағы бейбітшілік туралы келісімді кеңес поляк агрессия жасамау туралы фактісін және басқа халықаралық екі жақты және көп жақты келісімдерді бұзау отырып, Польшаның шығыс аймақтарына басып кіргеннен кейін Пиларуш және Украина фронттарын жасады.«Мұзғы»",дегенмен бұл жоспарлар бір түнде дерлік ескіріп кетті кеңес одағының қызыл әскернің 800 000 сарбазы келіп ригадағы бейбітшілік туралы келісімді кеңес поляк агрессия жасамау туралы пактісін және басқа халықаралық екі жақты және көп жақты келісімдерді бұза отырып польшаның шығыс аймақтарына басып кіргеннен кейін беларус және украина фронттарын жасады,дегенмен бұл жоспарлар бір түнде дерлі кезкіріп кетті кеңес одағының қызыл әскерінің 800 000 сарбазы келіп ригадағы бейбітшілік туралы келісімді кеңес поляк агрессия жасамау туралы фактісін және басқа халықаралық екі жақты және көп жақты келісімдерді бұзау отырып польшаның шығыс аймақтарына басып кіргеннен кейін пиларуш және украина фронттарын жасады мұзғы
1730,"Автобустар күні бойы ауданаралық автовокзалдан (өзеннің бойымен) шығады, дегенмен көбісі, әсіресе шығысқа және Джакарға/Бумтангқа бет алғандары 06:30 және 07: 30 аралығында шығады.","Автобустар күні бойы аудан аралық автовакзалдан өзеннің бойымен шығады, дегенмен көбісі әсіресе шығысқа және жакарға бумптанққа бит алғандары 6 жарымнан және жеті жарымда аралықында шығады.",автобустар күні бойы ауданаралық автовокзалдан өзеннің бойымен шығады дегенмен көбісі әсіресе шығысқа және джакарға бумтангқа бет алғандары 06 30 және 07 30 аралығында шығады,автобустар күні бойы аудан аралық автовакзалдан өзеннің бойымен шығады дегенмен көбісі әсіресе шығысқа және жакарға бумптанққа бит алғандары 6 жарымнан және жеті жарымда аралықында шығады
1949,Энтомологтар «жәндік» терминін осы жәндіктер тобы үшін ресми мағынада пайдаланады.,Интамолоктар жәндік терминен осы жәндіктер тобы үшін ресми мағынада пайдаланады.,энтомологтар жәндік терминін осы жәндіктер тобы үшін ресми мағынада пайдаланады,интамолоктар жәндік терминен осы жәндіктер тобы үшін ресми мағынада пайдаланады
1728,Химикаттың қышқылдығы немесе сілтілігіне байланысты орамжапырақ шырынының түсі өзгереді.,Хемикаттың қышқылдығы немесе сіл тілігіне байланысты орам жапырақ шырының түсі өзгереді.,химикаттың қышқылдығы немесе сілтілігіне байланысты орамжапырақ шырынының түсі өзгереді,хемикаттың қышқылдығы немесе сіл тілігіне байланысты орам жапырақ шырының түсі өзгереді
1839,Шаңғы тебу бағытын жаяу жүру бағытына ұқсас түрде елестетіп көріңіз.,Шаңғы тебу бағытын жаяу жүру бағытына ұқсас түрде елестетіп көріңіз.,шаңғы тебу бағытын жаяу жүру бағытына ұқсас түрде елестетіп көріңіз,шаңғы тебу бағытын жаяу жүру бағытына ұқсас түрде елестетіп көріңіз
1745,"Өсімдіктер табиғи жағдайда жақсы көрінеді, сондықтан олардың «бір данасын» да алып тастамаңыз.","Өсімдіктер табиғи жағдайда жақсы көрінеді, сондықтан олардың бір данасында алып тастамаңыз.",өсімдіктер табиғи жағдайда жақсы көрінеді сондықтан олардың бір данасын да алып тастамаңыз,өсімдіктер табиғи жағдайда жақсы көрінеді сондықтан олардың бір данасында алып тастамаңыз
1881,Виртуалды түрде экскурсияны көрсету де экскурсия туралы пікір жинау және келешек сабақтарда тәжірибемен алмасу үшін керемет мүмкіндік.,Виртуалды түрде экскурсияны көрсетуде экскурсия туралы пікір жинау және келейшексі бақтарда тәжірибемен алмасу үшін керемет мүмкіндік.,виртуалды түрде экскурсияны көрсету де экскурсия туралы пікір жинау және келешек сабақтарда тәжірибемен алмасу үшін керемет мүмкіндік,виртуалды түрде экскурсияны көрсетуде экскурсия туралы пікір жинау және келейшексі бақтарда тәжірибемен алмасу үшін керемет мүмкіндік
1665,Жылыстаған мәліметтерге сәйкес құжат 1967 жылғы Таяу Шығыс соғысына дейінгі шекаралары негізінде Палестина қалайтын шекаралар дауына қатысты болады.,Жылыстағаным әлметтерге сәйкес құжат 1960 жоғы Таяу шығыз соғысына дейінгі пеше каралары негізінде Палестина қалай түн шекаралар дауына қатысты болады.,жылыстаған мәліметтерге сәйкес құжат 1967 жылғы таяу шығыс соғысына дейінгі шекаралары негізінде палестина қалайтын шекаралар дауына қатысты болады,жылыстағаным әлметтерге сәйкес құжат 1960 жоғы таяу шығыз соғысына дейінгі пеше каралары негізінде палестина қалай түн шекаралар дауына қатысты болады
1911,"Осы сияқты, шенген визаңыз болса, шенгенге мүше елдердің әрқайсысына визаға бөлек өтінім беру қажет болмайды, осылайша сіз уақытты, ақшаны үнемдейсіз және құжаттармен жұмыс азырақ болады.","Осы сияқты шеңген визаңыз болса, шеңгенге мүшей елдіңі арқайсына визаға бөлік өтінім беру қажет болмайды, осылайша сіз уақытты ақшаны үнемдесіз және ақұжатар мен жұмыс азырақ болады.",осы сияқты шенген визаңыз болса шенгенге мүше елдердің әрқайсысына визаға бөлек өтінім беру қажет болмайды осылайша сіз уақытты ақшаны үнемдейсіз және құжаттармен жұмыс азырақ болады,осы сияқты шеңген визаңыз болса шеңгенге мүшей елдіңі арқайсына визаға бөлік өтінім беру қажет болмайды осылайша сіз уақытты ақшаны үнемдесіз және ақұжатар мен жұмыс азырақ болады
1981,"Бар болғаны кеме экскурсиялары арқылы жағаға барсаңыз, сізге бөлек виза қажет болмайды (2009 жылдан).","Бар болғаны кеме экскурсиялары арқылы жағаға барсаңыз, сізге бөлек үйза қажет болмайды. 2009 жылдан.",бар болғаны кеме экскурсиялары арқылы жағаға барсаңыз сізге бөлек виза қажет болмайды 2009 жылдан,бар болғаны кеме экскурсиялары арқылы жағаға барсаңыз сізге бөлек үйза қажет болмайды 2009 жылдан
1812,"Бір эксперименттік вакцина Эболадан болатын өлімдер көрсеткішін азайтуға мүмкіндік беретін болып көрінгенімен, осы уақытқа дейін, бар инфекцияны емдеуге жарамды екені анық түрде көрсетілген дәрілер болмады.","Бәр эксперименттік вакцина и боладан болатын өлімдер көрсеткішін азайтуға мүмкіндік беретін болып көрінгенімен, осы уақытқа дейін бар инфекцияны емдеуге жарамды екені анық түрде көрсетілген дәрлер болмады.",бір эксперименттік вакцина эболадан болатын өлімдер көрсеткішін азайтуға мүмкіндік беретін болып көрінгенімен осы уақытқа дейін бар инфекцияны емдеуге жарамды екені анық түрде көрсетілген дәрілер болмады,бәр эксперименттік вакцина и боладан болатын өлімдер көрсеткішін азайтуға мүмкіндік беретін болып көрінгенімен осы уақытқа дейін бар инфекцияны емдеуге жарамды екені анық түрде көрсетілген дәрлер болмады
1666,"Сондай-ақ өзіңіздікінен басқа үкіметтерден кеңес алғыңыз келуі мүмкін, бірақ олардың кеңесі өз азаматтарына арналған.","Сондай-ақ өзіңіздігінен басқа үкіметтерден кеңес алғыңыз келуі мүмкін, бірақ олардың кеңесі өз азаматтарына арналған.",сондай ақ өзіңіздікінен басқа үкіметтерден кеңес алғыңыз келуі мүмкін бірақ олардың кеңесі өз азаматтарына арналған,сондай ақ өзіңіздігінен басқа үкіметтерден кеңес алғыңыз келуі мүмкін бірақ олардың кеңесі өз азаматтарына арналған
1961,"Қатысым жасаудың маңыздылығын иллюстрациялау үшін пайдаланылатын ең жиі кездесетін әдістердің бірі – өсіп жатқанында елемеу, бәле немесе әдейі қиянат жасау себепті ересектер қатысым жасауға үйретпеген балалардың бірнеше бақытсыз жағдайын салу.","Қатысым жасаудың маңызылығын илустрациялау үшін пайдаланылатын еңде кездесетін нәдістердің бірі өсіп жатқанда елемеу, бәліне немесе әдейі қиянет жасау себепті ересектер қатысым жасауға үйретпеген балалардың бірнеше бақсыз жағдайын салу.",қатысым жасаудың маңыздылығын иллюстрациялау үшін пайдаланылатын ең жиі кездесетін әдістердің бірі өсіп жатқанында елемеу бәле немесе әдейі қиянат жасау себепті ересектер қатысым жасауға үйретпеген балалардың бірнеше бақытсыз жағдайын салу,қатысым жасаудың маңызылығын илустрациялау үшін пайдаланылатын еңде кездесетін нәдістердің бірі өсіп жатқанда елемеу бәліне немесе әдейі қиянет жасау себепті ересектер қатысым жасауға үйретпеген балалардың бірнеше бақсыз жағдайын салу
1747,Жолдас балуандар да Лунаға құрмет көрсетті.,Жолда збалуандар да Лунаға құрмет көрсетті.,жолдас балуандар да лунаға құрмет көрсетті,жолда збалуандар да лунаға құрмет көрсетті
1836,"Адамдар ежелден алтын, күміс және мыс сияқты негізгі химиялық элементтер туралы білді, өйткені олардың барлығын табиғатта табиғи түрде табуға болады және қарапайым құралдармен өндіру салыстырмалы түрде оңай.","Адамдар ежелден алтын күміз және мыс сияқты негізгі химиялық элементтер туралы білді, өйткені олардың барлығын табиғатта табиғы түрде табуға болады және қарапайым құралдармен өндіру сау лыстырмалы деп түрде оңай.",адамдар ежелден алтын күміс және мыс сияқты негізгі химиялық элементтер туралы білді өйткені олардың барлығын табиғатта табиғи түрде табуға болады және қарапайым құралдармен өндіру салыстырмалы түрде оңай,адамдар ежелден алтын күміз және мыс сияқты негізгі химиялық элементтер туралы білді өйткені олардың барлығын табиғатта табиғы түрде табуға болады және қарапайым құралдармен өндіру сау лыстырмалы деп түрде оңай
1995,"Виртуалдық дамытатын оқыту бағдарламалық құралға кірістірілген. Олар оқушының өз бетімен түсінуіне қиын болған болуы мүмкін процедуралар туралы сұрақтар қоюға, кеңестер беруге және түсіндіруге арналған.","Иртуалдық дамытатын оқыту бағдарламалып құрауға кірістірілген, олар оқушының өзбетімен түсінуіне қиын болған полуы мүмкін процедуралар туралы сірак тарғуға, кеңестер беруге және түсіндіруге арналған.",виртуалдық дамытатын оқыту бағдарламалық құралға кірістірілген олар оқушының өз бетімен түсінуіне қиын болған болуы мүмкін процедуралар туралы сұрақтар қоюға кеңестер беруге және түсіндіруге арналған,иртуалдық дамытатын оқыту бағдарламалып құрауға кірістірілген олар оқушының өзбетімен түсінуіне қиын болған полуы мүмкін процедуралар туралы сірак тарғуға кеңестер беруге және түсіндіруге арналған
1852,"Блогтарды тиісті түрде қолдану студенттердің аналитикалық және критикалық ойлауын әлдеқайда күшейтуі мүмкін. Интернет материалдарына белсенді түрде жауап беру арқылы олар басқа адамдардың жазбаларына қатысты өздерінің позициясын айқындай алады, сондай-ақ нақты бір мәселелер бойынша өздерінің көзқарастарын білдіре алады (Oravec, 2002).","Блоктарды тиісті түрде қолдану студенттердің аналитикалық және критикалық әйлауын әлдеқайда күшетуі мүмкін. Интернет материалдарына белсенді түрде жауап беру арқылы, олар басқа адамдардың жазбаларына қатысты өздерінің позициясын айқындай алады, сондай-ақ нақты бір мәселелер бойынша өздерінің көзқарыстарын білдіри алады. Орабек 2002.",блогтарды тиісті түрде қолдану студенттердің аналитикалық және критикалық ойлауын әлдеқайда күшейтуі мүмкін интернет материалдарына белсенді түрде жауап беру арқылы олар басқа адамдардың жазбаларына қатысты өздерінің позициясын айқындай алады сондай ақ нақты бір мәселелер бойынша өздерінің көзқарастарын білдіре алады oravec 2002,блоктарды тиісті түрде қолдану студенттердің аналитикалық және критикалық әйлауын әлдеқайда күшетуі мүмкін интернет материалдарына белсенді түрде жауап беру арқылы олар басқа адамдардың жазбаларына қатысты өздерінің позициясын айқындай алады сондай ақ нақты бір мәселелер бойынша өздерінің көзқарыстарын білдіри алады орабек 2002
1967,"Лейтон премьер-министрмен кездесу кезінде консерваторлардың экологиялық заңына өзгерістер енгізуді сұрады, сондай-ақ консервативті партияның экологиялық заңын ""мұқият және толығымен қайта жазуды"" сұрады.","Лейтін Премьер Министрмен кездесу кезінде консерваторлардың экологиялығына өзгерістер енгізуді ұсырады, сондай-ақ консервативті партияның экологиялық заңың мұқият және толығымен қайта жазуды ұсырады.",лейтон премьер министрмен кездесу кезінде консерваторлардың экологиялық заңына өзгерістер енгізуді сұрады сондай ақ консервативті партияның экологиялық заңын мұқият және толығымен қайта жазуды сұрады,лейтін премьер министрмен кездесу кезінде консерваторлардың экологиялығына өзгерістер енгізуді ұсырады сондай ақ консервативті партияның экологиялық заңың мұқият және толығымен қайта жазуды ұсырады
1793,"Егер сіз ауыл жолдарында көлікпен жүруге дағдыланбаған болсаңыз, мынаған дайын болыңыз: тік еңістер, тар жолдар және кенет бұрылыстар басым болады.","Егер сіз ауыл жолдарында көлікпен жүруге тақдыламбаған болсаңыз, мынаған дайын болыңыз. Тік еңістер, тар жолдар және кенет бұрылыстар басым болады.",егер сіз ауыл жолдарында көлікпен жүруге дағдыланбаған болсаңыз мынаған дайын болыңыз тік еңістер тар жолдар және кенет бұрылыстар басым болады,егер сіз ауыл жолдарында көлікпен жүруге тақдыламбаған болсаңыз мынаған дайын болыңыз тік еңістер тар жолдар және кенет бұрылыстар басым болады
1707,Ол Оңтүстік Африканың негізгі көрнекі жерлерінің бірі болып табылады және Оңтүстік Африка ұлттық парктерінің (SANParks) жетекшісі болып есептеледі.,Ол Оңтүстік Африканың негізгі көрнекі жерлерінің бірі болып табылады және Оңтүстік Африка ұлттық парктерінің S-A-N-P паркс жетекшісі болып есептеледі.,ол оңтүстік африканың негізгі көрнекі жерлерінің бірі болып табылады және оңтүстік африка ұлттық парктерінің sanparks жетекшісі болып есептеледі,ол оңтүстік африканың негізгі көрнекі жерлерінің бірі болып табылады және оңтүстік африка ұлттық парктерінің s a n p паркс жетекшісі болып есептеледі
1853,"Джанкарло Фисичелла көлігін басқаруды жоғалтып, жарысты старттан кейін көп ұзамай аяқтады.","Жанкарло физически көлігін басқаруды жоғалтып, жарысты саптан кейін көпзамайы аяқтады.",джанкарло фисичелла көлігін басқаруды жоғалтып жарысты старттан кейін көп ұзамай аяқтады,жанкарло физически көлігін басқаруды жоғалтып жарысты саптан кейін көпзамайы аяқтады
1830,Билеуші партия Оңтүстік батыс Африка халық ұйымы (SWAPO) парламенттік сайлауларда көптеген орынға ие болды.,Билеуші партия Оңтүстік батыс Африка халық ұйымы Сбапо парламенттік сайлауларында көптеген орынға ие болды.,билеуші партия оңтүстік батыс африка халық ұйымы swapo парламенттік сайлауларда көптеген орынға ие болды,билеуші партия оңтүстік батыс африка халық ұйымы сбапо парламенттік сайлауларында көптеген орынға ие болды
1684,Апиа - Самоаның астанасы. Бұл қала Уполу аралында орналасқан және оның халқы 40 000-нан сәл төмен.,Апиа Самауанның астанасы бұл қала Уполу аралында орналасқан және оның қалқы 40 000-нан сәл төмен.,апиа самоаның астанасы бұл қала уполу аралында орналасқан және оның халқы 40 000 нан сәл төмен,апиа самауанның астанасы бұл қала уполу аралында орналасқан және оның қалқы 40 000 нан сәл төмен
1699,"Бақылаушылардың бірі Бішкекті ""анархия күйіне батуда"" деп бейнелеген, өйткені қылмыскерлер тобы көшені аралап, дүкендердегі халықтық тұтыну тауарларын тонауды бастаған.","Бақылаушылардың бірі бішкекті анархия күйіне батуда деп бейнеленген, өйткені қылымыскерлер тобы көшені аралақ дүкендердегі халықтық тұтыну тауарларын тонауды бастаған.",бақылаушылардың бірі бішкекті анархия күйіне батуда деп бейнелеген өйткені қылмыскерлер тобы көшені аралап дүкендердегі халықтық тұтыну тауарларын тонауды бастаған,бақылаушылардың бірі бішкекті анархия күйіне батуда деп бейнеленген өйткені қылымыскерлер тобы көшені аралақ дүкендердегі халықтық тұтыну тауарларын тонауды бастаған
1674,"Кейбір аумақтарда суды бір минут бойы қайнату жеткілікті, ал басқаларында бірнеше минут қажет.","Кейбір аумақтарда суды бір минут бойы қайынату жеткілікті, ал басқаларында бірнеше минут қажет.",кейбір аумақтарда суды бір минут бойы қайнату жеткілікті ал басқаларында бірнеше минут қажет,кейбір аумақтарда суды бір минут бойы қайынату жеткілікті ал басқаларында бірнеше минут қажет
1755,Бір бомба генерал-губернатор кеңсесінің сыртында жарылды.,Бір бомба генерал-губернатор кеңсесінің сыртында жарылды.,бір бомба генерал губернатор кеңсесінің сыртында жарылды,бір бомба генерал губернатор кеңсесінің сыртында жарылды
1663,"Кочамо алқабы – Чилидегі өрмелеу үшін баратын негізгі жер. Ол Оңтүстік Американың Йосемитесі ретінде белгілі, оның әртүрлі гранит үлкен қабырғалары және жартастары бар.","Кочамо алқабы «челедегі өрмелеу үшін баратын негізгі жер» ол Оңтүстік Американың Иосемитисі ретінде белгілі, оның әртүрлі гранит үлкен қабырғалары және жартастары бар.",кочамо алқабы чилидегі өрмелеу үшін баратын негізгі жер ол оңтүстік американың йосемитесі ретінде белгілі оның әртүрлі гранит үлкен қабырғалары және жартастары бар,кочамо алқабы челедегі өрмелеу үшін баратын негізгі жер ол оңтүстік американың иосемитисі ретінде белгілі оның әртүрлі гранит үлкен қабырғалары және жартастары бар
1917,Римде әртүрлі орындарда адамдардың салтанатты рәсімді көруі үшін бірнеше үлкен теледидар экрандары орнатылды.,Римде әртүрлі орындарды адамдардың салтанатты рәсімді көру үшін бірнеше үлкен теледидар экрандары орнатылды.,римде әртүрлі орындарда адамдардың салтанатты рәсімді көруі үшін бірнеше үлкен теледидар экрандары орнатылды,римде әртүрлі орындарды адамдардың салтанатты рәсімді көру үшін бірнеше үлкен теледидар экрандары орнатылды
1765,"1537 жылы Асунсьон қаласының негізі салынғаннан бастап, Парагвай өзінің көптеген түпкілікті сипаты мен өзіндік ерекшелігін сақтай білді.","1537 жылы асульсион қаласының негізі салынғаннан бастап, Парагвай өзінің көптеген түп күлікті сипатымен өзіндік ерекшелігін сақтай білді.",1537 жылы асунсьон қаласының негізі салынғаннан бастап парагвай өзінің көптеген түпкілікті сипаты мен өзіндік ерекшелігін сақтай білді,1537 жылы асульсион қаласының негізі салынғаннан бастап парагвай өзінің көптеген түп күлікті сипатымен өзіндік ерекшелігін сақтай білді
1744,"Россби нөмірі неғұрлым кішірек болса, жұлдыздың магниттену инверсиясына қатысты белсенділігі азырақ болады.","Росби нөмірі неуғырылым кішірек болса, жолдыздың магниттену инверциясына қатысты белсенділігі азырақ болады.",россби нөмірі неғұрлым кішірек болса жұлдыздың магниттену инверсиясына қатысты белсенділігі азырақ болады,росби нөмірі неуғырылым кішірек болса жолдыздың магниттену инверциясына қатысты белсенділігі азырақ болады
1754,"Айдың көрінетін жерінде ай теңіздері көбірек болуы мүмкін, себебі онда ай қыртысы жіңішкерек.  Лаваның ай қыртысының бетіне шығуы әлдеқайда жеңілірек болды.","Айдың көрінетін жерінде ай теңіздері көбірек болуы мүмкін, себебі онда ай қыртысы жиңіш керек. Лаваның ай қыртысының бетіне шығуы әлдеғайда жеңілірек болды.",айдың көрінетін жерінде ай теңіздері көбірек болуы мүмкін себебі онда ай қыртысы жіңішкерек лаваның ай қыртысының бетіне шығуы әлдеқайда жеңілірек болды,айдың көрінетін жерінде ай теңіздері көбірек болуы мүмкін себебі онда ай қыртысы жиңіш керек лаваның ай қыртысының бетіне шығуы әлдеғайда жеңілірек болды
1966,Комиссия қазан айында басталған кең тараған режимге қарсы наразылықтарға Мартеллидің жауабы болды.,Комиссия қазан айында басталған Кеңтараған режимге қарсы наразылықтарға Мартеллидің жауабы болды.,комиссия қазан айында басталған кең тараған режимге қарсы наразылықтарға мартеллидің жауабы болды,комиссия қазан айында басталған кеңтараған режимге қарсы наразылықтарға мартеллидің жауабы болды
1712,1966 жылдан бері Сундарбан жабайы жануарлар қорығы болған. Есептеулер бойынша қазіргі уақыта бұл аумақта 400 корольдік бенгал жолбарысы және шамамен 30 000 дақты бұғы бар.,"1976 жылдан бері сундарбан жабайы жануарлар қорығы болған. Есептерлер бойынша қазіргі уақытта, бұл аумақта 400 корольдік бенгал жол барысы және шамамен 30 000 даықты бұғы бар.",1966 жылдан бері сундарбан жабайы жануарлар қорығы болған есептеулер бойынша қазіргі уақыта бұл аумақта 400 корольдік бенгал жолбарысы және шамамен 30 000 дақты бұғы бар,1976 жылдан бері сундарбан жабайы жануарлар қорығы болған есептерлер бойынша қазіргі уақытта бұл аумақта 400 корольдік бенгал жол барысы және шамамен 30 000 даықты бұғы бар
1839,Шаңғы тебу бағытын жаяу жүру бағытына ұқсас түрде елестетіп көріңіз.,Шаңғы тебу бағытын жаяу жүру бағытына ұқсасы түрде елістетіп көріңіз.,шаңғы тебу бағытын жаяу жүру бағытына ұқсас түрде елестетіп көріңіз,шаңғы тебу бағытын жаяу жүру бағытына ұқсасы түрде елістетіп көріңіз
1828,"Интернеттен «қауіпті ортаны» іздесеңіз, жергілікті компанияның мекен-жайын береді.","Интернеттен қауіпті ортаны іздесеңіз, жергілікті компанияның мекен жайын береді.",интернеттен қауіпті ортаны іздесеңіз жергілікті компанияның мекен жайын береді,интернеттен қауіпті ортаны іздесеңіз жергілікті компанияның мекен жайын береді
1964,"Қазірге дейін әйгілі ""25 Данлэп парақтары"" құжаттың ең көне көшірмелері болып табылады. Түпнұсқалық қолжазба көшірмесі сақталмаған.",Қазерге дейін әйгілі 25 Данлеп барақтары құжаттың ең көне көшірмелері болып табылады. Төп нұсқалық қолжазба көшірмесі сақтаумаған.,қазірге дейін әйгілі 25 данлэп парақтары құжаттың ең көне көшірмелері болып табылады түпнұсқалық қолжазба көшірмесі сақталмаған,қазерге дейін әйгілі 25 данлеп барақтары құжаттың ең көне көшірмелері болып табылады төп нұсқалық қолжазба көшірмесі сақтаумаған
1667,Жалпы алғанда менеджерлер бұрынғы әріптестеріне басшылық ете бастағанда екі түрлі қылық пайда болуы мүмкін. Бір жағынан алдыңғы «әріптестердің бірі» (немесе құрбылардың) болып қалуға тырысады.,"Жалпы алғанда, менеджерлер бұрынғы әріптестеріне басшылғы ете бастағанда екі түрлі қылық пайда болуы мүмкін. Бір жағынан алдыңғы әріптестердің бірі немесе қырбұлардың болып қалуға тырысады.",жалпы алғанда менеджерлер бұрынғы әріптестеріне басшылық ете бастағанда екі түрлі қылық пайда болуы мүмкін бір жағынан алдыңғы әріптестердің бірі немесе құрбылардың болып қалуға тырысады,жалпы алғанда менеджерлер бұрынғы әріптестеріне басшылғы ете бастағанда екі түрлі қылық пайда болуы мүмкін бір жағынан алдыңғы әріптестердің бірі немесе қырбұлардың болып қалуға тырысады
1870,Көріністер пирамидаларда көрсетіледі және әртүрлі пирамидалар жанады.,Гөріністер пирамидаларда көрсетіледі және әртүрі пирамидалар жанады.,көріністер пирамидаларда көрсетіледі және әртүрлі пирамидалар жанады,гөріністер пирамидаларда көрсетіледі және әртүрі пирамидалар жанады
1955,"Шашыраңқы склероз – ми, жұлын және ми жүйкесінен тұратын орталық жүйке жүйесіне әсер ететін ауру.","Шашыранқы склерос — ми, жылын және ми жүйкесінен тұратын орталық жүйке жүйесіне әсер едетін ауру.",шашыраңқы склероз ми жұлын және ми жүйкесінен тұратын орталық жүйке жүйесіне әсер ететін ауру,шашыранқы склерос ми жылын және ми жүйкесінен тұратын орталық жүйке жүйесіне әсер едетін ауру
1920,"Әдетте, қонақтарды жақсы көңіл-күйде ұстау және іште ұстау үшін оларда арнайы тамақ, сусын және ойын-сауық ұсыныстары болады.","Әдетте қонақтарды жақсы күңілкейде ұстау және іште ұстау үшін оларда арнайы тамақ, сусын және ойын-сауық ұсымыстары болады.",әдетте қонақтарды жақсы көңіл күйде ұстау және іште ұстау үшін оларда арнайы тамақ сусын және ойын сауық ұсыныстары болады,әдетте қонақтарды жақсы күңілкейде ұстау және іште ұстау үшін оларда арнайы тамақ сусын және ойын сауық ұсымыстары болады
1762,"Бұл ауру шошқаларда болады, содан кейін ол масалар арқылы адамдарға өтеді.","Бұл ауру шышқалар да болады, содан кейін ол масалар арқылы адамдарға өтеді.",бұл ауру шошқаларда болады содан кейін ол масалар арқылы адамдарға өтеді,бұл ауру шышқалар да болады содан кейін ол масалар арқылы адамдарға өтеді
1737,Арыстандар ең көп қатысым жасайтын мысықтар. Олар прайдтар деп аталатын үлкен топтарда өмір сүреді.,Арыстандар ең көп қалтүсім жасайтын мысықтар. Олар прайттар деп аталатын үлкен топтардың өмір сүредін.,арыстандар ең көп қатысым жасайтын мысықтар олар прайдтар деп аталатын үлкен топтарда өмір сүреді,арыстандар ең көп қалтүсім жасайтын мысықтар олар прайттар деп аталатын үлкен топтардың өмір сүредін
1863,"Тибет медитациясының орталығы - құдай йогасы. Әр түрлі құдайларды бейнелеудің арқасында қуат арналары тазартылып, чакралар іске қосылып, ағартушылық сана пайда болады.","Тибет медитациясынық орталығы құдай йогасын. Әр түрлі құдайларды бейнелеудің арқасында қуа тарналары тазартылып, чакролар іске қосылып, ағартушылық сана пайда болады.",тибет медитациясының орталығы құдай йогасы әр түрлі құдайларды бейнелеудің арқасында қуат арналары тазартылып чакралар іске қосылып ағартушылық сана пайда болады,тибет медитациясынық орталығы құдай йогасын әр түрлі құдайларды бейнелеудің арқасында қуа тарналары тазартылып чакролар іске қосылып ағартушылық сана пайда болады
1839,Шаңғы тебу бағытын жаяу жүру бағытына ұқсас түрде елестетіп көріңіз.,Шаңғы тебу бағытын жаяу жүру бағытына ұқсас түрде елестетіп көріңіз.,шаңғы тебу бағытын жаяу жүру бағытына ұқсас түрде елестетіп көріңіз,шаңғы тебу бағытын жаяу жүру бағытына ұқсас түрде елестетіп көріңіз
1976,"Орташа деңгейдегі батсмендер - Сачин Тендулкар мен Рахул Дравид жақсы өнер көрсетіп, жүздеген серіктестік қатынас жасады.","Орташа деңгейдегі бацымендер Сатшин, Тендул Кармен, Рахул, Травит жақсы өнер көрсетіп жүздеген сиріктестік қатынас жасады.",орташа деңгейдегі батсмендер сачин тендулкар мен рахул дравид жақсы өнер көрсетіп жүздеген серіктестік қатынас жасады,орташа деңгейдегі бацымендер сатшин тендул кармен рахул травит жақсы өнер көрсетіп жүздеген сиріктестік қатынас жасады
1931,"Бұл қызмет көбінесе кеме қатынасы, соның ішінде серуендеу кемелері, сондай-ақ қашықтағы мәліметтер мен дауыстық қажеттіліктері бар экспедициялар арқылы пайдаланылады.","Бұл қызмет көбінесе кеме қатынасы, соның ішінде сируендер кемелері, сондай-ақ қашықтағы мәліметтер мен дауыстық қажеттіліктері бар экспедициялар арқылы пайдалылады.",бұл қызмет көбінесе кеме қатынасы соның ішінде серуендеу кемелері сондай ақ қашықтағы мәліметтер мен дауыстық қажеттіліктері бар экспедициялар арқылы пайдаланылады,бұл қызмет көбінесе кеме қатынасы соның ішінде сируендер кемелері сондай ақ қашықтағы мәліметтер мен дауыстық қажеттіліктері бар экспедициялар арқылы пайдалылады
1911,"Осы сияқты, шенген визаңыз болса, шенгенге мүше елдердің әрқайсысына визаға бөлек өтінім беру қажет болмайды, осылайша сіз уақытты, ақшаны үнемдейсіз және құжаттармен жұмыс азырақ болады.","Осы сияқты шынген визаңыз болса, шынгенге мүшей елдердің әрқайсысына визаға бөлек өтінім беру қажет болмайды, осылайша сіз уақытты ақшаны үнімдейсіз және құжаттармен жұмыс азырақ болады.",осы сияқты шенген визаңыз болса шенгенге мүше елдердің әрқайсысына визаға бөлек өтінім беру қажет болмайды осылайша сіз уақытты ақшаны үнемдейсіз және құжаттармен жұмыс азырақ болады,осы сияқты шынген визаңыз болса шынгенге мүшей елдердің әрқайсысына визаға бөлек өтінім беру қажет болмайды осылайша сіз уақытты ақшаны үнімдейсіз және құжаттармен жұмыс азырақ болады
1788,АҚШ-тың Гимнастика федерациясы АҚШ Олимпиада комитетінің хатын қолдайды және біздің барлық спортсмендер үшін қоршаған ортаның қауіпсіздігін арттырудың абсолютті қажеттілігін мойындайды.,АҚШ-тың гимнастика федерациясы АҚШ Олимпияда комитетінің хатын қолдайды және біздің барлық спортсамендер үшін қоршаған ортаның қауіпсіздігін арттырудың абсолютті қажеттілігін мойындайды.,ақш тың гимнастика федерациясы ақш олимпиада комитетінің хатын қолдайды және біздің барлық спортсмендер үшін қоршаған ортаның қауіпсіздігін арттырудың абсолютті қажеттілігін мойындайды,ақш тың гимнастика федерациясы ақш олимпияда комитетінің хатын қолдайды және біздің барлық спортсамендер үшін қоршаған ортаның қауіпсіздігін арттырудың абсолютті қажеттілігін мойындайды
1763,"Дәл ай жерді тартып, судың көтерілуіне әкелетіндей, Құс жолы да Мерген галактикасына күш түсіреді.","Дәл айызерді тартып, судың көтерілуіне әкелетіндей құс жолыда мерген галактикасына күш түсіреді.",дәл ай жерді тартып судың көтерілуіне әкелетіндей құс жолы да мерген галактикасына күш түсіреді,дәл айызерді тартып судың көтерілуіне әкелетіндей құс жолыда мерген галактикасына күш түсіреді
1882,"Ғалымдар ғаламшарлар, әсіресе, жер қалай құралғанын түсінеміз деп үміттенеді, өйткені кометалар жермен ұзақ уақыт бұрын соқтығысқан.","Қалымдар ғаламшарлар әсіресе жер қалай құралған түнеміздеп үміттенеді, өйткені кәметалар жермен зауқақ бұрын соқтығысқан.",ғалымдар ғаламшарлар әсіресе жер қалай құралғанын түсінеміз деп үміттенеді өйткені кометалар жермен ұзақ уақыт бұрын соқтығысқан,қалымдар ғаламшарлар әсіресе жер қалай құралған түнеміздеп үміттенеді өйткені кәметалар жермен зауқақ бұрын соқтығысқан
1674,"Кейбір аумақтарда суды бір минут бойы қайнату жеткілікті, ал басқаларында бірнеше минут қажет.","Кейбір аумақтарда суды бір минут бойы қайнату жеткілікті, ал басқаларында бірнеше минут қажеті.",кейбір аумақтарда суды бір минут бойы қайнату жеткілікті ал басқаларында бірнеше минут қажет,кейбір аумақтарда суды бір минут бойы қайнату жеткілікті ал басқаларында бірнеше минут қажеті
1746,Өсімдіктер күн сәулесінен фотосинтез арқылы қуат алады. Олар сонымен қатар көлеңе береді.,"Өсімдіктер күнсәулесінен фотосимтіз арқылы қуат алады, олар сонымен қатар көленге береді.",өсімдіктер күн сәулесінен фотосинтез арқылы қуат алады олар сонымен қатар көлеңе береді,өсімдіктер күнсәулесінен фотосимтіз арқылы қуат алады олар сонымен қатар көленге береді
1703,Мартелли кеше тоғыз мүшеден тұратын жаңа уақытша сайлау кеңесінің (CEP) алдында ант берді.,Мартелли кеше 9 мүшеден тұратын жаңа уақытша сайлау кеңесінің сер алдында ант берді.,мартелли кеше тоғыз мүшеден тұратын жаңа уақытша сайлау кеңесінің cep алдында ант берді,мартелли кеше 9 мүшеден тұратын жаңа уақытша сайлау кеңесінің сер алдында ант берді
1934,Әдетте сіз туристердің және сатушылардың дыбысын әрқашан естисіз. Дыбыс пен жарықтан тұратын хикая дәл хикая кітабы сияқты болады.,"Әдеттесіз туристердің және сатуушылардың дыбысын әрқашан естисіз. Дыбыспен жарықтан тұратын киқая, тәлік киқая кітәбі сияқты болады.",әдетте сіз туристердің және сатушылардың дыбысын әрқашан естисіз дыбыс пен жарықтан тұратын хикая дәл хикая кітабы сияқты болады,әдеттесіз туристердің және сатуушылардың дыбысын әрқашан естисіз дыбыспен жарықтан тұратын киқая тәлік киқая кітәбі сияқты болады
1990,"Сондай-ақ блогтар оқушылардың жазуын жақсартуға көмектеседі. Оқушылар блог тәжірибесін көбінесе немқұрайлы грамматикамен және емлемен бастағанымен, аудиторияның болуы әдетте бұл жағдайды өзгертеді.","Сондай-ақ блогтар оқушылардың жазуын жақсартуға көмектеседі. Оқушылар блог тәжірибесін көбінесен немқұрайлы грамматикамен және емілімен бастағанымен, аудиторияның болуы әдетте бұл жағдайды өзгертеді.",сондай ақ блогтар оқушылардың жазуын жақсартуға көмектеседі оқушылар блог тәжірибесін көбінесе немқұрайлы грамматикамен және емлемен бастағанымен аудиторияның болуы әдетте бұл жағдайды өзгертеді,сондай ақ блогтар оқушылардың жазуын жақсартуға көмектеседі оқушылар блог тәжірибесін көбінесен немқұрайлы грамматикамен және емілімен бастағанымен аудиторияның болуы әдетте бұл жағдайды өзгертеді
1848,Кеше Түркияның Газиантеп қаласындағы полиция штаб-пәтерінде бомба қойылған көлік жарылысы нәтижесінде екі полиция қызметкері қаза тапты және жиырмадан артық адам жарақат алды.,"Кеше, Түркияның Газиянтеп қаласындағы полиция штат пәтерінде бомба қойылған көлік жарылысы нәтижесінде, екі полиция қызметкері қаза тапта және жиырмадан артық адам жарақат алды.",кеше түркияның газиантеп қаласындағы полиция штаб пәтерінде бомба қойылған көлік жарылысы нәтижесінде екі полиция қызметкері қаза тапты және жиырмадан артық адам жарақат алды,кеше түркияның газиянтеп қаласындағы полиция штат пәтерінде бомба қойылған көлік жарылысы нәтижесінде екі полиция қызметкері қаза тапта және жиырмадан артық адам жарақат алды
1982,"Әйелдер: Өздерінің шынайы отбасы жағдайына қарамастан, әйел жынысты саяхатшыларға тұрмыс құрған деп айтуға кеңес беріледі.","Әйелдер өздерінің шынайы отбасы жағдайына қарамастан, әйел жынысты саяхатшыларға тұрмыс қырған деп айтуға кеңес беріледі.",әйелдер өздерінің шынайы отбасы жағдайына қарамастан әйел жынысты саяхатшыларға тұрмыс құрған деп айтуға кеңес беріледі,әйелдер өздерінің шынайы отбасы жағдайына қарамастан әйел жынысты саяхатшыларға тұрмыс қырған деп айтуға кеңес беріледі
1938,"Аурухана инфекцияны бақылау хаттамасын орындады, соның ішінде басқаларды жұқтырудың алдын алу үшін науқасты басқалардан бөлді.","Аурухана инфекцияды бақы лаухаттамасын орындады, соның ішінде басқалаларды жықтырудың алдын алу үшін науқасты басқаралардан бөлді.",аурухана инфекцияны бақылау хаттамасын орындады соның ішінде басқаларды жұқтырудың алдын алу үшін науқасты басқалардан бөлді,аурухана инфекцияды бақы лаухаттамасын орындады соның ішінде басқалаларды жықтырудың алдын алу үшін науқасты басқаралардан бөлді
1677,Бүгінде қанаттарын арқасына бүктей алмайтын жәндіктер - инеліктер мен біркүндіктер.,Бүгінде қанаттарын арқасына бүкчей аумайтын жәндіктер енеліктер мен біркіндіктер.,бүгінде қанаттарын арқасына бүктей алмайтын жәндіктер инеліктер мен біркүндіктер,бүгінде қанаттарын арқасына бүкчей аумайтын жәндіктер енеліктер мен біркіндіктер
1939,"Революциядан кейін жұмыс орындары барлық ерлер үшін ашық болып, олардың табысқа жетуіне мүмкін берді.","Риволюциядан кейін жұмыс орындары барлық ерлер үшін ашық болып, олардың табысқа жетуіне мүмкін берді.",революциядан кейін жұмыс орындары барлық ерлер үшін ашық болып олардың табысқа жетуіне мүмкін берді,риволюциядан кейін жұмыс орындары барлық ерлер үшін ашық болып олардың табысқа жетуіне мүмкін берді
1985,"Бұл альптық стильдегі шаңғы туризмімен немесе альпинизммен байланысты (бірақ әдетте байланысты болмайды), соңғысы тік еңістіктерде өткізіледі және қатты шаңғы мен аяқ киімді қажет етеді.","Бұл альптік стильдегі шаңғы туризмі мен немесе альпинизмімен байланысты, бірақ әдетте байланысты болмайды, соңғысы тік еңістіктерде өткізіледі және қатты шаңғымен аяқ кейімді қажет етеді.",бұл альптық стильдегі шаңғы туризмімен немесе альпинизммен байланысты бірақ әдетте байланысты болмайды соңғысы тік еңістіктерде өткізіледі және қатты шаңғы мен аяқ киімді қажет етеді,бұл альптік стильдегі шаңғы туризмі мен немесе альпинизмімен байланысты бірақ әдетте байланысты болмайды соңғысы тік еңістіктерде өткізіледі және қатты шаңғымен аяқ кейімді қажет етеді
1948,Үш патшалық ежелгі Қытайдың тарихындағы ең қанқұйлы дәуірлердің бірі болған. Мыңдаған адам Сианьдағы үлкен сарайдағы ең жоғары орынға отыру үшін соғысқанда өлді.,Үш паршалық ежелгі Қытайдың тарихындағы ең қан құйылы дәуірлерінің бірі болған. Мыңдаған адам Сияндияғы үлкен сарайдағы ең жоғарғы орынға отыру үшін соғысқанда өлді.,үш патшалық ежелгі қытайдың тарихындағы ең қанқұйлы дәуірлердің бірі болған мыңдаған адам сианьдағы үлкен сарайдағы ең жоғары орынға отыру үшін соғысқанда өлді,үш паршалық ежелгі қытайдың тарихындағы ең қан құйылы дәуірлерінің бірі болған мыңдаған адам сияндияғы үлкен сарайдағы ең жоғарғы орынға отыру үшін соғысқанда өлді
1993,Атлант мұхитының оныншы атау берілген дауыл маусымы «Субтропиктік дауыл Джерри» бүгін Атлант мұхитында пайда болды.,Атлант мұхитының оныншы атау берілген дауыл маусымы субтропиктік дауыл Джерри бүгін Атлант мұхитында пайда болды.,атлант мұхитының оныншы атау берілген дауыл маусымы субтропиктік дауыл джерри бүгін атлант мұхитында пайда болды,атлант мұхитының оныншы атау берілген дауыл маусымы субтропиктік дауыл джерри бүгін атлант мұхитында пайда болды
1671,Конгресс әдепсіздік бастамасын 2005 қаржы жылынан бастады және ФТБ ұйымы ересектер порнографиясына қатысты істерге 10 агент бөлуі керектігін көрсетті.,Конгресс әдепсіздік бастамасын 2005-ші қаржы жылынан бастады және FTV ұйымы ересектер парнографиясына қатысты істерге он агент бөлуі керектігін көрсетті.,конгресс әдепсіздік бастамасын 2005 қаржы жылынан бастады және фтб ұйымы ересектер порнографиясына қатысты істерге 10 агент бөлуі керектігін көрсетті,конгресс әдепсіздік бастамасын 2005 ші қаржы жылынан бастады және ftv ұйымы ересектер парнографиясына қатысты істерге он агент бөлуі керектігін көрсетті
1886,"Ежелгі мәдениеттер мен тайпалар сүтке, жүнге, етке және терілерге оңай қол жеткізу үшін оларды өсіре бастады.","Ежелгі мәдениеттер мен тайпалар сүтке, жүнге, етке және террелерге оңай қол жеткізу үшін оларды өсіре бастады.",ежелгі мәдениеттер мен тайпалар сүтке жүнге етке және терілерге оңай қол жеткізу үшін оларды өсіре бастады,ежелгі мәдениеттер мен тайпалар сүтке жүнге етке және террелерге оңай қол жеткізу үшін оларды өсіре бастады
1736,Роландо Мендоза M16 мылтығымен туристтерге оқ жаудырды.,Роландомин доза M16 мылтығымен туристерге оқжаудырды.,роландо мендоза m16 мылтығымен туристтерге оқ жаудырды,роландомин доза m16 мылтығымен туристерге оқжаудырды
1896,"АҚШ гимнастикасы және АҚШ Олимпиада комитеті бір мақсатты көздейді - гимнастика және басқа да спорт түрлерін барынша қауіпсіз етіп, спортшылардың өз армандарын орындауды қауіпсіз, позитивті және мүмкіндіктерге толы ортада жүзеге асыруын қамтамасыз ету.","АҚШ гимнастикасы және АҚШ Олимпиада комитеті бір мақсатты көздейді. Гимнастика және басқа да спорт түрлерін барынша қауымпсіз етіп, спортшылардың өз армандарын орындалды қауіпсіз позитивті және мүмкіндіктерге толы ортада жүзегі асыруын қамтамасыз ету.",ақш гимнастикасы және ақш олимпиада комитеті бір мақсатты көздейді гимнастика және басқа да спорт түрлерін барынша қауіпсіз етіп спортшылардың өз армандарын орындауды қауіпсіз позитивті және мүмкіндіктерге толы ортада жүзеге асыруын қамтамасыз ету,ақш гимнастикасы және ақш олимпиада комитеті бір мақсатты көздейді гимнастика және басқа да спорт түрлерін барынша қауымпсіз етіп спортшылардың өз армандарын орындалды қауіпсіз позитивті және мүмкіндіктерге толы ортада жүзегі асыруын қамтамасыз ету
1830,Билеуші партия Оңтүстік батыс Африка халық ұйымы (SWAPO) парламенттік сайлауларда көптеген орынға ие болды.,Билеуші партия оңтүстік Ватсаврика қалық ұйымы Сваппо парламенттік сайлауларда көптеген орынға ие болды.,билеуші партия оңтүстік батыс африка халық ұйымы swapo парламенттік сайлауларда көптеген орынға ие болды,билеуші партия оңтүстік ватсаврика қалық ұйымы сваппо парламенттік сайлауларда көптеген орынға ие болды
1733,Оның 78 ұсынысының біріншісі — Ирактың шекарасын дұшпандық араласудан қорғау және көршілерімен дипломатиялық қатынастарды қайта орнату үшін осы жылдың соңына дейін  жаңа дипломатиялық бастама қолға алынуы керек.,Оның 78 ұсынысының біріншісі Ирактың шекарасын дышпандық араласудан қорғау және көршілері мен дипломатиялық катынастарды қайта орнату үшін осы жылдың соңға дейін жаңа дипломатиялық бастама қолға алынуы керек.,оның 78 ұсынысының біріншісі ирактың шекарасын дұшпандық араласудан қорғау және көршілерімен дипломатиялық қатынастарды қайта орнату үшін осы жылдың соңына дейін жаңа дипломатиялық бастама қолға алынуы керек,оның 78 ұсынысының біріншісі ирактың шекарасын дышпандық араласудан қорғау және көршілері мен дипломатиялық катынастарды қайта орнату үшін осы жылдың соңға дейін жаңа дипломатиялық бастама қолға алынуы керек
1897,"Аймақ солтүстігінде Сахельмен шекаралас, ал оңтүстігі мен батысында Атлант мұхитымен шектеседі.","Аймақ солтүстігінде Сахалмен шекаралас, алоңтүстік мен батысында Атлант мұхитынмен шектеседі.",аймақ солтүстігінде сахельмен шекаралас ал оңтүстігі мен батысында атлант мұхитымен шектеседі,аймақ солтүстігінде сахалмен шекаралас алоңтүстік мен батысында атлант мұхитынмен шектеседі
1700,"Күңгірт жерлердің асты жұқа, ал жарық жерлердің асты қалың тау жынысынан тұрады.","Күңгір жерлердің асты жұқа, алжарық жерлердің асты қалын талжынысынан тұрады.",күңгірт жерлердің асты жұқа ал жарық жерлердің асты қалың тау жынысынан тұрады,күңгір жерлердің асты жұқа алжарық жерлердің асты қалын талжынысынан тұрады
1887,"Лиггинс ауруханада жұмыс істей бастағанда, бос уақытында мерзімінен бұрын босануды зерттей бастады.","Лиггинс ауруханада жұмыс істей бастағанда, бос уақытында мерзімінен бұрын босануды зерттей бастады.",лиггинс ауруханада жұмыс істей бастағанда бос уақытында мерзімінен бұрын босануды зерттей бастады,лиггинс ауруханада жұмыс істей бастағанда бос уақытында мерзімінен бұрын босануды зерттей бастады
1689,"Еуропа — салыстырмалы түрде шағын, бірақ көп тәуелсіз елдері бар континент. Қалыпты жағдайларда, бірнеше ел арқылы саяхаттасаңыз, визаға өтінімдер беру және бірнеше рет төлқұжатты тексеруден өту керектігін білдіретін еді.","Еуропа салыстырмалы түрде шағын, бірақ көп тәуелсіз елдері бар континент. Қалытты жағдайларда бірнеше ел арқылы саяхаттасаңыз, визаға өтінімдер беру және бірнеше рет төлқұжатты тексеруден өту керектігін білдіретін еді.",еуропа салыстырмалы түрде шағын бірақ көп тәуелсіз елдері бар континент қалыпты жағдайларда бірнеше ел арқылы саяхаттасаңыз визаға өтінімдер беру және бірнеше рет төлқұжатты тексеруден өту керектігін білдіретін еді,еуропа салыстырмалы түрде шағын бірақ көп тәуелсіз елдері бар континент қалытты жағдайларда бірнеше ел арқылы саяхаттасаңыз визаға өтінімдер беру және бірнеше рет төлқұжатты тексеруден өту керектігін білдіретін еді
1798,"Алғашқы күндері шоу тек ұзақ уақыттан бері жұмыс істеп келе жатқан TogiNet Radio интернет радиосында, сөйлесу радиосына негізделген сайтта өткен.",Алғашқы күндері шоутек ұзақ уақыттан бері жұмыс істеп келі жатқан тогене түрадио интернет радиусында сөйлесу радиусына негізделген сайтта өткен.,алғашқы күндері шоу тек ұзақ уақыттан бері жұмыс істеп келе жатқан toginet radio интернет радиосында сөйлесу радиосына негізделген сайтта өткен,алғашқы күндері шоутек ұзақ уақыттан бері жұмыс істеп келі жатқан тогене түрадио интернет радиусында сөйлесу радиусына негізделген сайтта өткен
1984,"Сондай-ақ массалық көлікке иелік жолдарда апаттардың көбірек болуына әкеледі, бұл зақымдалған денелерді жөндеу үшін денсаулық сақтау саласында жаңа әдістерді ойлап табуға әкеледі.","Сондай-ақ массалық көлікке еліп жолдарда апаттардың көбірек болуына әкеледі, бұл зақымдалған денелерді жөндеу үшін дейсаллық сақтау саласында жаңа әдістерді ойлап табуға әкеледі.",сондай ақ массалық көлікке иелік жолдарда апаттардың көбірек болуына әкеледі бұл зақымдалған денелерді жөндеу үшін денсаулық сақтау саласында жаңа әдістерді ойлап табуға әкеледі,сондай ақ массалық көлікке еліп жолдарда апаттардың көбірек болуына әкеледі бұл зақымдалған денелерді жөндеу үшін дейсаллық сақтау саласында жаңа әдістерді ойлап табуға әкеледі
1984,"Сондай-ақ массалық көлікке иелік жолдарда апаттардың көбірек болуына әкеледі, бұл зақымдалған денелерді жөндеу үшін денсаулық сақтау саласында жаңа әдістерді ойлап табуға әкеледі.",Сондай-ақ масалық көлікке иелік жолдарда апаттардың көбірек болуына әкеледі. Бұл зақымдалған денелерді жөндеу үшін денсаулық сақтау саласында жаңа әдістерді ойлап табуға әкеледі.,сондай ақ массалық көлікке иелік жолдарда апаттардың көбірек болуына әкеледі бұл зақымдалған денелерді жөндеу үшін денсаулық сақтау саласында жаңа әдістерді ойлап табуға әкеледі,сондай ақ масалық көлікке иелік жолдарда апаттардың көбірек болуына әкеледі бұл зақымдалған денелерді жөндеу үшін денсаулық сақтау саласында жаңа әдістерді ойлап табуға әкеледі
1796,Бұл шөгінді жыныстар жабайы жануарлардың мекені болған құмқайырларды және жағажайларды жасауға қажет болды.,Бұл шугынды жыныстар жабайы жануарлардың мекені болған құмқайырларды және жағажайларды жасауға қажет болды.,бұл шөгінді жыныстар жабайы жануарлардың мекені болған құмқайырларды және жағажайларды жасауға қажет болды,бұл шугынды жыныстар жабайы жануарлардың мекені болған құмқайырларды және жағажайларды жасауға қажет болды
1834,"Сонымен қатар солтүстігінде бүкіл әлемге әйгілі Мариан ғажабының орны болған, Фатимадағы Әйел ғибадатханасына барыңыз.",Сонымен қатар солтүстігінде бүкіл әлемге әйгілі Мариан қажабының орны болған. Фатимадағы әйел ғибадатханасына барыңыз.,сонымен қатар солтүстігінде бүкіл әлемге әйгілі мариан ғажабының орны болған фатимадағы әйел ғибадатханасына барыңыз,сонымен қатар солтүстігінде бүкіл әлемге әйгілі мариан қажабының орны болған фатимадағы әйел ғибадатханасына барыңыз
1913,"Жолбарыстың ақыруы арыстанның бар күшімен ақыруына ұқсамайды, ол ақырып қатты айтқан сөздерге көбірек ұқсайды.","Жолбарыстың ақыруы Арстанның бар кішімен ақыруына ұқсамайды, ол ақырып қатты айтықан сөздерде көмірек ұқсайды.",жолбарыстың ақыруы арыстанның бар күшімен ақыруына ұқсамайды ол ақырып қатты айтқан сөздерге көбірек ұқсайды,жолбарыстың ақыруы арстанның бар кішімен ақыруына ұқсамайды ол ақырып қатты айтықан сөздерде көмірек ұқсайды
1851,"Үзілмелі ағыстар жағаға, рифтерге соғылатын толқындардың кері ағыны болып табылады.",Үзілмелі ағыстар жағаға рифтерге соғылатын толқындардың хері ағаны болып табылады.,үзілмелі ағыстар жағаға рифтерге соғылатын толқындардың кері ағыны болып табылады,үзілмелі ағыстар жағаға рифтерге соғылатын толқындардың хері ағаны болып табылады
1923,Әскерилерге және азаматтарға қажет заттардың қамтамасыз етілуін тоқтатқан бұл стратегия тиімді болып шықты. Дегенмен бұл блокада өткен екі ғасырдағы бірнеше халықаралық келісімде жазылған жалпы қабылданған халықаралық заңды бұзды.,"Әскерилерге және азаматтарға қажет-заттардың қамтаңысыз етілуін тоқтатқан бұл стратегия тыйымды болып шықты, дегенмен бұл блокада өткені еке ғасырдағы бірнеше халық аралық келісімде жазылған жалпы қабылнанған халық аралық заңды бұзды.",әскерилерге және азаматтарға қажет заттардың қамтамасыз етілуін тоқтатқан бұл стратегия тиімді болып шықты дегенмен бұл блокада өткен екі ғасырдағы бірнеше халықаралық келісімде жазылған жалпы қабылданған халықаралық заңды бұзды,әскерилерге және азаматтарға қажет заттардың қамтаңысыз етілуін тоқтатқан бұл стратегия тыйымды болып шықты дегенмен бұл блокада өткені еке ғасырдағы бірнеше халық аралық келісімде жазылған жалпы қабылнанған халық аралық заңды бұзды
2009,"Ең оңай қол жеткізуге болаты өсімдік ресурстарына жапырақтар мен бұршақтарда қолжетімді ақуыздар болды, бірақ әзірлемесе, олар біз сияқты приматтар үшін қорытуға қиын.","Ең оңай қол жеткізуге болатты, өсімдік ресустарына жапырақтар мен бұр шақтарда қолжетімді ағуыздар болды, бірақ әзірлемесе олар біз сияқты приматтар үшін қортуға қайын.",ең оңай қол жеткізуге болаты өсімдік ресурстарына жапырақтар мен бұршақтарда қолжетімді ақуыздар болды бірақ әзірлемесе олар біз сияқты приматтар үшін қорытуға қиын,ең оңай қол жеткізуге болатты өсімдік ресустарына жапырақтар мен бұр шақтарда қолжетімді ағуыздар болды бірақ әзірлемесе олар біз сияқты приматтар үшін қортуға қайын
1888,"Елге оралу шогы мәдени шоктан (мұнда бастапқы фаза өте аз) гөрі тезірек пайда болады, ол ұзаққа созылады және одан да ауыр болуы мүмкін.","Елге оралу шогы мәдени шоктан мұнда бастапқы фазы өте аз. Гөрі тезірек пайда болады, ол ұзаққа созылады және одан да ауыр болуы мүмкін.",елге оралу шогы мәдени шоктан мұнда бастапқы фаза өте аз гөрі тезірек пайда болады ол ұзаққа созылады және одан да ауыр болуы мүмкін,елге оралу шогы мәдени шоктан мұнда бастапқы фазы өте аз гөрі тезірек пайда болады ол ұзаққа созылады және одан да ауыр болуы мүмкін
1969,Ол негізгі тақырыптың ең тиімді орны сызықтардың қиылысуында деп айтады. Бұл кескінді тігінен және көлденеңінен үштіктерге бөледі (мысалды қараңыз).,"Ол негізгі тақырыптың ең тиімді орнына сызықтардың қиыл суында деп айтады, бұл кескінді тігінен және көленеңінен үштіктерге бөледі, мысалды қараңыз.",ол негізгі тақырыптың ең тиімді орны сызықтардың қиылысуында деп айтады бұл кескінді тігінен және көлденеңінен үштіктерге бөледі мысалды қараңыз,ол негізгі тақырыптың ең тиімді орнына сызықтардың қиыл суында деп айтады бұл кескінді тігінен және көленеңінен үштіктерге бөледі мысалды қараңыз
1857,"Ол тағы былай деді: «дегенмен, олардан даму кезеңінен, жауапкершілігінен және мүмкіндіктерінен асатын міндеттемелерді қабылдауды сұрамау керек».","Ол тағы былай деді:「Дегенмен олардан даму кезеңінен, жау кершілігінен және мүмкіндіктерінен асатын міндеттемелерді қабылдауды сұрамау керек».",ол тағы былай деді дегенмен олардан даму кезеңінен жауапкершілігінен және мүмкіндіктерінен асатын міндеттемелерді қабылдауды сұрамау керек,ол тағы былай деді дегенмен олардан даму кезеңінен жау кершілігінен және мүмкіндіктерінен асатын міндеттемелерді қабылдауды сұрамау керек
1916,"Көп неміс пісірілген өнімдерінде сонымен бірге бадам, орман жаңғақтары және басқа ағаш жаңғақтары болады. Танымал торттар жиі қою кофенің саптыаяғымен өте жақсы желінеді.","Көп неміс пісірілген өнімдерінде, сонымен бірге бадағым орман жаңғақтары және басқа ағыш жаңғақтары болады. Танвал торттар жиі қою кофенің сыптайын мен өте жақсы желінеді.",көп неміс пісірілген өнімдерінде сонымен бірге бадам орман жаңғақтары және басқа ағаш жаңғақтары болады танымал торттар жиі қою кофенің саптыаяғымен өте жақсы желінеді,көп неміс пісірілген өнімдерінде сонымен бірге бадағым орман жаңғақтары және басқа ағыш жаңғақтары болады танвал торттар жиі қою кофенің сыптайын мен өте жақсы желінеді
1828,"Интернеттен «қауіпті ортаны» іздесеңіз, жергілікті компанияның мекен-жайын береді.","Интернеттен қауіпті ортаны іздесеңіз, жергілікті компанияның мекенжайын береді.",интернеттен қауіпті ортаны іздесеңіз жергілікті компанияның мекен жайын береді,интернеттен қауіпті ортаны іздесеңіз жергілікті компанияның мекенжайын береді
1772,Осылайша нотация жай ғана белгі ретінде қосылған болуы мүмкін.,"Осылайша, нотация жайғана белгір етінде қосылған болуы мүмкін.",осылайша нотация жай ғана белгі ретінде қосылған болуы мүмкін,осылайша нотация жайғана белгір етінде қосылған болуы мүмкін
1775,"Бейне жазып алуды пайдалану бірнеше миллисекунд жалғасатын микро қимылдарды, бет бұлшық еттерінің қимылдарын түсіндіруде маңызды жаңалықтардың ашылуына себеп болды.",Пейне жазып алуды пайдалану бірнеше милисекун жалғасатын микроқимылдарды бет болшы ғеттерін қимылдарын түсіндіруде маңызды жаңалықтардың ашылуына себеп болды.,бейне жазып алуды пайдалану бірнеше миллисекунд жалғасатын микро қимылдарды бет бұлшық еттерінің қимылдарын түсіндіруде маңызды жаңалықтардың ашылуына себеп болды,пейне жазып алуды пайдалану бірнеше милисекун жалғасатын микроқимылдарды бет болшы ғеттерін қимылдарын түсіндіруде маңызды жаңалықтардың ашылуына себеп болды
1972,"Көп адам оларды динозаврлар деп ойламайды, өйткені олардың қауырсындары бар және ұша алады.","Көп адам оларды динозаврлар деп ойламайды, өйткені олардың қауірсіндары бар және ұлша алады.",көп адам оларды динозаврлар деп ойламайды өйткені олардың қауырсындары бар және ұша алады,көп адам оларды динозаврлар деп ойламайды өйткені олардың қауірсіндары бар және ұлша алады
1810,Калифорния губернаторы Арнольд Шварценеггер кәмелетке толмағандарға зорлық-зомбылық контенті бар видео ойындарды сатуға немесе жалға беруге тыйым салатын заңға қол қойды.,Калифорния губернаторы Арнольд Швартсинегер кәмелетке туымағандарға зорлық зонбылық контенті бар видеоойындарды сатуға немесе жалға беруге тыйым салатын заңға қол қойды.,калифорния губернаторы арнольд шварценеггер кәмелетке толмағандарға зорлық зомбылық контенті бар видео ойындарды сатуға немесе жалға беруге тыйым салатын заңға қол қойды,калифорния губернаторы арнольд швартсинегер кәмелетке туымағандарға зорлық зонбылық контенті бар видеоойындарды сатуға немесе жалға беруге тыйым салатын заңға қол қойды
1880,Осылайша қарындаш шыққан кезде көп адамдарға жақсы дос болды.,Осылайша қарында шыққан кезде көп адамдарға жақсы дос болды.,осылайша қарындаш шыққан кезде көп адамдарға жақсы дос болды,осылайша қарында шыққан кезде көп адамдарға жақсы дос болды
1997,Алайда туберкулезбен ауыратын адамдардың бүкіл тобындағы XDR-ТБ пайызы әлі де төмен болып көрінеді; Оңтүстік Африкада әрбір сәтте жалпы 330 000 адамның 6 мыңы ауру жұқтырады.,Алайда түбіркілезібен ауыратын адамдардың бүкіл тобындағы XDR-TB пайызды әлі де төмен болып көрінеді. Оңтүстік Африкада әрбір сәтте жалпы 330 000 адамның 6000-і ауру жұқтырады.,алайда туберкулезбен ауыратын адамдардың бүкіл тобындағы xdr тб пайызы әлі де төмен болып көрінеді оңтүстік африкада әрбір сәтте жалпы 330 000 адамның 6 мыңы ауру жұқтырады,алайда түбіркілезібен ауыратын адамдардың бүкіл тобындағы xdr tb пайызды әлі де төмен болып көрінеді оңтүстік африкада әрбір сәтте жалпы 330 000 адамның 6000 і ауру жұқтырады
1767,"Бұл солтүстік шұғыласын көрудің жақсы мүмкіндігін береді, өйткені аспан тәулік бойы азды-көпті күңгірт болады.","Бұл солтүстік шығыласын көрідің жақсы мүмкіндігін береді, өйткені аспан тәулік ойы азды көпті күңгірт болады.",бұл солтүстік шұғыласын көрудің жақсы мүмкіндігін береді өйткені аспан тәулік бойы азды көпті күңгірт болады,бұл солтүстік шығыласын көрідің жақсы мүмкіндігін береді өйткені аспан тәулік ойы азды көпті күңгірт болады
1729,"Мысалы, Солтүстік Каролина штатындағы Беннет мектебінің студенттері жыл сайын штат астанасына сапары туралы веб-сайтын жасайды, бұл веб-сайт жыл сайын қайта жасалады, бірақ ескі нұсқалар альбом ретінде онлайн сақталады.","Мысалы, солтүстік Каролина штатындағы бәніт мектебінің студенттері жыл сайын штат астанасына сапар туралы веб-сайттын жасайды. Бұл веб-сайт жыл сайын қайта жасалады, бірақ ескі нұсқалар альбом ретінде онлайн сақталады.",мысалы солтүстік каролина штатындағы беннет мектебінің студенттері жыл сайын штат астанасына сапары туралы веб сайтын жасайды бұл веб сайт жыл сайын қайта жасалады бірақ ескі нұсқалар альбом ретінде онлайн сақталады,мысалы солтүстік каролина штатындағы бәніт мектебінің студенттері жыл сайын штат астанасына сапар туралы веб сайттын жасайды бұл веб сайт жыл сайын қайта жасалады бірақ ескі нұсқалар альбом ретінде онлайн сақталады
1896,"АҚШ гимнастикасы және АҚШ Олимпиада комитеті бір мақсатты көздейді - гимнастика және басқа да спорт түрлерін барынша қауіпсіз етіп, спортшылардың өз армандарын орындауды қауіпсіз, позитивті және мүмкіндіктерге толы ортада жүзеге асыруын қамтамасыз ету.","АҚШ гимнастикасы және АҚШ Олимпиада комитеті бір мақсатты көздейді, гимнастикі және басқа да спорт түрлерін барынша қауіпсіз етіп, спортшылардың өз армандарын орындауды қауіпсіз, позитивті және мүмкіндіктерге толы ортада жүзеге асыруын қамтамасыз ету.«Мұзғы»",ақш гимнастикасы және ақш олимпиада комитеті бір мақсатты көздейді гимнастика және басқа да спорт түрлерін барынша қауіпсіз етіп спортшылардың өз армандарын орындауды қауіпсіз позитивті және мүмкіндіктерге толы ортада жүзеге асыруын қамтамасыз ету,ақш гимнастикасы және ақш олимпиада комитеті бір мақсатты көздейді гимнастикі және басқа да спорт түрлерін барынша қауіпсіз етіп спортшылардың өз армандарын орындауды қауіпсіз позитивті және мүмкіндіктерге толы ортада жүзеге асыруын қамтамасыз ету мұзғы
1868,"Спектрдің екінші жағында адам бейтаныс адамға айналады, ол топ орындайтын барлық әрекеттерді өзгертіп, оны өз бетінше жасау керек деп санайды.","Спектрдың екінші жағында адам бейтаныс адамға айналады, ол топ орындайтын барлыға рекеттерді өзгерді оны өзбетінше жасау керек деп санайды.",спектрдің екінші жағында адам бейтаныс адамға айналады ол топ орындайтын барлық әрекеттерді өзгертіп оны өз бетінше жасау керек деп санайды,спектрдың екінші жағында адам бейтаныс адамға айналады ол топ орындайтын барлыға рекеттерді өзгерді оны өзбетінше жасау керек деп санайды
1875,Мұхиттарға құйылатын планета өзендеріндегі судың толықтай 20 пайызы Амазонкадан келеді.,Мұхиттарға құялатын планета өзендеріндегі судың толықтай 20 пайызы Амазонкадан келеді.,мұхиттарға құйылатын планета өзендеріндегі судың толықтай 20 пайызы амазонкадан келеді,мұхиттарға құялатын планета өзендеріндегі судың толықтай 20 пайызы амазонкадан келеді
1814,"Сутегі иондары, бұл олардан электрондары алынып тасталған протондар болып табылады (өйткені сутегі атомдары бір протон мен бір электроннан тұрады).","Сутегі иондары — бұл олардан электрондары алынып тасталған протондар болып табылады. Өйткені, сутегі атомдары бір протонмен бір электроннан тұрады.",сутегі иондары бұл олардан электрондары алынып тасталған протондар болып табылады өйткені сутегі атомдары бір протон мен бір электроннан тұрады,сутегі иондары бұл олардан электрондары алынып тасталған протондар болып табылады өйткені сутегі атомдары бір протонмен бір электроннан тұрады
1811,"802.11n стандарты 2,4 Ггц және 5,0 Ггц жиіліктерінде жұмыс істейді.",802.11n стандартты 2-де-4 Гегагерс және 5-0 Гегагерс жиіліктерінде жұмыс істейді.,802 11n стандарты 2 4 ггц және 5 0 ггц жиіліктерінде жұмыс істейді,802 11n стандартты 2 де 4 гегагерс және 5 0 гегагерс жиіліктерінде жұмыс істейді
1835,"Цунами туралы ескерту берілмеді және Джакартаның геофизика агенттігінің деректеріне сай, цунами туралы ескерту берілмейді, өйткені жер сілкінісі 6,5 магнитудасы талабына сай болмады.","Цунами туралы ескерту берілмейді және Джакарта-ның геофизика агенттігінің деректеріне сай цунами туралы ескерту берілмейді, өйткені жер сілкінісі 6,5 мг. талабына сай болмады.",цунами туралы ескерту берілмеді және джакартаның геофизика агенттігінің деректеріне сай цунами туралы ескерту берілмейді өйткені жер сілкінісі 6 5 магнитудасы талабына сай болмады,цунами туралы ескерту берілмейді және джакарта ның геофизика агенттігінің деректеріне сай цунами туралы ескерту берілмейді өйткені жер сілкінісі 6 5 мг талабына сай болмады
1944,"Бұл кейде адам көп болатын отбасылық жағажайлар, жағалауда көптеген дүкендері бар. Қауіпсіз жүзуге болады.",Бұл кейде адам көп болатын отбасылық жағажайлар жағалауда көптеген дүкендері бар қауіпсіз жүзуге болады.,бұл кейде адам көп болатын отбасылық жағажайлар жағалауда көптеген дүкендері бар қауіпсіз жүзуге болады,бұл кейде адам көп болатын отбасылық жағажайлар жағалауда көптеген дүкендері бар қауіпсіз жүзуге болады
1668,Сондай-ақ Wild Card картасын сатып алған пайдалы болуы мүмкін. Ол Оңтүстік Африкадағы парктарға немесе Оңтүстік Африканың барлық ұлттық парктарына кіруге мүмкіндік береді.,Сондай-ақ Уайлт Кард картасын сатып алған пайдалы болуы мүмкін. Ол Оңтүстік Африкадағы парктарға немесе Оңтүстік Африканың барлық ұлттық парктарына кіруге мүмкіндік береді.,сондай ақ wild card картасын сатып алған пайдалы болуы мүмкін ол оңтүстік африкадағы парктарға немесе оңтүстік африканың барлық ұлттық парктарына кіруге мүмкіндік береді,сондай ақ уайлт кард картасын сатып алған пайдалы болуы мүмкін ол оңтүстік африкадағы парктарға немесе оңтүстік африканың барлық ұлттық парктарына кіруге мүмкіндік береді
1932,"Басталғаннан бес минуттан кейін жел күшее бастайды, бір минуттан кейін, жел 70 км/сағ жылдамдығына жетеді... содан кейін жаңбыр келді, бірақ тамшыларының қатты және үлкен болғаны сонша, теріңізге ине сияқты шаншылады, содан кейін аспаннан бұршақ жауды, адамдар үрейленіп, айқайлады және бір бірінің үстінен өтіп жатты.","Басталғаннан 5 минуттан кейін жел күшіе бастайды, 1 минуттан кейін жел 70 км-сақ жылдамдығына жетеді. Содан кейін жаңбыр келді, бірақ тамшыларының қатты және үлкен болғаны сонша, теріңізге ине сияқты шамшылады, содан кейін аспаннан бұршын.Адамдар үрейленіп, әйқайлады және бір бірінің үстінен өтіп жатты.",басталғаннан бес минуттан кейін жел күшее бастайды бір минуттан кейін жел 70 км сағ жылдамдығына жетеді содан кейін жаңбыр келді бірақ тамшыларының қатты және үлкен болғаны сонша теріңізге ине сияқты шаншылады содан кейін аспаннан бұршақ жауды адамдар үрейленіп айқайлады және бір бірінің үстінен өтіп жатты,басталғаннан 5 минуттан кейін жел күшіе бастайды 1 минуттан кейін жел 70 км сақ жылдамдығына жетеді содан кейін жаңбыр келді бірақ тамшыларының қатты және үлкен болғаны сонша теріңізге ине сияқты шамшылады содан кейін аспаннан бұршын адамдар үрейленіп әйқайлады және бір бірінің үстінен өтіп жатты
1824,"Мысырлық өлілер алқабындағы Гиза үстіртінде немесе «Гиза некрополисінде» бірнеше пирамида (олардың ішінде ұлы пирамида ең үлкені болып табылады), бірнеше шағын саркофаг, бірнеше храм және ұлы Сфинкс бар.","Мысырлық өлілер алқауындағы гизаз түртінде немесе гиза некраполисінде бірнеше пирамида, олардың ішінде олу пирамида ең үлкені болып табылады. Бірнеше шағын сарқафа, бірнеше храм және ұлоз финксбор.",мысырлық өлілер алқабындағы гиза үстіртінде немесе гиза некрополисінде бірнеше пирамида олардың ішінде ұлы пирамида ең үлкені болып табылады бірнеше шағын саркофаг бірнеше храм және ұлы сфинкс бар,мысырлық өлілер алқауындағы гизаз түртінде немесе гиза некраполисінде бірнеше пирамида олардың ішінде олу пирамида ең үлкені болып табылады бірнеше шағын сарқафа бірнеше храм және ұлоз финксбор
1719,"Қаһарлы ауа-райы - ауыр зақым келтіретін, қоғамдық құрылымға қатты қалал келтіретін және адам өлімдеріне себеп болуы мүмкін болған кез-келген қауіпті ауа-райының құбылыстарына айтылатын ұғым.",Қақарлы ауа райы ауыр зақым келтіретін қоғамдық құрылымға қатты қалал келтіретін және адам өлімдеріне себеп болуы мүмкін болған кез-келген қауіпті ауа райының құбылыстарына айтылатын аұғым.,қаһарлы ауа райы ауыр зақым келтіретін қоғамдық құрылымға қатты қалал келтіретін және адам өлімдеріне себеп болуы мүмкін болған кез келген қауіпті ауа райының құбылыстарына айтылатын ұғым,қақарлы ауа райы ауыр зақым келтіретін қоғамдық құрылымға қатты қалал келтіретін және адам өлімдеріне себеп болуы мүмкін болған кез келген қауіпті ауа райының құбылыстарына айтылатын аұғым
1734,Ғалымдар қара материя басқа қара материяға қарапайым материя сияқты әсер етеді деп тұжырымдай алды.,"Ғалымдар қараматерия, басқа қараматерияға қарапайым материя сияқты әсер етеді деп тұжырымдай алды.",ғалымдар қара материя басқа қара материяға қарапайым материя сияқты әсер етеді деп тұжырымдай алды,ғалымдар қараматерия басқа қараматерияға қарапайым материя сияқты әсер етеді деп тұжырымдай алды
1845,Күймеде олар айқайлап жатқан және король мен патшайымға қоқан-лоққыларды айқайлап айтып жатқан адамдар тобы қоршаған күйде Парижге қайтып оралды.,Күймеде олар айқайлап жатқан және король мен патшайымға қоқан лоқыларды айқайлап айтып жатқан адамдар тобы қоршаған күйде Парижге қайтып оралды.,күймеде олар айқайлап жатқан және король мен патшайымға қоқан лоққыларды айқайлап айтып жатқан адамдар тобы қоршаған күйде парижге қайтып оралды,күймеде олар айқайлап жатқан және король мен патшайымға қоқан лоқыларды айқайлап айтып жатқан адамдар тобы қоршаған күйде парижге қайтып оралды
1843,"Данди университетінің профессоры Памела Фергюсон журналистер күдікті адамдардың фотосуреттерін жариялай отырып, өздеріне қауіп төндіретінін айтты.","Данди университетінің профессоры Памайла Фергусін журналистер күдікті адамдардың фотосуреттерін жариялай отырып, өздеріне қауіп төндіретінін айтты.",данди университетінің профессоры памела фергюсон журналистер күдікті адамдардың фотосуреттерін жариялай отырып өздеріне қауіп төндіретінін айтты,данди университетінің профессоры памайла фергусін журналистер күдікті адамдардың фотосуреттерін жариялай отырып өздеріне қауіп төндіретінін айтты
1698,Әлемдегі барлық нәрсе материядан тұрады. Материяның барлығы атомдар деп аталатын кішкентай бөлшектерден тұрады.,Әлемдегі барлығы нәрсе материядан тұрады. Материяның барлығы атомдар деп аталатын кішкентай бөлшектерден тұрады.,әлемдегі барлық нәрсе материядан тұрады материяның барлығы атомдар деп аталатын кішкентай бөлшектерден тұрады,әлемдегі барлығы нәрсе материядан тұрады материяның барлығы атомдар деп аталатын кішкентай бөлшектерден тұрады
1732,"Оқиғалар Еуропа тарихындағы 11, 12 және 13 ғасырларды қамтитын орта ғасырлардың ортаңғы кезеңінде (б.з. 1000-1300 жылдар) орын алған.","Оқиғалар Еуропаты арихындағы 11-12 және 13-ші қасырларды қамтитын ортағасырлардың ортаңғы кезеніңде, біздің заманғы 1000-ші 1300 жылдар орын алған.",оқиғалар еуропа тарихындағы 11 12 және 13 ғасырларды қамтитын орта ғасырлардың ортаңғы кезеңінде б з 1000 1300 жылдар орын алған,оқиғалар еуропаты арихындағы 11 12 және 13 ші қасырларды қамтитын ортағасырлардың ортаңғы кезеніңде біздің заманғы 1000 ші 1300 жылдар орын алған
1817,Шенген аймағы бұл тұрғыдан бір ел сияқты жұмыс істейді.,"Шеңген аймағы бұл тұрғындан, бұл тұрғыдан бір елі сияқты жұмыс істейді.",шенген аймағы бұл тұрғыдан бір ел сияқты жұмыс істейді,шеңген аймағы бұл тұрғындан бұл тұрғыдан бір елі сияқты жұмыс істейді
1876,Солтүстік Мариан аралдарындағы төтенше жағдай қызметі елде ешқандай зақым келтіретін жағдайлар орын алмады деп хабарлайды.,Солтүстік мариан аралдарындағы төтенше жағдай қызметі елде ешқандай зақым келтіретін жағдайлар орын алмады деп хабарлайды.,солтүстік мариан аралдарындағы төтенше жағдай қызметі елде ешқандай зақым келтіретін жағдайлар орын алмады деп хабарлайды,солтүстік мариан аралдарындағы төтенше жағдай қызметі елде ешқандай зақым келтіретін жағдайлар орын алмады деп хабарлайды
1838,Гизадағы Ұлы Пирамида - жеті ғажайыптың ішіндегі бүгінгі күнге дейін сақталып қалған жалғыз ғажап.,Гизадағы ұлы пирамида жетаға жайыптың ішіндегі бүгінгі күнге дейін сақталып қалған жалғыз қажап.,гизадағы ұлы пирамида жеті ғажайыптың ішіндегі бүгінгі күнге дейін сақталып қалған жалғыз ғажап,гизадағы ұлы пирамида жетаға жайыптың ішіндегі бүгінгі күнге дейін сақталып қалған жалғыз қажап
1795,"1988 жылдан бері сайлау жәшіктері мөлдір болуы керек, сонда дауыс берушілер мен бақылаушылар дауыс беру басталған кезде ешқандай хатқалталар жоқ екеніне және тиісті түрде есептелген және рұқсат етілген сайлаушылардың хатқалталарынан басқа хатқалталар қосылмағанына куәгер бола алады.","1988 жылдын бері сайлау жәшіктері мөлдір болуы керек. Сонды, дауыс бершілер мен бақылаушылар дауыс беру басталған кезде ешқандай хат қалталар жоқ екені және тиісті түрде есептелген және рұқсат етілген сайлаушылардың хат қалталарынанБасқа халталар қосылма банына көгер бола алады.",1988 жылдан бері сайлау жәшіктері мөлдір болуы керек сонда дауыс берушілер мен бақылаушылар дауыс беру басталған кезде ешқандай хатқалталар жоқ екеніне және тиісті түрде есептелген және рұқсат етілген сайлаушылардың хатқалталарынан басқа хатқалталар қосылмағанына куәгер бола алады,1988 жылдын бері сайлау жәшіктері мөлдір болуы керек сонды дауыс бершілер мен бақылаушылар дауыс беру басталған кезде ешқандай хат қалталар жоқ екені және тиісті түрде есептелген және рұқсат етілген сайлаушылардың хат қалталарынанбасқа халталар қосылма банына көгер бола алады
1813,"Барселонаның ресми тілдері болып каталан және испан тілдері табылады. Шамамен жартысы каталан тілінде сөйлеуді жөн көреді, көпшілігі оны түсінеді және барлығы дерлік испан тілінде сөйлейді.","Барселонының ресми тілдері болып каталан және испан тілдері табылады. Шамамен жартысы каталан тілінде сөйлеуді жөн көреді, көпшілігі оны түсінеді және барлығы дерлік испан тілінде сөйлейді.",барселонаның ресми тілдері болып каталан және испан тілдері табылады шамамен жартысы каталан тілінде сөйлеуді жөн көреді көпшілігі оны түсінеді және барлығы дерлік испан тілінде сөйлейді,барселонының ресми тілдері болып каталан және испан тілдері табылады шамамен жартысы каталан тілінде сөйлеуді жөн көреді көпшілігі оны түсінеді және барлығы дерлік испан тілінде сөйлейді
1802,Интернет жалпы және адамдар арасындағы байланыс элементтерін біріктіреді.,Интернет жалпы және адамдар арасындағы байланыс элементтерін біріктіреді.,интернет жалпы және адамдар арасындағы байланыс элементтерін біріктіреді,интернет жалпы және адамдар арасындағы байланыс элементтерін біріктіреді
1895,Грек тілін білу азайғаннан кейін батыс өзінің грек философиялық және ғылыми түбірлерінен бөлініп кеткенін тапты.,Грек тілін білу азайғаннан кейін батыс өзінің грек философиялық және ғылыми түбірлерінен бөлініп кеткенін тапты.,грек тілін білу азайғаннан кейін батыс өзінің грек философиялық және ғылыми түбірлерінен бөлініп кеткенін тапты,грек тілін білу азайғаннан кейін батыс өзінің грек философиялық және ғылыми түбірлерінен бөлініп кеткенін тапты
1790,"Оның жұмысы соншалықты танылған сапалы және егжей-тегжейлі болғандықтан, филателистер арасында өте аз «үй иелері атауларының » бірі болып есептеледі. Кейбіреулер өзінің жұмысын жалғыздықта жинауға маманданған.","Оның жұмысы соншалықты танылған сапалы және егжей текжайлы болғандықтан, филателистер арасында өте аз үй иелері атауларының бірі болып есеп келеді. Кейбіреулер өзінің жұмысын жалғыздықта жинауға маманданған.",оның жұмысы соншалықты танылған сапалы және егжей тегжейлі болғандықтан филателистер арасында өте аз үй иелері атауларының бірі болып есептеледі кейбіреулер өзінің жұмысын жалғыздықта жинауға маманданған,оның жұмысы соншалықты танылған сапалы және егжей текжайлы болғандықтан филателистер арасында өте аз үй иелері атауларының бірі болып есеп келеді кейбіреулер өзінің жұмысын жалғыздықта жинауға маманданған
1759,"29 жасар д-р Малар Баласубраманиан, Цинциннатиден шамамен 15 миля солтүстікке қарай орналасқан Огайо, Блю Эште табылды. Ол жолдың бойында жерде футболкада және ішкиімде жатты. Ол көп дәрі ішкен күйде болып көрінді.",29 жасар доктор малар Баласубраманиан цинцинатиден шамамен 15 миля солтүстікке қарай орналасқан Агайо «блю еште» табылды. Ол жылғын бойында жерде футболгада және ішкемде жатты. Ол көп дәрі ішкен күйде болып көрінді.«Мұзғы»,29 жасар д р малар баласубраманиан цинциннатиден шамамен 15 миля солтүстікке қарай орналасқан огайо блю эште табылды ол жолдың бойында жерде футболкада және ішкиімде жатты ол көп дәрі ішкен күйде болып көрінді,29 жасар доктор малар баласубраманиан цинцинатиден шамамен 15 миля солтүстікке қарай орналасқан агайо блю еште табылды ол жылғын бойында жерде футболгада және ішкемде жатты ол көп дәрі ішкен күйде болып көрінді мұзғы
1741,"Солтүстікте ары қарай орналасқан үлкен аумақтарда халық өте сирек қоныстанған, ал кейбіреулері елсіз дерлік жабайы жерлер.","Солтүстікте ары қарай орналасқан үлкен аумақтарда халық өте сирек қоныстанған, ал кейбіреулері елсіз дерлік жабайыз жерлер.",солтүстікте ары қарай орналасқан үлкен аумақтарда халық өте сирек қоныстанған ал кейбіреулері елсіз дерлік жабайы жерлер,солтүстікте ары қарай орналасқан үлкен аумақтарда халық өте сирек қоныстанған ал кейбіреулері елсіз дерлік жабайыз жерлер
1854,Көліктің өзі сол күні шамамен 12:00 GMT уақытында апат орнынан әкетілген.,Көліктің өзі сол күні шамамен 12.00 GMT уақытында апат орынан әкетілген.,көліктің өзі сол күні шамамен 12 00 gmt уақытында апат орнынан әкетілген,көліктің өзі сол күні шамамен 12 00 gmt уақытында апат орынан әкетілген
2003,"Гонконгтың ең жақсы көрінісін тамашалау үшін аралдан шығып, Коулун жағалауына қарай бет бұрыңыз.","Гонгконгтың ең жақсы көрінсін тамашалау үшін аралдан шығып, Колун жағалауына қарай бет бөріңіз.",гонконгтың ең жақсы көрінісін тамашалау үшін аралдан шығып коулун жағалауына қарай бет бұрыңыз,гонгконгтың ең жақсы көрінсін тамашалау үшін аралдан шығып колун жағалауына қарай бет бөріңіз
1901,"AI-дің ғылыми фантастикалық қосымша мағынасы болғанымен, AI іс-қимылды, оқытуды және машиналарда сананы қолдануды қамтитын компьютерлік ғылымның аса маңызды бір саласын құрайды.","Альдың ғылыми фантастикалық қосым шамағынасы болғанымен, әл іс қимылда, уқытыды және машиналарда сананы ұқолдануды қамтитын компьютерлік қылымның аса маңызды бір саласын құрайды.",ai дің ғылыми фантастикалық қосымша мағынасы болғанымен ai іс қимылды оқытуды және машиналарда сананы қолдануды қамтитын компьютерлік ғылымның аса маңызды бір саласын құрайды,альдың ғылыми фантастикалық қосым шамағынасы болғанымен әл іс қимылда уқытыды және машиналарда сананы ұқолдануды қамтитын компьютерлік қылымның аса маңызды бір саласын құрайды
1960,"Оның жасы 20-да болғаны хабарланды. Өз мәлімдемесінде Бибер былай деді: «ол жерде болмағаныммен әрі осы қайғылы апатқа тікелей қатысты болмағаныммен, мен құрбанның отбасы туралы ойлаймын және оларға дұғалар арнаймын.","Оның жасы жиырмада болғаны хабарланды, өз мәлімдемесінде бейбер былай деді «Ол жерде болмағаныммен әрі осы қайғылы апатқа тікелей қатысты болмағаныммен мен құрбаның отбасы тұралы ойлаймын және оларға дұғалар арңаймын».",оның жасы 20 да болғаны хабарланды өз мәлімдемесінде бибер былай деді ол жерде болмағаныммен әрі осы қайғылы апатқа тікелей қатысты болмағаныммен мен құрбанның отбасы туралы ойлаймын және оларға дұғалар арнаймын,оның жасы жиырмада болғаны хабарланды өз мәлімдемесінде бейбер былай деді ол жерде болмағаныммен әрі осы қайғылы апатқа тікелей қатысты болмағаныммен мен құрбаның отбасы тұралы ойлаймын және оларға дұғалар арңаймын
1861,"Нәтижесінде, орындаушылар сахнада каннабисті шекті және театрдың өзі аудиоторияны қосылуға шақырды.",Нәтишесінде орындаушылар сахнада канабисті шекті және театрдың өз аудиторияны қосылуға шақырды.,нәтижесінде орындаушылар сахнада каннабисті шекті және театрдың өзі аудиоторияны қосылуға шақырды,нәтишесінде орындаушылар сахнада канабисті шекті және театрдың өз аудиторияны қосылуға шақырды
1916,"Көп неміс пісірілген өнімдерінде сонымен бірге бадам, орман жаңғақтары және басқа ағаш жаңғақтары болады. Танымал торттар жиі қою кофенің саптыаяғымен өте жақсы желінеді.","Көп неміс бісілген өнімдерінде, сонымен бірге, бадам орман жаңғақтары және басқа ағаш жаңғақтары болады. Танымал торттар жиже қою кофенің сыптайағымен өте жақсы желінеді.",көп неміс пісірілген өнімдерінде сонымен бірге бадам орман жаңғақтары және басқа ағаш жаңғақтары болады танымал торттар жиі қою кофенің саптыаяғымен өте жақсы желінеді,көп неміс бісілген өнімдерінде сонымен бірге бадам орман жаңғақтары және басқа ағаш жаңғақтары болады танымал торттар жиже қою кофенің сыптайағымен өте жақсы желінеді
1866,"Біріншіден, шабандоздардың көпшілігі өкшесі және тегіс, айтарлықтай енсіз табаны бар салт жүріске арналған етікті киеді.","Бірінші дин, шабан доздардың көпшілігі өкшесі және тигіз айтарлықтай енсіз табаны бар салт жүріске арналған етіктік еді.",біріншіден шабандоздардың көпшілігі өкшесі және тегіс айтарлықтай енсіз табаны бар салт жүріске арналған етікті киеді,бірінші дин шабан доздардың көпшілігі өкшесі және тигіз айтарлықтай енсіз табаны бар салт жүріске арналған етіктік еді
1797,Әр адам қоғамға қатысады және көлік жүйелерін пайдаланады. Әркім дерлік көлік жүйелері туралы шағымданады.,"Әр адам қоғанға қатысады және көлік жүйелерін пайдаланады. Әркім, дерлік көлік жүйелері туралы шағымданады.",әр адам қоғамға қатысады және көлік жүйелерін пайдаланады әркім дерлік көлік жүйелері туралы шағымданады,әр адам қоғанға қатысады және көлік жүйелерін пайдаланады әркім дерлік көлік жүйелері туралы шағымданады
1843,"Данди университетінің профессоры Памела Фергюсон журналистер күдікті адамдардың фотосуреттерін жариялай отырып, өздеріне қауіп төндіретінін айтты.","Данди университетінің профессоры Памела Фергюсон журналистер «күдікті адамдардың фотосуреттерін жариялай» отырып, өздеріне қауіпті төндіретін айтты.",данди университетінің профессоры памела фергюсон журналистер күдікті адамдардың фотосуреттерін жариялай отырып өздеріне қауіп төндіретінін айтты,данди университетінің профессоры памела фергюсон журналистер күдікті адамдардың фотосуреттерін жариялай отырып өздеріне қауіпті төндіретін айтты
1728,Химикаттың қышқылдығы немесе сілтілігіне байланысты орамжапырақ шырынының түсі өзгереді.,Химикаттың кышқылдығы немесе сілтілігіне байланысты орам жапырақ шаранының түсі өзгереді.,химикаттың қышқылдығы немесе сілтілігіне байланысты орамжапырақ шырынының түсі өзгереді,химикаттың кышқылдығы немесе сілтілігіне байланысты орам жапырақ шаранының түсі өзгереді
1789,"Басқа аталымдар қатарына «Үздік фильм», «Режиссер», «Операторлық жұмыс», «Костюмдер дизайны», «Фильмді монтаждау», «Түпнұсқа саундтрек», «Қойылым дизайны», «Дыбысты редакциялау», «Дыбысты араластыру» және «Түпнұсқа сценарий» жатады.","Басқа аталымдар қатарына – үздік фильм, режиссер, оператарлық жұмыс кастюмдер дизайны фильмді мандажы дау түп нұсқа салынтрек қойылым дизайны дауысты редакциялы дыбысты араластыру және түп нұсқа сценарии жатады.",басқа аталымдар қатарына үздік фильм режиссер операторлық жұмыс костюмдер дизайны фильмді монтаждау түпнұсқа саундтрек қойылым дизайны дыбысты редакциялау дыбысты араластыру және түпнұсқа сценарий жатады,басқа аталымдар қатарына үздік фильм режиссер оператарлық жұмыс кастюмдер дизайны фильмді мандажы дау түп нұсқа салынтрек қойылым дизайны дауысты редакциялы дыбысты араластыру және түп нұсқа сценарии жатады
1696,"Университеттегі зерттеушілердің айтуынша, екі қосылыс бір-бірімен реакцияға түсіп, бүйрек қызметін тоқтата алатын кристалдар құрады.","Университеттегі зерттеушілердің айтуынша екі қосылыс бір бірмен реакцияға түсіп, бірі қызметін тоқтата алатын кристалдар құрады.",университеттегі зерттеушілердің айтуынша екі қосылыс бір бірімен реакцияға түсіп бүйрек қызметін тоқтата алатын кристалдар құрады,университеттегі зерттеушілердің айтуынша екі қосылыс бір бірмен реакцияға түсіп бірі қызметін тоқтата алатын кристалдар құрады
1683,"Мұнда осы уақытқа дейін осында өмір сүрген көптеген ерлер мен әйелдер, сондай-ақ жақындары қаза болған немесе соңғы демі қалғанша қызмет еткен еврей, еврей емес тірі адамдар көп.",Мұнда осы уақытқа дейін осында өмір сүрген көптеген ерлер мен әйелдер сондай-ақ жақындары қаза болған немесе соңғы демі қалғанша қызмет еткен еврей емес түрі адамдар көп.,мұнда осы уақытқа дейін осында өмір сүрген көптеген ерлер мен әйелдер сондай ақ жақындары қаза болған немесе соңғы демі қалғанша қызмет еткен еврей еврей емес тірі адамдар көп,мұнда осы уақытқа дейін осында өмір сүрген көптеген ерлер мен әйелдер сондай ақ жақындары қаза болған немесе соңғы демі қалғанша қызмет еткен еврей емес түрі адамдар көп
1782,Сондай-ақ әр династиялар арасында бөлінген провинциялардың тұрақсыз дәуірі болды. Осы кезеңдердің ең танымалсы — Хань мен Цзинь династияларының арасында 60 жыл бойы болған Үш патшалық дәуірі еді.,Сондай-ақ әр династиялар арасында бөлінген провинциялардың тұрақсыз дәуірі болды. Осы кезеңдердің ең танымалсы Ханнмен Циндинастияларының арасында 60 жыл бойы болған үш патшалық дәуірі еді.,сондай ақ әр династиялар арасында бөлінген провинциялардың тұрақсыз дәуірі болды осы кезеңдердің ең танымалсы хань мен цзинь династияларының арасында 60 жыл бойы болған үш патшалық дәуірі еді,сондай ақ әр династиялар арасында бөлінген провинциялардың тұрақсыз дәуірі болды осы кезеңдердің ең танымалсы ханнмен циндинастияларының арасында 60 жыл бойы болған үш патшалық дәуірі еді
1662,Қорытпалар негізінен екі немесе одан да көп металдардың қоспасы болып табылады. Периодты кестеде көптеген элементтер бар екенін ұмытпаңыз.,Қорытпалар негізінен екі немесе одан да көп металдардың қосбасы болып табылады. Периотты кестеде көптеген элементтер бар екенін ұмытпалыз.,қорытпалар негізінен екі немесе одан да көп металдардың қоспасы болып табылады периодты кестеде көптеген элементтер бар екенін ұмытпаңыз,қорытпалар негізінен екі немесе одан да көп металдардың қосбасы болып табылады периотты кестеде көптеген элементтер бар екенін ұмытпалыз
1745,"Өсімдіктер табиғи жағдайда жақсы көрінеді, сондықтан олардың «бір данасын» да алып тастамаңыз.","Өсімдіктер табиғи жағдайда жақсы көрінеді, сондықтан олардың бір данысында алыптастамаңыз.",өсімдіктер табиғи жағдайда жақсы көрінеді сондықтан олардың бір данасын да алып тастамаңыз,өсімдіктер табиғи жағдайда жақсы көрінеді сондықтан олардың бір данысында алыптастамаңыз
1753,"Бұл көбінесе бар болғаны дәл емес стереотип болғанымен, Парижде өмір сүрудің ең жақсы жолы – ең жақсы мінез-құлықты көрсету, жақсы тәрбиеленген адам сияқты әрекет ету. Бұл саяхаттауды айтарлықтай жеңілдетеді.","Бұл көбінесе бар болғаны дәлі мес тереотип болғанымен, парижде өмір сүрудің ең жақсы жолып, ең жақсы мінез-құлықты көрсету, жақсы тәрбиеленген адам сияқты әрекет ету. Бұл саяхаттауды айтарлықтай жеңілдетеді.",бұл көбінесе бар болғаны дәл емес стереотип болғанымен парижде өмір сүрудің ең жақсы жолы ең жақсы мінез құлықты көрсету жақсы тәрбиеленген адам сияқты әрекет ету бұл саяхаттауды айтарлықтай жеңілдетеді,бұл көбінесе бар болғаны дәлі мес тереотип болғанымен парижде өмір сүрудің ең жақсы жолып ең жақсы мінез құлықты көрсету жақсы тәрбиеленген адам сияқты әрекет ету бұл саяхаттауды айтарлықтай жеңілдетеді
1686,"Нәтижесінде, кедергіні  жеңу мақсатында бірлескен жұмысты ұйымдастыру процесі тапсырыс берушілердің қажеттіліктеріне қызмет ететін жаңа инновациялық процеске әкелуі мүмкін.",Нәтижесінде кедергіні жеңі мақсатында бірлескен жұмысты ұйымдастыру процесі тапсырыз берусілердің қажеттіліктеріне қызмет ететін жаңа инновациялық процеске әкелуі мүмкін.,нәтижесінде кедергіні жеңу мақсатында бірлескен жұмысты ұйымдастыру процесі тапсырыс берушілердің қажеттіліктеріне қызмет ететін жаңа инновациялық процеске әкелуі мүмкін,нәтижесінде кедергіні жеңі мақсатында бірлескен жұмысты ұйымдастыру процесі тапсырыз берусілердің қажеттіліктеріне қызмет ететін жаңа инновациялық процеске әкелуі мүмкін
1779,Бұл хабарландыру Трамп Түркия президенті Реджеп Тайып Ердоғанмен телефон арқылы сөйлескеннен кейін жасалды.,Бұл хабарландыру «Трамп» Түркия президенті Реджеп тайып ердағанмен телефон арқылы сөйлескеннен кейін жасалды.,бұл хабарландыру трамп түркия президенті реджеп тайып ердоғанмен телефон арқылы сөйлескеннен кейін жасалды,бұл хабарландыру трамп түркия президенті реджеп тайып ердағанмен телефон арқылы сөйлескеннен кейін жасалды
2004,"Дәл осы айда тағы бір ұшақ Мешхедтің ұшу-қону жолағын басып өтіп, қабырғаға соғылып он жеті адамды өлтірді.","Дәлесі айда тағы бір ұшақ мешкеттің шуқ онау жалағын басып өтіп, қабырғаға соғылып, он жеті адамды өлтірді.",дәл осы айда тағы бір ұшақ мешхедтің ұшу қону жолағын басып өтіп қабырғаға соғылып он жеті адамды өлтірді,дәлесі айда тағы бір ұшақ мешкеттің шуқ онау жалағын басып өтіп қабырғаға соғылып он жеті адамды өлтірді
1864,Кирчнер ханым Аргентина театрында өзінің президенттік сайлауға қатысу ниеті туралы жариялады. Ол 2005 жылғы Буэнос-Айрес провинциясының делегациясының мүшесі ретінде Сенат үшін науқанын бастау үшін дәл осы жерді пайдаланған.,"Керченер Ханым, Оргентина театрында өзінің президенттік сайлауға қатысуы ниеті туралы жариялады. Ол 2005 жылғы Буэна-Сайрыс провинциясының делегациясының үшесі ретінде сенат үшін науқанын бастау үшін дәл осы жерде пайдаланған.",кирчнер ханым аргентина театрында өзінің президенттік сайлауға қатысу ниеті туралы жариялады ол 2005 жылғы буэнос айрес провинциясының делегациясының мүшесі ретінде сенат үшін науқанын бастау үшін дәл осы жерді пайдаланған,керченер ханым оргентина театрында өзінің президенттік сайлауға қатысуы ниеті туралы жариялады ол 2005 жылғы буэна сайрыс провинциясының делегациясының үшесі ретінде сенат үшін науқанын бастау үшін дәл осы жерде пайдаланған
1764,"Келген адамдардың саны көп болғаны сонша, Сент Питер алаңындағы жерлеу процессиясына барлық адам қатыса алмады.","Келген адамдардың саны көп болғаны сонша, Сент-Питер алаңдағы жерлеу процесиясына барлығ адам қатысы алымады.",келген адамдардың саны көп болғаны сонша сент питер алаңындағы жерлеу процессиясына барлық адам қатыса алмады,келген адамдардың саны көп болғаны сонша сент питер алаңдағы жерлеу процесиясына барлығ адам қатысы алымады
1819,Ежелгі Қытайда әртүрлі уақыт мерзімдерін көрсетудің ерекше әдісі болды; Қытай тарихының әрбір кезеңі немесе билік басына келген әрбір отбасы ерекше династия болды.,Ежелгі Қытайда әртүрлі уақыт мерзімдерін көрсетудің ерекше әдісі болды. Қытай тарихының әрбір кезеңі немесе билік басына келгені әрбір отбасы ерекше династия болды.,ежелгі қытайда әртүрлі уақыт мерзімдерін көрсетудің ерекше әдісі болды қытай тарихының әрбір кезеңі немесе билік басына келген әрбір отбасы ерекше династия болды,ежелгі қытайда әртүрлі уақыт мерзімдерін көрсетудің ерекше әдісі болды қытай тарихының әрбір кезеңі немесе билік басына келгені әрбір отбасы ерекше династия болды
1761,Кейінірек дәретханаға сұранған егде жастағы әйелдің орнын фотографтар алмастырды. Мендоза атып тасталынды.,Кейінірек дәритханаға сұранған елде жастағы әйелдің. Ордың фотографтар алмастырды мендоза атып тасталынды.,кейінірек дәретханаға сұранған егде жастағы әйелдің орнын фотографтар алмастырды мендоза атып тасталынды,кейінірек дәритханаға сұранған елде жастағы әйелдің ордың фотографтар алмастырды мендоза атып тасталынды
1714,"Жерсерік ғарышқа зымыранмен жіберілді. Ғалымдар ғарышта телескоптарды пайдаланады, өйткені жердің атмосферасы біраз жарық пен көріністі бұрмалайды.","Жерсерік қарышқа зымыранмен жіберілді, халымдар қарышта телескоптарды пайдаланады, өйткені жердің атмосферасы біраз жарықпен көріністі бұрмалайды.",жерсерік ғарышқа зымыранмен жіберілді ғалымдар ғарышта телескоптарды пайдаланады өйткені жердің атмосферасы біраз жарық пен көріністі бұрмалайды,жерсерік қарышқа зымыранмен жіберілді халымдар қарышта телескоптарды пайдаланады өйткені жердің атмосферасы біраз жарықпен көріністі бұрмалайды
1889,"Ол бізге пойызды, автокөлікті және басқа да көлік құралдарын алып келді.","Ол бізге пойызды, аста көлітті және басқа да көлік құралдарын алып келді.",ол бізге пойызды автокөлікті және басқа да көлік құралдарын алып келді,ол бізге пойызды аста көлітті және басқа да көлік құралдарын алып келді
1713,"Гома жеткілікті деңгейде қауіпсіз болғанмен, Гомадан тыс аймақтарға шығудан бұрын, Солтүстік Киву провинциясындағы соғыс жағдайын түсіну үшін аздап зерттеу жүргізген дұрыс.","Гома жеткілікті деңгейде қауіпсіз болғанмен, Гомадан тылс аймақтарға шығудан бұрын, солтүстік Киву провинциясындағы соғыс жағдайын түсіну үшін аздап зерттеу жүргізген дұрыс.",гома жеткілікті деңгейде қауіпсіз болғанмен гомадан тыс аймақтарға шығудан бұрын солтүстік киву провинциясындағы соғыс жағдайын түсіну үшін аздап зерттеу жүргізген дұрыс,гома жеткілікті деңгейде қауіпсіз болғанмен гомадан тылс аймақтарға шығудан бұрын солтүстік киву провинциясындағы соғыс жағдайын түсіну үшін аздап зерттеу жүргізген дұрыс
1944,"Бұл кейде адам көп болатын отбасылық жағажайлар, жағалауда көптеген дүкендері бар. Қауіпсіз жүзуге болады.",Бұл кейде адам көп болатын отбасылық жағажайлар жағалауда көптеген дүкендері бар қауіпсіз жүзуге болады.,бұл кейде адам көп болатын отбасылық жағажайлар жағалауда көптеген дүкендері бар қауіпсіз жүзуге болады,бұл кейде адам көп болатын отбасылық жағажайлар жағалауда көптеген дүкендері бар қауіпсіз жүзуге болады
1830,Билеуші партия Оңтүстік батыс Африка халық ұйымы (SWAPO) парламенттік сайлауларда көптеген орынға ие болды.,Билелші партия оңтүстік батыс Африка Халық ұйымы SWAPO парламенттік сайлауларды көптеген орынға ие болды.,билеуші партия оңтүстік батыс африка халық ұйымы swapo парламенттік сайлауларда көптеген орынға ие болды,билелші партия оңтүстік батыс африка халық ұйымы swapo парламенттік сайлауларды көптеген орынға ие болды
1954,"Тәртіпті қорғаушылары, доппен жұмыс істеу дағдылары және тамаша командалық жұмысы оларды ерекше бөліп көрсетті және бұл ең күшті команда болатыны анық еді.","Тәртіпті қорғавушылары — Доппен, Жұмыс істеу дағылары және тамаша командалық жұмысы оларда ерекше бөліп көрсетті және бұл ең күшті командау болатына анық еді.",тәртіпті қорғаушылары доппен жұмыс істеу дағдылары және тамаша командалық жұмысы оларды ерекше бөліп көрсетті және бұл ең күшті команда болатыны анық еді,тәртіпті қорғавушылары доппен жұмыс істеу дағылары және тамаша командалық жұмысы оларда ерекше бөліп көрсетті және бұл ең күшті командау болатына анық еді
1796,Бұл шөгінді жыныстар жабайы жануарлардың мекені болған құмқайырларды және жағажайларды жасауға қажет болды.,Бұл шогынды жыныстар жабайы жануарлардың мекені болған құмқайырларды және жағажайларды жасауға қажет болды.,бұл шөгінді жыныстар жабайы жануарлардың мекені болған құмқайырларды және жағажайларды жасауға қажет болды,бұл шогынды жыныстар жабайы жануарлардың мекені болған құмқайырларды және жағажайларды жасауға қажет болды
1934,Әдетте сіз туристердің және сатушылардың дыбысын әрқашан естисіз. Дыбыс пен жарықтан тұратын хикая дәл хикая кітабы сияқты болады.,Әдетте сіз туристердің және сатушылардың дыбысын әрқашаң естисіз. Дыбыспен жарықтан тұратын хикая дәл хикая кітәбі сияқты болады.,әдетте сіз туристердің және сатушылардың дыбысын әрқашан естисіз дыбыс пен жарықтан тұратын хикая дәл хикая кітабы сияқты болады,әдетте сіз туристердің және сатушылардың дыбысын әрқашаң естисіз дыбыспен жарықтан тұратын хикая дәл хикая кітәбі сияқты болады
1795,"1988 жылдан бері сайлау жәшіктері мөлдір болуы керек, сонда дауыс берушілер мен бақылаушылар дауыс беру басталған кезде ешқандай хатқалталар жоқ екеніне және тиісті түрде есептелген және рұқсат етілген сайлаушылардың хатқалталарынан басқа хатқалталар қосылмағанына куәгер бола алады.","1988 жылдан бері сайлау жәшіктері мөлдір болуы керек, сонда дауыс берушілермен бақылаушылар дауыс беру басталған кезде ешқандай қатқалталар жоғ екеніне және тиісті төрде ерсептелген және рұқсат етілген сайлаушылардың қатқалталарынан басқа қатқалталар қосылмағанына куәгер бола алады.",1988 жылдан бері сайлау жәшіктері мөлдір болуы керек сонда дауыс берушілер мен бақылаушылар дауыс беру басталған кезде ешқандай хатқалталар жоқ екеніне және тиісті түрде есептелген және рұқсат етілген сайлаушылардың хатқалталарынан басқа хатқалталар қосылмағанына куәгер бола алады,1988 жылдан бері сайлау жәшіктері мөлдір болуы керек сонда дауыс берушілермен бақылаушылар дауыс беру басталған кезде ешқандай қатқалталар жоғ екеніне және тиісті төрде ерсептелген және рұқсат етілген сайлаушылардың қатқалталарынан басқа қатқалталар қосылмағанына куәгер бола алады
1826,"Апаттан соң Гибсон ауруханаға жеткізілді, бірақ аз уақыт өтпей қайтыс болды.","Абаттың сон Гипсын ауруханаға жеткісілді, бірақ аз уақыт өтпей қайтыс болды.",апаттан соң гибсон ауруханаға жеткізілді бірақ аз уақыт өтпей қайтыс болды,абаттың сон гипсын ауруханаға жеткісілді бірақ аз уақыт өтпей қайтыс болды
1771,"Негізгі сахналардағы музыка аяқталғанымен, фестивальдің түннің кеш уақытына дейін музыканы ойнатуды жалғастыратын бөліктері болуы мүмкін екенін есте сақтаңыз.","Негізгі сақыналардағы музыка аяқталғанымен, фестивальдың түннің кеш уақытына дейін музыканы ойнатуды жалғастыратын бөліктері болуы мүмкін екенін есте сақтаңыз.",негізгі сахналардағы музыка аяқталғанымен фестивальдің түннің кеш уақытына дейін музыканы ойнатуды жалғастыратын бөліктері болуы мүмкін екенін есте сақтаңыз,негізгі сақыналардағы музыка аяқталғанымен фестивальдың түннің кеш уақытына дейін музыканы ойнатуды жалғастыратын бөліктері болуы мүмкін екенін есте сақтаңыз
1733,Оның 78 ұсынысының біріншісі — Ирактың шекарасын дұшпандық араласудан қорғау және көршілерімен дипломатиялық қатынастарды қайта орнату үшін осы жылдың соңына дейін  жаңа дипломатиялық бастама қолға алынуы керек.,Оның 78-і ұсынысының біріншісі Ирактың шекарасын дұшпандық арылысудан қорғау және көршілер мен дипломатиялық қатынастарды қайта орнату үшін осы жылдың соңына дейін жаңа дипломатиялық бастама қолға алынуы керек.,оның 78 ұсынысының біріншісі ирактың шекарасын дұшпандық араласудан қорғау және көршілерімен дипломатиялық қатынастарды қайта орнату үшін осы жылдың соңына дейін жаңа дипломатиялық бастама қолға алынуы керек,оның 78 і ұсынысының біріншісі ирактың шекарасын дұшпандық арылысудан қорғау және көршілер мен дипломатиялық қатынастарды қайта орнату үшін осы жылдың соңына дейін жаңа дипломатиялық бастама қолға алынуы керек
1984,"Сондай-ақ массалық көлікке иелік жолдарда апаттардың көбірек болуына әкеледі, бұл зақымдалған денелерді жөндеу үшін денсаулық сақтау саласында жаңа әдістерді ойлап табуға әкеледі.",Сондай-ақ массалық көлікке иелік жолдарда апаттардың көбірек болуына әкеледі. Бұл зақымдалған денелерді жөндеу үшін дейсаулық сақтау саласында жаңа әдістерді ойлап табуға әкеледі.,сондай ақ массалық көлікке иелік жолдарда апаттардың көбірек болуына әкеледі бұл зақымдалған денелерді жөндеу үшін денсаулық сақтау саласында жаңа әдістерді ойлап табуға әкеледі,сондай ақ массалық көлікке иелік жолдарда апаттардың көбірек болуына әкеледі бұл зақымдалған денелерді жөндеу үшін дейсаулық сақтау саласында жаңа әдістерді ойлап табуға әкеледі
1983,"Өркениет сөзі латынның «civilis» сөзінен шыққан, азаматтық деген мағынаны білдіретін, ол азамат деген мағынаны білдіретін, латынша «civis» сөзімен байланысты, ал қала немесе қала-мемлекет деген мағынаны білдіретін «civitas» сөзі де бар, сонымен бірге бұл белгілі бір деңгейде қоғамның көлемін анықтайды.","Өркениет сөзі Латынның цивилис сөзінен шыққан, азаматтық деген мағынаны білдіретін, ол азамат деген мағынаны білдіретін, латынша цивес сөзімен байланысты, ал қала немесе қала мемлекет деген мағынаны білдіретін цивитас сөзіде бар, сонымен бірге бұл белгілі бір деңгейде қоғамның көлемігінен сөзі деген мағынаны білдіретін Цивитас сөзіде бар, сонымен бірге бұл белгілі бір деңгейде қоғамның көлеміген мұйнені бұлдіретін.Анықтайды.",өркениет сөзі латынның civilis сөзінен шыққан азаматтық деген мағынаны білдіретін ол азамат деген мағынаны білдіретін латынша civis сөзімен байланысты ал қала немесе қала мемлекет деген мағынаны білдіретін civitas сөзі де бар сонымен бірге бұл белгілі бір деңгейде қоғамның көлемін анықтайды,өркениет сөзі латынның цивилис сөзінен шыққан азаматтық деген мағынаны білдіретін ол азамат деген мағынаны білдіретін латынша цивес сөзімен байланысты ал қала немесе қала мемлекет деген мағынаны білдіретін цивитас сөзіде бар сонымен бірге бұл белгілі бір деңгейде қоғамның көлемігінен сөзі деген мағынаны білдіретін цивитас сөзіде бар сонымен бірге бұл белгілі бір деңгейде қоғамның көлеміген мұйнені бұлдіретін анықтайды
1842,"Динозавр қауырсынында рахис деп аталатын жақсы дамыған білік жоқ, бірақ қауырсынның басқа ерекшеліктері бар — кертіктер мен шоқша сақалдар — зерттеушілер рахис туралы олардың кейінірек эволюциялық болған деген қорытындыға келді.","Денозавр қауірсынында рахез деп аталатын шақсы дамыған білік жоқ, бірақ қауірсынның басқа ерекшеліктері бар. Кертіктер мен шоқша сақалдар терттеушілер рахистуралы олардың кейінірек эволюциялық болған деген қорытындыға келді.",динозавр қауырсынында рахис деп аталатын жақсы дамыған білік жоқ бірақ қауырсынның басқа ерекшеліктері бар кертіктер мен шоқша сақалдар зерттеушілер рахис туралы олардың кейінірек эволюциялық болған деген қорытындыға келді,денозавр қауірсынында рахез деп аталатын шақсы дамыған білік жоқ бірақ қауірсынның басқа ерекшеліктері бар кертіктер мен шоқша сақалдар терттеушілер рахистуралы олардың кейінірек эволюциялық болған деген қорытындыға келді
1739,Меккенің солтүстігіндегі таулардың біріндегі шыңда орналасқан үңгір әлемнің қалған бөліктерінен толығымен оқшауланған.,Меккенің солтүстігіндегі таулардың біріндегі шыңда орналасқам үңгір әлемнің қалған бөліктерінен толығымен оқшауланған.,меккенің солтүстігіндегі таулардың біріндегі шыңда орналасқан үңгір әлемнің қалған бөліктерінен толығымен оқшауланған,меккенің солтүстігіндегі таулардың біріндегі шыңда орналасқам үңгір әлемнің қалған бөліктерінен толығымен оқшауланған
1966,Комиссия қазан айында басталған кең тараған режимге қарсы наразылықтарға Мартеллидің жауабы болды.,Гомиссия қазан айында басталған кең тараған режимге қарсы нарызылық тарға Мартеллидің жауабы болды.,комиссия қазан айында басталған кең тараған режимге қарсы наразылықтарға мартеллидің жауабы болды,гомиссия қазан айында басталған кең тараған режимге қарсы нарызылық тарға мартеллидің жауабы болды
1681,"Дегенмен ол жалғыз емес, эксперименттер өткізу және эксперимент ықтимал гипотезалардың біреуін немесе бірнешеуін жою үшін пайдаланылатын сынақ болып табылады. Сұрақтар қою және бақылаулар жасау да ғылыми зерттеуді бағыттайды.","Дегенмен ол жалғыз емес, эксперименттер өткізу және эксперимент ықтимал гипотизалардың біреуін немесе бірнешеуін жою үшін пайдаланылатын сынақ болып табылады, сұрақтар қою және бақылаулар жасауды қылым езерттеуді бағыттайды.",дегенмен ол жалғыз емес эксперименттер өткізу және эксперимент ықтимал гипотезалардың біреуін немесе бірнешеуін жою үшін пайдаланылатын сынақ болып табылады сұрақтар қою және бақылаулар жасау да ғылыми зерттеуді бағыттайды,дегенмен ол жалғыз емес эксперименттер өткізу және эксперимент ықтимал гипотизалардың біреуін немесе бірнешеуін жою үшін пайдаланылатын сынақ болып табылады сұрақтар қою және бақылаулар жасауды қылым езерттеуді бағыттайды
1898,"«Ол [Уэльс] бізге әуел бастан-ақ өтірік айтты. Біріншіден, бұл заңды себептермен болғандай әрекет ету арқылы. Екіншіден, өзінің өнерін жойғанға дейін бізге құлақ салғандай бола қалу арқылы».","Ол өлс, бізге әуел бастан ақ өтірігі атты бірінші тен бұл заңды себептермен болғандай әрекет ету арқылы. Екінші ден өзінің өнерін жойғанға дейін бізге құлақ салғандай бола қалу арқылы.",ол уэльс бізге әуел бастан ақ өтірік айтты біріншіден бұл заңды себептермен болғандай әрекет ету арқылы екіншіден өзінің өнерін жойғанға дейін бізге құлақ салғандай бола қалу арқылы,ол өлс бізге әуел бастан ақ өтірігі атты бірінші тен бұл заңды себептермен болғандай әрекет ету арқылы екінші ден өзінің өнерін жойғанға дейін бізге құлақ салғандай бола қалу арқылы
2004,"Дәл осы айда тағы бір ұшақ Мешхедтің ұшу-қону жолағын басып өтіп, қабырғаға соғылып он жеті адамды өлтірді.","Дәл осы айда тағы бір ұшақ мешхеттің ұшы қоны жолағын басы өтір, қабырғаға соғылып, 17 адамды өлтірді.",дәл осы айда тағы бір ұшақ мешхедтің ұшу қону жолағын басып өтіп қабырғаға соғылып он жеті адамды өлтірді,дәл осы айда тағы бір ұшақ мешхеттің ұшы қоны жолағын басы өтір қабырғаға соғылып 17 адамды өлтірді
1698,Әлемдегі барлық нәрсе материядан тұрады. Материяның барлығы атомдар деп аталатын кішкентай бөлшектерден тұрады.,Әлемдегі барлық нәрсе материядан тұрады. Материяның барлығы атомдар деп аталатын кішкентай бөлшектерден тұрады.,әлемдегі барлық нәрсе материядан тұрады материяның барлығы атомдар деп аталатын кішкентай бөлшектерден тұрады,әлемдегі барлық нәрсе материядан тұрады материяның барлығы атомдар деп аталатын кішкентай бөлшектерден тұрады
1712,1966 жылдан бері Сундарбан жабайы жануарлар қорығы болған. Есептеулер бойынша қазіргі уақыта бұл аумақта 400 корольдік бенгал жолбарысы және шамамен 30 000 дақты бұғы бар.,"1966 жылдан бері, Сундар барын жабайы жануарлары қорғы болған. Есептерлер бойынша қазіргі уақытта бұл аумақта төрчес корольдік бенгал жол барысы және шамамен 30 мыңдай дақты бұғы бар.",1966 жылдан бері сундарбан жабайы жануарлар қорығы болған есептеулер бойынша қазіргі уақыта бұл аумақта 400 корольдік бенгал жолбарысы және шамамен 30 000 дақты бұғы бар,1966 жылдан бері сундар барын жабайы жануарлары қорғы болған есептерлер бойынша қазіргі уақытта бұл аумақта төрчес корольдік бенгал жол барысы және шамамен 30 мыңдай дақты бұғы бар
1914,Жиырмасыншы ғасырдағы зерттеу генетикалық вариацияның екі пулы бар екенін көрсетті: жасырын және көрінетін.,20-ші ғасырдағы зерттеугенетикылық вариацияның екі пулы бар екенін көрсетті жасырын және көрінетін.,жиырмасыншы ғасырдағы зерттеу генетикалық вариацияның екі пулы бар екенін көрсетті жасырын және көрінетін,20 ші ғасырдағы зерттеугенетикылық вариацияның екі пулы бар екенін көрсетті жасырын және көрінетін
1664,"Екі құрғақ ұнтақты араластырыңыз, содан кейін таза, ылғалды қолдармен оларды қысып, шарик жасаңыз.","Екі құрғақ ұнтақты арластырыңыз, содан кейін таза, ылғалды қолдармен, оларды қысып, шарик жасаңыз.",екі құрғақ ұнтақты араластырыңыз содан кейін таза ылғалды қолдармен оларды қысып шарик жасаңыз,екі құрғақ ұнтақты арластырыңыз содан кейін таза ылғалды қолдармен оларды қысып шарик жасаңыз
1821,Ми патологиялары мен іс-қимыл арасындағы байланыс ғалымдарды олардың зерттеулерінде қолдайды.,Ми патологияларымен іс қимыл арасындағы байланыс ғалымдарды олардың зерттеулерінде қолдайды.,ми патологиялары мен іс қимыл арасындағы байланыс ғалымдарды олардың зерттеулерінде қолдайды,ми патологияларымен іс қимыл арасындағы байланыс ғалымдарды олардың зерттеулерінде қолдайды
1779,Бұл хабарландыру Трамп Түркия президенті Реджеп Тайып Ердоғанмен телефон арқылы сөйлескеннен кейін жасалды.,Бұл хабарландыру Трамп Түркия президенті Реджап Тайбердуған мен телефон арқылы сөйлескеннен кейін жасалды.,бұл хабарландыру трамп түркия президенті реджеп тайып ердоғанмен телефон арқылы сөйлескеннен кейін жасалды,бұл хабарландыру трамп түркия президенті реджап тайбердуған мен телефон арқылы сөйлескеннен кейін жасалды
1705,"1940 жылы 15 тамызда одақтастар оңтүстік Францияға басып кірді, бұл шапқыншылық «Дракон операциясы» деген атауға ие болды.",1940 жауы 15 тамызда одақтастар оңтүстік францияға басып кірді. Бұл шапқыншылық «DRACON» операциясы деген атауға ие болды.,1940 жылы 15 тамызда одақтастар оңтүстік францияға басып кірді бұл шапқыншылық дракон операциясы деген атауға ие болды,1940 жауы 15 тамызда одақтастар оңтүстік францияға басып кірді бұл шапқыншылық dracon операциясы деген атауға ие болды
1962,pН деңгейі химиялық құрамдағы сутегі (рН ішіндегі H) иондарының мөлшерімен көрсетіледі.,Пиаж деңгейі химиялық құрамдағы сутегі пиаж ішіндегі аш еондарының мүлшерімен көрсетіледі.,pн деңгейі химиялық құрамдағы сутегі рн ішіндегі h иондарының мөлшерімен көрсетіледі,пиаж деңгейі химиялық құрамдағы сутегі пиаж ішіндегі аш еондарының мүлшерімен көрсетіледі
1980,"Өкінішке орай, жол қозғалысы ағынын зерттеу қиын, өйткені жүргізушінің мінез-құлқын жүз пайыз сенімділікпен болжау мүмкін емес.","Өкінішке орай, жол қозғалысы ағынын дертеу қиын, өйткені жүргізішінің мүнес қылқын 100 пайыз семнімділікпен жолдау мүмкін емес.",өкінішке орай жол қозғалысы ағынын зерттеу қиын өйткені жүргізушінің мінез құлқын жүз пайыз сенімділікпен болжау мүмкін емес,өкінішке орай жол қозғалысы ағынын дертеу қиын өйткені жүргізішінің мүнес қылқын 100 пайыз семнімділікпен жолдау мүмкін емес
1789,"Басқа аталымдар қатарына «Үздік фильм», «Режиссер», «Операторлық жұмыс», «Костюмдер дизайны», «Фильмді монтаждау», «Түпнұсқа саундтрек», «Қойылым дизайны», «Дыбысты редакциялау», «Дыбысты араластыру» және «Түпнұсқа сценарий» жатады.",Басқа аталымдар қатарына үздік фильм режиссер оператарлық жұмыс костюмдер дизайны фильмді монтаждау түпнұсқа сауынтрек қойылым дизайны дыбысты редакциялау дыбысты араластыру және түпнұсқа сценария жатады.,басқа аталымдар қатарына үздік фильм режиссер операторлық жұмыс костюмдер дизайны фильмді монтаждау түпнұсқа саундтрек қойылым дизайны дыбысты редакциялау дыбысты араластыру және түпнұсқа сценарий жатады,басқа аталымдар қатарына үздік фильм режиссер оператарлық жұмыс костюмдер дизайны фильмді монтаждау түпнұсқа сауынтрек қойылым дизайны дыбысты редакциялау дыбысты араластыру және түпнұсқа сценария жатады
1721,"1963 жылы тоған салынғаннан кейін, тасындылардың жайылуына себеп болатын маусымдық су тасқыны тоқтатылды.",1963 жылы тоған салынғаннан кейін тасындылардың жайылына себеп болатын маусымдық су тасқына тоқтатылды.,1963 жылы тоған салынғаннан кейін тасындылардың жайылуына себеп болатын маусымдық су тасқыны тоқтатылды,1963 жылы тоған салынғаннан кейін тасындылардың жайылына себеп болатын маусымдық су тасқына тоқтатылды
1793,"Егер сіз ауыл жолдарында көлікпен жүруге дағдыланбаған болсаңыз, мынаған дайын болыңыз: тік еңістер, тар жолдар және кенет бұрылыстар басым болады.","Егер сіз ауыл жолдарында көлікпен жүруге дағыланбаған болсаңыз, анаған дайын болыңыз, тік еңістер тар жолдар және кенет бұрылыстар басым болады.",егер сіз ауыл жолдарында көлікпен жүруге дағдыланбаған болсаңыз мынаған дайын болыңыз тік еңістер тар жолдар және кенет бұрылыстар басым болады,егер сіз ауыл жолдарында көлікпен жүруге дағыланбаған болсаңыз анаған дайын болыңыз тік еңістер тар жолдар және кенет бұрылыстар басым болады
1768,Кешеннің жиектеріндегі ғимараттардың көпшілігі туристерге басында қалай пайда болғаны туралы жақсырақ түсінік беру үшін қайта соғылды.,Кешеннің жиектеріндегі ғимараттардың көпшілігі туристерге басында қалай пайда болғаны туралы жақсырақ түсінік беру үшін қайта соғылды.,кешеннің жиектеріндегі ғимараттардың көпшілігі туристерге басында қалай пайда болғаны туралы жақсырақ түсінік беру үшін қайта соғылды,кешеннің жиектеріндегі ғимараттардың көпшілігі туристерге басында қалай пайда болғаны туралы жақсырақ түсінік беру үшін қайта соғылды
1792,Бұл химиялық рН деп аталады. Қызыл қырыққабат шырынын пайдаланып индикатор жасай аласыз.,Бұл химиялық «PH» деп аталады. Қызылы қырқ қабат шырынын пайдаланып индикатер жасай аласыз.,бұл химиялық рн деп аталады қызыл қырыққабат шырынын пайдаланып индикатор жасай аласыз,бұл химиялық ph деп аталады қызылы қырқ қабат шырынын пайдаланып индикатер жасай аласыз
1868,"Спектрдің екінші жағында адам бейтаныс адамға айналады, ол топ орындайтын барлық әрекеттерді өзгертіп, оны өз бетінше жасау керек деп санайды.","Спектрдің екінші жағында адам бейтаныс адамға айналады. Ол топ орындайтын барлық әрекеттерді өзгер тіп, оны өз бетінше жасау керектеп санайды.",спектрдің екінші жағында адам бейтаныс адамға айналады ол топ орындайтын барлық әрекеттерді өзгертіп оны өз бетінше жасау керек деп санайды,спектрдің екінші жағында адам бейтаныс адамға айналады ол топ орындайтын барлық әрекеттерді өзгер тіп оны өз бетінше жасау керектеп санайды
1773,Ұйқының үзілуі — қалыпты ұйқы кезеңінде мақсатпен оянудың және кейінірек қысқа уақытқа (10-60 минут) ұйықтау процесі.,Ұйқының үзілуі қалыпты ұйқы үйқы кезеңінде мақсатпен ояудың және кейінірек қысқа уақытта 16 минут ұйықтау процесі.,ұйқының үзілуі қалыпты ұйқы кезеңінде мақсатпен оянудың және кейінірек қысқа уақытқа 10 60 минут ұйықтау процесі,ұйқының үзілуі қалыпты ұйқы үйқы кезеңінде мақсатпен ояудың және кейінірек қысқа уақытта 16 минут ұйықтау процесі
1911,"Осы сияқты, шенген визаңыз болса, шенгенге мүше елдердің әрқайсысына визаға бөлек өтінім беру қажет болмайды, осылайша сіз уақытты, ақшаны үнемдейсіз және құжаттармен жұмыс азырақ болады.","Осы сияқты шеңген визаңыз болса, шеңгенген мүші елдер нәрқайсына визаға бөлек өтінім беру қажет болмайды, осылайша сіз уақытты ақшана үнемдейсіз және құжаттармен жұмыс азырық болат.",осы сияқты шенген визаңыз болса шенгенге мүше елдердің әрқайсысына визаға бөлек өтінім беру қажет болмайды осылайша сіз уақытты ақшаны үнемдейсіз және құжаттармен жұмыс азырақ болады,осы сияқты шеңген визаңыз болса шеңгенген мүші елдер нәрқайсына визаға бөлек өтінім беру қажет болмайды осылайша сіз уақытты ақшана үнемдейсіз және құжаттармен жұмыс азырық болат
1710,"Өткен аптада METI ұйымы оған Apple компаниясы қызып кетудің 34 қосымша инциденті туралы хабарлағанын жариялады, Apple компаниясы оларды «ауыр емес» деп атады.",Өткен аттада MITI ұйымы оған Apple компаниясы қызып кетудің 34 қосымша инциденті туралы хабарлаған жариялады Apple компания соғыларды ауремес деп атады.,өткен аптада meti ұйымы оған apple компаниясы қызып кетудің 34 қосымша инциденті туралы хабарлағанын жариялады apple компаниясы оларды ауыр емес деп атады,өткен аттада miti ұйымы оған apple компаниясы қызып кетудің 34 қосымша инциденті туралы хабарлаған жариялады apple компания соғыларды ауремес деп атады
1963,"Дымқыл киімді үтіктеу киімнің кебуіне көмектеседі. Көп қонақ үйлерде, тіпті бөлмеде болмаса да, ала тұруға болатын үтік және үтіктеу тақтасы болады.","Дымқыл киімді үтіктеу киімнің кебуіне көмектеседі. Көп қонақ үйлерде тіпті бөлмеде болмаса да, ала тұруға болатын үтік және үтіктеу тақтасы болады.",дымқыл киімді үтіктеу киімнің кебуіне көмектеседі көп қонақ үйлерде тіпті бөлмеде болмаса да ала тұруға болатын үтік және үтіктеу тақтасы болады,дымқыл киімді үтіктеу киімнің кебуіне көмектеседі көп қонақ үйлерде тіпті бөлмеде болмаса да ала тұруға болатын үтік және үтіктеу тақтасы болады
1834,"Сонымен қатар солтүстігінде бүкіл әлемге әйгілі Мариан ғажабының орны болған, Фатимадағы Әйел ғибадатханасына барыңыз.",Сонымен қатар солтүстігінде бүкін әлемге әйгілі марианға жабының орыны болған. Фотемадағы әйел ғибадатханасына барыңыз.,сонымен қатар солтүстігінде бүкіл әлемге әйгілі мариан ғажабының орны болған фатимадағы әйел ғибадатханасына барыңыз,сонымен қатар солтүстігінде бүкін әлемге әйгілі марианға жабының орыны болған фотемадағы әйел ғибадатханасына барыңыз
1932,"Басталғаннан бес минуттан кейін жел күшее бастайды, бір минуттан кейін, жел 70 км/сағ жылдамдығына жетеді... содан кейін жаңбыр келді, бірақ тамшыларының қатты және үлкен болғаны сонша, теріңізге ине сияқты шаншылады, содан кейін аспаннан бұршақ жауды, адамдар үрейленіп, айқайлады және бір бірінің үстінен өтіп жатты.","Басталғаннан 5 минуттан кейін жел күшее бастайды, 1 минуттан кейін жел 70 км-сағ жылдамдығына жетеді. Содан кейін жаңбыр келді, бірақ тамшыларының қатты және үлкен болған сонша теріңізге ине сияқты шаншылады, содан кейін аспаннан бассталғаннан жылдамдығына жетеді. Содан кейін жаңбыр келді, бірақ тамшыларының қатты және үлкен болған сонша теріңізге ине сияқты шаншылады. Содан кейін аспаннан бұлғаннан бұлғаннан сонша теріңізге инес енес ес бұлғаннан сонша теріңізге инес енс бұлғаннан бұлғаннан сонша теріңізге бұлғаннан сонша теріңізге бұлғаннаннан бұлғаннаннан бұлғаннаннан сонша теріҙнұнғаннаннан бұлғаннаннаннан бұлұнаннаннаннаннан бұлұнаннаннаннаннаннанн аБір шақ жауды, адамдар үрейленіп, айғайлады және бір-бірінің үстінен етіп, өтіп жатты.",басталғаннан бес минуттан кейін жел күшее бастайды бір минуттан кейін жел 70 км сағ жылдамдығына жетеді содан кейін жаңбыр келді бірақ тамшыларының қатты және үлкен болғаны сонша теріңізге ине сияқты шаншылады содан кейін аспаннан бұршақ жауды адамдар үрейленіп айқайлады және бір бірінің үстінен өтіп жатты,басталғаннан 5 минуттан кейін жел күшее бастайды 1 минуттан кейін жел 70 км сағ жылдамдығына жетеді содан кейін жаңбыр келді бірақ тамшыларының қатты және үлкен болған сонша теріңізге ине сияқты шаншылады содан кейін аспаннан бассталғаннан жылдамдығына жетеді содан кейін жаңбыр келді бірақ тамшыларының қатты және үлкен болған сонша теріңізге ине сияқты шаншылады содан кейін аспаннан бұлғаннан бұлғаннан сонша теріңізге инес енес ес бұлғаннан сонша теріңізге инес енс бұлғаннан бұлғаннан сонша теріңізге бұлғаннан сонша теріңізге бұлғаннаннан бұлғаннаннан бұлғаннаннан сонша теріҙнұнғаннаннан бұлғаннаннаннан бұлұнаннаннаннаннан бұлұнаннаннаннаннаннанн абір шақ жауды адамдар үрейленіп айғайлады және бір бірінің үстінен етіп өтіп жатты
1783,"Аймақтық және маусымдық ауа райы құбылыстары қарлы борандарды, мұзды борандарды және шаң дауылдарын қамтиды.","Аймақтық және маусымдық ауа райы қобылыстары қарлы борандарды, мұзды борандарды және шаң дауылдарын қамтиды.",аймақтық және маусымдық ауа райы құбылыстары қарлы борандарды мұзды борандарды және шаң дауылдарын қамтиды,аймақтық және маусымдық ауа райы қобылыстары қарлы борандарды мұзды борандарды және шаң дауылдарын қамтиды
1831,"Плитвиц көлдері ұлттық паркін қалың орман жапқан. Орман негізінен қайың, шырша және майқарағай ағаштарынан тұрады. Орманда альпылық және жерортатеңіздік өсімдіктер аралас өседі.","Плетвиц көлдері ұлттық паркын қағын орман жапқан. Орман негізінен қайын, шырша және май қарағайқаштарынан тұрады. Орманда альбылық және жер орта теңіздік өсімдіктер аралас өседі.",плитвиц көлдері ұлттық паркін қалың орман жапқан орман негізінен қайың шырша және майқарағай ағаштарынан тұрады орманда альпылық және жерортатеңіздік өсімдіктер аралас өседі,плетвиц көлдері ұлттық паркын қағын орман жапқан орман негізінен қайын шырша және май қарағайқаштарынан тұрады орманда альбылық және жер орта теңіздік өсімдіктер аралас өседі
1912,Кішірек аралдардың көпшілігі тәуелсіз ұлттар болып табылады немесе Франциямен байланысты және қымбат жағажай курорттары ретінде белгілі.,Кішірек аралдардың көпшілігі тәуелсіз ұлттар болып табылады немесе Франция мен байланысты және қымбат жағажай курорттары ретінде белгілі.,кішірек аралдардың көпшілігі тәуелсіз ұлттар болып табылады немесе франциямен байланысты және қымбат жағажай курорттары ретінде белгілі,кішірек аралдардың көпшілігі тәуелсіз ұлттар болып табылады немесе франция мен байланысты және қымбат жағажай курорттары ретінде белгілі
1923,Әскерилерге және азаматтарға қажет заттардың қамтамасыз етілуін тоқтатқан бұл стратегия тиімді болып шықты. Дегенмен бұл блокада өткен екі ғасырдағы бірнеше халықаралық келісімде жазылған жалпы қабылданған халықаралық заңды бұзды.,"Әскерейлерге және азаматтарға қажет заттардың қамтамасы етілуін тоқтатқан бұл стратегия тиімді болып шықды, дегенмен бұл бұлакада өткен екі ғасырдағы бірнеше халықаралық келісімде жазылған жалпы қабылдаңған халықаралық заңды бұзды.",әскерилерге және азаматтарға қажет заттардың қамтамасыз етілуін тоқтатқан бұл стратегия тиімді болып шықты дегенмен бұл блокада өткен екі ғасырдағы бірнеше халықаралық келісімде жазылған жалпы қабылданған халықаралық заңды бұзды,әскерейлерге және азаматтарға қажет заттардың қамтамасы етілуін тоқтатқан бұл стратегия тиімді болып шықды дегенмен бұл бұлакада өткен екі ғасырдағы бірнеше халықаралық келісімде жазылған жалпы қабылдаңған халықаралық заңды бұзды
1879,"Жаңа бірдеңе пайда боғланда, пернетақта неге айналатыны туралы болжамдар жасауға ғана болады.","Жаңа бірдеңе пайда болғыланда, пернетақта неге айналатыны туралы болжамдар жасауға ғана болады.",жаңа бірдеңе пайда боғланда пернетақта неге айналатыны туралы болжамдар жасауға ғана болады,жаңа бірдеңе пайда болғыланда пернетақта неге айналатыны туралы болжамдар жасауға ғана болады
1815,Атомдық бомба көп протондар мен нейтрондар арқылы ядро ​​құру үшін энергия алуы принципі бойынша жұмыс істейді.,Атомдық бомба көп протондар мен нейтрондар арқылы ядра құру үшін энергия алуы принципа бойынша жұмыс істейді.,атомдық бомба көп протондар мен нейтрондар арқылы ядро ​​құру үшін энергия алуы принципі бойынша жұмыс істейді,атомдық бомба көп протондар мен нейтрондар арқылы ядра құру үшін энергия алуы принципа бойынша жұмыс істейді
1762,"Бұл ауру шошқаларда болады, содан кейін ол масалар арқылы адамдарға өтеді.","Бұл ауру шосқаларда болады, содан кейін ол масалар арқылы адамдарғы өтеді.",бұл ауру шошқаларда болады содан кейін ол масалар арқылы адамдарға өтеді,бұл ауру шосқаларда болады содан кейін ол масалар арқылы адамдарғы өтеді
1673,"Тәуелсіздік үшін соғыс кезінде он үш штат алдымен әлсіз орталық үкіметін құрды, Конфедерация баптары бойынша Конгресс оның жалғыз құрамдасы еді.",Тәуелсіздік үшін соғыс кезінде 13 ұштат алдымен әлсіз орталық үкіметін құрды. Конфедрация баптары бойынша конгрессоның жалғыз құрамдасы еді.,тәуелсіздік үшін соғыс кезінде он үш штат алдымен әлсіз орталық үкіметін құрды конфедерация баптары бойынша конгресс оның жалғыз құрамдасы еді,тәуелсіздік үшін соғыс кезінде 13 ұштат алдымен әлсіз орталық үкіметін құрды конфедрация баптары бойынша конгрессоның жалғыз құрамдасы еді
1958,"Бұл қала елдің қалған қалаларынан өте ерекше, өйткені онда африкандықтан ерекшеліктерден гөрі араб ерекшеліктері көбірек.","Бұл қала елдің қалған қалаларынан өте елікше, өйткені онда африкандықтан ерекшеліктерден гөрі араб елікшеліктері көбірек.",бұл қала елдің қалған қалаларынан өте ерекше өйткені онда африкандықтан ерекшеліктерден гөрі араб ерекшеліктері көбірек,бұл қала елдің қалған қалаларынан өте елікше өйткені онда африкандықтан ерекшеліктерден гөрі араб елікшеліктері көбірек
1979,"Фолкленд аралының ресми валютасы - Фолкленд фунты (FKP), оның құны Британдық бір фунтқа (GBP) теңестірілген.","Falckwind аралымның ресми валютасы Falckwind фунт ФКП, оның қыны британдық бір фунтқа GDPP теңестірілген.",фолкленд аралының ресми валютасы фолкленд фунты fkp оның құны британдық бір фунтқа gbp теңестірілген,falckwind аралымның ресми валютасы falckwind фунт фкп оның қыны британдық бір фунтқа gdpp теңестірілген
1689,"Еуропа — салыстырмалы түрде шағын, бірақ көп тәуелсіз елдері бар континент. Қалыпты жағдайларда, бірнеше ел арқылы саяхаттасаңыз, визаға өтінімдер беру және бірнеше рет төлқұжатты тексеруден өту керектігін білдіретін еді.","Еуропа салыстырмалы түрде шағын, бірақ көп тәуелсіз елдері бар континент. Қалыпты жағдайларда бірнеше ел арқылы саяхаттасаңыз, визаға өтінімдер беру және бірнеше рет төл құжатты тексеруден өту керектігін білдіретін еді.",еуропа салыстырмалы түрде шағын бірақ көп тәуелсіз елдері бар континент қалыпты жағдайларда бірнеше ел арқылы саяхаттасаңыз визаға өтінімдер беру және бірнеше рет төлқұжатты тексеруден өту керектігін білдіретін еді,еуропа салыстырмалы түрде шағын бірақ көп тәуелсіз елдері бар континент қалыпты жағдайларда бірнеше ел арқылы саяхаттасаңыз визаға өтінімдер беру және бірнеше рет төл құжатты тексеруден өту керектігін білдіретін еді
1958,"Бұл қала елдің қалған қалаларынан өте ерекше, өйткені онда африкандықтан ерекшеліктерден гөрі араб ерекшеліктері көбірек.","Бұл қала елдің қалған қаналарынан өте ерекше, өйткені онда африкандықтан ерекшеліктерден гөрі араб ерекшеліктері көбірек.",бұл қала елдің қалған қалаларынан өте ерекше өйткені онда африкандықтан ерекшеліктерден гөрі араб ерекшеліктері көбірек,бұл қала елдің қалған қаналарынан өте ерекше өйткені онда африкандықтан ерекшеліктерден гөрі араб ерекшеліктері көбірек
1803,"Сіздің қолыңыздағы ылғал сыртқы қабаттармен өзара әрекетке түсіп, біртүрлі сезіледі және қорғаныс қабығын түзеді.",Сіздің қолыңыздағы ылғал сыртқа қабаттармен өзірі әрекетке түсі бір түрлі сезіледі және қорғаныз қабығын түзеді.,сіздің қолыңыздағы ылғал сыртқы қабаттармен өзара әрекетке түсіп біртүрлі сезіледі және қорғаныс қабығын түзеді,сіздің қолыңыздағы ылғал сыртқа қабаттармен өзірі әрекетке түсі бір түрлі сезіледі және қорғаныз қабығын түзеді
1702,Бар болғаны екі аптада американдықтар және еркін француз күштері оңтүстік Францияны босатты және Германияға қарай бұрылып жатты.,Бар болғаны екі аптада американдықтар және еркін француз күштері оңтүстік Францияны босатты және Германияға қарай бұрылып жатты.,бар болғаны екі аптада американдықтар және еркін француз күштері оңтүстік францияны босатты және германияға қарай бұрылып жатты,бар болғаны екі аптада американдықтар және еркін француз күштері оңтүстік францияны босатты және германияға қарай бұрылып жатты
1900,"іс жүзінде, тіпті адам оның бар екенін білсе де, оны табу оңай емес. Үңгірге түскеннен кейін толығымен оқшауланасыз.","Іс жүзінде тіпті адам оның бар екенін білсе де оны табу оңай емес, үңгілге түскеннен кейін толығымен оқшауланасыз.",іс жүзінде тіпті адам оның бар екенін білсе де оны табу оңай емес үңгірге түскеннен кейін толығымен оқшауланасыз,іс жүзінде тіпті адам оның бар екенін білсе де оны табу оңай емес үңгілге түскеннен кейін толығымен оқшауланасыз
1873,"Ер адамдардан бас тартқанда берік болыңыз және өз пікіріңізден таймаңыз (мәдени айырмашылықтар болсын-болмасын, бұл дұрыс емес!).",Ер адамдардан бас тартқанда берік болыңыз және өз бігіріңізден таймаңыз мәдени айырмашылықтар болсын болмасын дұрыс емес.,ер адамдардан бас тартқанда берік болыңыз және өз пікіріңізден таймаңыз мәдени айырмашылықтар болсын болмасын бұл дұрыс емес,ер адамдардан бас тартқанда берік болыңыз және өз бігіріңізден таймаңыз мәдени айырмашылықтар болсын болмасын дұрыс емес
1858,БҰҰ аурулар бойынша сарапшысы Даниель Лантанның айтуы бойынша аурудың өршуіне бейбітшілдер себеп болған болуы мүмкін.,Бірке ұлттар ұйымы аурулар бойынша сарапшысы Дениал Лантаның айты обайынша ауырыдың өршуіне бейбетшілдер себеп болған болуы мүмкін.,бұұ аурулар бойынша сарапшысы даниель лантанның айтуы бойынша аурудың өршуіне бейбітшілдер себеп болған болуы мүмкін,бірке ұлттар ұйымы аурулар бойынша сарапшысы дениал лантаның айты обайынша ауырыдың өршуіне бейбетшілдер себеп болған болуы мүмкін
1793,"Егер сіз ауыл жолдарында көлікпен жүруге дағдыланбаған болсаңыз, мынаған дайын болыңыз: тік еңістер, тар жолдар және кенет бұрылыстар басым болады.","Егер сіз ауыл жолдарында көлікпен жүруге дағдыланбаған болсаңыз, мынаған дайын болыңыз. Дік еңістер, тар жолдар және кеңет бұрылыздар басым болады.",егер сіз ауыл жолдарында көлікпен жүруге дағдыланбаған болсаңыз мынаған дайын болыңыз тік еңістер тар жолдар және кенет бұрылыстар басым болады,егер сіз ауыл жолдарында көлікпен жүруге дағдыланбаған болсаңыз мынаған дайын болыңыз дік еңістер тар жолдар және кеңет бұрылыздар басым болады
1787,Блоггинг — бірлесіп жұмыс істеуге шабыттандыратын және оқушыларды дәстүрлі мектеп күнінен кеңейтуге ынталандыратын құрал.,Блогинг бірлесіп жұмыс істеуге шабыттандыратын және уқышыларды дәстүрлі мектеп күнін кеңейтуге ынталандыратын құрал.,блоггинг бірлесіп жұмыс істеуге шабыттандыратын және оқушыларды дәстүрлі мектеп күнінен кеңейтуге ынталандыратын құрал,блогинг бірлесіп жұмыс істеуге шабыттандыратын және уқышыларды дәстүрлі мектеп күнін кеңейтуге ынталандыратын құрал
1727,Баспанасыз балалар тастап кеткенге немесе қашып кеткенге дейін балаларға қарсы зорлық-зомбылықты көрген немесе жанжарақатын алған болуы мүмкін.,Баспанасыз балалар тастап кеткен немесе қашып кеткенде дейін балаларғы қарсы зорлық зонбылықты көрген немесе жанжарлықты алған болуы мүмкін.,баспанасыз балалар тастап кеткенге немесе қашып кеткенге дейін балаларға қарсы зорлық зомбылықты көрген немесе жанжарақатын алған болуы мүмкін,баспанасыз балалар тастап кеткен немесе қашып кеткенде дейін балаларғы қарсы зорлық зонбылықты көрген немесе жанжарлықты алған болуы мүмкін
1807,"Итальян тілі мемлекетте жұмыс істейтіндердің көпшілігі қолданатын күнделікті тілі, ал латын тілі діни рәсімдерде жиі қолданылады.","Итальян тілі мемлекетте жұмыс істейтінде дүң көпшілігі қолданатын күнделікті тілі, аллатын тілі діни рәсімдерге жиі қолданылады.",итальян тілі мемлекетте жұмыс істейтіндердің көпшілігі қолданатын күнделікті тілі ал латын тілі діни рәсімдерде жиі қолданылады,итальян тілі мемлекетте жұмыс істейтінде дүң көпшілігі қолданатын күнделікті тілі аллатын тілі діни рәсімдерге жиі қолданылады
1681,"Дегенмен ол жалғыз емес, эксперименттер өткізу және эксперимент ықтимал гипотезалардың біреуін немесе бірнешеуін жою үшін пайдаланылатын сынақ болып табылады. Сұрақтар қою және бақылаулар жасау да ғылыми зерттеуді бағыттайды.","Дегенмен ол жалғыз емес, экспериментер өткізу және эксперимент ықтимал кипотезаларының біреуін немесе бірнешеуін жұйу үшін пайдаланатын сынақ болып табылады. Сұрақтар қою және бақылаулар жасауда ғолми зерттеуді бақыттайды.",дегенмен ол жалғыз емес эксперименттер өткізу және эксперимент ықтимал гипотезалардың біреуін немесе бірнешеуін жою үшін пайдаланылатын сынақ болып табылады сұрақтар қою және бақылаулар жасау да ғылыми зерттеуді бағыттайды,дегенмен ол жалғыз емес экспериментер өткізу және эксперимент ықтимал кипотезаларының біреуін немесе бірнешеуін жұйу үшін пайдаланатын сынақ болып табылады сұрақтар қою және бақылаулар жасауда ғолми зерттеуді бақыттайды
1690,"USOC ұйымының атлеттердің және клубтардың әрі олардың спорт түрлерінің мүдделеріне лицензиядан айыру орнына, ұйымымызда мағыналы өзгеріс жасау арқылы жақсырақ қызмет көрсетуге болатынымен келіседі.",У сок ұйымының атлеттерінің және клубтардың әрі олардың спорт түрлерінің мүделеріне лицензиядың айыру ордыныны ұйымдастырды мағыналы өзгеріс жасалу арқылы жақсырақ қызмет көрсетуге болатынымен келісейді.,usoc ұйымының атлеттердің және клубтардың әрі олардың спорт түрлерінің мүдделеріне лицензиядан айыру орнына ұйымымызда мағыналы өзгеріс жасау арқылы жақсырақ қызмет көрсетуге болатынымен келіседі,у сок ұйымының атлеттерінің және клубтардың әрі олардың спорт түрлерінің мүделеріне лицензиядың айыру ордыныны ұйымдастырды мағыналы өзгеріс жасалу арқылы жақсырақ қызмет көрсетуге болатынымен келісейді
1727,Баспанасыз балалар тастап кеткенге немесе қашып кеткенге дейін балаларға қарсы зорлық-зомбылықты көрген немесе жанжарақатын алған болуы мүмкін.,Баспанасыз балалар тастап кеткенге немесе қашып кеткенге дейін балаларға қарсы зорлығ зонбылықты көлген немесе жан жарақатын алған болуы мүмкін.,баспанасыз балалар тастап кеткенге немесе қашып кеткенге дейін балаларға қарсы зорлық зомбылықты көрген немесе жанжарақатын алған болуы мүмкін,баспанасыз балалар тастап кеткенге немесе қашып кеткенге дейін балаларға қарсы зорлығ зонбылықты көлген немесе жан жарақатын алған болуы мүмкін
1691,"Кейбір маршруттарда үлкенірек компаниялардың өз ұшақтары бар, бірақ басқа маршруттарда және кішірек фирмаларда мәселе болған.","Кейбір маршруттарда үлкенірек компаниялардың өз шақтары бар, бірақ басқа маршруттарда және кішірек фирмаларда мәселе болған.",кейбір маршруттарда үлкенірек компаниялардың өз ұшақтары бар бірақ басқа маршруттарда және кішірек фирмаларда мәселе болған,кейбір маршруттарда үлкенірек компаниялардың өз шақтары бар бірақ басқа маршруттарда және кішірек фирмаларда мәселе болған
1686,"Нәтижесінде, кедергіні  жеңу мақсатында бірлескен жұмысты ұйымдастыру процесі тапсырыс берушілердің қажеттіліктеріне қызмет ететін жаңа инновациялық процеске әкелуі мүмкін.",Нәтижесінде кедергіні жеңу мақсатында бірлескен жұмысты ұйымдасыру процесі тапсырыс берушілердің қажеттіліктеріне қызмет ететін жаңа инновациялық процеске әкелуі мүмкін.,нәтижесінде кедергіні жеңу мақсатында бірлескен жұмысты ұйымдастыру процесі тапсырыс берушілердің қажеттіліктеріне қызмет ететін жаңа инновациялық процеске әкелуі мүмкін,нәтижесінде кедергіні жеңу мақсатында бірлескен жұмысты ұйымдасыру процесі тапсырыс берушілердің қажеттіліктеріне қызмет ететін жаңа инновациялық процеске әкелуі мүмкін
1723,"Бұл портта 1889 жылы әскери-теңіз флоттарының қайғылы қарама-қарсы келуі болған. Германияның, АҚШ-тың және Британияның жеті кемесі порттан кетуден бас тартқан.",Бұл портта 1889 жылы әскери-теңіз флоттарының қайғалы қарама-қарсы келуі болған. Германияның АҚШ-тың және Британияның жеті кемесі порттан кетуден бас тартқан.,бұл портта 1889 жылы әскери теңіз флоттарының қайғылы қарама қарсы келуі болған германияның ақш тың және британияның жеті кемесі порттан кетуден бас тартқан,бұл портта 1889 жылы әскери теңіз флоттарының қайғалы қарама қарсы келуі болған германияның ақш тың және британияның жеті кемесі порттан кетуден бас тартқан
1998,"Олардың қабыршақтары мен тырнақтары бар аяқтары бар, олар жұмыртқалайды және олар тиранозавр сияқты екі артқы аяғында жүреді.",Олардың қабір шақтары мен тырнақтары бар аяқтары бар. Олар жұмыртқалайды және олар денарназап раяқты екі артқа аяғында жүреді.,олардың қабыршақтары мен тырнақтары бар аяқтары бар олар жұмыртқалайды және олар тиранозавр сияқты екі артқы аяғында жүреді,олардың қабір шақтары мен тырнақтары бар аяқтары бар олар жұмыртқалайды және олар денарназап раяқты екі артқа аяғында жүреді
1978,«Спрингбокс» үшін бұл қатара бес ойындық жеңіліспен аяқталды.,Спринкбокс үшін бұл қатара пес ойындық жеңірспен аяқталды.,спрингбокс үшін бұл қатара бес ойындық жеңіліспен аяқталды,спринкбокс үшін бұл қатара пес ойындық жеңірспен аяқталды
1751,Дебатты «Катрина» дауылының салдарынан көмек пен реконструкцияға жұмсауға қатысты даулар тудырды; кейбір қаржылық консерваторлар мұны әзілдеп «Буштың Жаңа Орлеандағы мәмілесі» деп атады.,Деп атты Катрина дауылының салдарынан көмек пен реконструкцияға жұмсалға қатысты даулар тудырды. Кейбір қаржылық консерваторлар мұны әзіл деп Буштың жаңа арлеандағы мәмілесі деп атады.,дебатты катрина дауылының салдарынан көмек пен реконструкцияға жұмсауға қатысты даулар тудырды кейбір қаржылық консерваторлар мұны әзілдеп буштың жаңа орлеандағы мәмілесі деп атады,деп атты катрина дауылының салдарынан көмек пен реконструкцияға жұмсалға қатысты даулар тудырды кейбір қаржылық консерваторлар мұны әзіл деп буштың жаңа арлеандағы мәмілесі деп атады
1893,"Сундарбандар - әлемдегі ең үлкен жағалаудағы мангр тоғайының белдеуі, жағалаудан Бангладеш пен Үндістанның ішкі аудандарына дейін 80 км (50 миль) созылып жатыр.",Сумдарбандар әлемдегі ең үлкен жағалаудағы маңгыр тауғайының белдеуі жағалаудың банғылады ешпен Үндістанның ішкі аудандарында дейін 80 км немесе елу миль созылып жатыр.,сундарбандар әлемдегі ең үлкен жағалаудағы мангр тоғайының белдеуі жағалаудан бангладеш пен үндістанның ішкі аудандарына дейін 80 км 50 миль созылып жатыр,сумдарбандар әлемдегі ең үлкен жағалаудағы маңгыр тауғайының белдеуі жағалаудың банғылады ешпен үндістанның ішкі аудандарында дейін 80 км немесе елу миль созылып жатыр
1975,Ватикан қаласы халқының саны — шамамен 800. Бұл — дүние жүзіндегі ең шағын тәуелсіз ел және халық саны ең аз ел.,"Ватикан қаласы халқының саны шамамен 800, бұл дүние жүзіндегі ең шағын тәуелсіз ел және халық саны ең ұаз ел.",ватикан қаласы халқының саны шамамен 800 бұл дүние жүзіндегі ең шағын тәуелсіз ел және халық саны ең аз ел,ватикан қаласы халқының саны шамамен 800 бұл дүние жүзіндегі ең шағын тәуелсіз ел және халық саны ең ұаз ел
1801,Гонконг аспанын безендіретін ғимараттар тобы Виктория Харбор суларының қатысуымен айқын көрінетін жарқыраған жолақ диаграммасымен салыстырылды.,Гонгконг аспан безендіретін гимараттар тобы Виктория Кхарбор суларының қатысуымен аяқын көрінетін Жарқыраған жолақ диаграмасымен салыстырылады.,гонконг аспанын безендіретін ғимараттар тобы виктория харбор суларының қатысуымен айқын көрінетін жарқыраған жолақ диаграммасымен салыстырылды,гонгконг аспан безендіретін гимараттар тобы виктория кхарбор суларының қатысуымен аяқын көрінетін жарқыраған жолақ диаграмасымен салыстырылады
1868,"Спектрдің екінші жағында адам бейтаныс адамға айналады, ол топ орындайтын барлық әрекеттерді өзгертіп, оны өз бетінше жасау керек деп санайды.","Спектрдің екінші жағытда адам бейтаныс адамға айналды. Ол топ орындайтын барлық әрекеттерді өзгердіп, оны өз бетінже жасау керек деп санайды.",спектрдің екінші жағында адам бейтаныс адамға айналады ол топ орындайтын барлық әрекеттерді өзгертіп оны өз бетінше жасау керек деп санайды,спектрдің екінші жағытда адам бейтаныс адамға айналды ол топ орындайтын барлық әрекеттерді өзгердіп оны өз бетінже жасау керек деп санайды
1730,"Автобустар күні бойы ауданаралық автовокзалдан (өзеннің бойымен) шығады, дегенмен көбісі, әсіресе шығысқа және Джакарға/Бумтангқа бет алғандары 06:30 және 07: 30 аралығында шығады.","Автобустар күні бойы ауданаралық автавакзалдан өзеннің бойымен шығады, дегенмен көбісі әсіресе шығысқа және Жакарға бұмтанққа бет алғандары 6-30 және 7-50 аралығында шығады.",автобустар күні бойы ауданаралық автовокзалдан өзеннің бойымен шығады дегенмен көбісі әсіресе шығысқа және джакарға бумтангқа бет алғандары 06 30 және 07 30 аралығында шығады,автобустар күні бойы ауданаралық автавакзалдан өзеннің бойымен шығады дегенмен көбісі әсіресе шығысқа және жакарға бұмтанққа бет алғандары 6 30 және 7 50 аралығында шығады
1781,"Мадагаскар — қазіргі уақытта ең үлкені әрі жабайы табиғатына келгенде, өздігінен континент болып табылады.",Мадагаскар казіргі уақытта ең үлкен әрі жабайы табиғатқа келгенде өздігінен континент болып табылады.,мадагаскар қазіргі уақытта ең үлкені әрі жабайы табиғатына келгенде өздігінен континент болып табылады,мадагаскар казіргі уақытта ең үлкен әрі жабайы табиғатқа келгенде өздігінен континент болып табылады
1945,Касабланка — бүкіл Мароккодағы шоппинг жасау ең қызық емес жерлердің бірі.,Касабланка бүкіл мароккадағы шоппинг жасау ең қызық емес жерлердің бірі.,касабланка бүкіл мароккодағы шоппинг жасау ең қызық емес жерлердің бірі,касабланка бүкіл мароккадағы шоппинг жасау ең қызық емес жерлердің бірі
1792,Бұл химиялық рН деп аталады. Қызыл қырыққабат шырынын пайдаланып индикатор жасай аласыз.,"Бұл химиялық бияж деп аталады, қызыл 40 қабат шырынын пайдаланып индикатор жасай аласыз.",бұл химиялық рн деп аталады қызыл қырыққабат шырынын пайдаланып индикатор жасай аласыз,бұл химиялық бияж деп аталады қызыл 40 қабат шырынын пайдаланып индикатор жасай аласыз
1925,"Жасалған жұмыс көбіне теориялық болды, бірақ Мерген галактикасына қатысты жасалатын бақылауларды симуляциялау үшін бағдарлама жазылды.","Жасалған жұмыс көбіне теориялық болды, бірақ мерген галактикасына қатысты жасалатын бақылауларды симуляциялау үшін бағдарлама жазылды.",жасалған жұмыс көбіне теориялық болды бірақ мерген галактикасына қатысты жасалатын бақылауларды симуляциялау үшін бағдарлама жазылды,жасалған жұмыс көбіне теориялық болды бірақ мерген галактикасына қатысты жасалатын бақылауларды симуляциялау үшін бағдарлама жазылды
1764,"Келген адамдардың саны көп болғаны сонша, Сент Питер алаңындағы жерлеу процессиясына барлық адам қатыса алмады.","Келген адамдардың саны көп болғаны сонша, Сент-Питер аланындағы жерлеу процесиясына барлық адам қатыса алмады.",келген адамдардың саны көп болғаны сонша сент питер алаңындағы жерлеу процессиясына барлық адам қатыса алмады,келген адамдардың саны көп болғаны сонша сент питер аланындағы жерлеу процесиясына барлық адам қатыса алмады
1871,"Таяу Шығыстың климаты жылы болғандықтан, үй аса маңызды болмаған.",Таяу шығыстың климаты жығы болғандықтан и аса маңызды болмаған.,таяу шығыстың климаты жылы болғандықтан үй аса маңызды болмаған,таяу шығыстың климаты жығы болғандықтан и аса маңызды болмаған
1919,"Қала Африкадағы ең арзан тау горилласы саудасының орталығы болумен қатар, Ньирагонго жанартауына шығуда негізгі қала қызметін атқарады.",Қала Африкадағы ең арзан Тау Гориласы саудасының орталығы болымен қадар Нирагонга жаңартауына шығуда негізгі қала қызметін атқарады.,қала африкадағы ең арзан тау горилласы саудасының орталығы болумен қатар ньирагонго жанартауына шығуда негізгі қала қызметін атқарады,қала африкадағы ең арзан тау гориласы саудасының орталығы болымен қадар нирагонга жаңартауына шығуда негізгі қала қызметін атқарады
1891,"Лакша Сингх ""чхаппан бхог"" (елу алты дегенді білдіреді) өлеңін ұсынды. Ол әнді әнші Раджу Ханделвалмен бірге орындады.","Лакшы Синх Чхатпан Пхок 56 дегенді білдіреді, өленің ұсынды. Ол Энді әнші Раджу Ханделванлимен біргеу мұрындады.",лакша сингх чхаппан бхог елу алты дегенді білдіреді өлеңін ұсынды ол әнді әнші раджу ханделвалмен бірге орындады,лакшы синх чхатпан пхок 56 дегенді білдіреді өленің ұсынды ол энді әнші раджу ханделванлимен біргеу мұрындады
1924,"Әйелдер отыратын тобындағы төрт шаңғышы өз жарыстарын аяқтай алмады, ал Giant Slalom жарысындағы жалпы 117 шаңғышының 45-і жарыста орын алмады.","Әйелдер отыратын тобындағы төрт шаңғышы өз жарыстарын аяқтай алмады, ал Джайан Дслеллом жарысындағы жалпы 117 шаңғышының 45 жарыста орын алмады.",әйелдер отыратын тобындағы төрт шаңғышы өз жарыстарын аяқтай алмады ал giant slalom жарысындағы жалпы 117 шаңғышының 45 і жарыста орын алмады,әйелдер отыратын тобындағы төрт шаңғышы өз жарыстарын аяқтай алмады ал джайан дслеллом жарысындағы жалпы 117 шаңғышының 45 жарыста орын алмады
1787,Блоггинг — бірлесіп жұмыс істеуге шабыттандыратын және оқушыларды дәстүрлі мектеп күнінен кеңейтуге ынталандыратын құрал.,Блогинг — бірлесі жұмыс істеуге шабыттандыратын және болқушыларды дәстүрлі мектеп күнін кеңейтуге ымталандыратын құрал.,блоггинг бірлесіп жұмыс істеуге шабыттандыратын және оқушыларды дәстүрлі мектеп күнінен кеңейтуге ынталандыратын құрал,блогинг бірлесі жұмыс істеуге шабыттандыратын және болқушыларды дәстүрлі мектеп күнін кеңейтуге ымталандыратын құрал
1916,"Көп неміс пісірілген өнімдерінде сонымен бірге бадам, орман жаңғақтары және басқа ағаш жаңғақтары болады. Танымал торттар жиі қою кофенің саптыаяғымен өте жақсы желінеді.","Көп неміс бісірілген өнімдерінде, сонымен бірге бадам орман жаңғықтары және басқа ағаз жаңғықтары болады. Танымал торттар жиі қою кофинің сақта аяғымен өте жақсы желінеді.",көп неміс пісірілген өнімдерінде сонымен бірге бадам орман жаңғақтары және басқа ағаш жаңғақтары болады танымал торттар жиі қою кофенің саптыаяғымен өте жақсы желінеді,көп неміс бісірілген өнімдерінде сонымен бірге бадам орман жаңғықтары және басқа ағаз жаңғықтары болады танымал торттар жиі қою кофинің сақта аяғымен өте жақсы желінеді
1998,"Олардың қабыршақтары мен тырнақтары бар аяқтары бар, олар жұмыртқалайды және олар тиранозавр сияқты екі артқы аяғында жүреді.","Олардың қабір шықтары мен тырнақтары бар, аяқтары бар. Олар жұмырт қалайды және олар тиранозавр сияқты екі ғатқы аяғында жүреді.",олардың қабыршақтары мен тырнақтары бар аяқтары бар олар жұмыртқалайды және олар тиранозавр сияқты екі артқы аяғында жүреді,олардың қабір шықтары мен тырнақтары бар аяқтары бар олар жұмырт қалайды және олар тиранозавр сияқты екі ғатқы аяғында жүреді
1764,"Келген адамдардың саны көп болғаны сонша, Сент Питер алаңындағы жерлеу процессиясына барлық адам қатыса алмады.",Келген адамдардың саны көп болғаны сонша Сент-Питер алаңындағы жерлеу процесиясына барлық адам қатыса алмады.,келген адамдардың саны көп болғаны сонша сент питер алаңындағы жерлеу процессиясына барлық адам қатыса алмады,келген адамдардың саны көп болғаны сонша сент питер алаңындағы жерлеу процесиясына барлық адам қатыса алмады
1688,"Теңіз әскери күштерінің жұмысы дәстүр бойынша елдің адамдарды және тауарларды жылжыту қабілетін сақтау, сонымен бірге жаудың өз адамдары мен тауарларын жылжыту қабілетіне кедергі жасау болатын.","Теңіз әскери күштерінің жұмысы дәстір бойынша елдің адамдарда және тауарларды жылжүту қабілетін сақтау, сонымен бірге жаудың өз адамдары мен тауарларын жылжүту қабілетіне кедергі жасау болатын.",теңіз әскери күштерінің жұмысы дәстүр бойынша елдің адамдарды және тауарларды жылжыту қабілетін сақтау сонымен бірге жаудың өз адамдары мен тауарларын жылжыту қабілетіне кедергі жасау болатын,теңіз әскери күштерінің жұмысы дәстір бойынша елдің адамдарда және тауарларды жылжүту қабілетін сақтау сонымен бірге жаудың өз адамдары мен тауарларын жылжүту қабілетіне кедергі жасау болатын
1714,"Жерсерік ғарышқа зымыранмен жіберілді. Ғалымдар ғарышта телескоптарды пайдаланады, өйткені жердің атмосферасы біраз жарық пен көріністі бұрмалайды.","Жерсерік ғарышқа зіміран мен жіберілді, ғалымдар ғарышта телескоптарды пайдаланады, өйткені Жердің атмосферасы біраз жарық пен көріністі бұрмалайды.",жерсерік ғарышқа зымыранмен жіберілді ғалымдар ғарышта телескоптарды пайдаланады өйткені жердің атмосферасы біраз жарық пен көріністі бұрмалайды,жерсерік ғарышқа зіміран мен жіберілді ғалымдар ғарышта телескоптарды пайдаланады өйткені жердің атмосферасы біраз жарық пен көріністі бұрмалайды
1771,"Негізгі сахналардағы музыка аяқталғанымен, фестивальдің түннің кеш уақытына дейін музыканы ойнатуды жалғастыратын бөліктері болуы мүмкін екенін есте сақтаңыз.","Негізгі сахналардағы музыка аяқталғанымен, фестивальдің түннің кеш уақытына дейін музыканы ойнатуды жалғастыратын бөліктері болуы мүмкін екенін есте сақтаңыз.",негізгі сахналардағы музыка аяқталғанымен фестивальдің түннің кеш уақытына дейін музыканы ойнатуды жалғастыратын бөліктері болуы мүмкін екенін есте сақтаңыз,негізгі сахналардағы музыка аяқталғанымен фестивальдің түннің кеш уақытына дейін музыканы ойнатуды жалғастыратын бөліктері болуы мүмкін екенін есте сақтаңыз
1805,"Scotturb 403 автобусы Синтраға қалыпты түрде қатынап отырады да, Рока мүйісінде тоқтайды.","Скотт-тарп 403 аптобусы синтраға қалыпты түрде қатына отқады да, рокам үйісінде тоқтайды.",scotturb 403 автобусы синтраға қалыпты түрде қатынап отырады да рока мүйісінде тоқтайды,скотт тарп 403 аптобусы синтраға қалыпты түрде қатына отқады да рокам үйісінде тоқтайды
2008,Балидегі күн тәртібіндегі басқа тақырыптарға әлемнің қалған ормандарын сақтау және дамушы елдерге азырақ ластайтын жолмен өсуіне көмектесу үшін технологияларды бөлісу кіреді.,Баллидегі күн тәртібіндегі басқа тақырыптарға әлемнің қалған ормандарын сақтау және дамушы елдерге азырақ ластайтын жолмен үсуіне көмектесу үшін технологияларды бөлісу кіреді.,балидегі күн тәртібіндегі басқа тақырыптарға әлемнің қалған ормандарын сақтау және дамушы елдерге азырақ ластайтын жолмен өсуіне көмектесу үшін технологияларды бөлісу кіреді,баллидегі күн тәртібіндегі басқа тақырыптарға әлемнің қалған ормандарын сақтау және дамушы елдерге азырақ ластайтын жолмен үсуіне көмектесу үшін технологияларды бөлісу кіреді
1871,"Таяу Шығыстың климаты жылы болғандықтан, үй аса маңызды болмаған.",Таяу шығыстың климаты жылы болғандықтан и аса маңызды болмаған.,таяу шығыстың климаты жылы болғандықтан үй аса маңызды болмаған,таяу шығыстың климаты жылы болғандықтан и аса маңызды болмаған
1710,"Өткен аптада METI ұйымы оған Apple компаниясы қызып кетудің 34 қосымша инциденті туралы хабарлағанын жариялады, Apple компаниясы оларды «ауыр емес» деп атады.",Өткен аптада Metta ұйымы оғын Apple компаниясы қызып кетудің 34 қосымша инциденті туралық хабарлағанын жариялады Apple компаниясы оларды ауыремес деп атады.,өткен аптада meti ұйымы оған apple компаниясы қызып кетудің 34 қосымша инциденті туралы хабарлағанын жариялады apple компаниясы оларды ауыр емес деп атады,өткен аптада metta ұйымы оғын apple компаниясы қызып кетудің 34 қосымша инциденті туралық хабарлағанын жариялады apple компаниясы оларды ауыремес деп атады
1981,"Бар болғаны кеме экскурсиялары арқылы жағаға барсаңыз, сізге бөлек виза қажет болмайды (2009 жылдан).","Бар болғаны кеме экскурсиялары арқылы жағаға барсаңыз, сізге бөлек виза қажет болмайды, 2009 жылтан.",бар болғаны кеме экскурсиялары арқылы жағаға барсаңыз сізге бөлек виза қажет болмайды 2009 жылдан,бар болғаны кеме экскурсиялары арқылы жағаға барсаңыз сізге бөлек виза қажет болмайды 2009 жылтан
1805,"Scotturb 403 автобусы Синтраға қалыпты түрде қатынап отырады да, Рока мүйісінде тоқтайды.","Скот тіріп 403 автобусы синтраға қалып түрде қатынап отырады да, Рока мүйісінде тоқтайды.",scotturb 403 автобусы синтраға қалыпты түрде қатынап отырады да рока мүйісінде тоқтайды,скот тіріп 403 автобусы синтраға қалып түрде қатынап отырады да рока мүйісінде тоқтайды
1871,"Таяу Шығыстың климаты жылы болғандықтан, үй аса маңызды болмаған.",Таял шығыстың климаты жылы болғандықтан и аса маңызды болмаған.,таяу шығыстың климаты жылы болғандықтан үй аса маңызды болмаған,таял шығыстың климаты жылы болғандықтан и аса маңызды болмаған
1663,"Кочамо алқабы – Чилидегі өрмелеу үшін баратын негізгі жер. Ол Оңтүстік Американың Йосемитесі ретінде белгілі, оның әртүрлі гранит үлкен қабырғалары және жартастары бар.","Кочамо алқабы Чилидегі өрмелеу үшін баратын негізгі жер. Ол Оңтүстік Американың Йосиметесі ретінде белгілі, оның әртүрлі гранит үлкен қабырғалары және жартастары бар.",кочамо алқабы чилидегі өрмелеу үшін баратын негізгі жер ол оңтүстік американың йосемитесі ретінде белгілі оның әртүрлі гранит үлкен қабырғалары және жартастары бар,кочамо алқабы чилидегі өрмелеу үшін баратын негізгі жер ол оңтүстік американың йосиметесі ретінде белгілі оның әртүрлі гранит үлкен қабырғалары және жартастары бар
1992,"«Сафари» терминінің кең таралған мағынасы Африканың таң қалдыратын жабайы табиғатын, әсіресе саваннаны көруге жер бетімен саяхаттауды білдіреді.",Сафари терминінің кең таралған мағынасы Африканың таң қалдыратын жабайы табиғатын әсіресе сабаннаны көруге жербетімен саяхаттауды білдіреді.,сафари терминінің кең таралған мағынасы африканың таң қалдыратын жабайы табиғатын әсіресе саваннаны көруге жер бетімен саяхаттауды білдіреді,сафари терминінің кең таралған мағынасы африканың таң қалдыратын жабайы табиғатын әсіресе сабаннаны көруге жербетімен саяхаттауды білдіреді
1941,Бұл жұптар баласы үшін асырап алу жоспарын жасауды таңдауы мүмкін.,Бұл жұптар баласы үшін асырап алу жоспарын жасауды таңдауы мүмкін.,бұл жұптар баласы үшін асырап алу жоспарын жасауды таңдауы мүмкін,бұл жұптар баласы үшін асырап алу жоспарын жасауды таңдауы мүмкін
1935,"Алайда, бұл дұрыс емес. Құжаттың артында белгілі бір мәлімет жазылған болса да, ол қазынаға жеткізетін карта емес.","Алайда бұл дұрыс емес. Құжаттың артында белгілі бір мәлімет жазылған болса да, ол қазынаға жеткізетін карта емес.",алайда бұл дұрыс емес құжаттың артында белгілі бір мәлімет жазылған болса да ол қазынаға жеткізетін карта емес,алайда бұл дұрыс емес құжаттың артында белгілі бір мәлімет жазылған болса да ол қазынаға жеткізетін карта емес
1783,"Аймақтық және маусымдық ауа райы құбылыстары қарлы борандарды, мұзды борандарды және шаң дауылдарын қамтиды.","Аймақтық және маусымдық ауа райы құбыстары қарлы, борандарды, мұзды, борандарды және шаң дауылдарын қамтиды.",аймақтық және маусымдық ауа райы құбылыстары қарлы борандарды мұзды борандарды және шаң дауылдарын қамтиды,аймақтық және маусымдық ауа райы құбыстары қарлы борандарды мұзды борандарды және шаң дауылдарын қамтиды
1880,Осылайша қарындаш шыққан кезде көп адамдарға жақсы дос болды.,Осылайша қарында шыққан кезде көп адамдарға жақсы дос болды.,осылайша қарындаш шыққан кезде көп адамдарға жақсы дос болды,осылайша қарында шыққан кезде көп адамдарға жақсы дос болды
1817,Шенген аймағы бұл тұрғыдан бір ел сияқты жұмыс істейді.,Шинген аймағы бұл тұрғыдан бір ел сияқты жұмыс істейді.,шенген аймағы бұл тұрғыдан бір ел сияқты жұмыс істейді,шинген аймағы бұл тұрғыдан бір ел сияқты жұмыс істейді
1825,"Әрекетке жақын болғыңыз келсе, музыкаға жақын кемпинг учаскесін алу үшін ерте тұруыңыз керек.","Әрекетке жақын болғыңыз келсе, музыкаға жақын кемпингу жаскесін ауы үшін ерте тұруыңыз керек.",әрекетке жақын болғыңыз келсе музыкаға жақын кемпинг учаскесін алу үшін ерте тұруыңыз керек,әрекетке жақын болғыңыз келсе музыкаға жақын кемпингу жаскесін ауы үшін ерте тұруыңыз керек
1792,Бұл химиялық рН деп аталады. Қызыл қырыққабат шырынын пайдаланып индикатор жасай аласыз.,"Бұл химиялық P-H деп аталады. Қызыл қырққабат шырының пайдаланып, индикатер жасей аласыз.",бұл химиялық рн деп аталады қызыл қырыққабат шырынын пайдаланып индикатор жасай аласыз,бұл химиялық p h деп аталады қызыл қырққабат шырының пайдаланып индикатер жасей аласыз
1743,Технологиялық детерминизмнің көптеген түсініктемелері екі жалпы пікірге ие: технология мәдени немесе саяси әсерден тыс өз бетінше дамиды және технология өз кезегінде өз ерекшеліктері бар қоғамдарға әсерін тигізеді.,Технологиялық детерминизмінің көптегін түсініктемелері екі жалпы пікірге ие. Технология мәдени немесе саяси әсерден тыс өз бетінше дамиді және технология өз кезегінде өз ерекшеліктері бар қоғамдарға әсерін тегізеді.,технологиялық детерминизмнің көптеген түсініктемелері екі жалпы пікірге ие технология мәдени немесе саяси әсерден тыс өз бетінше дамиды және технология өз кезегінде өз ерекшеліктері бар қоғамдарға әсерін тигізеді,технологиялық детерминизмінің көптегін түсініктемелері екі жалпы пікірге ие технология мәдени немесе саяси әсерден тыс өз бетінше дамиді және технология өз кезегінде өз ерекшеліктері бар қоғамдарға әсерін тегізеді
2007,АҚШ Инженерлер корпусы 6 дюйм жаңбырдың жаууы бұрын зақымдалған бөгеттерді бұзуы мүмкін деп болжады.,АҚШ инженерлер корпусы 6 дюй жаңбырдың жауы бұрын зақымдалған бүгеттерді бұзуы мүмкін деп болжады.,ақш инженерлер корпусы 6 дюйм жаңбырдың жаууы бұрын зақымдалған бөгеттерді бұзуы мүмкін деп болжады,ақш инженерлер корпусы 6 дюй жаңбырдың жауы бұрын зақымдалған бүгеттерді бұзуы мүмкін деп болжады
1737,Арыстандар ең көп қатысым жасайтын мысықтар. Олар прайдтар деп аталатын үлкен топтарда өмір сүреді.,Арстандар ең көп қатысым жасайтын мысықтар. Олар «прайттар» деп аталатын үлген топтарыда өмір сүреді.,арыстандар ең көп қатысым жасайтын мысықтар олар прайдтар деп аталатын үлкен топтарда өмір сүреді,арстандар ең көп қатысым жасайтын мысықтар олар прайттар деп аталатын үлген топтарыда өмір сүреді
1682,"Оны кім жазғанын ешкім дәл білмегенімен, өмірінің басында үлкен пергамент құжат (оның өлшемі: 29¾ дюйм х 24½ дюйм) сақтау үшін оралғаны белгілі.","Оны кін жазғанын ешкім дәл білмегенмен, өмірінің басында үлкен пергамент құжат, оның өлшемі 29,3 дюйм 29,2 дюйм сақтал үшін оралғаны белгілі.",оны кім жазғанын ешкім дәл білмегенімен өмірінің басында үлкен пергамент құжат оның өлшемі 293 4 дюйм х 241 2 дюйм сақтау үшін оралғаны белгілі,оны кін жазғанын ешкім дәл білмегенмен өмірінің басында үлкен пергамент құжат оның өлшемі 29 3 дюйм 29 2 дюйм сақтал үшін оралғаны белгілі
1990,"Сондай-ақ блогтар оқушылардың жазуын жақсартуға көмектеседі. Оқушылар блог тәжірибесін көбінесе немқұрайлы грамматикамен және емлемен бастағанымен, аудиторияның болуы әдетте бұл жағдайды өзгертеді.",Сондай-ақ блогтар оқушылардың жазуын жақсар туға көмектеседі. Оқушылар блог тәжірибесін көбінесен емқұрайлы грамматика мен және емілемен бастағанымен аудиторияның болуы әдетте бұл жағдайды өзгертеді.,сондай ақ блогтар оқушылардың жазуын жақсартуға көмектеседі оқушылар блог тәжірибесін көбінесе немқұрайлы грамматикамен және емлемен бастағанымен аудиторияның болуы әдетте бұл жағдайды өзгертеді,сондай ақ блогтар оқушылардың жазуын жақсар туға көмектеседі оқушылар блог тәжірибесін көбінесен емқұрайлы грамматика мен және емілемен бастағанымен аудиторияның болуы әдетте бұл жағдайды өзгертеді
1894,"Карри — бұл шөптер мен дәмдеуіштер, сонымен қатап ет немесе көкөністер қосылатын тағам.","Карри бұл шібтер мен дәмдеуіштер, сонымен қатап, ет немесеку көністер қосылатын тағам.",карри бұл шөптер мен дәмдеуіштер сонымен қатап ет немесе көкөністер қосылатын тағам,карри бұл шібтер мен дәмдеуіштер сонымен қатап ет немесеку көністер қосылатын тағам
1814,"Сутегі иондары, бұл олардан электрондары алынып тасталған протондар болып табылады (өйткені сутегі атомдары бір протон мен бір электроннан тұрады).","Сутеге иондары бұл олардан электрондары алынып тасталған протондар болып табылады, өйткені сутегі атомдары бір протон мен бір электроннан тұрады.",сутегі иондары бұл олардан электрондары алынып тасталған протондар болып табылады өйткені сутегі атомдары бір протон мен бір электроннан тұрады,сутеге иондары бұл олардан электрондары алынып тасталған протондар болып табылады өйткені сутегі атомдары бір протон мен бір электроннан тұрады
1760,"Мозасавр өз заманының ең жоғары жыртқышы болған, сондықтан ол басқа мозасаврлардан басқа ештеңеден қорықпаған.","Муза савр өзаманның ең жоғарғы жыртқыша болған, сондықтан ол басқа муза саврлардың басқа ештеңеден қорықпаған.",мозасавр өз заманының ең жоғары жыртқышы болған сондықтан ол басқа мозасаврлардан басқа ештеңеден қорықпаған,муза савр өзаманның ең жоғарғы жыртқыша болған сондықтан ол басқа муза саврлардың басқа ештеңеден қорықпаған
1947,"Әскерлер келмей тұрып, Гаитиде 1800 жылдан бері бұл ауруға қатысты мәселелер болмаған.","Әскерлер келмей тұрып, Гаитиде 18800 жылдан бері бұл ауруға қатысты мәселелер болмаған.",әскерлер келмей тұрып гаитиде 1800 жылдан бері бұл ауруға қатысты мәселелер болмаған,әскерлер келмей тұрып гаитиде 18800 жылдан бері бұл ауруға қатысты мәселелер болмаған
1960,"Оның жасы 20-да болғаны хабарланды. Өз мәлімдемесінде Бибер былай деді: «ол жерде болмағаныммен әрі осы қайғылы апатқа тікелей қатысты болмағаныммен, мен құрбанның отбасы туралы ойлаймын және оларға дұғалар арнаймын.","Оның жасы жиырмада болғаны хабарланды, өз мәлімдемесінде бибер былай деді. Ол жерде болмағаным мен әрі осы қайғала апатқа тікелей қатысты болғанымені мен құрбанның отбасы туралы ойлаймын және оларға дұғалар айнар мәмін.«Мұзғы»",оның жасы 20 да болғаны хабарланды өз мәлімдемесінде бибер былай деді ол жерде болмағаныммен әрі осы қайғылы апатқа тікелей қатысты болмағаныммен мен құрбанның отбасы туралы ойлаймын және оларға дұғалар арнаймын,оның жасы жиырмада болғаны хабарланды өз мәлімдемесінде бибер былай деді ол жерде болмағаным мен әрі осы қайғала апатқа тікелей қатысты болғанымені мен құрбанның отбасы туралы ойлаймын және оларға дұғалар айнар мәмін мұзғы
1827,"Жер қыртысының қалыңдығы жақын жағында шамамен 70 км, ал алыс жағында 100 км.","Жер қыртысының қалыңдығы жақын жағында шамымен 700 км, ал алыс шағында 100 км.",жер қыртысының қалыңдығы жақын жағында шамамен 70 км ал алыс жағында 100 км,жер қыртысының қалыңдығы жақын жағында шамымен 700 км ал алыс шағында 100 км
1845,Күймеде олар айқайлап жатқан және король мен патшайымға қоқан-лоққыларды айқайлап айтып жатқан адамдар тобы қоршаған күйде Парижге қайтып оралды.,Күймеде олар айқайлап жатқан және король мен патшайымға қоған лоқыларды айқайлап айтып жатқан адамдар тобы қоршаған күйде Парижге қайты боралды.,күймеде олар айқайлап жатқан және король мен патшайымға қоқан лоққыларды айқайлап айтып жатқан адамдар тобы қоршаған күйде парижге қайтып оралды,күймеде олар айқайлап жатқан және король мен патшайымға қоған лоқыларды айқайлап айтып жатқан адамдар тобы қоршаған күйде парижге қайты боралды
1722,53 жастағы Куомо өзінің губернатор лауазымына осы жылдың басында келді және өткен айда бір жынысты некені заңдастырушы заң жобасына қол қойды.,Елу жастағы Куамо өзінің губернатор лауазымына осы жылдың басында келді және өткен айда бір жынысты некені заңдастырушы заң жобасына қол қойды.,53 жастағы куомо өзінің губернатор лауазымына осы жылдың басында келді және өткен айда бір жынысты некені заңдастырушы заң жобасына қол қойды,елу жастағы куамо өзінің губернатор лауазымына осы жылдың басында келді және өткен айда бір жынысты некені заңдастырушы заң жобасына қол қойды
1745,"Өсімдіктер табиғи жағдайда жақсы көрінеді, сондықтан олардың «бір данасын» да алып тастамаңыз.","Өсімдіктер табиғи жағдайды жақсы көрінеді, сондықтан олардың бірданасында алыптастамаңыз.",өсімдіктер табиғи жағдайда жақсы көрінеді сондықтан олардың бір данасын да алып тастамаңыз,өсімдіктер табиғи жағдайды жақсы көрінеді сондықтан олардың бірданасында алыптастамаңыз
1753,"Бұл көбінесе бар болғаны дәл емес стереотип болғанымен, Парижде өмір сүрудің ең жақсы жолы – ең жақсы мінез-құлықты көрсету, жақсы тәрбиеленген адам сияқты әрекет ету. Бұл саяхаттауды айтарлықтай жеңілдетеді.","Бұл көбінесе бар болғаны дәл емес стереотип болғанымен, парижде өңір сүрудің ең жақсы жолы ең жақсы мінез-құлықты көрсету жақсы тәрбиеленген адам сияқты әрекет ету бұл саяқаттауды айтарлықтай жеңілдетеді.",бұл көбінесе бар болғаны дәл емес стереотип болғанымен парижде өмір сүрудің ең жақсы жолы ең жақсы мінез құлықты көрсету жақсы тәрбиеленген адам сияқты әрекет ету бұл саяхаттауды айтарлықтай жеңілдетеді,бұл көбінесе бар болғаны дәл емес стереотип болғанымен парижде өңір сүрудің ең жақсы жолы ең жақсы мінез құлықты көрсету жақсы тәрбиеленген адам сияқты әрекет ету бұл саяқаттауды айтарлықтай жеңілдетеді
1941,Бұл жұптар баласы үшін асырап алу жоспарын жасауды таңдауы мүмкін.,"Бұл жұптар баласы үшін асырап, алу жоспарын жасқылды таңдауы мүмкін.",бұл жұптар баласы үшін асырап алу жоспарын жасауды таңдауы мүмкін,бұл жұптар баласы үшін асырап алу жоспарын жасқылды таңдауы мүмкін
1702,Бар болғаны екі аптада американдықтар және еркін француз күштері оңтүстік Францияны босатты және Германияға қарай бұрылып жатты.,Бар болғаны екі аптада американдықтар және еркім француз күштері оңтүстік францияны босатты және Германияға қарай бұрылып жатты.,бар болғаны екі аптада американдықтар және еркін француз күштері оңтүстік францияны босатты және германияға қарай бұрылып жатты,бар болғаны екі аптада американдықтар және еркім француз күштері оңтүстік францияны босатты және германияға қарай бұрылып жатты
1941,Бұл жұптар баласы үшін асырап алу жоспарын жасауды таңдауы мүмкін.,"Бұл жұптар баласы үшін асырап, алу жоспарын жасауды таңдауы мүмкін.",бұл жұптар баласы үшін асырап алу жоспарын жасауды таңдауы мүмкін,бұл жұптар баласы үшін асырап алу жоспарын жасауды таңдауы мүмкін
1748,Өрт сөндіру бөлімшелері өртті кешкі сағат 11:35-ке дейін сөндірді.,Өрт сөндіру бөлімшелері өрттік кешкі сағат 1135-ке дейін сөндірді.,өрт сөндіру бөлімшелері өртті кешкі сағат 11 35 ке дейін сөндірді,өрт сөндіру бөлімшелері өрттік кешкі сағат 1135 ке дейін сөндірді
1840,"Италияның көптеген қалаларында және әлемдегі басқа да қалаларда, әсіресе Польшада, соған ұқсас қондырмалар орнатылды және бұған көптеген адамдар куә болды.",Италияның көптеген қалаларында және әлемдегі басқа да қалаларда әсіресе Польшада соған ұқсас құндырмалар орнатылды және бұған көптеген адамдар куә болады.,италияның көптеген қалаларында және әлемдегі басқа да қалаларда әсіресе польшада соған ұқсас қондырмалар орнатылды және бұған көптеген адамдар куә болды,италияның көптеген қалаларында және әлемдегі басқа да қалаларда әсіресе польшада соған ұқсас құндырмалар орнатылды және бұған көптеген адамдар куә болады
1977,"Прайдтар бірден үшке дейін туыс ересек еркек арыстаннан, сондай-ақ отыз аналық пен абданнан тұрады.","Прайдтар бірден үшке дейін туыс ересек еркек арыстаннан, сондай-ақ отыз аналық пен абданнан тұрады.",прайдтар бірден үшке дейін туыс ересек еркек арыстаннан сондай ақ отыз аналық пен абданнан тұрады,прайдтар бірден үшке дейін туыс ересек еркек арыстаннан сондай ақ отыз аналық пен абданнан тұрады
1885,"22:00-23: 00 аралығында (MDT), аулада тұрған сотталғандай өрт шығарды.",22.00 22.00 22.00 аралғанда емдете аулада тұрған сотталған дай өрт шығарды.,22 00 23 00 аралығында mdt аулада тұрған сотталғандай өрт шығарды,22 00 22 00 22 00 аралғанда емдете аулада тұрған сотталған дай өрт шығарды
1786,Бұл кристалдардың құрылымы инфрақызыл спектроскопиямен (FTIR) салыстырғанда әсер етілген үй жануарларының зәрінде кездесетін кристалдармен бірдей.,Бұл кристалдардың құрылымыны инфрақұзыл спектроскопия мен FTR салыстырғында әсер етілген үйжануарларының зәрінде кездесетін кристалдармен бірдей.,бұл кристалдардың құрылымы инфрақызыл спектроскопиямен ftir салыстырғанда әсер етілген үй жануарларының зәрінде кездесетін кристалдармен бірдей,бұл кристалдардың құрылымыны инфрақұзыл спектроскопия мен ftr салыстырғында әсер етілген үйжануарларының зәрінде кездесетін кристалдармен бірдей
1810,Калифорния губернаторы Арнольд Шварценеггер кәмелетке толмағандарға зорлық-зомбылық контенті бар видео ойындарды сатуға немесе жалға беруге тыйым салатын заңға қол қойды.,Калифорния губернаторы Арнольд Шурсонекер комплентке толмағандарға арналғын зонбол контенті бар видео ойындарды сатуғы немесе жалға беруге тиім салатын заңға қол қойды.,калифорния губернаторы арнольд шварценеггер кәмелетке толмағандарға зорлық зомбылық контенті бар видео ойындарды сатуға немесе жалға беруге тыйым салатын заңға қол қойды,калифорния губернаторы арнольд шурсонекер комплентке толмағандарға арналғын зонбол контенті бар видео ойындарды сатуғы немесе жалға беруге тиім салатын заңға қол қойды
1838,Гизадағы Ұлы Пирамида - жеті ғажайыптың ішіндегі бүгінгі күнге дейін сақталып қалған жалғыз ғажап.,Гизадағы олы пирамида жеті ғажайыптың ішіндегі бүгінгі күнге дейін сақтау палған жалғыз қажап.,гизадағы ұлы пирамида жеті ғажайыптың ішіндегі бүгінгі күнге дейін сақталып қалған жалғыз ғажап,гизадағы олы пирамида жеті ғажайыптың ішіндегі бүгінгі күнге дейін сақтау палған жалғыз қажап
1935,"Алайда, бұл дұрыс емес. Құжаттың артында белгілі бір мәлімет жазылған болса да, ол қазынаға жеткізетін карта емес.","Алайда бұл дұрсемес, құжоттың артында белгілі бір мәлімет жасылған болса да, ол қазынаға жеткізетінін карта емес.",алайда бұл дұрыс емес құжаттың артында белгілі бір мәлімет жазылған болса да ол қазынаға жеткізетін карта емес,алайда бұл дұрсемес құжоттың артында белгілі бір мәлімет жасылған болса да ол қазынаға жеткізетінін карта емес
1799,"Сәрсенбі күнгі оқиғадан басқа, Карпанедо чемпионаттағы екі жеке жарыста қатысты.",Сәрсенбі күнгі оқиғадан басқа корпанеда чемпионаттағы екі жеке жарыста қатысты.,сәрсенбі күнгі оқиғадан басқа карпанедо чемпионаттағы екі жеке жарыста қатысты,сәрсенбі күнгі оқиғадан басқа корпанеда чемпионаттағы екі жеке жарыста қатысты
1748,Өрт сөндіру бөлімшелері өртті кешкі сағат 11:35-ке дейін сөндірді.,Өрт сөндіру бөлімшелері өрттік ешкі сағат 1135 ке дейін сөндірді.,өрт сөндіру бөлімшелері өртті кешкі сағат 11 35 ке дейін сөндірді,өрт сөндіру бөлімшелері өрттік ешкі сағат 1135 ке дейін сөндірді
1821,Ми патологиялары мен іс-қимыл арасындағы байланыс ғалымдарды олардың зерттеулерінде қолдайды.,"Мей патологияларымен іс қимыл арасындағы байланас, ғалымдарды олардың зерттеулерінде қолдайды.",ми патологиялары мен іс қимыл арасындағы байланыс ғалымдарды олардың зерттеулерінде қолдайды,мей патологияларымен іс қимыл арасындағы байланас ғалымдарды олардың зерттеулерінде қолдайды
1921,"Екінші жағынан, мұзды және қарлы жағдайлар көп елдерде қалыпты болып табылады және жол қозғалысы көбінесе жыл бойы үздіксіз болады.","Екінші жағынан, мұзды және қарлы жағдайлар көбелерде қалыпты болып табылады және жол қозалысы көбінесе жыл бойы үздіксіз болады.",екінші жағынан мұзды және қарлы жағдайлар көп елдерде қалыпты болып табылады және жол қозғалысы көбінесе жыл бойы үздіксіз болады,екінші жағынан мұзды және қарлы жағдайлар көбелерде қалыпты болып табылады және жол қозалысы көбінесе жыл бойы үздіксіз болады
1844,Айдың беті тау жынысы мен шаңнан тұрады. Айдың сыртқы қабаты қабық деп аталады.,Айдың беті тау жынысымен шаңнам тұрады. Айдың сыртқы қабаты қабық деп аталады.,айдың беті тау жынысы мен шаңнан тұрады айдың сыртқы қабаты қабық деп аталады,айдың беті тау жынысымен шаңнам тұрады айдың сыртқы қабаты қабық деп аталады
1719,"Қаһарлы ауа-райы - ауыр зақым келтіретін, қоғамдық құрылымға қатты қалал келтіретін және адам өлімдеріне себеп болуы мүмкін болған кез-келген қауіпті ауа-райының құбылыстарына айтылатын ұғым.",Қақарлы ауа райы ауыр зақым келтіретін қоғамдық құрылымға қаттық қалал келтіретін және адам өлімдеріне себеп болуы мүмкін болған кез-келген қауіпті ауа райының құбылыстарына айтылатын ұғым.,қаһарлы ауа райы ауыр зақым келтіретін қоғамдық құрылымға қатты қалал келтіретін және адам өлімдеріне себеп болуы мүмкін болған кез келген қауіпті ауа райының құбылыстарына айтылатын ұғым,қақарлы ауа райы ауыр зақым келтіретін қоғамдық құрылымға қаттық қалал келтіретін және адам өлімдеріне себеп болуы мүмкін болған кез келген қауіпті ауа райының құбылыстарына айтылатын ұғым
1884,Атап айтқанда адамның бетіндегі микро өзгерістерді түсіндіру арқылы оның өтірік айтуын анықтауға болады.,Атап айтқанда адамның бетіндегі микро өзгерістерді түсіндіру арқылы оның өтірік айтуын анықтауға болады.,атап айтқанда адамның бетіндегі микро өзгерістерді түсіндіру арқылы оның өтірік айтуын анықтауға болады,атап айтқанда адамның бетіндегі микро өзгерістерді түсіндіру арқылы оның өтірік айтуын анықтауға болады
1808,"Соғыс аяқталғаннан кейін екі жылда, бұрынғы одақтастар енді жаулар болды және суық соғыс басталды.",Соғыс аяқталғаннан кейін екі жылда бұрынғы одақтастар енді жаулар болып болды және суық соғыс басталды.,соғыс аяқталғаннан кейін екі жылда бұрынғы одақтастар енді жаулар болды және суық соғыс басталды,соғыс аяқталғаннан кейін екі жылда бұрынғы одақтастар енді жаулар болып болды және суық соғыс басталды
1803,"Сіздің қолыңыздағы ылғал сыртқы қабаттармен өзара әрекетке түсіп, біртүрлі сезіледі және қорғаныс қабығын түзеді.","Сіздің қолңыздағы ылғал сыртқы қабаттар мен өзері әрекетке түсіп, бір түрлі сезіледі және қорғаныс қабығын түзеді.",сіздің қолыңыздағы ылғал сыртқы қабаттармен өзара әрекетке түсіп біртүрлі сезіледі және қорғаныс қабығын түзеді,сіздің қолңыздағы ылғал сыртқы қабаттар мен өзері әрекетке түсіп бір түрлі сезіледі және қорғаныс қабығын түзеді
1892,"Бұл – Британдық отарлаушылардың өз меншігі ретінде басып алған орны, сондықтан егер сіз аумақтың отаршылдықта болғанының дәлелдерін іздесеңіз, бұл – бастамаңыз үшін қолайлы орын.","Бұл британдық отарлаушылардың өзменшігі ретінде басып алған орны, сондықтан егер сіз аумақтың отаршылдықта болғанының дәлелдерін іздесеңіз, бұл бастамаңыз үшін қолайлы орын.",бұл британдық отарлаушылардың өз меншігі ретінде басып алған орны сондықтан егер сіз аумақтың отаршылдықта болғанының дәлелдерін іздесеңіз бұл бастамаңыз үшін қолайлы орын,бұл британдық отарлаушылардың өзменшігі ретінде басып алған орны сондықтан егер сіз аумақтың отаршылдықта болғанының дәлелдерін іздесеңіз бұл бастамаңыз үшін қолайлы орын
1735,"Америка Құрама Штаттарындағы Принстон университетінің және Швециядағы Упсала университетінің зерттеушілері бар болғаны екі буында жаңа түрдің пайда болғанын мәлімдеді, дегенмен бұл процесс Дарвиннің шұбар шымшығын, Геоспиза шұбар шымшығын және иммигрант кактус шұбар шымшығын (Geospiza conirostris) будандастыруға байланысты бұл процесс әлдеқайда ұзағыраққа созылады деп есептеліп келген.","Америка Құрама Штаттарындағы Принстон университетінің және Швециядағы упсалы университетінің зерттеушілері бар болған екі буында жаңа түрдің пайда болғанын мәлімдеді, дегенмен бұл процес Дарвиннің шыбаршым шығым, Геоспиза шыбаршым шығын және иммигрант кактус шығаршым шығын геоспизден шығымКүниростис, бұдандастыруға байланысты бұл процес әлдеқайда ұзағырақ қасозылады деп есептеліп келген.",америка құрама штаттарындағы принстон университетінің және швециядағы упсала университетінің зерттеушілері бар болғаны екі буында жаңа түрдің пайда болғанын мәлімдеді дегенмен бұл процесс дарвиннің шұбар шымшығын геоспиза шұбар шымшығын және иммигрант кактус шұбар шымшығын geospiza conirostris будандастыруға байланысты бұл процесс әлдеқайда ұзағыраққа созылады деп есептеліп келген,америка құрама штаттарындағы принстон университетінің және швециядағы упсалы университетінің зерттеушілері бар болған екі буында жаңа түрдің пайда болғанын мәлімдеді дегенмен бұл процес дарвиннің шыбаршым шығым геоспиза шыбаршым шығын және иммигрант кактус шығаршым шығын геоспизден шығымкүниростис бұдандастыруға байланысты бұл процес әлдеқайда ұзағырақ қасозылады деп есептеліп келген
1964,"Қазірге дейін әйгілі ""25 Данлэп парақтары"" құжаттың ең көне көшірмелері болып табылады. Түпнұсқалық қолжазба көшірмесі сақталмаған.","Қазірге дейін айыйлылі 25 Данллилеп парақтары құжаттың ең көне көшірмелер болып табылады, тіп нұсқалық қолжазба көшірмесі сақталмаған.",қазірге дейін әйгілі 25 данлэп парақтары құжаттың ең көне көшірмелері болып табылады түпнұсқалық қолжазба көшірмесі сақталмаған,қазірге дейін айыйлылі 25 данллилеп парақтары құжаттың ең көне көшірмелер болып табылады тіп нұсқалық қолжазба көшірмесі сақталмаған
1878,Шіркеудің орталық билігі мың жылдар бойы Римде болған және бұл қуат пен ақшаның шоғырлануы көп адамдарда бұл принциптің ұсталынып жатқаны туралы сұрақтың туындауына әкелді.,Шіркеудің орталық бейлгі мың жылдар бойы римде болған және бұл қуат пен ақшаның шоғырлануы көп адамдарда бұл принциптің ұсталынып жатқаны туралы сұрақтың туындауына әкелді.,шіркеудің орталық билігі мың жылдар бойы римде болған және бұл қуат пен ақшаның шоғырлануы көп адамдарда бұл принциптің ұсталынып жатқаны туралы сұрақтың туындауына әкелді,шіркеудің орталық бейлгі мың жылдар бойы римде болған және бұл қуат пен ақшаның шоғырлануы көп адамдарда бұл принциптің ұсталынып жатқаны туралы сұрақтың туындауына әкелді
1994,"Егер сіз романдық тілді білсеңіз, сізге португал тілін үйрену оңайырақ болатынын айтпай-ақ қойса да болады.","Егер сіз рамандық тілді білсеңіз, сізге португал тілін үйрену оңайрақ болатынын айпайық қойса да болады.",егер сіз романдық тілді білсеңіз сізге португал тілін үйрену оңайырақ болатынын айтпай ақ қойса да болады,егер сіз рамандық тілді білсеңіз сізге португал тілін үйрену оңайрақ болатынын айпайық қойса да болады
1811,"802.11n стандарты 2,4 Ггц және 5,0 Ггц жиіліктерінде жұмыс істейді.","802.11n стандартты екі 3,4 Гегагерц және 5 Гегагерц желіктерінде жұмыс істейді.",802 11n стандарты 2 4 ггц және 5 0 ггц жиіліктерінде жұмыс істейді,802 11n стандартты екі 3 4 гегагерц және 5 гегагерц желіктерінде жұмыс істейді
1804,Гаитидегі әділет және демократия институты БҰҰ Непал бейбітшіл батальоны өздері байқамай ауруды Гаитиге әкелген деп пайымдайтын тәуелсіз зерттеулерді көрсетті.,Гаитидегі әдлет және демократия институті Біркенлт Тариман Ипал ойынша бейбітшіл батальйоны өздер байғамай ауруды Гаитиге әкелгенде пайымдайтын тәуелсіз дертеулерді көрсетті.,гаитидегі әділет және демократия институты бұұ непал бейбітшіл батальоны өздері байқамай ауруды гаитиге әкелген деп пайымдайтын тәуелсіз зерттеулерді көрсетті,гаитидегі әдлет және демократия институті біркенлт тариман ипал ойынша бейбітшіл батальйоны өздер байғамай ауруды гаитиге әкелгенде пайымдайтын тәуелсіз дертеулерді көрсетті
1746,Өсімдіктер күн сәулесінен фотосинтез арқылы қуат алады. Олар сонымен қатар көлеңе береді.,Өсімдіктер күн сәулесінен фотосинтус арқылы қуат алады. Олар сонымен қатар көленге береді.,өсімдіктер күн сәулесінен фотосинтез арқылы қуат алады олар сонымен қатар көлеңе береді,өсімдіктер күн сәулесінен фотосинтус арқылы қуат алады олар сонымен қатар көленге береді
1899,Мұхаммед өзінің күнделікті өмірінен тыс мәселелерге қатты қызығатын. Ол ойлану үшін «Нұр» (жарық) тауындағы «Хира» ретінде белгілі болған үңгірге жиі баратын.,"Мұхаммед өзінің күнжелікті өміріннен тыс мәселерге қатты қызығатын. Ол ойлану үшін нұр жарық, тауындағы хира ретінде белгілі болған өңгірге жиі баратын.",мұхаммед өзінің күнделікті өмірінен тыс мәселелерге қатты қызығатын ол ойлану үшін нұр жарық тауындағы хира ретінде белгілі болған үңгірге жиі баратын,мұхаммед өзінің күнжелікті өміріннен тыс мәселерге қатты қызығатын ол ойлану үшін нұр жарық тауындағы хира ретінде белгілі болған өңгірге жиі баратын
1919,"Қала Африкадағы ең арзан тау горилласы саудасының орталығы болумен қатар, Ньирагонго жанартауына шығуда негізгі қала қызметін атқарады.","Қала, Африкадағы ең арзан тау Гариласы саудасының орталығы болымен қатар Нирагонга жаңартауына шығудан негізгі қала қызметін атқарады.",қала африкадағы ең арзан тау горилласы саудасының орталығы болумен қатар ньирагонго жанартауына шығуда негізгі қала қызметін атқарады,қала африкадағы ең арзан тау гариласы саудасының орталығы болымен қатар нирагонга жаңартауына шығудан негізгі қала қызметін атқарады
1731,Архипелагтар мен көлдерде сізге яхта қажет емес.,Архипелагтар мен көлдерде сізге яқта қажет емес.,архипелагтар мен көлдерде сізге яхта қажет емес,архипелагтар мен көлдерде сізге яқта қажет емес
1683,"Мұнда осы уақытқа дейін осында өмір сүрген көптеген ерлер мен әйелдер, сондай-ақ жақындары қаза болған немесе соңғы демі қалғанша қызмет еткен еврей, еврей емес тірі адамдар көп.","Мұнда осы уақытқа дейін осында өмір сүрген көптеген ерлер мен әйелдер, сондай-ақ жақындары қаза болған немесе соңғы демі қалғанша қызмет еткен еврий ерей емес түр адамдар көп.",мұнда осы уақытқа дейін осында өмір сүрген көптеген ерлер мен әйелдер сондай ақ жақындары қаза болған немесе соңғы демі қалғанша қызмет еткен еврей еврей емес тірі адамдар көп,мұнда осы уақытқа дейін осында өмір сүрген көптеген ерлер мен әйелдер сондай ақ жақындары қаза болған немесе соңғы демі қалғанша қызмет еткен еврий ерей емес түр адамдар көп
1935,"Алайда, бұл дұрыс емес. Құжаттың артында белгілі бір мәлімет жазылған болса да, ол қазынаға жеткізетін карта емес.","Алайда, бұл дұрыс емес. Құжаттың артында белгілі бір мәлімет жазылған болса да, ол қазынаға жеткізетін карта емес.",алайда бұл дұрыс емес құжаттың артында белгілі бір мәлімет жазылған болса да ол қазынаға жеткізетін карта емес,алайда бұл дұрыс емес құжаттың артында белгілі бір мәлімет жазылған болса да ол қазынаға жеткізетін карта емес
1865,Санкт-Петербургтегі круиздерге қаладағы уақыт кіреді. Круиз жолаушылары виза режиміндегі талаптардан азат етілген (талаптарды көріп шығыңыз).,Санкт-Петербургтегі круиздерге қаладағы уақыт кіреді. Круиз жолаушылары виза режиміндегі талаптардан азат етілген талаптарды көріп шығынз.,санкт петербургтегі круиздерге қаладағы уақыт кіреді круиз жолаушылары виза режиміндегі талаптардан азат етілген талаптарды көріп шығыңыз,санкт петербургтегі круиздерге қаладағы уақыт кіреді круиз жолаушылары виза режиміндегі талаптардан азат етілген талаптарды көріп шығынз
1997,Алайда туберкулезбен ауыратын адамдардың бүкіл тобындағы XDR-ТБ пайызы әлі де төмен болып көрінеді; Оңтүстік Африкада әрбір сәтте жалпы 330 000 адамның 6 мыңы ауру жұқтырады.,Алайда түгір күлезіпен ауыратын адамдардың бүкіл тобындағы 2DR-TB пайызы әлі де төмен болып көрінеді. Оңтүстік Африкада әрбіл сетте жалпы 330 000 адамның 6000-ға ауру жұқтырады.,алайда туберкулезбен ауыратын адамдардың бүкіл тобындағы xdr тб пайызы әлі де төмен болып көрінеді оңтүстік африкада әрбір сәтте жалпы 330 000 адамның 6 мыңы ауру жұқтырады,алайда түгір күлезіпен ауыратын адамдардың бүкіл тобындағы 2dr tb пайызы әлі де төмен болып көрінеді оңтүстік африкада әрбіл сетте жалпы 330 000 адамның 6000 ға ауру жұқтырады
1870,Көріністер пирамидаларда көрсетіледі және әртүрлі пирамидалар жанады.,Көрінстер фирамидаларда көрсетіледі және әртүрлі пирамидалар жанады.,көріністер пирамидаларда көрсетіледі және әртүрлі пирамидалар жанады,көрінстер фирамидаларда көрсетіледі және әртүрлі пирамидалар жанады
1713,"Гома жеткілікті деңгейде қауіпсіз болғанмен, Гомадан тыс аймақтарға шығудан бұрын, Солтүстік Киву провинциясындағы соғыс жағдайын түсіну үшін аздап зерттеу жүргізген дұрыс.","Гома жеткілікті деңгейде қауіпсіз болғанмен, Гомадан тыс аймақтарда шығудан бұрын солтүстік Киуу провинциясындағы соғыс жағдайын түсіну үшін аздап зерттеу жүргізген дұрыс.",гома жеткілікті деңгейде қауіпсіз болғанмен гомадан тыс аймақтарға шығудан бұрын солтүстік киву провинциясындағы соғыс жағдайын түсіну үшін аздап зерттеу жүргізген дұрыс,гома жеткілікті деңгейде қауіпсіз болғанмен гомадан тыс аймақтарда шығудан бұрын солтүстік киуу провинциясындағы соғыс жағдайын түсіну үшін аздап зерттеу жүргізген дұрыс
1958,"Бұл қала елдің қалған қалаларынан өте ерекше, өйткені онда африкандықтан ерекшеліктерден гөрі араб ерекшеліктері көбірек.","Бұл қала елдің қалған қалаларының өте ерекше, өткені онда афикандықтан ерекшеліктерде, гөрі, арап ерекшеліктері көбірек.",бұл қала елдің қалған қалаларынан өте ерекше өйткені онда африкандықтан ерекшеліктерден гөрі араб ерекшеліктері көбірек,бұл қала елдің қалған қалаларының өте ерекше өткені онда афикандықтан ерекшеліктерде гөрі арап ерекшеліктері көбірек
1927,"Ангел (2006), «Континуум» тәсілін ұйымдардың өнімділіктің жоғарырақ деңгейіне жетуіне көмектесу үшін пайдаланылатын әдіс ретінде түсіндіреді.",Ангел 2006 континьум тәсілін ұйымдардың өнімділіктің жұғарырақ деңгейіне жетуіне көмектесу үшін пайдаланатын әдсіретінде түсіндіреді.,ангел 2006 континуум тәсілін ұйымдардың өнімділіктің жоғарырақ деңгейіне жетуіне көмектесу үшін пайдаланылатын әдіс ретінде түсіндіреді,ангел 2006 континьум тәсілін ұйымдардың өнімділіктің жұғарырақ деңгейіне жетуіне көмектесу үшін пайдаланатын әдсіретінде түсіндіреді
1895,Грек тілін білу азайғаннан кейін батыс өзінің грек философиялық және ғылыми түбірлерінен бөлініп кеткенін тапты.,Грек тілін білу азайғаннан кейін батыс өзінің грек философиялық және ғылыми түрлерінен бөлініп кеткенін тапты.,грек тілін білу азайғаннан кейін батыс өзінің грек философиялық және ғылыми түбірлерінен бөлініп кеткенін тапты,грек тілін білу азайғаннан кейін батыс өзінің грек философиялық және ғылыми түрлерінен бөлініп кеткенін тапты
1670,"""Олардың температуралық сипаттамалары жер бетіндегі тұрақты температураны сақтайтын үлкен үңгірлер сияқты тұрақты емес, бірақ бұл олардың жердегі терең үңгірлерге сәйкес келеді"", - деді Глен Кушинг, АҚШ геологиялық қызметі (USGS) астрогеология тобы және Аризона штатының Флагстафф қаласында орналасқан Солтүстік Аризона университетінің мүшесі Глен Кушинг.","Олардың температуралық сипаттамалары жер бетіндегі тұрақты температураны сақтайтын үлкен үңгірлер сияқты тұрақты емес, бірақ. Бұл олардың жердегі терең үңгірлерге сәйкес келеді, деді Глен Кушинг ағыш геологиялық қызметі USGS астрологиялық тобы және Оризан аштатының Флакс Стафт қаласында орналасқан Солтүстік Оризона университінің мүшесі Глен Кушинг.",олардың температуралық сипаттамалары жер бетіндегі тұрақты температураны сақтайтын үлкен үңгірлер сияқты тұрақты емес бірақ бұл олардың жердегі терең үңгірлерге сәйкес келеді деді глен кушинг ақш геологиялық қызметі usgs астрогеология тобы және аризона штатының флагстафф қаласында орналасқан солтүстік аризона университетінің мүшесі глен кушинг,олардың температуралық сипаттамалары жер бетіндегі тұрақты температураны сақтайтын үлкен үңгірлер сияқты тұрақты емес бірақ бұл олардың жердегі терең үңгірлерге сәйкес келеді деді глен кушинг ағыш геологиялық қызметі usgs астрологиялық тобы және оризан аштатының флакс стафт қаласында орналасқан солтүстік оризона университінің мүшесі глен кушинг
1753,"Бұл көбінесе бар болғаны дәл емес стереотип болғанымен, Парижде өмір сүрудің ең жақсы жолы – ең жақсы мінез-құлықты көрсету, жақсы тәрбиеленген адам сияқты әрекет ету. Бұл саяхаттауды айтарлықтай жеңілдетеді.","Бұл көбінесе бар болғаны дәл емес тереотип болғаны мен Парижде өмір сүрудің ең жақсы жоғы ең жақсы мінез-құлықты көрсету, жақсы тәрбиеленген адам сияқты әрекет ету, бұл саяхаттаудың айтарлықтай жеңілдіктеді.",бұл көбінесе бар болғаны дәл емес стереотип болғанымен парижде өмір сүрудің ең жақсы жолы ең жақсы мінез құлықты көрсету жақсы тәрбиеленген адам сияқты әрекет ету бұл саяхаттауды айтарлықтай жеңілдетеді,бұл көбінесе бар болғаны дәл емес тереотип болғаны мен парижде өмір сүрудің ең жақсы жоғы ең жақсы мінез құлықты көрсету жақсы тәрбиеленген адам сияқты әрекет ету бұл саяхаттаудың айтарлықтай жеңілдіктеді
1887,"Лиггинс ауруханада жұмыс істей бастағанда, бос уақытында мерзімінен бұрын босануды зерттей бастады.",Лигинс ауруханада жұмыс істей бастағанда бос уақытында мерзімнен бұрын босануды зерттей астады.,лиггинс ауруханада жұмыс істей бастағанда бос уақытында мерзімінен бұрын босануды зерттей бастады,лигинс ауруханада жұмыс істей бастағанда бос уақытында мерзімнен бұрын босануды зерттей астады
1687,Сегрегация және рекомбинация әр буында екі пул арасында вариацияларды араластырып отырады.,Сегрегация және рекомбинация әрбуында екі пул арасында вариацияларды араластырып отырады.,сегрегация және рекомбинация әр буында екі пул арасында вариацияларды араластырып отырады,сегрегация және рекомбинация әрбуында екі пул арасында вариацияларды араластырып отырады
1725,Ертеректе шығындарды азайту және функционалдылық факторларына байланысты бүкіл әлемде шығарылған ASUS Eee компьютері 2007 жылғы Тайбэй АТ айлығының өзекті тақырыбына айналды.,Ертеректе шығындарды азайту және функционалдық факторларға байланысты бүкіл әлемде шығарылған ASUS e-компьютері 2007 жылы Тайбей 8D айлығының өзекті тақырыбына айналды.,ертеректе шығындарды азайту және функционалдылық факторларына байланысты бүкіл әлемде шығарылған asus eee компьютері 2007 жылғы тайбэй ат айлығының өзекті тақырыбына айналды,ертеректе шығындарды азайту және функционалдық факторларға байланысты бүкіл әлемде шығарылған asus e компьютері 2007 жылы тайбей 8d айлығының өзекті тақырыбына айналды
1838,Гизадағы Ұлы Пирамида - жеті ғажайыптың ішіндегі бүгінгі күнге дейін сақталып қалған жалғыз ғажап.,Ғизада ұлы пирамида жеті ғажайыптың ішіндегер бүгінгі күнде дейін сұақталып қалған жалғұзға жап.,гизадағы ұлы пирамида жеті ғажайыптың ішіндегі бүгінгі күнге дейін сақталып қалған жалғыз ғажап,ғизада ұлы пирамида жеті ғажайыптың ішіндегер бүгінгі күнде дейін сұақталып қалған жалғұзға жап
1856,Финляндия — керемет қайықпен баратын жер. «Мың көлдің жерінде» көлдерде және жағалаудағы архипелагтарда мыңдаған аралдар да бар.,Финлянде керемет қайықпен баратын жер. Мұң көлдің жерінде көлдерде және жағалаудағы архипелагтарда мыңдаған аралдарда бар.,финляндия керемет қайықпен баратын жер мың көлдің жерінде көлдерде және жағалаудағы архипелагтарда мыңдаған аралдар да бар,финлянде керемет қайықпен баратын жер мұң көлдің жерінде көлдерде және жағалаудағы архипелагтарда мыңдаған аралдарда бар
1942,Біз үйлерімізді өсімдіктерден жасаймыз және киімдерді өсімдіктерден жасаймыз. Біз жейтін тамақтардың көпшілігі өсімдіктер болып табылады. Өсімдіктерсіз жануарлар тірі қалмайтын еді.,Біз үйлерімі сөсімдіктерден жасаймыз және киімдерді өсімдіктерден жасаймыз. Біз жидің тамақтардың көпшіліке өсімдіктер болып табылады. өсімдіктерсіз жануарлар тірі қалмайтын еді.,біз үйлерімізді өсімдіктерден жасаймыз және киімдерді өсімдіктерден жасаймыз біз жейтін тамақтардың көпшілігі өсімдіктер болып табылады өсімдіктерсіз жануарлар тірі қалмайтын еді,біз үйлерімі сөсімдіктерден жасаймыз және киімдерді өсімдіктерден жасаймыз біз жидің тамақтардың көпшіліке өсімдіктер болып табылады өсімдіктерсіз жануарлар тірі қалмайтын еді
1785,"Құрылыс ағаштары - бұл оқыту әдісі емес, жаңа компьютерлік бағдарламаны пайдалану немесе жаңа жобаны бастау секілді жаңа оқу тәжірибесінен өтіп жатқан жеке тұлғаларға қолдау көрсететін көмек түрі.","Құрылыс ағаштары бұл оқыту әдісі емес, жаңа компьютерлік бағдарламаны пайдалану немесе жаңа жобаны бастау секілді жаңа оқу тәжірибесінен өтіп жатқан жеке тұлғаларға қолдау көрсететін көмектірі.",құрылыс ағаштары бұл оқыту әдісі емес жаңа компьютерлік бағдарламаны пайдалану немесе жаңа жобаны бастау секілді жаңа оқу тәжірибесінен өтіп жатқан жеке тұлғаларға қолдау көрсететін көмек түрі,құрылыс ағаштары бұл оқыту әдісі емес жаңа компьютерлік бағдарламаны пайдалану немесе жаңа жобаны бастау секілді жаңа оқу тәжірибесінен өтіп жатқан жеке тұлғаларға қолдау көрсететін көмектірі
1934,Әдетте сіз туристердің және сатушылардың дыбысын әрқашан естисіз. Дыбыс пен жарықтан тұратын хикая дәл хикая кітабы сияқты болады.,Әдетте сіз туристердің және сатушылардың дыбысын әрқашан естисіз. Дыбыспен жарықтан тұратын хикая тәл хикая кітәп сияқты болады.,әдетте сіз туристердің және сатушылардың дыбысын әрқашан естисіз дыбыс пен жарықтан тұратын хикая дәл хикая кітабы сияқты болады,әдетте сіз туристердің және сатушылардың дыбысын әрқашан естисіз дыбыспен жарықтан тұратын хикая тәл хикая кітәп сияқты болады
1675,"Барлық зат есімдер, сонымен бірге «сіз» дегенді білдіретін «Sie» сөзі, тіпті сөйлемнің ортасында да бас әріптен басталады.","Барлық зат есімдер, сонымен бірге «сіз» дегенді білдіретін «с» сөзі тіпті сөйлемнің ортасында да бас арыптен басталады.",барлық зат есімдер сонымен бірге сіз дегенді білдіретін sie сөзі тіпті сөйлемнің ортасында да бас әріптен басталады,барлық зат есімдер сонымен бірге сіз дегенді білдіретін с сөзі тіпті сөйлемнің ортасында да бас арыптен басталады
1945,Касабланка — бүкіл Мароккодағы шоппинг жасау ең қызық емес жерлердің бірі.,Касабланка бүкіл мароқадағы шоппинг жасау ең қызық емес жерлердің бірі.,касабланка бүкіл мароккодағы шоппинг жасау ең қызық емес жерлердің бірі,касабланка бүкіл мароқадағы шоппинг жасау ең қызық емес жерлердің бірі
1837,Реконструкция әрекеттерін либералдық сынау реконструкция келісімшарттарын солай деп саналатын Вашингтон инсайдерлеріне беруге баса көңіл бөлді.,"Реконструкция әрекеттерін, либералдық сынау, реконструкция келімші келесім шарттарын солай деп саналатын Вашингтон инсайдерлеріне беруге баса көңіл бөлді.",реконструкция әрекеттерін либералдық сынау реконструкция келісімшарттарын солай деп саналатын вашингтон инсайдерлеріне беруге баса көңіл бөлді,реконструкция әрекеттерін либералдық сынау реконструкция келімші келесім шарттарын солай деп саналатын вашингтон инсайдерлеріне беруге баса көңіл бөлді
1973,"Бірақ экватордан бар болғаны бірнеше градус солтүстікте орналасқан «жоғары тропиктерде» орналасқандықтан, жылуға (әрқашан) және қатты күнге (аспан анық кезде, сирегірек) шыдауыңыз керек болады.","Бірақ Экватордан бар болғаны бірнеше градус солтүстікке орналысқан, жоғарғы тропиктерде орналысқан дықтан, жылуы әрқашан және қатты күнге аспан анық кезде сиірегірек шыдауыңыз керек болады.",бірақ экватордан бар болғаны бірнеше градус солтүстікте орналасқан жоғары тропиктерде орналасқандықтан жылуға әрқашан және қатты күнге аспан анық кезде сирегірек шыдауыңыз керек болады,бірақ экватордан бар болғаны бірнеше градус солтүстікке орналысқан жоғарғы тропиктерде орналысқан дықтан жылуы әрқашан және қатты күнге аспан анық кезде сиірегірек шыдауыңыз керек болады
1827,"Жер қыртысының қалыңдығы жақын жағында шамамен 70 км, ал алыс жағында 100 км.","Жер қыртысының қалындығы жағында шамамен 70 км, ал ұшағында 100 км.",жер қыртысының қалыңдығы жақын жағында шамамен 70 км ал алыс жағында 100 км,жер қыртысының қалындығы жағында шамамен 70 км ал ұшағында 100 км
1854,Көліктің өзі сол күні шамамен 12:00 GMT уақытында апат орнынан әкетілген.,Көліктің өзі сол күні шамамен 12.00 GMT уақытында апат орнынан әкетілген.,көліктің өзі сол күні шамамен 12 00 gmt уақытында апат орнынан әкетілген,көліктің өзі сол күні шамамен 12 00 gmt уақытында апат орнынан әкетілген
1708,Хьюн қызметтен кетуді сұранды және оны кабинетте Эд Дэви МП ауыстырады. Норман Лэмб МП Дэви босатып жатқан Бизнес министрі жұмысын алады деп күтілуде.,Хюн қызметтен кетуі сұрында және оны кабинетте ADDMP ауыстырады. Норман Лэмп Дэви босатып жатқан бизнес-министрі жұмысын алады деп күтілудже.,хьюн қызметтен кетуді сұранды және оны кабинетте эд дэви мп ауыстырады норман лэмб мп дэви босатып жатқан бизнес министрі жұмысын алады деп күтілуде,хюн қызметтен кетуі сұрында және оны кабинетте addmp ауыстырады норман лэмп дэви босатып жатқан бизнес министрі жұмысын алады деп күтілудже
1985,"Бұл альптық стильдегі шаңғы туризмімен немесе альпинизммен байланысты (бірақ әдетте байланысты болмайды), соңғысы тік еңістіктерде өткізіледі және қатты шаңғы мен аяқ киімді қажет етеді.","Бұл алипты қыстилдегі шаңғы туризмнен немесе альпинизмнен байланысты, бірақ әдетте байланысты болмайды, соңғысы тік еңістіктерде өткізділеді және қатты шаңғымен аяқ киімді қажет етеді.",бұл альптық стильдегі шаңғы туризмімен немесе альпинизммен байланысты бірақ әдетте байланысты болмайды соңғысы тік еңістіктерде өткізіледі және қатты шаңғы мен аяқ киімді қажет етеді,бұл алипты қыстилдегі шаңғы туризмнен немесе альпинизмнен байланысты бірақ әдетте байланысты болмайды соңғысы тік еңістіктерде өткізділеді және қатты шаңғымен аяқ киімді қажет етеді
1750,Сондай-ақ бұл ашу құстар қауырсындарының эволюциясына көрініс береді.,Сондай-ақ бұл ашу-құстар қауіпсіндарының эволюциясына көрініс береді.,сондай ақ бұл ашу құстар қауырсындарының эволюциясына көрініс береді,сондай ақ бұл ашу құстар қауіпсіндарының эволюциясына көрініс береді
1992,"«Сафари» терминінің кең таралған мағынасы Африканың таң қалдыратын жабайы табиғатын, әсіресе саваннаны көруге жер бетімен саяхаттауды білдіреді.",Сафари терминінің кең таралған мағынасы Африканың таң қалдыратын жабайы табиғатын әсіресе саваннаны көруге жер бетімен саяхаттауды білдіреді.,сафари терминінің кең таралған мағынасы африканың таң қалдыратын жабайы табиғатын әсіресе саваннаны көруге жер бетімен саяхаттауды білдіреді,сафари терминінің кең таралған мағынасы африканың таң қалдыратын жабайы табиғатын әсіресе саваннаны көруге жер бетімен саяхаттауды білдіреді
1940,"Барлығын назарға ала отырып, егер біздің ата-бабаларымыз өздерінің ""қоректену мәселесін"" бүгінде саваннадағы шимпанзелер қолданатын әдіспен шешкен болса таң қалмауымыз керек.","Барлығын назарға алауы тұрып, егер біздің ата-бабаларым сөздерінің қоректену мәселесін бүгінде саваннадағы шимпанзалер қолданатын әдіспен шешкен болса, таң қалмауыңыз керек.",барлығын назарға ала отырып егер біздің ата бабаларымыз өздерінің қоректену мәселесін бүгінде саваннадағы шимпанзелер қолданатын әдіспен шешкен болса таң қалмауымыз керек,барлығын назарға алауы тұрып егер біздің ата бабаларым сөздерінің қоректену мәселесін бүгінде саваннадағы шимпанзалер қолданатын әдіспен шешкен болса таң қалмауыңыз керек
1704,1990 жылы ол шөл құмдары қаупіне байланысты қауіп төніп тұрған әлемдік мұралар тізіміне қосылды.,1990 жылы ол шөлқұмдары қаупіне байланысты қауіп төніп тұрған әлемдік мұралар тізіміне қосылды.,1990 жылы ол шөл құмдары қаупіне байланысты қауіп төніп тұрған әлемдік мұралар тізіміне қосылды,1990 жылы ол шөлқұмдары қаупіне байланысты қауіп төніп тұрған әлемдік мұралар тізіміне қосылды
1906,«Бұл қоштасу болайын деп тұрған жоқ. Бұл — бір тараудың жабылуы және жаңасының ашылуы».,"Бұл қоштасу болайын деп тұрған жоқ, бұл бір тараудың жабылуы және жаңасының ашылуы.",бұл қоштасу болайын деп тұрған жоқ бұл бір тараудың жабылуы және жаңасының ашылуы,бұл қоштасу болайын деп тұрған жоқ бұл бір тараудың жабылуы және жаңасының ашылуы
1817,Шенген аймағы бұл тұрғыдан бір ел сияқты жұмыс істейді.,Шеңген аймаға бұл тұрғыдан бір ел сияқты жұмыс істейді.,шенген аймағы бұл тұрғыдан бір ел сияқты жұмыс істейді,шеңген аймаға бұл тұрғыдан бір ел сияқты жұмыс істейді
1695,"Қарапайым танымал түскі ас, әсіресе жазда – Па амб Оли: зәйтүн майы, қызанақ және ірімшік, тунец, т.б. сияқты кез келген қолжетімді дәмдеуіштер қосылған нан.",Қарапайым танымал түскі ас әсіресе жазда PAMB оли зайтінмайы қызанақ және үрімшек тунет тағбаса сияқты кез-келген қолжетімді дәмдеуіштер қосылғаннан.,қарапайым танымал түскі ас әсіресе жазда па амб оли зәйтүн майы қызанақ және ірімшік тунец т б сияқты кез келген қолжетімді дәмдеуіштер қосылған нан,қарапайым танымал түскі ас әсіресе жазда pamb оли зайтінмайы қызанақ және үрімшек тунет тағбаса сияқты кез келген қолжетімді дәмдеуіштер қосылғаннан
1738,Сондай-ақ ол суға кірген кез келген нәрсеге шабуылдайтын; тіпті тиранозавр сияқты алып динозавр да оған тең келмейтін.,Сондай-ақ ол суға кірген кез келген нәрсеге шабуылдайтын діпті тираназабыр сияқты алып динозабырда оған теңкелмейтін.,сондай ақ ол суға кірген кез келген нәрсеге шабуылдайтын тіпті тиранозавр сияқты алып динозавр да оған тең келмейтін,сондай ақ ол суға кірген кез келген нәрсеге шабуылдайтын діпті тираназабыр сияқты алып динозабырда оған теңкелмейтін
1898,"«Ол [Уэльс] бізге әуел бастан-ақ өтірік айтты. Біріншіден, бұл заңды себептермен болғандай әрекет ету арқылы. Екіншіден, өзінің өнерін жойғанға дейін бізге құлақ салғандай бола қалу арқылы».","Ол Уэльс «Бізге әуел бастанақ өтірігі айтты». Бірінші ден бұл заңды себептермен болғандай әреке дейту арқылы, екінші ден өзінің өнерін жойғанға дейін бізге құлақ салғандай болақ алу арқылы.",ол уэльс бізге әуел бастан ақ өтірік айтты біріншіден бұл заңды себептермен болғандай әрекет ету арқылы екіншіден өзінің өнерін жойғанға дейін бізге құлақ салғандай бола қалу арқылы,ол уэльс бізге әуел бастанақ өтірігі айтты бірінші ден бұл заңды себептермен болғандай әреке дейту арқылы екінші ден өзінің өнерін жойғанға дейін бізге құлақ салғандай болақ алу арқылы
1808,"Соғыс аяқталғаннан кейін екі жылда, бұрынғы одақтастар енді жаулар болды және суық соғыс басталды.","Соғыс аяқталғаннан кейін екі жылда, бұрынғы одақтастар енді жағулап болды және соғыс соғыс басталды.",соғыс аяқталғаннан кейін екі жылда бұрынғы одақтастар енді жаулар болды және суық соғыс басталды,соғыс аяқталғаннан кейін екі жылда бұрынғы одақтастар енді жағулап болды және соғыс соғыс басталды
1876,Солтүстік Мариан аралдарындағы төтенше жағдай қызметі елде ешқандай зақым келтіретін жағдайлар орын алмады деп хабарлайды.,Сол түстік мариан аралдарындағы төтенше жағдай қызметі елде ешқандай зақым келтіретін жағдайлар орын алмады деп хабарлайды.,солтүстік мариан аралдарындағы төтенше жағдай қызметі елде ешқандай зақым келтіретін жағдайлар орын алмады деп хабарлайды,сол түстік мариан аралдарындағы төтенше жағдай қызметі елде ешқандай зақым келтіретін жағдайлар орын алмады деп хабарлайды
1809,"Жолдарды орнында ұстау үшін шпалдар айтарлықтай ерте енгізілді. Алайда, бірте-бірте, жолдың үстінде темір бөлік болса, жолдар тиімдірек болатыны түсінілді.","Жолдарды орында ұстау үшін ұшпалдар айтарлықтай ерте енгізілді, алайда бірте-бірте жолдың үстінде темір бөліп болса, жолдар тиімдірек болатына түсінілді.",жолдарды орнында ұстау үшін шпалдар айтарлықтай ерте енгізілді алайда бірте бірте жолдың үстінде темір бөлік болса жолдар тиімдірек болатыны түсінілді,жолдарды орында ұстау үшін ұшпалдар айтарлықтай ерте енгізілді алайда бірте бірте жолдың үстінде темір бөліп болса жолдар тиімдірек болатына түсінілді
1873,"Ер адамдардан бас тартқанда берік болыңыз және өз пікіріңізден таймаңыз (мәдени айырмашылықтар болсын-болмасын, бұл дұрыс емес!).","Ер адамдардан бас тартқан да бирік болыңыз және өз бікііңізден таймаңыз. Мәдени, айырмашылықтар болсын болмасын бұл дұрыс емес.",ер адамдардан бас тартқанда берік болыңыз және өз пікіріңізден таймаңыз мәдени айырмашылықтар болсын болмасын бұл дұрыс емес,ер адамдардан бас тартқан да бирік болыңыз және өз бікііңізден таймаңыз мәдени айырмашылықтар болсын болмасын бұл дұрыс емес
1816,"Үйленген, екі ересек баласы бар Дюваль хикаяны тыңдаған Миллерге үлкен әсер қалдырмады.",Үйленген екі ересек баласы бар дзюал хикаяны тыңдаған миллерге үлкен әсер қалдырмады.,үйленген екі ересек баласы бар дюваль хикаяны тыңдаған миллерге үлкен әсер қалдырмады,үйленген екі ересек баласы бар дзюал хикаяны тыңдаған миллерге үлкен әсер қалдырмады
1723,"Бұл портта 1889 жылы әскери-теңіз флоттарының қайғылы қарама-қарсы келуі болған. Германияның, АҚШ-тың және Британияның жеті кемесі порттан кетуден бас тартқан.",Бұл портта 1889 жылы әскери-теңіз флоттарының қайғылы қарама-қарсы келуі болған. Германияның АҚШ-тың және Британияның жеті кемесі порттан кетуден бас тартқан.,бұл портта 1889 жылы әскери теңіз флоттарының қайғылы қарама қарсы келуі болған германияның ақш тың және британияның жеті кемесі порттан кетуден бас тартқан,бұл портта 1889 жылы әскери теңіз флоттарының қайғылы қарама қарсы келуі болған германияның ақш тың және британияның жеті кемесі порттан кетуден бас тартқан
1861,"Нәтижесінде, орындаушылар сахнада каннабисті шекті және театрдың өзі аудиоторияны қосылуға шақырды.",Нәтижесінде орындаушылар сахнада канабисті шекті және театрдың өзі аудиоторияны қосылуға шақырды.,нәтижесінде орындаушылар сахнада каннабисті шекті және театрдың өзі аудиоторияны қосылуға шақырды,нәтижесінде орындаушылар сахнада канабисті шекті және театрдың өзі аудиоторияны қосылуға шақырды
1972,"Көп адам оларды динозаврлар деп ойламайды, өйткені олардың қауырсындары бар және ұша алады.","Көп адам оларды динозабрлар деп ойламайды, өйткені олардың қауырсындары бар және ұша алады.",көп адам оларды динозаврлар деп ойламайды өйткені олардың қауырсындары бар және ұша алады,көп адам оларды динозабрлар деп ойламайды өйткені олардың қауырсындары бар және ұша алады
1814,"Сутегі иондары, бұл олардан электрондары алынып тасталған протондар болып табылады (өйткені сутегі атомдары бір протон мен бір электроннан тұрады).",Сутегі иондары — бұл олардан электрондары алынып тастылған протондар болып табылады. Өйткені сутегі атомдары бір протон мен бір электроннан тұрады.,сутегі иондары бұл олардан электрондары алынып тасталған протондар болып табылады өйткені сутегі атомдары бір протон мен бір электроннан тұрады,сутегі иондары бұл олардан электрондары алынып тастылған протондар болып табылады өйткені сутегі атомдары бір протон мен бір электроннан тұрады
1696,"Университеттегі зерттеушілердің айтуынша, екі қосылыс бір-бірімен реакцияға түсіп, бүйрек қызметін тоқтата алатын кристалдар құрады.","Университеттегі зерттеушілердің айтуынша екі қосылыс бір бірімен реакцияға түсіп, бюрек қызметін тоқтата алатын кристалдар құрады.",университеттегі зерттеушілердің айтуынша екі қосылыс бір бірімен реакцияға түсіп бүйрек қызметін тоқтата алатын кристалдар құрады,университеттегі зерттеушілердің айтуынша екі қосылыс бір бірімен реакцияға түсіп бюрек қызметін тоқтата алатын кристалдар құрады
1919,"Қала Африкадағы ең арзан тау горилласы саудасының орталығы болумен қатар, Ньирагонго жанартауына шығуда негізгі қала қызметін атқарады.","Қала Африкадағы ең арзан тау Гариласы саудасының орталығы болымен қатар, Нирагонга жаңартауына шығудан негісгі қала қызметін атқарады.",қала африкадағы ең арзан тау горилласы саудасының орталығы болумен қатар ньирагонго жанартауына шығуда негізгі қала қызметін атқарады,қала африкадағы ең арзан тау гариласы саудасының орталығы болымен қатар нирагонга жаңартауына шығудан негісгі қала қызметін атқарады
1953,Кейіннен ол жатқан ауруханадан Кэмбридждегі Адденбрук ауруханасына жатқызылды.,Кейіннен ол жатқан ауруханадан Кембридждегі Аденбрук ауруханасына жатқызылды.,кейіннен ол жатқан ауруханадан кэмбридждегі адденбрук ауруханасына жатқызылды,кейіннен ол жатқан ауруханадан кембридждегі аденбрук ауруханасына жатқызылды
1940,"Барлығын назарға ала отырып, егер біздің ата-бабаларымыз өздерінің ""қоректену мәселесін"" бүгінде саваннадағы шимпанзелер қолданатын әдіспен шешкен болса таң қалмауымыз керек.","Барлығын назарға ала отырып, егер біздің атап абаларымыз өздерінің қоректену мәселесін бүгінде Саваннадағы шымпанзелер қолданатын әдіспен шешкен болсы таң қалмаумыз керек.",барлығын назарға ала отырып егер біздің ата бабаларымыз өздерінің қоректену мәселесін бүгінде саваннадағы шимпанзелер қолданатын әдіспен шешкен болса таң қалмауымыз керек,барлығын назарға ала отырып егер біздің атап абаларымыз өздерінің қоректену мәселесін бүгінде саваннадағы шымпанзелер қолданатын әдіспен шешкен болсы таң қалмаумыз керек
1907,Соғыс басталғаннан кейін жуық арада Ұлыбритания Германияны әскери-теңіз қоршауына алды.,Соғыс басталғаннан кейін Жуық арада Ұлыбритания Германияны әскери теңіз қоршауына алды.,соғыс басталғаннан кейін жуық арада ұлыбритания германияны әскери теңіз қоршауына алды,соғыс басталғаннан кейін жуық арада ұлыбритания германияны әскери теңіз қоршауына алды
1824,"Мысырлық өлілер алқабындағы Гиза үстіртінде немесе «Гиза некрополисінде» бірнеше пирамида (олардың ішінде ұлы пирамида ең үлкені болып табылады), бірнеше шағын саркофаг, бірнеше храм және ұлы Сфинкс бар.","Мысырлық өлілер алқабындағы Гиза, үстіртінде немесе Гиза некро полисінде бірнеше пирамида олардың ішінде олы пирамида ең үлкені болып табылады. Бірнеше шағын саркауфақ, бірнеше храм және ұлыс вингсбар.",мысырлық өлілер алқабындағы гиза үстіртінде немесе гиза некрополисінде бірнеше пирамида олардың ішінде ұлы пирамида ең үлкені болып табылады бірнеше шағын саркофаг бірнеше храм және ұлы сфинкс бар,мысырлық өлілер алқабындағы гиза үстіртінде немесе гиза некро полисінде бірнеше пирамида олардың ішінде олы пирамида ең үлкені болып табылады бірнеше шағын саркауфақ бірнеше храм және ұлыс вингсбар
1749,Оны «вичи» француздар билеген. Бұл 1940 жылы немістермен бейбіт келісім жасасқан және  соғысудың орнына жаулаушылармен бірге жұмыс істеген француздар болды.,Оны Вичи француздар билеген. Бұл 1940 жылы немістер мен бейбет келзім жасасқан және соқсутың орнына жаулаушылар мен бірге жұмыс істеген француздар болды.,оны вичи француздар билеген бұл 1940 жылы немістермен бейбіт келісім жасасқан және соғысудың орнына жаулаушылармен бірге жұмыс істеген француздар болды,оны вичи француздар билеген бұл 1940 жылы немістер мен бейбет келзім жасасқан және соқсутың орнына жаулаушылар мен бірге жұмыс істеген француздар болды
2008,Балидегі күн тәртібіндегі басқа тақырыптарға әлемнің қалған ормандарын сақтау және дамушы елдерге азырақ ластайтын жолмен өсуіне көмектесу үшін технологияларды бөлісу кіреді.,Валейдегі күн тәртібіндегі басқа тағырыптарға әлемнің қалған ормандарын сақтау және дамушы елдерге азырақ ластайтын жылмен өсуіне күміктесу үшін технологияларды бөлісу кіреді.,балидегі күн тәртібіндегі басқа тақырыптарға әлемнің қалған ормандарын сақтау және дамушы елдерге азырақ ластайтын жолмен өсуіне көмектесу үшін технологияларды бөлісу кіреді,валейдегі күн тәртібіндегі басқа тағырыптарға әлемнің қалған ормандарын сақтау және дамушы елдерге азырақ ластайтын жылмен өсуіне күміктесу үшін технологияларды бөлісу кіреді
1718,Антиквариат болып табылатын бұйымдар үшін ортақ анықтама берілмеген. Кейбір салық органдары 100 жастан асқан бұймыдарды антиквариат деп атайды.,Антиквариат болып табылатын бұйымдары үшін ортақ анықтама берілмеген кейбір салық органдары 100 ұстан асқан бұйымдарды антиквариат деп атайды.,антиквариат болып табылатын бұйымдар үшін ортақ анықтама берілмеген кейбір салық органдары 100 жастан асқан бұймыдарды антиквариат деп атайды,антиквариат болып табылатын бұйымдары үшін ортақ анықтама берілмеген кейбір салық органдары 100 ұстан асқан бұйымдарды антиквариат деп атайды
1910,"Париждіктер біртүрлілігі, дөрекілік және менмендігімен ерекшеленеді.",Париждіктер бір түрлілілігі — дөрекілік және мен мендігімен ерекшеленеді.,париждіктер біртүрлілігі дөрекілік және менмендігімен ерекшеленеді,париждіктер бір түрлілілігі дөрекілік және мен мендігімен ерекшеленеді
1752,"Нәтижесінде балықтың екі түрі жойылып кетті, ал қалған екеуіне жойылып кету қаупі төнді, оның ішінде бүкір балық та бар.","Нәтижесінде балықтың екі түрі жойылып кетті, алқалған екеуіне жойылып кету қаупі төнді, оның ішінде бүкір балықта бар.",нәтижесінде балықтың екі түрі жойылып кетті ал қалған екеуіне жойылып кету қаупі төнді оның ішінде бүкір балық та бар,нәтижесінде балықтың екі түрі жойылып кетті алқалған екеуіне жойылып кету қаупі төнді оның ішінде бүкір балықта бар
1693,"Бірақ, капитан қақпасын жоғалтудан кейін Үндістан ойынды аяқтау үшін бар болғаны 36 рет жүгірді, 7 рет қақпаны жоғалтты.","Бірақ капитан қақпасын жоғалтудан кейін Үндістан ойынды аяқтау үшін бар болғаны отсалдыред жүгірді, жетірет қақпаны жоғалтты.",бірақ капитан қақпасын жоғалтудан кейін үндістан ойынды аяқтау үшін бар болғаны 36 рет жүгірді 7 рет қақпаны жоғалтты,бірақ капитан қақпасын жоғалтудан кейін үндістан ойынды аяқтау үшін бар болғаны отсалдыред жүгірді жетірет қақпаны жоғалтты
1781,"Мадагаскар — қазіргі уақытта ең үлкені әрі жабайы табиғатына келгенде, өздігінен континент болып табылады.",Мадагаскар кәзіргі уақытты ең үлкен әрі жабайы табиғаттына келгенде өздігінен континент болып табылады.,мадагаскар қазіргі уақытта ең үлкені әрі жабайы табиғатына келгенде өздігінен континент болып табылады,мадагаскар кәзіргі уақытты ең үлкен әрі жабайы табиғаттына келгенде өздігінен континент болып табылады
1885,"22:00-23: 00 аралығында (MDT), аулада тұрған сотталғандай өрт шығарды.",22.00 23.00 аралығында MDT аулада тұрған сотталғандай өрт шығарды.,22 00 23 00 аралығында mdt аулада тұрған сотталғандай өрт шығарды,22 00 23 00 аралығында mdt аулада тұрған сотталғандай өрт шығарды
1900,"іс жүзінде, тіпті адам оның бар екенін білсе де, оны табу оңай емес. Үңгірге түскеннен кейін толығымен оқшауланасыз.",Іс жүзінде тіпті адам оның бар екенін біліседе оны табу оңай емес. Үңгірге түскеннен кейін толығымен оқшауланасыз.,іс жүзінде тіпті адам оның бар екенін білсе де оны табу оңай емес үңгірге түскеннен кейін толығымен оқшауланасыз,іс жүзінде тіпті адам оның бар екенін біліседе оны табу оңай емес үңгірге түскеннен кейін толығымен оқшауланасыз
1723,"Бұл портта 1889 жылы әскери-теңіз флоттарының қайғылы қарама-қарсы келуі болған. Германияның, АҚШ-тың және Британияның жеті кемесі порттан кетуден бас тартқан.","Бұл портта 1889 жылы әскери-теңіз флоттарының қайғылы қарама-ғарсы келуі болған. Германияның, АҚШ-тың және Британияның жеті кемесі порттан кетуден бас тартқан.",бұл портта 1889 жылы әскери теңіз флоттарының қайғылы қарама қарсы келуі болған германияның ақш тың және британияның жеті кемесі порттан кетуден бас тартқан,бұл портта 1889 жылы әскери теңіз флоттарының қайғылы қарама ғарсы келуі болған германияның ақш тың және британияның жеті кемесі порттан кетуден бас тартқан
1888,"Елге оралу шогы мәдени шоктан (мұнда бастапқы фаза өте аз) гөрі тезірек пайда болады, ол ұзаққа созылады және одан да ауыр болуы мүмкін.","Елге оралу — шоғы мәдениеті шықтан, мұнда бастапқы фаза өте аз. Гөрі тезірек пайда болады, ол ұзаққа созылады және оданды ауыр болуы мүмкін.",елге оралу шогы мәдени шоктан мұнда бастапқы фаза өте аз гөрі тезірек пайда болады ол ұзаққа созылады және одан да ауыр болуы мүмкін,елге оралу шоғы мәдениеті шықтан мұнда бастапқы фаза өте аз гөрі тезірек пайда болады ол ұзаққа созылады және оданды ауыр болуы мүмкін
2001,"Саяхаттаушыларға өз аумағына әсер ететін ауыр ауа райының кез келген қаупі туралы хабардар болу туралы кеңес беріледі, өйткені олар барлық саяхаттау туралы жоспарларға әсер етуі мүмкін.","Саяхаттаушыларға өз аумағына әсер ететін ауыр ауа райының кез келген қаупі туралы қауардар болуы туралы кеңес беріледі, өйткені олар барлық саяхаттау туралы жоспарларға әсер етуі мүмкін.",саяхаттаушыларға өз аумағына әсер ететін ауыр ауа райының кез келген қаупі туралы хабардар болу туралы кеңес беріледі өйткені олар барлық саяхаттау туралы жоспарларға әсер етуі мүмкін,саяхаттаушыларға өз аумағына әсер ететін ауыр ауа райының кез келген қаупі туралы қауардар болуы туралы кеңес беріледі өйткені олар барлық саяхаттау туралы жоспарларға әсер етуі мүмкін
2003,"Гонконгтың ең жақсы көрінісін тамашалау үшін аралдан шығып, Коулун жағалауына қарай бет бұрыңыз.","Гонгкоңтың ең жақсы көрінсін тамашалау үшін аралдан шығып, Колон жағалауына қарайбет бұрыңыз.",гонконгтың ең жақсы көрінісін тамашалау үшін аралдан шығып коулун жағалауына қарай бет бұрыңыз,гонгкоңтың ең жақсы көрінсін тамашалау үшін аралдан шығып колон жағалауына қарайбет бұрыңыз
1956,Тауарларды тасымалдау үшін кемелерді пайдалану әзірше адамдардың және тауарлардың үлкен мөлшерлерін мұхиттарда жылжытудың ең тиімді жолы болып табылады.,Тауарларды тасымалдау үшін кемелерді пайдалану әзірше адамдардың және тауарлардың үлкен мөлшелерін мұхиттарда жылжы тудың ең тиімді жолы болып табылады.,тауарларды тасымалдау үшін кемелерді пайдалану әзірше адамдардың және тауарлардың үлкен мөлшерлерін мұхиттарда жылжытудың ең тиімді жолы болып табылады,тауарларды тасымалдау үшін кемелерді пайдалану әзірше адамдардың және тауарлардың үлкен мөлшелерін мұхиттарда жылжы тудың ең тиімді жолы болып табылады
1806,"Ең шарықтаған кезінде жарықтық ластану қазіргі кездегідей проблема болмағандықтан, олар қазіргі уақытқа қарағанда оңай жетуге болатын қалаларда немесе кампустарда орналасқан.","Ең шарықтаған кезінде, жарықтық ұластану қазіргі кездегідей проблемі болмағандықтан, олар қазіргі уақытқа қарағанда оңай жетуге болатын қалаларда немесе компустарда орналасқан.",ең шарықтаған кезінде жарықтық ластану қазіргі кездегідей проблема болмағандықтан олар қазіргі уақытқа қарағанда оңай жетуге болатын қалаларда немесе кампустарда орналасқан,ең шарықтаған кезінде жарықтық ұластану қазіргі кездегідей проблемі болмағандықтан олар қазіргі уақытқа қарағанда оңай жетуге болатын қалаларда немесе компустарда орналасқан
1699,"Бақылаушылардың бірі Бішкекті ""анархия күйіне батуда"" деп бейнелеген, өйткені қылмыскерлер тобы көшені аралап, дүкендердегі халықтық тұтыну тауарларын тонауды бастаған.","Бақылаушылардың бірі бішкекті анархия күйіне батуда деп пенеленген, өйткені қылмыскерлер тобы көшені аралап, дүкендердегі халықтық тұтыну тауарларын тонауды бастаған.",бақылаушылардың бірі бішкекті анархия күйіне батуда деп бейнелеген өйткені қылмыскерлер тобы көшені аралап дүкендердегі халықтық тұтыну тауарларын тонауды бастаған,бақылаушылардың бірі бішкекті анархия күйіне батуда деп пенеленген өйткені қылмыскерлер тобы көшені аралап дүкендердегі халықтық тұтыну тауарларын тонауды бастаған
1969,Ол негізгі тақырыптың ең тиімді орны сызықтардың қиылысуында деп айтады. Бұл кескінді тігінен және көлденеңінен үштіктерге бөледі (мысалды қараңыз).,"Ол негізгі тақырыптың ең тиімді орны сызықтардың қиылу суында деп айтады, бұл кескінді тігінен және көлдененінен үштіктерге бөледі – мысалды қараңыз.",ол негізгі тақырыптың ең тиімді орны сызықтардың қиылысуында деп айтады бұл кескінді тігінен және көлденеңінен үштіктерге бөледі мысалды қараңыз,ол негізгі тақырыптың ең тиімді орны сызықтардың қиылу суында деп айтады бұл кескінді тігінен және көлдененінен үштіктерге бөледі мысалды қараңыз
1703,Мартелли кеше тоғыз мүшеден тұратын жаңа уақытша сайлау кеңесінің (CEP) алдында ант берді.,Мортелли кеше 9 мүшеден тұратын жаңа уақыт жасайлау кеңесінің «CER» алдында анат берді.,мартелли кеше тоғыз мүшеден тұратын жаңа уақытша сайлау кеңесінің cep алдында ант берді,мортелли кеше 9 мүшеден тұратын жаңа уақыт жасайлау кеңесінің cer алдында анат берді
1971,"Қатты жел, бұршақ, артық жауын-шашын және өрттер, сонымен бірге найзағайлар, торнадолар, судағы құйындар және циклондар ауар ауа райының түрлері мен әсерлері болып табылады.","Қатты жел, біршақ, арттық, жауыншашын және өрттер, сонымен бірге найзалайлар, торнадолар, судалы құйындар және циклондар ауар ауарайын түрлерімен әсерлері болып табылады.",қатты жел бұршақ артық жауын шашын және өрттер сонымен бірге найзағайлар торнадолар судағы құйындар және циклондар ауар ауа райының түрлері мен әсерлері болып табылады,қатты жел біршақ арттық жауыншашын және өрттер сонымен бірге найзалайлар торнадолар судалы құйындар және циклондар ауар ауарайын түрлерімен әсерлері болып табылады
1982,"Әйелдер: Өздерінің шынайы отбасы жағдайына қарамастан, әйел жынысты саяхатшыларға тұрмыс құрған деп айтуға кеңес беріледі.","Әйелдер өздерінің шынайы отбасы жағдайынақ қарамастан, әйел шынысты саяхаршыларға тұрымыс құрған деп айтуға кеңес беріледі.",әйелдер өздерінің шынайы отбасы жағдайына қарамастан әйел жынысты саяхатшыларға тұрмыс құрған деп айтуға кеңес беріледі,әйелдер өздерінің шынайы отбасы жағдайынақ қарамастан әйел шынысты саяхаршыларға тұрымыс құрған деп айтуға кеңес беріледі
1717,Су асты топологиясына байланысты кері ағын бірнеше тереңірек учаскелерде шоғырланған және онда терең суға жылдам ағын пайда болуы мүмкін.,"Суасты топологиясына байланысты кері ағын бірнеше тереңірек, жас күлерде шоғырланған және онда терең суға жылдаң ағын пайда болуы мүмкін.",су асты топологиясына байланысты кері ағын бірнеше тереңірек учаскелерде шоғырланған және онда терең суға жылдам ағын пайда болуы мүмкін,суасты топологиясына байланысты кері ағын бірнеше тереңірек жас күлерде шоғырланған және онда терең суға жылдаң ағын пайда болуы мүмкін
1875,Мұхиттарға құйылатын планета өзендеріндегі судың толықтай 20 пайызы Амазонкадан келеді.,Мұхиттарға құйылатын планета өзендеріндегі судын толықтай 20 пайызы Амазонкадан келеді.,мұхиттарға құйылатын планета өзендеріндегі судың толықтай 20 пайызы амазонкадан келеді,мұхиттарға құйылатын планета өзендеріндегі судын толықтай 20 пайызы амазонкадан келеді
1664,"Екі құрғақ ұнтақты араластырыңыз, содан кейін таза, ылғалды қолдармен оларды қысып, шарик жасаңыз.","Екі қорға қонтақты араластырыңыз, содан кейін таза ұлғалды қолдар мен оларды қысып, шарик жасаңыз.",екі құрғақ ұнтақты араластырыңыз содан кейін таза ылғалды қолдармен оларды қысып шарик жасаңыз,екі қорға қонтақты араластырыңыз содан кейін таза ұлғалды қолдар мен оларды қысып шарик жасаңыз
1779,Бұл хабарландыру Трамп Түркия президенті Реджеп Тайып Ердоғанмен телефон арқылы сөйлескеннен кейін жасалды.,Бұл хабарландыру Трамп Туркия президенті Реджеп Тайып Эрдоғанмен телефон арқылы сөйлескедіннен кейін жасалды.,бұл хабарландыру трамп түркия президенті реджеп тайып ердоғанмен телефон арқылы сөйлескеннен кейін жасалды,бұл хабарландыру трамп туркия президенті реджеп тайып эрдоғанмен телефон арқылы сөйлескедіннен кейін жасалды
1917,Римде әртүрлі орындарда адамдардың салтанатты рәсімді көруі үшін бірнеше үлкен теледидар экрандары орнатылды.,Римде әртүрлі орындарда адамдардың салтанатты рәсімді көру үшін бірнеше үлкен теледидар екрандары орынатылды.,римде әртүрлі орындарда адамдардың салтанатты рәсімді көруі үшін бірнеше үлкен теледидар экрандары орнатылды,римде әртүрлі орындарда адамдардың салтанатты рәсімді көру үшін бірнеше үлкен теледидар екрандары орынатылды
1676,"Барлық Оңтүстік Африка ұлттық саябақтарындағыдай, саябаққа кіруде экологиялық салым және кіру ақысы төленеді.","Барлық Оңтүстік Африка ұлттық саябақтарындағдай, саябаққа күріле, экологиялық салым және кіру ақысы төленеді.",барлық оңтүстік африка ұлттық саябақтарындағыдай саябаққа кіруде экологиялық салым және кіру ақысы төленеді,барлық оңтүстік африка ұлттық саябақтарындағдай саябаққа күріле экологиялық салым және кіру ақысы төленеді
1889,"Ол бізге пойызды, автокөлікті және басқа да көлік құралдарын алып келді.","Ол бізге пойызды, автокөлікті және басқа да көлік құралдарын алып келді.",ол бізге пойызды автокөлікті және басқа да көлік құралдарын алып келді,ол бізге пойызды автокөлікті және басқа да көлік құралдарын алып келді
1661,"Ол қысқартулар үшін санды белгілемеді, олар Қытайдың экономикалық нәтижесі негізінде жасалатынын айтты.","Олар қысқартулар үшін санды белгілемеді, олар Қытайтың экономикалық нәтижесі негізінде жасалатынын айтты.",ол қысқартулар үшін санды белгілемеді олар қытайдың экономикалық нәтижесі негізінде жасалатынын айтты,олар қысқартулар үшін санды белгілемеді олар қытайтың экономикалық нәтижесі негізінде жасалатынын айтты
1749,Оны «вичи» француздар билеген. Бұл 1940 жылы немістермен бейбіт келісім жасасқан және  соғысудың орнына жаулаушылармен бірге жұмыс істеген француздар болды.,"Оны Вичи француздар билеген, бұл 1940 жылы немістермен бейбет келісім жасасқан және соқсудың орынна жаулаушылармен бірге жұңыс істеген француздар болды.",оны вичи француздар билеген бұл 1940 жылы немістермен бейбіт келісім жасасқан және соғысудың орнына жаулаушылармен бірге жұмыс істеген француздар болды,оны вичи француздар билеген бұл 1940 жылы немістермен бейбет келісім жасасқан және соқсудың орынна жаулаушылармен бірге жұңыс істеген француздар болды
1925,"Жасалған жұмыс көбіне теориялық болды, бірақ Мерген галактикасына қатысты жасалатын бақылауларды симуляциялау үшін бағдарлама жазылды.","Жасалған жұмыс көбіне теориялық болды, бірақ Мерген галактикасына қатысты жасаланытын бақылоларды симуляциялау үшін бағыларлама жазылады.",жасалған жұмыс көбіне теориялық болды бірақ мерген галактикасына қатысты жасалатын бақылауларды симуляциялау үшін бағдарлама жазылды,жасалған жұмыс көбіне теориялық болды бірақ мерген галактикасына қатысты жасаланытын бақылоларды симуляциялау үшін бағыларлама жазылады
1829,Жоғары салық салынатын елдерге жол тартатын саяхатшылар кейде әсіресе алкогольді ішімдіктер мен темекі сияқты өнімдерге айтарлықтай ақша үнемдей алады.,Жоғары салық салынатын елдерге жол тартатын саяхатшылар кейде әсіресе алкогольді ішімдіктер мен темекі сияқты үнімдерге айтарлықтай ақша үнімдей алады.,жоғары салық салынатын елдерге жол тартатын саяхатшылар кейде әсіресе алкогольді ішімдіктер мен темекі сияқты өнімдерге айтарлықтай ақша үнемдей алады,жоғары салық салынатын елдерге жол тартатын саяхатшылар кейде әсіресе алкогольді ішімдіктер мен темекі сияқты үнімдерге айтарлықтай ақша үнімдей алады
1818,Адамдар үйіне оралған саяхатшылар үшін шыдамдылық пен түсіністік қажет екенін түсінбеуі мүмкін.,Адамдар үйіне оралған саяхасшылар үшін ұштамдылық пен түсіністіқ қажа декенін түсінбеуі мүмкін.,адамдар үйіне оралған саяхатшылар үшін шыдамдылық пен түсіністік қажет екенін түсінбеуі мүмкін,адамдар үйіне оралған саяхасшылар үшін ұштамдылық пен түсіністіқ қажа декенін түсінбеуі мүмкін
2006,"Кальций және калий сияқты элементтер металдар болып саналады. Әрине, күміс және алтын сияқты металдар да бар.","Кальций және калей сияқты элементтер металдар болып саналады. Әрине, кіміз және алтын сияқты металдар да бар.",кальций және калий сияқты элементтер металдар болып саналады әрине күміс және алтын сияқты металдар да бар,кальций және калей сияқты элементтер металдар болып саналады әрине кіміз және алтын сияқты металдар да бар
1672,Матаның тым ыстық болуына жол бермеңіз (бұл қысқаруға немесе күюіне себеп болуы мүмкін).,"Матаның тымыстық болуына жол бермеңіз, бұл қысқаруа немесе күйіне себеп болуы мүмкін.",матаның тым ыстық болуына жол бермеңіз бұл қысқаруға немесе күюіне себеп болуы мүмкін,матаның тымыстық болуына жол бермеңіз бұл қысқаруа немесе күйіне себеп болуы мүмкін
1822,Марокко сұлтаны қаланы Дару Аль-Бадиа деп қайта салды және оған Касабланка деген атауды осында сауда базаларын жасаған испандық саудагерлер берді.,Марокка сұлтаны қаланы дару «Альбадия» деп қайта салды және оған Касабланка деген атауды осында сауда базарларын жасаған испандық саудагерлер берді.,марокко сұлтаны қаланы дару аль бадиа деп қайта салды және оған касабланка деген атауды осында сауда базаларын жасаған испандық саудагерлер берді,марокка сұлтаны қаланы дару альбадия деп қайта салды және оған касабланка деген атауды осында сауда базарларын жасаған испандық саудагерлер берді
1981,"Бар болғаны кеме экскурсиялары арқылы жағаға барсаңыз, сізге бөлек виза қажет болмайды (2009 жылдан).","Бар болғаны кеме экскурсиялары арқылы жағаға барсаңыз, сізге бөлеп биза қажет болмайды, 2009 жылданын.",бар болғаны кеме экскурсиялары арқылы жағаға барсаңыз сізге бөлек виза қажет болмайды 2009 жылдан,бар болғаны кеме экскурсиялары арқылы жағаға барсаңыз сізге бөлеп биза қажет болмайды 2009 жылданын
1926,"Аристотельдің ғылымның барлық мәселелеріне, оның ішінде психологияға көзқарасы қабылданды.",Аристо тілдің ғылымның барлық мәселелеріне оның ішінде психологияға көзқарасы қабылданды.,аристотельдің ғылымның барлық мәселелеріне оның ішінде психологияға көзқарасы қабылданды,аристо тілдің ғылымның барлық мәселелеріне оның ішінде психологияға көзқарасы қабылданды
1846,Сондықтан бұл пішімнің арақатынасы (ең қарапайым бүтін санның қатынасын алу үшін он екіге бөлу) 3:2 деп айтылады.,"Сондықтан, бұл пішімнің арақатынасы. Ең қарапайым бүтін саның қатынасын алу үшін он екі кепіл, үште екі деп айтылады.",сондықтан бұл пішімнің арақатынасы ең қарапайым бүтін санның қатынасын алу үшін он екіге бөлу 3 2 деп айтылады,сондықтан бұл пішімнің арақатынасы ең қарапайым бүтін саның қатынасын алу үшін он екі кепіл үште екі деп айтылады
1739,Меккенің солтүстігіндегі таулардың біріндегі шыңда орналасқан үңгір әлемнің қалған бөліктерінен толығымен оқшауланған.,Меккенің солтүстігіндегі таулардың біріндегі шыңда орналасқан үңгір әлемнің қалған бөліктерінен толығымен оқшауланған.,меккенің солтүстігіндегі таулардың біріндегі шыңда орналасқан үңгір әлемнің қалған бөліктерінен толығымен оқшауланған,меккенің солтүстігіндегі таулардың біріндегі шыңда орналасқан үңгір әлемнің қалған бөліктерінен толығымен оқшауланған
1804,Гаитидегі әділет және демократия институты БҰҰ Непал бейбітшіл батальоны өздері байқамай ауруды Гаитиге әкелген деп пайымдайтын тәуелсіз зерттеулерді көрсетті.,Гаитидегі әділет және демократия институты БҰҰ непал бейбітшілік батальоны өздері байқамай ауруды Гаитиге әкелген деп пайымдайтын тәуелсіз зерттеулерді көрсетті.,гаитидегі әділет және демократия институты бұұ непал бейбітшіл батальоны өздері байқамай ауруды гаитиге әкелген деп пайымдайтын тәуелсіз зерттеулерді көрсетті,гаитидегі әділет және демократия институты бұұ непал бейбітшілік батальоны өздері байқамай ауруды гаитиге әкелген деп пайымдайтын тәуелсіз зерттеулерді көрсетті
1983,"Өркениет сөзі латынның «civilis» сөзінен шыққан, азаматтық деген мағынаны білдіретін, ол азамат деген мағынаны білдіретін, латынша «civis» сөзімен байланысты, ал қала немесе қала-мемлекет деген мағынаны білдіретін «civitas» сөзі де бар, сонымен бірге бұл белгілі бір деңгейде қоғамның көлемін анықтайды.","Өркени етсөзі Латтынның цивилис төзінен шыққан «азаматтық» деген мағынаны білдіретін, ол азамат деген мағынаны білдіретін Латтінша цивис өзімен байланысты, ал қала немесе қала мемлек кеттеген мағынаны білдіретін Цевита сөзіде бар, сонымен бірге бұл белгілі бір деңгейде қоғамның көлеміне анықтайды.",өркениет сөзі латынның civilis сөзінен шыққан азаматтық деген мағынаны білдіретін ол азамат деген мағынаны білдіретін латынша civis сөзімен байланысты ал қала немесе қала мемлекет деген мағынаны білдіретін civitas сөзі де бар сонымен бірге бұл белгілі бір деңгейде қоғамның көлемін анықтайды,өркени етсөзі латтынның цивилис төзінен шыққан азаматтық деген мағынаны білдіретін ол азамат деген мағынаны білдіретін латтінша цивис өзімен байланысты ал қала немесе қала мемлек кеттеген мағынаны білдіретін цевита сөзіде бар сонымен бірге бұл белгілі бір деңгейде қоғамның көлеміне анықтайды
1974,Сол принцип бойынша ер адамдар тізелерін жауып тұратын шалбар кию керек.,Сол принцип бойынша ер адамдар тізелерін жауып тұратын шалбар киғу керек.,сол принцип бойынша ер адамдар тізелерін жауып тұратын шалбар кию керек,сол принцип бойынша ер адамдар тізелерін жауып тұратын шалбар киғу керек
1693,"Бірақ, капитан қақпасын жоғалтудан кейін Үндістан ойынды аяқтау үшін бар болғаны 36 рет жүгірді, 7 рет қақпаны жоғалтты.","Бірақ капитан қақпасын жоғалтудан кейін Үндістан ойында аяқтау үшін бар болғаны 36 жүгірді, жетірет қақпаны жоғалтты.",бірақ капитан қақпасын жоғалтудан кейін үндістан ойынды аяқтау үшін бар болғаны 36 рет жүгірді 7 рет қақпаны жоғалтты,бірақ капитан қақпасын жоғалтудан кейін үндістан ойында аяқтау үшін бар болғаны 36 жүгірді жетірет қақпаны жоғалтты
1815,Атомдық бомба көп протондар мен нейтрондар арқылы ядро ​​құру үшін энергия алуы принципі бойынша жұмыс істейді.,Атомдық бомба көп протондар мен нейтрондар арқылы ядра құры үшін энергия алуы принципі бойынша жұмыс істейді.,атомдық бомба көп протондар мен нейтрондар арқылы ядро ​​құру үшін энергия алуы принципі бойынша жұмыс істейді,атомдық бомба көп протондар мен нейтрондар арқылы ядра құры үшін энергия алуы принципі бойынша жұмыс істейді
1742,Гонконг аралы Гонконгтың аумағына өз атауын береді және көптеген туристер басты назар аударатын орын болып табылады.,Гонгконг аралы Гонгконгтың аумағына өз атауын береді және көптеген туристер бастын азар аударатын орын болып табылады.,гонконг аралы гонконгтың аумағына өз атауын береді және көптеген туристер басты назар аударатын орын болып табылады,гонгконг аралы гонгконгтың аумағына өз атауын береді және көптеген туристер бастын азар аударатын орын болып табылады
1738,Сондай-ақ ол суға кірген кез келген нәрсеге шабуылдайтын; тіпті тиранозавр сияқты алып динозавр да оған тең келмейтін.,Сондай-ақ ол суға кірген кез келген нәрсеге шабуылдайтын тіпті тераназавр сияқты алып диназаврда оған тең келмейтін.,сондай ақ ол суға кірген кез келген нәрсеге шабуылдайтын тіпті тиранозавр сияқты алып динозавр да оған тең келмейтін,сондай ақ ол суға кірген кез келген нәрсеге шабуылдайтын тіпті тераназавр сияқты алып диназаврда оған тең келмейтін
1848,Кеше Түркияның Газиантеп қаласындағы полиция штаб-пәтерінде бомба қойылған көлік жарылысы нәтижесінде екі полиция қызметкері қаза тапты және жиырмадан артық адам жарақат алды.,Кеше Түркияның Газиян Теп қаласындағы полиция штаб бәтерінде бомба қойылған көрлік жарызысы нәтижесінде екі полиция қызметкері қаза тапты және жиырмадан артық адам жарақат алды.,кеше түркияның газиантеп қаласындағы полиция штаб пәтерінде бомба қойылған көлік жарылысы нәтижесінде екі полиция қызметкері қаза тапты және жиырмадан артық адам жарақат алды,кеше түркияның газиян теп қаласындағы полиция штаб бәтерінде бомба қойылған көрлік жарызысы нәтижесінде екі полиция қызметкері қаза тапты және жиырмадан артық адам жарақат алды
1921,"Екінші жағынан, мұзды және қарлы жағдайлар көп елдерде қалыпты болып табылады және жол қозғалысы көбінесе жыл бойы үздіксіз болады.","Екінші жағынан, мұзды және қарлы жағдайлар көп елдерде қалыпты болып табылады және жол қозғалысы көбінесе жыл бойы үздіксіз болады.",екінші жағынан мұзды және қарлы жағдайлар көп елдерде қалыпты болып табылады және жол қозғалысы көбінесе жыл бойы үздіксіз болады,екінші жағынан мұзды және қарлы жағдайлар көп елдерде қалыпты болып табылады және жол қозғалысы көбінесе жыл бойы үздіксіз болады
2007,АҚШ Инженерлер корпусы 6 дюйм жаңбырдың жаууы бұрын зақымдалған бөгеттерді бұзуы мүмкін деп болжады.,АҚШ инженерлер корпусы 6 дюйм жаңбырдың жаууы бұрын зақымдалған бөгеттерді бұзуы мүмкін деп болжады.,ақш инженерлер корпусы 6 дюйм жаңбырдың жаууы бұрын зақымдалған бөгеттерді бұзуы мүмкін деп болжады,ақш инженерлер корпусы 6 дюйм жаңбырдың жаууы бұрын зақымдалған бөгеттерді бұзуы мүмкін деп болжады
1675,"Барлық зат есімдер, сонымен бірге «сіз» дегенді білдіретін «Sie» сөзі, тіпті сөйлемнің ортасында да бас әріптен басталады.",Барлық за тесімдер сонымен бірге сіз дегенді білдіретін стиі сөзі тіпті сөйлемнің ортасында да баса әріптен басталады.,барлық зат есімдер сонымен бірге сіз дегенді білдіретін sie сөзі тіпті сөйлемнің ортасында да бас әріптен басталады,барлық за тесімдер сонымен бірге сіз дегенді білдіретін стиі сөзі тіпті сөйлемнің ортасында да баса әріптен басталады
1849,"Егер сіз ""Ұлт қазынасы"" фильмін көрген болсаңыз, онда қазына картасы Тәуелсіздік декларациясының артында жазылған деп ойлауыңыз мүмкін.","Егер сіз ұлт қазынасы фильмін көрген болсаңыз, онда қазына қартасы тәуелсіздік декларациясының артында жазылған деп ойлауыңыз мүмкін.",егер сіз ұлт қазынасы фильмін көрген болсаңыз онда қазына картасы тәуелсіздік декларациясының артында жазылған деп ойлауыңыз мүмкін,егер сіз ұлт қазынасы фильмін көрген болсаңыз онда қазына қартасы тәуелсіздік декларациясының артында жазылған деп ойлауыңыз мүмкін
1860,Губернатордың кеңсесі жарақат алғандардың он тоғызы полиция қызметкері болғанын айтты.,Губернатордың кеңсесі жарақат алғандардың 19-ы полиция қызметкері болғанын айтты.,губернатордың кеңсесі жарақат алғандардың он тоғызы полиция қызметкері болғанын айтты,губернатордың кеңсесі жарақат алғандардың 19 ы полиция қызметкері болғанын айтты
1748,Өрт сөндіру бөлімшелері өртті кешкі сағат 11:35-ке дейін сөндірді.,Өрт сөндіру бөлімшелері өртті кешкі сағат 1135 кедейін сөндірді.,өрт сөндіру бөлімшелері өртті кешкі сағат 11 35 ке дейін сөндірді,өрт сөндіру бөлімшелері өртті кешкі сағат 1135 кедейін сөндірді
1791,Құрылыс орындарын граффити сызу арқылы бүлдірмеңіз.,Құрыл сорындарын граффити сізу арқылы білдірмеңіз.,құрылыс орындарын граффити сызу арқылы бүлдірмеңіз,құрыл сорындарын граффити сізу арқылы білдірмеңіз
1794,"Өркениет – бірге тұрып, бірге жұмыс істейтін қоғамдағы адамдардың айтарлықтай үлкен тобына қатысты ортақ мәдениет.","Өркениет бірге тұрып, бірге жұмыс істейтіні қоғамдардың айтарлықтай үлкен тобына қатысты ортақ мәдениет.",өркениет бірге тұрып бірге жұмыс істейтін қоғамдағы адамдардың айтарлықтай үлкен тобына қатысты ортақ мәдениет,өркениет бірге тұрып бірге жұмыс істейтіні қоғамдардың айтарлықтай үлкен тобына қатысты ортақ мәдениет
1947,"Әскерлер келмей тұрып, Гаитиде 1800 жылдан бері бұл ауруға қатысты мәселелер болмаған.","Әскерлер келмей тұрап, Гаитиде 1800 жылдан бері бұл ауруға қатысты мәселелер болмаған.",әскерлер келмей тұрып гаитиде 1800 жылдан бері бұл ауруға қатысты мәселелер болмаған,әскерлер келмей тұрап гаитиде 1800 жылдан бері бұл ауруға қатысты мәселелер болмаған
1936,"Пэрри түнгі сайлау алды жиналысының нәтижелерін бағалау үшін Техасқа оралатынын, өзі үшін осы жарыста алға жүретін жол бар-жоғын анықтайтынын мәлімдеді, бірақ кейінірек жарыста қалатынын және 21 қаңтардағы Оңтүстік Каролинадағы бастапқы сайлауға қатысатынын айтты.","Пейри түнгі сайлау алды жиналысының нәтижелерін бағалау үшін Техасқа оралатынын өзі үшін осы жарыста алға жүретін жол бар жоғын анықтайтынын мәлімдеді, бірақ Кейнірек жарыста қалатынын және 21 қаңтардағы оңтүстік Каралинадағы бастапқы сайлауСоуға қатсатынын айтты.",пэрри түнгі сайлау алды жиналысының нәтижелерін бағалау үшін техасқа оралатынын өзі үшін осы жарыста алға жүретін жол бар жоғын анықтайтынын мәлімдеді бірақ кейінірек жарыста қалатынын және 21 қаңтардағы оңтүстік каролинадағы бастапқы сайлауға қатысатынын айтты,пейри түнгі сайлау алды жиналысының нәтижелерін бағалау үшін техасқа оралатынын өзі үшін осы жарыста алға жүретін жол бар жоғын анықтайтынын мәлімдеді бірақ кейнірек жарыста қалатынын және 21 қаңтардағы оңтүстік каралинадағы бастапқы сайлаусоуға қатсатынын айтты
1697,"Ол ауырғанды басатын қажет дәрі-дәрмектерді қабылдай алмады, өйткені олар Ойындарға қатысушылар үшін рұқсат етілмейді.","Ол ғорғанды басатын қажетті әрі дәрмектерді қабылды иалмады, өйткені ойындарға қатысушылар үшін рұқсат етілмеді.",ол ауырғанды басатын қажет дәрі дәрмектерді қабылдай алмады өйткені олар ойындарға қатысушылар үшін рұқсат етілмейді,ол ғорғанды басатын қажетті әрі дәрмектерді қабылды иалмады өйткені ойындарға қатысушылар үшін рұқсат етілмеді
1836,"Адамдар ежелден алтын, күміс және мыс сияқты негізгі химиялық элементтер туралы білді, өйткені олардың барлығын табиғатта табиғи түрде табуға болады және қарапайым құралдармен өндіру салыстырмалы түрде оңай.","Адамдар ежелден алтын, күміс және мыс сияқты негізгі химиялық ілементтер туралы білді, өйткені олардың барлығын табиғатта табиғи түрде табуға болады және қарапайым құралдармен өңдіру салыстырмалы түрде оңай.",адамдар ежелден алтын күміс және мыс сияқты негізгі химиялық элементтер туралы білді өйткені олардың барлығын табиғатта табиғи түрде табуға болады және қарапайым құралдармен өндіру салыстырмалы түрде оңай,адамдар ежелден алтын күміс және мыс сияқты негізгі химиялық ілементтер туралы білді өйткені олардың барлығын табиғатта табиғи түрде табуға болады және қарапайым құралдармен өңдіру салыстырмалы түрде оңай
2002,Бұл ойыншыларға бейне ойындардағы әрекеттер мен қозғалыстарды құрылғыны ауада қозғалту арқылы басқаруға мүмкіндік береді.,Бұл ойыншыларға бейне ойындардағы әрегеттер мен қозғалыстарды құрылғыны ауады қозғалту арқылы басқаруға мүмкіндік береді.,бұл ойыншыларға бейне ойындардағы әрекеттер мен қозғалыстарды құрылғыны ауада қозғалту арқылы басқаруға мүмкіндік береді,бұл ойыншыларға бейне ойындардағы әрегеттер мен қозғалыстарды құрылғыны ауады қозғалту арқылы басқаруға мүмкіндік береді
1767,"Бұл солтүстік шұғыласын көрудің жақсы мүмкіндігін береді, өйткені аспан тәулік бойы азды-көпті күңгірт болады.","Бұл солтүстік шығыласын көрідің жақсы мүмкіндігін береді, өйткені аспан тәулік оя азды-көпті күңгірт болады.",бұл солтүстік шұғыласын көрудің жақсы мүмкіндігін береді өйткені аспан тәулік бойы азды көпті күңгірт болады,бұл солтүстік шығыласын көрідің жақсы мүмкіндігін береді өйткені аспан тәулік оя азды көпті күңгірт болады
1857,"Ол тағы былай деді: «дегенмен, олардан даму кезеңінен, жауапкершілігінен және мүмкіндіктерінен асатын міндеттемелерді қабылдауды сұрамау керек».","Ол тағы былай деді «Дегенмен олардан даму кезіңінен, жауып кершілігінен және мүмкіндіктерінен асатын міндеттемелерді қабылдауды сұрамау керек».",ол тағы былай деді дегенмен олардан даму кезеңінен жауапкершілігінен және мүмкіндіктерінен асатын міндеттемелерді қабылдауды сұрамау керек,ол тағы былай деді дегенмен олардан даму кезіңінен жауып кершілігінен және мүмкіндіктерінен асатын міндеттемелерді қабылдауды сұрамау керек
1845,Күймеде олар айқайлап жатқан және король мен патшайымға қоқан-лоққыларды айқайлап айтып жатқан адамдар тобы қоршаған күйде Парижге қайтып оралды.,"Күйме де, олар айқайлап жатқан және король мен патшайымға қоққан локқыларды айқайлап айтып жатқан адамдар тобы қоршаған күйде Парижге қайтып оралды.",күймеде олар айқайлап жатқан және король мен патшайымға қоқан лоққыларды айқайлап айтып жатқан адамдар тобы қоршаған күйде парижге қайтып оралды,күйме де олар айқайлап жатқан және король мен патшайымға қоққан локқыларды айқайлап айтып жатқан адамдар тобы қоршаған күйде парижге қайтып оралды
1724,Ол шамамен 400 жылдан бастап салтанаттың эпицентріне ретінде белгілі болды және шамамен 1100 жылға дейін созылды.,"Ол шамамен 400 жылдан бастап, салтанаттың эпиценттерне рейтінде белгілі болды және шамамен 1100 жылға дейін созылды.",ол шамамен 400 жылдан бастап салтанаттың эпицентріне ретінде белгілі болды және шамамен 1100 жылға дейін созылды,ол шамамен 400 жылдан бастап салтанаттың эпиценттерне рейтінде белгілі болды және шамамен 1100 жылға дейін созылды
1895,Грек тілін білу азайғаннан кейін батыс өзінің грек философиялық және ғылыми түбірлерінен бөлініп кеткенін тапты.,"Грек тілін білу азайғаннан кейін, батыс өзінің грек философиялық және ғылыми түбірлерінен бөлініп кеткенін тапты.",грек тілін білу азайғаннан кейін батыс өзінің грек философиялық және ғылыми түбірлерінен бөлініп кеткенін тапты,грек тілін білу азайғаннан кейін батыс өзінің грек философиялық және ғылыми түбірлерінен бөлініп кеткенін тапты
1928,"1976 жылда, Мачу Пикчудың отыз пайызы қалпына келтірілді және реставрация бүгінге дейні жалғасуда.",1970 жылда матчу пикчудың 30 пайызы қалпына келтірілді және реставрация бүгінге дейін жалғасуды.,1976 жылда мачу пикчудың отыз пайызы қалпына келтірілді және реставрация бүгінге дейні жалғасуда,1970 жылда матчу пикчудың 30 пайызы қалпына келтірілді және реставрация бүгінге дейін жалғасуды
1886,"Ежелгі мәдениеттер мен тайпалар сүтке, жүнге, етке және терілерге оңай қол жеткізу үшін оларды өсіре бастады.","Ежелгі мәдениеттер мен тайпалар сүтке, жүнге, етке және терлерге оңай қол жеткізу үшін оларды өсіреп бастады.",ежелгі мәдениеттер мен тайпалар сүтке жүнге етке және терілерге оңай қол жеткізу үшін оларды өсіре бастады,ежелгі мәдениеттер мен тайпалар сүтке жүнге етке және терлерге оңай қол жеткізу үшін оларды өсіреп бастады
1972,"Көп адам оларды динозаврлар деп ойламайды, өйткені олардың қауырсындары бар және ұша алады.","Көп адам оларды динозаврлар деп ойламайды, өйткені олардың қауірсіндары бар және ұша алады.",көп адам оларды динозаврлар деп ойламайды өйткені олардың қауырсындары бар және ұша алады,көп адам оларды динозаврлар деп ойламайды өйткені олардың қауірсіндары бар және ұша алады
1782,Сондай-ақ әр династиялар арасында бөлінген провинциялардың тұрақсыз дәуірі болды. Осы кезеңдердің ең танымалсы — Хань мен Цзинь династияларының арасында 60 жыл бойы болған Үш патшалық дәуірі еді.,Сондай-ақ әр династиялар арасында бөлінген провинциялардың тұрақсыз дәуірі болды. Осы кезеңдердің ең танмалсы Ханмин Цинд династияларының арасында 60 жыл бойы болған үш патшалық дәуірі еді.,сондай ақ әр династиялар арасында бөлінген провинциялардың тұрақсыз дәуірі болды осы кезеңдердің ең танымалсы хань мен цзинь династияларының арасында 60 жыл бойы болған үш патшалық дәуірі еді,сондай ақ әр династиялар арасында бөлінген провинциялардың тұрақсыз дәуірі болды осы кезеңдердің ең танмалсы ханмин цинд династияларының арасында 60 жыл бойы болған үш патшалық дәуірі еді
1879,"Жаңа бірдеңе пайда боғланда, пернетақта неге айналатыны туралы болжамдар жасауға ғана болады.","Жаңа бірдеңе пайда болғанда, пернетақта неге айналатыны туралы болжамдар жасауға ғана болады.",жаңа бірдеңе пайда боғланда пернетақта неге айналатыны туралы болжамдар жасауға ғана болады,жаңа бірдеңе пайда болғанда пернетақта неге айналатыны туралы болжамдар жасауға ғана болады
1950,Солтүстікке қарай және жақын арада Синтра деген романтикалық және еліктіретін қаласы орналасқан және ол Лорд Байрон оның ғажайыптарын қызық әңгімелегеннен кейін шетелдіктерге әйгілі болды.,Солтүстікке қарай және жақын арада синтродеген романтикалық және елікті ретін қаласы орналасқан және ол Лорд Байрон оның жағайыптарын қызық әңгімелегеннен кейін шетелдіктерге әйгілі болды.,солтүстікке қарай және жақын арада синтра деген романтикалық және еліктіретін қаласы орналасқан және ол лорд байрон оның ғажайыптарын қызық әңгімелегеннен кейін шетелдіктерге әйгілі болды,солтүстікке қарай және жақын арада синтродеген романтикалық және елікті ретін қаласы орналасқан және ол лорд байрон оның жағайыптарын қызық әңгімелегеннен кейін шетелдіктерге әйгілі болды
1725,Ертеректе шығындарды азайту және функционалдылық факторларына байланысты бүкіл әлемде шығарылған ASUS Eee компьютері 2007 жылғы Тайбэй АТ айлығының өзекті тақырыбына айналды.,Ертеректе шығындарды азайту және функционалдылық факторларына байланысты бүкіл әлемде шығарылған ASUS EI компьютері 2007 жылғы Taipei AT айлығының өзекті тақырыбына айналды.,ертеректе шығындарды азайту және функционалдылық факторларына байланысты бүкіл әлемде шығарылған asus eee компьютері 2007 жылғы тайбэй ат айлығының өзекті тақырыбына айналды,ертеректе шығындарды азайту және функционалдылық факторларына байланысты бүкіл әлемде шығарылған asus ei компьютері 2007 жылғы taipei at айлығының өзекті тақырыбына айналды
1920,"Әдетте, қонақтарды жақсы көңіл-күйде ұстау және іште ұстау үшін оларда арнайы тамақ, сусын және ойын-сауық ұсыныстары болады.",Әдетте қонақтарды жақсы көңілтейде ұстау және іште ұстау үшін оларда арнайы тамақ сусын және ойын-сауық ұсыныстары болады.,әдетте қонақтарды жақсы көңіл күйде ұстау және іште ұстау үшін оларда арнайы тамақ сусын және ойын сауық ұсыныстары болады,әдетте қонақтарды жақсы көңілтейде ұстау және іште ұстау үшін оларда арнайы тамақ сусын және ойын сауық ұсыныстары болады
1915,Гома қаласында бода-бода (мотоцикл-такси) қызметінен пайдалануыңызға болады. Қалыпты (жергілікті) бағасы қысқа сапар үшін  шамамен 500 Конго франкіне тең.,"Гома қаласында, Бода-Бода мотоцикл такси қызметінен пайдалауын нұңызға болады. Қалыпты жергілікті бағасы қысқа сапар үшін шамамен 500 конго франкани тең.",гома қаласында бода бода мотоцикл такси қызметінен пайдалануыңызға болады қалыпты жергілікті бағасы қысқа сапар үшін шамамен 500 конго франкіне тең,гома қаласында бода бода мотоцикл такси қызметінен пайдалауын нұңызға болады қалыпты жергілікті бағасы қысқа сапар үшін шамамен 500 конго франкани тең
1928,"1976 жылда, Мачу Пикчудың отыз пайызы қалпына келтірілді және реставрация бүгінге дейні жалғасуда.",1976 жылда Мачу-Пикчудың 30 пайызы қалқына келтірілді және рестабрация бүгінге дейіні жалғасуда.,1976 жылда мачу пикчудың отыз пайызы қалпына келтірілді және реставрация бүгінге дейні жалғасуда,1976 жылда мачу пикчудың 30 пайызы қалқына келтірілді және рестабрация бүгінге дейіні жалғасуда
1989,Сондай-ақ ол көп елдердің банкнота басу қалыптарын нақыштауға қатысты. Оның жақындағы жұмыс мысалдарына Канаданың жаңа $5 және $100 банкноталарындағы премьер-министр портреттері кіреді.,Сондай-ақ ол көп әлдердің банкнота басу қалыптарын нақыштауға қатысты. Оның жақындағы жұмыс мысалдарына Канаданың жаңа 5 доллар және 100 доллар банкноталарындағы премьер-министр партериттері кіреді.,сондай ақ ол көп елдердің банкнота басу қалыптарын нақыштауға қатысты оның жақындағы жұмыс мысалдарына канаданың жаңа 5 және 100 банкноталарындағы премьер министр портреттері кіреді,сондай ақ ол көп әлдердің банкнота басу қалыптарын нақыштауға қатысты оның жақындағы жұмыс мысалдарына канаданың жаңа 5 доллар және 100 доллар банкноталарындағы премьер министр партериттері кіреді
1676,"Барлық Оңтүстік Африка ұлттық саябақтарындағыдай, саябаққа кіруде экологиялық салым және кіру ақысы төленеді.","Барлық Оңтүстік Африка ұлттық саябақтарындағыдай, саябаққа кіруде экологиялық салым және кіру ақысы төлінеді.",барлық оңтүстік африка ұлттық саябақтарындағыдай саябаққа кіруде экологиялық салым және кіру ақысы төленеді,барлық оңтүстік африка ұлттық саябақтарындағыдай саябаққа кіруде экологиялық салым және кіру ақысы төлінеді
1857,"Ол тағы былай деді: «дегенмен, олардан даму кезеңінен, жауапкершілігінен және мүмкіндіктерінен асатын міндеттемелерді қабылдауды сұрамау керек».","Ол тағы былай деді «Дегенмен, олардан даму кезеңінен, жағыпкершілігінен және мүмкіндіктерінен асатын міндеттемелерді қабылдауды сұрамау керек».",ол тағы былай деді дегенмен олардан даму кезеңінен жауапкершілігінен және мүмкіндіктерінен асатын міндеттемелерді қабылдауды сұрамау керек,ол тағы былай деді дегенмен олардан даму кезеңінен жағыпкершілігінен және мүмкіндіктерінен асатын міндеттемелерді қабылдауды сұрамау керек
1761,Кейінірек дәретханаға сұранған егде жастағы әйелдің орнын фотографтар алмастырды. Мендоза атып тасталынды.,Кейінірек дәрет қанаға сұранған егде жастағы әйелдің орнын фотографтар алмастырды. Мен доза атып тасталымды.,кейінірек дәретханаға сұранған егде жастағы әйелдің орнын фотографтар алмастырды мендоза атып тасталынды,кейінірек дәрет қанаға сұранған егде жастағы әйелдің орнын фотографтар алмастырды мен доза атып тасталымды
1831,"Плитвиц көлдері ұлттық паркін қалың орман жапқан. Орман негізінен қайың, шырша және майқарағай ағаштарынан тұрады. Орманда альпылық және жерортатеңіздік өсімдіктер аралас өседі.","Флитвитс көлдері — ұлттық паркын қалын орман жапқан, орма негізінен қайын, шырша және майқарағай ағаштарынан тұрады. Орманда аллыпылық және жерорта теңіздік өсімдіктер араласы өседі.",плитвиц көлдері ұлттық паркін қалың орман жапқан орман негізінен қайың шырша және майқарағай ағаштарынан тұрады орманда альпылық және жерортатеңіздік өсімдіктер аралас өседі,флитвитс көлдері ұлттық паркын қалын орман жапқан орма негізінен қайын шырша және майқарағай ағаштарынан тұрады орманда аллыпылық және жерорта теңіздік өсімдіктер араласы өседі
1904,"Дегенмен, баяу коммуникация арналарына байланысты, батыстағы стильдер 25-30 жылға қалып отырады.","Гегенмен баяу коммуникация арналарына байланысты, батыстағы стильдер 25-30 жылға қалып отырады.",дегенмен баяу коммуникация арналарына байланысты батыстағы стильдер 25 30 жылға қалып отырады,гегенмен баяу коммуникация арналарына байланысты батыстағы стильдер 25 30 жылға қалып отырады
1915,Гома қаласында бода-бода (мотоцикл-такси) қызметінен пайдалануыңызға болады. Қалыпты (жергілікті) бағасы қысқа сапар үшін  шамамен 500 Конго франкіне тең.,"Гома қаласында Бодапода мотоцикл такси қызметінен пайдалануыңызға болады, қалыпты жергілікті бағасы қысқар саппар үшін шамамен 500 Гонго Франкне тең.",гома қаласында бода бода мотоцикл такси қызметінен пайдалануыңызға болады қалыпты жергілікті бағасы қысқа сапар үшін шамамен 500 конго франкіне тең,гома қаласында бодапода мотоцикл такси қызметінен пайдалануыңызға болады қалыпты жергілікті бағасы қысқар саппар үшін шамамен 500 гонго франкне тең
1826,"Апаттан соң Гибсон ауруханаға жеткізілді, бірақ аз уақыт өтпей қайтыс болды.","Абаттан соң Гипсон ауруханаға жеткізілді, бірақ аз уақыт өтпе қайтыс болды.",апаттан соң гибсон ауруханаға жеткізілді бірақ аз уақыт өтпей қайтыс болды,абаттан соң гипсон ауруханаға жеткізілді бірақ аз уақыт өтпе қайтыс болды
1872,Мау қозғалысы ұйымдастырған тәуелсіздік үшін күрес кезінде қаладағы бейбіт жиналыс нәтижесінде жоғары дәрежелі көсем Тупуа Тамасесе Леалофи III өліміне әкеліп соқты.,"Мауқазғалысы ұйымдастырған тәуелсіздік үшін күрес кезінде қаладағы бейбіт жиналыс нәтижесінде жоғары дәрежелі көсем Тукуа, Тамасеса, Лиалофе үшінші өлімінен әкеліп соқты.",мау қозғалысы ұйымдастырған тәуелсіздік үшін күрес кезінде қаладағы бейбіт жиналыс нәтижесінде жоғары дәрежелі көсем тупуа тамасесе леалофи iii өліміне әкеліп соқты,мауқазғалысы ұйымдастырған тәуелсіздік үшін күрес кезінде қаладағы бейбіт жиналыс нәтижесінде жоғары дәрежелі көсем тукуа тамасеса лиалофе үшінші өлімінен әкеліп соқты
1908,Бұл – кейбір етістіктер мен толықтауыштарды ажыратудың маңызды жолы.,Бұл кейбір етістіктер мен толықтауыштарды ажыратудың маңызды жолы.,бұл кейбір етістіктер мен толықтауыштарды ажыратудың маңызды жолы,бұл кейбір етістіктер мен толықтауыштарды ажыратудың маңызды жолы
1740,Пирамида дыбыс және жарық шоуы балаларға арналған аумақтағы ең қызық нәрселердің бірі болып табылады.,Пирамида дыбыс және жарық шоуы балаларға арналған аумақтағы ең қызық нәселердің бірі болып табылады.,пирамида дыбыс және жарық шоуы балаларға арналған аумақтағы ең қызық нәрселердің бірі болып табылады,пирамида дыбыс және жарық шоуы балаларға арналған аумақтағы ең қызық нәселердің бірі болып табылады
1837,Реконструкция әрекеттерін либералдық сынау реконструкция келісімшарттарын солай деп саналатын Вашингтон инсайдерлеріне беруге баса көңіл бөлді.,Реконструкция әрекеттерін либералдық сынау реконструкция келімс жағык келесім шарттарын солай деп саналатын Вашингтон инсадерлеріне беруге баса көңіл бөлді.,реконструкция әрекеттерін либералдық сынау реконструкция келісімшарттарын солай деп саналатын вашингтон инсайдерлеріне беруге баса көңіл бөлді,реконструкция әрекеттерін либералдық сынау реконструкция келімс жағык келесім шарттарын солай деп саналатын вашингтон инсадерлеріне беруге баса көңіл бөлді
1978,«Спрингбокс» үшін бұл қатара бес ойындық жеңіліспен аяқталды.,Спринг бокс үшін бұл қатара бес ойындық жеңіліспен аяқталды.,спрингбокс үшін бұл қатара бес ойындық жеңіліспен аяқталды,спринг бокс үшін бұл қатара бес ойындық жеңіліспен аяқталды
1987,Апат биік таулы жерлерде орын алған және дұшпандық мағынадағы өрттің салдарынан болған деп болжануда.,Апат бейек таулы жерлерде орын алған және дұшпандық мағығындағы өрттің салдарынан болған деп болжалында.,апат биік таулы жерлерде орын алған және дұшпандық мағынадағы өрттің салдарынан болған деп болжануда,апат бейек таулы жерлерде орын алған және дұшпандық мағығындағы өрттің салдарынан болған деп болжалында
1848,Кеше Түркияның Газиантеп қаласындағы полиция штаб-пәтерінде бомба қойылған көлік жарылысы нәтижесінде екі полиция қызметкері қаза тапты және жиырмадан артық адам жарақат алды.,"Кеше, Туркияның Газиянтеп қаласындағы полиция штаб пәтерінде бомба қойыған көлік жарылсы нәтижесінде екі полиция қызметкері қаза тапты және жүйірімадан артық адам жарақат алды.",кеше түркияның газиантеп қаласындағы полиция штаб пәтерінде бомба қойылған көлік жарылысы нәтижесінде екі полиция қызметкері қаза тапты және жиырмадан артық адам жарақат алды,кеше туркияның газиянтеп қаласындағы полиция штаб пәтерінде бомба қойыған көлік жарылсы нәтижесінде екі полиция қызметкері қаза тапты және жүйірімадан артық адам жарақат алды
1720,"Ыстық шоколад Бельгия стандарттарына сәйкес келеді. Жеміс шырындары қымбат болғанымен, бірақ өте керемет.","Астық шикалат Бельгия стандарттарына сәйкес келеді. Жеміс шырындары қымбат болғанымен, бірақ өте керемет.",ыстық шоколад бельгия стандарттарына сәйкес келеді жеміс шырындары қымбат болғанымен бірақ өте керемет,астық шикалат бельгия стандарттарына сәйкес келеді жеміс шырындары қымбат болғанымен бірақ өте керемет
1955,"Шашыраңқы склероз – ми, жұлын және ми жүйкесінен тұратын орталық жүйке жүйесіне әсер ететін ауру.","Шашыранқы скелероз, ми, жұлын және ми жүйкесінен тұратын орталық жүйке жүйесіне әсер ететінін ауру.",шашыраңқы склероз ми жұлын және ми жүйкесінен тұратын орталық жүйке жүйесіне әсер ететін ауру,шашыранқы скелероз ми жұлын және ми жүйкесінен тұратын орталық жүйке жүйесіне әсер ететінін ауру
1809,"Жолдарды орнында ұстау үшін шпалдар айтарлықтай ерте енгізілді. Алайда, бірте-бірте, жолдың үстінде темір бөлік болса, жолдар тиімдірек болатыны түсінілді.","Жолдарда орнында ұстау үшін шпалдар айтарлықта ерте енгізілді, алайда бірте-бірте жолтың үстінде темір бөлік болса, жолдар тиімдірек болатыны түсінілді.",жолдарды орнында ұстау үшін шпалдар айтарлықтай ерте енгізілді алайда бірте бірте жолдың үстінде темір бөлік болса жолдар тиімдірек болатыны түсінілді,жолдарда орнында ұстау үшін шпалдар айтарлықта ерте енгізілді алайда бірте бірте жолтың үстінде темір бөлік болса жолдар тиімдірек болатыны түсінілді
1775,"Бейне жазып алуды пайдалану бірнеше миллисекунд жалғасатын микро қимылдарды, бет бұлшық еттерінің қимылдарын түсіндіруде маңызды жаңалықтардың ашылуына себеп болды.",Бения жазып алуды пайдалану бірнеше меле секунд жалғасатын микроқымылдарды бет бұл шық еттерінің қимылдарын түсіндіруде маңызды жаңалықтардың ашылуына себеп болды.,бейне жазып алуды пайдалану бірнеше миллисекунд жалғасатын микро қимылдарды бет бұлшық еттерінің қимылдарын түсіндіруде маңызды жаңалықтардың ашылуына себеп болды,бения жазып алуды пайдалану бірнеше меле секунд жалғасатын микроқымылдарды бет бұл шық еттерінің қимылдарын түсіндіруде маңызды жаңалықтардың ашылуына себеп болды
1697,"Ол ауырғанды басатын қажет дәрі-дәрмектерді қабылдай алмады, өйткені олар Ойындарға қатысушылар үшін рұқсат етілмейді.","Ол ауырғанды басатын қажет дәрі-дәрмектерді қабылдай алмады, өйткені олар ойындарға қатысушылар үшін рұқсат етілмейді.",ол ауырғанды басатын қажет дәрі дәрмектерді қабылдай алмады өйткені олар ойындарға қатысушылар үшін рұқсат етілмейді,ол ауырғанды басатын қажет дәрі дәрмектерді қабылдай алмады өйткені олар ойындарға қатысушылар үшін рұқсат етілмейді
1966,Комиссия қазан айында басталған кең тараған режимге қарсы наразылықтарға Мартеллидің жауабы болды.,Комиссия қазаң айында басталған кең тараған режимге қарсы наразылықтарғы Мартеллидің жауабы болды.,комиссия қазан айында басталған кең тараған режимге қарсы наразылықтарға мартеллидің жауабы болды,комиссия қазаң айында басталған кең тараған режимге қарсы наразылықтарғы мартеллидің жауабы болды
1768,Кешеннің жиектеріндегі ғимараттардың көпшілігі туристерге басында қалай пайда болғаны туралы жақсырақ түсінік беру үшін қайта соғылды.,Кешенің жектеріндегі ғимараттардың көпшілігі туристерге басында қалай пайда болған туралы жақсырақ түсінік беру үшін қайта соғылды.,кешеннің жиектеріндегі ғимараттардың көпшілігі туристерге басында қалай пайда болғаны туралы жақсырақ түсінік беру үшін қайта соғылды,кешенің жектеріндегі ғимараттардың көпшілігі туристерге басында қалай пайда болған туралы жақсырақ түсінік беру үшін қайта соғылды
1933,"Әрі-беріден соң, мұнда көптеген кішкентай мысықтар (соның ішінде жоғалған үй мысықтары) бар. Олар құрт-құмырсқа, кеміргіштер, кесіртке сияқты көптеген шағын жыртқыш аңдарды және құстарды жейді.","Әрі берден соң, мұнда көптеген кішкент аймысықтар, соның ішінде жоғалған аймысықтара бар. Олар құрт құмырсқа, кеміргіштер, кесіртке, сияқты көптеген шағын жыртқы шаңдарды және құстарды жейді.",әрі беріден соң мұнда көптеген кішкентай мысықтар соның ішінде жоғалған үй мысықтары бар олар құрт құмырсқа кеміргіштер кесіртке сияқты көптеген шағын жыртқыш аңдарды және құстарды жейді,әрі берден соң мұнда көптеген кішкент аймысықтар соның ішінде жоғалған аймысықтара бар олар құрт құмырсқа кеміргіштер кесіртке сияқты көптеген шағын жыртқы шаңдарды және құстарды жейді
1665,Жылыстаған мәліметтерге сәйкес құжат 1967 жылғы Таяу Шығыс соғысына дейінгі шекаралары негізінде Палестина қалайтын шекаралар дауына қатысты болады.,"Жылыстаған мәліметтерге сәйкес, құжат 1967 жылғы Таяу Шығысына дейінгі шекаралар негізінде Палестина қалайтын шекаралар дауына қатысты болады.",жылыстаған мәліметтерге сәйкес құжат 1967 жылғы таяу шығыс соғысына дейінгі шекаралары негізінде палестина қалайтын шекаралар дауына қатысты болады,жылыстаған мәліметтерге сәйкес құжат 1967 жылғы таяу шығысына дейінгі шекаралар негізінде палестина қалайтын шекаралар дауына қатысты болады
1832,"Танымал спорт түрлеріне футбол, баскетбол, волейбол, су полосы, семсерлесу, регби, велоспорт, шайбалы хоккей, роликті хоккей және F1 автоспорты кіреді.","Танымал спорт түрлеріне футбол, москитбол, валейбол, су боласы, семсерлесу, регби, велоспорт, шайбалы хакей, роликті хакей және фбр автоспорты кіреді.",танымал спорт түрлеріне футбол баскетбол волейбол су полосы семсерлесу регби велоспорт шайбалы хоккей роликті хоккей және f1 автоспорты кіреді,танымал спорт түрлеріне футбол москитбол валейбол су боласы семсерлесу регби велоспорт шайбалы хакей роликті хакей және фбр автоспорты кіреді
1662,Қорытпалар негізінен екі немесе одан да көп металдардың қоспасы болып табылады. Периодты кестеде көптеген элементтер бар екенін ұмытпаңыз.,Қорытпалар негізінен екі немесе одан да көп металдардың қоспасы болып табылады. Периодты кестеде көптеген элементтер бар екенін ұмытпаңыз.,қорытпалар негізінен екі немесе одан да көп металдардың қоспасы болып табылады периодты кестеде көптеген элементтер бар екенін ұмытпаңыз,қорытпалар негізінен екі немесе одан да көп металдардың қоспасы болып табылады периодты кестеде көптеген элементтер бар екенін ұмытпаңыз
1959,"Бәрібір билік органдарынан кеңес алыңыз, барлық белгілерді ескеріңіз және қауіпсіздік туралы ескертулерге ерекше көңіл бөліңіз.",Бәрібір бейлік органдарынан кеңес алыңыз. Барлық белгілерді ескеріңіз және қауіпсіздік туралы ескертулерге ерекше көңіл бөліңіз.,бәрібір билік органдарынан кеңес алыңыз барлық белгілерді ескеріңіз және қауіпсіздік туралы ескертулерге ерекше көңіл бөліңіз,бәрібір бейлік органдарынан кеңес алыңыз барлық белгілерді ескеріңіз және қауіпсіздік туралы ескертулерге ерекше көңіл бөліңіз
1790,"Оның жұмысы соншалықты танылған сапалы және егжей-тегжейлі болғандықтан, филателистер арасында өте аз «үй иелері атауларының » бірі болып есептеледі. Кейбіреулер өзінің жұмысын жалғыздықта жинауға маманданған.","Оның жұмысы соншалықты танылған сапалы және екши тек жиілі болғандықтан, филотелестер арасында өте аз үй иелер атауларының бірі болып есептеледі. Кейбіреулер өзінің жұмысын шағыздықта жинауға маманданған.",оның жұмысы соншалықты танылған сапалы және егжей тегжейлі болғандықтан филателистер арасында өте аз үй иелері атауларының бірі болып есептеледі кейбіреулер өзінің жұмысын жалғыздықта жинауға маманданған,оның жұмысы соншалықты танылған сапалы және екши тек жиілі болғандықтан филотелестер арасында өте аз үй иелер атауларының бірі болып есептеледі кейбіреулер өзінің жұмысын шағыздықта жинауға маманданған
1782,Сондай-ақ әр династиялар арасында бөлінген провинциялардың тұрақсыз дәуірі болды. Осы кезеңдердің ең танымалсы — Хань мен Цзинь династияларының арасында 60 жыл бойы болған Үш патшалық дәуірі еді.,Сондай-ақ әр династиялар арасында бөлінген провинциялардың тұрақсыз дәуірі болды. Осы кезеңдердің ең танымалсы Ханнмен Цзинь династияларының арасында 60 шыл бойы болған үш патшалық дәуір еді.,сондай ақ әр династиялар арасында бөлінген провинциялардың тұрақсыз дәуірі болды осы кезеңдердің ең танымалсы хань мен цзинь династияларының арасында 60 жыл бойы болған үш патшалық дәуірі еді,сондай ақ әр династиялар арасында бөлінген провинциялардың тұрақсыз дәуірі болды осы кезеңдердің ең танымалсы ханнмен цзинь династияларының арасында 60 шыл бойы болған үш патшалық дәуір еді
1883,"Көпір астындағы тік аралық 15 метрді құрайды. Құрылыс 2011 жылдың тамыз айында аяқталды, ол 2017 жылдың наурыз айына дейін жол қозғалысына ашылмады.","Көпір астындағы тік аралық он бас метрді құрайды. Құрлыс 2011 жылдың тамыз айында аяқталды, ол 2017 жылдың наурыз айына дейін жол қозғалысына ашылымады.",көпір астындағы тік аралық 15 метрді құрайды құрылыс 2011 жылдың тамыз айында аяқталды ол 2017 жылдың наурыз айына дейін жол қозғалысына ашылмады,көпір астындағы тік аралық он бас метрді құрайды құрлыс 2011 жылдың тамыз айында аяқталды ол 2017 жылдың наурыз айына дейін жол қозғалысына ашылымады
1690,"USOC ұйымының атлеттердің және клубтардың әрі олардың спорт түрлерінің мүдделеріне лицензиядан айыру орнына, ұйымымызда мағыналы өзгеріс жасау арқылы жақсырақ қызмет көрсетуге болатынымен келіседі.",USOC ұйымының атлеттердің және клубтардың әрі олардың спорт түрлерінің мүдделеріне пейтсензиядан айру орнына ұйымымызда мағыналы өзгеріс жасау арқылы жақсырақ қызмет көрсетуге болатынамен келіседі.,usoc ұйымының атлеттердің және клубтардың әрі олардың спорт түрлерінің мүдделеріне лицензиядан айыру орнына ұйымымызда мағыналы өзгеріс жасау арқылы жақсырақ қызмет көрсетуге болатынымен келіседі,usoc ұйымының атлеттердің және клубтардың әрі олардың спорт түрлерінің мүдделеріне пейтсензиядан айру орнына ұйымымызда мағыналы өзгеріс жасау арқылы жақсырақ қызмет көрсетуге болатынамен келіседі
1747,Жолдас балуандар да Лунаға құрмет көрсетті.,Жолдаз балуандар да лунаға құрмет көрсетті.,жолдас балуандар да лунаға құрмет көрсетті,жолдаз балуандар да лунаға құрмет көрсетті
1798,"Алғашқы күндері шоу тек ұзақ уақыттан бері жұмыс істеп келе жатқан TogiNet Radio интернет радиосында, сөйлесу радиосына негізделген сайтта өткен.",Алғашқы күндері шоу тек ұзақ уақыттан бері жоңыс істеп келе жатқан TogiNet радио интернет радиусында сөйлесу радиусында негізделген сайтта өткен.,алғашқы күндері шоу тек ұзақ уақыттан бері жұмыс істеп келе жатқан toginet radio интернет радиосында сөйлесу радиосына негізделген сайтта өткен,алғашқы күндері шоу тек ұзақ уақыттан бері жоңыс істеп келе жатқан toginet радио интернет радиусында сөйлесу радиусында негізделген сайтта өткен
1951,"2002 жылы Гома қаласының көптеген көшелерін, әсіресе қала орталығындағы көшелері Нирагонго жанартауынан аққан лавамен жойылды.",2012 жылы Гома қаласындағы көптеген көшелерін нәсіресі қала орталығындағы көшелері Нирагонға жанартауынан аққан лабымен жойылды.,2002 жылы гома қаласының көптеген көшелерін әсіресе қала орталығындағы көшелері нирагонго жанартауынан аққан лавамен жойылды,2012 жылы гома қаласындағы көптеген көшелерін нәсіресі қала орталығындағы көшелері нирагонға жанартауынан аққан лабымен жойылды
2003,"Гонконгтың ең жақсы көрінісін тамашалау үшін аралдан шығып, Коулун жағалауына қарай бет бұрыңыз.","Гонгконгтың ең жақсы көрінісін тамашалау үшін аралдан шығып, коулун жағалауына қарай бет бұрыңыз.",гонконгтың ең жақсы көрінісін тамашалау үшін аралдан шығып коулун жағалауына қарай бет бұрыңыз,гонгконгтың ең жақсы көрінісін тамашалау үшін аралдан шығып коулун жағалауына қарай бет бұрыңыз
1976,"Орташа деңгейдегі батсмендер - Сачин Тендулкар мен Рахул Дравид жақсы өнер көрсетіп, жүздеген серіктестік қатынас жасады.","Орташа деңгейдегі батысмендер Сачин Тендокар мен Рахол Дравит жақсы өнер көрсетіп, жүздеген сиріктестік қатынас жасады.",орташа деңгейдегі батсмендер сачин тендулкар мен рахул дравид жақсы өнер көрсетіп жүздеген серіктестік қатынас жасады,орташа деңгейдегі батысмендер сачин тендокар мен рахол дравит жақсы өнер көрсетіп жүздеген сиріктестік қатынас жасады
1884,Атап айтқанда адамның бетіндегі микро өзгерістерді түсіндіру арқылы оның өтірік айтуын анықтауға болады.,Атап айтқанда адамның бетіндегі микро үзгерістерді түсіндіру арғылы оның өттірік айтуын анықтауға болады.,атап айтқанда адамның бетіндегі микро өзгерістерді түсіндіру арқылы оның өтірік айтуын анықтауға болады,атап айтқанда адамның бетіндегі микро үзгерістерді түсіндіру арғылы оның өттірік айтуын анықтауға болады
1842,"Динозавр қауырсынында рахис деп аталатын жақсы дамыған білік жоқ, бірақ қауырсынның басқа ерекшеліктері бар — кертіктер мен шоқша сақалдар — зерттеушілер рахис туралы олардың кейінірек эволюциялық болған деген қорытындыға келді.","Динозабр қауірсынында рақисте аталатын жақсы дамыған білік жоқ, бірақ қауірсының басқа ерекшеліктері бір. Кертіктер мен шоқша сақалдар, зерттеушілер рақист туралы олардың кейінірек эволюциялық болған деген қорытындыға еледі.",динозавр қауырсынында рахис деп аталатын жақсы дамыған білік жоқ бірақ қауырсынның басқа ерекшеліктері бар кертіктер мен шоқша сақалдар зерттеушілер рахис туралы олардың кейінірек эволюциялық болған деген қорытындыға келді,динозабр қауірсынында рақисте аталатын жақсы дамыған білік жоқ бірақ қауірсының басқа ерекшеліктері бір кертіктер мен шоқша сақалдар зерттеушілер рақист туралы олардың кейінірек эволюциялық болған деген қорытындыға еледі
1669,"Полиция басшысы Чандра Шехар Соланкидің айтуынша, сотталушылар сотта беттерін жауып қатысқан.","Полиция башысы Чандра Шехар солан кейдің айтуынша, соттаушылар сотта беттерін жауап қатысқан.",полиция басшысы чандра шехар соланкидің айтуынша сотталушылар сотта беттерін жауып қатысқан,полиция башысы чандра шехар солан кейдің айтуынша соттаушылар сотта беттерін жауап қатысқан
1847,Оны Сингапур премьер-министрінің орынбасары Вонг Кан Сенг күтіп алды және ол Сингапурдың премьер-министрі Ли Сьен Лунмен сауда және терроризм мәселелерін талқылады.,Оны Сингапур премьер-министрінің орынбасары Вонг Кан Сенк күтіп алды және ол Сингапурдың премьер-министрі Лиссион Лунмен сауда және терроризм мәселелерін талқылады.,оны сингапур премьер министрінің орынбасары вонг кан сенг күтіп алды және ол сингапурдың премьер министрі ли сьен лунмен сауда және терроризм мәселелерін талқылады,оны сингапур премьер министрінің орынбасары вонг кан сенк күтіп алды және ол сингапурдың премьер министрі лиссион лунмен сауда және терроризм мәселелерін талқылады
1666,"Сондай-ақ өзіңіздікінен басқа үкіметтерден кеңес алғыңыз келуі мүмкін, бірақ олардың кеңесі өз азаматтарына арналған.","Сондай-ақ өзіңіздікінен басқа үкіметтердің кеңес алғыңыз келуі мүмкін, бірақ олардың кеңесі өз азаматтарына арналған.",сондай ақ өзіңіздікінен басқа үкіметтерден кеңес алғыңыз келуі мүмкін бірақ олардың кеңесі өз азаматтарына арналған,сондай ақ өзіңіздікінен басқа үкіметтердің кеңес алғыңыз келуі мүмкін бірақ олардың кеңесі өз азаматтарына арналған
1867,Өсімдіктер адамдар тыныстайтын оттегіні жасайды және адамдар тыныспен шығаратын көміртегі диоксидін сіңіреді.,Өсімдіктер адамдар тыныстайтын оттегіні жасайды және адамдар тыныспен шығаратын көміртегі диоксидін сіңіреді.,өсімдіктер адамдар тыныстайтын оттегіні жасайды және адамдар тыныспен шығаратын көміртегі диоксидін сіңіреді,өсімдіктер адамдар тыныстайтын оттегіні жасайды және адамдар тыныспен шығаратын көміртегі диоксидін сіңіреді
1970,"Нақты білмесек те, оның тілі айыр болған болуы мүмкін. Оның диетасына мыналар кірген: тасбақалар, үлкен балық, басқа мозазаврлар кіреді. Ол тіпті каннибал болған болуы да мүмкін.","Нақты білмесекте оның тілі айыр болған болған болуы мүмкін. Оның де тесін амналар кірген, таспақалар, үлкен балық басқа мазазурлар кіреді. Ол тіпті канивал болған болған болған мүмкін.",нақты білмесек те оның тілі айыр болған болуы мүмкін оның диетасына мыналар кірген тасбақалар үлкен балық басқа мозазаврлар кіреді ол тіпті каннибал болған болуы да мүмкін,нақты білмесекте оның тілі айыр болған болған болуы мүмкін оның де тесін амналар кірген таспақалар үлкен балық басқа мазазурлар кіреді ол тіпті канивал болған болған болған мүмкін
1784,"Гренландия халқы сирек қоныстанды. Норвегиялық дастандарда олар Қызыл Эрик адам өлтіргені үшін Исландиядан қуылған, одан әрі батысқа қарай сапар шеккенде Гренландияны тауып, оны Гренландия деп атаған дейді.","Гренландия халқы сирек қоныстанды, норвегиялық тастандарда олар қызыл Эрик адам өлтірген үшін Исландиядан қуылған. Одан әрі батысқа қарай сапар шеккенде Гренландияны тауып, оны Гренландия деп атаған дейді.",гренландия халқы сирек қоныстанды норвегиялық дастандарда олар қызыл эрик адам өлтіргені үшін исландиядан қуылған одан әрі батысқа қарай сапар шеккенде гренландияны тауып оны гренландия деп атаған дейді,гренландия халқы сирек қоныстанды норвегиялық тастандарда олар қызыл эрик адам өлтірген үшін исландиядан қуылған одан әрі батысқа қарай сапар шеккенде гренландияны тауып оны гренландия деп атаған дейді
1772,Осылайша нотация жай ғана белгі ретінде қосылған болуы мүмкін.,"Осылайша, нотация жайғана белгі ретінде қосылған болуы мүмкін.",осылайша нотация жай ғана белгі ретінде қосылған болуы мүмкін,осылайша нотация жайғана белгі ретінде қосылған болуы мүмкін
1727,Баспанасыз балалар тастап кеткенге немесе қашып кеткенге дейін балаларға қарсы зорлық-зомбылықты көрген немесе жанжарақатын алған болуы мүмкін.,Баспанасыз балалар тастап кеткенге немесе қашып кеткенде дейін балаларға қарсы зорлық зонбылықты көрген немесе жанжарлықты алған болуы мүмкін.,баспанасыз балалар тастап кеткенге немесе қашып кеткенге дейін балаларға қарсы зорлық зомбылықты көрген немесе жанжарақатын алған болуы мүмкін,баспанасыз балалар тастап кеткенге немесе қашып кеткенде дейін балаларға қарсы зорлық зонбылықты көрген немесе жанжарлықты алған болуы мүмкін
1706,"Дәстүрлірек шіркеулер Пасха демалыс күндері сенбі түні пасхалық таңғы ғибадатты өткізеді, жиналыстар жиі түн ортасында Мәсіхтің қайта тірілуін мерекелеуге айналады.","Дәс түрлі рек шіркеулер пасқа демалыс күндері сенбі түні пасқалық таңғы ғиу адатты өткізеді, жиналыстар жиі түн ортасында мәсықтың қайта тірілуін мерекелеуге айналады.",дәстүрлірек шіркеулер пасха демалыс күндері сенбі түні пасхалық таңғы ғибадатты өткізеді жиналыстар жиі түн ортасында мәсіхтің қайта тірілуін мерекелеуге айналады,дәс түрлі рек шіркеулер пасқа демалыс күндері сенбі түні пасқалық таңғы ғиу адатты өткізеді жиналыстар жиі түн ортасында мәсықтың қайта тірілуін мерекелеуге айналады
1930,"Алты тұтқын, соның ішінде балалар және қариялар, сонымен бірге филиппиндік фотографтар ерте жіберілді.","Алты тұтқын, соның ішінде балалар және қариялар, сонымен бірге пилипиндік фотографтар ерде жіберілді.",алты тұтқын соның ішінде балалар және қариялар сонымен бірге филиппиндік фотографтар ерте жіберілді,алты тұтқын соның ішінде балалар және қариялар сонымен бірге пилипиндік фотографтар ерде жіберілді
1882,"Ғалымдар ғаламшарлар, әсіресе, жер қалай құралғанын түсінеміз деп үміттенеді, өйткені кометалар жермен ұзақ уақыт бұрын соқтығысқан.","Ғалымдар ғаламшарлар әсіресе жер қалай құралғанын түзінеміз деп үміттенеді, өйткені кометалар жерімен ұзақ уақыт бұрын соқты қысқан.",ғалымдар ғаламшарлар әсіресе жер қалай құралғанын түсінеміз деп үміттенеді өйткені кометалар жермен ұзақ уақыт бұрын соқтығысқан,ғалымдар ғаламшарлар әсіресе жер қалай құралғанын түзінеміз деп үміттенеді өйткені кометалар жерімен ұзақ уақыт бұрын соқты қысқан
1936,"Пэрри түнгі сайлау алды жиналысының нәтижелерін бағалау үшін Техасқа оралатынын, өзі үшін осы жарыста алға жүретін жол бар-жоғын анықтайтынын мәлімдеді, бірақ кейінірек жарыста қалатынын және 21 қаңтардағы Оңтүстік Каролинадағы бастапқы сайлауға қатысатынын айтты.","Перрий түңгі сайлау алды жиналысының нәтижелерін бағалау үшін Техасқа оралатынын өзі үшін осы жарыста алға жүретін жол бар жоғын анықтайтын мәлімдеді, бірақ кейінірек жарысты қалатын және 21 қаңтардағы оңстық Каролинадағы бастапқа сайлауға қатысатынын айтты.",пэрри түнгі сайлау алды жиналысының нәтижелерін бағалау үшін техасқа оралатынын өзі үшін осы жарыста алға жүретін жол бар жоғын анықтайтынын мәлімдеді бірақ кейінірек жарыста қалатынын және 21 қаңтардағы оңтүстік каролинадағы бастапқы сайлауға қатысатынын айтты,перрий түңгі сайлау алды жиналысының нәтижелерін бағалау үшін техасқа оралатынын өзі үшін осы жарыста алға жүретін жол бар жоғын анықтайтын мәлімдеді бірақ кейінірек жарысты қалатын және 21 қаңтардағы оңстық каролинадағы бастапқа сайлауға қатысатынын айтты
1903,"Барлық қолжетімді ресурстар ұйымның функционалдық бөлімдерінде тиімді пайдаланылғанда, жасампаздық пен өнертапқыштық бола алады.",Бардық қолжетімді ресурстар ұйымының функциалдық бөлімдеріне тиімді пайдаланғаннан жаспамаздық пен өнер тапқышдық бола алады.,барлық қолжетімді ресурстар ұйымның функционалдық бөлімдерінде тиімді пайдаланылғанда жасампаздық пен өнертапқыштық бола алады,бардық қолжетімді ресурстар ұйымының функциалдық бөлімдеріне тиімді пайдаланғаннан жаспамаздық пен өнер тапқышдық бола алады
1906,«Бұл қоштасу болайын деп тұрған жоқ. Бұл — бір тараудың жабылуы және жаңасының ашылуы».,"Бұл қоштасу балайын деп тұрған жоқ, бұл бір тараудың жабылуы және жаңасының ашылуы.",бұл қоштасу болайын деп тұрған жоқ бұл бір тараудың жабылуы және жаңасының ашылуы,бұл қоштасу балайын деп тұрған жоқ бұл бір тараудың жабылуы және жаңасының ашылуы
1773,Ұйқының үзілуі — қалыпты ұйқы кезеңінде мақсатпен оянудың және кейінірек қысқа уақытқа (10-60 минут) ұйықтау процесі.,Ұйқынның үзілігі қалыпты ұйқы кезінге мақсатпен ойаннудың және кейінірек қысқа уақытқа 1060 минут ұйықтау процесі.,ұйқының үзілуі қалыпты ұйқы кезеңінде мақсатпен оянудың және кейінірек қысқа уақытқа 10 60 минут ұйықтау процесі,ұйқынның үзілігі қалыпты ұйқы кезінге мақсатпен ойаннудың және кейінірек қысқа уақытқа 1060 минут ұйықтау процесі
1878,Шіркеудің орталық билігі мың жылдар бойы Римде болған және бұл қуат пен ақшаның шоғырлануы көп адамдарда бұл принциптің ұсталынып жатқаны туралы сұрақтың туындауына әкелді.,Шіркеудің орталық билігі мың жылдар бойы римде болған және бұл қуат пен ақшаның шығырлануы көп адамдарды бұл принциптің ұсталынып жатқан туралы сұрақтың туындауына әкелді.,шіркеудің орталық билігі мың жылдар бойы римде болған және бұл қуат пен ақшаның шоғырлануы көп адамдарда бұл принциптің ұсталынып жатқаны туралы сұрақтың туындауына әкелді,шіркеудің орталық билігі мың жылдар бойы римде болған және бұл қуат пен ақшаның шығырлануы көп адамдарды бұл принциптің ұсталынып жатқан туралы сұрақтың туындауына әкелді
1835,"Цунами туралы ескерту берілмеді және Джакартаның геофизика агенттігінің деректеріне сай, цунами туралы ескерту берілмейді, өйткені жер сілкінісі 6,5 магнитудасы талабына сай болмады.","Цунами туралы ескерту берілмеді және Жакарта-ның Геофизга агенттігінің деректеріне сай, цунами туралы ескерту берілмейді, өйткені жер сілкінісі, 6 дәген с магнитудасы талабына сай болмады.",цунами туралы ескерту берілмеді және джакартаның геофизика агенттігінің деректеріне сай цунами туралы ескерту берілмейді өйткені жер сілкінісі 6 5 магнитудасы талабына сай болмады,цунами туралы ескерту берілмеді және жакарта ның геофизга агенттігінің деректеріне сай цунами туралы ескерту берілмейді өйткені жер сілкінісі 6 дәген с магнитудасы талабына сай болмады
1687,Сегрегация және рекомбинация әр буында екі пул арасында вариацияларды араластырып отырады.,Сиггерегация және рекомбинация әрбонда екі пул арасында вариацияларды араластырып отырады.,сегрегация және рекомбинация әр буында екі пул арасында вариацияларды араластырып отырады,сиггерегация және рекомбинация әрбонда екі пул арасында вариацияларды араластырып отырады
1695,"Қарапайым танымал түскі ас, әсіресе жазда – Па амб Оли: зәйтүн майы, қызанақ және ірімшік, тунец, т.б. сияқты кез келген қолжетімді дәмдеуіштер қосылған нан.","Қарапайым танымал түскі аз, әсіресе жазда, па айымбы оли, зәйтінін-зәйтін, майы, қызанақ және үрімшік, туниетс тағы басқалары, сияқты кез келген қол жетімді демдеуіштерін қосылғаннан.",қарапайым танымал түскі ас әсіресе жазда па амб оли зәйтүн майы қызанақ және ірімшік тунец т б сияқты кез келген қолжетімді дәмдеуіштер қосылған нан,қарапайым танымал түскі аз әсіресе жазда па айымбы оли зәйтінін зәйтін майы қызанақ және үрімшік туниетс тағы басқалары сияқты кез келген қол жетімді демдеуіштерін қосылғаннан
1765,"1537 жылы Асунсьон қаласының негізі салынғаннан бастап, Парагвай өзінің көптеген түпкілікті сипаты мен өзіндік ерекшелігін сақтай білді.","1573 жылғы Асуансион қаласының негізгі салынған бастап, Параглай өзінің көптеген түпкілікті сипатты мен өзіндік ерекшілігін сақтай білді.",1537 жылы асунсьон қаласының негізі салынғаннан бастап парагвай өзінің көптеген түпкілікті сипаты мен өзіндік ерекшелігін сақтай білді,1573 жылғы асуансион қаласының негізгі салынған бастап параглай өзінің көптеген түпкілікті сипатты мен өзіндік ерекшілігін сақтай білді
1816,"Үйленген, екі ересек баласы бар Дюваль хикаяны тыңдаған Миллерге үлкен әсер қалдырмады.",Үйленген екі ересек баласы бар Дюваль Хикаяның тындаған Мильдерге үлкенін әсері қалдырмады.,үйленген екі ересек баласы бар дюваль хикаяны тыңдаған миллерге үлкен әсер қалдырмады,үйленген екі ересек баласы бар дюваль хикаяның тындаған мильдерге үлкенін әсері қалдырмады
1711,Бұл теориялар белгілі бір адамдарды қалайтын нәрселерін не қалаттыратынын және қоршаған ортасындағы қандай нәрселер белгілі бір әрекеттерді істеткізетінін немесе істеткізбейтінін қарастырады.,Бұл теориялар белгілі бір адамдарды қалайтын нәрселерін не қалаттыратынын және қоршыған ортасындағы қандай нәрселер белгілі бір әрекеттерді істеткізетінін немесе істеткізбейтінін қарастырады.,бұл теориялар белгілі бір адамдарды қалайтын нәрселерін не қалаттыратынын және қоршаған ортасындағы қандай нәрселер белгілі бір әрекеттерді істеткізетінін немесе істеткізбейтінін қарастырады,бұл теориялар белгілі бір адамдарды қалайтын нәрселерін не қалаттыратынын және қоршыған ортасындағы қандай нәрселер белгілі бір әрекеттерді істеткізетінін немесе істеткізбейтінін қарастырады
1866,"Біріншіден, шабандоздардың көпшілігі өкшесі және тегіс, айтарлықтай енсіз табаны бар салт жүріске арналған етікті киеді.","Бірінші ден, шабандоздардың көпшілігі, өкшесі және тегіз айтарлықты енсіз табаны бар сал жүріскі арналған етікті кейеді.",біріншіден шабандоздардың көпшілігі өкшесі және тегіс айтарлықтай енсіз табаны бар салт жүріске арналған етікті киеді,бірінші ден шабандоздардың көпшілігі өкшесі және тегіз айтарлықты енсіз табаны бар сал жүріскі арналған етікті кейеді
1969,Ол негізгі тақырыптың ең тиімді орны сызықтардың қиылысуында деп айтады. Бұл кескінді тігінен және көлденеңінен үштіктерге бөледі (мысалды қараңыз).,"Ол негізгі тақырыптың ең тиімді орнына сызықтардың қиыл суында деп айтады, бұл кескінді тігінен және көлденеңінен үштіктерге бөледі, мысалдық қараңыз.",ол негізгі тақырыптың ең тиімді орны сызықтардың қиылысуында деп айтады бұл кескінді тігінен және көлденеңінен үштіктерге бөледі мысалды қараңыз,ол негізгі тақырыптың ең тиімді орнына сызықтардың қиыл суында деп айтады бұл кескінді тігінен және көлденеңінен үштіктерге бөледі мысалдық қараңыз
1899,Мұхаммед өзінің күнделікті өмірінен тыс мәселелерге қатты қызығатын. Ол ойлану үшін «Нұр» (жарық) тауындағы «Хира» ретінде белгілі болған үңгірге жиі баратын.,"Мұхаммед төзінің күнделікті өмірінен тыс мәселелерге қатты қызығатын, ол ойлану үшін Нұр жарық, тауындағы хира ретінде белгілі болған өңгірге жиі баратын.",мұхаммед өзінің күнделікті өмірінен тыс мәселелерге қатты қызығатын ол ойлану үшін нұр жарық тауындағы хира ретінде белгілі болған үңгірге жиі баратын,мұхаммед төзінің күнделікті өмірінен тыс мәселелерге қатты қызығатын ол ойлану үшін нұр жарық тауындағы хира ретінде белгілі болған өңгірге жиі баратын
1985,"Бұл альптық стильдегі шаңғы туризмімен немесе альпинизммен байланысты (бірақ әдетте байланысты болмайды), соңғысы тік еңістіктерде өткізіледі және қатты шаңғы мен аяқ киімді қажет етеді.","Бұл альптық стильдегі шаңғы туризмі мен немесе альпинизмі мен байланысты, бірақ әдетте байланысты болмайды, соңғысы тік еңістіктерде өткізіледі және қатты шаңғымен аяқ кейімді қажет етеді.",бұл альптық стильдегі шаңғы туризмімен немесе альпинизммен байланысты бірақ әдетте байланысты болмайды соңғысы тік еңістіктерде өткізіледі және қатты шаңғы мен аяқ киімді қажет етеді,бұл альптық стильдегі шаңғы туризмі мен немесе альпинизмі мен байланысты бірақ әдетте байланысты болмайды соңғысы тік еңістіктерде өткізіледі және қатты шаңғымен аяқ кейімді қажет етеді
1963,"Дымқыл киімді үтіктеу киімнің кебуіне көмектеседі. Көп қонақ үйлерде, тіпті бөлмеде болмаса да, ала тұруға болатын үтік және үтіктеу тақтасы болады.","Дымқыл киімді үтіктеу киімнің кейбуіне көмектеседі. Көп қонақ үйлерде тіпті бөлмеде болмаса да, ала тұруға болатын үтік және үтіктеу тақтасы болады.",дымқыл киімді үтіктеу киімнің кебуіне көмектеседі көп қонақ үйлерде тіпті бөлмеде болмаса да ала тұруға болатын үтік және үтіктеу тақтасы болады,дымқыл киімді үтіктеу киімнің кейбуіне көмектеседі көп қонақ үйлерде тіпті бөлмеде болмаса да ала тұруға болатын үтік және үтіктеу тақтасы болады
1961,"Қатысым жасаудың маңыздылығын иллюстрациялау үшін пайдаланылатын ең жиі кездесетін әдістердің бірі – өсіп жатқанында елемеу, бәле немесе әдейі қиянат жасау себепті ересектер қатысым жасауға үйретпеген балалардың бірнеше бақытсыз жағдайын салу.",Қатысым жасаудың маңыздылығын иллистрациялау үшін пайдаланылатын ең жиі кездесетін әдістердің бәрі өсіп жатқанында елемеу бәле немесе әдейі қияңа жасау себепті ересектер қатысым жасауға үйретпеген балалардың бірнеше бақытсыз жағдайын салу.«Мұзғы»,қатысым жасаудың маңыздылығын иллюстрациялау үшін пайдаланылатын ең жиі кездесетін әдістердің бірі өсіп жатқанында елемеу бәле немесе әдейі қиянат жасау себепті ересектер қатысым жасауға үйретпеген балалардың бірнеше бақытсыз жағдайын салу,қатысым жасаудың маңыздылығын иллистрациялау үшін пайдаланылатын ең жиі кездесетін әдістердің бәрі өсіп жатқанында елемеу бәле немесе әдейі қияңа жасау себепті ересектер қатысым жасауға үйретпеген балалардың бірнеше бақытсыз жағдайын салу мұзғы
1974,Сол принцип бойынша ер адамдар тізелерін жауып тұратын шалбар кию керек.,Сол принцип бойынша ерадамдар дзелерін жауып тұратын шалвар кеуі керек.,сол принцип бойынша ер адамдар тізелерін жауып тұратын шалбар кию керек,сол принцип бойынша ерадамдар дзелерін жауып тұратын шалвар кеуі керек
1978,«Спрингбокс» үшін бұл қатара бес ойындық жеңіліспен аяқталды.,Спринг бокс үшін бұл қатара бесуендік жеңіліспен аяқталды.,спрингбокс үшін бұл қатара бес ойындық жеңіліспен аяқталды,спринг бокс үшін бұл қатара бесуендік жеңіліспен аяқталды
1722,53 жастағы Куомо өзінің губернатор лауазымына осы жылдың басында келді және өткен айда бір жынысты некені заңдастырушы заң жобасына қол қойды.,53 жастағы Коомы өзінің губернаторлау азымына осы жылдың басында келді және өткен айда бір жынысты некені заңдастырушы заң жобасына қонғойды.,53 жастағы куомо өзінің губернатор лауазымына осы жылдың басында келді және өткен айда бір жынысты некені заңдастырушы заң жобасына қол қойды,53 жастағы коомы өзінің губернаторлау азымына осы жылдың басында келді және өткен айда бір жынысты некені заңдастырушы заң жобасына қонғойды
1775,"Бейне жазып алуды пайдалану бірнеше миллисекунд жалғасатын микро қимылдарды, бет бұлшық еттерінің қимылдарын түсіндіруде маңызды жаңалықтардың ашылуына себеп болды.",Бейне жазып алуды пайдалану бірнеше милесекун жалғасатын микроқ қимылдарды бетбұл шығеттерін қимылдарын түсіндіруде маңызды жаңалықтардың ашылуына себеп болды.,бейне жазып алуды пайдалану бірнеше миллисекунд жалғасатын микро қимылдарды бет бұлшық еттерінің қимылдарын түсіндіруде маңызды жаңалықтардың ашылуына себеп болды,бейне жазып алуды пайдалану бірнеше милесекун жалғасатын микроқ қимылдарды бетбұл шығеттерін қимылдарын түсіндіруде маңызды жаңалықтардың ашылуына себеп болды
1661,"Ол қысқартулар үшін санды белгілемеді, олар Қытайдың экономикалық нәтижесі негізінде жасалатынын айтты.","Ол қысқартулар үшін санды белгілемеді, олар Қытайдың экономикалық нәтижесі негізінде жасалатынын айтты.",ол қысқартулар үшін санды белгілемеді олар қытайдың экономикалық нәтижесі негізінде жасалатынын айтты,ол қысқартулар үшін санды белгілемеді олар қытайдың экономикалық нәтижесі негізінде жасалатынын айтты
1769,Мысырлықтар б.д.д. үшінші ғасырда соққан Ұлы Пирамида қайтыс болған перғауынның құрметіне соғылған көп үлкен пирамида құрылымдарының біреуі еді.,Мысырлықтар біздің дәуірімізге дейінгі 3-ғасырда соққан Ұлы пирамида қайтыс болған фирғауының құрметіне соғылған көп үлкен пирамидау құрылымдарының біребі еді.,мысырлықтар б д д үшінші ғасырда соққан ұлы пирамида қайтыс болған перғауынның құрметіне соғылған көп үлкен пирамида құрылымдарының біреуі еді,мысырлықтар біздің дәуірімізге дейінгі 3 ғасырда соққан ұлы пирамида қайтыс болған фирғауының құрметіне соғылған көп үлкен пирамидау құрылымдарының біребі еді
1988,1920 жылары азаматтардың және елдердің көпшілігі пацифисті және изоляционистік көзқарастарды ұстанатын.,1920 жылары азаматтардың және елдердің көпшілігі пацифисті және изоляционистік көз қарастарды ұстанатын.,1920 жылары азаматтардың және елдердің көпшілігі пацифисті және изоляционистік көзқарастарды ұстанатын,1920 жылары азаматтардың және елдердің көпшілігі пацифисті және изоляционистік көз қарастарды ұстанатын
1993,Атлант мұхитының оныншы атау берілген дауыл маусымы «Субтропиктік дауыл Джерри» бүгін Атлант мұхитында пайда болды.,Атлант мұхитының оныншы атау берілген дауыл маусымы Субтропиктік дауыл Джерри бүгін Атлант мұхитында пайда болды.,атлант мұхитының оныншы атау берілген дауыл маусымы субтропиктік дауыл джерри бүгін атлант мұхитында пайда болды,атлант мұхитының оныншы атау берілген дауыл маусымы субтропиктік дауыл джерри бүгін атлант мұхитында пайда болды
1939,"Революциядан кейін жұмыс орындары барлық ерлер үшін ашық болып, олардың табысқа жетуіне мүмкін берді.","Революциядан кейін жұмыс орындары барлық ерлер үшін ашық болып, олардың табысқа жетуіне мүмкін берді.",революциядан кейін жұмыс орындары барлық ерлер үшін ашық болып олардың табысқа жетуіне мүмкін берді,революциядан кейін жұмыс орындары барлық ерлер үшін ашық болып олардың табысқа жетуіне мүмкін берді
1726,Далаға сапарлар кез келген сынып бөлмесінің үлкен бөлігі болып табылады. Мұғалім оқушыларды автобуспен бару мүмкін емес жерлерге апарғысы келетіні айтарлықтай жиі боалды.,"Далаға сапарлар кез келген сынып бөлмесінің үлкен бөлігі болып табылады, мұғалім оқушыларды автобус пен баруы мүмкін емес жерлерге апарғысы келетін айтардықтай жүйе болады.",далаға сапарлар кез келген сынып бөлмесінің үлкен бөлігі болып табылады мұғалім оқушыларды автобуспен бару мүмкін емес жерлерге апарғысы келетіні айтарлықтай жиі боалды,далаға сапарлар кез келген сынып бөлмесінің үлкен бөлігі болып табылады мұғалім оқушыларды автобус пен баруы мүмкін емес жерлерге апарғысы келетін айтардықтай жүйе болады
1709,Бұл есеп жетекшінің Иракқа қатысты ағымдағы саясатының әрбір аспектісін қатты сынайды және бағытты дереу өзгертуге шақырады.,Бұл есеп жетекшінің ираққа қатысты ағымдағы саясаттың әрбір аспектесін қатты сындай және бағытты діреуізгертуге шығарады.,бұл есеп жетекшінің иракқа қатысты ағымдағы саясатының әрбір аспектісін қатты сынайды және бағытты дереу өзгертуге шақырады,бұл есеп жетекшінің ираққа қатысты ағымдағы саясаттың әрбір аспектесін қатты сындай және бағытты діреуізгертуге шығарады
1853,"Джанкарло Фисичелла көлігін басқаруды жоғалтып, жарысты старттан кейін көп ұзамай аяқтады.",Жанкарла фитичияла көлігін басқаруты жоғалтып жарысты сарттан кейін көтзамая аяқтады.,джанкарло фисичелла көлігін басқаруды жоғалтып жарысты старттан кейін көп ұзамай аяқтады,жанкарла фитичияла көлігін басқаруты жоғалтып жарысты сарттан кейін көтзамая аяқтады
1864,Кирчнер ханым Аргентина театрында өзінің президенттік сайлауға қатысу ниеті туралы жариялады. Ол 2005 жылғы Буэнос-Айрес провинциясының делегациясының мүшесі ретінде Сенат үшін науқанын бастау үшін дәл осы жерді пайдаланған.,"Киршінарханым, Оргентина театрында өзінің президенттік сайлауға қатысу не тұралы жариялады. Ол 2005 жылғы Буэнесайрыс провинциясының делегациясының мүшесі ретінде сенат үшін науқанын бастау үшін дәл осы жерде пайдаланған.",кирчнер ханым аргентина театрында өзінің президенттік сайлауға қатысу ниеті туралы жариялады ол 2005 жылғы буэнос айрес провинциясының делегациясының мүшесі ретінде сенат үшін науқанын бастау үшін дәл осы жерді пайдаланған,киршінарханым оргентина театрында өзінің президенттік сайлауға қатысу не тұралы жариялады ол 2005 жылғы буэнесайрыс провинциясының делегациясының мүшесі ретінде сенат үшін науқанын бастау үшін дәл осы жерде пайдаланған
1923,Әскерилерге және азаматтарға қажет заттардың қамтамасыз етілуін тоқтатқан бұл стратегия тиімді болып шықты. Дегенмен бұл блокада өткен екі ғасырдағы бірнеше халықаралық келісімде жазылған жалпы қабылданған халықаралық заңды бұзды.,"Әскерилерге және азаматтарға қажет-заттардың қамтамасыз етілуін тоқтатқан бұл стратегия тиімді болып шықты, дегенмен бұл блокада өткен екі ғасырдағы бірнеше халықаралық келісімді жазылған жалпы қабылданған халықаралық заңды бұзды.",әскерилерге және азаматтарға қажет заттардың қамтамасыз етілуін тоқтатқан бұл стратегия тиімді болып шықты дегенмен бұл блокада өткен екі ғасырдағы бірнеше халықаралық келісімде жазылған жалпы қабылданған халықаралық заңды бұзды,әскерилерге және азаматтарға қажет заттардың қамтамасыз етілуін тоқтатқан бұл стратегия тиімді болып шықты дегенмен бұл блокада өткен екі ғасырдағы бірнеше халықаралық келісімді жазылған жалпы қабылданған халықаралық заңды бұзды
1938,"Аурухана инфекцияны бақылау хаттамасын орындады, соның ішінде басқаларды жұқтырудың алдын алу үшін науқасты басқалардан бөлді.","Ауруханы инфекцияны бақылау хаттамасын орындады, соның ішінде басқаларды жықтырудың алдын алу үшін науқасты басқалардан бөлді.",аурухана инфекцияны бақылау хаттамасын орындады соның ішінде басқаларды жұқтырудың алдын алу үшін науқасты басқалардан бөлді,ауруханы инфекцияны бақылау хаттамасын орындады соның ішінде басқаларды жықтырудың алдын алу үшін науқасты басқалардан бөлді
1953,Кейіннен ол жатқан ауруханадан Кэмбридждегі Адденбрук ауруханасына жатқызылды.,"Кейіннен ол жатқан ауруханадан, Кеймбридждегі Аденбрук ауруханасына жатқызылды.",кейіннен ол жатқан ауруханадан кэмбридждегі адденбрук ауруханасына жатқызылды,кейіннен ол жатқан ауруханадан кеймбридждегі аденбрук ауруханасына жатқызылды
1696,"Университеттегі зерттеушілердің айтуынша, екі қосылыс бір-бірімен реакцияға түсіп, бүйрек қызметін тоқтата алатын кристалдар құрады.","Университеттегі зерттеушілердің айтуынша, екі қосылыс бір-бірімен рексаға түсі бүйірек қызметін тоқтаты алатын кристалдар құрады.",университеттегі зерттеушілердің айтуынша екі қосылыс бір бірімен реакцияға түсіп бүйрек қызметін тоқтата алатын кристалдар құрады,университеттегі зерттеушілердің айтуынша екі қосылыс бір бірімен рексаға түсі бүйірек қызметін тоқтаты алатын кристалдар құрады
1762,"Бұл ауру шошқаларда болады, содан кейін ол масалар арқылы адамдарға өтеді.","Бұл ауру шошқаларда болады, содан кейін ол масалар арқылы адамдарға өтеді.",бұл ауру шошқаларда болады содан кейін ол масалар арқылы адамдарға өтеді,бұл ауру шошқаларда болады содан кейін ол масалар арқылы адамдарға өтеді
1819,Ежелгі Қытайда әртүрлі уақыт мерзімдерін көрсетудің ерекше әдісі болды; Қытай тарихының әрбір кезеңі немесе билік басына келген әрбір отбасы ерекше династия болды.,Ежелгі Қытайда әртүрлі уақыт мерзімдерін көрсетудің ерекше әдісі болды. Қытай тарихының әрбір кезеңі немесе билік басына келген әрі ротбасы ерекше династия болды.,ежелгі қытайда әртүрлі уақыт мерзімдерін көрсетудің ерекше әдісі болды қытай тарихының әрбір кезеңі немесе билік басына келген әрбір отбасы ерекше династия болды,ежелгі қытайда әртүрлі уақыт мерзімдерін көрсетудің ерекше әдісі болды қытай тарихының әрбір кезеңі немесе билік басына келген әрі ротбасы ерекше династия болды
1766,"Кейбір атомдардың ядролары тұрақсыз, яғни, олар аз ғана түрткенде немесе мүлде түртпегенде бөлінуге бейім.","Кейбір атомдардың ядеролары тұрақсыз, яғни олар аз ғана түрткенде немесе мүлде түртпегенде бөлінуге бейім.",кейбір атомдардың ядролары тұрақсыз яғни олар аз ғана түрткенде немесе мүлде түртпегенде бөлінуге бейім,кейбір атомдардың ядеролары тұрақсыз яғни олар аз ғана түрткенде немесе мүлде түртпегенде бөлінуге бейім
1986,"Нағыз «көзге көрінбейтін топтың» (Ларсон мен Лафасто, 1989, 109 бет) болуы да виртууалды топтың бірегей компоненті болып табылады.",Нағыс көзге көрінбейтін топтың Larsson-мен лафаз топ 1989-1809 109 жігет болуды вирту олды топтың бірегей компоненті болып табылады.,нағыз көзге көрінбейтін топтың ларсон мен лафасто 1989 109 бет болуы да виртууалды топтың бірегей компоненті болып табылады,нағыс көзге көрінбейтін топтың larsson мен лафаз топ 1989 1809 109 жігет болуды вирту олды топтың бірегей компоненті болып табылады
1931,"Бұл қызмет көбінесе кеме қатынасы, соның ішінде серуендеу кемелері, сондай-ақ қашықтағы мәліметтер мен дауыстық қажеттіліктері бар экспедициялар арқылы пайдаланылады.","Бұл қызмет көбінесе кеме қатынасы, соның ішінде серуендеу кемелері, сондай-ақ қашықтағы мәліметтер мен дауыстық қажеттіліктері бар экспедициялар арқылы пайдаланылады.",бұл қызмет көбінесе кеме қатынасы соның ішінде серуендеу кемелері сондай ақ қашықтағы мәліметтер мен дауыстық қажеттіліктері бар экспедициялар арқылы пайдаланылады,бұл қызмет көбінесе кеме қатынасы соның ішінде серуендеу кемелері сондай ақ қашықтағы мәліметтер мен дауыстық қажеттіліктері бар экспедициялар арқылы пайдаланылады
1707,Ол Оңтүстік Африканың негізгі көрнекі жерлерінің бірі болып табылады және Оңтүстік Африка ұлттық парктерінің (SANParks) жетекшісі болып есептеледі.,Ол Оңтүстік Африканың негізгі көрнекі жерлерінің бірі болып табылады және Оңтүстік Африка Ұлттық парктерінің Сан-Паркс жетекшісі болып есептеледі.,ол оңтүстік африканың негізгі көрнекі жерлерінің бірі болып табылады және оңтүстік африка ұлттық парктерінің sanparks жетекшісі болып есептеледі,ол оңтүстік африканың негізгі көрнекі жерлерінің бірі болып табылады және оңтүстік африка ұлттық парктерінің сан паркс жетекшісі болып есептеледі
2000,"Солтүстік Балтық теңізінен қыста өтсеңіз, кабинадағы орынды қарастырыңыз, өйткені мұз арқылы өту ең көп әсер етілетін адамдар үшін айтарлықтай жаман шуды тудырады.","Солтүстік балтық теңізінен қыста өтсеңіз, кабинадағы орынды карастырыңыз, өйткені мұз арқылы өтін ең көп әсер етілетін адамдар үшін айтарлықтай жаман шуды тудырады.",солтүстік балтық теңізінен қыста өтсеңіз кабинадағы орынды қарастырыңыз өйткені мұз арқылы өту ең көп әсер етілетін адамдар үшін айтарлықтай жаман шуды тудырады,солтүстік балтық теңізінен қыста өтсеңіз кабинадағы орынды карастырыңыз өйткені мұз арқылы өтін ең көп әсер етілетін адамдар үшін айтарлықтай жаман шуды тудырады
1858,БҰҰ аурулар бойынша сарапшысы Даниель Лантанның айтуы бойынша аурудың өршуіне бейбітшілдер себеп болған болуы мүмкін.,Біркең ұттар ұйма аурулар бойынша сарапшысы Дениял Лантон айтуы бойынша аурудың өршуіне бейбетшілдер себеп болған болуы мүмкін.,бұұ аурулар бойынша сарапшысы даниель лантанның айтуы бойынша аурудың өршуіне бейбітшілдер себеп болған болуы мүмкін,біркең ұттар ұйма аурулар бойынша сарапшысы дениял лантон айтуы бойынша аурудың өршуіне бейбетшілдер себеп болған болуы мүмкін
1822,Марокко сұлтаны қаланы Дару Аль-Бадиа деп қайта салды және оған Касабланка деген атауды осында сауда базаларын жасаған испандық саудагерлер берді.,Марокка солтаны қаланы дару «Альбадия» деп қайта салды және оған «Касабланка» деген атауды осында сауда базаларын жасаған испандық саудагерлер берді.,марокко сұлтаны қаланы дару аль бадиа деп қайта салды және оған касабланка деген атауды осында сауда базаларын жасаған испандық саудагерлер берді,марокка солтаны қаланы дару альбадия деп қайта салды және оған касабланка деген атауды осында сауда базаларын жасаған испандық саудагерлер берді
1996,Австралиялық Митчелл Горли ерлердің тұрып тұратын Super-G жарысында он бірінші болып мәреге жетті. Чех бәсекелес Олдрич Джелинек ерлердің отыратын Super-G жарысында он алтыншы болып мәреге жетті.,"Австралиялық Мичел Горли ерлердің тұрып, тұратын суперге жетті, чек бәсекерде ұлдриж джелінік, әй ерлердің отыратын суперге жетті.",австралиялық митчелл горли ерлердің тұрып тұратын super g жарысында он бірінші болып мәреге жетті чех бәсекелес олдрич джелинек ерлердің отыратын super g жарысында он алтыншы болып мәреге жетті,австралиялық мичел горли ерлердің тұрып тұратын суперге жетті чек бәсекерде ұлдриж джелінік әй ерлердің отыратын суперге жетті
1699,"Бақылаушылардың бірі Бішкекті ""анархия күйіне батуда"" деп бейнелеген, өйткені қылмыскерлер тобы көшені аралап, дүкендердегі халықтық тұтыну тауарларын тонауды бастаған.","Бақылаушылардың бірі бішкетті анархия күйіне батуда деп бейнелеген, өйткені қылмыскерлер тобы көшені аралап, түкендердегі халықтық тұтынуы тауарларын тонауды бастаған.",бақылаушылардың бірі бішкекті анархия күйіне батуда деп бейнелеген өйткені қылмыскерлер тобы көшені аралап дүкендердегі халықтық тұтыну тауарларын тонауды бастаған,бақылаушылардың бірі бішкетті анархия күйіне батуда деп бейнелеген өйткені қылмыскерлер тобы көшені аралап түкендердегі халықтық тұтынуы тауарларын тонауды бастаған
1967,"Лейтон премьер-министрмен кездесу кезінде консерваторлардың экологиялық заңына өзгерістер енгізуді сұрады, сондай-ақ консервативті партияның экологиялық заңын ""мұқият және толығымен қайта жазуды"" сұрады.","Лейтон премьер-министр мен кездесу кезінде консерваторлардың экологиялық заңына өзгерістер енгізуді сұрады, сондай-ақ консервативті партияның экологиялық заңын мұхят және толғымен қайта жазуды сұрады.",лейтон премьер министрмен кездесу кезінде консерваторлардың экологиялық заңына өзгерістер енгізуді сұрады сондай ақ консервативті партияның экологиялық заңын мұқият және толығымен қайта жазуды сұрады,лейтон премьер министр мен кездесу кезінде консерваторлардың экологиялық заңына өзгерістер енгізуді сұрады сондай ақ консервативті партияның экологиялық заңын мұхят және толғымен қайта жазуды сұрады
1825,"Әрекетке жақын болғыңыз келсе, музыкаға жақын кемпинг учаскесін алу үшін ерте тұруыңыз керек.","Әрекетке жақын болдыңыз келсе, музыкаға жақын кемпинг кучасқысын алу үшін ерте тұруыңыз керек.",әрекетке жақын болғыңыз келсе музыкаға жақын кемпинг учаскесін алу үшін ерте тұруыңыз керек,әрекетке жақын болдыңыз келсе музыкаға жақын кемпинг кучасқысын алу үшін ерте тұруыңыз керек
1890,Заманауи зерттеу телескоптарының көпшілігі қолайлы атмосфералық жағдайлар бар қашықтағы аумақтардағы алып қондырғылар болып табылады.,"Заманауи зерттеу телескоптарының көпшілігі қолайлы атмосфералық жағдайлар бар қашықтағы аумақтарды алып, қонғырғылар болып табылады.",заманауи зерттеу телескоптарының көпшілігі қолайлы атмосфералық жағдайлар бар қашықтағы аумақтардағы алып қондырғылар болып табылады,заманауи зерттеу телескоптарының көпшілігі қолайлы атмосфералық жағдайлар бар қашықтағы аумақтарды алып қонғырғылар болып табылады
1756,АҚШ президенті Дональд Трамп жексенбі күні кешкі баспасөз хатшысы арқылы жасаған мәлімдемесінде АҚШ қарушы күштерін Сириядан алып шығуы туралы мәлімдеді.,АҚШ президенті Дональд Трамп жексенбі күні кешкі баспасөз хатшысы арқылы жасаған мәлімдемесінде АҚШ қарушы күштерін Сириядың алып шығуы туралы мәлімдеді.,ақш президенті дональд трамп жексенбі күні кешкі баспасөз хатшысы арқылы жасаған мәлімдемесінде ақш қарушы күштерін сириядан алып шығуы туралы мәлімдеді,ақш президенті дональд трамп жексенбі күні кешкі баспасөз хатшысы арқылы жасаған мәлімдемесінде ақш қарушы күштерін сириядың алып шығуы туралы мәлімдеді
1781,"Мадагаскар — қазіргі уақытта ең үлкені әрі жабайы табиғатына келгенде, өздігінен континент болып табылады.",Мадагаскар кәзіргі уақытта ең үлкен ір жабайы табиғатына келгенде өздігінен континент болып табылады.,мадагаскар қазіргі уақытта ең үлкені әрі жабайы табиғатына келгенде өздігінен континент болып табылады,мадагаскар кәзіргі уақытта ең үлкен ір жабайы табиғатына келгенде өздігінен континент болып табылады
1915,Гома қаласында бода-бода (мотоцикл-такси) қызметінен пайдалануыңызға болады. Қалыпты (жергілікті) бағасы қысқа сапар үшін  шамамен 500 Конго франкіне тең.,"Гома қаласында, Бодапода — Матасикл такси қызметінен пайдаланыңызға болады, қалыпты жергілікті бағасы қысқа сапар үшін шамамен 500 Конго Фанконе тең.",гома қаласында бода бода мотоцикл такси қызметінен пайдалануыңызға болады қалыпты жергілікті бағасы қысқа сапар үшін шамамен 500 конго франкіне тең,гома қаласында бодапода матасикл такси қызметінен пайдаланыңызға болады қалыпты жергілікті бағасы қысқа сапар үшін шамамен 500 конго фанконе тең
1933,"Әрі-беріден соң, мұнда көптеген кішкентай мысықтар (соның ішінде жоғалған үй мысықтары) бар. Олар құрт-құмырсқа, кеміргіштер, кесіртке сияқты көптеген шағын жыртқыш аңдарды және құстарды жейді.","Әрі беріден соң, мұнда көптеген кішкентай мысықтар, соның ішінде жоғалған үй мысықтар айы бар. Олар қорыт құмырсқа, кеміргіштер, кесіртке сияқты көптеген шағын жыртқы шаңдарды және құстарды жиді.",әрі беріден соң мұнда көптеген кішкентай мысықтар соның ішінде жоғалған үй мысықтары бар олар құрт құмырсқа кеміргіштер кесіртке сияқты көптеген шағын жыртқыш аңдарды және құстарды жейді,әрі беріден соң мұнда көптеген кішкентай мысықтар соның ішінде жоғалған үй мысықтар айы бар олар қорыт құмырсқа кеміргіштер кесіртке сияқты көптеген шағын жыртқы шаңдарды және құстарды жиді
1851,"Үзілмелі ағыстар жағаға, рифтерге соғылатын толқындардың кері ағыны болып табылады.",Үзілмелі ағыстар жағаға рифтерге соғылатын толқындардың кері ағына болып табылады.,үзілмелі ағыстар жағаға рифтерге соғылатын толқындардың кері ағыны болып табылады,үзілмелі ағыстар жағаға рифтерге соғылатын толқындардың кері ағына болып табылады
1692,"Жапонияның ядролық агенттігінің хабарлауынша, зауытта радиоактивті цезий мен йод анықталған.","Жапонияның ядролық агенттігінің қабарлауынша, саудтар аденттивті цезимен йотанық талған.",жапонияның ядролық агенттігінің хабарлауынша зауытта радиоактивті цезий мен йод анықталған,жапонияның ядролық агенттігінің қабарлауынша саудтар аденттивті цезимен йотанық талған
1763,"Дәл ай жерді тартып, судың көтерілуіне әкелетіндей, Құс жолы да Мерген галактикасына күш түсіреді.","Дәл ай жерді тартып, судың көтерілуіне әкелетіндей. Құс жолыдан мерген галатикасына күш түсіреді.",дәл ай жерді тартып судың көтерілуіне әкелетіндей құс жолы да мерген галактикасына күш түсіреді,дәл ай жерді тартып судың көтерілуіне әкелетіндей құс жолыдан мерген галатикасына күш түсіреді
1680,"Жақсы атлет жолбарыс өрмелей (бірақ жақсы емес), жүзе, үлкен қашықтықтарға секіре және күшті адамнан бес есе көбірек күшпен тартыла алады.","Жақсы атлет жолбар сөрмелей, бірақ жақс емес жүзе үлкен қашықтықтарға секірес және күшті адамнан бесесе көбірек күшпен тартылы алады.",жақсы атлет жолбарыс өрмелей бірақ жақсы емес жүзе үлкен қашықтықтарға секіре және күшті адамнан бес есе көбірек күшпен тартыла алады,жақсы атлет жолбар сөрмелей бірақ жақс емес жүзе үлкен қашықтықтарға секірес және күшті адамнан бесесе көбірек күшпен тартылы алады
1737,Арыстандар ең көп қатысым жасайтын мысықтар. Олар прайдтар деп аталатын үлкен топтарда өмір сүреді.,Арыстандар ең көп қатысым жасайтын мысықтар. Олар прайдтар деп аталатын үлкен топтарда өмір сүреді.,арыстандар ең көп қатысым жасайтын мысықтар олар прайдтар деп аталатын үлкен топтарда өмір сүреді,арыстандар ең көп қатысым жасайтын мысықтар олар прайдтар деп аталатын үлкен топтарда өмір сүреді
1933,"Әрі-беріден соң, мұнда көптеген кішкентай мысықтар (соның ішінде жоғалған үй мысықтары) бар. Олар құрт-құмырсқа, кеміргіштер, кесіртке сияқты көптеген шағын жыртқыш аңдарды және құстарды жейді.","Әрі бері дин сон мұнда көптеген кішкентай мысықтар, соның ішінде жоғалған ұй мысықтары бар. Олар құртқылмырсқа, кеміргіштер, кесіртке сияқты көптеген шағын жыртқыш аңдарды және құстарды жейді.",әрі беріден соң мұнда көптеген кішкентай мысықтар соның ішінде жоғалған үй мысықтары бар олар құрт құмырсқа кеміргіштер кесіртке сияқты көптеген шағын жыртқыш аңдарды және құстарды жейді,әрі бері дин сон мұнда көптеген кішкентай мысықтар соның ішінде жоғалған ұй мысықтары бар олар құртқылмырсқа кеміргіштер кесіртке сияқты көптеген шағын жыртқыш аңдарды және құстарды жейді
1822,Марокко сұлтаны қаланы Дару Аль-Бадиа деп қайта салды және оған Касабланка деген атауды осында сауда базаларын жасаған испандық саудагерлер берді.,Морока солтаңы қаланы дару «Альбадия» деп қайта салды және оған «Касабланка» деген атауды осында салда базаларын жасаған испандық саудагерлер берді.,марокко сұлтаны қаланы дару аль бадиа деп қайта салды және оған касабланка деген атауды осында сауда базаларын жасаған испандық саудагерлер берді,морока солтаңы қаланы дару альбадия деп қайта салды және оған касабланка деген атауды осында салда базаларын жасаған испандық саудагерлер берді
1904,"Дегенмен, баяу коммуникация арналарына байланысты, батыстағы стильдер 25-30 жылға қалып отырады.",Дегенмен баяу коммуникация арналарына байланысты батыстағы стильдер 25-30 жылға қалып отырады.,дегенмен баяу коммуникация арналарына байланысты батыстағы стильдер 25 30 жылға қалып отырады,дегенмен баяу коммуникация арналарына байланысты батыстағы стильдер 25 30 жылға қалып отырады
1952,"Жоғары ендіктерде немесе тау асуларының үстімен өтетін кез келген адам қардың, мұздың немесе аяздың мүмкін болған температурасын ескеруі қажет.","Жоғары ендіктерде немесе тау асуларының үстімен өтетін кез-келген адам қардың, мұздың немесе аяздың мүмкін болған температурасын ескеруі қажет.",жоғары ендіктерде немесе тау асуларының үстімен өтетін кез келген адам қардың мұздың немесе аяздың мүмкін болған температурасын ескеруі қажет,жоғары ендіктерде немесе тау асуларының үстімен өтетін кез келген адам қардың мұздың немесе аяздың мүмкін болған температурасын ескеруі қажет
1770,"Бұл орынды болып көрінеді, өйткені Жердің қозғалғаны сезілмейді, солай емес пе?","Бұл орынды болып көрінеді, өйткені жердің қозғалғаны сезілмейді, салай емес бе.",бұл орынды болып көрінеді өйткені жердің қозғалғаны сезілмейді солай емес пе,бұл орынды болып көрінеді өйткені жердің қозғалғаны сезілмейді салай емес бе
1694,"Балалар асырап алған ата-анаға көп себептермен беріледі: салақтық, қиянат ету және тіпті ақша талап ету.","Балалар асырап алған ата-анаға көп себептермен беріледі, салақтық, қиянат ету және тіпті ақша талап ету.",балалар асырап алған ата анаға көп себептермен беріледі салақтық қиянат ету және тіпті ақша талап ету,балалар асырап алған ата анаға көп себептермен беріледі салақтық қиянат ету және тіпті ақша талап ету
1801,Гонконг аспанын безендіретін ғимараттар тобы Виктория Харбор суларының қатысуымен айқын көрінетін жарқыраған жолақ диаграммасымен салыстырылды.,Гонконг аспанын безендіретін ғимараттар тобы Виктория Харборсуларының қатысуымен айқын көрінетінін жарқыраған жолақ диаграммасымен салыстырылды.,гонконг аспанын безендіретін ғимараттар тобы виктория харбор суларының қатысуымен айқын көрінетін жарқыраған жолақ диаграммасымен салыстырылды,гонконг аспанын безендіретін ғимараттар тобы виктория харборсуларының қатысуымен айқын көрінетінін жарқыраған жолақ диаграммасымен салыстырылды
1918,Сундарбан ЮНЕСКО-ның әлемдік мұра орны деп жарияланды. Үндістан территориясындағы орманның бөлігі Сундарбан ұлттық паркі деп аталады.,Сундарбан Үндістан территориясындағы орманның бөлігі Сундарбан ұлттық паркі деп аталады.,сундарбан юнеско ның әлемдік мұра орны деп жарияланды үндістан территориясындағы орманның бөлігі сундарбан ұлттық паркі деп аталады,сундарбан үндістан территориясындағы орманның бөлігі сундарбан ұлттық паркі деп аталады
1986,"Нағыз «көзге көрінбейтін топтың» (Ларсон мен Лафасто, 1989, 109 бет) болуы да виртууалды топтың бірегей компоненті болып табылады.",Нағыс көзге көрінбейтін топтың Ларсон-Менла Фасто 1989-109 бет болуыуда виртуалды топтың бірегей компаненті болып табылады.,нағыз көзге көрінбейтін топтың ларсон мен лафасто 1989 109 бет болуы да виртууалды топтың бірегей компоненті болып табылады,нағыс көзге көрінбейтін топтың ларсон менла фасто 1989 109 бет болуыуда виртуалды топтың бірегей компаненті болып табылады
1926,"Аристотельдің ғылымның барлық мәселелеріне, оның ішінде психологияға көзқарасы қабылданды.","Аристо тілдің ғылымның барлық мәселелеріне, оның ішінде психологияға көз қарасы қабылданды.",аристотельдің ғылымның барлық мәселелеріне оның ішінде психологияға көзқарасы қабылданды,аристо тілдің ғылымның барлық мәселелеріне оның ішінде психологияға көз қарасы қабылданды
1948,Үш патшалық ежелгі Қытайдың тарихындағы ең қанқұйлы дәуірлердің бірі болған. Мыңдаған адам Сианьдағы үлкен сарайдағы ең жоғары орынға отыру үшін соғысқанда өлді.,Үш патшалық ежелгі Қытайдың тарихындағы ең қан құйыбы дәуелердің бірі болған. Мыңдағанадан Сиямдағы үлкен сарайдағы ең жоғар орынға отыру үшін соғысқанда өлді.,үш патшалық ежелгі қытайдың тарихындағы ең қанқұйлы дәуірлердің бірі болған мыңдаған адам сианьдағы үлкен сарайдағы ең жоғары орынға отыру үшін соғысқанда өлді,үш патшалық ежелгі қытайдың тарихындағы ең қан құйыбы дәуелердің бірі болған мыңдағанадан сиямдағы үлкен сарайдағы ең жоғар орынға отыру үшін соғысқанда өлді
1678,Оливер Сакс өзінің «Президенттің сөзі» деген мақаласында мидың зақымдануы салдарынан сөзді түсінбейтін адамдар соған қарамастан шынайылықты қалай бағалай алатыны көрсетілген.,Олифер Сакс өзінің президенттің сөзі деген мақаласында мейдің зақымдануы салдарынан сөзді түсінбейтін адамдар соған қарамастан шынайлықты ғалай-бағалай алатыны көрсетілген.,оливер сакс өзінің президенттің сөзі деген мақаласында мидың зақымдануы салдарынан сөзді түсінбейтін адамдар соған қарамастан шынайылықты қалай бағалай алатыны көрсетілген,олифер сакс өзінің президенттің сөзі деген мақаласында мейдің зақымдануы салдарынан сөзді түсінбейтін адамдар соған қарамастан шынайлықты ғалай бағалай алатыны көрсетілген
1709,Бұл есеп жетекшінің Иракқа қатысты ағымдағы саясатының әрбір аспектісін қатты сынайды және бағытты дереу өзгертуге шақырады.,Бұл есек жетекшінің ираққа қатысты ағымдағы саясатынның әрбір аспектісім қатты сынайды және бағытты дере өзгертуге шақырады.,бұл есеп жетекшінің иракқа қатысты ағымдағы саясатының әрбір аспектісін қатты сынайды және бағытты дереу өзгертуге шақырады,бұл есек жетекшінің ираққа қатысты ағымдағы саясатынның әрбір аспектісім қатты сынайды және бағытты дере өзгертуге шақырады
1801,Гонконг аспанын безендіретін ғимараттар тобы Виктория Харбор суларының қатысуымен айқын көрінетін жарқыраған жолақ диаграммасымен салыстырылды.,Гонгконг аспанын безендіретін қимараттар тобы Виктория Харбор суларының қатысуымен айқын көрінетін жарқыраған жолақ диаграммасымен салыстырылды.,гонконг аспанын безендіретін ғимараттар тобы виктория харбор суларының қатысуымен айқын көрінетін жарқыраған жолақ диаграммасымен салыстырылды,гонгконг аспанын безендіретін қимараттар тобы виктория харбор суларының қатысуымен айқын көрінетін жарқыраған жолақ диаграммасымен салыстырылды
1772,Осылайша нотация жай ғана белгі ретінде қосылған болуы мүмкін.,Осылайша нотация жайғана белгір етінде қосылған болуы мүмкін.,осылайша нотация жай ғана белгі ретінде қосылған болуы мүмкін,осылайша нотация жайғана белгір етінде қосылған болуы мүмкін
1856,Финляндия — керемет қайықпен баратын жер. «Мың көлдің жерінде» көлдерде және жағалаудағы архипелагтарда мыңдаған аралдар да бар.,"Винлянда керемет қайықпен баратын жер, мың көлдің жерінде көлдерде және жағылаудағы архипелагтарда мыңдаған аралдар да бар.",финляндия керемет қайықпен баратын жер мың көлдің жерінде көлдерде және жағалаудағы архипелагтарда мыңдаған аралдар да бар,винлянда керемет қайықпен баратын жер мың көлдің жерінде көлдерде және жағылаудағы архипелагтарда мыңдаған аралдар да бар
1840,"Италияның көптеген қалаларында және әлемдегі басқа да қалаларда, әсіресе Польшада, соған ұқсас қондырмалар орнатылды және бұған көптеген адамдар куә болды.",Италияның көптеген қарылалы қалаларында және әлемдегі басқа да қалаларда әсіресе Польшады соған ұқсас қондырмалар орнатылды және бұған көптеген адамдар куә болды.,италияның көптеген қалаларында және әлемдегі басқа да қалаларда әсіресе польшада соған ұқсас қондырмалар орнатылды және бұған көптеген адамдар куә болды,италияның көптеген қарылалы қалаларында және әлемдегі басқа да қалаларда әсіресе польшады соған ұқсас қондырмалар орнатылды және бұған көптеген адамдар куә болды
1724,Ол шамамен 400 жылдан бастап салтанаттың эпицентріне ретінде белгілі болды және шамамен 1100 жылға дейін созылды.,Ол шамамен 400 жылдан бастап салтанаттың эпицентр нәретінде белгілі болды және шамамен 1100 жылға дейін созылды.,ол шамамен 400 жылдан бастап салтанаттың эпицентріне ретінде белгілі болды және шамамен 1100 жылға дейін созылды,ол шамамен 400 жылдан бастап салтанаттың эпицентр нәретінде белгілі болды және шамамен 1100 жылға дейін созылды
1785,"Құрылыс ағаштары - бұл оқыту әдісі емес, жаңа компьютерлік бағдарламаны пайдалану немесе жаңа жобаны бастау секілді жаңа оқу тәжірибесінен өтіп жатқан жеке тұлғаларға қолдау көрсететін көмек түрі.",Құрылыс ағаштары бұл оқуды әдісі немес жаңа компьютерлік бағдарламаның пайдалануы немесе жаңа жобаның бастау секілді жаңа оқу тәжірибесінен өтіп жатқан жеке туғаларға қолдау көрсететін көмектүрі.,құрылыс ағаштары бұл оқыту әдісі емес жаңа компьютерлік бағдарламаны пайдалану немесе жаңа жобаны бастау секілді жаңа оқу тәжірибесінен өтіп жатқан жеке тұлғаларға қолдау көрсететін көмек түрі,құрылыс ағаштары бұл оқуды әдісі немес жаңа компьютерлік бағдарламаның пайдалануы немесе жаңа жобаның бастау секілді жаңа оқу тәжірибесінен өтіп жатқан жеке туғаларға қолдау көрсететін көмектүрі
1796,Бұл шөгінді жыныстар жабайы жануарлардың мекені болған құмқайырларды және жағажайларды жасауға қажет болды.,Бұл шөгінді жыңыстар жабайы жануарлардың мекені болған құмпқайырларды және жағажайларды жасауға қажет болды.,бұл шөгінді жыныстар жабайы жануарлардың мекені болған құмқайырларды және жағажайларды жасауға қажет болды,бұл шөгінді жыңыстар жабайы жануарлардың мекені болған құмпқайырларды және жағажайларды жасауға қажет болды
1914,Жиырмасыншы ғасырдағы зерттеу генетикалық вариацияның екі пулы бар екенін көрсетті: жасырын және көрінетін.,20-ші ғасырдағы зерттеу генетикалық вариацияның екі полубар екенін көрсетті — жасырын және көрінетін.,жиырмасыншы ғасырдағы зерттеу генетикалық вариацияның екі пулы бар екенін көрсетті жасырын және көрінетін,20 ші ғасырдағы зерттеу генетикалық вариацияның екі полубар екенін көрсетті жасырын және көрінетін
1988,1920 жылары азаматтардың және елдердің көпшілігі пацифисті және изоляционистік көзқарастарды ұстанатын.,"1920 жылары азаматтардың және елдердің көпшілігі, пацифисті және изоляционистік көзқарастарды ұстанатын.",1920 жылары азаматтардың және елдердің көпшілігі пацифисті және изоляционистік көзқарастарды ұстанатын,1920 жылары азаматтардың және елдердің көпшілігі пацифисті және изоляционистік көзқарастарды ұстанатын
1741,"Солтүстікте ары қарай орналасқан үлкен аумақтарда халық өте сирек қоныстанған, ал кейбіреулері елсіз дерлік жабайы жерлер.","Солтүсікте ары қарай орналасқан үлкен аумақтарда халық өт есер ерек қоныстанған, ал кейбіреулері елсіз дерлік жабайы жерлер.",солтүстікте ары қарай орналасқан үлкен аумақтарда халық өте сирек қоныстанған ал кейбіреулері елсіз дерлік жабайы жерлер,солтүсікте ары қарай орналасқан үлкен аумақтарда халық өт есер ерек қоныстанған ал кейбіреулері елсіз дерлік жабайы жерлер
1897,"Аймақ солтүстігінде Сахельмен шекаралас, ал оңтүстігі мен батысында Атлант мұхитымен шектеседі.","Аймақ солтүстігінде сәхелмен шекаралас, ау оңтүстігі мен батысында Атлант мұхитімен шектеседі.",аймақ солтүстігінде сахельмен шекаралас ал оңтүстігі мен батысында атлант мұхитымен шектеседі,аймақ солтүстігінде сәхелмен шекаралас ау оңтүстігі мен батысында атлант мұхитімен шектеседі
1943,"Алаңдаушылық неғұрлым төменірек болса, өмір күші соғұрлым позитивтеі болады. Әр адамда абсолютті тыныштық пен ризашылықты табу мүмкіндігі бар.","Алаңдаушылық неғұрылым төменірек болса, өмір күшесуа ғұрылым позитивте болады, әр адамда абсолютті тыныштық пен ризашылықты табуы мүмкіндігі бар.",алаңдаушылық неғұрлым төменірек болса өмір күші соғұрлым позитивтеі болады әр адамда абсолютті тыныштық пен ризашылықты табу мүмкіндігі бар,алаңдаушылық неғұрылым төменірек болса өмір күшесуа ғұрылым позитивте болады әр адамда абсолютті тыныштық пен ризашылықты табуы мүмкіндігі бар
1962,pН деңгейі химиялық құрамдағы сутегі (рН ішіндегі H) иондарының мөлшерімен көрсетіледі.,"Пиаш деңгейі химиялық құрамдағы сутегі, Пиаш ішіндегі аш иондарының мөлшері мен көрсетіледі.",pн деңгейі химиялық құрамдағы сутегі рн ішіндегі h иондарының мөлшерімен көрсетіледі,пиаш деңгейі химиялық құрамдағы сутегі пиаш ішіндегі аш иондарының мөлшері мен көрсетіледі
1874,"Кейбір адамдар оныкі дұрыс деп ойлады, бірақ көп адам қарама-қарсы нәрсеге сенді; күн жүйесі, соның ішінде күн (және тіпті басқа жұлдыздар) жерді айналды деп ойлады.","Кейбір адамдар он екі дұрыс деп ойлады, бірақ көп адам қарама-қарысы нәрсеге сенді. Күн жүйесі сонын ішінде күн және тіпті басқа жолдыздар жерді айналды деп ойлады.",кейбір адамдар оныкі дұрыс деп ойлады бірақ көп адам қарама қарсы нәрсеге сенді күн жүйесі соның ішінде күн және тіпті басқа жұлдыздар жерді айналды деп ойлады,кейбір адамдар он екі дұрыс деп ойлады бірақ көп адам қарама қарысы нәрсеге сенді күн жүйесі сонын ішінде күн және тіпті басқа жолдыздар жерді айналды деп ойлады
1818,Адамдар үйіне оралған саяхатшылар үшін шыдамдылық пен түсіністік қажет екенін түсінбеуі мүмкін.,Адамдар үйене оралған саяхатшылар үшін шыдамдылық пен түсіністік қажет егенін түсінбеуі мүмкін.,адамдар үйіне оралған саяхатшылар үшін шыдамдылық пен түсіністік қажет екенін түсінбеуі мүмкін,адамдар үйене оралған саяхатшылар үшін шыдамдылық пен түсіністік қажет егенін түсінбеуі мүмкін
1855,"Арыстандар прайды қасқырлар мен иттер сияқты әрекет етеді, олар арыстандарға (бірақ басқа үлкен мысықтарға ұқсамайды) ұқсас жануарлар, сонымен қатар олар өз олжалары үшін өте қауіпті.","Арыстандар бұрайды, қасқырлар мен иттер сияқты әрекеттер әрекет етеді. Олар арыстандарға, бірақ басқа үлкені мсықтарға ұқсас шануарлар санымен қатар олар өз солжалары үшін өте қалыпті.",арыстандар прайды қасқырлар мен иттер сияқты әрекет етеді олар арыстандарға бірақ басқа үлкен мысықтарға ұқсамайды ұқсас жануарлар сонымен қатар олар өз олжалары үшін өте қауіпті,арыстандар бұрайды қасқырлар мен иттер сияқты әрекеттер әрекет етеді олар арыстандарға бірақ басқа үлкені мсықтарға ұқсас шануарлар санымен қатар олар өз солжалары үшін өте қалыпті
1706,"Дәстүрлірек шіркеулер Пасха демалыс күндері сенбі түні пасхалық таңғы ғибадатты өткізеді, жиналыстар жиі түн ортасында Мәсіхтің қайта тірілуін мерекелеуге айналады.","Дәстүрілірек, шіркеулер пасқа демалыс күндері сенбі түні пасқалық таңғы ғибадатты өткізеді, жиналыстар жиі түн ортасында мәсықтың қайта түрлуін мерекелеуге айналады.",дәстүрлірек шіркеулер пасха демалыс күндері сенбі түні пасхалық таңғы ғибадатты өткізеді жиналыстар жиі түн ортасында мәсіхтің қайта тірілуін мерекелеуге айналады,дәстүрілірек шіркеулер пасқа демалыс күндері сенбі түні пасқалық таңғы ғибадатты өткізеді жиналыстар жиі түн ортасында мәсықтың қайта түрлуін мерекелеуге айналады
1896,"АҚШ гимнастикасы және АҚШ Олимпиада комитеті бір мақсатты көздейді - гимнастика және басқа да спорт түрлерін барынша қауіпсіз етіп, спортшылардың өз армандарын орындауды қауіпсіз, позитивті және мүмкіндіктерге толы ортада жүзеге асыруын қамтамасыз ету.","Ағыш гимнасикасы және АҚШ Олимпиада комитеті бір мақсатты көзейді. Гимнасика және басқа да спорт түрленді барымша қауіпсіз етіп, спортшылардың өз армандарынын орындауды қауіпсіз позитивті және мүмкіндіктерге толы ортада жүзеге асыруын қамтамасыз ету.",ақш гимнастикасы және ақш олимпиада комитеті бір мақсатты көздейді гимнастика және басқа да спорт түрлерін барынша қауіпсіз етіп спортшылардың өз армандарын орындауды қауіпсіз позитивті және мүмкіндіктерге толы ортада жүзеге асыруын қамтамасыз ету,ағыш гимнасикасы және ақш олимпиада комитеті бір мақсатты көзейді гимнасика және басқа да спорт түрленді барымша қауіпсіз етіп спортшылардың өз армандарынын орындауды қауіпсіз позитивті және мүмкіндіктерге толы ортада жүзеге асыруын қамтамасыз ету
1875,Мұхиттарға құйылатын планета өзендеріндегі судың толықтай 20 пайызы Амазонкадан келеді.,Мұхиттарға құйылатын планета өзендеріндегі судың толықтай 20 пайызы Амазонкотан келеді.,мұхиттарға құйылатын планета өзендеріндегі судың толықтай 20 пайызы амазонкадан келеді,мұхиттарға құйылатын планета өзендеріндегі судың толықтай 20 пайызы амазонкотан келеді
1943,"Алаңдаушылық неғұрлым төменірек болса, өмір күші соғұрлым позитивтеі болады. Әр адамда абсолютті тыныштық пен ризашылықты табу мүмкіндігі бар.","Алаңдаушылық неуғырым төменірек болса, өмір құшы солғырым позитивті болады, әр адамды абсолютті тыныштық пен резашылықты табуы мүмкіндігі бар.",алаңдаушылық неғұрлым төменірек болса өмір күші соғұрлым позитивтеі болады әр адамда абсолютті тыныштық пен ризашылықты табу мүмкіндігі бар,алаңдаушылық неуғырым төменірек болса өмір құшы солғырым позитивті болады әр адамды абсолютті тыныштық пен резашылықты табуы мүмкіндігі бар
1770,"Бұл орынды болып көрінеді, өйткені Жердің қозғалғаны сезілмейді, солай емес пе?","Бұл орынды қолып көрінеді, өйткені жердің қозғалғаны сезілмейді, солай емеспе.",бұл орынды болып көрінеді өйткені жердің қозғалғаны сезілмейді солай емес пе,бұл орынды қолып көрінеді өйткені жердің қозғалғаны сезілмейді солай емеспе
2006,"Кальций және калий сияқты элементтер металдар болып саналады. Әрине, күміс және алтын сияқты металдар да бар.","Кальций және калей сияқты еліменттер металдар болып саналады. Әрине, күміз және алтын сияқты металдар да бар.",кальций және калий сияқты элементтер металдар болып саналады әрине күміс және алтын сияқты металдар да бар,кальций және калей сияқты еліменттер металдар болып саналады әрине күміз және алтын сияқты металдар да бар
1713,"Гома жеткілікті деңгейде қауіпсіз болғанмен, Гомадан тыс аймақтарға шығудан бұрын, Солтүстік Киву провинциясындағы соғыс жағдайын түсіну үшін аздап зерттеу жүргізген дұрыс.","Гома жеткілікті деңгейде қауіпсіз болғанмен, Гомадан тыс аймақтарға шығудан бұрын Солтүстік Киву провинциясындағы соғыс жағдайын түсіну үшін аздап зерттеу жүргізген дұрыс.",гома жеткілікті деңгейде қауіпсіз болғанмен гомадан тыс аймақтарға шығудан бұрын солтүстік киву провинциясындағы соғыс жағдайын түсіну үшін аздап зерттеу жүргізген дұрыс,гома жеткілікті деңгейде қауіпсіз болғанмен гомадан тыс аймақтарға шығудан бұрын солтүстік киву провинциясындағы соғыс жағдайын түсіну үшін аздап зерттеу жүргізген дұрыс
1902,Алдымен ол Грейт-Ярмуттегі Джеймс Пейджет ауруханасына түсті.,"Алдымену, Грид еруметтегі Джеймспейд жет ауруханасына түсті.",алдымен ол грейт ярмуттегі джеймс пейджет ауруханасына түсті,алдымену грид еруметтегі джеймспейд жет ауруханасына түсті
1877,Қазіргі сенатор және Аргентинаның бірінші ханымы Кристина Фернандес де Киршнер өзінің президенттік кандидатурасын кеше кешкі уақытта Буэнос-Айрестен 50 шақырым (31 миль) қашықтықта орналасқан Ла-Плата қаласында жариялады.,Қазерге синатор және Оргентинаның бірінші Ханом Кристина Фернандесде Киршнер өзінің президентті кандидатурасын кеше кешкі уақытта бөніс айрестен 51 миль қашықтықта орналасқан Ла Пылата қаласына жариялады.,қазіргі сенатор және аргентинаның бірінші ханымы кристина фернандес де киршнер өзінің президенттік кандидатурасын кеше кешкі уақытта буэнос айрестен 50 шақырым 31 миль қашықтықта орналасқан ла плата қаласында жариялады,қазерге синатор және оргентинаның бірінші ханом кристина фернандесде киршнер өзінің президентті кандидатурасын кеше кешкі уақытта бөніс айрестен 51 миль қашықтықта орналасқан ла пылата қаласына жариялады
1736,Роландо Мендоза M16 мылтығымен туристтерге оқ жаудырды.,Роландо мен Доза — М16 мылтығымен туристерге оқ жаудырды.,роландо мендоза m16 мылтығымен туристтерге оқ жаудырды,роландо мен доза м16 мылтығымен туристерге оқ жаудырды
1685,"Мысалы, дүние жүзіндегі ең жиі кездесетін фотография түсіру пішімі болып 35 мм табылады. Ол аналогтық пленка дәуірі бітіп жатқанда басым пленка өлшемі болатын.","Мысалы, дүние жүзіндегі ең жиі кездесетін фотография түсіруі пішімі болып, 35 мм табылады. Ол аналық тық пленка дәуірі бітіп жатқанда басым пленка өлшемі болатын.",мысалы дүние жүзіндегі ең жиі кездесетін фотография түсіру пішімі болып 35 мм табылады ол аналогтық пленка дәуірі бітіп жатқанда басым пленка өлшемі болатын,мысалы дүние жүзіндегі ең жиі кездесетін фотография түсіруі пішімі болып 35 мм табылады ол аналық тық пленка дәуірі бітіп жатқанда басым пленка өлшемі болатын
1675,"Барлық зат есімдер, сонымен бірге «сіз» дегенді білдіретін «Sie» сөзі, тіпті сөйлемнің ортасында да бас әріптен басталады.","Барлық зат есімдер, сонымен бірге сіз дегенді білдіретін сиесөзі тіпті сөйлемнің ортасындада бас әріптен басталады.",барлық зат есімдер сонымен бірге сіз дегенді білдіретін sie сөзі тіпті сөйлемнің ортасында да бас әріптен басталады,барлық зат есімдер сонымен бірге сіз дегенді білдіретін сиесөзі тіпті сөйлемнің ортасындада бас әріптен басталады
1967,"Лейтон премьер-министрмен кездесу кезінде консерваторлардың экологиялық заңына өзгерістер енгізуді сұрады, сондай-ақ консервативті партияның экологиялық заңын ""мұқият және толығымен қайта жазуды"" сұрады.","Лейтон Премьер Министрмен кездесу кезінде консерваторлардың экологиялық заңына өзгерістер енгізуді ұсырады, сондай-ақ консервативті партияның экологиялық заңын мұқият және толығымен қайта жазудық сұрады.",лейтон премьер министрмен кездесу кезінде консерваторлардың экологиялық заңына өзгерістер енгізуді сұрады сондай ақ консервативті партияның экологиялық заңын мұқият және толығымен қайта жазуды сұрады,лейтон премьер министрмен кездесу кезінде консерваторлардың экологиялық заңына өзгерістер енгізуді ұсырады сондай ақ консервативті партияның экологиялық заңын мұқият және толығымен қайта жазудық сұрады
1760,"Мозасавр өз заманының ең жоғары жыртқышы болған, сондықтан ол басқа мозасаврлардан басқа ештеңеден қорықпаған.",Моза сауыр өз заманның ең жоқары жыртқышы болған. Сондықтан ол басқа Моза сауырлардың басқа ештеңеден қорықбаған.,мозасавр өз заманының ең жоғары жыртқышы болған сондықтан ол басқа мозасаврлардан басқа ештеңеден қорықпаған,моза сауыр өз заманның ең жоқары жыртқышы болған сондықтан ол басқа моза сауырлардың басқа ештеңеден қорықбаған
1946,"Күшін жою ережелері әр түрлі болып келеді, бірақ наурыз айының ақырынан бастап коронавирустық негіздегі көптеген жою ережелері Олимпиада жоспарланған 2020 жылдың шілде айына дейін қолданылмайды.","Күшін жойу ережелері әртүрлі болып келеді, бірақ наурыз айының ақырынан бастап, коронавирустық негіздегі көптеген жойу ережелері Олимпиада жоспарланған 2020 жылдың шілде айына дейін қолданылмайды.",күшін жою ережелері әр түрлі болып келеді бірақ наурыз айының ақырынан бастап коронавирустық негіздегі көптеген жою ережелері олимпиада жоспарланған 2020 жылдың шілде айына дейін қолданылмайды,күшін жойу ережелері әртүрлі болып келеді бірақ наурыз айының ақырынан бастап коронавирустық негіздегі көптеген жойу ережелері олимпиада жоспарланған 2020 жылдың шілде айына дейін қолданылмайды
1819,Ежелгі Қытайда әртүрлі уақыт мерзімдерін көрсетудің ерекше әдісі болды; Қытай тарихының әрбір кезеңі немесе билік басына келген әрбір отбасы ерекше династия болды.,Ежелгі ұқтайда әртүрлі уақыт мерзімдерін көрсетудің ерекше әдісі болды. Қытай тарихының әрбір кезеңі немесе билік басына келген әрбір отбасы ерекше династия болады.,ежелгі қытайда әртүрлі уақыт мерзімдерін көрсетудің ерекше әдісі болды қытай тарихының әрбір кезеңі немесе билік басына келген әрбір отбасы ерекше династия болды,ежелгі ұқтайда әртүрлі уақыт мерзімдерін көрсетудің ерекше әдісі болды қытай тарихының әрбір кезеңі немесе билік басына келген әрбір отбасы ерекше династия болады
1667,Жалпы алғанда менеджерлер бұрынғы әріптестеріне басшылық ете бастағанда екі түрлі қылық пайда болуы мүмкін. Бір жағынан алдыңғы «әріптестердің бірі» (немесе құрбылардың) болып қалуға тырысады.,Жалпы алғанда менеджерлер бұрынғы әріптестеріне басшылық ете бастағанда екі түрліқ қылық пайда болуы мүмкін. Бір жағынан алдыңғы әріптестердің бірі немесе құрбылардың болып қалуға тырсады.,жалпы алғанда менеджерлер бұрынғы әріптестеріне басшылық ете бастағанда екі түрлі қылық пайда болуы мүмкін бір жағынан алдыңғы әріптестердің бірі немесе құрбылардың болып қалуға тырысады,жалпы алғанда менеджерлер бұрынғы әріптестеріне басшылық ете бастағанда екі түрліқ қылық пайда болуы мүмкін бір жағынан алдыңғы әріптестердің бірі немесе құрбылардың болып қалуға тырсады
1844,Айдың беті тау жынысы мен шаңнан тұрады. Айдың сыртқы қабаты қабық деп аталады.,Айдың беті тау жынысы мен шаңын ұнтырады. Айдың сыртқа қабаты қабық деп аталады.,айдың беті тау жынысы мен шаңнан тұрады айдың сыртқы қабаты қабық деп аталады,айдың беті тау жынысы мен шаңын ұнтырады айдың сыртқа қабаты қабық деп аталады
1986,"Нағыз «көзге көрінбейтін топтың» (Ларсон мен Лафасто, 1989, 109 бет) болуы да виртууалды топтың бірегей компоненті болып табылады.",Нағыз көзге көрінбейтін топтың Ларсенмен Лафасто 1989-109 үшпет болуыда виртуалды топтың бірегей компаненті болып табылады.,нағыз көзге көрінбейтін топтың ларсон мен лафасто 1989 109 бет болуы да виртууалды топтың бірегей компоненті болып табылады,нағыз көзге көрінбейтін топтың ларсенмен лафасто 1989 109 үшпет болуыда виртуалды топтың бірегей компаненті болып табылады
1783,"Аймақтық және маусымдық ауа райы құбылыстары қарлы борандарды, мұзды борандарды және шаң дауылдарын қамтиды.","Аймақтық және маусымдық ауа райы, құбылыстары қарлы, борандарды, мұзды борандарды және шаңдауылдарынын қамтиды.",аймақтық және маусымдық ауа райы құбылыстары қарлы борандарды мұзды борандарды және шаң дауылдарын қамтиды,аймақтық және маусымдық ауа райы құбылыстары қарлы борандарды мұзды борандарды және шаңдауылдарынын қамтиды
1910,"Париждіктер біртүрлілігі, дөрекілік және менмендігімен ерекшеленеді.","Париждіктер бір түрлілігі, дөрекілік және мен мендігімен ерекшеленеді.",париждіктер біртүрлілігі дөрекілік және менмендігімен ерекшеленеді,париждіктер бір түрлілігі дөрекілік және мен мендігімен ерекшеленеді
1968,"Кейбір круиздердің кітапшаларында Германияның Берлин қаласы көрсетілген. Жоғарыдағы картадан көргеніңіздей, Берлин теңізге жақын орналаспаған және қалаға бару круиздің бағасына кірмейді.",Кейбір круиздердің кітапшаларында Германияның Берлин қаласы көрсетілген. Жоғардағы картадан көргеніңіздей Берлин теңізке жақын орналаспаған және қалаға бару круиздің бағасына кірмейді.,кейбір круиздердің кітапшаларында германияның берлин қаласы көрсетілген жоғарыдағы картадан көргеніңіздей берлин теңізге жақын орналаспаған және қалаға бару круиздің бағасына кірмейді,кейбір круиздердің кітапшаларында германияның берлин қаласы көрсетілген жоғардағы картадан көргеніңіздей берлин теңізке жақын орналаспаған және қалаға бару круиздің бағасына кірмейді
1841,"Жоғарыдағы ашық, әдемі аспаннан және көптеген қоршаған таулардан басқа ештеңе көрінбейді. Үңгір ішінен бұл дүниенің өте аз бөлігін көруге немесе естуге болады.","Жоғарыдағы ашық, әдемі аспаннан және көптеген қоршаған тауларған басқа ештеңе көрінбейді. Үңгір ішінен бұл дүниенің өте аз бөлігін көруге немесе естуге болады.",жоғарыдағы ашық әдемі аспаннан және көптеген қоршаған таулардан басқа ештеңе көрінбейді үңгір ішінен бұл дүниенің өте аз бөлігін көруге немесе естуге болады,жоғарыдағы ашық әдемі аспаннан және көптеген қоршаған тауларған басқа ештеңе көрінбейді үңгір ішінен бұл дүниенің өте аз бөлігін көруге немесе естуге болады
1833,Философия ғұламасы Аристотель әрбір заттың төрт элементтің біреуінен немесе бірнешесінен жасалған деген теория құрған.,Философия құламасы Аристо тіл әрбір заттың төрт элементтің біреуінен немесе бірнеше сінін жасалған деген теория құрған.,философия ғұламасы аристотель әрбір заттың төрт элементтің біреуінен немесе бірнешесінен жасалған деген теория құрған,философия құламасы аристо тіл әрбір заттың төрт элементтің біреуінен немесе бірнеше сінін жасалған деген теория құрған
1757,"Тек ұрықтық жасушалардағы мутация балаларға өтуі мүмкін, ал басқа орындағы мутация жасушалар өлімге немесе қатерлі ісікке әкелуі мүмкін.","Кек ұрықтық жасушалардағы мутация балаларға өтуі мүмкін, ал басқа орындағы мутация жасушалар өлімге немесе қатерлеске әкелуі мүмкін.",тек ұрықтық жасушалардағы мутация балаларға өтуі мүмкін ал басқа орындағы мутация жасушалар өлімге немесе қатерлі ісікке әкелуі мүмкін,кек ұрықтық жасушалардағы мутация балаларға өтуі мүмкін ал басқа орындағы мутация жасушалар өлімге немесе қатерлеске әкелуі мүмкін
1913,"Жолбарыстың ақыруы арыстанның бар күшімен ақыруына ұқсамайды, ол ақырып қатты айтқан сөздерге көбірек ұқсайды.","Жұл барыстың ақыруы арыстанның бар күшімен ақыруына ұқсамайды, ол ақырып қатта айтқан сөздерге көбірек ұқсайды.",жолбарыстың ақыруы арыстанның бар күшімен ақыруына ұқсамайды ол ақырып қатты айтқан сөздерге көбірек ұқсайды,жұл барыстың ақыруы арыстанның бар күшімен ақыруына ұқсамайды ол ақырып қатта айтқан сөздерге көбірек ұқсайды
1771,"Негізгі сахналардағы музыка аяқталғанымен, фестивальдің түннің кеш уақытына дейін музыканы ойнатуды жалғастыратын бөліктері болуы мүмкін екенін есте сақтаңыз.","Негізгі сахналардағы музыка аяқталғанымен, фестивальдің түннің кеш уақытына дейін музыканы ойнатуды жалғастыратын бөліктері болуы мүмкін екенін есте сақтаңыз.",негізгі сахналардағы музыка аяқталғанымен фестивальдің түннің кеш уақытына дейін музыканы ойнатуды жалғастыратын бөліктері болуы мүмкін екенін есте сақтаңыз,негізгі сахналардағы музыка аяқталғанымен фестивальдің түннің кеш уақытына дейін музыканы ойнатуды жалғастыратын бөліктері болуы мүмкін екенін есте сақтаңыз
1959,"Бәрібір билік органдарынан кеңес алыңыз, барлық белгілерді ескеріңіз және қауіпсіздік туралы ескертулерге ерекше көңіл бөліңіз.","Бәрі бір билік органдарынан кеңе салыңыз, барлық белгілерді ескеріңіз және қауіпсіздік туралы ескертулерге ерекше көңіл бөліңіз.",бәрібір билік органдарынан кеңес алыңыз барлық белгілерді ескеріңіз және қауіпсіздік туралы ескертулерге ерекше көңіл бөліңіз,бәрі бір билік органдарынан кеңе салыңыз барлық белгілерді ескеріңіз және қауіпсіздік туралы ескертулерге ерекше көңіл бөліңіз
1693,"Бірақ, капитан қақпасын жоғалтудан кейін Үндістан ойынды аяқтау үшін бар болғаны 36 рет жүгірді, 7 рет қақпаны жоғалтты.","Бірақ капитан қақпасын жоғалтудан кейін Үндістан ойынды аяқтау үшін бар болғаны 36 рет жүгірді, жеті рет қақпаны жоғалыпты.",бірақ капитан қақпасын жоғалтудан кейін үндістан ойынды аяқтау үшін бар болғаны 36 рет жүгірді 7 рет қақпаны жоғалтты,бірақ капитан қақпасын жоғалтудан кейін үндістан ойынды аяқтау үшін бар болғаны 36 рет жүгірді жеті рет қақпаны жоғалыпты
1734,Ғалымдар қара материя басқа қара материяға қарапайым материя сияқты әсер етеді деп тұжырымдай алды.,Ғалымдыр қараматерия басқа қараматерияға қарапайын материя сияқты әсер етеді деп тұжындай жұрымдай алды.,ғалымдар қара материя басқа қара материяға қарапайым материя сияқты әсер етеді деп тұжырымдай алды,ғалымдыр қараматерия басқа қараматерияға қарапайын материя сияқты әсер етеді деп тұжындай жұрымдай алды
1672,Матаның тым ыстық болуына жол бермеңіз (бұл қысқаруға немесе күюіне себеп болуы мүмкін).,"Матаның тым ыстық болуына жол бермеңіз, бұл қысқаруға немесе күйуіне себеп болуы мүмкін.",матаның тым ыстық болуына жол бермеңіз бұл қысқаруға немесе күюіне себеп болуы мүмкін,матаның тым ыстық болуына жол бермеңіз бұл қысқаруға немесе күйуіне себеп болуы мүмкін
1906,«Бұл қоштасу болайын деп тұрған жоқ. Бұл — бір тараудың жабылуы және жаңасының ашылуы».,"Бұл қоштасу болай үндіп тұрған жоқ, бұл бір тараудың жабылуы және жаңасының ашылуы.",бұл қоштасу болайын деп тұрған жоқ бұл бір тараудың жабылуы және жаңасының ашылуы,бұл қоштасу болай үндіп тұрған жоқ бұл бір тараудың жабылуы және жаңасының ашылуы
1963,"Дымқыл киімді үтіктеу киімнің кебуіне көмектеседі. Көп қонақ үйлерде, тіпті бөлмеде болмаса да, ала тұруға болатын үтік және үтіктеу тақтасы болады.","Дымқыл киімді үтіктеу киімнің кейбуіне көміктеседі. Көп қонақ үйлерде тіпті бөлме де болмаса да, ала тұруға болатын үтік және үтіктеу тақтасы болады.",дымқыл киімді үтіктеу киімнің кебуіне көмектеседі көп қонақ үйлерде тіпті бөлмеде болмаса да ала тұруға болатын үтік және үтіктеу тақтасы болады,дымқыл киімді үтіктеу киімнің кейбуіне көміктеседі көп қонақ үйлерде тіпті бөлме де болмаса да ала тұруға болатын үтік және үтіктеу тақтасы болады
1870,Көріністер пирамидаларда көрсетіледі және әртүрлі пирамидалар жанады.,Көріністер пирамидаларда көрсетіледі және әртүрлі пирамидалар жанады.,көріністер пирамидаларда көрсетіледі және әртүрлі пирамидалар жанады,көріністер пирамидаларда көрсетіледі және әртүрлі пирамидалар жанады
1744,"Россби нөмірі неғұрлым кішірек болса, жұлдыздың магниттену инверсиясына қатысты белсенділігі азырақ болады.","Росбен өмірі не қырылым кішірек болса, жылдыздың магниттені инверсиясыны қатысты белсенділігі азырақ болады.",россби нөмірі неғұрлым кішірек болса жұлдыздың магниттену инверсиясына қатысты белсенділігі азырақ болады,росбен өмірі не қырылым кішірек болса жылдыздың магниттені инверсиясыны қатысты белсенділігі азырақ болады
1705,"1940 жылы 15 тамызда одақтастар оңтүстік Францияға басып кірді, бұл шапқыншылық «Дракон операциясы» деген атауға ие болды.","1940 жылы 15 тамызда одақтастар оңтүстік Францияға басып кірді. Бұл шаққыншылық, дракон операциясы деген атауға ие болды.",1940 жылы 15 тамызда одақтастар оңтүстік францияға басып кірді бұл шапқыншылық дракон операциясы деген атауға ие болды,1940 жылы 15 тамызда одақтастар оңтүстік францияға басып кірді бұл шаққыншылық дракон операциясы деген атауға ие болды
1660,"Романтизмде Гете, Фихте, Шлегель сияқты жазушылардан алынған мәдени детерминизмнің үлкен элементі болды.","Романтизмде, Гиоте, Фихті шілегер сияқты жазушылардан алынған мәдени детерминизмнің үлкен элементі болды.",романтизмде гете фихте шлегель сияқты жазушылардан алынған мәдени детерминизмнің үлкен элементі болды,романтизмде гиоте фихті шілегер сияқты жазушылардан алынған мәдени детерминизмнің үлкен элементі болды
2000,"Солтүстік Балтық теңізінен қыста өтсеңіз, кабинадағы орынды қарастырыңыз, өйткені мұз арқылы өту ең көп әсер етілетін адамдар үшін айтарлықтай жаман шуды тудырады.","Солтүстік балттық теңізінен қыста-өтсеңіз, кабинадағы орынды қарастырыңыз, өйткені мұз арқылы өту ең көп әсер етілетін адамдар үшін айтарлықтай жаұман шуды тудырады.",солтүстік балтық теңізінен қыста өтсеңіз кабинадағы орынды қарастырыңыз өйткені мұз арқылы өту ең көп әсер етілетін адамдар үшін айтарлықтай жаман шуды тудырады,солтүстік балттық теңізінен қыста өтсеңіз кабинадағы орынды қарастырыңыз өйткені мұз арқылы өту ең көп әсер етілетін адамдар үшін айтарлықтай жаұман шуды тудырады
1800,Бұл көпір 2017 жылдың қыркүйек айында толығымен жұмыс істейді деп жоспарланған. Бұл жылда бразилиялық кеден бекеттері аяқталады деп күтілуде.,"Бұл көпір 2017 жылдың құрғиек айында толығымен жұмыс істиді деп жоспарланған, бұл жылда бразилиялық кеден бекеттері аяқталады деп күтілуде.",бұл көпір 2017 жылдың қыркүйек айында толығымен жұмыс істейді деп жоспарланған бұл жылда бразилиялық кеден бекеттері аяқталады деп күтілуде,бұл көпір 2017 жылдың құрғиек айында толығымен жұмыс істиді деп жоспарланған бұл жылда бразилиялық кеден бекеттері аяқталады деп күтілуде
1711,Бұл теориялар белгілі бір адамдарды қалайтын нәрселерін не қалаттыратынын және қоршаған ортасындағы қандай нәрселер белгілі бір әрекеттерді істеткізетінін немесе істеткізбейтінін қарастырады.,Бұл теориялар белгілі бір адамдарды қалайтын нәрселерін не қалаттыратынын және қоршаған ортасындағы қандай нәрселер белгілі бір әрекеттерді істеткізетінін немесе істеткіз бейтінін қарастырады.,бұл теориялар белгілі бір адамдарды қалайтын нәрселерін не қалаттыратынын және қоршаған ортасындағы қандай нәрселер белгілі бір әрекеттерді істеткізетінін немесе істеткізбейтінін қарастырады,бұл теориялар белгілі бір адамдарды қалайтын нәрселерін не қалаттыратынын және қоршаған ортасындағы қандай нәрселер белгілі бір әрекеттерді істеткізетінін немесе істеткіз бейтінін қарастырады
1790,"Оның жұмысы соншалықты танылған сапалы және егжей-тегжейлі болғандықтан, филателистер арасында өте аз «үй иелері атауларының » бірі болып есептеледі. Кейбіреулер өзінің жұмысын жалғыздықта жинауға маманданған.","Оның жұмысы соншалықты танылған сапалы және екіжей тек жейлі болғандықтан, филотилистер арасында өте аз үй иелері атауларының бәрі болып есептеледі. Кейбіреулер өзінің жұмысын жалғыздықта жинауға маманданған.",оның жұмысы соншалықты танылған сапалы және егжей тегжейлі болғандықтан филателистер арасында өте аз үй иелері атауларының бірі болып есептеледі кейбіреулер өзінің жұмысын жалғыздықта жинауға маманданған,оның жұмысы соншалықты танылған сапалы және екіжей тек жейлі болғандықтан филотилистер арасында өте аз үй иелері атауларының бәрі болып есептеледі кейбіреулер өзінің жұмысын жалғыздықта жинауға маманданған
1715,"Метродағы жүйелі хабарландырулар тек каталан тілінді жасалады, бірақ автоматтандырылған жүйе жоспарланбаған үзілістерді көп тілде жариялайды: испан, ағылшын, француз, араб және жапон.","Метродағы жүйелі хабірландырулар тек каталан тілінді жасалады, бірақ автоматтандырылған жүйе жоспарланбаған үзілістерді көп тілде жариялайды, испан, ағылшын, француз, араб және жапон.",метродағы жүйелі хабарландырулар тек каталан тілінді жасалады бірақ автоматтандырылған жүйе жоспарланбаған үзілістерді көп тілде жариялайды испан ағылшын француз араб және жапон,метродағы жүйелі хабірландырулар тек каталан тілінді жасалады бірақ автоматтандырылған жүйе жоспарланбаған үзілістерді көп тілде жариялайды испан ағылшын француз араб және жапон
1869,"Оның ұзын жақтарында 70-тен астам ұстарадай өткір тістер және аузының үстіңгі жағында қосымша тістер жинағы болған, бұл оған кезіккен әрбір жануардың одан қашып кете алмайтынын білдіреді.",Оның ұзын жақтарында 70-тен астам ұстарадай өткіртістер және аузының үстінгі жағында қосымша тістер жинағы болған. Бұл оған кезеккен әрбір жануардың одан қашып кете алмайтынын білдіреді.,оның ұзын жақтарында 70 тен астам ұстарадай өткір тістер және аузының үстіңгі жағында қосымша тістер жинағы болған бұл оған кезіккен әрбір жануардың одан қашып кете алмайтынын білдіреді,оның ұзын жақтарында 70 тен астам ұстарадай өткіртістер және аузының үстінгі жағында қосымша тістер жинағы болған бұл оған кезеккен әрбір жануардың одан қашып кете алмайтынын білдіреді
1847,Оны Сингапур премьер-министрінің орынбасары Вонг Кан Сенг күтіп алды және ол Сингапурдың премьер-министрі Ли Сьен Лунмен сауда және терроризм мәселелерін талқылады.,Оны Сингапур премьер-министрінің орынбасары Вонг Кан Синг күтіп алды және ол Сингапурдың премьер-министрі Ли Сиен-Уунмен сауда және терроризм мәселелерін талқылады.,оны сингапур премьер министрінің орынбасары вонг кан сенг күтіп алды және ол сингапурдың премьер министрі ли сьен лунмен сауда және терроризм мәселелерін талқылады,оны сингапур премьер министрінің орынбасары вонг кан синг күтіп алды және ол сингапурдың премьер министрі ли сиен уунмен сауда және терроризм мәселелерін талқылады
1900,"іс жүзінде, тіпті адам оның бар екенін білсе де, оны табу оңай емес. Үңгірге түскеннен кейін толығымен оқшауланасыз.","Іс жүзінде тіпті адам оның бар екейінің білседе оны табу оңай емес, үңгірге түскеннен кейін толығымен оқшауланысз.",іс жүзінде тіпті адам оның бар екенін білсе де оны табу оңай емес үңгірге түскеннен кейін толығымен оқшауланасыз,іс жүзінде тіпті адам оның бар екейінің білседе оны табу оңай емес үңгірге түскеннен кейін толығымен оқшауланысз
1808,"Соғыс аяқталғаннан кейін екі жылда, бұрынғы одақтастар енді жаулар болды және суық соғыс басталды.",Соғыс аяқталғаннан кейін екі жылды бұрынғы отақтастар енді жаулар болды және суық соғыс басталды.,соғыс аяқталғаннан кейін екі жылда бұрынғы одақтастар енді жаулар болды және суық соғыс басталды,соғыс аяқталғаннан кейін екі жылды бұрынғы отақтастар енді жаулар болды және суық соғыс басталды
1977,"Прайдтар бірден үшке дейін туыс ересек еркек арыстаннан, сондай-ақ отыз аналық пен абданнан тұрады.","Прайдтар бірден үшке дейін тыуыз ересек еркек арыстаннан, сондай-ақ отыз аналық пен абданнан тұрады.",прайдтар бірден үшке дейін туыс ересек еркек арыстаннан сондай ақ отыз аналық пен абданнан тұрады,прайдтар бірден үшке дейін тыуыз ересек еркек арыстаннан сондай ақ отыз аналық пен абданнан тұрады
1904,"Дегенмен, баяу коммуникация арналарына байланысты, батыстағы стильдер 25-30 жылға қалып отырады.",Дегенмен баяу коммуникация араларына байланысты батыстағы стильдер 25-жылға қалып отырады.,дегенмен баяу коммуникация арналарына байланысты батыстағы стильдер 25 30 жылға қалып отырады,дегенмен баяу коммуникация араларына байланысты батыстағы стильдер 25 жылға қалып отырады
1880,Осылайша қарындаш шыққан кезде көп адамдарға жақсы дос болды.,Осылайша қарында шыққан кезде көп адамдарға жақсы дауыс болды.,осылайша қарындаш шыққан кезде көп адамдарға жақсы дос болды,осылайша қарында шыққан кезде көп адамдарға жақсы дауыс болды
1769,Мысырлықтар б.д.д. үшінші ғасырда соққан Ұлы Пирамида қайтыс болған перғауынның құрметіне соғылған көп үлкен пирамида құрылымдарының біреуі еді.,Мысырлықтар біздің дәуірімізге дейінгі 3-ғасырда соққан ұлы пирамида қайтыс болған фергауының құрметіне соғылған көп үлкен пирамида құрылымдарының біреуі еді.,мысырлықтар б д д үшінші ғасырда соққан ұлы пирамида қайтыс болған перғауынның құрметіне соғылған көп үлкен пирамида құрылымдарының біреуі еді,мысырлықтар біздің дәуірімізге дейінгі 3 ғасырда соққан ұлы пирамида қайтыс болған фергауының құрметіне соғылған көп үлкен пирамида құрылымдарының біреуі еді
1704,1990 жылы ол шөл құмдары қаупіне байланысты қауіп төніп тұрған әлемдік мұралар тізіміне қосылды.,1990 жылы ол шөл құмдары қауіпіне байланысты қауіп төніп тұрған әлемдік мұралар тізіміне қосылды.,1990 жылы ол шөл құмдары қаупіне байланысты қауіп төніп тұрған әлемдік мұралар тізіміне қосылды,1990 жылы ол шөл құмдары қауіпіне байланысты қауіп төніп тұрған әлемдік мұралар тізіміне қосылды
1918,Сундарбан ЮНЕСКО-ның әлемдік мұра орны деп жарияланды. Үндістан территориясындағы орманның бөлігі Сундарбан ұлттық паркі деп аталады.,Сундарбан Юниасканың әлемдік мұра орны деп жарияланады. Үндістан территориясындағы орманның бөлігі Сундарбан ұлттық паркі деп аталады.,сундарбан юнеско ның әлемдік мұра орны деп жарияланды үндістан территориясындағы орманның бөлігі сундарбан ұлттық паркі деп аталады,сундарбан юниасканың әлемдік мұра орны деп жарияланады үндістан территориясындағы орманның бөлігі сундарбан ұлттық паркі деп аталады
1718,Антиквариат болып табылатын бұйымдар үшін ортақ анықтама берілмеген. Кейбір салық органдары 100 жастан асқан бұймыдарды антиквариат деп атайды.,Антиквариат болып табылатын бұйымдар үшін ортақ анықтама берілмеген. Кейбір салық органдары 100 жастан асқан бұймыдарды антиквариат деп атайды.,антиквариат болып табылатын бұйымдар үшін ортақ анықтама берілмеген кейбір салық органдары 100 жастан асқан бұймыдарды антиквариат деп атайды,антиквариат болып табылатын бұйымдар үшін ортақ анықтама берілмеген кейбір салық органдары 100 жастан асқан бұймыдарды антиквариат деп атайды
1684,Апиа - Самоаның астанасы. Бұл қала Уполу аралында орналасқан және оның халқы 40 000-нан сәл төмен.,Апиа Самуаның астанасы. Бұл қала Уполу аралында орналасқан және оның халқы қырық мыңнан сәлтөмен.,апиа самоаның астанасы бұл қала уполу аралында орналасқан және оның халқы 40 000 нан сәл төмен,апиа самуаның астанасы бұл қала уполу аралында орналасқан және оның халқы қырық мыңнан сәлтөмен
1949,Энтомологтар «жәндік» терминін осы жәндіктер тобы үшін ресми мағынада пайдаланады.,Энтомолоктар — жәндік терминен осы жәндіктер тобы үшін ресми мағынада пайдаланады.,энтомологтар жәндік терминін осы жәндіктер тобы үшін ресми мағынада пайдаланады,энтомолоктар жәндік терминен осы жәндіктер тобы үшін ресми мағынада пайдаланады
1999,"1960 жылдары Бжезинский Джон Кеннедидің кеңесшісі болып, содан кейін Линдон Б. Джонсон әкімшілігінде жұмыс істеді.","1960 жылдарды Бженске Джон Кенейдидің кеңешісі болып, содан кейін Линдон Би Джонсон әкімшілігіне жұмыс істеді.",1960 жылдары бжезинский джон кеннедидің кеңесшісі болып содан кейін линдон б джонсон әкімшілігінде жұмыс істеді,1960 жылдарды бженске джон кенейдидің кеңешісі болып содан кейін линдон би джонсон әкімшілігіне жұмыс істеді
1991,Еуропалық тарихтың осы кезеңінде бай және қуатты болған католик шіркеуі қатаң бақылауға алынды.,Еуропалық тарихтың осы кезенінде бай және қуатты болған католик шіркеуі қатаң бақылауға алынды.,еуропалық тарихтың осы кезеңінде бай және қуатты болған католик шіркеуі қатаң бақылауға алынды,еуропалық тарихтың осы кезенінде бай және қуатты болған католик шіркеуі қатаң бақылауға алынды
1692,"Жапонияның ядролық агенттігінің хабарлауынша, зауытта радиоактивті цезий мен йод анықталған.",Жапонияның ядрлық агенттігінің хабарлауынша зағытта радиоактивті цезимен ұйыт анықталғын.,жапонияның ядролық агенттігінің хабарлауынша зауытта радиоактивті цезий мен йод анықталған,жапонияның ядрлық агенттігінің хабарлауынша зағытта радиоактивті цезимен ұйыт анықталғын
1667,Жалпы алғанда менеджерлер бұрынғы әріптестеріне басшылық ете бастағанда екі түрлі қылық пайда болуы мүмкін. Бір жағынан алдыңғы «әріптестердің бірі» (немесе құрбылардың) болып қалуға тырысады.,Жалпы алғанда менеджерлер бұрынғы әріптестеріне басшылық ете бастағанда екі түрлі құлық пайда болуы мүмкін. Бір жағынан алдыңғы әріптестердің бәрі немесе құрыбылардың болып қалуға тырысады.,жалпы алғанда менеджерлер бұрынғы әріптестеріне басшылық ете бастағанда екі түрлі қылық пайда болуы мүмкін бір жағынан алдыңғы әріптестердің бірі немесе құрбылардың болып қалуға тырысады,жалпы алғанда менеджерлер бұрынғы әріптестеріне басшылық ете бастағанда екі түрлі құлық пайда болуы мүмкін бір жағынан алдыңғы әріптестердің бәрі немесе құрыбылардың болып қалуға тырысады
1704,1990 жылы ол шөл құмдары қаупіне байланысты қауіп төніп тұрған әлемдік мұралар тізіміне қосылды.,1990 жылы ол шөлқұмдары қауіпіне байланысты қауіп төніп тұрған әлемдік мұралар тізіміне қосылды.,1990 жылы ол шөл құмдары қаупіне байланысты қауіп төніп тұрған әлемдік мұралар тізіміне қосылды,1990 жылы ол шөлқұмдары қауіпіне байланысты қауіп төніп тұрған әлемдік мұралар тізіміне қосылды
2004,"Дәл осы айда тағы бір ұшақ Мешхедтің ұшу-қону жолағын басып өтіп, қабырғаға соғылып он жеті адамды өлтірді.","Дәл еусайда тағы бұрышақ. Мешхаттым шу қону жолағын басып өтіп, қабырғаға соғылы бон жеті адамды өлтірді.",дәл осы айда тағы бір ұшақ мешхедтің ұшу қону жолағын басып өтіп қабырғаға соғылып он жеті адамды өлтірді,дәл еусайда тағы бұрышақ мешхаттым шу қону жолағын басып өтіп қабырғаға соғылы бон жеті адамды өлтірді
1852,"Блогтарды тиісті түрде қолдану студенттердің аналитикалық және критикалық ойлауын әлдеқайда күшейтуі мүмкін. Интернет материалдарына белсенді түрде жауап беру арқылы олар басқа адамдардың жазбаларына қатысты өздерінің позициясын айқындай алады, сондай-ақ нақты бір мәселелер бойынша өздерінің көзқарастарын білдіре алады (Oravec, 2002).","Блоктарды тиіс түрде қолдану студенттердің аналитикалық және критикалық ойлауын әлді қайда күшидуі мүмкін. Интернет материалдарына белсенді түрде жауап бер барқылы олар басқа адамдардың жазбаларына қатысты өздерінің позициясын айықындай алады, сондай-ақ нақты бір мәселелер бойынша өздерінің көзғарастарының білдіри алады. Аравик 222.",блогтарды тиісті түрде қолдану студенттердің аналитикалық және критикалық ойлауын әлдеқайда күшейтуі мүмкін интернет материалдарына белсенді түрде жауап беру арқылы олар басқа адамдардың жазбаларына қатысты өздерінің позициясын айқындай алады сондай ақ нақты бір мәселелер бойынша өздерінің көзқарастарын білдіре алады oravec 2002,блоктарды тиіс түрде қолдану студенттердің аналитикалық және критикалық ойлауын әлді қайда күшидуі мүмкін интернет материалдарына белсенді түрде жауап бер барқылы олар басқа адамдардың жазбаларына қатысты өздерінің позициясын айықындай алады сондай ақ нақты бір мәселелер бойынша өздерінің көзғарастарының білдіри алады аравик 222
1907,Соғыс басталғаннан кейін жуық арада Ұлыбритания Германияны әскери-теңіз қоршауына алды.,Соғыс басталғаннан кейін Жуы ғарада Ұлыбритания Германияны әскери теңіз қоршауына алды.,соғыс басталғаннан кейін жуық арада ұлыбритания германияны әскери теңіз қоршауына алды,соғыс басталғаннан кейін жуы ғарада ұлыбритания германияны әскери теңіз қоршауына алды
1805,"Scotturb 403 автобусы Синтраға қалыпты түрде қатынап отырады да, Рока мүйісінде тоқтайды.","Скатт-сорф 433 автоусы Сентрақа қалыпты түрде қатынап отырады да, Роком есінде тоқтайды.",scotturb 403 автобусы синтраға қалыпты түрде қатынап отырады да рока мүйісінде тоқтайды,скатт сорф 433 автоусы сентрақа қалыпты түрде қатынап отырады да роком есінде тоқтайды
1760,"Мозасавр өз заманының ең жоғары жыртқышы болған, сондықтан ол басқа мозасаврлардан басқа ештеңеден қорықпаған.","Мазасабр рөз заманның ең жоғарға жүртқші болған, сондықтан ол басқа мазасабрлардан басқа ештеңеден қорықпаған.",мозасавр өз заманының ең жоғары жыртқышы болған сондықтан ол басқа мозасаврлардан басқа ештеңеден қорықпаған,мазасабр рөз заманның ең жоғарға жүртқші болған сондықтан ол басқа мазасабрлардан басқа ештеңеден қорықпаған
1741,"Солтүстікте ары қарай орналасқан үлкен аумақтарда халық өте сирек қоныстанған, ал кейбіреулері елсіз дерлік жабайы жерлер.","Солтүстікте арықарай орналасқан үлкен аумақтарда халық өте сирек қоныстанған, ал кейбіреулері елсіз дерлік жабайы жерлер.",солтүстікте ары қарай орналасқан үлкен аумақтарда халық өте сирек қоныстанған ал кейбіреулері елсіз дерлік жабайы жерлер,солтүстікте арықарай орналасқан үлкен аумақтарда халық өте сирек қоныстанған ал кейбіреулері елсіз дерлік жабайы жерлер
1700,"Күңгірт жерлердің асты жұқа, ал жарық жерлердің асты қалың тау жынысынан тұрады.","Күңгірт жерлердің астыр жақа, ау жарқ жерлердің асты қалың тау жұмыстам тұроды.",күңгірт жерлердің асты жұқа ал жарық жерлердің асты қалың тау жынысынан тұрады,күңгірт жерлердің астыр жақа ау жарқ жерлердің асты қалың тау жұмыстам тұроды
1674,"Кейбір аумақтарда суды бір минут бойы қайнату жеткілікті, ал басқаларында бірнеше минут қажет.","Кейбір аумақтарда суды бір минутты бойы қайнату жеткілікті, ал басқаларында бірнеше минут қажет.",кейбір аумақтарда суды бір минут бойы қайнату жеткілікті ал басқаларында бірнеше минут қажет,кейбір аумақтарда суды бір минутты бойы қайнату жеткілікті ал басқаларында бірнеше минут қажет
1797,Әр адам қоғамға қатысады және көлік жүйелерін пайдаланады. Әркім дерлік көлік жүйелері туралы шағымданады.,Әр адам қоғамға қатысады және көлік жүйелерін пайдаланады. Әркімдерлік көлік жүйелері туралы шағымданады.,әр адам қоғамға қатысады және көлік жүйелерін пайдаланады әркім дерлік көлік жүйелері туралы шағымданады,әр адам қоғамға қатысады және көлік жүйелерін пайдаланады әркімдерлік көлік жүйелері туралы шағымданады
1770,"Бұл орынды болып көрінеді, өйткені Жердің қозғалғаны сезілмейді, солай емес пе?","Бұл орынды болып көрінеді, өйткені жердің қозғалғаны сезілмейді, солай емес бе.",бұл орынды болып көрінеді өйткені жердің қозғалғаны сезілмейді солай емес пе,бұл орынды болып көрінеді өйткені жердің қозғалғаны сезілмейді солай емес бе
1729,"Мысалы, Солтүстік Каролина штатындағы Беннет мектебінің студенттері жыл сайын штат астанасына сапары туралы веб-сайтын жасайды, бұл веб-сайт жыл сайын қайта жасалады, бірақ ескі нұсқалар альбом ретінде онлайн сақталады.","Мысалы, солтүстік Каролина штатындағы Беннип мектебінің студенттері жыл сайын штат астанасына сапары туралы веб-сайтын жасайды. Бұл веб-сай жыл сайын қайта жасалады, бірақ ескі нұсқалар альбом ретінде онлайн сақталады.",мысалы солтүстік каролина штатындағы беннет мектебінің студенттері жыл сайын штат астанасына сапары туралы веб сайтын жасайды бұл веб сайт жыл сайын қайта жасалады бірақ ескі нұсқалар альбом ретінде онлайн сақталады,мысалы солтүстік каролина штатындағы беннип мектебінің студенттері жыл сайын штат астанасына сапары туралы веб сайтын жасайды бұл веб сай жыл сайын қайта жасалады бірақ ескі нұсқалар альбом ретінде онлайн сақталады
1799,"Сәрсенбі күнгі оқиғадан басқа, Карпанедо чемпионаттағы екі жеке жарыста қатысты.","Сәрсенбі күнгі оқиғадан басқа, Карпаниядау чемпионаттағы екі жеке жарыста қатысты.",сәрсенбі күнгі оқиғадан басқа карпанедо чемпионаттағы екі жеке жарыста қатысты,сәрсенбі күнгі оқиғадан басқа карпаниядау чемпионаттағы екі жеке жарыста қатысты
1755,Бір бомба генерал-губернатор кеңсесінің сыртында жарылды.,Бір бомба генерал-гембернатор кенсесінін сыртында жаралды.,бір бомба генерал губернатор кеңсесінің сыртында жарылды,бір бомба генерал гембернатор кенсесінін сыртында жаралды
1757,"Тек ұрықтық жасушалардағы мутация балаларға өтуі мүмкін, ал басқа орындағы мутация жасушалар өлімге немесе қатерлі ісікке әкелуі мүмкін.","Тек ұрықтық жасушалардағы мутация балаларға өтуі мүмкін, ал басқа орындағы мұдация жасушалар өлімге немесе қатерлі ісікке әкелуі мүмкін.",тек ұрықтық жасушалардағы мутация балаларға өтуі мүмкін ал басқа орындағы мутация жасушалар өлімге немесе қатерлі ісікке әкелуі мүмкін,тек ұрықтық жасушалардағы мутация балаларға өтуі мүмкін ал басқа орындағы мұдация жасушалар өлімге немесе қатерлі ісікке әкелуі мүмкін
1909,"Виртуалды топтар кәдімгі топтар сияқты бірдей жоғары сапа стандарттарын ұстанады, дегенмен мұнда кішігірім айырмашылықтар бар.","Виртуалды топтар кәдімгі топтар сияқты бірдейі жоғары сапас стандарттарыныстанады, дегенмен мұнда кішігірі майырмашылықтар бар.",виртуалды топтар кәдімгі топтар сияқты бірдей жоғары сапа стандарттарын ұстанады дегенмен мұнда кішігірім айырмашылықтар бар,виртуалды топтар кәдімгі топтар сияқты бірдейі жоғары сапас стандарттарыныстанады дегенмен мұнда кішігірі майырмашылықтар бар
1859,Орта ғасырлардың соңына қарай Батыс Еуропа өз стилін дамыта бастады. Бұл уақыттағы кірескерлердің нәтижесіндегі ең үлкен дамуларының бірі болып адамдардың киімін жабу үшін түймелерді пайдалануы табылады.,"Ортағасырлардың соңына қарай Батыс Еуропа өз істейлін дам табастады, бұл уақыттағы кіріскерлердің нәтижесіндегі ең үлкен дамуларының бірі болып, адамдардың киімін жабу үшін түймелерді пайдалануы табылады.",орта ғасырлардың соңына қарай батыс еуропа өз стилін дамыта бастады бұл уақыттағы кірескерлердің нәтижесіндегі ең үлкен дамуларының бірі болып адамдардың киімін жабу үшін түймелерді пайдалануы табылады,ортағасырлардың соңына қарай батыс еуропа өз істейлін дам табастады бұл уақыттағы кіріскерлердің нәтижесіндегі ең үлкен дамуларының бірі болып адамдардың киімін жабу үшін түймелерді пайдалануы табылады
1700,"Күңгірт жерлердің асты жұқа, ал жарық жерлердің асты қалың тау жынысынан тұрады.",Күңгір жерлердің асты жұқа алжалрат жерлердің асты қалын таужынысынан тұрады.,күңгірт жерлердің асты жұқа ал жарық жерлердің асты қалың тау жынысынан тұрады,күңгір жерлердің асты жұқа алжалрат жерлердің асты қалын таужынысынан тұрады
1684,Апиа - Самоаның астанасы. Бұл қала Уполу аралында орналасқан және оның халқы 40 000-нан сәл төмен.,Апиа Самонның астанасы. Бұл қалау полу аралында орналасқан және оның халқып 40 маннан сәл төмен.,апиа самоаның астанасы бұл қала уполу аралында орналасқан және оның халқы 40 000 нан сәл төмен,апиа самонның астанасы бұл қалау полу аралында орналасқан және оның халқып 40 маннан сәл төмен
1937,"Дегенмен, бұл жоспарлар бір түнде дерлік ескіріп кетті. Кеңес Одағының қызыл әскернің 800 000 сарбазы келіп, Ригадағы бейбітшілік туралы келісімді, кеңес-поляк агрессия жасамау туралы пактісін және басқа халықаралық (екі жақты және көп жақты) келісімдерді бұза отырып Польшаның шығыс аймақтарына басып кіргеннен кейін Беларус және Украина фронттарын жасады.","Дегенмен, бүл болғын жоспарлар бір түнде дерлік ескіріп кетті. Кеңес одағының қызыл әскерінің 800 000 сарбазы келіп, Ригадағы бейбітшілік туралы келісімді, кеңес Палак Агрессия жасамау туралы пактісін және басқа халықаралық екі жақты және көп жақты келісімдерді бұза ұтырып,Польшаның шығыс аймақтарына басып, кіргеннен кейін Биларус және Украина фронттарын жасады.",дегенмен бұл жоспарлар бір түнде дерлік ескіріп кетті кеңес одағының қызыл әскернің 800 000 сарбазы келіп ригадағы бейбітшілік туралы келісімді кеңес поляк агрессия жасамау туралы пактісін және басқа халықаралық екі жақты және көп жақты келісімдерді бұза отырып польшаның шығыс аймақтарына басып кіргеннен кейін беларус және украина фронттарын жасады,дегенмен бүл болғын жоспарлар бір түнде дерлік ескіріп кетті кеңес одағының қызыл әскерінің 800 000 сарбазы келіп ригадағы бейбітшілік туралы келісімді кеңес палак агрессия жасамау туралы пактісін және басқа халықаралық екі жақты және көп жақты келісімдерді бұза ұтырып польшаның шығыс аймақтарына басып кіргеннен кейін биларус және украина фронттарын жасады
1776,"Бір түн ішінде 150-ден 200-ге дейін көшірмелер жасалып, олар қазір «Dunlap broadsides» ретінде белгілі.",Бір түн ішінде 150-де 200-ге дейін көшірмелер жасалы пол қазір Дунлап-Броуд Сайт сіретінде белгілі.,бір түн ішінде 150 ден 200 ге дейін көшірмелер жасалып олар қазір dunlap broadsides ретінде белгілі,бір түн ішінде 150 де 200 ге дейін көшірмелер жасалы пол қазір дунлап броуд сайт сіретінде белгілі
2005,Бірақ құстарда динозаврдікіне ұқсайтын көп нәрселер әлі де бар.,Бірақ құстарды динозаврды кіне ұқсайтын көп нәрселерді әлі де бар.,бірақ құстарда динозаврдікіне ұқсайтын көп нәрселер әлі де бар,бірақ құстарды динозаврды кіне ұқсайтын көп нәрселерді әлі де бар
2001,"Саяхаттаушыларға өз аумағына әсер ететін ауыр ауа райының кез келген қаупі туралы хабардар болу туралы кеңес беріледі, өйткені олар барлық саяхаттау туралы жоспарларға әсер етуі мүмкін.","Саяхаттаушыларға өз аумағына әсер ететін ауыр ауа райанын кез келген қаупі туралы хабардар болу туралы кеңес беріледі, өйткені олар барлық саяхаттау туралы жоспарларға әсер етуі мүмкін.",саяхаттаушыларға өз аумағына әсер ететін ауыр ауа райының кез келген қаупі туралы хабардар болу туралы кеңес беріледі өйткені олар барлық саяхаттау туралы жоспарларға әсер етуі мүмкін,саяхаттаушыларға өз аумағына әсер ететін ауыр ауа райанын кез келген қаупі туралы хабардар болу туралы кеңес беріледі өйткені олар барлық саяхаттау туралы жоспарларға әсер етуі мүмкін
1666,"Сондай-ақ өзіңіздікінен басқа үкіметтерден кеңес алғыңыз келуі мүмкін, бірақ олардың кеңесі өз азаматтарына арналған.","Сондай-ақ өзіңіздікінен насқа үкіметтерден кеңес алғыңыз келуі мүмкін, бірақ олардың кеңесі өз азаматтарына арналған.",сондай ақ өзіңіздікінен басқа үкіметтерден кеңес алғыңыз келуі мүмкін бірақ олардың кеңесі өз азаматтарына арналған,сондай ақ өзіңіздікінен насқа үкіметтерден кеңес алғыңыз келуі мүмкін бірақ олардың кеңесі өз азаматтарына арналған
1769,Мысырлықтар б.д.д. үшінші ғасырда соққан Ұлы Пирамида қайтыс болған перғауынның құрметіне соғылған көп үлкен пирамида құрылымдарының біреуі еді.,Мысырлықтар біздің заманымызға дейінгі үшінші ғасырда соққан Ұлы пирамида қайтыс болған перғалының құрметіне саулған көбілкен пирамида құрылымдарының бірепеді.,мысырлықтар б д д үшінші ғасырда соққан ұлы пирамида қайтыс болған перғауынның құрметіне соғылған көп үлкен пирамида құрылымдарының біреуі еді,мысырлықтар біздің заманымызға дейінгі үшінші ғасырда соққан ұлы пирамида қайтыс болған перғалының құрметіне саулған көбілкен пирамида құрылымдарының бірепеді
