id,ref,hyp,ref_norm,hyp_norm
1819,"В древнем Китае использовали уникальный способ обозначения периодов времени; каждый этап Китая или каждая семья, находившаяся у власти, были особой династией.","В древнем Китае использовали уникальный способ обозначения передов времени. Каждый этап Китая или каждая семья, находившаяся у власти, были особой династией.",в древнем китае использовали уникальный способ обозначения периодов времени каждый этап китая или каждая семья находившаяся у власти были особой династией,в древнем китае использовали уникальный способ обозначения передов времени каждый этап китая или каждая семья находившаяся у власти были особой династией
1781,"Мадагаскар намного больше других и  является самобытным континентом в том, что касается дикой природы.","Мадагаскар намного больше других и является самобытным континентом в том, что касается дикой природы.",мадагаскар намного больше других и является самобытным континентом в том что касается дикой природы,мадагаскар намного больше других и является самобытным континентом в том что касается дикой природы
1926,"Во всех научных вопросах, включая психологию, были приняты взгляды Аристотеля.","Во всех научных вопросах, включая психологию, были приняты взгляды рестотеля.",во всех научных вопросах включая психологию были приняты взгляды аристотеля,во всех научных вопросах включая психологию были приняты взгляды рестотеля
1917,"В различных местах Рима были установлены большие телевизионные экраны, с помощью которых люди могли наблюдать за церемонией.","В различных местах рима были установлены большие тележонные экраны, с помощью которых люди могли наблюдать за церемонией.",в различных местах рима были установлены большие телевизионные экраны с помощью которых люди могли наблюдать за церемонией,в различных местах рима были установлены большие тележонные экраны с помощью которых люди могли наблюдать за церемонией
1751,"Причиной дебатов стали разногласия относительно затрат на оказание материальной поддержки и восстановление зданий после урагана Катрина, который некоторые фискальные консерваторы в шутку назвали ""новоорлеанской сделкой Буша"".","Причины дебатов стали разногласия относительно затрат на оказание материальной поддержки и восстановление зданий после урагана Катрина, которые некоторые фискальные консерваторы в шутку назвали новарлеанской сделкой буша.",причиной дебатов стали разногласия относительно затрат на оказание материальной поддержки и восстановление зданий после урагана катрина который некоторые фискальные консерваторы в шутку назвали новоорлеанской сделкой буша,причины дебатов стали разногласия относительно затрат на оказание материальной поддержки и восстановление зданий после урагана катрина которые некоторые фискальные консерваторы в шутку назвали новарлеанской сделкой буша
1704,"В 1990 году он был добавлен в список всемирного наследия, находящегося под угрозой из-за опасности со стороны песков пустыни.","В 1990 году он был добавлен в списк всемирного наследия, находящегося под угрозой из-за опасности со стороны песков в пустыне.",в 1990 году он был добавлен в список всемирного наследия находящегося под угрозой из за опасности со стороны песков пустыни,в 1990 году он был добавлен в списк всемирного наследия находящегося под угрозой из за опасности со стороны песков в пустыне
1692,"Согласно ядерному управлению Японии, на заводе были обнаружены радиоактивный цезий и йод.",В сагласной ядерному управлению Японии на заводе были обнаружены радиоактивные цизи иют.,согласно ядерному управлению японии на заводе были обнаружены радиоактивный цезий и йод,в сагласной ядерному управлению японии на заводе были обнаружены радиоактивные цизи иют
1852,"Надлежащее использование блогов может дать учащимся возможность стать более аналитичными и критичными. Путём активного отклика на интернет-материалы учащиеся могут определять свою позицию в контексте чужих работ, а также излагать свои собственные взгляды на конкретные вопросы (Оравек, 2002).","Надлежащие использования блогов может дать учащимся возможность стать более аналитичными и критичными, путем активного отклика на интернет материалы. Учащиеся могут определять свою позицию в контексте чужих работ, а также излагать свои собственные взгляды на конкретные вопросы. — Аровек, 2002.",надлежащее использование блогов может дать учащимся возможность стать более аналитичными и критичными путем активного отклика на интернет материалы учащиеся могут определять свою позицию в контексте чужих работ а также излагать свои собственные взгляды на конкретные вопросы оравек 2002,надлежащие использования блогов может дать учащимся возможность стать более аналитичными и критичными путем активного отклика на интернет материалы учащиеся могут определять свою позицию в контексте чужих работ а также излагать свои собственные взгляды на конкретные вопросы аровек 2002
1757,"Только мутации в клетках зародышевой линии могут передаваться далее детям, в то время как мутации где-то ещё могут привести к гибели клеток или раку.","Только мутации в клетках за родышевые линии могут передаваться далее детям, в то время как мутация где-то ещё могут привести гибли клеток или раку.",только мутации в клетках зародышевой линии могут передаваться далее детям в то время как мутации где то еще могут привести к гибели клеток или раку,только мутации в клетках за родышевые линии могут передаваться далее детям в то время как мутация где то еще могут привести гибли клеток или раку
1791,"Не оскверняйте это место, нанося или выцарапывая граффити на объекты вокруг.","Не оскверняйте это место, нанеся или выцараповая граффити на объекты вокруг.",не оскверняйте это место нанося или выцарапывая граффити на объекты вокруг,не оскверняйте это место нанеся или выцараповая граффити на объекты вокруг
1903,"Когда все доступные ресурсы эффективно используются во всех функциональных подразделениях организации, то могут проявиться креативность и изобретательность.","Когда все доступные ресурсы эффективно используются во всех функционалях подразделениях организации, то могут появиться креативность и изобретательность.",когда все доступные ресурсы эффективно используются во всех функциональных подразделениях организации то могут проявиться креативность и изобретательность,когда все доступные ресурсы эффективно используются во всех функционалях подразделениях организации то могут появиться креативность и изобретательность
1725,"Серия ASUS Eee PC, ранее представленная во всём мире с ориентацией на такие факторы, как экономия средств и функциональность, стала горячей темой во время месяца информационных технологий в Тайбэе в 2007 году.","Серия ASUS-E PC ранее представленная во всём мире с ориентацией на такие факторы, как экономия средств и функциональность, стала горячей темой во время месяца информационных технологий в Тайбэе в 2007 году.",серия asus eee pc ранее представленная во всем мире с ориентацией на такие факторы как экономия средств и функциональность стала горячей темой во время месяца информационных технологий в тайбэе в 2007 году,серия asus e pc ранее представленная во всем мире с ориентацией на такие факторы как экономия средств и функциональность стала горячей темой во время месяца информационных технологий в тайбэе в 2007 году
1762,"Переносчиками являются свиньи, от которых через комаров болезнь затем передаётся человеку.","Переношниками является свини, от которых через комыров болезть затем передается человеку.",переносчиками являются свиньи от которых через комаров болезнь затем передается человеку,переношниками является свини от которых через комыров болезть затем передается человеку
1668,"Также может быть выгодно купить Wild Card, которая позволяет посещать национальные парки ЮАР либо выборочно, либо все.","Также может быть выгодно купить Вилткарт, которая позволяет посещать национальные парки Юар, либо выборышну, либо все.",также может быть выгодно купить wild card которая позволяет посещать национальные парки юар либо выборочно либо все,также может быть выгодно купить вилткарт которая позволяет посещать национальные парки юар либо выборышну либо все
1757,"Только мутации в клетках зародышевой линии могут передаваться далее детям, в то время как мутации где-то ещё могут привести к гибели клеток или раку.","Только мутации в клетках за родышевые линии могут передаваться далее детям, в то время к мутации где-то ещё могут привести гибелеклеток или раку.",только мутации в клетках зародышевой линии могут передаваться далее детям в то время как мутации где то еще могут привести к гибели клеток или раку,только мутации в клетках за родышевые линии могут передаваться далее детям в то время к мутации где то еще могут привести гибелеклеток или раку
1780,"Энергия кундалини (энергия просветления) в кундалини-йоге пробуждается через позы йоги, дыхательные упражнения, мантры и визуализации.","Энергия кундалини — энергия просветления. В кундалинии Йоги пробуждается через пози Йоги — дыхательные упражнения, мантры и визуализации.",энергия кундалини энергия просветления в кундалини йоге пробуждается через позы йоги дыхательные упражнения мантры и визуализации,энергия кундалини энергия просветления в кундалинии йоги пробуждается через пози йоги дыхательные упражнения мантры и визуализации
1822,"Султан Марокко перестроил город под названием Эд-Дар-эль-Бейда, а испанские торговцы, создавшие тут торговые базы, назвали его Касабланка.","Султан Марокко перестроил город под названием Этдар Эль Бейда, а испанские торговцы, создавшие тут торговые базы, назвали его Касабланка.",султан марокко перестроил город под названием эд дар эль бейда а испанские торговцы создавшие тут торговые базы назвали его касабланка,султан марокко перестроил город под названием этдар эль бейда а испанские торговцы создавшие тут торговые базы назвали его касабланка
1763,"Так же, как Луна притягивает Землю, при этом вызывая приливы, так и Млечный Путь воздействует на галактику в Стрельце.","Также как луна притягивает Землю, претом вызывая приливы так и млечный путь воздействует на галактику стрельцы.",так же как луна притягивает землю при этом вызывая приливы так и млечный путь воздействует на галактику в стрельце,также как луна притягивает землю претом вызывая приливы так и млечный путь воздействует на галактику стрельцы
1884,"В частности, утверждается, что можно определить, лжет ли человек, при помощи правильной интерпретации его микровыражений.","В частности, утверждается, что можно определить лжот ли человек при помощи правильной интерпретации его микроворажений.",в частности утверждается что можно определить лжет ли человек при помощи правильной интерпретации его микровыражений,в частности утверждается что можно определить лжот ли человек при помощи правильной интерпретации его микроворажений
1722,53-летний Куомо начал свою деятельность на посту губернатора в начале этого года и подписал законопроект о легализации однополых браков в прошлом месяце.,50-трехлетний Кома начал свою деятельность на постугубернатора в начале этого года и подписал законопроекта легализации однополых браков в прошлом месяце.,53 летний куомо начал свою деятельность на посту губернатора в начале этого года и подписал законопроект о легализации однополых браков в прошлом месяце,50 трехлетний кома начал свою деятельность на постугубернатора в начале этого года и подписал законопроекта легализации однополых браков в прошлом месяце
1768,"Большинство зданий по краям комплекса было перестроено, чтобы дать туристам более точное представление о том, как они выглядели изначально.","Большинство зданий по краям комплекса было перестроено, чтобы дать туристам более точное представление о том, как они выгодили изначально.",большинство зданий по краям комплекса было перестроено чтобы дать туристам более точное представление о том как они выглядели изначально,большинство зданий по краям комплекса было перестроено чтобы дать туристам более точное представление о том как они выгодили изначально
1891,Лаккха Сингх исполнил чхаппан бхог бхаджан.  Певец Раджу Кханделвал пел вместе с ним.,"Лаккасинк исполнил Чхаппан-пхог Пхаджан, певец Раджо. Ханделвал бел вместе с ним.",лаккха сингх исполнил чхаппан бхог бхаджан певец раджу кханделвал пел вместе с ним,лаккасинк исполнил чхаппан пхог пхаджан певец раджо ханделвал бел вместе с ним
1962,Показатель pH определяется степенью насыщенности ионами водорода (H в pH) исследуемого химического соединения.,"Показатель пиаж определяется степенью насыщенности ионами водорода, аш-пиаж, исследуемого химического соединения.",показатель ph определяется степенью насыщенности ионами водорода h в ph исследуемого химического соединения,показатель пиаж определяется степенью насыщенности ионами водорода аш пиаж исследуемого химического соединения
1861,"В результате актёры курят косяки с марихуаной на сцене, и сам театр поощряет публику присоединиться.",В результате актеры кулят косики с морихуаны на сцене и сам театр поощряет публику присоединиться.,в результате актеры курят косяки с марихуаной на сцене и сам театр поощряет публику присоединиться,в результате актеры кулят косики с морихуаны на сцене и сам театр поощряет публику присоединиться
1715,"Обычные объявления в метро делаются только на каталонском языке, но незапланированные перебои объявляются автоматизированной системой на самых разных языках, включая испанский, английский, французский, арабский и японский.","Убычные объявления в метро делятся только на католонском языке, но незапланированное перебой объявляется автоматизированной системой на самых разных языках, включая испанский, англинский, французский, арабский и японский.",обычные объявления в метро делаются только на каталонском языке но незапланированные перебои объявляются автоматизированной системой на самых разных языках включая испанский английский французский арабский и японский,убычные объявления в метро делятся только на католонском языке но незапланированное перебой объявляется автоматизированной системой на самых разных языках включая испанский англинский французский арабский и японский
1882,"Учёные надеются понять, как образуются планеты, особенно то, как образовалась Земля, поскольку кометы сталкивались  с Землёй очень давно.","Учёные надеются понять, как образуются планета, особенно то, как образовалось земля, поскольку кометы сталкивали землёй очень давно.",ученые надеются понять как образуются планеты особенно то как образовалась земля поскольку кометы сталкивались с землей очень давно,ученые надеются понять как образуются планета особенно то как образовалось земля поскольку кометы сталкивали землей очень давно
1885,Между 10:00 и 11:00 вечера по горному времени заключенные устроили пожар во дворе.,Между десятью и одинностью вечера по горному времени заключенные устроили пожар во дворе.,между 10 00 и 11 00 вечера по горному времени заключенные устроили пожар во дворе,между десятью и одинностью вечера по горному времени заключенные устроили пожар во дворе
1729,"Например, ежегодно учащиеся школы Беннет в Северной Каролине создают сайт о своём посещении столицы штата, и каждый год этот сайт обновляется, но доступ к старым версиям по-прежнему сохраняется — они служат памятным альбомом.","Например, ежегодно учащиеся школы Бэнет в северной королине создают сайт о своем посещении столицы штата, и каждый год этот сайт обновляется, но доступ к старым версиям по-прежнему сохраняется, они служат памятным альбомам.",например ежегодно учащиеся школы беннет в северной каролине создают сайт о своем посещении столицы штата и каждый год этот сайт обновляется но доступ к старым версиям по прежнему сохраняется они служат памятным альбомом,например ежегодно учащиеся школы бэнет в северной королине создают сайт о своем посещении столицы штата и каждый год этот сайт обновляется но доступ к старым версиям по прежнему сохраняется они служат памятным альбомам
1663,Долина Кочамо – главное направление в Чили для альпинизма. Она известна как Йосмит Южной Америки и имеет большое количество больших гранитных стен и скал.,Дарина Качама – главное направление в чили для альпинизма. Она известна как её смит Южной Америки и имеет большое количество больших гранитных стен на скал.,долина кочамо главное направление в чили для альпинизма она известна как йосмит южной америки и имеет большое количество больших гранитных стен и скал,дарина качама главное направление в чили для альпинизма она известна как ее смит южной америки и имеет большое количество больших гранитных стен на скал
1795,"Начиная с 1988 года урны для избирательных бюллетеней должны быть прозрачными, чтобы избиратели и наблюдатели могли убедиться в том, что в начале голосования внутри нет конвертов и что к ним не добавлены какие-либо другие конверты, кроме конвертов тех людей, которых допустили к участию в голосовании и голоса которых подсчитали надлежащим образом.","Начиная с 1988 года урны для избирательных билетений должны быть прозрачными, чтобы избиратели и наблюдатели могли убедиться в том, что в начале голосования внутри нет конвертов и что к ним не добавлены какие-либо другие конверты, кроме конвертов тех людей,Которых допустили к участию в голосовании, и голоса которых подсчитали надрежащим образом.",начиная с 1988 года урны для избирательных бюллетеней должны быть прозрачными чтобы избиратели и наблюдатели могли убедиться в том что в начале голосования внутри нет конвертов и что к ним не добавлены какие либо другие конверты кроме конвертов тех людей которых допустили к участию в голосовании и голоса которых подсчитали надлежащим образом,начиная с 1988 года урны для избирательных билетений должны быть прозрачными чтобы избиратели и наблюдатели могли убедиться в том что в начале голосования внутри нет конвертов и что к ним не добавлены какие либо другие конверты кроме конвертов тех людей которых допустили к участию в голосовании и голоса которых подсчитали надрежащим образом
1943,"Чем ниже напряжение, тем более позитивна присутствующая в вас жизненная сила. Каждому человеку потенциально дано обрести абсолютные покой и чувство удовлетворения.","Чем ниже напряжения, тем более позитивно присутствующая вас жизненная сила. Каждому человеку потенциально донообрести абсолютные покой и чувство удовлетворения.",чем ниже напряжение тем более позитивна присутствующая в вас жизненная сила каждому человеку потенциально дано обрести абсолютные покой и чувство удовлетворения,чем ниже напряжения тем более позитивно присутствующая вас жизненная сила каждому человеку потенциально донообрести абсолютные покой и чувство удовлетворения
1836,"Людям с античных времен были известны основные химические элементы, такие как золото, серебро и медь, поскольку их все можно встретить в природе в чистом виде и относительно легко добывать с помощью примитивных орудий.","Людям с античных времён были известны основные химические элементы, такие как золото, серебро и медь, поскольку их все можно встретить в природе в чистом виде и относительно легко добывать с помощью привнительных орудий.",людям с античных времен были известны основные химические элементы такие как золото серебро и медь поскольку их все можно встретить в природе в чистом виде и относительно легко добывать с помощью примитивных орудий,людям с античных времен были известны основные химические элементы такие как золото серебро и медь поскольку их все можно встретить в природе в чистом виде и относительно легко добывать с помощью привнительных орудий
1776,"За ночь было изготовлено 150–200 копий, теперь известных как ""листовки Данлэпа"".","За ночь была изготовлена 150-200 копий, теперь известных как Листовки Данлопа.",за ночь было изготовлено 150 200 копий теперь известных как листовки данлэпа,за ночь была изготовлена 150 200 копий теперь известных как листовки данлопа
1698,"Все во вселенной состоит из материи. Вся материя состоит из мельчайших частиц, называемых атомами.","Все во вселенной состоит из материи. Вся материя состоит из мельчашек частиц, называемых атомами.",все во вселенной состоит из материи вся материя состоит из мельчайших частиц называемых атомами,все во вселенной состоит из материи вся материя состоит из мельчашек частиц называемых атомами
1769,"Великая пирамида была возведена египтянами в третьем веке до нашей эры и является одним из множества больших пирамидальных сооружений, построенных, чтобы почтить память фараона.","Великая пирамида была возведена египтянами в III веке до нашей эры и является одним из множества больших пирамидальных сооружений, построенных чтобы почтить память фараона.",великая пирамида была возведена египтянами в третьем веке до нашей эры и является одним из множества больших пирамидальных сооружений построенных чтобы почтить память фараона,великая пирамида была возведена египтянами в iii веке до нашей эры и является одним из множества больших пирамидальных сооружений построенных чтобы почтить память фараона
1863,"Сердцем тибетской медитации считается Йога Божеств. Посредством визуализации разнообразных божеств чистятся энергетические каналы, запускаются чакры и достигается просветлённость сознания.","Серцом тибетской медитации считается Йога-Божест. По средствам визуализации разнообразных божест, чистятся энергетические каналы, запускаются чакры и достигаются просветлённые сознания.",сердцем тибетской медитации считается йога божеств посредством визуализации разнообразных божеств чистятся энергетические каналы запускаются чакры и достигается просветленность сознания,серцом тибетской медитации считается йога божест по средствам визуализации разнообразных божест чистятся энергетические каналы запускаются чакры и достигаются просветленные сознания
1809,"Шпалы начали применяться довольно давно для того, чтобы удерживать рельсы на месте. Однако впоследствии стало ясно, что пути были более эффективны при полосе из железа сверху.","Шпалы начали применяться довольно давно для того, чтобы удерживать рельсы на месте. Однако впоследствии стало ясно, что пути были более эффективны при полосе из железа сверху.",шпалы начали применяться довольно давно для того чтобы удерживать рельсы на месте однако впоследствии стало ясно что пути были более эффективны при полосе из железа сверху,шпалы начали применяться довольно давно для того чтобы удерживать рельсы на месте однако впоследствии стало ясно что пути были более эффективны при полосе из железа сверху
1781,"Мадагаскар намного больше других и  является самобытным континентом в том, что касается дикой природы.","Мадогаскар намного больше других. И является самобытным континентом в том, что касается дикой природы.",мадагаскар намного больше других и является самобытным континентом в том что касается дикой природы,мадогаскар намного больше других и является самобытным континентом в том что касается дикой природы
1825,"Если вы хотите находиться рядом со сценой, вам нужно приехать заранее, чтобы найти место для кемпинга вблизи от музыки.","Если вы хотите находиться рядом со сценой, вам нужно приехать заранее, чтобы найти место для кемпинга вблизи от музыки.",если вы хотите находиться рядом со сценой вам нужно приехать заранее чтобы найти место для кемпинга вблизи от музыки,если вы хотите находиться рядом со сценой вам нужно приехать заранее чтобы найти место для кемпинга вблизи от музыки
1855,"Львиные прайды ведут себя очень похоже со стаями волков или собак — животных, которые по повадкам удивительно похожи на львов (но не других крупных кошек) и тоже очень опасны для своих жертв.","Львины и прайды ведут себя очень похоже на валков или собак, животных, которые по павадкам удивительно похоже на львов, но не других крупных кошек и тоже очень опасны для своих жертв.",львиные прайды ведут себя очень похоже со стаями волков или собак животных которые по повадкам удивительно похожи на львов но не других крупных кошек и тоже очень опасны для своих жертв,львины и прайды ведут себя очень похоже на валков или собак животных которые по павадкам удивительно похоже на львов но не других крупных кошек и тоже очень опасны для своих жертв
1806,"Поскольку световое загрязнение в период их расцвета не было такой проблемой, как сегодня, они обычно расположены в городах или в кампусах, до которых легче добраться, чем до тех, которые построены в наше время.","По сколько у световое загрязнение в период их расцвета не было такой проблемой, как сегодня, они обычно расположены в городах или в кампусах, до которых легче добраться, чем до тех, которые построены в наше время.",поскольку световое загрязнение в период их расцвета не было такой проблемой как сегодня они обычно расположены в городах или в кампусах до которых легче добраться чем до тех которые построены в наше время,по сколько у световое загрязнение в период их расцвета не было такой проблемой как сегодня они обычно расположены в городах или в кампусах до которых легче добраться чем до тех которые построены в наше время
1697,"Он не смог принять препараты, необходимые для облегчения боли, так как они запрещены в Играх.","Он не смог принять препараты необходимые для облегчения боли, так как они запрещены в играх.",он не смог принять препараты необходимые для облегчения боли так как они запрещены в играх,он не смог принять препараты необходимые для облегчения боли так как они запрещены в играх
1964,"25 листовок Данлэпа, известные на настоящее время, являются старейшими выжившими копиями документа. Оригинальная рукописная копия не дошла до нас.","25 летовых Данлоп, известные на настоящее время, являются старейшими выжившими копиями документа. Оригинальная рукописная копия не дошла до нас.",25 листовок данлэпа известные на настоящее время являются старейшими выжившими копиями документа оригинальная рукописная копия не дошла до нас,25 летовых данлоп известные на настоящее время являются старейшими выжившими копиями документа оригинальная рукописная копия не дошла до нас
1900,"Ее очень нелегко обнаружить даже тому, кто знает о ее существовании. В пещере человек оказывается в полной изоляции.","Ее очень не легко обнаружить даже тому, кто знает о ее существовании. В пещере человек оказывается в полной изоляции.",ее очень нелегко обнаружить даже тому кто знает о ее существовании в пещере человек оказывается в полной изоляции,ее очень не легко обнаружить даже тому кто знает о ее существовании в пещере человек оказывается в полной изоляции
1822,"Султан Марокко перестроил город под названием Эд-Дар-эль-Бейда, а испанские торговцы, создавшие тут торговые базы, назвали его Касабланка.","Солтан Марокко перестроил город под названием Этвдар Эльпейта, а испанские торговцы, создавшие тут торговые базы, назвали его Касабланка.",султан марокко перестроил город под названием эд дар эль бейда а испанские торговцы создавшие тут торговые базы назвали его касабланка,солтан марокко перестроил город под названием этвдар эльпейта а испанские торговцы создавшие тут торговые базы назвали его касабланка
1864,"Г-жа Киршнер объявила о своём намерении баллотироваться на пост президента в Аргентинском театре, в том же месте, где она начала свою предвыборную кампанию в Сенат в 2005 году в качестве члена делегации провинции Буэнос-Айрес.","Госпажа Киршнор объявила о своём номере не баллотироваться на пост президента в аргентинском театре, в том же месте, где она начала свою предвыборную компанию все нады в 2005 году в качестве член на делегации провинции Буэнос-Айрос.",г жа киршнер объявила о своем намерении баллотироваться на пост президента в аргентинском театре в том же месте где она начала свою предвыборную кампанию в сенат в 2005 году в качестве члена делегации провинции буэнос айрес,госпажа киршнор объявила о своем номере не баллотироваться на пост президента в аргентинском театре в том же месте где она начала свою предвыборную компанию все нады в 2005 году в качестве член на делегации провинции буэнос айрос
1794,"Цивилизация — это отдельная культура, носителями которой является достаточно большая группа людей, живущих и работающих вместе, общество.","Цивилизация — это отдельная культура, носителями которой является достаточно большая группа людей, живущих и работающих вместе общества.",цивилизация это отдельная культура носителями которой является достаточно большая группа людей живущих и работающих вместе общество,цивилизация это отдельная культура носителями которой является достаточно большая группа людей живущих и работающих вместе общества
1865,Круизы в Санкт-Петербург включают прогулки по городу. Пассажиры круизов освобождены от визовых требований (уточните условия).,"Курейзы в Санкт-Петербург включают прогулки по городам. Пассажиры круизов освобождены от визовых требований, и точнить условия.",круизы в санкт петербург включают прогулки по городу пассажиры круизов освобождены от визовых требований уточните условия,курейзы в санкт петербург включают прогулки по городам пассажиры круизов освобождены от визовых требований и точнить условия
1836,"Людям с античных времен были известны основные химические элементы, такие как золото, серебро и медь, поскольку их все можно встретить в природе в чистом виде и относительно легко добывать с помощью примитивных орудий.","Людиам сантичных времён были известны основные химические элементы, такие как золото-сиребро имеют, поскольку их все можно встретить в природе в чистом виде и относительно легко добывать с помощью примитивных оружий.",людям с античных времен были известны основные химические элементы такие как золото серебро и медь поскольку их все можно встретить в природе в чистом виде и относительно легко добывать с помощью примитивных орудий,людиам сантичных времен были известны основные химические элементы такие как золото сиребро имеют поскольку их все можно встретить в природе в чистом виде и относительно легко добывать с помощью примитивных оружий
1840,"Подобные площадки, которые посетило большое количество людей, были организованы во многих других городах Италии и в остальном мире, в частности в Польше.","Подобные площадки, которые посетила большое количество людей, были организованы во многих других городах Италии и в остальном мире, в частности в Польше.",подобные площадки которые посетило большое количество людей были организованы во многих других городах италии и в остальном мире в частности в польше,подобные площадки которые посетила большое количество людей были организованы во многих других городах италии и в остальном мире в частности в польше
1687,Сегрегация и рекомбинация с каждым поколением тасуют вариации между двумя пулами.,Сегреграция и рекомбинация с каждым поколением тасует вариации между двумя пулами.,сегрегация и рекомбинация с каждым поколением тасуют вариации между двумя пулами,сегреграция и рекомбинация с каждым поколением тасует вариации между двумя пулами
1714,"Спутник был доставлен в космос ракетой. Ученые используют телескопы в космосе, потому что атмосфера Земли в некоторой степени искажает наш свет и обзор.","Спутник был доставлен в космосракеты. Учёные используют телескопы в космосе, потому что атмосфера Земли в некоторой степени искажает наш свет и обзор.",спутник был доставлен в космос ракетой ученые используют телескопы в космосе потому что атмосфера земли в некоторой степени искажает наш свет и обзор,спутник был доставлен в космосракеты ученые используют телескопы в космосе потому что атмосфера земли в некоторой степени искажает наш свет и обзор
2003,"Чтобыу видеть самые живописные места Гонконга, следует покинуть остров и направиться на побережье полуострова Цзюлун, что находится напротив.","Чтобы увидеть самый живописный мест Агонконга, следую-пакину тёсров и направиться на побережье полуострово-Юолун, что находится напротив.",чтобыу видеть самые живописные места гонконга следует покинуть остров и направиться на побережье полуострова цзюлун что находится напротив,чтобы увидеть самый живописный мест агонконга следую пакину тесров и направиться на побережье полуострово юолун что находится напротив
1710,"На прошлой недели Министерство экономики, труда и промышленности объявило, что Apple  проинформировала его о 34 дополнительных случаях перегрева, которые компания назвала ""несерьёзными"".","На прошлой неделе Министерство экономики труда и промышленности объявила, что Apple проинформировала его от 34 до полнительных случаев перегрева, которая компания назвала несерьезными.",на прошлой недели министерство экономики труда и промышленности объявило что apple проинформировала его о 34 дополнительных случаях перегрева которые компания назвала несерьезными,на прошлой неделе министерство экономики труда и промышленности объявила что apple проинформировала его от 34 до полнительных случаев перегрева которая компания назвала несерьезными
1800,"Согласно плану мост полностью войдёт в эксплуатацию  в сентябре 2017 года, когда бразильские пункты таможенной проверки, как ожидается, будут завершены.","Согласно плану, мост полностью войдет в эксплуатацию сентября 2017 года, когда бразильцы пункты таможенной проверки, как ожидается, будут завершены.",согласно плану мост полностью войдет в эксплуатацию в сентябре 2017 года когда бразильские пункты таможенной проверки как ожидается будут завершены,согласно плану мост полностью войдет в эксплуатацию сентября 2017 года когда бразильцы пункты таможенной проверки как ожидается будут завершены
1778,"В репортажах по телевидению сообщается  о белом дыме, идущем от завода.",В репортажах по телевизию сообщается о белом дыме и тущем от завода.,в репортажах по телевидению сообщается о белом дыме идущем от завода,в репортажах по телевизию сообщается о белом дыме и тущем от завода
1794,"Цивилизация — это отдельная культура, носителями которой является достаточно большая группа людей, живущих и работающих вместе, общество.","Цивилизация — это отдельная культура, носителями которой является бы достаточно большая группа людей, живущих и работающих вместе общества.",цивилизация это отдельная культура носителями которой является достаточно большая группа людей живущих и работающих вместе общество,цивилизация это отдельная культура носителями которой является бы достаточно большая группа людей живущих и работающих вместе общества
1866,"Во-первых, большинство наездников носят сапоги для верховой езды с каблуком, имеющие гладкую и довольно тонкую подошву.","Во-первых, большинство наестников носят сапаги для верховой езды с каблуком, имеющей гладку и довольно тонкую подушву.",во первых большинство наездников носят сапоги для верховой езды с каблуком имеющие гладкую и довольно тонкую подошву,во первых большинство наестников носят сапаги для верховой езды с каблуком имеющей гладку и довольно тонкую подушву
1721,"После строительства плотины в 1963 году сезонные паводки, распространявшие по реке отложения, прекратились.","После с 3100 платинов в 1963 году сезонные паводки, распространявшие парики отложения, прекратились.",после строительства плотины в 1963 году сезонные паводки распространявшие по реке отложения прекратились,после с 3100 платинов в 1963 году сезонные паводки распространявшие парики отложения прекратились
1687,Сегрегация и рекомбинация с каждым поколением тасуют вариации между двумя пулами.,Сегрегация и рекомпинация с каждым поколением тасует вариации между двумя полами.,сегрегация и рекомбинация с каждым поколением тасуют вариации между двумя пулами,сегрегация и рекомпинация с каждым поколением тасует вариации между двумя полами
1953,В последствие он был перемещён в госпиталь Адденбрук в Кембридже.,В последствии он был перемещен в госпиталь Аденбрук в Кембридже.,в последствие он был перемещен в госпиталь адденбрук в кембридже,в последствии он был перемещен в госпиталь аденбрук в кембридже
1748,В результате бригады пожарных потушили пожар к 23:35.,В результате бригады пожарных потушили пожар к 23-35.,в результате бригады пожарных потушили пожар к 23 35,в результате бригады пожарных потушили пожар к 23 35
1762,"Переносчиками являются свиньи, от которых через комаров болезнь затем передаётся человеку.","Перенущиками являются свини, от которых через комаров болезть затем передается человеку.",переносчиками являются свиньи от которых через комаров болезнь затем передается человеку,перенущиками являются свини от которых через комаров болезть затем передается человеку
1770,"Это кажется разумной идеей, потому что мы не чувствуем, что Земля движется, не так ли?","Это кажется разумной идеей, потому что мы не чувствуем, что земля движется не так ли.",это кажется разумной идеей потому что мы не чувствуем что земля движется не так ли,это кажется разумной идеей потому что мы не чувствуем что земля движется не так ли
1966,"Комиссия стала ответом Мартелли на массовые протесты против государственного режима, начавшиеся в октябре.","Комиссия стала ответом Марта Илинна массовы протесты просьб государственного режима, начавшись в октябре.",комиссия стала ответом мартелли на массовые протесты против государственного режима начавшиеся в октябре,комиссия стала ответом марта илинна массовы протесты просьб государственного режима начавшись в октябре
1677,"Стрекозы и поденки являются единственными насекомыми, которые не могут складывать крылья назад.","Стрикозы и подденки являются единственными насекомыми, которые не могут складывать крылья назад.",стрекозы и поденки являются единственными насекомыми которые не могут складывать крылья назад,стрикозы и подденки являются единственными насекомыми которые не могут складывать крылья назад
1676,"Как и во всех южноафриканских национальных парках, в этом парке существует ежедневная плата за его охрану и посещение.",Как и во всех южно-авриканских национальных парках в этом парке существует ежедневная плата за его охрану и посещение.,как и во всех южноафриканских национальных парках в этом парке существует ежедневная плата за его охрану и посещение,как и во всех южно авриканских национальных парках в этом парке существует ежедневная плата за его охрану и посещение
1736,Роландо Мендоса выстреливал из своей винтовки М16 в туристов.,Роландо Миндоса выстреливал из своей винтовки M16 в туристов.,роландо мендоса выстреливал из своей винтовки м16 в туристов,роландо миндоса выстреливал из своей винтовки m16 в туристов
1933,"И наконец, многие маленькие кошки (включая гуляющих домашних кошек), едят и охотятся на намного более многочисленных мелких животных, наподобие насекомых, грызунов, ящериц и птиц.","И наконец, многие маленькие кошки, включая гуляющих домашний кошек, едят и охотятся на много более многочисленных мелких животных на подобии насекомых грызонов, ящериц и птиц.",и наконец многие маленькие кошки включая гуляющих домашних кошек едят и охотятся на намного более многочисленных мелких животных наподобие насекомых грызунов ящериц и птиц,и наконец многие маленькие кошки включая гуляющих домашний кошек едят и охотятся на много более многочисленных мелких животных на подобии насекомых грызонов ящериц и птиц
1924,"Четыре лыжницы в женской сидячей группе не смогли завершить свои заезды, и 45 из 117 лыжниц в гигантском слаломе не сумели занять места в гонке.","Четыре лыжницы в женской сидячей группе не смогли завершить свои заезды, и 45 из 117 лыжниц в гигантском слалами не сумели занять места в гонке.",четыре лыжницы в женской сидячей группе не смогли завершить свои заезды и 45 из 117 лыжниц в гигантском слаломе не сумели занять места в гонке,четыре лыжницы в женской сидячей группе не смогли завершить свои заезды и 45 из 117 лыжниц в гигантском слалами не сумели занять места в гонке
1684,Апиа – столица Самоа. Город расположен на острове Уполу и имеет население чуть менее 40 000 жителей.,"Апиа, столица самого города, расположен на острове Уполу, и имеет население чуть менее 40 000 жителей.",апиа столица самоа город расположен на острове уполу и имеет население чуть менее 40 000 жителей,апиа столица самого города расположен на острове уполу и имеет население чуть менее 40 000 жителей
2008,"Прочие вопросы в повестке дня на Бали включают в себя сохранение оставшихся в мире лесов и обмен технологиями, чтобы способствовать росту развивающихся стран с меньшими загрязняющими последствиями.","Прочие вопросы в повестке Дняно Бали включают в себя сохранение оставшихся в мире лесов и обмен технологиями, чтобы способствовать рост развивающихся стран с меньшими загрясняющими последствиями.",прочие вопросы в повестке дня на бали включают в себя сохранение оставшихся в мире лесов и обмен технологиями чтобы способствовать росту развивающихся стран с меньшими загрязняющими последствиями,прочие вопросы в повестке дняно бали включают в себя сохранение оставшихся в мире лесов и обмен технологиями чтобы способствовать рост развивающихся стран с меньшими загрясняющими последствиями
1807,"Итальянский язык также является повседневным языком для большинства людей, работающих в государстве, в то время как латынь зачастую используется в религиозных церемониях.","Итальянский язык также является повседневным языком для большинства людей, работающего в государстве, в то время как латынь зачастую используется в религиозных церемониях.",итальянский язык также является повседневным языком для большинства людей работающих в государстве в то время как латынь зачастую используется в религиозных церемониях,итальянский язык также является повседневным языком для большинства людей работающего в государстве в то время как латынь зачастую используется в религиозных церемониях
1844,Поверхность Луны состоит из камней и пыли. Внешний слой Луны называется корой.,Поверхность луны состоит из камней и пыли. Внешний слой луны называется корой.,поверхность луны состоит из камней и пыли внешний слой луны называется корой,поверхность луны состоит из камней и пыли внешний слой луны называется корой
1834,Севернее посетите также великий Храм Фатимской Богоматери (усыпальница) — место всемирно известных явлений Девы Марии.,"Севернии посетите также великий храм Фатинской богоматери — усыпальницы, место всемирно известных явленияде в Эмарии.",севернее посетите также великий храм фатимской богоматери усыпальница место всемирно известных явлений девы марии,севернии посетите также великий храм фатинской богоматери усыпальницы место всемирно известных явленияде в эмарии
1721,"После строительства плотины в 1963 году сезонные паводки, распространявшие по реке отложения, прекратились.","После строительства платины в 1963 году сезонные паводки, распространявшие парики отложения, прекратились.",после строительства плотины в 1963 году сезонные паводки распространявшие по реке отложения прекратились,после строительства платины в 1963 году сезонные паводки распространявшие парики отложения прекратились
1833,"Философ Аристотель считал, что всё состоит из смеси одного или нескольких из четырёх элементов. Это были земля, вода, воздух и огонь.","Философ арестотель считал, что всё состоит из смеси одного или несколько из четырёх элементов. Это были земля, вода, воздух и огонь.",философ аристотель считал что все состоит из смеси одного или нескольких из четырех элементов это были земля вода воздух и огонь,философ арестотель считал что все состоит из смеси одного или несколько из четырех элементов это были земля вода воздух и огонь
1770,"Это кажется разумной идеей, потому что мы не чувствуем, что Земля движется, не так ли?","Это кажется разумной идеей, потому что мы не чувствуем, что Земля движется не так ли?",это кажется разумной идеей потому что мы не чувствуем что земля движется не так ли,это кажется разумной идеей потому что мы не чувствуем что земля движется не так ли
1666,"Возможно, вам также следует проконсультироваться с другими правительствами, помимо своего, но их рекомендации направлены на своих граждан.","Возможно, вам также следуют проконсультироваться с другими правительствами помимо своего, но их рекомендатся направлены на свой граждан.",возможно вам также следует проконсультироваться с другими правительствами помимо своего но их рекомендации направлены на своих граждан,возможно вам также следуют проконсультироваться с другими правительствами помимо своего но их рекомендатся направлены на свой граждан
1875,"Целые 20 процентов воды, поступаемой из рек нашей планеты в океаны, текут из Амазонки.","1,20% воды, поступаемый из реков. Наши планеты в океаны текут из Амазонки.",целые 20 процентов воды поступаемой из рек нашей планеты в океаны текут из амазонки,1 20 воды поступаемый из реков наши планеты в океаны текут из амазонки
1738,"Он также атаковал все, что входило в воду; даже гигантский динозавр, такой как тиранозавр, не сравнился бы с ним.","Он также атаковал всё, что входило в воду. Даже гигантский динозавр, такой как тиранозавр, не сравнился бы с ним.",он также атаковал все что входило в воду даже гигантский динозавр такой как тиранозавр не сравнился бы с ним,он также атаковал все что входило в воду даже гигантский динозавр такой как тиранозавр не сравнился бы с ним
1797,Каждый является членом общества и использует транспортные системы. Практически каждый жалуется на эти систем.,"Каждый является членом общества, используя транспортные системы. Практически каждый жалуется на эти системы.",каждый является членом общества и использует транспортные системы практически каждый жалуется на эти систем,каждый является членом общества используя транспортные системы практически каждый жалуется на эти системы
1782,"Кроме того между правлениями каждой династии царила раздробленность и нестабильность. Самой известной была эпоха Троецарствия, которая длилась 60 лет во время династий Хань и Цзинь.","Кроме того, между правлениями каждый династия царила раздробленность и нестабильность. Самая известная была эпоха троицарствия, которая длил из 60 лет во время династии Хань и Дзынь.",кроме того между правлениями каждой династии царила раздробленность и нестабильность самой известной была эпоха троецарствия которая длилась 60 лет во время династий хань и цзинь,кроме того между правлениями каждый династия царила раздробленность и нестабильность самая известная была эпоха троицарствия которая длил из 60 лет во время династии хань и дзынь
1902,Первоначально он был госпитализирован в госпитале Джеймса Педжета в Грейт-Ярмуте.,Первоначально он был госпитализирован в госпитале Джеймса Педжита в Грэд-Ярмуте.,первоначально он был госпитализирован в госпитале джеймса педжета в грейт ярмуте,первоначально он был госпитализирован в госпитале джеймса педжита в грэд ярмуте
1771,"Помните, что даже если музыка на главных сценах, может уже закончится, на фестивале могут быть участки, на которых будут продолжать играть музыку до поздней ночи.","Помните, что даже если музыка на главных сценах может уже закончиться, на фестивале могут быть участки, на которых будут продолжать играть музыку до поздней ночи.",помните что даже если музыка на главных сценах может уже закончится на фестивале могут быть участки на которых будут продолжать играть музыку до поздней ночи,помните что даже если музыка на главных сценах может уже закончиться на фестивале могут быть участки на которых будут продолжать играть музыку до поздней ночи
1709,В докладе содержится резкая критика почти каждого аспекта нынешней политики исполнительной власти в отношении Ирака и настоятельный призыв к незамедлительной смене курса.,"В докладе содержится резкая критика почти к каждого аспекта нынешней политики и исполнительной власти в отношении рака, и настоятельный призыв к незамедлительной смене курса.",в докладе содержится резкая критика почти каждого аспекта нынешней политики исполнительной власти в отношении ирака и настоятельный призыв к незамедлительной смене курса,в докладе содержится резкая критика почти к каждого аспекта нынешней политики и исполнительной власти в отношении рака и настоятельный призыв к незамедлительной смене курса
1777,"Оттава — это прелестная двуязычная столица Канады с огромным количеством художественных галерей и музеев, открывающих прошлое и настоящее Канады.","Аттава — это прилесная двуязычная столица Канады, с огромным количеством художественных галерей и музеев, открывающих прошлое и настоящие Канады.",оттава это прелестная двуязычная столица канады с огромным количеством художественных галерей и музеев открывающих прошлое и настоящее канады,аттава это прилесная двуязычная столица канады с огромным количеством художественных галерей и музеев открывающих прошлое и настоящие канады
1950,"Сравнительно не далеко, к северу, расположен романтический и очаровательный городок Синтра, воспетый лордом Байроном и получивший после этого известность во всём мире.","Соравнительно недалеко к северу расположен романтический и очаровательный городок Синтро, воспитый Лордом Байроном, и получивший после этого известность во всем мире.",сравнительно не далеко к северу расположен романтический и очаровательный городок синтра воспетый лордом байроном и получивший после этого известность во всем мире,соравнительно недалеко к северу расположен романтический и очаровательный городок синтро воспитый лордом байроном и получивший после этого известность во всем мире
1834,Севернее посетите также великий Храм Фатимской Богоматери (усыпальница) — место всемирно известных явлений Девы Марии.,"Севренная посетить и также Великий храм Фатимской богоматери, Усупальница, место всемирно известных их явлений Девомари.",севернее посетите также великий храм фатимской богоматери усыпальница место всемирно известных явлений девы марии,севренная посетить и также великий храм фатимской богоматери усупальница место всемирно известных их явлений девомари
1697,"Он не смог принять препараты, необходимые для облегчения боли, так как они запрещены в Играх.","Он не смог принять препарат и необходимый для облегчения боли, так как они запрещены в играх.",он не смог принять препараты необходимые для облегчения боли так как они запрещены в играх,он не смог принять препарат и необходимый для облегчения боли так как они запрещены в играх
1737,"Львы — самые социальные кошки, живущие в больших группах, которые называются прайдами.","Львы — самые социальные кошки, живущие в большие группах, которые называются прайдами.",львы самые социальные кошки живущие в больших группах которые называются прайдами,львы самые социальные кошки живущие в большие группах которые называются прайдами
1798,"В начальный период своего существования это шоу транслировалось только на сайте давно существующего онлайн-радио TogiNet Radio, посвященного радиобеседам.","В начальной период своего существования эта шоу транслировалась только на сайте давно существующего онлайн радиотоги-нет-радио, посвященного радиобеседом.",в начальный период своего существования это шоу транслировалось только на сайте давно существующего онлайн радио toginet radio посвященного радиобеседам,в начальной период своего существования эта шоу транслировалась только на сайте давно существующего онлайн радиотоги нет радио посвященного радиобеседом
1948,"Эпоха Троецарствия была одним из самых кровавых периодов в истории древнего Китая. Тысячи людей погибли, сражаясь за место на троне в большом дворце в Сиане.",Эпоха Тройцарстви была одним из самых кровавых переходов в истории древнего Китая. Тысячи людей погибли сражая за место на троне в большом дворце в Сиане.,эпоха троецарствия была одним из самых кровавых периодов в истории древнего китая тысячи людей погибли сражаясь за место на троне в большом дворце в сиане,эпоха тройцарстви была одним из самых кровавых переходов в истории древнего китая тысячи людей погибли сражая за место на троне в большом дворце в сиане
1743,"Большинство воззрений на технологический детерминизм разделяют две общие идеи: что направление развития технологий практически неподвластно культурному или политическому влиянию и что, в свою очередь, ""воздействие"" технологий на общество обусловлено их собственными свойствами, а не обществом.","Большинство возрений на технологический детерминизм разделяют две общие идеи — что направление развития технологии практически не подвластно культурному или политическому влиянию и что в свою очередь воздействует технологии на общество, обусловлено их собственными свойствами, а не обществом.",большинство воззрений на технологический детерминизм разделяют две общие идеи что направление развития технологий практически неподвластно культурному или политическому влиянию и что в свою очередь воздействие технологий на общество обусловлено их собственными свойствами а не обществом,большинство возрений на технологический детерминизм разделяют две общие идеи что направление развития технологии практически не подвластно культурному или политическому влиянию и что в свою очередь воздействует технологии на общество обусловлено их собственными свойствами а не обществом
1973,"Но, оказавшись в ""глубоких тропиках"" лишь в нескольких градусах к северу от экватора, вам придется справляться как с жарой (постоянно), так и с сильным солнцем (при безоблачном небе, реже).","Но, оказавшись в глубоких тропиках, лишь несколько градусов к северу от экватора, вам придётся справляться, как с жарой, постоянно, так и с сильным солнцем, при безоблачном небе реже.",но оказавшись в глубоких тропиках лишь в нескольких градусах к северу от экватора вам придется справляться как с жарой постоянно так и с сильным солнцем при безоблачном небе реже,но оказавшись в глубоких тропиках лишь несколько градусов к северу от экватора вам придется справляться как с жарой постоянно так и с сильным солнцем при безоблачном небе реже
1672,Не подвергайте ткань воздействию слишком высокой температуры (что может привести к усадке или в очень редких случаях к ожогу).,"Не подвергайте ткань воздействию слишком высокой температуры, что может привести кусатки или в очень редкий случай к ожогу.",не подвергайте ткань воздействию слишком высокой температуры что может привести к усадке или в очень редких случаях к ожогу,не подвергайте ткань воздействию слишком высокой температуры что может привести кусатки или в очень редкий случай к ожогу
1856,"Финляндия — отличное место для лодочного туризма. В ""стране тысячи озёр"" также есть тысячи островов на озёрах и в прибрежных архипелагах.",Финляндия — отличное место для лодочного туризма. Страния 1000 озер также есть 1000 островов на озерах и в прибрежных архипелагах.,финляндия отличное место для лодочного туризма в стране тысячи озер также есть тысячи островов на озерах и в прибрежных архипелагах,финляндия отличное место для лодочного туризма страния 1000 озер также есть 1000 островов на озерах и в прибрежных архипелагах
1705,"15 августа 1940 года союзники вторглись в южную часть Франции. Вторжение получило название ""Операция ""Драгун"""".",15 августа 1940 года союзники вторглись в южную часть Франции. Вторжение получило название операция Драгун.,15 августа 1940 года союзники вторглись в южную часть франции вторжение получило название операция драгун,15 августа 1940 года союзники вторглись в южную часть франции вторжение получило название операция драгун
1772,"Таким образом, вполне вероятно, что запись была добавлена просто как пометка.","Таким образом, вполне вероятно, что запись была добавлена просто как пометка.",таким образом вполне вероятно что запись была добавлена просто как пометка,таким образом вполне вероятно что запись была добавлена просто как пометка
1841,Не видно ничего кроме чистого прекрасного неба над головой и множества окружающих гор. Из глубины пещеры можно видеть и слышать лишь очень малую часть этого мира.,"Ни вида ничего, кроме чистого прекрасного неба над головой и множество окружающих гор, из глубины пещера можно видеть и слышать лишь очень малую часть этого мира.",не видно ничего кроме чистого прекрасного неба над головой и множества окружающих гор из глубины пещеры можно видеть и слышать лишь очень малую часть этого мира,ни вида ничего кроме чистого прекрасного неба над головой и множество окружающих гор из глубины пещера можно видеть и слышать лишь очень малую часть этого мира
1781,"Мадагаскар намного больше других и  является самобытным континентом в том, что касается дикой природы.","Матгаскара намного больше других и является самобытным континентом в том, что касается дикой природы.",мадагаскар намного больше других и является самобытным континентом в том что касается дикой природы,матгаскара намного больше других и является самобытным континентом в том что касается дикой природы
1895,"По мере того как знание греческого языка ухудшалось, Запад оказался отрезанным от своих философских и научных греческих корней.","Помере того, как знание греческого языка ухудшалось, запад оказался отрезанным от своих философских и научных греческих корней.",по мере того как знание греческого языка ухудшалось запад оказался отрезанным от своих философских и научных греческих корней,помере того как знание греческого языка ухудшалось запад оказался отрезанным от своих философских и научных греческих корней
1906,"""Это не станет прощанием. Это закрытие одной главы и открытие новой.""",Это не станет прощанием. Это закрытие одной главы и открытие новой.,это не станет прощанием это закрытие одной главы и открытие новой,это не станет прощанием это закрытие одной главы и открытие новой
1854,Сам автомобиль убрали с места происшествия в тот же день примерно в 12:00 по Гринвичу.,"Сам автомобиль убрались место происшествия в тот же день, примерно в 12 часов по гринвичу.",сам автомобиль убрали с места происшествия в тот же день примерно в 12 00 по гринвичу,сам автомобиль убрались место происшествия в тот же день примерно в 12 часов по гринвичу
1782,"Кроме того между правлениями каждой династии царила раздробленность и нестабильность. Самой известной была эпоха Троецарствия, которая длилась 60 лет во время династий Хань и Цзинь.","Кроме того, между правлениями каждой династии царила раздробленность и нестабильность, самоизвестный была эпоха Траецарствия, которая длилась 60 лет вовремя династии Хань и Дзынь.",кроме того между правлениями каждой династии царила раздробленность и нестабильность самой известной была эпоха троецарствия которая длилась 60 лет во время династий хань и цзинь,кроме того между правлениями каждой династии царила раздробленность и нестабильность самоизвестный была эпоха траецарствия которая длилась 60 лет вовремя династии хань и дзынь
1677,"Стрекозы и поденки являются единственными насекомыми, которые не могут складывать крылья назад.","Стрикозы и подёнки являются единственными насекомен, которые не могут складывать крылья назад.",стрекозы и поденки являются единственными насекомыми которые не могут складывать крылья назад,стрикозы и поденки являются единственными насекомен которые не могут складывать крылья назад
1777,"Оттава — это прелестная двуязычная столица Канады с огромным количеством художественных галерей и музеев, открывающих прошлое и настоящее Канады.","Атава — это прилесное двоязычное столице Канада с огромным количеством художественных галерей и музеев, открывающих прошлое и настоящие Канады.",оттава это прелестная двуязычная столица канады с огромным количеством художественных галерей и музеев открывающих прошлое и настоящее канады,атава это прилесное двоязычное столице канада с огромным количеством художественных галерей и музеев открывающих прошлое и настоящие канады
1742,"Территория Гонконга была названа в честь острова Гонконг, места, которое многие туристы считают главным объектом  своего внимания.","Територия Гонконга была названа в честь острова Гонконг, место, которое многие туристы считают главным объектом своего внимания.",территория гонконга была названа в честь острова гонконг места которое многие туристы считают главным объектом своего внимания,територия гонконга была названа в честь острова гонконг место которое многие туристы считают главным объектом своего внимания
1788,Федерация гимнастики США поддерживает письмо Олимпийского комитета США и соглашается с абсолютной необходимостью создания безопасной среды для всех наших спортсменов.,Федерация гимнастики США поддерживает письмо Олимпийского комитета США и соглашается с абсолютной необходимостью создания безопасной среды для всех наших спортсменов.,федерация гимнастики сша поддерживает письмо олимпийского комитета сша и соглашается с абсолютной необходимостью создания безопасной среды для всех наших спортсменов,федерация гимнастики сша поддерживает письмо олимпийского комитета сша и соглашается с абсолютной необходимостью создания безопасной среды для всех наших спортсменов
1941,Эти пары могут выбрать  создание плана усыновления для своего ребёнка.,Эти пары могут выбрать создание плана усуновления для своего ребенка.,эти пары могут выбрать создание плана усыновления для своего ребенка,эти пары могут выбрать создание плана усуновления для своего ребенка
1666,"Возможно, вам также следует проконсультироваться с другими правительствами, помимо своего, но их рекомендации направлены на своих граждан.","Возможно, вам также следует проконсультироваться с другими правительствами помимо своего, но их рекомендации, направленные на свои граждан.",возможно вам также следует проконсультироваться с другими правительствами помимо своего но их рекомендации направлены на своих граждан,возможно вам также следует проконсультироваться с другими правительствами помимо своего но их рекомендации направленные на свои граждан
1688,"Работа моряков традиционно заключается в том, чтобы обеспечивать способность страны перемещать свои народ и товары, а также одновременно препятствовать возможности врага перемещать свои народ и товары.","Работа моряков стредисооно заключается в том, чтобы обеспечивать способность стороны, перемещать свой народ и товары, а также на времене препятствовать возможности врага перемещать свой народ и товары.",работа моряков традиционно заключается в том чтобы обеспечивать способность страны перемещать свои народ и товары а также одновременно препятствовать возможности врага перемещать свои народ и товары,работа моряков стредисооно заключается в том чтобы обеспечивать способность стороны перемещать свой народ и товары а также на времене препятствовать возможности врага перемещать свой народ и товары
1944,"Это иногда переполненные народом семейные пляжи с хорошим выбором магазинов, расположенных вдоль берега. Плавать безопасно.","Это иногда переполнён народом семейные пляжи с хорошим выбором магазинов, расположенных в дольбере. Плавать безопасно.",это иногда переполненные народом семейные пляжи с хорошим выбором магазинов расположенных вдоль берега плавать безопасно,это иногда переполнен народом семейные пляжи с хорошим выбором магазинов расположенных в дольбере плавать безопасно
1814,"Ионы водорода — это протоны, от которых отделены электроны (атомы водорода состоят из одного протона и одного электрона).","И он и водорода — это протоны, от которых отделены электроны. Атомы водорода состоят из одного протона и одного электрона.",ионы водорода это протоны от которых отделены электроны атомы водорода состоят из одного протона и одного электрона,и он и водорода это протоны от которых отделены электроны атомы водорода состоят из одного протона и одного электрона
1685,"Например, самый распространённый в мире формат для статических фотографий — 35 мм, и именно этот размер был доминирующим размером плёнки на закате аналоговой эры.","Например, самый распространенный в мире формат для статических фотографий 35 мм, и именно этот размер был доминирующим размером плёнки на закате аналоговой эры.",например самый распространенный в мире формат для статических фотографий 35 мм и именно этот размер был доминирующим размером пленки на закате аналоговой эры,например самый распространенный в мире формат для статических фотографий 35 мм и именно этот размер был доминирующим размером пленки на закате аналоговой эры
1813,"Официальными языками Барселоны являются каталанский и испанский. Примерно половина населения предпочитает разговаривать на каталанском, большинство понимают его, и практически все знают испанский.",Официальные языками Барселон являются каталански и испански. Проверно половины населения предпочитают разговаривать на каталанском большинство понимает его и практически все знают испанский.,официальными языками барселоны являются каталанский и испанский примерно половина населения предпочитает разговаривать на каталанском большинство понимают его и практически все знают испанский,официальные языками барселон являются каталански и испански проверно половины населения предпочитают разговаривать на каталанском большинство понимает его и практически все знают испанский
1978,"Для ""Спрингбокс"" это прервало пятиматчевую серию поражений.",Для Spring Box это прервало пятиматчевую серию поражений.,для спрингбокс это прервало пятиматчевую серию поражений,для spring box это прервало пятиматчевую серию поражений
1824,"Плато Гиза, или же Некрополь Гизы, в египетской Долине Мёртвых, включает несколько пирамид (из которых Великая пирамида Гизы — самая большая), несколько небольших гробниц, несколько храмов и Большой сфинкс.","Плото Гиза или же Некрополь Гизи, в Египетской долине мёртых, включает несколько пирамид, из которых Великая пирамида Гиза – самое большая, несколько небольших гробниц, несколько храмов и большой сфингс.",плато гиза или же некрополь гизы в египетской долине мертвых включает несколько пирамид из которых великая пирамида гизы самая большая несколько небольших гробниц несколько храмов и большой сфинкс,плото гиза или же некрополь гизи в египетской долине мертых включает несколько пирамид из которых великая пирамида гиза самое большая несколько небольших гробниц несколько храмов и большой сфингс
1662,"Сплавы по существу представляют собой смесь двух или более металлов. Не забывайте, что в периодической таблице много элементов.","С плавы по существу представляют собой смесь двух или более металлов. Не забывайте, что в периодический таблицах много элементов.",сплавы по существу представляют собой смесь двух или более металлов не забывайте что в периодической таблице много элементов,с плавы по существу представляют собой смесь двух или более металлов не забывайте что в периодический таблицах много элементов
1879,"Можно только гадать, что станет с клавиатурой, с появлением более новых технологий.","Можно только гадать, что станет с клавиатурой с появлением более новых технологий.",можно только гадать что станет с клавиатурой с появлением более новых технологий,можно только гадать что станет с клавиатурой с появлением более новых технологий
1885,Между 10:00 и 11:00 вечера по горному времени заключенные устроили пожар во дворе.,Между 10 и 11 вечера по горному времени заключённые устроили пожар во дворе.,между 10 00 и 11 00 вечера по горному времени заключенные устроили пожар во дворе,между 10 и 11 вечера по горному времени заключенные устроили пожар во дворе
1829,"Путешественники, направляющиеся в страны с высоким налогообложением, могут иногда сэкономить значительную сумму, особенно на таких товарах, как спиртные напитки и табак.","Путешественники, направляющиеся в страны с высоким налогообложением, могут иногда с экономином значительную сумму особенно на таких товарах, как спиртные напитки и табак.",путешественники направляющиеся в страны с высоким налогообложением могут иногда сэкономить значительную сумму особенно на таких товарах как спиртные напитки и табак,путешественники направляющиеся в страны с высоким налогообложением могут иногда с экономином значительную сумму особенно на таких товарах как спиртные напитки и табак
1905,"Столицей Молдовы является Кишинёв. Местный язык — румынский, но русский также широко распространён.","Столицы Молдовы являются Кишинев. Песный язык румынский, но русский также широко распространён.",столицей молдовы является кишинев местный язык румынский но русский также широко распространен,столицы молдовы являются кишинев песный язык румынский но русский также широко распространен
1855,"Львиные прайды ведут себя очень похоже со стаями волков или собак — животных, которые по повадкам удивительно похожи на львов (но не других крупных кошек) и тоже очень опасны для своих жертв.","Львины и прайды ведут себя очень похожи со стайами волков или собак, животных, которые по павадкам удивительно похоже на львов, но не других крупных кошек и тоже очень опасны для своих жертв.",львиные прайды ведут себя очень похоже со стаями волков или собак животных которые по повадкам удивительно похожи на львов но не других крупных кошек и тоже очень опасны для своих жертв,львины и прайды ведут себя очень похожи со стайами волков или собак животных которые по павадкам удивительно похоже на львов но не других крупных кошек и тоже очень опасны для своих жертв
1708,"Хьюн ушел в отставку, и в Кабинете министров его заменит член парламента Эд Дейви. Ожидается, что член парламента Норман Ламб займет принадлежащий Дейви пост Министра по делам бизнеса.","Хьюн ушел во ставку и в кабинете министров его замене член парламента Эд-Дэви, ожидается, что член парламента Норман Ламбы замет принадлежащий Дэви пост министр по делам бизнеса.",хьюн ушел в отставку и в кабинете министров его заменит член парламента эд дейви ожидается что член парламента норман ламб займет принадлежащий дейви пост министра по делам бизнеса,хьюн ушел во ставку и в кабинете министров его замене член парламента эд дэви ожидается что член парламента норман ламбы замет принадлежащий дэви пост министр по делам бизнеса
1899,"Мухаммед очень интересовался темами, не связанными с мирской жизнью. Он часто посещал пещеру, которая стала известна как ""Хира"" на горе ""Нур"" (свет) для размышлений.","Мухаммед очень интересовался темами, несвязанными с мирской жизнью. Он часто посещал пещеру, которая стала известна как хира, на горе Нур свет, для размышлений.",мухаммед очень интересовался темами не связанными с мирской жизнью он часто посещал пещеру которая стала известна как хира на горе нур свет для размышлений,мухаммед очень интересовался темами несвязанными с мирской жизнью он часто посещал пещеру которая стала известна как хира на горе нур свет для размышлений
1863,"Сердцем тибетской медитации считается Йога Божеств. Посредством визуализации разнообразных божеств чистятся энергетические каналы, запускаются чакры и достигается просветлённость сознания.","Серзом тибетской медитации считается Йога-божеств. По средственной визуализации разнообразных божеств чистятся энергетические каналы, запускаются чакр и достигаются просветленность сознания.",сердцем тибетской медитации считается йога божеств посредством визуализации разнообразных божеств чистятся энергетические каналы запускаются чакры и достигается просветленность сознания,серзом тибетской медитации считается йога божеств по средственной визуализации разнообразных божеств чистятся энергетические каналы запускаются чакр и достигаются просветленность сознания
1876,"Управление по чрезвычайным ситуациям Северных Марианских островов заявило, что в стране не было сообщений о причинённом ущербе.","Управление по чрезвычайным ситуациям северных марианских остров заявило, что в стране не было сообщения о причинённом ущербе.",управление по чрезвычайным ситуациям северных марианских островов заявило что в стране не было сообщений о причиненном ущербе,управление по чрезвычайным ситуациям северных марианских остров заявило что в стране не было сообщения о причиненном ущербе
1959,"Всё же следуйте рекомендациям органов власти, подчиняйтесь всем знакам и обратите пристальное внимание на предупреждения о безопасности.","Всё же следуйте рекомендации органов власти, починяйте с тем знаком и обратите пристальное внимание на предупреждение обезопасности.",все же следуйте рекомендациям органов власти подчиняйтесь всем знакам и обратите пристальное внимание на предупреждения о безопасности,все же следуйте рекомендации органов власти починяйте с тем знаком и обратите пристальное внимание на предупреждение обезопасности
1848,"Вчера утром возле главного полицейского управления Газиантепа (Турция) был подорван автомобиль, в результате чего погибли 2 полицейских и еще более 20 человек получили ранения.","Вчера утром возле главного полицейского управления Гадиантепа Турция был подорван автомобиль, в результате чего погибли два полицейских и ещё более двадцати человек получили ранение.",вчера утром возле главного полицейского управления газиантепа турция был подорван автомобиль в результате чего погибли 2 полицейских и еще более 20 человек получили ранения,вчера утром возле главного полицейского управления гадиантепа турция был подорван автомобиль в результате чего погибли два полицейских и еще более двадцати человек получили ранение
1949,"Термин ""жук"" используется энтомологами формально для обозначения группы насекомых.",Термин Жук используется и энтомологами формально для обозначения группы насекомых.,термин жук используется энтомологами формально для обозначения группы насекомых,термин жук используется и энтомологами формально для обозначения группы насекомых
1677,"Стрекозы и поденки являются единственными насекомыми, которые не могут складывать крылья назад.","Стрикоза и поденки являются единственными насекомыми, которые не могут складывать крылья назад.",стрекозы и поденки являются единственными насекомыми которые не могут складывать крылья назад,стрикоза и поденки являются единственными насекомыми которые не могут складывать крылья назад
1872,"Во время борьбы за независимость, организованной движением Мау, мирное собрание в городе привело к убийству верховного вождя Тупуа Тамсесе Леалофи III.","Во время борьбы за независимость, организованные движением Мау, мирное собрание в городе привело к убийству Верховного вождения Тупуа тамси Селеалофе III.",во время борьбы за независимость организованной движением мау мирное собрание в городе привело к убийству верховного вождя тупуа тамсесе леалофи iii,во время борьбы за независимость организованные движением мау мирное собрание в городе привело к убийству верховного вождения тупуа тамси селеалофе iii
1842,"Так как у перьев динозавров отсутствует хорошо развитый стержень, называемый рахисом, но все же имеются другие отличительные черты — бородки и бородочки — исследователи пришли к выводу, что рахис, скорее всего, появился позднее путем эволюционного развития других отличительных черт.","Так как у переберназаров отсутствует хорошо развитый стержень, называемый рахисом, но все же имеются другие отличительные черты, бородки и бородочки. Исследователи пришли к выводу, что рахис скорее всего появился позднее путем эволюционного развития других отличительных черт.",так как у перьев динозавров отсутствует хорошо развитый стержень называемый рахисом но все же имеются другие отличительные черты бородки и бородочки исследователи пришли к выводу что рахис скорее всего появился позднее путем эволюционного развития других отличительных черт,так как у переберназаров отсутствует хорошо развитый стержень называемый рахисом но все же имеются другие отличительные черты бородки и бородочки исследователи пришли к выводу что рахис скорее всего появился позднее путем эволюционного развития других отличительных черт
1998,"У них лапы с чешуёй и когтями, они откладывают яйца и ходят на двух задних лапах как Ти-Рекс.","У них лапы с чешуёй и кактями. Они откладывают яйца и ходят на двух задних лапах, как тирекс.",у них лапы с чешуей и когтями они откладывают яйца и ходят на двух задних лапах как ти рекс,у них лапы с чешуей и кактями они откладывают яйца и ходят на двух задних лапах как тирекс
1688,"Работа моряков традиционно заключается в том, чтобы обеспечивать способность страны перемещать свои народ и товары, а также одновременно препятствовать возможности врага перемещать свои народ и товары.","Работам и реков традиционно заключается в том, чтобы обеспечивать способные страны, перемещать свои народ и товары, а также одновременно препятствовать в возможности врага перемещать свои народ и товары.",работа моряков традиционно заключается в том чтобы обеспечивать способность страны перемещать свои народ и товары а также одновременно препятствовать возможности врага перемещать свои народ и товары,работам и реков традиционно заключается в том чтобы обеспечивать способные страны перемещать свои народ и товары а также одновременно препятствовать в возможности врага перемещать свои народ и товары
1874,"Многие считали, что он прав, но многие верили в противоположное: что Солнечная система вращается вокруг Земли, включая Солнце (и даже другие звезды).","Многие считали, что он прав, но многие верили в противоположное, что солнечная система вращается вокруг Земли, включая солнце и даже другие звёзды.",многие считали что он прав но многие верили в противоположное что солнечная система вращается вокруг земли включая солнце и даже другие звезды,многие считали что он прав но многие верили в противоположное что солнечная система вращается вокруг земли включая солнце и даже другие звезды
1869,"Его длинные челюсти были усеяны более чем 70 острейшими зубами, вдобавок имелся дополнительный ряд на нёбе, так что тем, кто встречался на его пути, не было спасения.","Его длинные челюсти были усеяны более чем семьи с эти острейшими зубами, добавок имелся дополнительный ряд на нёбе, так что тем, кто встречался на его пути, не было спасения.",его длинные челюсти были усеяны более чем 70 острейшими зубами вдобавок имелся дополнительный ряд на небе так что тем кто встречался на его пути не было спасения,его длинные челюсти были усеяны более чем семьи с эти острейшими зубами добавок имелся дополнительный ряд на небе так что тем кто встречался на его пути не было спасения
1739,Пещера располагается на вершине горы к северу от Мекки и полностью изолирована от остального мира.,Пещера располагается на вершине Гаррик северу отметки и полностью изолирована от остального мира.,пещера располагается на вершине горы к северу от мекки и полностью изолирована от остального мира,пещера располагается на вершине гаррик северу отметки и полностью изолирована от остального мира
1984,"Массовое владение автомобилями также приводит к увеличению числа ДТП на дорогах, что приводит к изобретению в здравоохранении новых методов лечения полученных травм.","Массое владение автомобилемы также приводит к увеличению числа ДТП на дорогах, что приводит к изобретению взрыва хранения новых методов лечения, полученных травм.",массовое владение автомобилями также приводит к увеличению числа дтп на дорогах что приводит к изобретению в здравоохранении новых методов лечения полученных травм,массое владение автомобилемы также приводит к увеличению числа дтп на дорогах что приводит к изобретению взрыва хранения новых методов лечения полученных травм
1704,"В 1990 году он был добавлен в список всемирного наследия, находящегося под угрозой из-за опасности со стороны песков пустыни.","В 1990 году он был добавлен список Семирного наследия, находящегося под угрозой и за опасности со стороны песков в Пустыне.",в 1990 году он был добавлен в список всемирного наследия находящегося под угрозой из за опасности со стороны песков пустыни,в 1990 году он был добавлен список семирного наследия находящегося под угрозой и за опасности со стороны песков в пустыне
1691,"На некоторых маршрутах  у более крупных компаний есть свои собственные самолёты, но для других маршрутов и более мелких компаний с этим была проблема.","На некоторых маршрутах более крупных компаний есть свои собственные самолёты, но для других маршрутов и более мелких компаний с этим была проблема.",на некоторых маршрутах у более крупных компаний есть свои собственные самолеты но для других маршрутов и более мелких компаний с этим была проблема,на некоторых маршрутах более крупных компаний есть свои собственные самолеты но для других маршрутов и более мелких компаний с этим была проблема
1685,"Например, самый распространённый в мире формат для статических фотографий — 35 мм, и именно этот размер был доминирующим размером плёнки на закате аналоговой эры.","Например, самый распространенный в мире формат для статических фотографий, 35 мм, и именно этот размер был доминирующим размером плёнки на закате аналоговой эры.",например самый распространенный в мире формат для статических фотографий 35 мм и именно этот размер был доминирующим размером пленки на закате аналоговой эры,например самый распространенный в мире формат для статических фотографий 35 мм и именно этот размер был доминирующим размером пленки на закате аналоговой эры
1850,"Это обеспечит его обратную совместимость с 802.11a, 802.11b и 802.11g при условии, что у базовой станции есть двойной приемник.","Это обеспечит его обратную совместимость с 82-11a, 82-11b и 82-11g, при условии, что у базовой станции есть двойной приёмник.",это обеспечит его обратную совместимость с 802 11a 802 11b и 802 11g при условии что у базовой станции есть двойной приемник,это обеспечит его обратную совместимость с 82 11a 82 11b и 82 11g при условии что у базовой станции есть двойной приемник
1851,"Отбойное течение — течение, создаваемое волнами, которые разбиваются о берег, или иногда об риф или что-то подобное.","Одбойное течение течение, создаваемое волными, которые разбиваются оберек, или иногда обрив или что-то подобное.",отбойное течение течение создаваемое волнами которые разбиваются о берег или иногда об риф или что то подобное,одбойное течение течение создаваемое волными которые разбиваются оберек или иногда обрив или что то подобное
1825,"Если вы хотите находиться рядом со сценой, вам нужно приехать заранее, чтобы найти место для кемпинга вблизи от музыки.","Если вы хотите находиться рядом со сциной, вам нужно приехать заранее, чтобы найти место для кемпинга вблизи от музыки.",если вы хотите находиться рядом со сценой вам нужно приехать заранее чтобы найти место для кемпинга вблизи от музыки,если вы хотите находиться рядом со сциной вам нужно приехать заранее чтобы найти место для кемпинга вблизи от музыки
1724,Слава о нем как о центре роскоши пошла около 400 г. н. э. и продолжалась примерно до 1100 г. н. э.,Слава о нем как о центре роскоши пошла около 400 года нашей эры и продолжалась примерно до 1000 года года нашей эры.,слава о нем как о центре роскоши пошла около 400 г н э и продолжалась примерно до 1100 г н э,слава о нем как о центре роскоши пошла около 400 года нашей эры и продолжалась примерно до 1000 года года нашей эры
1871,В тёплом климате Ближнего Востока дом не имел особого значения.,В тёплом климате ближнего востока дом не имел особого значения.,в теплом климате ближнего востока дом не имел особого значения,в теплом климате ближнего востока дом не имел особого значения
1665,"Документ, согласно утечке информации, будет касаться спора насчёт границ, которые Палестина хочет установить на основе тех, что существовали до начала Шестидневной войны 1967 года.","Документ со главной течкой информации будет касаться споры насчёт границ, который полистину хочет установить на основе тех, что существовало варил до начала 6-дневной войны 1967 года.",документ согласно утечке информации будет касаться спора насчет границ которые палестина хочет установить на основе тех что существовали до начала шестидневной войны 1967 года,документ со главной течкой информации будет касаться споры насчет границ который полистину хочет установить на основе тех что существовало варил до начала 6 дневной войны 1967 года
1904,Однако из-за медленных каналов связи стили на западе могут отставать на 25-30 лет.,Однако из-за медленных канала связи стилен на западе могут отставать на 25-30 лет.,однако из за медленных каналов связи стили на западе могут отставать на 25 30 лет,однако из за медленных канала связи стилен на западе могут отставать на 25 30 лет
1808,"Через два года после окончания войны бывшие союзники стали врагами, и началась Холодная война.",Через два года после окончания войны бывшие союзники стали врагами и началась холодная война.,через два года после окончания войны бывшие союзники стали врагами и началась холодная война,через два года после окончания войны бывшие союзники стали врагами и началась холодная война
1672,Не подвергайте ткань воздействию слишком высокой температуры (что может привести к усадке или в очень редких случаях к ожогу).,"Не подвергайте ткань в воздействуе слишком высокой температуры, что может привести кусатки или в очень редкие случаях к ажогу.",не подвергайте ткань воздействию слишком высокой температуры что может привести к усадке или в очень редких случаях к ожогу,не подвергайте ткань в воздействуе слишком высокой температуры что может привести кусатки или в очень редкие случаях к ажогу
1804,"Гаитянский Институт Справедливости и Демократии сослался на независимое исследование, которое предполагает, что непальский миротворческий батальон ООН непреднамеренно завёз заболевание в Гаити.","Гоитянский институт справедливости и демократии сослался на независимые исследования, которое предполагает, что непальский мертворский от батальон ООН непреднамеренно завоззаболевания в Гаити.",гаитянский институт справедливости и демократии сослался на независимое исследование которое предполагает что непальский миротворческий батальон оон непреднамеренно завез заболевание в гаити,гоитянский институт справедливости и демократии сослался на независимые исследования которое предполагает что непальский мертворский от батальон оон непреднамеренно завоззаболевания в гаити
1728,"Капустный сок меняет цвет в зависимости от того, насколько кислотным или щелочным является химическое вещество.","Капусный сок меняет свет в зависимости от того, насколько кислотным или щелочным является химическое вещество.",капустный сок меняет цвет в зависимости от того насколько кислотным или щелочным является химическое вещество,капусный сок меняет свет в зависимости от того насколько кислотным или щелочным является химическое вещество
1723,"Бухта была местом печально известного военно-морского противостояния в 1889 году, когда семь кораблей из Германии, США и Британии отказались покидать бухту.","Бухта была местом печально известного военно-морского противостояния в 1889 году, когда семь кораблей из Германии, США и Британии отказались покидать бухту.",бухта была местом печально известного военно морского противостояния в 1889 году когда семь кораблей из германии сша и британии отказались покидать бухту,бухта была местом печально известного военно морского противостояния в 1889 году когда семь кораблей из германии сша и британии отказались покидать бухту
1882,"Учёные надеются понять, как образуются планеты, особенно то, как образовалась Земля, поскольку кометы сталкивались  с Землёй очень давно.","Учёные надеются понять, как образуются планеты, особенно то, как образовалось земля, поскольку кометы сталкивали землёй очень давно.",ученые надеются понять как образуются планеты особенно то как образовалась земля поскольку кометы сталкивались с землей очень давно,ученые надеются понять как образуются планеты особенно то как образовалось земля поскольку кометы сталкивали землей очень давно
1815,"Атомная бомба работает на том принципе, что для того, чтобы много протонов и нейтронов находились в одном ядре, необходима энергия.","Атомная бомба работает на том принципе, что для того, чтобы много протонов и нейтронов находились в одном ядре необходима энергия.",атомная бомба работает на том принципе что для того чтобы много протонов и нейтронов находились в одном ядре необходима энергия,атомная бомба работает на том принципе что для того чтобы много протонов и нейтронов находились в одном ядре необходима энергия
1860,"Канцелярия губернатора сообщила, что 19 из раненных были офицерами полиции.","Концлярия губернатора сообщила, что девятнадцать из раненых были офицерами полиции.",канцелярия губернатора сообщила что 19 из раненных были офицерами полиции,концлярия губернатора сообщила что девятнадцать из раненых были офицерами полиции
1890,Большинство современных исследовательских телескопов — это огромные сооружения в удаленных местах с благоприятными атмосферными условиями.,Большинство современных исследовательских телескопов — это огромные сооружения в удаленных местах с благоприятными атмосферными условиями.,большинство современных исследовательских телескопов это огромные сооружения в удаленных местах с благоприятными атмосферными условиями,большинство современных исследовательских телескопов это огромные сооружения в удаленных местах с благоприятными атмосферными условиями
1848,"Вчера утром возле главного полицейского управления Газиантепа (Турция) был подорван автомобиль, в результате чего погибли 2 полицейских и еще более 20 человек получили ранения.","Вчера утром возле главного полицейского управления Газиантепа, Турция, был подорван автомобиль, в результате чего погибли два полицейских и еще более 20 человек получили родение.",вчера утром возле главного полицейского управления газиантепа турция был подорван автомобиль в результате чего погибли 2 полицейских и еще более 20 человек получили ранения,вчера утром возле главного полицейского управления газиантепа турция был подорван автомобиль в результате чего погибли два полицейских и еще более 20 человек получили родение
1853,Джанкарло Физикелла потерял контроль над управлением своим автомобилем и завершил гонку вскоре после старта.,Джанкарла физикело потерял контроль над управлением своим автомобилем и завершил гонку вскоре после старта.,джанкарло физикелла потерял контроль над управлением своим автомобилем и завершил гонку вскоре после старта,джанкарла физикело потерял контроль над управлением своим автомобилем и завершил гонку вскоре после старта
1734,"Ученые смогли сделать вывод, что темная материя воздействует на другую темную материю так же, как и в случае с обычной материей.","Учёные смогли сделать вывод, что тёмная материя воздействует на другую тёмную материю, так же как и в случае с обычной материей.",ученые смогли сделать вывод что темная материя воздействует на другую темную материю так же как и в случае с обычной материей,ученые смогли сделать вывод что темная материя воздействует на другую темную материю так же как и в случае с обычной материей
1961,"Одним из наиболее распространённых методов, используемых для иллюстрации важности социализации, является иллюстрация нескольких прискорбных случаев, когда дети из-за отсутствия должного внимания, неудачного стечения обстоятельств или умышленного жестокого обращения не контактировали со взрослыми во время своего взросления.","Одним из наиболее распространённых методов, используемых для иллюстрации важности социализации, является иллюстрация нескольких прискорбных случаев, когда дети из-за отсутствия должного внимания, неудачного сечения обстоятельств, или умышленного жестокого обращения не контактировали со взрослыми во время своего взросления.",одним из наиболее распространенных методов используемых для иллюстрации важности социализации является иллюстрация нескольких прискорбных случаев когда дети из за отсутствия должного внимания неудачного стечения обстоятельств или умышленного жестокого обращения не контактировали со взрослыми во время своего взросления,одним из наиболее распространенных методов используемых для иллюстрации важности социализации является иллюстрация нескольких прискорбных случаев когда дети из за отсутствия должного внимания неудачного сечения обстоятельств или умышленного жестокого обращения не контактировали со взрослыми во время своего взросления
1816,"Дюваль, который женат и имеет двух совершеннолетних детей, не произвел большого впечатления на Миллера, которому рассказали эту историю.","Дюваль, который женат и имеет двух совершеннолетних детей, не произвол большого впечатления на миллера, к которому мы рассказывали эту историю.",дюваль который женат и имеет двух совершеннолетних детей не произвел большого впечатления на миллера которому рассказали эту историю,дюваль который женат и имеет двух совершеннолетних детей не произвол большого впечатления на миллера к которому мы рассказывали эту историю
1837,"Либеральная критика усилий по восстановлению сосредоточивалась на том, что контракты на восстановительные работы отдавались предположительно имеющим связи с правительством.","Либеральная критика усилия по восстановлению сосредоточивалась на том, что контракты на восстановительные работы одавались предположительно имеющим связь с правительством.",либеральная критика усилий по восстановлению сосредоточивалась на том что контракты на восстановительные работы отдавались предположительно имеющим связи с правительством,либеральная критика усилия по восстановлению сосредоточивалась на том что контракты на восстановительные работы одавались предположительно имеющим связь с правительством
1917,"В различных местах Рима были установлены большие телевизионные экраны, с помощью которых люди могли наблюдать за церемонией.","В различных местах Рима были установлены большие телевизионные экраны, с помощью которых люди могли наблюдать за церемонией.",в различных местах рима были установлены большие телевизионные экраны с помощью которых люди могли наблюдать за церемонией,в различных местах рима были установлены большие телевизионные экраны с помощью которых люди могли наблюдать за церемонией
1957,"Он назвал эти слухи ""политической болтовнёй и глупостью"".",Он назвал эти слухи политической болтовней и глупостью.,он назвал эти слухи политической болтовней и глупостью,он назвал эти слухи политической болтовней и глупостью
1933,"И наконец, многие маленькие кошки (включая гуляющих домашних кошек), едят и охотятся на намного более многочисленных мелких животных, наподобие насекомых, грызунов, ящериц и птиц.","И наконец, многие маленькие кошки, включая гуляющих домашних кошек, едят и охотятся на много более многочисленных мелких животных на подобии насекомых грозунов ящери птиц.",и наконец многие маленькие кошки включая гуляющих домашних кошек едят и охотятся на намного более многочисленных мелких животных наподобие насекомых грызунов ящериц и птиц,и наконец многие маленькие кошки включая гуляющих домашних кошек едят и охотятся на много более многочисленных мелких животных на подобии насекомых грозунов ящери птиц
1699,"Бишкек был описан одним обозревателем как погружающийся в состояние анархии, поскольку группы людей бегали по улицам и грабили магазины с потребительскими товарами.","Пишкек был описан одним обозревателем как погружающийся в состояние анархии, поскольку группы людей бегали по улицам и грабили магазины с потребительскими товарами.",бишкек был описан одним обозревателем как погружающийся в состояние анархии поскольку группы людей бегали по улицам и грабили магазины с потребительскими товарами,пишкек был описан одним обозревателем как погружающийся в состояние анархии поскольку группы людей бегали по улицам и грабили магазины с потребительскими товарами
1760,"Мозазавр был самым грозным хищником своего времени, поэтому он не боялся никого кроме других мозазавров.","Мозазавр был самым грозным хищником своего времени, поэтому он не боялся никого, кроме других мозазавров.",мозазавр был самым грозным хищником своего времени поэтому он не боялся никого кроме других мозазавров,мозазавр был самым грозным хищником своего времени поэтому он не боялся никого кроме других мозазавров
1854,Сам автомобиль убрали с места происшествия в тот же день примерно в 12:00 по Гринвичу.,"Сам автомобиль убрались место происшествия в тот же день, примерно в 12 часов по Гринвичу.",сам автомобиль убрали с места происшествия в тот же день примерно в 12 00 по гринвичу,сам автомобиль убрались место происшествия в тот же день примерно в 12 часов по гринвичу
1997,"Однако, процент людей с туберкулёзом с множественной лекарственной устойчивостью в целой группе больных туберкулезом все еще кажется низким; 6000 от общего числа 330 000 зараженных в данный конкретный момент в ЮАР.","Однако процент людей с туберкулезом, с множественной лекарственной устойчивости в целой группе больных туберкулезом всё еще кажется низким — 6000 от общего числа 330 000 зараженных в данный конкретный момент в ЮАР.",однако процент людей с туберкулезом с множественной лекарственной устойчивостью в целой группе больных туберкулезом все еще кажется низким 6000 от общего числа 330 000 зараженных в данный конкретный момент в юар,однако процент людей с туберкулезом с множественной лекарственной устойчивости в целой группе больных туберкулезом все еще кажется низким 6000 от общего числа 330 000 зараженных в данный конкретный момент в юар
1846,"Соотношение сторон этого формата (поделенное на двенадцать, чтобы получить соотношение с небольшими целыми числами) поэтому принято за 3:2.","Со отношение сторон этого формата — поделенное на 12, чтобы получиться отношения с небольшими целыми числами, поэтому принято за три к два.",соотношение сторон этого формата поделенное на двенадцать чтобы получить соотношение с небольшими целыми числами поэтому принято за 3 2,со отношение сторон этого формата поделенное на 12 чтобы получиться отношения с небольшими целыми числами поэтому принято за три к два
1788,Федерация гимнастики США поддерживает письмо Олимпийского комитета США и соглашается с абсолютной необходимостью создания безопасной среды для всех наших спортсменов.,Федерация гимнастики США поддерживает письмо Олимписского комитета США и соглашается с абсолютной необходимостью создания безопасной среды для всех наших спортсменов.,федерация гимнастики сша поддерживает письмо олимпийского комитета сша и соглашается с абсолютной необходимостью создания безопасной среды для всех наших спортсменов,федерация гимнастики сша поддерживает письмо олимписского комитета сша и соглашается с абсолютной необходимостью создания безопасной среды для всех наших спортсменов
1693,"Однако после потери калитки капитана Индия совершила лишь 36 пробегов, потеряв 7 калиток для завершения иннингсов.","Однако после потери колитки капитана Индия совершила лишь 36 пробегов, потеря всем колита для завершения и нингсов.",однако после потери калитки капитана индия совершила лишь 36 пробегов потеряв 7 калиток для завершения иннингсов,однако после потери колитки капитана индия совершила лишь 36 пробегов потеря всем колита для завершения и нингсов
1661,"Он не назвал цифру для сокращений бюджетов, сказав, что они будут сделаны исходя из производительности экономики Китая.","Он не назвал цифру для сокращения бюджетов, сказав, что они будут сделаны, исходя из производительности экономики Китая.",он не назвал цифру для сокращений бюджетов сказав что они будут сделаны исходя из производительности экономики китая,он не назвал цифру для сокращения бюджетов сказав что они будут сделаны исходя из производительности экономики китая
1783,"К региональным и сезонным опасным явлениям погоды относятся метели, снежные бури, ледяные и пыльные бури.","К региональным и сезонным опасным явлением погоды относятся митеря, снежные буря, ледяные и пыльные буря.",к региональным и сезонным опасным явлениям погоды относятся метели снежные бури ледяные и пыльные бури,к региональным и сезонным опасным явлением погоды относятся митеря снежные буря ледяные и пыльные буря
1821,Взаимосвязь между патологией мозга и поведением используется учёными в их исследованиях.,Заимосвязь между патологией мозга и поведением используется учёными в их исследованиях.,взаимосвязь между патологией мозга и поведением используется учеными в их исследованиях,заимосвязь между патологией мозга и поведением используется учеными в их исследованиях
1830,Правящая партия Организация народов Юго‑Западной Африки (СВАПО) также сохранила большинство на парламентских выборах.,"Правящая партия организация народов Юго-Западной Африки – Свапо, также сохранила большинство на парламентских выборах.",правящая партия организация народов юго западной африки свапо также сохранила большинство на парламентских выборах,правящая партия организация народов юго западной африки свапо также сохранила большинство на парламентских выборах
1834,Севернее посетите также великий Храм Фатимской Богоматери (усыпальница) — место всемирно известных явлений Девы Марии.,"Северная посетитье также великий храм Фатинский богаматери, Усупальница, место всемирно известных явлений Девом Иридии.",севернее посетите также великий храм фатимской богоматери усыпальница место всемирно известных явлений девы марии,северная посетитье также великий храм фатинский богаматери усупальница место всемирно известных явлений девом иридии
1893,"Сундарбан — это крупнейший пояс прибрежных мангровых зарослей, простирающийся от берега на 80 км (50 миль) вглубь континента в Бангладеше и Индии.","Сударбан — это крупнейший пояс прибережных монгровых зарослей, простирающиеся от берега на 80 км 50 миль, в глубь континента Банглдайша и Индии.",сундарбан это крупнейший пояс прибрежных мангровых зарослей простирающийся от берега на 80 км 50 миль вглубь континента в бангладеше и индии,сударбан это крупнейший пояс прибережных монгровых зарослей простирающиеся от берега на 80 км 50 миль в глубь континента банглдайша и индии
1799,"Помимо соревнований в среду, Карпендо принимал участие в двух индивидуальных соревнованиях на чемпионатах.",Помимо соревнования в среду Корпенда принимал участие в двух индивидуальных соревнованиях на чемпионатах.,помимо соревнований в среду карпендо принимал участие в двух индивидуальных соревнованиях на чемпионатах,помимо соревнования в среду корпенда принимал участие в двух индивидуальных соревнованиях на чемпионатах
1880,"Таким образом, карандаш стал хорошим другом для многих людей, когда появился.","Таким образом, Карандаш стал хорошим другом для многих людей, когда появился.",таким образом карандаш стал хорошим другом для многих людей когда появился,таким образом карандаш стал хорошим другом для многих людей когда появился
1825,"Если вы хотите находиться рядом со сценой, вам нужно приехать заранее, чтобы найти место для кемпинга вблизи от музыки.","Если вы хотите находиться рядом с оценой, вам нужно приехать заранее, чтобы найти место для кемпинга вблизи от музыки.",если вы хотите находиться рядом со сценой вам нужно приехать заранее чтобы найти место для кемпинга вблизи от музыки,если вы хотите находиться рядом с оценой вам нужно приехать заранее чтобы найти место для кемпинга вблизи от музыки
1963,"Глажка влажной одежды помогает ей высохнуть. Многие отели предоставляют напрокат утюг и гладильную доску, даже если они отсутствуют в номере.","Глашка влажной одежды помогает ей высохнуть. Многие отели предоставляют на прокат утюга негладильную доску, даже если они отсутствуют в номере.",глажка влажной одежды помогает ей высохнуть многие отели предоставляют напрокат утюг и гладильную доску даже если они отсутствуют в номере,глашка влажной одежды помогает ей высохнуть многие отели предоставляют на прокат утюга негладильную доску даже если они отсутствуют в номере
1732,"Эпоху, в которой происходили данные события, принято называть Высоким Средневековьем, периодом европейской истории, затрагивающим XI, XII и XIII века (1000–1300 гг. н. э.).","Эпоу, в которой происходили данные события, принято называть высоким средневековьем, передом европейской истории, затрагивающим 11-12-13 века 1000-й 1300-е годы нашей эры.",эпоху в которой происходили данные события принято называть высоким средневековьем периодом европейской истории затрагивающим xi xii и xiii века 1000 1300 гг н э,эпоу в которой происходили данные события принято называть высоким средневековьем передом европейской истории затрагивающим 11 12 13 века 1000 й 1300 е годы нашей эры
1839,"Представьте, что лыжный маршрут — это пешеходный маршрут.","Представьте, что лыжный маршрут — это пешуха, один маршрут.",представьте что лыжный маршрут это пешеходный маршрут,представьте что лыжный маршрут это пешуха один маршрут
1859,"Собственные стили начали развиваться в Западной Европе к концу Средневековья. Одним из самых больших достижений того времени, благодаря крестовым походам, стало использование пуговиц для застегивания одежды.",Собственные стили начали развиваться в западной Европе к концу Серотневякове. Одним из самых больших достижений того времени благодаря крестовым походам стал использование пуговиз для застегивания одежды.,собственные стили начали развиваться в западной европе к концу средневековья одним из самых больших достижений того времени благодаря крестовым походам стало использование пуговиц для застегивания одежды,собственные стили начали развиваться в западной европе к концу серотневякове одним из самых больших достижений того времени благодаря крестовым походам стал использование пуговиз для застегивания одежды
1862,"NextGen — это система, которая, по заверению Федеральной авиационной администрации США, позволит самолетам летать по сокращенным маршрутам и ежегодно экономить миллионы галлонов топлива, а также снизить выбросы углерода.","Nexján — это система, которая по заверению федеральной авиационной администрации США позволит самолетам летать по сокращенным маршрутам и ежегодно экономить миллионы голонов топлива, а также снизить выбросы углерода.",nextgen это система которая по заверению федеральной авиационной администрации сша позволит самолетам летать по сокращенным маршрутам и ежегодно экономить миллионы галлонов топлива а также снизить выбросы углерода,nexján это система которая по заверению федеральной авиационной администрации сша позволит самолетам летать по сокращенным маршрутам и ежегодно экономить миллионы голонов топлива а также снизить выбросы углерода
1855,"Львиные прайды ведут себя очень похоже со стаями волков или собак — животных, которые по повадкам удивительно похожи на львов (но не других крупных кошек) и тоже очень опасны для своих жертв.","Левины и прайды ведут себя очень похожи со стайами волков или собак, животных, которые по повадкам удивительно похожи на львов, но не на других крупных кошек, и тоже очень опасны для своих жертв.",львиные прайды ведут себя очень похоже со стаями волков или собак животных которые по повадкам удивительно похожи на львов но не других крупных кошек и тоже очень опасны для своих жертв,левины и прайды ведут себя очень похожи со стайами волков или собак животных которые по повадкам удивительно похожи на львов но не на других крупных кошек и тоже очень опасны для своих жертв
2005,"Но еще можно многое сказать о птицах, которые всё ещё выглядят как динозавры.","Но ещё можно многое сказать о птицах, которые всё ещё выглядят как динозавры.",но еще можно многое сказать о птицах которые все еще выглядят как динозавры,но еще можно многое сказать о птицах которые все еще выглядят как динозавры
1887,"Когда Лиггинс работал в больнице, в свободное от работы время он начал расследовать случаи преждевременных родов.","Когда Лиггин сработал в больнице, свободная от работы время он начал расследовать случаи преждевременных родов.",когда лиггинс работал в больнице в свободное от работы время он начал расследовать случаи преждевременных родов,когда лиггин сработал в больнице свободная от работы время он начал расследовать случаи преждевременных родов
1674,"В некоторых местах достаточно прокипятить воду в течение минуты, в других потребуется несколько минут.","В некоторых местах достаточно прокипятить воду в течение минуты, в других потребуется несколько минут.",в некоторых местах достаточно прокипятить воду в течение минуты в других потребуется несколько минут,в некоторых местах достаточно прокипятить воду в течение минуты в других потребуется несколько минут
1748,В результате бригады пожарных потушили пожар к 23:35.,В результате бригады пожарных потушили по 23-35%.,в результате бригады пожарных потушили пожар к 23 35,в результате бригады пожарных потушили по 23 35
1774,"На удалённых островах кредитные карты, возможно, не будут приниматься, хотя британскую и американскую валюту могут принять; заранее проясните с владельцами какой способ оплаты является приемлемым.","На удалённых островах кредитные карты возможно не будут приниматься, хотя британскую и американскую валюту могут принять. Заранее проясните с ладельцами, какой способ оплаты является приемлемым.",на удаленных островах кредитные карты возможно не будут приниматься хотя британскую и американскую валюту могут принять заранее проясните с владельцами какой способ оплаты является приемлемым,на удаленных островах кредитные карты возможно не будут приниматься хотя британскую и американскую валюту могут принять заранее проясните с ладельцами какой способ оплаты является приемлемым
1915,Вы можете по Гома на бода-бода (мототакси). Обычная (местная) цена 500 конголезских франков за короткую поездку.,"Вы можете погому на бода-бода мото-такси, обычная, местная, цена 500 гонглетских франков за короткую поездку.",вы можете по гома на бода бода мототакси обычная местная цена 500 конголезских франков за короткую поездку,вы можете погому на бода бода мото такси обычная местная цена 500 гонглетских франков за короткую поездку
1765,С момента основания Асунсьона в 1537 Парагваю в основном удалось сохранить большую часть своего самобытного характера и идентичности.,С момента основания Ассунтьона в 1537 году прогваиваю в основном удалось охранить большую часть своего самобытного характера и идентичности.,с момента основания асунсьона в 1537 парагваю в основном удалось сохранить большую часть своего самобытного характера и идентичности,с момента основания ассунтьона в 1537 году прогваиваю в основном удалось охранить большую часть своего самобытного характера и идентичности
1661,"Он не назвал цифру для сокращений бюджетов, сказав, что они будут сделаны исходя из производительности экономики Китая.","Он не назвал цифру для сокращения бюджетов, сказал, что они будут сделаны, исходя из производительности экономики Китая.",он не назвал цифру для сокращений бюджетов сказав что они будут сделаны исходя из производительности экономики китая,он не назвал цифру для сокращения бюджетов сказал что они будут сделаны исходя из производительности экономики китая
1860,"Канцелярия губернатора сообщила, что 19 из раненных были офицерами полиции.","Концелярия кубернатора сообщила, что девятнадцать из раненых были офицерами полиции.",канцелярия губернатора сообщила что 19 из раненных были офицерами полиции,концелярия кубернатора сообщила что девятнадцать из раненых были офицерами полиции
1976,Отбивающие мячи среднего звена Сачин Тендулкар и Рахул Дравид хорошо выступили и заработали в тандеме результат в сто баллов.,Одбивающие мячи среднего звена Сочин-Тиндулкар и Рахул Дровит хорошо выступили изработали в тандеме результат в 100 баллов.,отбивающие мячи среднего звена сачин тендулкар и рахул дравид хорошо выступили и заработали в тандеме результат в сто баллов,одбивающие мячи среднего звена сочин тиндулкар и рахул дровит хорошо выступили изработали в тандеме результат в 100 баллов
1667,"Как правило, могут проявляться два типа поведения когда менеджеры начинают руководить людьми, ранее равными им по статусу. Одна крайность спектра – это попытка оставаться ""своим парнем"" (или девушкой).","Как правило, могут проявляться два типа поведения, когда менеджеры начинают руководить людьми ранее равными им по статусу, однако крайной спектра — это попытка оставаться своим парнем или девушкой.",как правило могут проявляться два типа поведения когда менеджеры начинают руководить людьми ранее равными им по статусу одна крайность спектра это попытка оставаться своим парнем или девушкой,как правило могут проявляться два типа поведения когда менеджеры начинают руководить людьми ранее равными им по статусу однако крайной спектра это попытка оставаться своим парнем или девушкой
1884,"В частности, утверждается, что можно определить, лжет ли человек, при помощи правильной интерпретации его микровыражений.","В частности, утверждается, что можно определить, лажёт ли человек при помощи правильной интерпретации его микроворажений.",в частности утверждается что можно определить лжет ли человек при помощи правильной интерпретации его микровыражений,в частности утверждается что можно определить лажет ли человек при помощи правильной интерпретации его микроворажений
1810,"Губернатор Калифорнии Арнольд Шварценеггер подписал закон, запрещающий продажу или прокат видеоигр с применением насилия несовершеннолетним лицам.","Губернатор Калифорнии Арнольд Шварцнегер подписал закон, запрещающий продажу или прокат видеоигр с применением насилия не совершеннолетним лицам.",губернатор калифорнии арнольд шварценеггер подписал закон запрещающий продажу или прокат видеоигр с применением насилия несовершеннолетним лицам,губернатор калифорнии арнольд шварцнегер подписал закон запрещающий продажу или прокат видеоигр с применением насилия не совершеннолетним лицам
1744,"Чем меньше число Россби, тем менее активна звезда по отношению к инверсиям магнитного поля.","Чем меньше число розби, тем менее активно звезда по отношению куинверсия магнитного поля.",чем меньше число россби тем менее активна звезда по отношению к инверсиям магнитного поля,чем меньше число розби тем менее активно звезда по отношению куинверсия магнитного поля
1818,"Для людей может быть неожиданным, что терпение и понимание необходимо проявлять и к путешественникам, вернувшимся домой.","Для людей может быть неожиданным, что терпение и понимание необходимо проявлять и к путешественникам вернувшимся домой.",для людей может быть неожиданным что терпение и понимание необходимо проявлять и к путешественникам вернувшимся домой,для людей может быть неожиданным что терпение и понимание необходимо проявлять и к путешественникам вернувшимся домой
1765,С момента основания Асунсьона в 1537 Парагваю в основном удалось сохранить большую часть своего самобытного характера и идентичности.,Смомета основания Ассенсиона в 1537-м Прогваю в основному долось сохранить большую часть своего самобытного характера и идентичности.,с момента основания асунсьона в 1537 парагваю в основном удалось сохранить большую часть своего самобытного характера и идентичности,смомета основания ассенсиона в 1537 м прогваю в основному долось сохранить большую часть своего самобытного характера и идентичности
1898,"""Он [Уэльс] по сути лгал нам с самого начала. Во-первых, действуя так, как будто это нужно было сделать по юридическим причинам. Во-вторых, делая вид, что слушает нас вплоть до своего удаления изображений.""","Он OELS, по сути, лгалным самого начала. Во-первых, действует так, как будто это нужно было сделать по юридическим причинам, во-вторых, дело вид, что слушает нас вплоть до своего удаления изображений.",он уэльс по сути лгал нам с самого начала во первых действуя так как будто это нужно было сделать по юридическим причинам во вторых делая вид что слушает нас вплоть до своего удаления изображений,он oels по сути лгалным самого начала во первых действует так как будто это нужно было сделать по юридическим причинам во вторых дело вид что слушает нас вплоть до своего удаления изображений
1850,"Это обеспечит его обратную совместимость с 802.11a, 802.11b и 802.11g при условии, что у базовой станции есть двойной приемник.","Это обеспечит его обратно совместимость с 8211A, 8211B и 8211G при условии, что базовая станция есть двойной приёмник.",это обеспечит его обратную совместимость с 802 11a 802 11b и 802 11g при условии что у базовой станции есть двойной приемник,это обеспечит его обратно совместимость с 8211a 8211b и 8211g при условии что базовая станция есть двойной приемник
1976,Отбивающие мячи среднего звена Сачин Тендулкар и Рахул Дравид хорошо выступили и заработали в тандеме результат в сто баллов.,"Обивающие мячи среднего звена Сачин, Тендулкар и Рахулдравит хорошо выступили и заработали в тандеме результат в 100 баллов.",отбивающие мячи среднего звена сачин тендулкар и рахул дравид хорошо выступили и заработали в тандеме результат в сто баллов,обивающие мячи среднего звена сачин тендулкар и рахулдравит хорошо выступили и заработали в тандеме результат в 100 баллов
1777,"Оттава — это прелестная двуязычная столица Канады с огромным количеством художественных галерей и музеев, открывающих прошлое и настоящее Канады.","Оттао — это прилес на эту язычная столица Канады, с огромным количеством художественных галереев и музеев, открывающих прошлое и настоящее Канады.",оттава это прелестная двуязычная столица канады с огромным количеством художественных галерей и музеев открывающих прошлое и настоящее канады,оттао это прилес на эту язычная столица канады с огромным количеством художественных галереев и музеев открывающих прошлое и настоящее канады
1970,"Нам точно не известно, но не исключается, что его язык был раздвоен. Он питался черепахами, большими рыбами, прочими мозазавры, а мог быть и каннибалом.","Нам точно не известно, но не исключается, что его язык был раздвоен. Он питался черепахами, большими рыбами, прочими музозавры, а мог быть и каннибалом.",нам точно не известно но не исключается что его язык был раздвоен он питался черепахами большими рыбами прочими мозазавры а мог быть и каннибалом,нам точно не известно но не исключается что его язык был раздвоен он питался черепахами большими рыбами прочими музозавры а мог быть и каннибалом
1748,В результате бригады пожарных потушили пожар к 23:35.,В результате бригады пожарных потушили пожар к 23-35%.,в результате бригады пожарных потушили пожар к 23 35,в результате бригады пожарных потушили пожар к 23 35
1701,"Козы, по-видимому, впервые были одомашнены около 10 000 лет назад в иранских горах Загрос.","Козы по видимому в первой и были, одомашнены около 10 000 лет назад в иранский горах Загроз.",козы по видимому впервые были одомашнены около 10 000 лет назад в иранских горах загрос,козы по видимому в первой и были одомашнены около 10 000 лет назад в иранский горах загроз
1769,"Великая пирамида была возведена египтянами в третьем веке до нашей эры и является одним из множества больших пирамидальных сооружений, построенных, чтобы почтить память фараона.","Великая пирамида была возведена Египтянами в III веке до нашей эры, является одним из множество больших пирамидальных заружений, построенных чтобы почтить память фараона.",великая пирамида была возведена египтянами в третьем веке до нашей эры и является одним из множества больших пирамидальных сооружений построенных чтобы почтить память фараона,великая пирамида была возведена египтянами в iii веке до нашей эры является одним из множество больших пирамидальных заружений построенных чтобы почтить память фараона
1952,"Все, кто собирается ехать по высокоширотной области или по горным перевалам, должны учитывать возможность снега, льда или морозов.","Все, кто собирается ехать по высокоширотной области или по горным перевалам, должны учитывать возможность снега, льда и морозов.",все кто собирается ехать по высокоширотной области или по горным перевалам должны учитывать возможность снега льда или морозов,все кто собирается ехать по высокоширотной области или по горным перевалам должны учитывать возможность снега льда и морозов
1680,"Будучи всесторонне развитым атлетом, тигр может взбираться на деревья (хотя и не очень хорошо), плавать, прыгать на большие расстояния и тянуть с силой пяти крепких человек.","Будучи все сторонние развитым атлетом Тигр может сбираться на деревья, хотя они очень хорошо плавать, прыгать на большие расстояния и тянуть силы и пяти крепких человек.",будучи всесторонне развитым атлетом тигр может взбираться на деревья хотя и не очень хорошо плавать прыгать на большие расстояния и тянуть с силой пяти крепких человек,будучи все сторонние развитым атлетом тигр может сбираться на деревья хотя они очень хорошо плавать прыгать на большие расстояния и тянуть силы и пяти крепких человек
1671,"Конгресс начал финансировать инициативу по борьбе с развратом в 2005 налоговом году и определил, что ФБР должно выделить 10 агентов на борьбу со взрослой порнографией.","Конгресс начал финансировать инициативу по борьбе с развратом в 2005 налогом к году, и определил, что ФБР должен выделять 10 агентов на борьбу со взрослой порнографией.",конгресс начал финансировать инициативу по борьбе с развратом в 2005 налоговом году и определил что фбр должно выделить 10 агентов на борьбу со взрослой порнографией,конгресс начал финансировать инициативу по борьбе с развратом в 2005 налогом к году и определил что фбр должен выделять 10 агентов на борьбу со взрослой порнографией
1719,"Неблагоприятные метеоусловия — это общий термин для обозначения любого опасного явления погоды, способного причинить какой-либо ущерб, вызвать серьёзные социальные потрясения или привести к человеческим жертвам.","Неблагоприятные метеоусловия — это общий термин для обозначения любого опасного явления погоды, способного причинить какой-либо ущерб, вызвать серьезные социальные потрясения или привести к человеческим жертвам.",неблагоприятные метеоусловия это общий термин для обозначения любого опасного явления погоды способного причинить какой либо ущерб вызвать серьезные социальные потрясения или привести к человеческим жертвам,неблагоприятные метеоусловия это общий термин для обозначения любого опасного явления погоды способного причинить какой либо ущерб вызвать серьезные социальные потрясения или привести к человеческим жертвам
1712,"С 1966 года Сундарбан является заповедником дикой природы, и, по имеющимся подсчётам, на его территории в настоящее время обитают 400 бенгальских тигров и около 30 000 пятнистых оленей.",С 1966 года Сундарпан является заповедником тикопрероды и по имеющимся подсчетам на его территории в настоящее время питают 400 бенгальских тигров и около 30 000 питьнестых олений.,с 1966 года сундарбан является заповедником дикой природы и по имеющимся подсчетам на его территории в настоящее время обитают 400 бенгальских тигров и около 30 000 пятнистых оленей,с 1966 года сундарпан является заповедником тикопрероды и по имеющимся подсчетам на его территории в настоящее время питают 400 бенгальских тигров и около 30 000 питьнестых олений
1745,"Растения выглядят лучше всего в своей естественной среде обитания, поэтому не поддавайтесь искушению взять хотя бы один экземпляр.","Растения выглядят лучше всего в своей естественной среде обитания, поэтому не поддавайтесь искушению взять хотя бы один экземпляр.",растения выглядят лучше всего в своей естественной среде обитания поэтому не поддавайтесь искушению взять хотя бы один экземпляр,растения выглядят лучше всего в своей естественной среде обитания поэтому не поддавайтесь искушению взять хотя бы один экземпляр
1951,"В 2002 году город Гома был разрушен лавой вулкана Ньирагонго, которая похоронила под собой большую часть городских улиц, особенно центральную часть города.","В 2002 году город Гома был разрушен лавой вулкана Нирогонга, которая похоронила под собой большую часть городских улиц, особенно центральную часть города.",в 2002 году город гома был разрушен лавой вулкана ньирагонго которая похоронила под собой большую часть городских улиц особенно центральную часть города,в 2002 году город гома был разрушен лавой вулкана нирогонга которая похоронила под собой большую часть городских улиц особенно центральную часть города
1754,"На видимой стороне может быть больше лунных морей, потому что там кора тоньше. Лаве было легче подняться на поверхность.","На видимость стороне может быть больше лунных морей, потому что там кора тоньше. Лави было легче подняться на поверхность.",на видимой стороне может быть больше лунных морей потому что там кора тоньше лаве было легче подняться на поверхность,на видимость стороне может быть больше лунных морей потому что там кора тоньше лави было легче подняться на поверхность
1669,"Начальник полиции Чандра Шехар Соланки заявил, что обвиняемые были представлены перед судьями с закрытыми лицами.","Начальный полиции Чандра Шихарсаланке заявил, что в Веняема были представлены перед судьями с закрытыми лицами.",начальник полиции чандра шехар соланки заявил что обвиняемые были представлены перед судьями с закрытыми лицами,начальный полиции чандра шихарсаланке заявил что в веняема были представлены перед судьями с закрытыми лицами
1755,Одна из бомб взорвалась возле офиса генерал-губернатора.,Одна из бомб взорвалась возле офиса генерала губернатора.,одна из бомб взорвалась возле офиса генерал губернатора,одна из бомб взорвалась возле офиса генерала губернатора
1887,"Когда Лиггинс работал в больнице, в свободное от работы время он начал расследовать случаи преждевременных родов.","Когда легин сработал в больнице, субботной от работы время он начал расследовать случаи преждевременных родов.",когда лиггинс работал в больнице в свободное от работы время он начал расследовать случаи преждевременных родов,когда легин сработал в больнице субботной от работы время он начал расследовать случаи преждевременных родов
1875,"Целые 20 процентов воды, поступаемой из рек нашей планеты в океаны, текут из Амазонки.","Целые 20% воды, поступаемо из рек нашей планеты и океаны, текут из Амазонки.",целые 20 процентов воды поступаемой из рек нашей планеты в океаны текут из амазонки,целые 20 воды поступаемо из рек нашей планеты и океаны текут из амазонки
1665,"Документ, согласно утечке информации, будет касаться спора насчёт границ, которые Палестина хочет установить на основе тех, что существовали до начала Шестидневной войны 1967 года.","Документ, согласно утечки информации, будет касаться спор на счет границ, который полистина хочет остановить на основе тех, что существовали до начала 6-й днём войны 1967 года.",документ согласно утечке информации будет касаться спора насчет границ которые палестина хочет установить на основе тех что существовали до начала шестидневной войны 1967 года,документ согласно утечки информации будет касаться спор на счет границ который полистина хочет остановить на основе тех что существовали до начала 6 й днем войны 1967 года
1693,"Однако после потери калитки капитана Индия совершила лишь 36 пробегов, потеряв 7 калиток для завершения иннингсов.","Однако после потери Калитки капитаны Индия совершила лишь 36 пробегов, потеряв 7 Калиток для завершения Инниксов.",однако после потери калитки капитана индия совершила лишь 36 пробегов потеряв 7 калиток для завершения иннингсов,однако после потери калитки капитаны индия совершила лишь 36 пробегов потеряв 7 калиток для завершения инниксов
1757,"Только мутации в клетках зародышевой линии могут передаваться далее детям, в то время как мутации где-то ещё могут привести к гибели клеток или раку.","Только мутации в клетках зародышево линии могут передаваться далее детям, в то время как мутация где-то ещё могут привести гибели клеток или раку.",только мутации в клетках зародышевой линии могут передаваться далее детям в то время как мутации где то еще могут привести к гибели клеток или раку,только мутации в клетках зародышево линии могут передаваться далее детям в то время как мутация где то еще могут привести гибели клеток или раку
1706,"Более традиционные церкви зачастую проводят пасхальное богослужение в субботу вечером во время пасхальных выходных, при этом прихожане обычно начинают в полночь празднование Воскресения Христа.","Более традиционные церкви зачастую проводят пасхальное богослужение в субботу вечером во время пасхальных выходных, при этом прихожание обычно начинают в полныйщ праздывание Воскресения Христа.",более традиционные церкви зачастую проводят пасхальное богослужение в субботу вечером во время пасхальных выходных при этом прихожане обычно начинают в полночь празднование воскресения христа,более традиционные церкви зачастую проводят пасхальное богослужение в субботу вечером во время пасхальных выходных при этом прихожание обычно начинают в полныйщ праздывание воскресения христа
1883,"Высота подмостового габарита составляет 15 метров. Строительство было завершено в августе 2011 года, его не открывали для движения до марта 2017 года.","Высота подмостового Габарита составляют 15 метров. Стрательство было завершено в августе 2011 года, его не открывали для движения до марта 2017 года.",высота подмостового габарита составляет 15 метров строительство было завершено в августе 2011 года его не открывали для движения до марта 2017 года,высота подмостового габарита составляют 15 метров стрательство было завершено в августе 2011 года его не открывали для движения до марта 2017 года
1809,"Шпалы начали применяться довольно давно для того, чтобы удерживать рельсы на месте. Однако впоследствии стало ясно, что пути были более эффективны при полосе из железа сверху.","Шпалы начали применяться довольно давно для того, чтобы держивать рельсы на месте, однако впосле и стало ясно, что пути были более эффективны при полосе и железу сверху.",шпалы начали применяться довольно давно для того чтобы удерживать рельсы на месте однако впоследствии стало ясно что пути были более эффективны при полосе из железа сверху,шпалы начали применяться довольно давно для того чтобы держивать рельсы на месте однако впосле и стало ясно что пути были более эффективны при полосе и железу сверху
1741,"Большие области далее к северу довольно редко заселены, а некоторые из них – практически незаселённая глушь.","Большие области дали к северу довольно редко заселены, а некоторые из них практически незаселённая глушь.",большие области далее к северу довольно редко заселены а некоторые из них практически незаселенная глушь,большие области дали к северу довольно редко заселены а некоторые из них практически незаселенная глушь
1778,"В репортажах по телевидению сообщается  о белом дыме, идущем от завода.","В репортажах по телевидению сообщается о белом дыме, идущем от завода.",в репортажах по телевидению сообщается о белом дыме идущем от завода,в репортажах по телевидению сообщается о белом дыме идущем от завода
1896,"Федерация гимнастики США и Олимпийский комитет США имеют одинаковую цель — сделать гимнастику и другие виды спорта настолько безопасными для спортсменов, насколько это возможно, чтобы они могли стремиться к своим целям в безопасной, позитивной среде и были наделены всеми правами.","Федерация гимнастики США и Олимпийский комитет США имеют одинаковую цель – сделать гимнастику и другие виды спорта настолько безопасными для спортсменов, насколько это возможно, чтобы они могли стремиться к своим целям в безопасной позитивной среде и были наделены всеми правами.",федерация гимнастики сша и олимпийский комитет сша имеют одинаковую цель сделать гимнастику и другие виды спорта настолько безопасными для спортсменов насколько это возможно чтобы они могли стремиться к своим целям в безопасной позитивной среде и были наделены всеми правами,федерация гимнастики сша и олимпийский комитет сша имеют одинаковую цель сделать гимнастику и другие виды спорта настолько безопасными для спортсменов насколько это возможно чтобы они могли стремиться к своим целям в безопасной позитивной среде и были наделены всеми правами
1707,Он является одной из главных достопримечательностей Южной Африки и считается ведущим среди южноафриканских национальных парков (SANParks).,Он является одной из главных достопримечательностей Южной Африки и считается ведущим среди южноавриканских национальных парков «Сан-Паркс».,он является одной из главных достопримечательностей южной африки и считается ведущим среди южноафриканских национальных парков sanparks,он является одной из главных достопримечательностей южной африки и считается ведущим среди южноавриканских национальных парков сан паркс
1942,Мы строим наши дома и изготавливаем одежду из растений. Большая часть нашей пищи — это растения. Без растений животные не смогли бы выжить.,"Мы строим наши дома и изкотавливаем одежду из растений. Большая часть нашей пищи — это растения, без растения животные не смогли бы выжать.",мы строим наши дома и изготавливаем одежду из растений большая часть нашей пищи это растения без растений животные не смогли бы выжить,мы строим наши дома и изкотавливаем одежду из растений большая часть нашей пищи это растения без растения животные не смогли бы выжать
1873,Твердо отказывайте мужчинам и не бойтесь стоять на своем (такое недопустимо вне зависимости от культурных различий!).,Твёрда отказывайте мужчинам и не бойтесь стоять на своём. Такое недопустимо вне зависимости от культурных различий.,твердо отказывайте мужчинам и не бойтесь стоять на своем такое недопустимо вне зависимости от культурных различий,тверда отказывайте мужчинам и не бойтесь стоять на своем такое недопустимо вне зависимости от культурных различий
1684,Апиа – столица Самоа. Город расположен на острове Уполу и имеет население чуть менее 40 000 жителей.,"Апиа, столица Самоа, город расположен на острове Уполу и имеет население чуть менее 40 000 жителей.",апиа столица самоа город расположен на острове уполу и имеет население чуть менее 40 000 жителей,апиа столица самоа город расположен на острове уполу и имеет население чуть менее 40 000 жителей
1665,"Документ, согласно утечке информации, будет касаться спора насчёт границ, которые Палестина хочет установить на основе тех, что существовали до начала Шестидневной войны 1967 года.","Документ со классной утечкой информации будет касаться споры насчет границ, который Палистина хочет установить на основе тех, что существовали до начала 6-дневной войны 1967 года.",документ согласно утечке информации будет касаться спора насчет границ которые палестина хочет установить на основе тех что существовали до начала шестидневной войны 1967 года,документ со классной утечкой информации будет касаться споры насчет границ который палистина хочет установить на основе тех что существовали до начала 6 дневной войны 1967 года
1768,"Большинство зданий по краям комплекса было перестроено, чтобы дать туристам более точное представление о том, как они выглядели изначально.","Большинство зданий по краям комплекса было перестроено, чтобы дать туристам более точное представление о том, как они выглядели и сначально.",большинство зданий по краям комплекса было перестроено чтобы дать туристам более точное представление о том как они выглядели изначально,большинство зданий по краям комплекса было перестроено чтобы дать туристам более точное представление о том как они выглядели и сначально
1784,"Гренландия была слабо заселена. В скандинавских сагах повествуется о том, что Эрика Рыжего изгнали из Исландии за убийство, и, продвигаясь дальше на запад, он открыл Гренландию и дал ей название.","Аренландия была слабо заселена. В скандинавских сагах повествуется, что Эрика Арыжо из Гналии из Исландия за убийство, и, продвигаясь дальше на запад, он открыл Аренландию и дал ей название.",гренландия была слабо заселена в скандинавских сагах повествуется о том что эрика рыжего изгнали из исландии за убийство и продвигаясь дальше на запад он открыл гренландию и дал ей название,аренландия была слабо заселена в скандинавских сагах повествуется что эрика арыжо из гналии из исландия за убийство и продвигаясь дальше на запад он открыл аренландию и дал ей название
1962,Показатель pH определяется степенью насыщенности ионами водорода (H в pH) исследуемого химического соединения.,"Показатель ПАШ определяется степенью насыщенности ионами водорода, HFPH, исследуемого химического соединения.",показатель ph определяется степенью насыщенности ионами водорода h в ph исследуемого химического соединения,показатель паш определяется степенью насыщенности ионами водорода hfph исследуемого химического соединения
1742,"Территория Гонконга была названа в честь острова Гонконг, места, которое многие туристы считают главным объектом  своего внимания.","Територия Гонконга была названа в честь острова Гонконг, место, которое многие туристы считают главным объектом своего внимания.",территория гонконга была названа в честь острова гонконг места которое многие туристы считают главным объектом своего внимания,територия гонконга была названа в честь острова гонконг место которое многие туристы считают главным объектом своего внимания
1670,"Их термические характеристики не такие стабильные, как у больших пещер на Земле, которые часто поддерживают почти постоянную температуру, но они соответствуют тому, что является глубокими ямами в грунте, — сообщил Глен Кушинг из отдела планетной геологии Геологической службы США и Университета Северной Аризоны, расположенного во Флагстаффе, Аризона.","Их термические характеристики не такие стабильные как у больших пещер на Земле, которые часто поддерживают почти постоянную температуру, но они соответствуют тому, что является глубокими ямами в грунте, сообщил Глен Кушинк из отдела планетной геологии, геологическая служба США и университета Северной Аризоны, расположенного в флакстафии Аризона.",их термические характеристики не такие стабильные как у больших пещер на земле которые часто поддерживают почти постоянную температуру но они соответствуют тому что является глубокими ямами в грунте сообщил глен кушинг из отдела планетной геологии геологической службы сша и университета северной аризоны расположенного во флагстаффе аризона,их термические характеристики не такие стабильные как у больших пещер на земле которые часто поддерживают почти постоянную температуру но они соответствуют тому что является глубокими ямами в грунте сообщил глен кушинк из отдела планетной геологии геологическая служба сша и университета северной аризоны расположенного в флакстафии аризона
1754,"На видимой стороне может быть больше лунных морей, потому что там кора тоньше. Лаве было легче подняться на поверхность.","На видимой стороне может быть больше луных морей, потому что там каратоньше. Лави было легче подняться на поверхность.",на видимой стороне может быть больше лунных морей потому что там кора тоньше лаве было легче подняться на поверхность,на видимой стороне может быть больше луных морей потому что там каратоньше лави было легче подняться на поверхность
1870,"Сцены показывают на пирамидах, и разные пирамиды освещаются.","Сцены показывают на пирамидах, и разные пирамиды освещаются.",сцены показывают на пирамидах и разные пирамиды освещаются,сцены показывают на пирамидах и разные пирамиды освещаются
1831,"Национальный парк Плитвицкие озёра сильно зарос лесом, в основном буками, елями и пихтами, и представляет собой смесь альпийской и средиземноморской растительности.","Национальный парк Литвицкие озера сильно зарослесу, в основном буками, елами и пиктами, и представляет собой смесь альпийской и средиземноморской растительности.",национальный парк плитвицкие озера сильно зарос лесом в основном буками елями и пихтами и представляет собой смесь альпийской и средиземноморской растительности,национальный парк литвицкие озера сильно зарослесу в основном буками елами и пиктами и представляет собой смесь альпийской и средиземноморской растительности
1690,"Мы согласны с заявлением USOC о том, что интересам наших спортсменов, клубов, а также их видов спорта, больше соответствует проведение реформ внутри нашей организации, а не аннулирование ее сертификации.","Мы согласны заявлением Юсок о том, что интересом наших спортсменов-клубов, а также их видов спорта, больше соответствует проведение реформ внутри нашей организации, а не аннулирывание её сертификации.",мы согласны с заявлением usoc о том что интересам наших спортсменов клубов а также их видов спорта больше соответствует проведение реформ внутри нашей организации а не аннулирование ее сертификации,мы согласны заявлением юсок о том что интересом наших спортсменов клубов а также их видов спорта больше соответствует проведение реформ внутри нашей организации а не аннулирывание ее сертификации
1870,"Сцены показывают на пирамидах, и разные пирамиды освещаются.","Сцены показывают на пирамидах, и разные пирамиды освещаются.",сцены показывают на пирамидах и разные пирамиды освещаются,сцены показывают на пирамидах и разные пирамиды освещаются
1928,К 1976 году было восстановлено 30% Мачу-Пикчу. Работы по реставрации продолжаются и по сей день.,К 1976 году было восстановлено 30% матчу Пикчу. Работы по ресторации продолжаются и по сей день.,к 1976 году было восстановлено 30 мачу пикчу работы по реставрации продолжаются и по сей день,к 1976 году было восстановлено 30 матчу пикчу работы по ресторации продолжаются и по сей день
1772,"Таким образом, вполне вероятно, что запись была добавлена просто как пометка.","Таким образом, вполне вероятно, что запись была добавлена просто как пометка.",таким образом вполне вероятно что запись была добавлена просто как пометка,таким образом вполне вероятно что запись была добавлена просто как пометка
1955,"Рассеянный склероз – это заболевание, поражающее центральную нервную систему, которая состоит из головного мозга, спинного мозга и зрительного нерва.","Рассеянный склероз — это заболевание, поражающее центральную нервную систему, которая состоит из головного мозга, спинного мозга и зрительного нерва.",рассеянный склероз это заболевание поражающее центральную нервную систему которая состоит из головного мозга спинного мозга и зрительного нерва,рассеянный склероз это заболевание поражающее центральную нервную систему которая состоит из головного мозга спинного мозга и зрительного нерва
1701,"Козы, по-видимому, впервые были одомашнены около 10 000 лет назад в иранских горах Загрос.","Козы, поведемому в первые были одомашнены около 10 000 лет назад в уранский горах загроз.",козы по видимому впервые были одомашнены около 10 000 лет назад в иранских горах загрос,козы поведемому в первые были одомашнены около 10 000 лет назад в уранский горах загроз
1971,"Сильные ветра, град, обильные осадки и лесные пожары являются проявлениями и эффектами суровых погодных явлений, таких как  бури, торнадо, водяные смерчи и ураганы.","Сильные ветра — грады, обильной осадкой, и лесные пожары являются проявлениями и эффектами сыровых погодных явлений, таких как буря, торнадо, водяные смерти, и ураганы.",сильные ветра град обильные осадки и лесные пожары являются проявлениями и эффектами суровых погодных явлений таких как бури торнадо водяные смерчи и ураганы,сильные ветра грады обильной осадкой и лесные пожары являются проявлениями и эффектами сыровых погодных явлений таких как буря торнадо водяные смерти и ураганы
1696,"Исследователи университета сообщили, что эти два соединения вступают друг с другом в реакцию, образуя кристаллы, которые могут блокировать работу почек.","Исследователи университета сообщили, что эти два соединения вступают друг с другом в реакцию, образуя кристаллы, которые могут блокировать работу почек.",исследователи университета сообщили что эти два соединения вступают друг с другом в реакцию образуя кристаллы которые могут блокировать работу почек,исследователи университета сообщили что эти два соединения вступают друг с другом в реакцию образуя кристаллы которые могут блокировать работу почек
1818,"Для людей может быть неожиданным, что терпение и понимание необходимо проявлять и к путешественникам, вернувшимся домой.","Для людей может быть неожиданным, что терпение и понимание необходимо проявлять и к путешественникам вернувшимся домой.",для людей может быть неожиданным что терпение и понимание необходимо проявлять и к путешественникам вернувшимся домой,для людей может быть неожиданным что терпение и понимание необходимо проявлять и к путешественникам вернувшимся домой
1682,"Хотя никто не знает наверняка, кто его написал, известно, что в начале своего существования этот большой пергаментный документ (размером 29¾ на 24½ дюйма) был свёрнут для более удобного хранения.","Хотя никто не знает наверняка, кто его написал, известно, что в начале своего существования этот большой перкометный документ размером 29,34 на 24,1 у2 удиума был свернут для более удобного хранения.",хотя никто не знает наверняка кто его написал известно что в начале своего существования этот большой пергаментный документ размером 293 4 на 241 2 дюйма был свернут для более удобного хранения,хотя никто не знает наверняка кто его написал известно что в начале своего существования этот большой перкометный документ размером 29 34 на 24 1 у2 удиума был свернут для более удобного хранения
1809,"Шпалы начали применяться довольно давно для того, чтобы удерживать рельсы на месте. Однако впоследствии стало ясно, что пути были более эффективны при полосе из железа сверху.","Шпалы начали применяться довольно давно для того, чтобы удерживать реальстия на месте, однако впоследствии стало ясно, что пути были более эффективными при полосе из железа сверху.",шпалы начали применяться довольно давно для того чтобы удерживать рельсы на месте однако впоследствии стало ясно что пути были более эффективны при полосе из железа сверху,шпалы начали применяться довольно давно для того чтобы удерживать реальстия на месте однако впоследствии стало ясно что пути были более эффективными при полосе из железа сверху
1926,"Во всех научных вопросах, включая психологию, были приняты взгляды Аристотеля.","Во всех научных вопросах, включая психологию, были приняты взгляды орестотеля.",во всех научных вопросах включая психологию были приняты взгляды аристотеля,во всех научных вопросах включая психологию были приняты взгляды орестотеля
1731,"Исследуя архипелаги или посещая озера, вы вполне сможете обойтись и без яхты.","Иследуя архипелаги или посещая озера, вы вполне сможете обатить и без яхты.",исследуя архипелаги или посещая озера вы вполне сможете обойтись и без яхты,иследуя архипелаги или посещая озера вы вполне сможете обатить и без яхты
1909,"Виртуальные команды придерживаются тех же стандартов мастерства, что и обычные команды, но имеются небольшие различия.","Виртуальные команды придерживаются от тех же стандартов мастерства, что и обычные команды, но имеются небольшие различия.",виртуальные команды придерживаются тех же стандартов мастерства что и обычные команды но имеются небольшие различия,виртуальные команды придерживаются от тех же стандартов мастерства что и обычные команды но имеются небольшие различия
1831,"Национальный парк Плитвицкие озёра сильно зарос лесом, в основном буками, елями и пихтами, и представляет собой смесь альпийской и средиземноморской растительности.","Национальный парк Литвицкий озера сильно зарос лесом в основном буквами, елами и пихтами, и представляет собой смесь альпийской и средиземноморской растительности.",национальный парк плитвицкие озера сильно зарос лесом в основном буками елями и пихтами и представляет собой смесь альпийской и средиземноморской растительности,национальный парк литвицкий озера сильно зарос лесом в основном буквами елами и пихтами и представляет собой смесь альпийской и средиземноморской растительности
1686,"В итоге сплочённая работа организации с целью преодолеть препятствие может привести к новому инновационному процессу, который будет отвечать интересам клиента.","В итоге сплаченый работа организаций с целью преодолеть препятствия может привести к новому инновационному процессу, которую будет отвечать интересом клиента.",в итоге сплоченная работа организации с целью преодолеть препятствие может привести к новому инновационному процессу который будет отвечать интересам клиента,в итоге сплаченый работа организаций с целью преодолеть препятствия может привести к новому инновационному процессу которую будет отвечать интересом клиента
1908,Важно различать глаголы и дополнения.,Важно различать глаголы и дополнение.,важно различать глаголы и дополнения,важно различать глаголы и дополнение
1843,"Профессор Памела Фергюсон из Университета Данди отмечает, что ""журналисты, похоже, и вправду ходят по опасной грани, публикуя фотографии и прочие данные о подозреваемых"".","Профессор Помэла Фергусон из университета Данди отмечает, что журналисты похожи и вправду ходят по опасной грани, публикуя фотографии и прочие данные о подозреваемых.",профессор памела фергюсон из университета данди отмечает что журналисты похоже и вправду ходят по опасной грани публикуя фотографии и прочие данные о подозреваемых,профессор помэла фергусон из университета данди отмечает что журналисты похожи и вправду ходят по опасной грани публикуя фотографии и прочие данные о подозреваемых
1817,Но Шенгенская зона в этом плане функционирует как единая страна.,Но Шингенская зона в этом плане функционирует как единая страна.,но шенгенская зона в этом плане функционирует как единая страна,но шингенская зона в этом плане функционирует как единая страна
1692,"Согласно ядерному управлению Японии, на заводе были обнаружены радиоактивный цезий и йод.",Согласно ядерному управлению Японии на заводе были обнаружены радиактивной цези Иод.,согласно ядерному управлению японии на заводе были обнаружены радиоактивный цезий и йод,согласно ядерному управлению японии на заводе были обнаружены радиактивной цези иод
1700,Она тоньше под лунными морями и толще под нагорьями.,Она тоньше подлунными морями и толще под нагорьями.,она тоньше под лунными морями и толще под нагорьями,она тоньше подлунными морями и толще под нагорьями
1958,"Данный город сильно отличается от других городов страны, так как в нем преобладает арабский колорит, а не африканский.","Данный город сильно отличается от других городов страны, так как в нём преобладает арабский колорид, а не африканский.",данный город сильно отличается от других городов страны так как в нем преобладает арабский колорит а не африканский,данный город сильно отличается от других городов страны так как в нем преобладает арабский колорид а не африканский
1910,"Парижане слывут эгоцентричными, грубыми и надменными.","Порежание сливует эгоцентричными, грубыми и надменными.",парижане слывут эгоцентричными грубыми и надменными,порежание сливует эгоцентричными грубыми и надменными
1916,"В немецкой выпечке часто используются миндаль, фундук и другие древесные орехи. Зачастую популярные торты отлично сочетаются с чашкой крепкого кофе.","В немецкой выпечке часто используются миндаль, фундук и другие древесные орехи. Зачастую популярные торты отлично сочетаются с чашкой крепкого кофе.",в немецкой выпечке часто используются миндаль фундук и другие древесные орехи зачастую популярные торты отлично сочетаются с чашкой крепкого кофе,в немецкой выпечке часто используются миндаль фундук и другие древесные орехи зачастую популярные торты отлично сочетаются с чашкой крепкого кофе
1766,"Некоторые атомы имеют нестабильное ядро, что означает, что они склонны распадаться при малом воздействие или без него.","Некоторые атомы имеют нестабильное ядро, что означает, что они склоны распадаться прямалом воздействии или без него.",некоторые атомы имеют нестабильное ядро что означает что они склонны распадаться при малом воздействие или без него,некоторые атомы имеют нестабильное ядро что означает что они склоны распадаться прямалом воздействии или без него
1716,"Развлекательно-новостной сайт TMZ полагает, что фотограф остановил свой автомобиль на противоположной стороне бульвара Сепульведа и попытался сделать снимки остановки полицейскими, перед тем как перейти дорогу и продолжить. Полицейский Калифорнийского дорожного патруля, остановивший движение, дважды был вынужден приказать ему перейти обратно.","Разлекательный новостной сайт TMZ полагает, что фотограф остановился в автомобильно-противоположной стороне бульвара с лепульведа, и попытался сделать с ним остановки полицейскими перед тем, как передорогу и продолжить. Полицейский калифорнизкого дорожного патруля, остановившее движение, дважды был вынужден приказать ему перейти обратно.",развлекательно новостной сайт tmz полагает что фотограф остановил свой автомобиль на противоположной стороне бульвара сепульведа и попытался сделать снимки остановки полицейскими перед тем как перейти дорогу и продолжить полицейский калифорнийского дорожного патруля остановивший движение дважды был вынужден приказать ему перейти обратно,разлекательный новостной сайт tmz полагает что фотограф остановился в автомобильно противоположной стороне бульвара с лепульведа и попытался сделать с ним остановки полицейскими перед тем как передорогу и продолжить полицейский калифорнизкого дорожного патруля остановившее движение дважды был вынужден приказать ему перейти обратно
1747,Коллеги-рестлеры тоже отдали Луне дань уважения.,Калеги Реслеры тоже отдали луне дать уважения.,коллеги рестлеры тоже отдали луне дань уважения,калеги реслеры тоже отдали луне дать уважения
1995,"Виртуальный скаффолдинг, помогающий в обучении, встроен в программное обеспечение и предназначен для того, чтобы напоминать, объяснять и задавать вопросы насчёт процедур, с которыми обучающемуся, возможно, было бы слишком трудно справиться в одиночку.","Виртуальный скафолдинг, помогающий в обущении, встроен в программное обеспечение и предназначен для того, чтобы напоминать, объяснять и задавать вопросы насчёт процедур, с которыми обущающимся, возможно, было бы слишком трудно справиться в одиночку.",виртуальный скаффолдинг помогающий в обучении встроен в программное обеспечение и предназначен для того чтобы напоминать объяснять и задавать вопросы насчет процедур с которыми обучающемуся возможно было бы слишком трудно справиться в одиночку,виртуальный скафолдинг помогающий в обущении встроен в программное обеспечение и предназначен для того чтобы напоминать объяснять и задавать вопросы насчет процедур с которыми обущающимся возможно было бы слишком трудно справиться в одиночку
1773,Прерывание сна — это процесс целенаправленного пробуждения во время обычного сна и повторного засыпания через короткое время (10–60 минут).,При рвание сна этот процесс цилинаправленного пробуждения во время обычного сна и повторного засыпания через короткое время — 10-60 минут.,прерывание сна это процесс целенаправленного пробуждения во время обычного сна и повторного засыпания через короткое время 10 60 минут,при рвание сна этот процесс цилинаправленного пробуждения во время обычного сна и повторного засыпания через короткое время 10 60 минут
1963,"Глажка влажной одежды помогает ей высохнуть. Многие отели предоставляют напрокат утюг и гладильную доску, даже если они отсутствуют в номере.","Глажка влажной одежды помогайте и высухнуть. Многие отели продоставляют на прокат, путюх и гладильное доску, даже если они отсутствуют в номере.",глажка влажной одежды помогает ей высохнуть многие отели предоставляют напрокат утюг и гладильную доску даже если они отсутствуют в номере,глажка влажной одежды помогайте и высухнуть многие отели продоставляют на прокат путюх и гладильное доску даже если они отсутствуют в номере
1740,Звуковое и световое шоу на фоне пирамиды является одним из самых интересных мероприятий в этой местности для детей.,Звуковое и световое шоу на фоне пирамиды является одним из самых интересных мероприятий в этой местности для детей.,звуковое и световое шоу на фоне пирамиды является одним из самых интересных мероприятий в этой местности для детей,звуковое и световое шоу на фоне пирамиды является одним из самых интересных мероприятий в этой местности для детей
1988,"Среди большинства граждан и народов в 1920-е годы преобладали такие настроения, как пацифизм и изоляция.",Среди большинства граждан и народов в 1920-е годы преобладали такие настроения как поцифизм и изоляция.,среди большинства граждан и народов в 1920 е годы преобладали такие настроения как пацифизм и изоляция,среди большинства граждан и народов в 1920 е годы преобладали такие настроения как поцифизм и изоляция
1923,"Эта стратегия доказала свою эффективность, отрезав жизненно важные военные и гражданские поставки, хотя эта блокада нарушала принятые повсеместно международные законы, изложенные в нескольких международных соглашениях за последние двести лет.","Эта стратегия доказала свою эффективность, отрезав жизнь на важные военные и гражданские поставки, хотя эта блокада нарушала принятоые по всемесно-международной законы, изложенные в несколких международных соглашениях за последние 200 лет.",эта стратегия доказала свою эффективность отрезав жизненно важные военные и гражданские поставки хотя эта блокада нарушала принятые повсеместно международные законы изложенные в нескольких международных соглашениях за последние двести лет,эта стратегия доказала свою эффективность отрезав жизнь на важные военные и гражданские поставки хотя эта блокада нарушала принятоые по всемесно международной законы изложенные в несколких международных соглашениях за последние 200 лет
1680,"Будучи всесторонне развитым атлетом, тигр может взбираться на деревья (хотя и не очень хорошо), плавать, прыгать на большие расстояния и тянуть с силой пяти крепких человек.","Будучи всестеронне развитым атлетом, тигр может разбираться на деревья, хотя и не очень хорошо. Плавать, прыгать на большие расстояния и тянуть с силой 5 крепких человек.",будучи всесторонне развитым атлетом тигр может взбираться на деревья хотя и не очень хорошо плавать прыгать на большие расстояния и тянуть с силой пяти крепких человек,будучи всестеронне развитым атлетом тигр может разбираться на деревья хотя и не очень хорошо плавать прыгать на большие расстояния и тянуть с силой 5 крепких человек
1729,"Например, ежегодно учащиеся школы Беннет в Северной Каролине создают сайт о своём посещении столицы штата, и каждый год этот сайт обновляется, но доступ к старым версиям по-прежнему сохраняется — они служат памятным альбомом.","Например, ежегодно учащиеся в школы Бенед в северной королине, создают сайт о своём посещении столицы штата, и каждый год этот сайт обновляется, но доступ к старым версиям по-прежнему сохраняется, а не слушает памятным альбомам.",например ежегодно учащиеся школы беннет в северной каролине создают сайт о своем посещении столицы штата и каждый год этот сайт обновляется но доступ к старым версиям по прежнему сохраняется они служат памятным альбомом,например ежегодно учащиеся в школы бенед в северной королине создают сайт о своем посещении столицы штата и каждый год этот сайт обновляется но доступ к старым версиям по прежнему сохраняется а не слушает памятным альбомам
1674,"В некоторых местах достаточно прокипятить воду в течение минуты, в других потребуется несколько минут.",В некоторых местах достаточно прокипетить воду в течение минуты. В других потребуется несколько минут.,в некоторых местах достаточно прокипятить воду в течение минуты в других потребуется несколько минут,в некоторых местах достаточно прокипетить воду в течение минуты в других потребуется несколько минут
1830,Правящая партия Организация народов Юго‑Западной Африки (СВАПО) также сохранила большинство на парламентских выборах.,Правящая партия организации народов Юго-Западной Африки Свапо также сохранила большинство на парламентских выборах.,правящая партия организация народов юго западной африки свапо также сохранила большинство на парламентских выборах,правящая партия организации народов юго западной африки свапо также сохранила большинство на парламентских выборах
1826,"После несчастного случая Гибсон был доставлен в больницу, но вскоре скончался.","После несчастного случая, Гипсон был доставлен в больницу, но вскоре скончался.",после несчастного случая гибсон был доставлен в больницу но вскоре скончался,после несчастного случая гипсон был доставлен в больницу но вскоре скончался
1802,"Интернет сочетает в себе элементы как массовых, так и межличностных коммуникаций.","Интернет сочетает себе элементы как массовых, так и в междунасилях коммуникаций.",интернет сочетает в себе элементы как массовых так и межличностных коммуникаций,интернет сочетает себе элементы как массовых так и в междунасилях коммуникаций
1755,Одна из бомб взорвалась возле офиса генерал-губернатора.,Одна из бонд взорвалась возле офиса генерал-губернатора.,одна из бомб взорвалась возле офиса генерал губернатора,одна из бонд взорвалась возле офиса генерал губернатора
1703,"Вчера Мартейи привёл к присяге новый Временный избирательный совет (ВИС), состоящий из девяти участников.","Вчера Мортеи привел к присяге новый временный избирательный совет VIS, состоящий из девяти участников.",вчера мартейи привел к присяге новый временный избирательный совет вис состоящий из девяти участников,вчера мортеи привел к присяге новый временный избирательный совет vis состоящий из девяти участников
1980,"К сожалению, сложно изучать интенсивность движения автотранспорта, потому что нельзя со стопроцентной вероятностью предсказать поведение водителя.","К сожалению, сложно изучать интенсивное сдвижение автотранспорта, потому что нельзя 100% на вероятность предсказать поведения водителя.",к сожалению сложно изучать интенсивность движения автотранспорта потому что нельзя со стопроцентной вероятностью предсказать поведение водителя,к сожалению сложно изучать интенсивное сдвижение автотранспорта потому что нельзя 100 на вероятность предсказать поведения водителя
1819,"В древнем Китае использовали уникальный способ обозначения периодов времени; каждый этап Китая или каждая семья, находившаяся у власти, были особой династией.",В древнем Китай использовали уникальный способ обозначения передов времени. Каждый этап Китая или каждая семья находившаяся у власти были особой династией.,в древнем китае использовали уникальный способ обозначения периодов времени каждый этап китая или каждая семья находившаяся у власти были особой династией,в древнем китай использовали уникальный способ обозначения передов времени каждый этап китая или каждая семья находившаяся у власти были особой династией
1664,"Получите новую смесь, перемешав два сухих порошка в одной емкости, а затем чистыми влажными руками слепите из этой смеси шарик.","Получите новую смесь, перемешав два сухих порашка в одной емкости, а затем чистыми влажными руками с лепетей из этой смеси шарик.",получите новую смесь перемешав два сухих порошка в одной емкости а затем чистыми влажными руками слепите из этой смеси шарик,получите новую смесь перемешав два сухих порашка в одной емкости а затем чистыми влажными руками с лепетей из этой смеси шарик
1839,"Представьте, что лыжный маршрут — это пешеходный маршрут.","Представьте, что лыжный маршрут — это пешеходный маршрут.",представьте что лыжный маршрут это пешеходный маршрут,представьте что лыжный маршрут это пешеходный маршрут
1775,Использование видеозаписи привело к важным открытиям в сфере интерпретации микровыражений  — движений лица длительностью несколько миллисекунд.,"Использование видеозаписи привело к важным открытиям сфере интерпретации микровыражений, движение лица, длительностью несколько милисекунд.",использование видеозаписи привело к важным открытиям в сфере интерпретации микровыражений движений лица длительностью несколько миллисекунд,использование видеозаписи привело к важным открытиям сфере интерпретации микровыражений движение лица длительностью несколько милисекунд
2004,"В том же месяце другой авиалайнер выкатился за пределы взлетной полосы в Мешхеде и врезался в стену, погибли семнадцать человек.","В том же месте другой авиаланер выкатился за пределы взлётной полосы в Меш-Хеде и врезался в стену, погибли 17 человек.",в том же месяце другой авиалайнер выкатился за пределы взлетной полосы в мешхеде и врезался в стену погибли семнадцать человек,в том же месте другой авиаланер выкатился за пределы взлетной полосы в меш хеде и врезался в стену погибли 17 человек
1768,"Большинство зданий по краям комплекса было перестроено, чтобы дать туристам более точное представление о том, как они выглядели изначально.","Пальшество зданий по краям комплекса было перестроено, чтобы дать туристам более точное представление о том, как они выглядели изначально.",большинство зданий по краям комплекса было перестроено чтобы дать туристам более точное представление о том как они выглядели изначально,пальшество зданий по краям комплекса было перестроено чтобы дать туристам более точное представление о том как они выглядели изначально
1796,"Этот осадок требовался для формирования пляжей и песчаных отмелей, являвшихся местом обитания диких животных.","Это садок требовался для формирования пляжей и пещаных отмелей, являвшихся местом обитания диких животных.",этот осадок требовался для формирования пляжей и песчаных отмелей являвшихся местом обитания диких животных,это садок требовался для формирования пляжей и пещаных отмелей являвшихся местом обитания диких животных
1858,"Даниэль Лантань, эксперт ООН по вопросам данной болезни, заявила, что вспышка, вероятно, была вызвана миротворцами.","Даниэль Лонтань, эксперт оон по вопросам данной болезни, заявила, что спышка вероятно была вызвана миротворцами.",даниэль лантань эксперт оон по вопросам данной болезни заявила что вспышка вероятно была вызвана миротворцами,даниэль лонтань эксперт оон по вопросам данной болезни заявила что спышка вероятно была вызвана миротворцами
1843,"Профессор Памела Фергюсон из Университета Данди отмечает, что ""журналисты, похоже, и вправду ходят по опасной грани, публикуя фотографии и прочие данные о подозреваемых"".","Профессор Помелле-Фергисон из университет отдани не отмечает, что журналисты похоже и в правду ходят по опасной грани в публикуя фотографии прочие данные опыта зреваемых.",профессор памела фергюсон из университета данди отмечает что журналисты похоже и вправду ходят по опасной грани публикуя фотографии и прочие данные о подозреваемых,профессор помелле фергисон из университет отдани не отмечает что журналисты похоже и в правду ходят по опасной грани в публикуя фотографии прочие данные опыта зреваемых
1821,Взаимосвязь между патологией мозга и поведением используется учёными в их исследованиях.,К взъимосвязь между патологией моза и поведением используется учеными в их исследованиях.,взаимосвязь между патологией мозга и поведением используется учеными в их исследованиях,к взъимосвязь между патологией моза и поведением используется учеными в их исследованиях
1685,"Например, самый распространённый в мире формат для статических фотографий — 35 мм, и именно этот размер был доминирующим размером плёнки на закате аналоговой эры.","Например, самый распространённый в мире формали статических фотографий 35 мм, и именно этот размер был доминирующим размером плёнки на закате аналоговой эры.",например самый распространенный в мире формат для статических фотографий 35 мм и именно этот размер был доминирующим размером пленки на закате аналоговой эры,например самый распространенный в мире формали статических фотографий 35 мм и именно этот размер был доминирующим размером пленки на закате аналоговой эры
1766,"Некоторые атомы имеют нестабильное ядро, что означает, что они склонны распадаться при малом воздействие или без него.","Некоторые атомы имеют нестабильное ябро, что означает, что они склонны распадаться при малом воздействии или без него.",некоторые атомы имеют нестабильное ядро что означает что они склонны распадаться при малом воздействие или без него,некоторые атомы имеют нестабильное ябро что означает что они склонны распадаться при малом воздействии или без него
1904,Однако из-за медленных каналов связи стили на западе могут отставать на 25-30 лет.,Однако из-за медленных каналов связи стилин азападе могут отставать на 25-30 лет.,однако из за медленных каналов связи стили на западе могут отставать на 25 30 лет,однако из за медленных каналов связи стилин азападе могут отставать на 25 30 лет
1872,"Во время борьбы за независимость, организованной движением Мау, мирное собрание в городе привело к убийству верховного вождя Тупуа Тамсесе Леалофи III.","Во время борбы из-за независимости организованное движение Мау, мирное собрание в городе привело к убийству Верховного вождения Тупо, Томсеса, Леолофии 3-го.",во время борьбы за независимость организованной движением мау мирное собрание в городе привело к убийству верховного вождя тупуа тамсесе леалофи iii,во время борбы из за независимости организованное движение мау мирное собрание в городе привело к убийству верховного вождения тупо томсеса леолофии 3 го
1773,Прерывание сна — это процесс целенаправленного пробуждения во время обычного сна и повторного засыпания через короткое время (10–60 минут).,Прерывание сна — это процесс или направленного пробуждения в время обычного сна и повторного засыпания через короткое время — 10-60 минут.,прерывание сна это процесс целенаправленного пробуждения во время обычного сна и повторного засыпания через короткое время 10 60 минут,прерывание сна это процесс или направленного пробуждения в время обычного сна и повторного засыпания через короткое время 10 60 минут
1724,Слава о нем как о центре роскоши пошла около 400 г. н. э. и продолжалась примерно до 1100 г. н. э.,"Слава о нем, как от центре роскоши, пошла около 400 года нашей эры и продолжалась примерно до 1000 года года нашей эры.",слава о нем как о центре роскоши пошла около 400 г н э и продолжалась примерно до 1100 г н э,слава о нем как от центре роскоши пошла около 400 года нашей эры и продолжалась примерно до 1000 года года нашей эры
1787,"Блоггерство является инструментом, стимулирующим сотрудничество, и оно мотивирует учащихся распространить процесс приобретения знаний далеко за пределы традиционного учебного дня.","Блогерство является инструментом стимулирующим сотрудничество, и оно мотивирует учащихся распространить процесс приобретения знаний далеко за пределы традиционного учебного дня.",блоггерство является инструментом стимулирующим сотрудничество и оно мотивирует учащихся распространить процесс приобретения знаний далеко за пределы традиционного учебного дня,блогерство является инструментом стимулирующим сотрудничество и оно мотивирует учащихся распространить процесс приобретения знаний далеко за пределы традиционного учебного дня
1851,"Отбойное течение — течение, создаваемое волнами, которые разбиваются о берег, или иногда об риф или что-то подобное.","Одбойное течение, течение, создаваемое волнами, которые разбиваются о берег или иногда обрив или что-то подобное.",отбойное течение течение создаваемое волнами которые разбиваются о берег или иногда об риф или что то подобное,одбойное течение течение создаваемое волнами которые разбиваются о берег или иногда обрив или что то подобное
1662,"Сплавы по существу представляют собой смесь двух или более металлов. Не забывайте, что в периодической таблице много элементов.","С плавы по существу представляют собой смесь двух или более металлов. Не забывайте, что в периодической таблице много элементов.",сплавы по существу представляют собой смесь двух или более металлов не забывайте что в периодической таблице много элементов,с плавы по существу представляют собой смесь двух или более металлов не забывайте что в периодической таблице много элементов
1881,Выкладывание экскурсии в виртуальное пространство для всеобщего обозрения — это также отличный способ освежить в памяти экскурсию и поделиться своим полученными знаниями с будущими классами.,Вкладывание экскурсии в виртуальное пространство для всеобщего возрения — это также отличный способ освежить память и экскурсию и поделиться своим полученным знанием с будущими классами.,выкладывание экскурсии в виртуальное пространство для всеобщего обозрения это также отличный способ освежить в памяти экскурсию и поделиться своим полученными знаниями с будущими классами,вкладывание экскурсии в виртуальное пространство для всеобщего возрения это также отличный способ освежить память и экскурсию и поделиться своим полученным знанием с будущими классами
1919,"Этот город также является отправной точкой для восхождения на вулкан Ньирагонго, а также здесь можно посмотреть на горных горилл в дикой природе по одной из самых дешёвых цен в Африке.","Это город также является отправной точкой для восхождения на вулкан Ньерагонга, а также здесь можно посмотреть на горы на горил, в дикой природе падную и самых дешевых цен в Африке.",этот город также является отправной точкой для восхождения на вулкан ньирагонго а также здесь можно посмотреть на горных горилл в дикой природе по одной из самых дешевых цен в африке,это город также является отправной точкой для восхождения на вулкан ньерагонга а также здесь можно посмотреть на горы на горил в дикой природе падную и самых дешевых цен в африке
1979,"Официальной валютой Фолклендских островов является фунт Фолкендских островов (FKP), стоимость которого эквивалентна стоимости одного британского фунта стерлингов (GBP).","Официальный валютый Фолклинский островов является фунт Фолклинских островов FKP, стоимость которого эквивалент на стоимостье одного британского фунта стерлингов GBP.",официальной валютой фолклендских островов является фунт фолкендских островов fkp стоимость которого эквивалентна стоимости одного британского фунта стерлингов gbp,официальный валютый фолклинский островов является фунт фолклинских островов fkp стоимость которого эквивалент на стоимостье одного британского фунта стерлингов gbp
1946,"Правила отмены заказов могут отличаться, но по состоянию на конец марта большая часть правил, связанных с коронавирусом, не распространяется на июль 2020 года, когда были запланированы Олимпийские игры.","Правила отменных заказов могут отличаться, но по состоянию на конец марта большая часть правил, связанных с коронавирусом, не распространяется на июль 2020 года, когда были запланированы Олимпийские игры.",правила отмены заказов могут отличаться но по состоянию на конец марта большая часть правил связанных с коронавирусом не распространяется на июль 2020 года когда были запланированы олимпийские игры,правила отменных заказов могут отличаться но по состоянию на конец марта большая часть правил связанных с коронавирусом не распространяется на июль 2020 года когда были запланированы олимпийские игры
1865,Круизы в Санкт-Петербург включают прогулки по городу. Пассажиры круизов освобождены от визовых требований (уточните условия).,"Круизы в Санкт-Петербург включают прогулки по городу. Пассажиры круизов освобождены от визовых требований, уточняйте условия.",круизы в санкт петербург включают прогулки по городу пассажиры круизов освобождены от визовых требований уточните условия,круизы в санкт петербург включают прогулки по городу пассажиры круизов освобождены от визовых требований уточняйте условия
1876,"Управление по чрезвычайным ситуациям Северных Марианских островов заявило, что в стране не было сообщений о причинённом ущербе.","Управление по чрезвычайным ситуациям северных мурианских островов заявило, что в стране не было сообщение о причиненном ущерби.",управление по чрезвычайным ситуациям северных марианских островов заявило что в стране не было сообщений о причиненном ущербе,управление по чрезвычайным ситуациям северных мурианских островов заявило что в стране не было сообщение о причиненном ущерби
1807,"Итальянский язык также является повседневным языком для большинства людей, работающих в государстве, в то время как латынь зачастую используется в религиозных церемониях.","Итальянский язык также является повседневным языком для большинства людей, работающих в государстве, в то время как латынь зачастую используется в религиозных церемониях.",итальянский язык также является повседневным языком для большинства людей работающих в государстве в то время как латынь зачастую используется в религиозных церемониях,итальянский язык также является повседневным языком для большинства людей работающих в государстве в то время как латынь зачастую используется в религиозных церемониях
1785,"Скаффолдинг — это не метод обучения, а скорее форма помощи тем, кто проходит через новый опыт обучения, такой как использование новой компьютерной программы или начало нового проекта.","Скафолдинг — это не метод обучения, а скорее формы помощи тем, кто проходит через новый опыт обучения, такой как использование новой компьютерной программы или начало новую проекта.",скаффолдинг это не метод обучения а скорее форма помощи тем кто проходит через новый опыт обучения такой как использование новой компьютерной программы или начало нового проекта,скафолдинг это не метод обучения а скорее формы помощи тем кто проходит через новый опыт обучения такой как использование новой компьютерной программы или начало новую проекта
1947,"До прибытия войск государство Гаити не сталкивалось с проблемами, касающимися данного заболевания, с начала 19 века.","До прибытия войск густерство Гаити не сталкивалось с проблемами, касающимися даны заболевания с начал девятанствого века.",до прибытия войск государство гаити не сталкивалось с проблемами касающимися данного заболевания с начала 19 века,до прибытия войск густерство гаити не сталкивалось с проблемами касающимися даны заболевания с начал девятанствого века
1679,Группа Aerosmith отменила оставшиеся концерты в своем турне.,Группа Айрасмис отменила оставшиеся концерты в своём турне.,группа aerosmith отменила оставшиеся концерты в своем турне,группа айрасмис отменила оставшиеся концерты в своем турне
1968,"В некоторых круизных брошюрах представлен Берлин, Германия. Как вы можете видеть на карте наверху, Берлин находится вдали от моря и визит в город не включён в цену круиза.","В некоторых круизных брушерах представлен Берлин, Германия. Как вы можете видеть, на карте наверху Берлин находится в долей от моря и визит в город не включен в цену круиза.",в некоторых круизных брошюрах представлен берлин германия как вы можете видеть на карте наверху берлин находится вдали от моря и визит в город не включен в цену круиза,в некоторых круизных брушерах представлен берлин германия как вы можете видеть на карте наверху берлин находится в долей от моря и визит в город не включен в цену круиза
1826,"После несчастного случая Гибсон был доставлен в больницу, но вскоре скончался.","После несчастного случая Гипсон был доставлен в больницу, но скоро и скончался.",после несчастного случая гибсон был доставлен в больницу но вскоре скончался,после несчастного случая гипсон был доставлен в больницу но скоро и скончался
1793,"Если вы не привыкли ездить по сельским дорогам, будьте начеку: преобладают крутые склоны, узкие переулки и резкие повороты.","Если вы не привыкли ездить по сельским дорогам, будьте на чеку, преобладают крутые склоны, узкие переволки и резкие повороты.",если вы не привыкли ездить по сельским дорогам будьте начеку преобладают крутые склоны узкие переулки и резкие повороты,если вы не привыкли ездить по сельским дорогам будьте на чеку преобладают крутые склоны узкие переволки и резкие повороты
1823,Изучение движения отдельных водителей и автомобилей между двумя точками и их взаимодействие друг с другом осуществляется в рамках исследования транспортных потоков.,Изучение движения отдельных водителей и автомобилей между двумя точками их замодистия друг с другом осуществляется в рамках исследования транспортных потоков.,изучение движения отдельных водителей и автомобилей между двумя точками и их взаимодействие друг с другом осуществляется в рамках исследования транспортных потоков,изучение движения отдельных водителей и автомобилей между двумя точками их замодистия друг с другом осуществляется в рамках исследования транспортных потоков
1720,"Горячий шоколад отвечает стандартам Бельгии. Хотя фруктовые соки стоят дорого, они имеют превосходное качество.","Горячий шоколад отвечает стандартом Бельгии, хотя фруктовые соки стоят дорого, они имеют превосходное качество.",горячий шоколад отвечает стандартам бельгии хотя фруктовые соки стоят дорого они имеют превосходное качество,горячий шоколад отвечает стандартом бельгии хотя фруктовые соки стоят дорого они имеют превосходное качество
1813,"Официальными языками Барселоны являются каталанский и испанский. Примерно половина населения предпочитает разговаривать на каталанском, большинство понимают его, и практически все знают испанский.","Официальными языками Барселоны являются каталандский и испанский. Примерно половина населения предпочитают разговаривать на каталандском, большинство понимают его и практически все знают испанский.",официальными языками барселоны являются каталанский и испанский примерно половина населения предпочитает разговаривать на каталанском большинство понимают его и практически все знают испанский,официальными языками барселоны являются каталандский и испанский примерно половина населения предпочитают разговаривать на каталандском большинство понимают его и практически все знают испанский
1840,"Подобные площадки, которые посетило большое количество людей, были организованы во многих других городах Италии и в остальном мире, в частности в Польше.","Подобные площадки, которые посетила большое количество людей, были организованы во многих других городах Италии и в остальном мире, в частности в Польше.",подобные площадки которые посетило большое количество людей были организованы во многих других городах италии и в остальном мире в частности в польше,подобные площадки которые посетила большое количество людей были организованы во многих других городах италии и в остальном мире в частности в польше
1791,"Не оскверняйте это место, нанося или выцарапывая граффити на объекты вокруг.","Не оскверняйте это место, нанося или выцарапывая граффити на объекты вокруг.",не оскверняйте это место нанося или выцарапывая граффити на объекты вокруг,не оскверняйте это место нанося или выцарапывая граффити на объекты вокруг
1738,"Он также атаковал все, что входило в воду; даже гигантский динозавр, такой как тиранозавр, не сравнился бы с ним.","Он также атаковал всё, что входило в воду. Даже гигантский динозавр, такой как терранный завр, не сравнился бы с ним.",он также атаковал все что входило в воду даже гигантский динозавр такой как тиранозавр не сравнился бы с ним,он также атаковал все что входило в воду даже гигантский динозавр такой как терранный завр не сравнился бы с ним
2000,"Если вы пересекаете северную часть Балтийского моря зимой, узнайте насчёт расположения каюты, так как прохождение по льду приводит к довольно жуткому шуму, который может мешать спать наиболее чувствительным людям.","Если вы пересекаете северную часть Балтийского моря Зимой, узнайте насчёт расположения Коюты, так как прохождение по льду приводит ковольно жуткому шуму, которую может мешать спать наиболее чувствительным людям.",если вы пересекаете северную часть балтийского моря зимой узнайте насчет расположения каюты так как прохождение по льду приводит к довольно жуткому шуму который может мешать спать наиболее чувствительным людям,если вы пересекаете северную часть балтийского моря зимой узнайте насчет расположения коюты так как прохождение по льду приводит ковольно жуткому шуму которую может мешать спать наиболее чувствительным людям
1936,"Перри заявил, что вернётся в Техас, ""чтобы оценить результаты сегодняшнего партийного собрания и определить, стоит ли мне продолжать гонку"", но позже сказал, что он её продолжит и будет участвовать в предварительных выборах в Южной Каролине 21 января.","Перри заявил, что вернётся в Техас, чтобы оценить результаты сегодняшнего партийного собрания и определить, стоит ли мне продолжать гонку, но позже сказал, что он её продолжит и будет участвовать в предварительных выборах в Южной Королине 21 января.",перри заявил что вернется в техас чтобы оценить результаты сегодняшнего партийного собрания и определить стоит ли мне продолжать гонку но позже сказал что он ее продолжит и будет участвовать в предварительных выборах в южной каролине 21 января,перри заявил что вернется в техас чтобы оценить результаты сегодняшнего партийного собрания и определить стоит ли мне продолжать гонку но позже сказал что он ее продолжит и будет участвовать в предварительных выборах в южной королине 21 января
1773,Прерывание сна — это процесс целенаправленного пробуждения во время обычного сна и повторного засыпания через короткое время (10–60 минут).,Прерывание сна — это процед цель направленного пробуждения во время обычного сна и повторного засыпания через короткое время — 10-60 минут.,прерывание сна это процесс целенаправленного пробуждения во время обычного сна и повторного засыпания через короткое время 10 60 минут,прерывание сна это процед цель направленного пробуждения во время обычного сна и повторного засыпания через короткое время 10 60 минут
1939,"Также после Революции открылись возможности работы открылись всем мужчинам, что позволило самым амбициозным и талантливым добиться успеха.","Также после революции открылись возможности работы, открылись всем мужчинам, что позволило самым бицезосным и талантливым добиться успеха.",также после революции открылись возможности работы открылись всем мужчинам что позволило самым амбициозным и талантливым добиться успеха,также после революции открылись возможности работы открылись всем мужчинам что позволило самым бицезосным и талантливым добиться успеха
1877,"Нынешняя сенатор и Первая леди Аргентины Кристина Фернандес де Киршнер анонсировала выдвижение своей кандидатуры на пост президента вчера вечером в Ла-Плате, городе в 50 километрах (31 милях) от Буэнос-Айреса.","Нынешняя сенатор и первая ледик, Аргентиной, Кристина Фернандесдик Киршнер, анонсировала выдвижение своей кандидатуры на пост президента вчера вечером в Лаплате в городе в 50 км, 31 милях от Беносайреса.",нынешняя сенатор и первая леди аргентины кристина фернандес де киршнер анонсировала выдвижение своей кандидатуры на пост президента вчера вечером в ла плате городе в 50 километрах 31 милях от буэнос айреса,нынешняя сенатор и первая ледик аргентиной кристина фернандесдик киршнер анонсировала выдвижение своей кандидатуры на пост президента вчера вечером в лаплате в городе в 50 км 31 милях от беносайреса
1893,"Сундарбан — это крупнейший пояс прибрежных мангровых зарослей, простирающийся от берега на 80 км (50 миль) вглубь континента в Бангладеше и Индии.","Сундарбан — это крупнейший поис прибрежных мангровых зарослей, простирающийся от берега на 80 км — 50 миль, в глубь континентов Бангладеши и Индии.",сундарбан это крупнейший пояс прибрежных мангровых зарослей простирающийся от берега на 80 км 50 миль вглубь континента в бангладеше и индии,сундарбан это крупнейший поис прибрежных мангровых зарослей простирающийся от берега на 80 км 50 миль в глубь континентов бангладеши и индии
1845,"Они вернулись в Париж в карете, окружённые толпой людей, которые выкрикивали угрозы королю и королеве.","Они вернулись в Париж в Каррете, окружённые толпой людей, которые выкрикивали угрозы Королю и Королевия.",они вернулись в париж в карете окруженные толпой людей которые выкрикивали угрозы королю и королеве,они вернулись в париж в каррете окруженные толпой людей которые выкрикивали угрозы королю и королевия
1853,Джанкарло Физикелла потерял контроль над управлением своим автомобилем и завершил гонку вскоре после старта.,Джан-Карла физикеула потерял контроль над управляющим своим автомобилем и завершил гонку вскоре после старта.,джанкарло физикелла потерял контроль над управлением своим автомобилем и завершил гонку вскоре после старта,джан карла физикеула потерял контроль над управляющим своим автомобилем и завершил гонку вскоре после старта
1816,"Дюваль, который женат и имеет двух совершеннолетних детей, не произвел большого впечатления на Миллера, которому рассказали эту историю.","Дюваль, который женат и имеет двух совершеннолетних детей, не произвел большого впечатления на Миллера, которому рассказали эту историю.",дюваль который женат и имеет двух совершеннолетних детей не произвел большого впечатления на миллера которому рассказали эту историю,дюваль который женат и имеет двух совершеннолетних детей не произвел большого впечатления на миллера которому рассказали эту историю
1945,Касабланка – одно из наименее интересных мест для шопинга во всем Марокко.,Кособланка — одно из менее интересных мест для шопинка во всем Марока.,касабланка одно из наименее интересных мест для шопинга во всем марокко,кособланка одно из менее интересных мест для шопинка во всем марока
1935,"Однако это неправда. Хотя что-то и написано на обороте документа, это не карта сокровищ.","Однако это неправда, хотя что-то и написано на обороте документа, это не карта сокровищ.",однако это неправда хотя что то и написано на обороте документа это не карта сокровищ,однако это неправда хотя что то и написано на обороте документа это не карта сокровищ
1779,"Заявление было сделано после того, как Трамп провел телефонный разговор с президентом Турции Реджепом Тайипом Эрдоганом.","Заявление было сделано после того, как Трамп провел телефонный разговор с президентом Турции Реджипом Таипом Эртаганом.",заявление было сделано после того как трамп провел телефонный разговор с президентом турции реджепом тайипом эрдоганом,заявление было сделано после того как трамп провел телефонный разговор с президентом турции реджипом таипом эртаганом
1789,"Среди других номинаций: ""Лучшая картина"", ""Режиссёр"", ""Операторская работа"", ""Дизайн костюмов"", ""Монтаж фильма"", ""Оригинальная музыка"", ""Художник-постановщик"", ""Звуковой монтаж"", ""Звук"" и ""Оригинальный сценарий"".","Среди других номинаций — лучшая картина, режиссер, операторская работа, дизайн костюмов, монтаж фильма, оригинальная музыка, художник постановщик, звуковой монтаж, звук и оригинальный сценарий.",среди других номинаций лучшая картина режиссер операторская работа дизайн костюмов монтаж фильма оригинальная музыка художник постановщик звуковой монтаж звук и оригинальный сценарий,среди других номинаций лучшая картина режиссер операторская работа дизайн костюмов монтаж фильма оригинальная музыка художник постановщик звуковой монтаж звук и оригинальный сценарий
1702,Всего за 2 недели силы Свободной Франции и американцы освободили южную Францию и отправились в сторону Германии.,Всего за две недели Силы Свободной Франции и американцы освободили Южную Францию и отправились в сторону Германии.,всего за 2 недели силы свободной франции и американцы освободили южную францию и отправились в сторону германии,всего за две недели силы свободной франции и американцы освободили южную францию и отправились в сторону германии
1690,"Мы согласны с заявлением USOC о том, что интересам наших спортсменов, клубов, а также их видов спорта, больше соответствует проведение реформ внутри нашей организации, а не аннулирование ее сертификации.","Мы согласны с заявлением USOC о том, что интересом наших спортсменов-клубов, а также их вида экспорта, больше соответствует проведения реформ внутри нашей организации, а не аннулирование её сертификации.",мы согласны с заявлением usoc о том что интересам наших спортсменов клубов а также их видов спорта больше соответствует проведение реформ внутри нашей организации а не аннулирование ее сертификации,мы согласны с заявлением usoc о том что интересом наших спортсменов клубов а также их вида экспорта больше соответствует проведения реформ внутри нашей организации а не аннулирование ее сертификации
1906,"""Это не станет прощанием. Это закрытие одной главы и открытие новой.""",Это не станет прощаниям – это закрытие одной головы и открытие новой.,это не станет прощанием это закрытие одной главы и открытие новой,это не станет прощаниям это закрытие одной головы и открытие новой
2003,"Чтобыу видеть самые живописные места Гонконга, следует покинуть остров и направиться на побережье полуострова Цзюлун, что находится напротив.","Чтобы видеть самые живописные места Гонконга, следуют покинуть остров и направиться на побережье пулоострова Дзюлун, что находится напротив.",чтобыу видеть самые живописные места гонконга следует покинуть остров и направиться на побережье полуострова цзюлун что находится напротив,чтобы видеть самые живописные места гонконга следуют покинуть остров и направиться на побережье пулоострова дзюлун что находится напротив
1713,"Хоть Гома и является достаточно безопасным местом, следует заранее уточнять информацию насчёт любых поездок за пределы Гомы, чтобы понять, в каком состоянии находятся боевые действия, ведущиеся в провинции Северное Киву.","Ходи-гома и является достаточно безопасным местом, следует заранее уточнять информацию насчёт любых поездок за пределы гомы, чтобы понять, в каком состоянии находится боевые действия, ведущиеся в провинции северная Киеву.",хоть гома и является достаточно безопасным местом следует заранее уточнять информацию насчет любых поездок за пределы гомы чтобы понять в каком состоянии находятся боевые действия ведущиеся в провинции северное киву,ходи гома и является достаточно безопасным местом следует заранее уточнять информацию насчет любых поездок за пределы гомы чтобы понять в каком состоянии находится боевые действия ведущиеся в провинции северная киеву
1802,"Интернет сочетает в себе элементы как массовых, так и межличностных коммуникаций.","Интернет сочетает в себе элементы как массовых, так и межлечностных коммуникаций.",интернет сочетает в себе элементы как массовых так и межличностных коммуникаций,интернет сочетает в себе элементы как массовых так и межлечностных коммуникаций
1871,В тёплом климате Ближнего Востока дом не имел особого значения.,В тёплом климате ближнего востока дом не имел особого значения.,в теплом климате ближнего востока дом не имел особого значения,в теплом климате ближнего востока дом не имел особого значения
1878,"Центр церковной власти базировался в Риме на протяжении более тысячи лет, и такое сосредоточение могущества и богатства привело к тому, что многие усомнились, а соблюдается ли этот догмат.","Сентр цирковной власти базировался время на протяжении более тысячи лет, и такое сосредотачение могущества и богатства привело к тому, что многие усомнились, особлюдается ли этот догмат.",центр церковной власти базировался в риме на протяжении более тысячи лет и такое сосредоточение могущества и богатства привело к тому что многие усомнились а соблюдается ли этот догмат,сентр цирковной власти базировался время на протяжении более тысячи лет и такое сосредотачение могущества и богатства привело к тому что многие усомнились особлюдается ли этот догмат
1740,Звуковое и световое шоу на фоне пирамиды является одним из самых интересных мероприятий в этой местности для детей.,Звуковое и световое шоу на фоне пирамиды является одним из самых интересных мероприятий в этой местности для детей.,звуковое и световое шоу на фоне пирамиды является одним из самых интересных мероприятий в этой местности для детей,звуковое и световое шоу на фоне пирамиды является одним из самых интересных мероприятий в этой местности для детей
1702,Всего за 2 недели силы Свободной Франции и американцы освободили южную Францию и отправились в сторону Германии.,Всего за две недели силы свободной Франции и американцы освободили Южную Францию и отправились в сторону Германии.,всего за 2 недели силы свободной франции и американцы освободили южную францию и отправились в сторону германии,всего за две недели силы свободной франции и американцы освободили южную францию и отправились в сторону германии
1953,В последствие он был перемещён в госпиталь Адденбрук в Кембридже.,В последствии он был перемещен в госпиталь Аденбрук в Кембридже.,в последствие он был перемещен в госпиталь адденбрук в кембридже,в последствии он был перемещен в госпиталь аденбрук в кембридже
1780,"Энергия кундалини (энергия просветления) в кундалини-йоге пробуждается через позы йоги, дыхательные упражнения, мантры и визуализации.","Энергия кундалини, энергия просветления в кундалине Йоге, пробуждается через пози Йоги, дыхательные упражнения, мантры и визуализации.",энергия кундалини энергия просветления в кундалини йоге пробуждается через позы йоги дыхательные упражнения мантры и визуализации,энергия кундалини энергия просветления в кундалине йоге пробуждается через пози йоги дыхательные упражнения мантры и визуализации
1684,Апиа – столица Самоа. Город расположен на острове Уполу и имеет население чуть менее 40 000 жителей.,"Апиа, столица Самоа, город расположен на острове Уполлу и имеет население чуть менее 40 000 жителей.",апиа столица самоа город расположен на острове уполу и имеет население чуть менее 40 000 жителей,апиа столица самоа город расположен на острове уполлу и имеет население чуть менее 40 000 жителей
1760,"Мозазавр был самым грозным хищником своего времени, поэтому он не боялся никого кроме других мозазавров.","Мазазавр был самым гросным хищником своего времени, поэтому они боялся никого кроме других мазазавров.",мозазавр был самым грозным хищником своего времени поэтому он не боялся никого кроме других мозазавров,мазазавр был самым гросным хищником своего времени поэтому они боялся никого кроме других мазазавров
1729,"Например, ежегодно учащиеся школы Беннет в Северной Каролине создают сайт о своём посещении столицы штата, и каждый год этот сайт обновляется, но доступ к старым версиям по-прежнему сохраняется — они служат памятным альбомом.","Например, ежегодно учащиеся школы Бенет, в Северной Королине создают сайта своём посещении столице штата, и каждый год этот сайт обновляется, но доступ к старым версиям опрежественается, а не служит памятным альбомам.",например ежегодно учащиеся школы беннет в северной каролине создают сайт о своем посещении столицы штата и каждый год этот сайт обновляется но доступ к старым версиям по прежнему сохраняется они служат памятным альбомом,например ежегодно учащиеся школы бенет в северной королине создают сайта своем посещении столице штата и каждый год этот сайт обновляется но доступ к старым версиям опрежественается а не служит памятным альбомам
1756,"Поздно вечером в воскресенье президент США Дональд Трамп через пресс-секретаря заявил, что войска США покинут Сирию.","Позно вечером в воскресенье президент США Дунальд Трамм через Пресс-Секретра заявил, что войска США покинет сирию.",поздно вечером в воскресенье президент сша дональд трамп через пресс секретаря заявил что войска сша покинут сирию,позно вечером в воскресенье президент сша дунальд трамм через пресс секретра заявил что войска сша покинет сирию
1912,Почти все более мелкие острова являются независимыми государствами или ассоциированы с Францией и известны как шикарные пляжные курорты.,Почти все поля мелкие острова являются независимыми государствами или ассоциированы с Францией и известны как шикарный пляжный курорты.,почти все более мелкие острова являются независимыми государствами или ассоциированы с францией и известны как шикарные пляжные курорты,почти все поля мелкие острова являются независимыми государствами или ассоциированы с францией и известны как шикарный пляжный курорты
1882,"Учёные надеются понять, как образуются планеты, особенно то, как образовалась Земля, поскольку кометы сталкивались  с Землёй очень давно.","Учёные надеются понять, как образуется планета, особенно то, как образовало земля, поскольку комета сталки влез землей очень давно.",ученые надеются понять как образуются планеты особенно то как образовалась земля поскольку кометы сталкивались с землей очень давно,ученые надеются понять как образуется планета особенно то как образовало земля поскольку комета сталки влез землей очень давно
1956,"Использование кораблей для транспортировки товаров является, безусловно, самым эффективным способом перевозки большого количества людей и грузов через океаны.","Использование кораблей для транспортировки товаров является, безусловно, самым эффективным способом перевозки большого количества людей и грузов через океаны.",использование кораблей для транспортировки товаров является безусловно самым эффективным способом перевозки большого количества людей и грузов через океаны,использование кораблей для транспортировки товаров является безусловно самым эффективным способом перевозки большого количества людей и грузов через океаны
1973,"Но, оказавшись в ""глубоких тропиках"" лишь в нескольких градусах к северу от экватора, вам придется справляться как с жарой (постоянно), так и с сильным солнцем (при безоблачном небе, реже).","Но, оказавшись в глубоких тропиках, лишнискоке градусов к северу от экватора, вам придётся справляться, как с жарой постоянно, так и с сильным солнцем, при безоблачном небе реже.",но оказавшись в глубоких тропиках лишь в нескольких градусах к северу от экватора вам придется справляться как с жарой постоянно так и с сильным солнцем при безоблачном небе реже,но оказавшись в глубоких тропиках лишнискоке градусов к северу от экватора вам придется справляться как с жарой постоянно так и с сильным солнцем при безоблачном небе реже
1862,"NextGen — это система, которая, по заверению Федеральной авиационной администрации США, позволит самолетам летать по сокращенным маршрутам и ежегодно экономить миллионы галлонов топлива, а также снизить выбросы углерода.","Нэкстр-джен — это система, которая, по заверению федеральной авиационной администрации США, позволит самолетам летать по сокращенным маршрутам и ежегодно экономить миллионы голонов топлива, а также снизить выбросы у блеорода.",nextgen это система которая по заверению федеральной авиационной администрации сша позволит самолетам летать по сокращенным маршрутам и ежегодно экономить миллионы галлонов топлива а также снизить выбросы углерода,нэкстр джен это система которая по заверению федеральной авиационной администрации сша позволит самолетам летать по сокращенным маршрутам и ежегодно экономить миллионы голонов топлива а также снизить выбросы у блеорода
1829,"Путешественники, направляющиеся в страны с высоким налогообложением, могут иногда сэкономить значительную сумму, особенно на таких товарах, как спиртные напитки и табак.","Путешественники, направляющиеся в страны с высоким налогообложением, могут иногда сэкономить значительную сумму, особенно на таких товарах, как спиртные напитки и табак.",путешественники направляющиеся в страны с высоким налогообложением могут иногда сэкономить значительную сумму особенно на таких товарах как спиртные напитки и табак,путешественники направляющиеся в страны с высоким налогообложением могут иногда сэкономить значительную сумму особенно на таких товарах как спиртные напитки и табак
1886,"Древние культуры и племена начали оставлять их себе, чтобы иметь под рукой молоко, шерсть, мясо и шкуру.","Древние культуры и племена начали оставлять их себе, чтобы иметь по другой молоко шерсть мяса и шкуру.",древние культуры и племена начали оставлять их себе чтобы иметь под рукой молоко шерсть мясо и шкуру,древние культуры и племена начали оставлять их себе чтобы иметь по другой молоко шерсть мяса и шкуру
1975,"Население Ватикана составляет около 800 человек. Это самая маленькая независимая страна в мире, а также страна, имеющая наименьшее население.","Население Ватикана составляет около 80 человек. Это самая маленькая независимая страна в мире, а также страна, имеющая наимейшее население.",население ватикана составляет около 800 человек это самая маленькая независимая страна в мире а также страна имеющая наименьшее население,население ватикана составляет около 80 человек это самая маленькая независимая страна в мире а также страна имеющая наимейшее население
1689,"Европа — относительно маленький континент, но на нём много независимых государств. В обычных обстоятельствах путешествие через множество стран означало бы необходимость подачи прошений для получения визы и многократного прохождения паспортного контроля.","Европа относительно маленький континент, но на нём много независимых государств. В обычных обстоятельствах путешествия через множество стран означало бы необходимость подачи прошений для получения визы и многократного прохождения паспортного контроля.",европа относительно маленький континент но на нем много независимых государств в обычных обстоятельствах путешествие через множество стран означало бы необходимость подачи прошений для получения визы и многократного прохождения паспортного контроля,европа относительно маленький континент но на нем много независимых государств в обычных обстоятельствах путешествия через множество стран означало бы необходимость подачи прошений для получения визы и многократного прохождения паспортного контроля
1984,"Массовое владение автомобилями также приводит к увеличению числа ДТП на дорогах, что приводит к изобретению в здравоохранении новых методов лечения полученных травм.","Массовое владление автомобилями также приводит к увеличению числа ДТП на дорогах, что приводит к изобретению здравоохранений новых методов лечения, полученных травм.",массовое владение автомобилями также приводит к увеличению числа дтп на дорогах что приводит к изобретению в здравоохранении новых методов лечения полученных травм,массовое владление автомобилями также приводит к увеличению числа дтп на дорогах что приводит к изобретению здравоохранений новых методов лечения полученных травм
1714,"Спутник был доставлен в космос ракетой. Ученые используют телескопы в космосе, потому что атмосфера Земли в некоторой степени искажает наш свет и обзор.","Спутник был доставлен в космос с ракетой. Учёные используют телескопы в космосе, потому что атмосферы Земли в некоторой степени искажают наш свет и обзор.",спутник был доставлен в космос ракетой ученые используют телескопы в космосе потому что атмосфера земли в некоторой степени искажает наш свет и обзор,спутник был доставлен в космос с ракетой ученые используют телескопы в космосе потому что атмосферы земли в некоторой степени искажают наш свет и обзор
1734,"Ученые смогли сделать вывод, что темная материя воздействует на другую темную материю так же, как и в случае с обычной материей.","Учёные смогли сделать вывод, что тёмная материя воздействует на другую тёмную материю также, как и в случай с обычной материей.",ученые смогли сделать вывод что темная материя воздействует на другую темную материю так же как и в случае с обычной материей,ученые смогли сделать вывод что темная материя воздействует на другую темную материю также как и в случай с обычной материей
1696,"Исследователи университета сообщили, что эти два соединения вступают друг с другом в реакцию, образуя кристаллы, которые могут блокировать работу почек.","Исследователи университета сообщили, что эти два соединения вступают друг с друга в реакцию, образуя кристаллы, которые могут блокировать работу почек.",исследователи университета сообщили что эти два соединения вступают друг с другом в реакцию образуя кристаллы которые могут блокировать работу почек,исследователи университета сообщили что эти два соединения вступают друг с друга в реакцию образуя кристаллы которые могут блокировать работу почек
2006,"Такие элементы, как кальций и калий, считаются металлами. Конечно, также есть такие металлы, как серебро и золото.","Такие элементы, как кальций и кали, считаются металлами. Конечно, также есть такие металлы, как сирепрой золота.",такие элементы как кальций и калий считаются металлами конечно также есть такие металлы как серебро и золото,такие элементы как кальций и кали считаются металлами конечно также есть такие металлы как сирепрой золота
1694,Дети передаются под опеку по множеству разнообразных причин: от беспризорности до жестокого обращения и даже вымогательств.,"Дети передают запады пеку по множеству разнообразных причин, от беспризорности до жестокого обращения и даже вымогательств.",дети передаются под опеку по множеству разнообразных причин от беспризорности до жестокого обращения и даже вымогательств,дети передают запады пеку по множеству разнообразных причин от беспризорности до жестокого обращения и даже вымогательств
1900,"Ее очень нелегко обнаружить даже тому, кто знает о ее существовании. В пещере человек оказывается в полной изоляции.","Ее очень легко обнаружит даже тому, кто знает о ее существовании. В пещере человек оказывается в полной изоляции.",ее очень нелегко обнаружить даже тому кто знает о ее существовании в пещере человек оказывается в полной изоляции,ее очень легко обнаружит даже тому кто знает о ее существовании в пещере человек оказывается в полной изоляции
1699,"Бишкек был описан одним обозревателем как погружающийся в состояние анархии, поскольку группы людей бегали по улицам и грабили магазины с потребительскими товарами.","Бишкек был описан одним обозревателем как подружающиеся в состояние анархии, поскольку группы людей бегали по улицам и грабили магазины с потребительскими товарами.",бишкек был описан одним обозревателем как погружающийся в состояние анархии поскольку группы людей бегали по улицам и грабили магазины с потребительскими товарами,бишкек был описан одним обозревателем как подружающиеся в состояние анархии поскольку группы людей бегали по улицам и грабили магазины с потребительскими товарами
1726,"Учебные экскурсии очень важны для любого класса. Очень часто учителям хочется отвезти своих учеников туда, куда нельзя доехать на автобусе.","Учебные экскурсии очень важны для любого класса, очень часто учителям хочется отвести своих ученков туда, куда нельзя доехать на автобусе.",учебные экскурсии очень важны для любого класса очень часто учителям хочется отвезти своих учеников туда куда нельзя доехать на автобусе,учебные экскурсии очень важны для любого класса очень часто учителям хочется отвести своих ученков туда куда нельзя доехать на автобусе
1881,Выкладывание экскурсии в виртуальное пространство для всеобщего обозрения — это также отличный способ освежить в памяти экскурсию и поделиться своим полученными знаниями с будущими классами.,Выкладывание экскурсий в виртуальное пространство для общего зрения это также отличный способ освежить память и экскурсию и поделиться своими полученными знаниями с будущими классами.,выкладывание экскурсии в виртуальное пространство для всеобщего обозрения это также отличный способ освежить в памяти экскурсию и поделиться своим полученными знаниями с будущими классами,выкладывание экскурсий в виртуальное пространство для общего зрения это также отличный способ освежить память и экскурсию и поделиться своими полученными знаниями с будущими классами
1719,"Неблагоприятные метеоусловия — это общий термин для обозначения любого опасного явления погоды, способного причинить какой-либо ущерб, вызвать серьёзные социальные потрясения или привести к человеческим жертвам.","Неблагоприятные метеоусловия — это общий термин для обозначения любого опасного явления погоды, способного причинить какой-либо ущерб, вызвать серьёзные социальные потрясения или привести к человеческим жертвам.",неблагоприятные метеоусловия это общий термин для обозначения любого опасного явления погоды способного причинить какой либо ущерб вызвать серьезные социальные потрясения или привести к человеческим жертвам,неблагоприятные метеоусловия это общий термин для обозначения любого опасного явления погоды способного причинить какой либо ущерб вызвать серьезные социальные потрясения или привести к человеческим жертвам
1848,"Вчера утром возле главного полицейского управления Газиантепа (Турция) был подорван автомобиль, в результате чего погибли 2 полицейских и еще более 20 человек получили ранения.","Вчера утром возле главного полицейского управления Газиантепа в Турция был подорвен автомобиль, в результате чего погибли двое полицейских и ещё более двосидяти человек лочили ранение.",вчера утром возле главного полицейского управления газиантепа турция был подорван автомобиль в результате чего погибли 2 полицейских и еще более 20 человек получили ранения,вчера утром возле главного полицейского управления газиантепа в турция был подорвен автомобиль в результате чего погибли двое полицейских и еще более двосидяти человек лочили ранение
1710,"На прошлой недели Министерство экономики, труда и промышленности объявило, что Apple  проинформировала его о 34 дополнительных случаях перегрева, которые компания назвала ""несерьёзными"".","На прошлой неделе Министерство экономики труда и промышленности объявилось, что Apple проинформировала его от 34 дополнительных случаях перегрева, который компания назвала несерьезными.",на прошлой недели министерство экономики труда и промышленности объявило что apple проинформировала его о 34 дополнительных случаях перегрева которые компания назвала несерьезными,на прошлой неделе министерство экономики труда и промышленности объявилось что apple проинформировала его от 34 дополнительных случаях перегрева который компания назвала несерьезными
1983,"Слово ""цивилизация"" происходит от латинского civilis, что означает ""гражданский"" и является родственником латинских слов civis, означающего ""гражданин"", и civitas, означающего ""город"" или ""город-государство"", и оно также определенным образом выражает размер общества.","Слово цивилизация происходит от латинского сивилис, что означает гражданский, и является родственником латинских слов сивес, означающего гражданин и сивитас, означающего город или город государства, и оно также определенным образом выражает размер общества.",слово цивилизация происходит от латинского civilis что означает гражданский и является родственником латинских слов civis означающего гражданин и civitas означающего город или город государство и оно также определенным образом выражает размер общества,слово цивилизация происходит от латинского сивилис что означает гражданский и является родственником латинских слов сивес означающего гражданин и сивитас означающего город или город государства и оно также определенным образом выражает размер общества
1785,"Скаффолдинг — это не метод обучения, а скорее форма помощи тем, кто проходит через новый опыт обучения, такой как использование новой компьютерной программы или начало нового проекта.","Скафолдинг — это не метод обучения, а скорее форма помощи тем, кто проходит через новый опыт обучения, такой как использование новой компьютерной программы или начало нового проекта.",скаффолдинг это не метод обучения а скорее форма помощи тем кто проходит через новый опыт обучения такой как использование новой компьютерной программы или начало нового проекта,скафолдинг это не метод обучения а скорее форма помощи тем кто проходит через новый опыт обучения такой как использование новой компьютерной программы или начало нового проекта
1838,"Великая Пирамида в Гизе это единственное из семи чудес света, которое существует сегодня.","Великая пирамида в Гизи — это единственное из семи чудес света, которая существует сегодня.",великая пирамида в гизе это единственное из семи чудес света которое существует сегодня,великая пирамида в гизи это единственное из семи чудес света которая существует сегодня
1680,"Будучи всесторонне развитым атлетом, тигр может взбираться на деревья (хотя и не очень хорошо), плавать, прыгать на большие расстояния и тянуть с силой пяти крепких человек.","Будучи всестеронне развитым атлетом, тигр может сбираться на деревья, хотя и не очень хорошо плавать, прыгать на большие расстояния и тянуть силой пяти крепких человек.",будучи всесторонне развитым атлетом тигр может взбираться на деревья хотя и не очень хорошо плавать прыгать на большие расстояния и тянуть с силой пяти крепких человек,будучи всестеронне развитым атлетом тигр может сбираться на деревья хотя и не очень хорошо плавать прыгать на большие расстояния и тянуть силой пяти крепких человек
1744,"Чем меньше число Россби, тем менее активна звезда по отношению к инверсиям магнитного поля.","Чем меньше число розби, тем менее активно звезда по отношению к инверсиям магнитного поля.",чем меньше число россби тем менее активна звезда по отношению к инверсиям магнитного поля,чем меньше число розби тем менее активно звезда по отношению к инверсиям магнитного поля
1932,"За пять минут до начала салюта ветер начал усиливаться, минутой позже ветер достиг скорости 70 километров в час... Затем начался дождь, такой сильный и крупный, будто на тебя падают иголки, потом с неба посыпался град, люди в панике кричали и сталкивались друг с другом.","За пять минут до начала солюты ветер начал усиливаться. Минутой позже ветер достиг скорости 70 км в час, затем начался дождь, такой сильный и крупный, будто на тебя падают иголки, потом с неба посыпался град, и люди в панике кричали и сталкивались друг с другом.",за пять минут до начала салюта ветер начал усиливаться минутой позже ветер достиг скорости 70 километров в час затем начался дождь такой сильный и крупный будто на тебя падают иголки потом с неба посыпался град люди в панике кричали и сталкивались друг с другом,за пять минут до начала солюты ветер начал усиливаться минутой позже ветер достиг скорости 70 км в час затем начался дождь такой сильный и крупный будто на тебя падают иголки потом с неба посыпался град и люди в панике кричали и сталкивались друг с другом
1660,"Романтизм во многом включал в себя культурный детерминизм, почерпнутый у таких писателей, как Гёте, Фихте и Шлегель.","Романтизм во многом включал в себя культурный детерминизм, подчерпнутый у таких писателей как гетте, фихте и шлегель.",романтизм во многом включал в себя культурный детерминизм почерпнутый у таких писателей как гете фихте и шлегель,романтизм во многом включал в себя культурный детерминизм подчерпнутый у таких писателей как гетте фихте и шлегель
1682,"Хотя никто не знает наверняка, кто его написал, известно, что в начале своего существования этот большой пергаментный документ (размером 29¾ на 24½ дюйма) был свёрнут для более удобного хранения.","Хотя никто не знает наверняка, кто его написал, известно, что в начале своего существования этот большой пергаментный документ размером 29,3 на 24,3 и она вторая дюйма был свернут для более удобного хранения.",хотя никто не знает наверняка кто его написал известно что в начале своего существования этот большой пергаментный документ размером 293 4 на 241 2 дюйма был свернут для более удобного хранения,хотя никто не знает наверняка кто его написал известно что в начале своего существования этот большой пергаментный документ размером 29 3 на 24 3 и она вторая дюйма был свернут для более удобного хранения
1676,"Как и во всех южноафриканских национальных парках, в этом парке существует ежедневная плата за его охрану и посещение.","Как и во всех южно-авриканских национальных парках, в этом парке существует ежедневная плата за его охрану и посещение.",как и во всех южноафриканских национальных парках в этом парке существует ежедневная плата за его охрану и посещение,как и во всех южно авриканских национальных парках в этом парке существует ежедневная плата за его охрану и посещение
1691,"На некоторых маршрутах  у более крупных компаний есть свои собственные самолёты, но для других маршрутов и более мелких компаний с этим была проблема.","На некоторых маршрутов у более крупных компаний есть свои собственные самолёты, но для других маршрутов и более мелких компаний с этим была проблема.",на некоторых маршрутах у более крупных компаний есть свои собственные самолеты но для других маршрутов и более мелких компаний с этим была проблема,на некоторых маршрутов у более крупных компаний есть свои собственные самолеты но для других маршрутов и более мелких компаний с этим была проблема
1755,Одна из бомб взорвалась возле офиса генерал-губернатора.,Одна из бомб взорвалась возле офиса генерала губернатора.,одна из бомб взорвалась возле офиса генерал губернатора,одна из бомб взорвалась возле офиса генерала губернатора
1717,"Обратный поток сосредоточен в нескольких более глубоких участках, где может образовываться быстрое течение, уходящее на большую глубину, из-за подобной подводной топологии.","Обратные поток сосредоточены в нескольких более глубоких участках, где может образовываться быстрая течение, уходящая на большую глубину, из-за подобной подводной топологии.",обратный поток сосредоточен в нескольких более глубоких участках где может образовываться быстрое течение уходящее на большую глубину из за подобной подводной топологии,обратные поток сосредоточены в нескольких более глубоких участках где может образовываться быстрая течение уходящая на большую глубину из за подобной подводной топологии
1820,"Сейчас люди пишут сообщения на экранах компьютеров, и им никогда не приходится иметь дело с точилкой.","Сейчас люди пишут сообщения на экранах компьютеров, и им никогда не приходилось смендела с точилкой.",сейчас люди пишут сообщения на экранах компьютеров и им никогда не приходится иметь дело с точилкой,сейчас люди пишут сообщения на экранах компьютеров и им никогда не приходилось смендела с точилкой
1919,"Этот город также является отправной точкой для восхождения на вулкан Ньирагонго, а также здесь можно посмотреть на горных горилл в дикой природе по одной из самых дешёвых цен в Африке.","Этот город также является отправной точкой для восхождения на вулканы Нирогонга, а также здесь можно посмотреть на горных горилл в дикой природе по одной из самых дешевых цен в Африке.",этот город также является отправной точкой для восхождения на вулкан ньирагонго а также здесь можно посмотреть на горных горилл в дикой природе по одной из самых дешевых цен в африке,этот город также является отправной точкой для восхождения на вулканы нирогонга а также здесь можно посмотреть на горных горилл в дикой природе по одной из самых дешевых цен в африке
1950,"Сравнительно не далеко, к северу, расположен романтический и очаровательный городок Синтра, воспетый лордом Байроном и получивший после этого известность во всём мире.","Сравнительное недалеко к северу, расположено романтически и очаровательное городок Синдра в оспете Лордом Байроном и получивши после этого известности во всем мире.",сравнительно не далеко к северу расположен романтический и очаровательный городок синтра воспетый лордом байроном и получивший после этого известность во всем мире,сравнительное недалеко к северу расположено романтически и очаровательное городок синдра в оспете лордом байроном и получивши после этого известности во всем мире
1738,"Он также атаковал все, что входило в воду; даже гигантский динозавр, такой как тиранозавр, не сравнился бы с ним.","Он также атаковал всё, что входило в воду. Даже гигантский динозавр, такой как тернозавр, не сравнился бы с ним.",он также атаковал все что входило в воду даже гигантский динозавр такой как тиранозавр не сравнился бы с ним,он также атаковал все что входило в воду даже гигантский динозавр такой как тернозавр не сравнился бы с ним
1804,"Гаитянский Институт Справедливости и Демократии сослался на независимое исследование, которое предполагает, что непальский миротворческий батальон ООН непреднамеренно завёз заболевание в Гаити.","Гаитянский институт справедливости и демократии заслался на независимое исследование, которое предполагает, что непарский миротворческий батальон ООН непреднамеренно завёз заболевания в Гаити.",гаитянский институт справедливости и демократии сослался на независимое исследование которое предполагает что непальский миротворческий батальон оон непреднамеренно завез заболевание в гаити,гаитянский институт справедливости и демократии заслался на независимое исследование которое предполагает что непарский миротворческий батальон оон непреднамеренно завез заболевания в гаити
1992,"Термин ""сафари"" в повседневном использовании означает наземную поездку с целью посмотреть поразительную дикую природу Африки, особенно в саванне.","Термен сафари в повседневном использовании означает на земную поездку, с целью посмотреть поразительную дикуприровку природу Африки, особенно в саване.",термин сафари в повседневном использовании означает наземную поездку с целью посмотреть поразительную дикую природу африки особенно в саванне,термен сафари в повседневном использовании означает на земную поездку с целью посмотреть поразительную дикуприровку природу африки особенно в саване
1991,"В течение этого периода европейской истории, католическая церковь, ставшая богатой и сильной, оказалась объектом пристального внимания.","К течении этого периода европейской истории католическая церковь, вставшая богатый и сильный, оказалась объектом пристального внимания.",в течение этого периода европейской истории католическая церковь ставшая богатой и сильной оказалась объектом пристального внимания,к течении этого периода европейской истории католическая церковь вставшая богатый и сильный оказалась объектом пристального внимания
1678,"В статье ""Речь президента"" Оливер Сакс описал, как люди, которые из-за повреждения мозга неспособны понимать речь, тем не менее могут правильно оценить искренность говорящего.","В статтее речь президента Ольвер Сакс описал, как люди, которые из-за повреждения мозга не способны понимать речь, тем не менее, могут правильно оценить искренность говорящего.",в статье речь президента оливер сакс описал как люди которые из за повреждения мозга неспособны понимать речь тем не менее могут правильно оценить искренность говорящего,в статтее речь президента ольвер сакс описал как люди которые из за повреждения мозга не способны понимать речь тем не менее могут правильно оценить искренность говорящего
1908,Важно различать глаголы и дополнения.,Важно различать глаголы и дополнение.,важно различать глаголы и дополнения,важно различать глаголы и дополнение
1713,"Хоть Гома и является достаточно безопасным местом, следует заранее уточнять информацию насчёт любых поездок за пределы Гомы, чтобы понять, в каком состоянии находятся боевые действия, ведущиеся в провинции Северное Киву.","Хоть гома и является достаточно безопасным местом, следует заранее уточнять информацию насчёт любых поездок за пределы гома, чтобы понять, в каком состоянии находятся боевые действия, ведущиеся в провинции Северная Кима.",хоть гома и является достаточно безопасным местом следует заранее уточнять информацию насчет любых поездок за пределы гомы чтобы понять в каком состоянии находятся боевые действия ведущиеся в провинции северное киву,хоть гома и является достаточно безопасным местом следует заранее уточнять информацию насчет любых поездок за пределы гома чтобы понять в каком состоянии находятся боевые действия ведущиеся в провинции северная кима
1982,"Для женщин: всем туристкам рекомендуется говорить, что они замужем, независимо от их настоящего семейного положения.","Для женщин всем туристкам рекомендуется говорить, что они замужи независимы от их настоящего семейного положения.",для женщин всем туристкам рекомендуется говорить что они замужем независимо от их настоящего семейного положения,для женщин всем туристкам рекомендуется говорить что они замужи независимы от их настоящего семейного положения
1979,"Официальной валютой Фолклендских островов является фунт Фолкендских островов (FKP), стоимость которого эквивалентна стоимости одного британского фунта стерлингов (GBP).","Официальный валютый фолкнадских островов является фунт фолклиндских островов FKP, стоимость которого эквивалент на основом пости Одного британского фунта сервингов GBP.",официальной валютой фолклендских островов является фунт фолкендских островов fkp стоимость которого эквивалентна стоимости одного британского фунта стерлингов gbp,официальный валютый фолкнадских островов является фунт фолклиндских островов fkp стоимость которого эквивалент на основом пости одного британского фунта сервингов gbp
1744,"Чем меньше число Россби, тем менее активна звезда по отношению к инверсиям магнитного поля.","Чем меньше число росби, тем менее активна звезда по отношению конверсия магнитного поля.",чем меньше число россби тем менее активна звезда по отношению к инверсиям магнитного поля,чем меньше число росби тем менее активна звезда по отношению конверсия магнитного поля
1954,"Их отличали дисциплинированная защита, мастерство владения мячом и превосходная командная работа, и было ясно, что обыграть эту команду непросто.","Их отличали дисциплинированная защита, мастерство владения мячом и превосходная командная работа, и было ясно, чтобы играть эту команду непросто.",их отличали дисциплинированная защита мастерство владения мячом и превосходная командная работа и было ясно что обыграть эту команду непросто,их отличали дисциплинированная защита мастерство владения мячом и превосходная командная работа и было ясно чтобы играть эту команду непросто
1698,"Все во вселенной состоит из материи. Вся материя состоит из мельчайших частиц, называемых атомами.","Всё во вселенной состоит из материи. Вся материя состоит из мельчаяхших частиц, называемых атомами.",все во вселенной состоит из материи вся материя состоит из мельчайших частиц называемых атомами,все во вселенной состоит из материи вся материя состоит из мельчаяхших частиц называемых атомами
1706,"Более традиционные церкви зачастую проводят пасхальное богослужение в субботу вечером во время пасхальных выходных, при этом прихожане обычно начинают в полночь празднование Воскресения Христа.","Более традиционные церкви зачастую проводят пасхальное покосложение с субботой вечером во время пасхальных выходных, при этом прихожане обычно начинают в полочи празднование в воскресенье Христа.",более традиционные церкви зачастую проводят пасхальное богослужение в субботу вечером во время пасхальных выходных при этом прихожане обычно начинают в полночь празднование воскресения христа,более традиционные церкви зачастую проводят пасхальное покосложение с субботой вечером во время пасхальных выходных при этом прихожане обычно начинают в полочи празднование в воскресенье христа
1759,"Доктора Малар Баласубраманиан, 29 лет, нашли в Блю-Эше (штат Огайо), пригороде примерно в 15 милях к северу от Цинциннати. Он лежал на земле рядом с дорогой в футболке и нижнем белье и, по-видимому, в состоянии сильного наркотического опьянения.","Доктора Малар было суббромоняом, 29 лет нашли в блюэша, что тагаю, при городе примерно в 15 милях к северу Эцценате. Он лежал на земле рядом с дорогой футболки, и нижним белье, и по-видимому, в состоянии сильного наркотического объединения.",доктора малар баласубраманиан 29 лет нашли в блю эше штат огайо пригороде примерно в 15 милях к северу от цинциннати он лежал на земле рядом с дорогой в футболке и нижнем белье и по видимому в состоянии сильного наркотического опьянения,доктора малар было суббромоняом 29 лет нашли в блюэша что тагаю при городе примерно в 15 милях к северу эцценате он лежал на земле рядом с дорогой футболки и нижним белье и по видимому в состоянии сильного наркотического объединения
1824,"Плато Гиза, или же Некрополь Гизы, в египетской Долине Мёртвых, включает несколько пирамид (из которых Великая пирамида Гизы — самая большая), несколько небольших гробниц, несколько храмов и Большой сфинкс.","Плату Гиза или же Некропль Гиза в Египетской Дарине мёртвых включают несколько пирамид, из которых великая пирамида Гиза самая большая, несколько небольших гробниц, несколько храмов и большой сфинкс.",плато гиза или же некрополь гизы в египетской долине мертвых включает несколько пирамид из которых великая пирамида гизы самая большая несколько небольших гробниц несколько храмов и большой сфинкс,плату гиза или же некропль гиза в египетской дарине мертвых включают несколько пирамид из которых великая пирамида гиза самая большая несколько небольших гробниц несколько храмов и большой сфинкс
1891,Лаккха Сингх исполнил чхаппан бхог бхаджан.  Певец Раджу Кханделвал пел вместе с ним.,Лаккасинк исполнил Чхапан Пхог Пхаджан певец раджу Канделвал бел вместе с ним.,лаккха сингх исполнил чхаппан бхог бхаджан певец раджу кханделвал пел вместе с ним,лаккасинк исполнил чхапан пхог пхаджан певец раджу канделвал бел вместе с ним
1982,"Для женщин: всем туристкам рекомендуется говорить, что они замужем, независимо от их настоящего семейного положения.","Для женщин, всем туристкам рекомендуется говорить, что они замужем, независимо от их настоящего семейного положения.",для женщин всем туристкам рекомендуется говорить что они замужем независимо от их настоящего семейного положения,для женщин всем туристкам рекомендуется говорить что они замужем независимо от их настоящего семейного положения
1941,Эти пары могут выбрать  создание плана усыновления для своего ребёнка.,Эти пары могут выбрать создание плана установления для своего ребёнка.,эти пары могут выбрать создание плана усыновления для своего ребенка,эти пары могут выбрать создание плана установления для своего ребенка
1664,"Получите новую смесь, перемешав два сухих порошка в одной емкости, а затем чистыми влажными руками слепите из этой смеси шарик.","Получите новую смесь, перемешав два сухих поражка в одной емкости, а затем чистыми влажными руками слепите из этой смеси шарик.",получите новую смесь перемешав два сухих порошка в одной емкости а затем чистыми влажными руками слепите из этой смеси шарик,получите новую смесь перемешав два сухих поражка в одной емкости а затем чистыми влажными руками слепите из этой смеси шарик
1939,"Также после Революции открылись возможности работы открылись всем мужчинам, что позволило самым амбициозным и талантливым добиться успеха.","Также после революции открылись возможности работы, открылись всем мужчинам, что позволило самым обициозным и талантливым добиться успеха.",также после революции открылись возможности работы открылись всем мужчинам что позволило самым амбициозным и талантливым добиться успеха,также после революции открылись возможности работы открылись всем мужчинам что позволило самым обициозным и талантливым добиться успеха
1951,"В 2002 году город Гома был разрушен лавой вулкана Ньирагонго, которая похоронила под собой большую часть городских улиц, особенно центральную часть города.","В 2002 году город Гома был разрушен лавой вулкана Нирагонга, которая покорнила под собой большую часть городских улиц, особенно центральную часть города.",в 2002 году город гома был разрушен лавой вулкана ньирагонго которая похоронила под собой большую часть городских улиц особенно центральную часть города,в 2002 году город гома был разрушен лавой вулкана нирагонга которая покорнила под собой большую часть городских улиц особенно центральную часть города
1918,Сундарбан был объявлен Объектом всемирного наследия ЮНЕСКО. Часть леса в пределах индийской территории называется Национальный парк Сундарбан.,Сундарбан был объявлен объектом всемирного наследия ЮНЕСКО. Час с леса в пределах индийской территории называется Национальный парк Сундарбан.,сундарбан был объявлен объектом всемирного наследия юнеско часть леса в пределах индийской территории называется национальный парк сундарбан,сундарбан был объявлен объектом всемирного наследия юнеско час с леса в пределах индийской территории называется национальный парк сундарбан
1752,"Это привело к тому, что два вида рыб вымерли, а два других, в том числе горбатый голавль, попали под угрозу исчезновения.","Это привело к тому, что два вида рыбы вымерли, а два других, в том числе гребатый головли, попали под угрозу исчезновения.",это привело к тому что два вида рыб вымерли а два других в том числе горбатый голавль попали под угрозу исчезновения,это привело к тому что два вида рыбы вымерли а два других в том числе гребатый головли попали под угрозу исчезновения
1707,Он является одной из главных достопримечательностей Южной Африки и считается ведущим среди южноафриканских национальных парков (SANParks).,Он является одной из главных достопримечательностей Южной Африки и считается ведущим среди африканских национальных парков Сант-Паркс.,он является одной из главных достопримечательностей южной африки и считается ведущим среди южноафриканских национальных парков sanparks,он является одной из главных достопримечательностей южной африки и считается ведущим среди африканских национальных парков сант паркс
1720,"Горячий шоколад отвечает стандартам Бельгии. Хотя фруктовые соки стоят дорого, они имеют превосходное качество.","Орячий шоколад отвечает стандартой белей, хотя фруктовые соки стоят дорого, они имеют предосходное качество.",горячий шоколад отвечает стандартам бельгии хотя фруктовые соки стоят дорого они имеют превосходное качество,орячий шоколад отвечает стандартой белей хотя фруктовые соки стоят дорого они имеют предосходное качество
1731,"Исследуя архипелаги или посещая озера, вы вполне сможете обойтись и без яхты.","Исследуя архипелаги или посещая озера, вы вполне сможете обойтись и без яхты.",исследуя архипелаги или посещая озера вы вполне сможете обойтись и без яхты,исследуя архипелаги или посещая озера вы вполне сможете обойтись и без яхты
1869,"Его длинные челюсти были усеяны более чем 70 острейшими зубами, вдобавок имелся дополнительный ряд на нёбе, так что тем, кто встречался на его пути, не было спасения.","Его длинные челюсти были усеяне более чем 70-стюйшими зубами, добавок имелся дополнительный ряд на небы, так что тем, кто встречался на его пути, не было спасения.",его длинные челюсти были усеяны более чем 70 острейшими зубами вдобавок имелся дополнительный ряд на небе так что тем кто встречался на его пути не было спасения,его длинные челюсти были усеяне более чем 70 стюйшими зубами добавок имелся дополнительный ряд на небы так что тем кто встречался на его пути не было спасения
1745,"Растения выглядят лучше всего в своей естественной среде обитания, поэтому не поддавайтесь искушению взять хотя бы один экземпляр.","Растения выглядят лучше всего в своей естественной среде обитания, поэтому не поддавайтесь искушению взять хотя бы один экземпляр.",растения выглядят лучше всего в своей естественной среде обитания поэтому не поддавайтесь искушению взять хотя бы один экземпляр,растения выглядят лучше всего в своей естественной среде обитания поэтому не поддавайтесь искушению взять хотя бы один экземпляр
1934,Обычно всегда слышен шум от туристов и продавцов. История звука и света похожа на книгу с историями.,"Обычно всегда слышен шум от туристов и продавцов, и история звука и света похожа на книгу с историями.",обычно всегда слышен шум от туристов и продавцов история звука и света похожа на книгу с историями,обычно всегда слышен шум от туристов и продавцов и история звука и света похожа на книгу с историями
1813,"Официальными языками Барселоны являются каталанский и испанский. Примерно половина населения предпочитает разговаривать на каталанском, большинство понимают его, и практически все знают испанский.",Официальными языками Барселоны являются каталанский и испанский. Примерно половина населения предпочитает разговоривать с на каталанском. Большинство понимают его и практически все знают испанский.,официальными языками барселоны являются каталанский и испанский примерно половина населения предпочитает разговаривать на каталанском большинство понимают его и практически все знают испанский,официальными языками барселоны являются каталанский и испанский примерно половина населения предпочитает разговоривать с на каталанском большинство понимают его и практически все знают испанский
1798,"В начальный период своего существования это шоу транслировалось только на сайте давно существующего онлайн-радио TogiNet Radio, посвященного радиобеседам.","В начальные периоды своего существования это шоу трансферла столько насате, давно существующую онлайн радио Тоджи нет радио, посвященную радио беседом.",в начальный период своего существования это шоу транслировалось только на сайте давно существующего онлайн радио toginet radio посвященного радиобеседам,в начальные периоды своего существования это шоу трансферла столько насате давно существующую онлайн радио тоджи нет радио посвященную радио беседом
2002,Посредством движения устройства в воздухе игроки смогут управлять действиями и движениями в видеоиграх.,Посредством движения устройства воздухи игроки смогут управлять действиями и движениями в видеоиграх.,посредством движения устройства в воздухе игроки смогут управлять действиями и движениями в видеоиграх,посредством движения устройства воздухи игроки смогут управлять действиями и движениями в видеоиграх
1732,"Эпоху, в которой происходили данные события, принято называть Высоким Средневековьем, периодом европейской истории, затрагивающим XI, XII и XIII века (1000–1300 гг. н. э.).","Эпоху, в которой происходили данные события, принято называть высоким средневековым периодом европейской истории, затрагивая в ищем 11-12 и 13 века. 14 000 года нашей эры.",эпоху в которой происходили данные события принято называть высоким средневековьем периодом европейской истории затрагивающим xi xii и xiii века 1000 1300 гг н э,эпоху в которой происходили данные события принято называть высоким средневековым периодом европейской истории затрагивая в ищем 11 12 и 13 века 14 000 года нашей эры
1913,"Тигриный рык не похож на полнозвучный рык льва, а больше напоминает выкрикивание предложений из неразборчивых слов.",Тигриный рык непохожий на полнозвучный рык льва обычно напоминает выкрикивание предложений из неразборчивых слов.,тигриный рык не похож на полнозвучный рык льва а больше напоминает выкрикивание предложений из неразборчивых слов,тигриный рык непохожий на полнозвучный рык льва обычно напоминает выкрикивание предложений из неразборчивых слов
1784,"Гренландия была слабо заселена. В скандинавских сагах повествуется о том, что Эрика Рыжего изгнали из Исландии за убийство, и, продвигаясь дальше на запад, он открыл Гренландию и дал ей название.","Гренландия была слаба заселена. В сканинавских сагах повествуется о том, что Эрика Рыжева изгнали из Осландии за убийство, и, продвигаясь дальше на запад, он открыл Гренландию и дал ей название.",гренландия была слабо заселена в скандинавских сагах повествуется о том что эрика рыжего изгнали из исландии за убийство и продвигаясь дальше на запад он открыл гренландию и дал ей название,гренландия была слаба заселена в сканинавских сагах повествуется о том что эрика рыжева изгнали из осландии за убийство и продвигаясь дальше на запад он открыл гренландию и дал ей название
1911,"Аналогичным образом, если у вас есть шенгенская виза, вам не нужно подавать заявление на получение визы в каждую из стран-участниц Шенгенского соглашения отдельно, что позволит вам сэкономить время и деньги, а также избежать бумажной волокиты.","Аналогичным образом, если у вас есть шингенская виза, вам не нужно подавать заявления на получение визы в каждую из стран участниц шингенского соглашения отдельно, что позволит вам сэкономить времяидеинги, а также избежать бумажные волокиты.",аналогичным образом если у вас есть шенгенская виза вам не нужно подавать заявление на получение визы в каждую из стран участниц шенгенского соглашения отдельно что позволит вам сэкономить время и деньги а также избежать бумажной волокиты,аналогичным образом если у вас есть шингенская виза вам не нужно подавать заявления на получение визы в каждую из стран участниц шингенского соглашения отдельно что позволит вам сэкономить времяидеинги а также избежать бумажные волокиты
1683,"В живых есть ещё много мужчин и женщин, которые пережили своё пребывание здесь, но есть ещё больше людей, чьи близкие были убиты здесь или работали тут до смерти, будь то евреи или люди других национальностей.","В живых есть еще много мужчин и женщин, которые пережили свое пребывание здесь, но есть еще больше людей, чьи близкие были убиты здесь или работали тут до смерти, будь то еврея или люди других национальностей.",в живых есть еще много мужчин и женщин которые пережили свое пребывание здесь но есть еще больше людей чьи близкие были убиты здесь или работали тут до смерти будь то евреи или люди других национальностей,в живых есть еще много мужчин и женщин которые пережили свое пребывание здесь но есть еще больше людей чьи близкие были убиты здесь или работали тут до смерти будь то еврея или люди других национальностей
1838,"Великая Пирамида в Гизе это единственное из семи чудес света, которое существует сегодня.","Великая пирамида в Гизе — это единственные семи чудес света, которая существует сегодня.",великая пирамида в гизе это единственное из семи чудес света которое существует сегодня,великая пирамида в гизе это единственные семи чудес света которая существует сегодня
1761,"Позже фотографы заняли место пожилой женщины, так как она отлучилась в туалет. Мендосу застрелили.","Позже фотографы заняли место пожилой женщины, так как она отлучилась туалет. Мендосу застрелили.",позже фотографы заняли место пожилой женщины так как она отлучилась в туалет мендосу застрелили,позже фотографы заняли место пожилой женщины так как она отлучилась туалет мендосу застрелили
1905,"Столицей Молдовы является Кишинёв. Местный язык — румынский, но русский также широко распространён.","Столицы Молдово является Кишиневым, местный язык румынский, но русский также широко распространён.",столицей молдовы является кишинев местный язык румынский но русский также широко распространен,столицы молдово является кишиневым местный язык румынский но русский также широко распространен
1864,"Г-жа Киршнер объявила о своём намерении баллотироваться на пост президента в Аргентинском театре, в том же месте, где она начала свою предвыборную кампанию в Сенат в 2005 году в качестве члена делегации провинции Буэнос-Айрес.","Госпажа Киршнор объявил о своем намерении баллотироваться на пост президента в аргентинском театре, в том же месте, где она начала свою предвыборную компанию Сенатом в 2005 году в качестве члено делегации провинции Бойносарас.",г жа киршнер объявила о своем намерении баллотироваться на пост президента в аргентинском театре в том же месте где она начала свою предвыборную кампанию в сенат в 2005 году в качестве члена делегации провинции буэнос айрес,госпажа киршнор объявил о своем намерении баллотироваться на пост президента в аргентинском театре в том же месте где она начала свою предвыборную компанию сенатом в 2005 году в качестве члено делегации провинции бойносарас
1741,"Большие области далее к северу довольно редко заселены, а некоторые из них – практически незаселённая глушь.","Большие области Далек северу довольно редко заселены, а некоторые из них практически незаселённые глуш.",большие области далее к северу довольно редко заселены а некоторые из них практически незаселенная глушь,большие области далек северу довольно редко заселены а некоторые из них практически незаселенные глуш
1883,"Высота подмостового габарита составляет 15 метров. Строительство было завершено в августе 2011 года, его не открывали для движения до марта 2017 года.","Высота под мостового габарита составляет 15 метров. Стрательство было завершено в августе 2011 года, его не открывали для движения до марта 2017 года.",высота подмостового габарита составляет 15 метров строительство было завершено в августе 2011 года его не открывали для движения до марта 2017 года,высота под мостового габарита составляет 15 метров стрательство было завершено в августе 2011 года его не открывали для движения до марта 2017 года
1944,"Это иногда переполненные народом семейные пляжи с хорошим выбором магазинов, расположенных вдоль берега. Плавать безопасно.","Это иногда переполненные народом семейные пляжи с хорошим выбора магазинов, расположенных вдоль берега, плавать безопасно.",это иногда переполненные народом семейные пляжи с хорошим выбором магазинов расположенных вдоль берега плавать безопасно,это иногда переполненные народом семейные пляжи с хорошим выбора магазинов расположенных вдоль берега плавать безопасно
1894,Карри — это блюдо на основе трав и специй в сочетании с мясом или овощами.,Карри — это блюдо на основе травы и спиеци сочетания с мясом или овощами.,карри это блюдо на основе трав и специй в сочетании с мясом или овощами,карри это блюдо на основе травы и спиеци сочетания с мясом или овощами
1700,Она тоньше под лунными морями и толще под нагорьями.,Она туинше под лунными морями и толще под нагорьями.,она тоньше под лунными морями и толще под нагорьями,она туинше под лунными морями и толще под нагорьями
1819,"В древнем Китае использовали уникальный способ обозначения периодов времени; каждый этап Китая или каждая семья, находившаяся у власти, были особой династией.","В древнем Китай использовали уникальный способ обозначения периодов времени. Каждый этап Китайа или каждая семья, находившиеся у власти, были особые династии.",в древнем китае использовали уникальный способ обозначения периодов времени каждый этап китая или каждая семья находившаяся у власти были особой династией,в древнем китай использовали уникальный способ обозначения периодов времени каждый этап китайа или каждая семья находившиеся у власти были особые династии
1660,"Романтизм во многом включал в себя культурный детерминизм, почерпнутый у таких писателей, как Гёте, Фихте и Шлегель.","Романтизм во многом включал в себя культурный детерминизм, подчерпнутый у таких писателей как Геоте, Фикте и Шлегель.",романтизм во многом включал в себя культурный детерминизм почерпнутый у таких писателей как гете фихте и шлегель,романтизм во многом включал в себя культурный детерминизм подчерпнутый у таких писателей как геоте фикте и шлегель
1822,"Султан Марокко перестроил город под названием Эд-Дар-эль-Бейда, а испанские торговцы, создавшие тут торговые базы, назвали его Касабланка.","Султан Марока перестроил город под названием Эд-Дар Эльпейда, а испанский торговцы, создавший ту торговый базы, назвали его Касабланка.",султан марокко перестроил город под названием эд дар эль бейда а испанские торговцы создавшие тут торговые базы назвали его касабланка,султан марока перестроил город под названием эд дар эльпейда а испанский торговцы создавший ту торговый базы назвали его касабланка
1683,"В живых есть ещё много мужчин и женщин, которые пережили своё пребывание здесь, но есть ещё больше людей, чьи близкие были убиты здесь или работали тут до смерти, будь то евреи или люди других национальностей.","В живых есть еще много мужчин и женщин, которые пережили свое пребывание здесь, но есть еще больше людей, чьи близкие были убиты здесь или работали тут до смерти, быть в той урее или люди других националистей.",в живых есть еще много мужчин и женщин которые пережили свое пребывание здесь но есть еще больше людей чьи близкие были убиты здесь или работали тут до смерти будь то евреи или люди других национальностей,в живых есть еще много мужчин и женщин которые пережили свое пребывание здесь но есть еще больше людей чьи близкие были убиты здесь или работали тут до смерти быть в той урее или люди других националистей
1733,"Первой среди 78 рекомендаций является то, что следует реализовать новую дипломатическую инициативу до конца этого года для укрепления иракских границ, чтобы не допустить враждебного вмешательства, а также для возобновления дипломатических отношений с соседями.","Первая среди 78 и 8 рекомендации является то, что следует реализовать новую дипломатическую инициативу до конца этого года для укрепления иракский границ, чтобы не доступить ураждебного вмешательства, а также для воздоблевания дипломатических отношений с соседями.",первой среди 78 рекомендаций является то что следует реализовать новую дипломатическую инициативу до конца этого года для укрепления иракских границ чтобы не допустить враждебного вмешательства а также для возобновления дипломатических отношений с соседями,первая среди 78 и 8 рекомендации является то что следует реализовать новую дипломатическую инициативу до конца этого года для укрепления иракский границ чтобы не доступить ураждебного вмешательства а также для воздоблевания дипломатических отношений с соседями
1838,"Великая Пирамида в Гизе это единственное из семи чудес света, которое существует сегодня.","Пеликая пирамида в Гизе — это единственное из семей чудиосвета, которая существует сегодня.",великая пирамида в гизе это единственное из семи чудес света которое существует сегодня,пеликая пирамида в гизе это единственное из семей чудиосвета которая существует сегодня
1857,"Он добавил, что ""их, однако, не следует просить брать на себя обязательства, которые выходят за рамки их стадии разработки, ответственности и возможностей"".","Он добавил в виду, что их однако не следует просить брать на себе обязательства, которые выходят за рамки их стадио разработки, ответственности и возможностей.",он добавил что их однако не следует просить брать на себя обязательства которые выходят за рамки их стадии разработки ответственности и возможностей,он добавил в виду что их однако не следует просить брать на себе обязательства которые выходят за рамки их стадио разработки ответственности и возможностей
1830,Правящая партия Организация народов Юго‑Западной Африки (СВАПО) также сохранила большинство на парламентских выборах.,"Правища партии организации народов Югозападной Африки — Сваппо, также сохранила большинство на парламентских выборах.",правящая партия организация народов юго западной африки свапо также сохранила большинство на парламентских выборах,правища партии организации народов югозападной африки сваппо также сохранила большинство на парламентских выборах
1743,"Большинство воззрений на технологический детерминизм разделяют две общие идеи: что направление развития технологий практически неподвластно культурному или политическому влиянию и что, в свою очередь, ""воздействие"" технологий на общество обусловлено их собственными свойствами, а не обществом.","Пальшество возрению на технологический детерминизм разделяют две общие идеи — что направление развития технологии практически не подвас на культурному или политическому влиянию, и что, в свою очередь, воздействие технологии на общество обусловлено их собственными свойствами, а не обществом.",большинство воззрений на технологический детерминизм разделяют две общие идеи что направление развития технологий практически неподвластно культурному или политическому влиянию и что в свою очередь воздействие технологий на общество обусловлено их собственными свойствами а не обществом,пальшество возрению на технологический детерминизм разделяют две общие идеи что направление развития технологии практически не подвас на культурному или политическому влиянию и что в свою очередь воздействие технологии на общество обусловлено их собственными свойствами а не обществом
1995,"Виртуальный скаффолдинг, помогающий в обучении, встроен в программное обеспечение и предназначен для того, чтобы напоминать, объяснять и задавать вопросы насчёт процедур, с которыми обучающемуся, возможно, было бы слишком трудно справиться в одиночку.","Виртуальный скаффондинг, помогающий в обучении, встроен в программное обеспечение и предназначен для того, чтобы напоминать, объяснять и задавать вопросы насчёт процедур, с которыми обучающемуся возможно было бы слишком трудно справиться в одиночку.",виртуальный скаффолдинг помогающий в обучении встроен в программное обеспечение и предназначен для того чтобы напоминать объяснять и задавать вопросы насчет процедур с которыми обучающемуся возможно было бы слишком трудно справиться в одиночку,виртуальный скаффондинг помогающий в обучении встроен в программное обеспечение и предназначен для того чтобы напоминать объяснять и задавать вопросы насчет процедур с которыми обучающемуся возможно было бы слишком трудно справиться в одиночку
1740,Звуковое и световое шоу на фоне пирамиды является одним из самых интересных мероприятий в этой местности для детей.,Звуковое световое шоу на фоне пирамид является одним из самых интересных мероприятий в этой местности для детей.,звуковое и световое шоу на фоне пирамиды является одним из самых интересных мероприятий в этой местности для детей,звуковое световое шоу на фоне пирамид является одним из самых интересных мероприятий в этой местности для детей
1867,"Растения производят кислород, которым дышит человек, и поглощают углекислый газ, который человек выдыхает.","Растения производят кислород, которым дышит человек, и поглощают угли кислый газ, который человек выдыхает.",растения производят кислород которым дышит человек и поглощают углекислый газ который человек выдыхает,растения производят кислород которым дышит человек и поглощают угли кислый газ который человек выдыхает
1923,"Эта стратегия доказала свою эффективность, отрезав жизненно важные военные и гражданские поставки, хотя эта блокада нарушала принятые повсеместно международные законы, изложенные в нескольких международных соглашениях за последние двести лет.","Это стратегия доказала свою эффективность, отреза в жизненноважные военные и гражданские поставки, хотя эта блокада нарушала принятые по всемесно-международные законы, изложенные в нескольких международных соглашениях за последние 200 лет.",эта стратегия доказала свою эффективность отрезав жизненно важные военные и гражданские поставки хотя эта блокада нарушала принятые повсеместно международные законы изложенные в нескольких международных соглашениях за последние двести лет,это стратегия доказала свою эффективность отреза в жизненноважные военные и гражданские поставки хотя эта блокада нарушала принятые по всемесно международные законы изложенные в нескольких международных соглашениях за последние 200 лет
1679,Группа Aerosmith отменила оставшиеся концерты в своем турне.,Группа Aerosmith отменила оставшиеся концерты в своем турнете.,группа aerosmith отменила оставшиеся концерты в своем турне,группа aerosmith отменила оставшиеся концерты в своем турнете
1694,Дети передаются под опеку по множеству разнообразных причин: от беспризорности до жестокого обращения и даже вымогательств.,"Тети передаются под опеку по множеству разнообразных причин, от беспризорности до жестоку обращения и даже вымогательств.",дети передаются под опеку по множеству разнообразных причин от беспризорности до жестокого обращения и даже вымогательств,тети передаются под опеку по множеству разнообразных причин от беспризорности до жестоку обращения и даже вымогательств
1760,"Мозазавр был самым грозным хищником своего времени, поэтому он не боялся никого кроме других мозазавров.","Мазазавр был самым грозным хищником своего времени, поэтому он никогда не боялся никого кроме других мазазавров.",мозазавр был самым грозным хищником своего времени поэтому он не боялся никого кроме других мозазавров,мазазавр был самым грозным хищником своего времени поэтому он никогда не боялся никого кроме других мазазавров
2002,Посредством движения устройства в воздухе игроки смогут управлять действиями и движениями в видеоиграх.,Посредством движения устройства в воздухе игроки смогут управлять действиями и движениями в виде игр.,посредством движения устройства в воздухе игроки смогут управлять действиями и движениями в видеоиграх,посредством движения устройства в воздухе игроки смогут управлять действиями и движениями в виде игр
1867,"Растения производят кислород, которым дышит человек, и поглощают углекислый газ, который человек выдыхает.","Растение производит кислородок, к которому дышит человек, и поклащают ублеки слогаз, которые человек выдыхает.",растения производят кислород которым дышит человек и поглощают углекислый газ который человек выдыхает,растение производит кислородок к которому дышит человек и поклащают ублеки слогаз которые человек выдыхает
1774,"На удалённых островах кредитные карты, возможно, не будут приниматься, хотя британскую и американскую валюту могут принять; заранее проясните с владельцами какой способ оплаты является приемлемым.","На удаленных островах кредитные карты, возможно, не будут приниматься, хотя британская и американская валюта могут принять. Заранее проясните с ладельцами, какой способ оплаты является приемлемым.",на удаленных островах кредитные карты возможно не будут приниматься хотя британскую и американскую валюту могут принять заранее проясните с владельцами какой способ оплаты является приемлемым,на удаленных островах кредитные карты возможно не будут приниматься хотя британская и американская валюта могут принять заранее проясните с ладельцами какой способ оплаты является приемлемым
1880,"Таким образом, карандаш стал хорошим другом для многих людей, когда появился.","Таким образом, Карандаш стал хорошим другом для многих людей, когда появился.",таким образом карандаш стал хорошим другом для многих людей когда появился,таким образом карандаш стал хорошим другом для многих людей когда появился
1847,Его приветствовал заместитель премьер-министра Сингапура Вонг Кан Сенг. Затем он обсудил вопросы торговли и терроризма с премьер-министром Сингапура Ли Сянь Луном.,"Его приветствовал заместитель премьер-министра Сингапура Вонг Канцсенг, затем он обсудил вопросы торговли и терроризма с премьером-министром Сингапура Ли Сиань Луном.",его приветствовал заместитель премьер министра сингапура вонг кан сенг затем он обсудил вопросы торговли и терроризма с премьер министром сингапура ли сянь луном,его приветствовал заместитель премьер министра сингапура вонг канцсенг затем он обсудил вопросы торговли и терроризма с премьером министром сингапура ли сиань луном
1666,"Возможно, вам также следует проконсультироваться с другими правительствами, помимо своего, но их рекомендации направлены на своих граждан.","Возможно, вам также следуют проконслютироваться с другими правительствами помимо своего, но их рекомендации направлены на свои граждан.",возможно вам также следует проконсультироваться с другими правительствами помимо своего но их рекомендации направлены на своих граждан,возможно вам также следуют проконслютироваться с другими правительствами помимо своего но их рекомендации направлены на свои граждан
1763,"Так же, как Луна притягивает Землю, при этом вызывая приливы, так и Млечный Путь воздействует на галактику в Стрельце.","Также как луна притягивает землю, при этом вызывая приливы, таким лечебный путь воздействует на галактику стрельце.",так же как луна притягивает землю при этом вызывая приливы так и млечный путь воздействует на галактику в стрельце,также как луна притягивает землю при этом вызывая приливы таким лечебный путь воздействует на галактику стрельце
1846,"Соотношение сторон этого формата (поделенное на двенадцать, чтобы получить соотношение с небольшими целыми числами) поэтому принято за 3:2.","Со отношение сторон этого формата, поделенное на 12, чтобы получиться отношение с небольшими целыми числами, поэтому принято за 3 по 2.",соотношение сторон этого формата поделенное на двенадцать чтобы получить соотношение с небольшими целыми числами поэтому принято за 3 2,со отношение сторон этого формата поделенное на 12 чтобы получиться отношение с небольшими целыми числами поэтому принято за 3 по 2
1879,"Можно только гадать, что станет с клавиатурой, с появлением более новых технологий.","Можно только годать, что станет с клавиатурой с появлением более новых технологий.",можно только гадать что станет с клавиатурой с появлением более новых технологий,можно только годать что станет с клавиатурой с появлением более новых технологий
1988,"Среди большинства граждан и народов в 1920-е годы преобладали такие настроения, как пацифизм и изоляция.","Среди большинства граждан-инродов 1920-й годы преобладали такие настроения, как пацифизм и изоляция.",среди большинства граждан и народов в 1920 е годы преобладали такие настроения как пацифизм и изоляция,среди большинства граждан инродов 1920 й годы преобладали такие настроения как пацифизм и изоляция
1990,"Блоги также могут улучшить навыки письма у учащихся. Хотя учащиеся часто начинают свой блог используя неряшливую грамматику и орфографию, это как правило меняется из-за присутствия аудитории.","Блоги также могут улучшить навыки письма, учащихся. Хотя учащиеся часто начинают свой блог, используя нерашливую грамматику и эрфографию, это, как правило, меняется из-за присутствия аудитории.",блоги также могут улучшить навыки письма у учащихся хотя учащиеся часто начинают свой блог используя неряшливую грамматику и орфографию это как правило меняется из за присутствия аудитории,блоги также могут улучшить навыки письма учащихся хотя учащиеся часто начинают свой блог используя нерашливую грамматику и эрфографию это как правило меняется из за присутствия аудитории
1745,"Растения выглядят лучше всего в своей естественной среде обитания, поэтому не поддавайтесь искушению взять хотя бы один экземпляр.","Растения выглядят лучше всего в своей естественной среде обитания, поэтому не поддавайтесь искушению взять хотя бы один экземпляр.",растения выглядят лучше всего в своей естественной среде обитания поэтому не поддавайтесь искушению взять хотя бы один экземпляр,растения выглядят лучше всего в своей естественной среде обитания поэтому не поддавайтесь искушению взять хотя бы один экземпляр
1814,"Ионы водорода — это протоны, от которых отделены электроны (атомы водорода состоят из одного протона и одного электрона).","Еонного дорога — это протоны, от которых отделены электроны, а тамого дорога состоят из одного протона и одного электрона.",ионы водорода это протоны от которых отделены электроны атомы водорода состоят из одного протона и одного электрона,еонного дорога это протоны от которых отделены электроны а тамого дорога состоят из одного протона и одного электрона
1849,"Если вы смотрели фильм ""Сокровище нации"", то можете подумать, что на оборотной стороне Декларации независимости была изображена карта сокровищ.","Если вы смотрели фильм Сокровейщей нации, то можете подумать, что на оборотной стороне оглеклорации независимости была изображена карта Сокровища.",если вы смотрели фильм сокровище нации то можете подумать что на оборотной стороне декларации независимости была изображена карта сокровищ,если вы смотрели фильм сокровейщей нации то можете подумать что на оборотной стороне оглеклорации независимости была изображена карта сокровища
1868,"На другом конце спектра человек превращается в неузнаваемого индивида, которому кажется, что он должен изменить всё, что делала команда, и присвоить это себе.","На другом конца спектра человек превращается в неузнаваемого индивида, которому кажется, что он должен изменить всё, что делала команда и пересвое это себе.",на другом конце спектра человек превращается в неузнаваемого индивида которому кажется что он должен изменить все что делала команда и присвоить это себе,на другом конца спектра человек превращается в неузнаваемого индивида которому кажется что он должен изменить все что делала команда и пересвое это себе
1879,"Можно только гадать, что станет с клавиатурой, с появлением более новых технологий.","Можно только гадать, что станет с клавиатурой с появлением более новых технологий.",можно только гадать что станет с клавиатурой с появлением более новых технологий,можно только гадать что станет с клавиатурой с появлением более новых технологий
1810,"Губернатор Калифорнии Арнольд Шварценеггер подписал закон, запрещающий продажу или прокат видеоигр с применением насилия несовершеннолетним лицам.","Губернатор Калифорнии Арнольш ворценегер подписал закон, запрещающий продажу или прокат видеоигр с применением насилия несовершеннолетним лицам.",губернатор калифорнии арнольд шварценеггер подписал закон запрещающий продажу или прокат видеоигр с применением насилия несовершеннолетним лицам,губернатор калифорнии арнольш ворценегер подписал закон запрещающий продажу или прокат видеоигр с применением насилия несовершеннолетним лицам
1938,"В больнице был соблюден протокол инфекционного контроля, включая отдельное содержание пациента, чтобы предотвратить возможное заражение других пациентов.","В больнице был соблюдён протокол инфекционного контроля, включая отдельное содержание пациента, чтобы предотвратить возможные заражения других пациентов.",в больнице был соблюден протокол инфекционного контроля включая отдельное содержание пациента чтобы предотвратить возможное заражение других пациентов,в больнице был соблюден протокол инфекционного контроля включая отдельное содержание пациента чтобы предотвратить возможные заражения других пациентов
1750,Находка также позволяет ознакомиться с эволюцией перьев у птиц.,Находка также позволяет ознакомиться с авалюцией перевпу птиц.,находка также позволяет ознакомиться с эволюцией перьев у птиц,находка также позволяет ознакомиться с авалюцией перевпу птиц
1739,Пещера располагается на вершине горы к северу от Мекки и полностью изолирована от остального мира.,Пещера располагается на вершине горы к северу от Меки и полностью изолирована от остального мира.,пещера располагается на вершине горы к северу от мекки и полностью изолирована от остального мира,пещера располагается на вершине горы к северу от меки и полностью изолирована от остального мира
1820,"Сейчас люди пишут сообщения на экранах компьютеров, и им никогда не приходится иметь дело с точилкой.","Сейчас люди пишут сообщения на экранных компьютеров, и им никогда не приходится иметь дело с точилкой.",сейчас люди пишут сообщения на экранах компьютеров и им никогда не приходится иметь дело с точилкой,сейчас люди пишут сообщения на экранных компьютеров и им никогда не приходится иметь дело с точилкой
1710,"На прошлой недели Министерство экономики, труда и промышленности объявило, что Apple  проинформировала его о 34 дополнительных случаях перегрева, которые компания назвала ""несерьёзными"".","На прошлой неделе Министерство экономики труда и промышленности объявила, что Apple проинформировала его 34 дополнительных случаев перегрева, которую компания назвала несерьезными.",на прошлой недели министерство экономики труда и промышленности объявило что apple проинформировала его о 34 дополнительных случаях перегрева которые компания назвала несерьезными,на прошлой неделе министерство экономики труда и промышленности объявила что apple проинформировала его 34 дополнительных случаев перегрева которую компания назвала несерьезными
1802,"Интернет сочетает в себе элементы как массовых, так и межличностных коммуникаций.","Интернет сочетает в себе элементы как массовых, так и межеличностных коммуникаций.",интернет сочетает в себе элементы как массовых так и межличностных коммуникаций,интернет сочетает в себе элементы как массовых так и межеличностных коммуникаций
1673,"Во время Войны за независимость США тринадцать штатов, в соответствии со Статьями конфедерации, впервые сформировали слабое центральное правительство, единственным органом которого был Конгресс.","Во время войны за независимость США 13 штатов, в соответствии со статями Конфедерации, впервые сформировали слабое центральное правительство, единственным органом которого был Конгресс.",во время войны за независимость сша тринадцать штатов в соответствии со статьями конфедерации впервые сформировали слабое центральное правительство единственным органом которого был конгресс,во время войны за независимость сша 13 штатов в соответствии со статями конфедерации впервые сформировали слабое центральное правительство единственным органом которого был конгресс
1986,"Наличие настоящей ""невидимой команды"" (Ларсон и ЛаФасто, 1989 г., с. 109) также является уникальным компонентом виртуальной команды.",Наличие настоящей невидимой команды Larson и La Faz 100 1989 год S109 также является уникальным компонентом виртуальной команды.,наличие настоящей невидимой команды ларсон и лафасто 1989 г с 109 также является уникальным компонентом виртуальной команды,наличие настоящей невидимой команды larson и la faz 100 1989 год s109 также является уникальным компонентом виртуальной команды
1937,"Однако эти планы стали неактуальны практически за ночь, когда около 800 000 солдат из советской Красной армии образовали Белорусский и Украинский фронты после захвата восточных регионов Польши в нарушение Рижского мирного соглашения, Советско-Польского пакта о ненападении, и других международных соглашений, двусторонних и многосторонних.","Однако эти планы стали неактуальны практически за ночь, когда около 800 000 солдаты Советской Красной армии образовали белорусские украинские фронты после захвата восточных регионов Польши в нарушение Рижского мирного соглашения, советско-польского апакта они нападении и других международных соглашений, двухстронних и многостронних.",однако эти планы стали неактуальны практически за ночь когда около 800 000 солдат из советской красной армии образовали белорусский и украинский фронты после захвата восточных регионов польши в нарушение рижского мирного соглашения советско польского пакта о ненападении и других международных соглашений двусторонних и многосторонних,однако эти планы стали неактуальны практически за ночь когда около 800 000 солдаты советской красной армии образовали белорусские украинские фронты после захвата восточных регионов польши в нарушение рижского мирного соглашения советско польского апакта они нападении и других международных соглашений двухстронних и многостронних
1727,"Дети, живущие на улицах, возможно, пережили тяжёлые формы насилия или травмирования до того, как убежать или быть брошенными.","Дети, живущие на улицах, возможно, пережилите желые формы насилия или травмирование до того, как убежать или быть брошенными.",дети живущие на улицах возможно пережили тяжелые формы насилия или травмирования до того как убежать или быть брошенными,дети живущие на улицах возможно пережилите желые формы насилия или травмирование до того как убежать или быть брошенными
1841,Не видно ничего кроме чистого прекрасного неба над головой и множества окружающих гор. Из глубины пещеры можно видеть и слышать лишь очень малую часть этого мира.,Невидно ничего кроме чистого прекрасного неба над головой и множество окружающих гор. Из глубины пещера можно видеть и слышать лишь очень малую часть этого мира.,не видно ничего кроме чистого прекрасного неба над головой и множества окружающих гор из глубины пещеры можно видеть и слышать лишь очень малую часть этого мира,невидно ничего кроме чистого прекрасного неба над головой и множество окружающих гор из глубины пещера можно видеть и слышать лишь очень малую часть этого мира
1914,"Исследования, которые проводились в двадцатом веке, показали, что существует два вида генетической вариативности: скрытая и выраженная.","Исследования, которые проводились в X веке, показали, что существует два вида генетической вариативности, скрытая и выраженная.",исследования которые проводились в двадцатом веке показали что существует два вида генетической вариативности скрытая и выраженная,исследования которые проводились в x веке показали что существует два вида генетической вариативности скрытая и выраженная
1789,"Среди других номинаций: ""Лучшая картина"", ""Режиссёр"", ""Операторская работа"", ""Дизайн костюмов"", ""Монтаж фильма"", ""Оригинальная музыка"", ""Художник-постановщик"", ""Звуковой монтаж"", ""Звук"" и ""Оригинальный сценарий"".","Среди других номинаций — лучшая картина «Режиссер» — операторская работа, дизайн костюмов, монтаж фильма, оригинальная музыка, художник-постановщик, звуковой монтаж, звук и оригинальный сценарий.",среди других номинаций лучшая картина режиссер операторская работа дизайн костюмов монтаж фильма оригинальная музыка художник постановщик звуковой монтаж звук и оригинальный сценарий,среди других номинаций лучшая картина режиссер операторская работа дизайн костюмов монтаж фильма оригинальная музыка художник постановщик звуковой монтаж звук и оригинальный сценарий
1989,"Кроме того, он занимался гравюрным оттиском банкнот для многих стран. Недавние примеры его работ — портреты премьер-министра на лицевой стороне новых банкнот Канады номиналом 5 и 100 долларов.","Кроме того, он занимался гравёрным отиском Банкнот для многих стран. Недавние примеры его работ — портрет и пример министра на лицевой стороне Новый Банкнот Канады номиналом 5 и 100 долларов.",кроме того он занимался гравюрным оттиском банкнот для многих стран недавние примеры его работ портреты премьер министра на лицевой стороне новых банкнот канады номиналом 5 и 100 долларов,кроме того он занимался граверным отиском банкнот для многих стран недавние примеры его работ портрет и пример министра на лицевой стороне новый банкнот канады номиналом 5 и 100 долларов
1840,"Подобные площадки, которые посетило большое количество людей, были организованы во многих других городах Италии и в остальном мире, в частности в Польше.","Подобные площадки, которые посетило большое количество людей, были организованы во многих других городах Италии и в остальном мире, в частности в Польше.",подобные площадки которые посетило большое количество людей были организованы во многих других городах италии и в остальном мире в частности в польше,подобные площадки которые посетило большое количество людей были организованы во многих других городах италии и в остальном мире в частности в польше
1746,"Растения питаются от солнца при помощи фотосинтеза. Кроме того, они отбрасывают тень.","Растения питаются от солнца при помощи фотосиндуса, кроме того, они отбрасывают тень.",растения питаются от солнца при помощи фотосинтеза кроме того они отбрасывают тень,растения питаются от солнца при помощи фотосиндуса кроме того они отбрасывают тень
1808,"Через два года после окончания войны бывшие союзники стали врагами, и началась Холодная война.","Через два года после окончания войны бывшие союзники стали врагами, и началась холодная война.",через два года после окончания войны бывшие союзники стали врагами и началась холодная война,через два года после окончания войны бывшие союзники стали врагами и началась холодная война
1784,"Гренландия была слабо заселена. В скандинавских сагах повествуется о том, что Эрика Рыжего изгнали из Исландии за убийство, и, продвигаясь дальше на запад, он открыл Гренландию и дал ей название.","Гренландия была слабо заселена. В сканинавских сагах повествуется о том, что Эри Корыжева изгнали из Исландии за убийство и, продвигаясь дальше на запад, он открыл Гренландию долгие названия.",гренландия была слабо заселена в скандинавских сагах повествуется о том что эрика рыжего изгнали из исландии за убийство и продвигаясь дальше на запад он открыл гренландию и дал ей название,гренландия была слабо заселена в сканинавских сагах повествуется о том что эри корыжева изгнали из исландии за убийство и продвигаясь дальше на запад он открыл гренландию долгие названия
1699,"Бишкек был описан одним обозревателем как погружающийся в состояние анархии, поскольку группы людей бегали по улицам и грабили магазины с потребительскими товарами.","Бишкек был описан одним обозревателем как погружающиеся в состоянии нархии, поскольку группы людей бегали по улицам и грабили магазины с потребительскими товарами.",бишкек был описан одним обозревателем как погружающийся в состояние анархии поскольку группы людей бегали по улицам и грабили магазины с потребительскими товарами,бишкек был описан одним обозревателем как погружающиеся в состоянии нархии поскольку группы людей бегали по улицам и грабили магазины с потребительскими товарами
1860,"Канцелярия губернатора сообщила, что 19 из раненных были офицерами полиции.","Концелярия губернатора сообщила, что девятнадцать из раненных были офицерами полиции.",канцелярия губернатора сообщила что 19 из раненных были офицерами полиции,концелярия губернатора сообщила что девятнадцать из раненных были офицерами полиции
1758,Архипелаг располагается в 120 километрах от полуострова. Крупнейшим остров носит имя Короля Георга с поселением Вилья-лас-Эстрельяс.,Архипелаг располагается в 120 км от полуострова. Крупнейший остров носит имя короля Георга с поселением Вилье Лас-Эстрельес.,архипелаг располагается в 120 километрах от полуострова крупнейшим остров носит имя короля георга с поселением вилья лас эстрельяс,архипелаг располагается в 120 км от полуострова крупнейший остров носит имя короля георга с поселением вилье лас эстрельес
2001,"Путешественникам настоятельно рекомендуется принимать во внимание любые риски, связанные с суровой погодой в их районе, поскольку они могут повлиять на любые планы поездки.","Путешественники настоятельно рекомендуется принимать во внимание любые риски, связанные с суровой погодой в их районе, поскольку они могут повлиять на любые планы поездки.",путешественникам настоятельно рекомендуется принимать во внимание любые риски связанные с суровой погодой в их районе поскольку они могут повлиять на любые планы поездки,путешественники настоятельно рекомендуется принимать во внимание любые риски связанные с суровой погодой в их районе поскольку они могут повлиять на любые планы поездки
1775,Использование видеозаписи привело к важным открытиям в сфере интерпретации микровыражений  — движений лица длительностью несколько миллисекунд.,"Использование видеозаписи привело к важным открытиям в сфере интерпретации микровыражений, движение лица, длительностью несколькомили секунд.",использование видеозаписи привело к важным открытиям в сфере интерпретации микровыражений движений лица длительностью несколько миллисекунд,использование видеозаписи привело к важным открытиям в сфере интерпретации микровыражений движение лица длительностью несколькомили секунд
1717,"Обратный поток сосредоточен в нескольких более глубоких участках, где может образовываться быстрое течение, уходящее на большую глубину, из-за подобной подводной топологии.","Обратные потоксо средоточено в нескольких более глубоких участках, где может образовываться быстрая течение, уходящая на большую глубину, и за подобные подводные топологии.",обратный поток сосредоточен в нескольких более глубоких участках где может образовываться быстрое течение уходящее на большую глубину из за подобной подводной топологии,обратные потоксо средоточено в нескольких более глубоких участках где может образовываться быстрая течение уходящая на большую глубину и за подобные подводные топологии
1966,"Комиссия стала ответом Мартелли на массовые протесты против государственного режима, начавшиеся в октябре.","Комиссия стала ответом Мортеля на массовые протесты против государственной на режима, начавшись в октябре.",комиссия стала ответом мартелли на массовые протесты против государственного режима начавшиеся в октябре,комиссия стала ответом мортеля на массовые протесты против государственной на режима начавшись в октябре
1701,"Козы, по-видимому, впервые были одомашнены около 10 000 лет назад в иранских горах Загрос.","Козы, по видимому, впервые были домашние около 10 000 лет назад в ранских горах за граз.",козы по видимому впервые были одомашнены около 10 000 лет назад в иранских горах загрос,козы по видимому впервые были домашние около 10 000 лет назад в ранских горах за граз
1716,"Развлекательно-новостной сайт TMZ полагает, что фотограф остановил свой автомобиль на противоположной стороне бульвара Сепульведа и попытался сделать снимки остановки полицейскими, перед тем как перейти дорогу и продолжить. Полицейский Калифорнийского дорожного патруля, остановивший движение, дважды был вынужден приказать ему перейти обратно.","Развлекательно-новосной сайт TMZ полагает, что фотограф остановил свой автомобиль на противоположной стороне бульвара Сипульведа и попытался сделать с ним к остановке полицейскими перед тем, как перейти дорогу и продолжить. Полицейский Королеворниско водорожного патруля, остановивший движение, два жутки был вынужден приказать ему перейти обратно.",развлекательно новостной сайт tmz полагает что фотограф остановил свой автомобиль на противоположной стороне бульвара сепульведа и попытался сделать снимки остановки полицейскими перед тем как перейти дорогу и продолжить полицейский калифорнийского дорожного патруля остановивший движение дважды был вынужден приказать ему перейти обратно,развлекательно новосной сайт tmz полагает что фотограф остановил свой автомобиль на противоположной стороне бульвара сипульведа и попытался сделать с ним к остановке полицейскими перед тем как перейти дорогу и продолжить полицейский королеворниско водорожного патруля остановивший движение два жутки был вынужден приказать ему перейти обратно
1797,Каждый является членом общества и использует транспортные системы. Практически каждый жалуется на эти систем.,Каждый является членом общества и использует транспортные системы. Практически каждый жалуется на эти системы.,каждый является членом общества и использует транспортные системы практически каждый жалуется на эти систем,каждый является членом общества и использует транспортные системы практически каждый жалуется на эти системы
1820,"Сейчас люди пишут сообщения на экранах компьютеров, и им никогда не приходится иметь дело с точилкой.","Сейчас люди пишут сообщение на экранных компьютеров, и им иногда не приходилось иметь дело сочилкой.",сейчас люди пишут сообщения на экранах компьютеров и им никогда не приходится иметь дело с точилкой,сейчас люди пишут сообщение на экранных компьютеров и им иногда не приходилось иметь дело сочилкой
2000,"Если вы пересекаете северную часть Балтийского моря зимой, узнайте насчёт расположения каюты, так как прохождение по льду приводит к довольно жуткому шуму, который может мешать спать наиболее чувствительным людям.","Если вы пересекаете северную часть Балтизского моря зимой, узнайте насчёт расположения кайуты, так как прохождение по льду приводит к довольно шуткому шуму, который может мешать спать наиболее чувствительным людям.",если вы пересекаете северную часть балтийского моря зимой узнайте насчет расположения каюты так как прохождение по льду приводит к довольно жуткому шуму который может мешать спать наиболее чувствительным людям,если вы пересекаете северную часть балтизского моря зимой узнайте насчет расположения кайуты так как прохождение по льду приводит к довольно шуткому шуму который может мешать спать наиболее чувствительным людям
1867,"Растения производят кислород, которым дышит человек, и поглощают углекислый газ, который человек выдыхает.","Растения производят кислород, которым дышит человек, и поглощают углекислый газ, который человек выдыхает.",растения производят кислород которым дышит человек и поглощают углекислый газ который человек выдыхает,растения производят кислород которым дышит человек и поглощают углекислый газ который человек выдыхает
1886,"Древние культуры и племена начали оставлять их себе, чтобы иметь под рукой молоко, шерсть, мясо и шкуру.","Древние культуры и племена начали оставлять их себе, чтобы иметь под рукой молоко, шерсть, мясо и шкуру.",древние культуры и племена начали оставлять их себе чтобы иметь под рукой молоко шерсть мясо и шкуру,древние культуры и племена начали оставлять их себе чтобы иметь под рукой молоко шерсть мясо и шкуру
1667,"Как правило, могут проявляться два типа поведения когда менеджеры начинают руководить людьми, ранее равными им по статусу. Одна крайность спектра – это попытка оставаться ""своим парнем"" (или девушкой).","Как правило, могут появляться два типа поведения, когда менеджеры начинают руководить людьми ранее равными им по статусу, одна крайная спектра – это попытка оставаться своим парнем или девушкой.",как правило могут проявляться два типа поведения когда менеджеры начинают руководить людьми ранее равными им по статусу одна крайность спектра это попытка оставаться своим парнем или девушкой,как правило могут появляться два типа поведения когда менеджеры начинают руководить людьми ранее равными им по статусу одна крайная спектра это попытка оставаться своим парнем или девушкой
1927,"Эйнджел (2006 г.) объясняет подход ""Континуум"" как метод, используемый для помощи организациям в достижении более высокого уровня эффективности.","Angel 2006 года объясняет подход к антинуам, как метод используемый для помощи организациям достижения более высокого уровня эффективности.",эйнджел 2006 г объясняет подход континуум как метод используемый для помощи организациям в достижении более высокого уровня эффективности,angel 2006 года объясняет подход к антинуам как метод используемый для помощи организациям достижения более высокого уровня эффективности
1898,"""Он [Уэльс] по сути лгал нам с самого начала. Во-первых, действуя так, как будто это нужно было сделать по юридическим причинам. Во-вторых, делая вид, что слушает нас вплоть до своего удаления изображений.""","Он Уэльс, по сути, лгал нам самого начала. Во-первых, действовать вот так, как будто это нужно было сделать по юридическим причинам, во вторых, делая вид, что слушает нас блой до своего удаления изображений.",он уэльс по сути лгал нам с самого начала во первых действуя так как будто это нужно было сделать по юридическим причинам во вторых делая вид что слушает нас вплоть до своего удаления изображений,он уэльс по сути лгал нам самого начала во первых действовать вот так как будто это нужно было сделать по юридическим причинам во вторых делая вид что слушает нас блой до своего удаления изображений
1689,"Европа — относительно маленький континент, но на нём много независимых государств. В обычных обстоятельствах путешествие через множество стран означало бы необходимость подачи прошений для получения визы и многократного прохождения паспортного контроля.","Европа относительно маленький континент, но на нём много независимых государств. В обычных обстоятельствах путешествия через множество стран означала бы необходимость подачи прошений для получения визы и многократного прохождения паспортного контроля.",европа относительно маленький континент но на нем много независимых государств в обычных обстоятельствах путешествие через множество стран означало бы необходимость подачи прошений для получения визы и многократного прохождения паспортного контроля,европа относительно маленький континент но на нем много независимых государств в обычных обстоятельствах путешествия через множество стран означала бы необходимость подачи прошений для получения визы и многократного прохождения паспортного контроля
1769,"Великая пирамида была возведена египтянами в третьем веке до нашей эры и является одним из множества больших пирамидальных сооружений, построенных, чтобы почтить память фараона.","Великая пирамида была возведена Египтянами в III веке до н. Эры и является одним из множествов больших пирамидальных сооружений, построенных, чтобы почтить память фараона.",великая пирамида была возведена египтянами в третьем веке до нашей эры и является одним из множества больших пирамидальных сооружений построенных чтобы почтить память фараона,великая пирамида была возведена египтянами в iii веке до н эры и является одним из множествов больших пирамидальных сооружений построенных чтобы почтить память фараона
1718,"Не существует универсального определения того, какие произведённые изделия являются антиквариатом. Некоторые налоговые органы определяют товары, которым за 100 лет, как антиквариат.","Не существуют универсального определения того, как ей произведённые изделия являются антиквариатом. Некоторые налоговые органы определяют товары, которым за 100 лет, как антиквариат.",не существует универсального определения того какие произведенные изделия являются антиквариатом некоторые налоговые органы определяют товары которым за 100 лет как антиквариат,не существуют универсального определения того как ей произведенные изделия являются антиквариатом некоторые налоговые органы определяют товары которым за 100 лет как антиквариат
1940,"Принимая во внимание все вышесказанное, не стоит удивляться тому, что наши предки решили ""белковую проблему"" примерно так же, как ее решают шимпанзе в саванне по сей день.","Принимая во внимания, всё вышесказанное не стоит удивляться тому, что наши предки решили белковую проблему примерно так же, как и в решающем панзе сование поседень.",принимая во внимание все вышесказанное не стоит удивляться тому что наши предки решили белковую проблему примерно так же как ее решают шимпанзе в саванне по сей день,принимая во внимания все вышесказанное не стоит удивляться тому что наши предки решили белковую проблему примерно так же как и в решающем панзе сование поседень
1742,"Территория Гонконга была названа в честь острова Гонконг, места, которое многие туристы считают главным объектом  своего внимания.","Церitoria Ганконга была названа в честь острова Ганконг, место, которое многие туристы считают главным объектом своего внимания.",территория гонконга была названа в честь острова гонконг места которое многие туристы считают главным объектом своего внимания,церitoria ганконга была названа в честь острова ганконг место которое многие туристы считают главным объектом своего внимания
1706,"Более традиционные церкви зачастую проводят пасхальное богослужение в субботу вечером во время пасхальных выходных, при этом прихожане обычно начинают в полночь празднование Воскресения Христа.","Более традиционные церкви зачастую проводят пасхальное богослужение в субботу вечером во время пасхальных выходных, при этом прихожание обычно начинает в полночь празднование воскресенья Христа.",более традиционные церкви зачастую проводят пасхальное богослужение в субботу вечером во время пасхальных выходных при этом прихожане обычно начинают в полночь празднование воскресения христа,более традиционные церкви зачастую проводят пасхальное богослужение в субботу вечером во время пасхальных выходных при этом прихожание обычно начинает в полночь празднование воскресенья христа
1698,"Все во вселенной состоит из материи. Вся материя состоит из мельчайших частиц, называемых атомами.","Всё во вселенной состоит из матери. Вся материя состоит из мельчайших частиц, называемых атомами.",все во вселенной состоит из материи вся материя состоит из мельчайших частиц называемых атомами,все во вселенной состоит из матери вся материя состоит из мельчайших частиц называемых атомами
1670,"Их термические характеристики не такие стабильные, как у больших пещер на Земле, которые часто поддерживают почти постоянную температуру, но они соответствуют тому, что является глубокими ямами в грунте, — сообщил Глен Кушинг из отдела планетной геологии Геологической службы США и Университета Северной Аризоны, расположенного во Флагстаффе, Аризона.","Их термические характеристики не такие стабильные, как у больших пещерной земля, которые часто поддерживают почти постоянную температуру, но они соответствуют тому, что является глубокими ямами в грудье, сообщу Блен Кушинга из отдела панонетной геологии, геологические службы США и университета северной Аризоны, расположенного в вофлак Стайфе Аризона.",их термические характеристики не такие стабильные как у больших пещер на земле которые часто поддерживают почти постоянную температуру но они соответствуют тому что является глубокими ямами в грунте сообщил глен кушинг из отдела планетной геологии геологической службы сша и университета северной аризоны расположенного во флагстаффе аризона,их термические характеристики не такие стабильные как у больших пещерной земля которые часто поддерживают почти постоянную температуру но они соответствуют тому что является глубокими ямами в грудье сообщу блен кушинга из отдела панонетной геологии геологические службы сша и университета северной аризоны расположенного в вофлак стайфе аризона
1679,Группа Aerosmith отменила оставшиеся концерты в своем турне.,Группа Айрасмит отменила оставшиеся концерты в своём турне.,группа aerosmith отменила оставшиеся концерты в своем турне,группа айрасмит отменила оставшиеся концерты в своем турне
1776,"За ночь было изготовлено 150–200 копий, теперь известных как ""листовки Данлэпа"".","За ночь была изготовлена 150-200 копий, теперь известных как листовки Данлопа.",за ночь было изготовлено 150 200 копий теперь известных как листовки данлэпа,за ночь была изготовлена 150 200 копий теперь известных как листовки данлопа
1842,"Так как у перьев динозавров отсутствует хорошо развитый стержень, называемый рахисом, но все же имеются другие отличительные черты — бородки и бородочки — исследователи пришли к выводу, что рахис, скорее всего, появился позднее путем эволюционного развития других отличительных черт.","Так как у перьев-динозавров отсутствует хорошо развитый сержий, называемый рахисом, но всё же имеются другие отличительные черты, бородки и породочки, и святыватели пришли к выводу, что рахис скорее всего появился позднее путём эволюционного развития других отличительных черт.",так как у перьев динозавров отсутствует хорошо развитый стержень называемый рахисом но все же имеются другие отличительные черты бородки и бородочки исследователи пришли к выводу что рахис скорее всего появился позднее путем эволюционного развития других отличительных черт,так как у перьев динозавров отсутствует хорошо развитый сержий называемый рахисом но все же имеются другие отличительные черты бородки и породочки и святыватели пришли к выводу что рахис скорее всего появился позднее путем эволюционного развития других отличительных черт
1910,"Парижане слывут эгоцентричными, грубыми и надменными.","Порежане слывут эгоцентричными, грубыми и надменными.",парижане слывут эгоцентричными грубыми и надменными,порежане слывут эгоцентричными грубыми и надменными
1799,"Помимо соревнований в среду, Карпендо принимал участие в двух индивидуальных соревнованиях на чемпионатах.",Помимо соревнований в среду Корпенда принимал участие в двух индивидуальных соревнованиях на чемпионадах.,помимо соревнований в среду карпендо принимал участие в двух индивидуальных соревнованиях на чемпионатах,помимо соревнований в среду корпенда принимал участие в двух индивидуальных соревнованиях на чемпионадах
1949,"Термин ""жук"" используется энтомологами формально для обозначения группы насекомых.",Термин Жук используется энтомологами в формане для обозначения группы насекомых.,термин жук используется энтомологами формально для обозначения группы насекомых,термин жук используется энтомологами в формане для обозначения группы насекомых
1672,Не подвергайте ткань воздействию слишком высокой температуры (что может привести к усадке или в очень редких случаях к ожогу).,"Не подвергайте тканьбы с действия слишком высокой температуры, что может привести к усадке или, в очень редких случаях кажову.",не подвергайте ткань воздействию слишком высокой температуры что может привести к усадке или в очень редких случаях к ожогу,не подвергайте тканьбы с действия слишком высокой температуры что может привести к усадке или в очень редких случаях кажову
1987,"Падение произошло в высокогорье, и, как полагают, стало результатом вражеского огня.","Подения произошло в Высокогория, и, как полагают, стало результатом вражеского огня.",падение произошло в высокогорье и как полагают стало результатом вражеского огня,подения произошло в высокогория и как полагают стало результатом вражеского огня
1854,Сам автомобиль убрали с места происшествия в тот же день примерно в 12:00 по Гринвичу.,"Сам автомобиль убрали с места происшествия в тот же день, примерно в 12.00 по Гринвичу.",сам автомобиль убрали с места происшествия в тот же день примерно в 12 00 по гринвичу,сам автомобиль убрали с места происшествия в тот же день примерно в 12 00 по гринвичу
1999,"В 1960-х гг. Бжезинский занимал должность советника при Джоне Ф. Кеннеди, затем в администрации Линдона Б. Джонсона.","В 1960-х годах Бжезински занимал должное советника при Джоне в Кеннеде, затем в администрации Линдона Б. Джонсона.",в 1960 х гг бжезинский занимал должность советника при джоне ф кеннеди затем в администрации линдона б джонсона,в 1960 х годах бжезински занимал должное советника при джоне в кеннеде затем в администрации линдона б джонсона
2009,"Наиболее доступными растительными ресурсами были бы белки, находящиеся в листьях и бобовых, но они плохо усваиваются такими приматами, как мы, если их не готовить.","Наиболее доступными растительными ресурсами были бы белкины ходящиеся в листьях и бабовых, но не плохо усваивают с такими приматами, как мы, если их не готовить.",наиболее доступными растительными ресурсами были бы белки находящиеся в листьях и бобовых но они плохо усваиваются такими приматами как мы если их не готовить,наиболее доступными растительными ресурсами были бы белкины ходящиеся в листьях и бабовых но не плохо усваивают с такими приматами как мы если их не готовить
1749,"Он находился под управлением ""вишистских"" французов. Эти французы, заключили мир с немцами в 1940 году и работали вместе с захватчиками вместо того, чтобы им противостоять.","Он находился под управлением вишистских французов. Эти французы заключили мир с немцами в 1940 году и работали вместе с захватчиками вместо того, чтобы им противостоять.",он находился под управлением вишистских французов эти французы заключили мир с немцами в 1940 году и работали вместе с захватчиками вместо того чтобы им противостоять,он находился под управлением вишистских французов эти французы заключили мир с немцами в 1940 году и работали вместе с захватчиками вместо того чтобы им противостоять
1783,"К региональным и сезонным опасным явлениям погоды относятся метели, снежные бури, ледяные и пыльные бури.","Креональными сезонным опасным явлением погоды относит саметели, снежные буря, ледяные и пыльные бури.",к региональным и сезонным опасным явлениям погоды относятся метели снежные бури ледяные и пыльные бури,креональными сезонным опасным явлением погоды относит саметели снежные буря ледяные и пыльные бури
1712,"С 1966 года Сундарбан является заповедником дикой природы, и, по имеющимся подсчётам, на его территории в настоящее время обитают 400 бенгальских тигров и около 30 000 пятнистых оленей.",С 1966 года Сондарбан является заповетником Дикой природы и по имеющимся почетом на его территории в настоящее время обитают 400 бингвальных тигров и около 30 000 питьнистых олений.,с 1966 года сундарбан является заповедником дикой природы и по имеющимся подсчетам на его территории в настоящее время обитают 400 бенгальских тигров и около 30 000 пятнистых оленей,с 1966 года сондарбан является заповетником дикой природы и по имеющимся почетом на его территории в настоящее время обитают 400 бингвальных тигров и около 30 000 питьнистых олений
1662,"Сплавы по существу представляют собой смесь двух или более металлов. Не забывайте, что в периодической таблице много элементов.","С плавы по существу представляют собой смесь двух или более металлов. Не забывайте, что в периодической таблице много элементов.",сплавы по существу представляют собой смесь двух или более металлов не забывайте что в периодической таблице много элементов,с плавы по существу представляют собой смесь двух или более металлов не забывайте что в периодической таблице много элементов
1991,"В течение этого периода европейской истории, католическая церковь, ставшая богатой и сильной, оказалась объектом пристального внимания.","В течение этого периода европейской истории католическая церковь, ставшая богатой и сильной, оказалась объектом пристального внимания.",в течение этого периода европейской истории католическая церковь ставшая богатой и сильной оказалась объектом пристального внимания,в течение этого периода европейской истории католическая церковь ставшая богатой и сильной оказалась объектом пристального внимания
1671,"Конгресс начал финансировать инициативу по борьбе с развратом в 2005 налоговом году и определил, что ФБР должно выделить 10 агентов на борьбу со взрослой порнографией.","Конгресс начал финансировать инициативу по борьбе с развратом в 2005 налоговом году, и определил, что ФБР должно выделить десять агентов на борьбу со взрослых парнографий.",конгресс начал финансировать инициативу по борьбе с развратом в 2005 налоговом году и определил что фбр должно выделить 10 агентов на борьбу со взрослой порнографией,конгресс начал финансировать инициативу по борьбе с развратом в 2005 налоговом году и определил что фбр должно выделить десять агентов на борьбу со взрослых парнографий
1895,"По мере того как знание греческого языка ухудшалось, Запад оказался отрезанным от своих философских и научных греческих корней.","Помере того, как знание греческого языка ухудшалось, запад оказался отрезанным от своих философских и научно-греческих корней.",по мере того как знание греческого языка ухудшалось запад оказался отрезанным от своих философских и научных греческих корней,помере того как знание греческого языка ухудшалось запад оказался отрезанным от своих философских и научно греческих корней
1981,"Если вы сходите на берег только в порядке экскурсии на корабле, вам не понадобится отдельная виза (с 2009).","Если вы сходите на берег только в порядке экскурсий на корабле, вам не понадобится отдельная виза за 2009-го.",если вы сходите на берег только в порядке экскурсии на корабле вам не понадобится отдельная виза с 2009,если вы сходите на берег только в порядке экскурсий на корабле вам не понадобится отдельная виза за 2009 го
1992,"Термин ""сафари"" в повседневном использовании означает наземную поездку с целью посмотреть поразительную дикую природу Африки, особенно в саванне.","Термин Сафари в поседневном использовании означает на земную поездку с целью посмотреть поразительную дику природу Африки, особенно в Саване.",термин сафари в повседневном использовании означает наземную поездку с целью посмотреть поразительную дикую природу африки особенно в саванне,термин сафари в поседневном использовании означает на земную поездку с целью посмотреть поразительную дику природу африки особенно в саване
1823,Изучение движения отдельных водителей и автомобилей между двумя точками и их взаимодействие друг с другом осуществляется в рамках исследования транспортных потоков.,Изучение движения отдельных водителей и автомобилей между двумя точками и их взаимодействие друг с другом осуществляется в рамках исследования транспортных потоков.,изучение движения отдельных водителей и автомобилей между двумя точками и их взаимодействие друг с другом осуществляется в рамках исследования транспортных потоков,изучение движения отдельных водителей и автомобилей между двумя точками и их взаимодействие друг с другом осуществляется в рамках исследования транспортных потоков
1774,"На удалённых островах кредитные карты, возможно, не будут приниматься, хотя британскую и американскую валюту могут принять; заранее проясните с владельцами какой способ оплаты является приемлемым.","На удаленных островах кредитные карты, возможно, не будут приниматься, хотя британскую американскую валюту могут принять. Заранее проясните с владельцами, какой способ оплаты является приемлемым.",на удаленных островах кредитные карты возможно не будут приниматься хотя британскую и американскую валюту могут принять заранее проясните с владельцами какой способ оплаты является приемлемым,на удаленных островах кредитные карты возможно не будут приниматься хотя британскую американскую валюту могут принять заранее проясните с владельцами какой способ оплаты является приемлемым
1806,"Поскольку световое загрязнение в период их расцвета не было такой проблемой, как сегодня, они обычно расположены в городах или в кампусах, до которых легче добраться, чем до тех, которые построены в наше время.","Поскольку световое загрязнение в период их расцвета не было такой проблемой, как сегодня, они обычно расположены в городах или в камфусах, до которых легче добраться, чем до тех, которые построены в наше время.",поскольку световое загрязнение в период их расцвета не было такой проблемой как сегодня они обычно расположены в городах или в кампусах до которых легче добраться чем до тех которые построены в наше время,поскольку световое загрязнение в период их расцвета не было такой проблемой как сегодня они обычно расположены в городах или в камфусах до которых легче добраться чем до тех которые построены в наше время
1880,"Таким образом, карандаш стал хорошим другом для многих людей, когда появился.","Таким образом, карандарж стал хорошим другом для многих людей, когда появился.",таким образом карандаш стал хорошим другом для многих людей когда появился,таким образом карандарж стал хорошим другом для многих людей когда появился
1786,"Во время сравнения при помощи инфракрасной Фурье-спектроскопии выяснилось, что состав этих кристаллов соответствует кристаллам, найденным в моче поражённых домашних животных.","Во время сравнения при помощи инфрокрасной фурьез-спект Роскопе и выяснилось, что состав этих кресталов соответствует кресталам, найденным в маче пораженных домашних животных.",во время сравнения при помощи инфракрасной фурье спектроскопии выяснилось что состав этих кристаллов соответствует кристаллам найденным в моче пораженных домашних животных,во время сравнения при помощи инфрокрасной фурьез спект роскопе и выяснилось что состав этих кресталов соответствует кресталам найденным в маче пораженных домашних животных
1844,Поверхность Луны состоит из камней и пыли. Внешний слой Луны называется корой.,Поверхность луны состоит из камней и пыли. Внешний слой луны называется корой.,поверхность луны состоит из камней и пыли внешний слой луны называется корой,поверхность луны состоит из камней и пыли внешний слой луны называется корой
1964,"25 листовок Данлэпа, известные на настоящее время, являются старейшими выжившими копиями документа. Оригинальная рукописная копия не дошла до нас.","25 листовок Дамлыпа, известные на настоящее время, являются старейшими выжившими копиями документа. Оригинальная рукописная копия не дошла до нас.",25 листовок данлэпа известные на настоящее время являются старейшими выжившими копиями документа оригинальная рукописная копия не дошла до нас,25 листовок дамлыпа известные на настоящее время являются старейшими выжившими копиями документа оригинальная рукописная копия не дошла до нас
1689,"Европа — относительно маленький континент, но на нём много независимых государств. В обычных обстоятельствах путешествие через множество стран означало бы необходимость подачи прошений для получения визы и многократного прохождения паспортного контроля.","Европа относительно маленький континент, но на нём много независимых государств. В обычных обстоятельствах путешествия через множество стран означало бы необходимые с подачей прошении для получения виза и многократного прохождения паспортного контроля.",европа относительно маленький континент но на нем много независимых государств в обычных обстоятельствах путешествие через множество стран означало бы необходимость подачи прошений для получения визы и многократного прохождения паспортного контроля,европа относительно маленький континент но на нем много независимых государств в обычных обстоятельствах путешествия через множество стран означало бы необходимые с подачей прошении для получения виза и многократного прохождения паспортного контроля
1930,"Шестеро заложников, включая детей и пожилых людей, освободили раньше, как и филиппинских фотографов.","Шести разложенков, включая детей и пожилых людей, освободили раньше, как и филиппинских фотографов.",шестеро заложников включая детей и пожилых людей освободили раньше как и филиппинских фотографов,шести разложенков включая детей и пожилых людей освободили раньше как и филиппинских фотографов
1749,"Он находился под управлением ""вишистских"" французов. Эти французы, заключили мир с немцами в 1940 году и работали вместе с захватчиками вместо того, чтобы им противостоять.","Он находился под управлением вишистских французов. Эти французы заключили мир с немцами в 1940 году и работали вместе с захвачиками вместо того, чтобы им противостоять.",он находился под управлением вишистских французов эти французы заключили мир с немцами в 1940 году и работали вместе с захватчиками вместо того чтобы им противостоять,он находился под управлением вишистских французов эти французы заключили мир с немцами в 1940 году и работали вместе с захвачиками вместо того чтобы им противостоять
1807,"Итальянский язык также является повседневным языком для большинства людей, работающих в государстве, в то время как латынь зачастую используется в религиозных церемониях.","Итальянский язык также является поседневным вьензеком для большинства людей, работающих в государстве, в то время как латынь зачастую используется в религиозных церемониях.",итальянский язык также является повседневным языком для большинства людей работающих в государстве в то время как латынь зачастую используется в религиозных церемониях,итальянский язык также является поседневным вьензеком для большинства людей работающих в государстве в то время как латынь зачастую используется в религиозных церемониях
1682,"Хотя никто не знает наверняка, кто его написал, известно, что в начале своего существования этот большой пергаментный документ (размером 29¾ на 24½ дюйма) был свёрнут для более удобного хранения.","Хотя никто не знал наверняка, кто его написал, известно, что в начале своего существования этот большой пергаментный документ, размером 29,34 на 24,1 уюма, был свернут для более удобного хранения.",хотя никто не знает наверняка кто его написал известно что в начале своего существования этот большой пергаментный документ размером 293 4 на 241 2 дюйма был свернут для более удобного хранения,хотя никто не знал наверняка кто его написал известно что в начале своего существования этот большой пергаментный документ размером 29 34 на 24 1 уюма был свернут для более удобного хранения
1927,"Эйнджел (2006 г.) объясняет подход ""Континуум"" как метод, используемый для помощи организациям в достижении более высокого уровня эффективности.","Angel 2010 года объясняет подход к антинам как метод, используемый для помощи организациям до стезра неполли высокого уровня эффективности.",эйнджел 2006 г объясняет подход континуум как метод используемый для помощи организациям в достижении более высокого уровня эффективности,angel 2010 года объясняет подход к антинам как метод используемый для помощи организациям до стезра неполли высокого уровня эффективности
1750,Находка также позволяет ознакомиться с эволюцией перьев у птиц.,Находка также позволяет ознакомиться с эволюцией перьев-убтиц.,находка также позволяет ознакомиться с эволюцией перьев у птиц,находка также позволяет ознакомиться с эволюцией перьев убтиц
1946,"Правила отмены заказов могут отличаться, но по состоянию на конец марта большая часть правил, связанных с коронавирусом, не распространяется на июль 2020 года, когда были запланированы Олимпийские игры.","Правила отменно заказов могут отличаться, но по состоянию на конец марта большая часть правил, связанных с коронавирусом, не распространяется на июль 2020 года, когда были запланированы олимпийские игры.",правила отмены заказов могут отличаться но по состоянию на конец марта большая часть правил связанных с коронавирусом не распространяется на июль 2020 года когда были запланированы олимпийские игры,правила отменно заказов могут отличаться но по состоянию на конец марта большая часть правил связанных с коронавирусом не распространяется на июль 2020 года когда были запланированы олимпийские игры
1786,"Во время сравнения при помощи инфракрасной Фурье-спектроскопии выяснилось, что состав этих кристаллов соответствует кристаллам, найденным в моче поражённых домашних животных.","Во время сравнения при помощи инфракрасной фурьезпектроскопии выяснилось, что состав этих кристаллов соответствует кристаллам, найденным в моче пораженных домашних животных.",во время сравнения при помощи инфракрасной фурье спектроскопии выяснилось что состав этих кристаллов соответствует кристаллам найденным в моче пораженных домашних животных,во время сравнения при помощи инфракрасной фурьезпектроскопии выяснилось что состав этих кристаллов соответствует кристаллам найденным в моче пораженных домашних животных
1823,Изучение движения отдельных водителей и автомобилей между двумя точками и их взаимодействие друг с другом осуществляется в рамках исследования транспортных потоков.,Изучение движения отдельных водителей и автомобили между двумя точками и их взамадистве друг с другом осчастляется в рамках исследования транспортных потоков.,изучение движения отдельных водителей и автомобилей между двумя точками и их взаимодействие друг с другом осуществляется в рамках исследования транспортных потоков,изучение движения отдельных водителей и автомобили между двумя точками и их взамадистве друг с другом осчастляется в рамках исследования транспортных потоков
1974,"Аналогично, мужчины должны носить брюки, которые бы закрывали колени.","Аналогично, мужчины должны носить брюки, которые бы закрывали коление.",аналогично мужчины должны носить брюки которые бы закрывали колени,аналогично мужчины должны носить брюки которые бы закрывали коление
1676,"Как и во всех южноафриканских национальных парках, в этом парке существует ежедневная плата за его охрану и посещение.","Как и во всех южно-авриканских национальных парках, в этом парке существует айжадимная плата за его охрану и посещение.",как и во всех южноафриканских национальных парках в этом парке существует ежедневная плата за его охрану и посещение,как и во всех южно авриканских национальных парках в этом парке существует айжадимная плата за его охрану и посещение
1866,"Во-первых, большинство наездников носят сапоги для верховой езды с каблуком, имеющие гладкую и довольно тонкую подошву.","Во-первых, большинство наездников носят сапоги для верховой езды с каблуком, имеющей гладку и довольно тонкую подушву.",во первых большинство наездников носят сапоги для верховой езды с каблуком имеющие гладкую и довольно тонкую подошву,во первых большинство наездников носят сапоги для верховой езды с каблуком имеющей гладку и довольно тонкую подушву
1896,"Федерация гимнастики США и Олимпийский комитет США имеют одинаковую цель — сделать гимнастику и другие виды спорта настолько безопасными для спортсменов, насколько это возможно, чтобы они могли стремиться к своим целям в безопасной, позитивной среде и были наделены всеми правами.","Федерация гибнастики США и Олимпийский комитет США имеют одинаковую цель сделать гемнастику и другие виды спорта настолько безопасными для спортсменов, насколько это возможно, чтобы они могли стремиться к своим целям в безопасной, позитивной среде и были наделены всеми правами.",федерация гимнастики сша и олимпийский комитет сша имеют одинаковую цель сделать гимнастику и другие виды спорта настолько безопасными для спортсменов насколько это возможно чтобы они могли стремиться к своим целям в безопасной позитивной среде и были наделены всеми правами,федерация гибнастики сша и олимпийский комитет сша имеют одинаковую цель сделать гемнастику и другие виды спорта настолько безопасными для спортсменов насколько это возможно чтобы они могли стремиться к своим целям в безопасной позитивной среде и были наделены всеми правами
1981,"Если вы сходите на берег только в порядке экскурсии на корабле, вам не понадобится отдельная виза (с 2009).","Если вы сходите на берег только в порядке экскурсии на корабле, вам не понадобит садейной виза.",если вы сходите на берег только в порядке экскурсии на корабле вам не понадобится отдельная виза с 2009,если вы сходите на берег только в порядке экскурсии на корабле вам не понадобит садейной виза
2001,"Путешественникам настоятельно рекомендуется принимать во внимание любые риски, связанные с суровой погодой в их районе, поскольку они могут повлиять на любые планы поездки.","Путешественникам настоятельно рекомендуются принимать во внимание любые рейски, связанные с суровой погодой в хренье, поскольку они могут повлиять на любые планы поездки.",путешественникам настоятельно рекомендуется принимать во внимание любые риски связанные с суровой погодой в их районе поскольку они могут повлиять на любые планы поездки,путешественникам настоятельно рекомендуются принимать во внимание любые рейски связанные с суровой погодой в хренье поскольку они могут повлиять на любые планы поездки
1734,"Ученые смогли сделать вывод, что темная материя воздействует на другую темную материю так же, как и в случае с обычной материей.","Учёные смогли сделать вывод, что тёмные материя воздействует на другую тёмную материю также, как и в случае с обычной материей.",ученые смогли сделать вывод что темная материя воздействует на другую темную материю так же как и в случае с обычной материей,ученые смогли сделать вывод что темные материя воздействует на другую темную материю также как и в случае с обычной материей
1922,"Конечно же, эта традиция имеет христианское теологическое объяснение, но это вполне может быть и дохристианский ритуал весны и плодородия.","Конечно, эта традиция имеет христианское теологическое объяснение, но это вполне может быть и до христианский ритуал весны и плодородия.",конечно же эта традиция имеет христианское теологическое объяснение но это вполне может быть и дохристианский ритуал весны и плодородия,конечно эта традиция имеет христианское теологическое объяснение но это вполне может быть и до христианский ритуал весны и плодородия
1700,Она тоньше под лунными морями и толще под нагорьями.,"Она тоньше под лунами, морями и толыще под ангорими.",она тоньше под лунными морями и толще под нагорьями,она тоньше под лунами морями и толыще под ангорими
1695,"Простым и популярным блюдом на обед, особенно в летнее время, является Па-амб-оли: хлеб с оливковым маслом, помидорами и любой имеющейся начинкой, такой как сыр, тунец и т. д.","Простым и популярным блюдом на обед, особенно в летнее время, является по амболей, хлеб с оливковым маслом, помидорами и любой имеющейся начинкой, такой как сыр, тунец и так далее.",простым и популярным блюдом на обед особенно в летнее время является па амб оли хлеб с оливковым маслом помидорами и любой имеющейся начинкой такой как сыр тунец и т д,простым и популярным блюдом на обед особенно в летнее время является по амболей хлеб с оливковым маслом помидорами и любой имеющейся начинкой такой как сыр тунец и так далее
1942,Мы строим наши дома и изготавливаем одежду из растений. Большая часть нашей пищи — это растения. Без растений животные не смогли бы выжить.,Мы строим наши дома и изготовлюм одежду из растений. Большая часть нашей пищи — это растения. Без растений животные не смогли бы выжать.,мы строим наши дома и изготавливаем одежду из растений большая часть нашей пищи это растения без растений животные не смогли бы выжить,мы строим наши дома и изготовлюм одежду из растений большая часть нашей пищи это растения без растений животные не смогли бы выжать
1783,"К региональным и сезонным опасным явлениям погоды относятся метели, снежные бури, ледяные и пыльные бури.","К региональному сезонным опасным явлением погоды относятся метели, снежные бурь, ледяные и пыльные буря.",к региональным и сезонным опасным явлениям погоды относятся метели снежные бури ледяные и пыльные бури,к региональному сезонным опасным явлением погоды относятся метели снежные бурь ледяные и пыльные буря
1788,Федерация гимнастики США поддерживает письмо Олимпийского комитета США и соглашается с абсолютной необходимостью создания безопасной среды для всех наших спортсменов.,Федерация гимнастики США поддерживает письмо Олимпийского комитета США и соглашается с абсолютной необходимостью создания безопасной среды для всех наших спортсменов.,федерация гимнастики сша поддерживает письмо олимпийского комитета сша и соглашается с абсолютной необходимостью создания безопасной среды для всех наших спортсменов,федерация гимнастики сша поддерживает письмо олимпийского комитета сша и соглашается с абсолютной необходимостью создания безопасной среды для всех наших спортсменов
1957,"Он назвал эти слухи ""политической болтовнёй и глупостью"".",Он назвал эти слухи политической болтовней и глупостью.,он назвал эти слухи политической болтовней и глупостью,он назвал эти слухи политической болтовней и глупостью
1881,Выкладывание экскурсии в виртуальное пространство для всеобщего обозрения — это также отличный способ освежить в памяти экскурсию и поделиться своим полученными знаниями с будущими классами.,Выкладывание экскурсии в виртуальное пространство для всеобщего обозрения — это также отличный способ освежить в памяти экскурсию и поделиться своим полученными знаниями с будущими классами.,выкладывание экскурсии в виртуальное пространство для всеобщего обозрения это также отличный способ освежить в памяти экскурсию и поделиться своим полученными знаниями с будущими классами,выкладывание экскурсии в виртуальное пространство для всеобщего обозрения это также отличный способ освежить в памяти экскурсию и поделиться своим полученными знаниями с будущими классами
1722,53-летний Куомо начал свою деятельность на посту губернатора в начале этого года и подписал законопроект о легализации однополых браков в прошлом месяце.,Пятидесятя трехлетней Коома начал свою деятельность на пасту губернатора в начале этого года и подписал законопроект о легализации однополых браков в прошлом месяце.,53 летний куомо начал свою деятельность на посту губернатора в начале этого года и подписал законопроект о легализации однополых браков в прошлом месяце,пятидесятя трехлетней коома начал свою деятельность на пасту губернатора в начале этого года и подписал законопроект о легализации однополых браков в прошлом месяце
1779,"Заявление было сделано после того, как Трамп провел телефонный разговор с президентом Турции Реджепом Тайипом Эрдоганом.","Заявление было сделано после того, как Трамп провел телефон и разговор с президентом Турции Реджепом Тайпом Эрдоганом.",заявление было сделано после того как трамп провел телефонный разговор с президентом турции реджепом тайипом эрдоганом,заявление было сделано после того как трамп провел телефон и разговор с президентом турции реджепом тайпом эрдоганом
1986,"Наличие настоящей ""невидимой команды"" (Ларсон и ЛаФасто, 1989 г., с. 109) также является уникальным компонентом виртуальной команды.",Наличие настоящей невидимой команды Larson и LaFasta 1989 год страница 109 также является уникальным компонентом виртуальной команды.,наличие настоящей невидимой команды ларсон и лафасто 1989 г с 109 также является уникальным компонентом виртуальной команды,наличие настоящей невидимой команды larson и lafasta 1989 год страница 109 также является уникальным компонентом виртуальной команды
1865,Круизы в Санкт-Петербург включают прогулки по городу. Пассажиры круизов освобождены от визовых требований (уточните условия).,"Круизы в Санкт-Петербург включают пергулки по городам. Пассажир круизов освобождены от визовых требований, уточните условия.",круизы в санкт петербург включают прогулки по городу пассажиры круизов освобождены от визовых требований уточните условия,круизы в санкт петербург включают пергулки по городам пассажир круизов освобождены от визовых требований уточните условия
1779,"Заявление было сделано после того, как Трамп провел телефонный разговор с президентом Турции Реджепом Тайипом Эрдоганом.","Заявление было сделано после того, как Трамм провел телефон разговор с президентом Турции Раджепом Таипом Эрдоганом.",заявление было сделано после того как трамп провел телефонный разговор с президентом турции реджепом тайипом эрдоганом,заявление было сделано после того как трамм провел телефон разговор с президентом турции раджепом таипом эрдоганом
1739,Пещера располагается на вершине горы к северу от Мекки и полностью изолирована от остального мира.,"Пещера располагается на вершине коры Ксиеродмейки, и полностью изолирована от остального мира.",пещера располагается на вершине горы к северу от мекки и полностью изолирована от остального мира,пещера располагается на вершине коры ксиеродмейки и полностью изолирована от остального мира
1883,"Высота подмостового габарита составляет 15 метров. Строительство было завершено в августе 2011 года, его не открывали для движения до марта 2017 года.","В высота под мостового габарита составляет 15 метров. Стриттисту было завершено власти 2011 года, его не открывали для движения до Мэрта 2017 года.",высота подмостового габарита составляет 15 метров строительство было завершено в августе 2011 года его не открывали для движения до марта 2017 года,в высота под мостового габарита составляет 15 метров стриттисту было завершено власти 2011 года его не открывали для движения до мэрта 2017 года
1925,"Проведенная работа была в основном теоретической, но программа была написана для имитации наблюдений галактики в Стрельце.","Проведенная работа была в основном теоретической, но программа была написана для имитации наблюдения галактики в стрельце.",проведенная работа была в основном теоретической но программа была написана для имитации наблюдений галактики в стрельце,проведенная работа была в основном теоретической но программа была написана для имитации наблюдения галактики в стрельце
1958,"Данный город сильно отличается от других городов страны, так как в нем преобладает арабский колорит, а не африканский.","Данный город сильно отличается от других городов страны, так как в нём преобладает арабский колорит, а не африканский.",данный город сильно отличается от других городов страны так как в нем преобладает арабский колорит а не африканский,данный город сильно отличается от других городов страны так как в нем преобладает арабский колорит а не африканский
1715,"Обычные объявления в метро делаются только на каталонском языке, но незапланированные перебои объявляются автоматизированной системой на самых разных языках, включая испанский, английский, французский, арабский и японский.","Обычно объявления в метро делаются только на католонском языке, но незапланированные перебой объявляются автоматизированы системой на самых разных языках, включая испанский, английский, французский арабский и японский.",обычные объявления в метро делаются только на каталонском языке но незапланированные перебои объявляются автоматизированной системой на самых разных языках включая испанский английский французский арабский и японский,обычно объявления в метро делаются только на католонском языке но незапланированные перебой объявляются автоматизированы системой на самых разных языках включая испанский английский французский арабский и японский
1835,"Предупреждений о цунами не было и, согласно сообщению от Джакартского геофизического агентства, не будет, так как магнитуда землетрясения не достигла 6,5 балла.","Предупреждение от сунами не было и, согласно сообщению от жекарского геофизического агентства, не будет, так как магнитуда землетрясения не застыгла 6,5 балла.",предупреждений о цунами не было и согласно сообщению от джакартского геофизического агентства не будет так как магнитуда землетрясения не достигла 6 5 балла,предупреждение от сунами не было и согласно сообщению от жекарского геофизического агентства не будет так как магнитуда землетрясения не застыгла 6 5 балла
1673,"Во время Войны за независимость США тринадцать штатов, в соответствии со Статьями конфедерации, впервые сформировали слабое центральное правительство, единственным органом которого был Конгресс.","Во время войны за независимость США 13 штатов соответствий со статьями Конфедерации впервые сформировали слабое центральное правительство и единственным органом, которого был Конгресс.",во время войны за независимость сша тринадцать штатов в соответствии со статьями конфедерации впервые сформировали слабое центральное правительство единственным органом которого был конгресс,во время войны за независимость сша 13 штатов соответствий со статьями конфедерации впервые сформировали слабое центральное правительство и единственным органом которого был конгресс
1722,53-летний Куомо начал свою деятельность на посту губернатора в начале этого года и подписал законопроект о легализации однополых браков в прошлом месяце.,Пятидесятя трёхлетние Хома начал свою деятельность на постуге в Бирнатора в начале этого года и подписал законопроект АЛЬ легализации однополых браков в прошлое месяце.,53 летний куомо начал свою деятельность на посту губернатора в начале этого года и подписал законопроект о легализации однополых браков в прошлом месяце,пятидесятя трехлетние хома начал свою деятельность на постуге в бирнатора в начале этого года и подписал законопроект аль легализации однополых браков в прошлое месяце
1814,"Ионы водорода — это протоны, от которых отделены электроны (атомы водорода состоят из одного протона и одного электрона).","И он и водорода — это протоны, от которых отделены электроны, а там и водороды состоят из одного протона и одного электрона.",ионы водорода это протоны от которых отделены электроны атомы водорода состоят из одного протона и одного электрона,и он и водорода это протоны от которых отделены электроны а там и водороды состоят из одного протона и одного электрона
1894,Карри — это блюдо на основе трав и специй в сочетании с мясом или овощами.,"Карри — это блюдо на основе трав и специи, сочетание и с мясом или овощами.",карри это блюдо на основе трав и специй в сочетании с мясом или овощами,карри это блюдо на основе трав и специи сочетание и с мясом или овощами
1873,Твердо отказывайте мужчинам и не бойтесь стоять на своем (такое недопустимо вне зависимости от культурных различий!).,Твёрдо отказывайте мужчинам и не бойтесь стоят на своём. Такое недопустимо в независимости от культурных различий.,твердо отказывайте мужчинам и не бойтесь стоять на своем такое недопустимо вне зависимости от культурных различий,твердо отказывайте мужчинам и не бойтесь стоят на своем такое недопустимо в независимости от культурных различий
1844,Поверхность Луны состоит из камней и пыли. Внешний слой Луны называется корой.,Поверхность луны состоит из камней и пыли. Верхний слой луны называется корой.,поверхность луны состоит из камней и пыли внешний слой луны называется корой,поверхность луны состоит из камней и пыли верхний слой луны называется корой
1709,В докладе содержится резкая критика почти каждого аспекта нынешней политики исполнительной власти в отношении Ирака и настоятельный призыв к незамедлительной смене курса.,"В докладии содержится разная критика почти каждого аспекта, нынешние политики и исполнительные власти в отношении Ирака и настроительных призыв к незаметлительной смене курса.",в докладе содержится резкая критика почти каждого аспекта нынешней политики исполнительной власти в отношении ирака и настоятельный призыв к незамедлительной смене курса,в докладии содержится разная критика почти каждого аспекта нынешние политики и исполнительные власти в отношении ирака и настроительных призыв к незаметлительной смене курса
1782,"Кроме того между правлениями каждой династии царила раздробленность и нестабильность. Самой известной была эпоха Троецарствия, которая длилась 60 лет во время династий Хань и Цзинь.","Кроме того, между управлениями каждой династии и царилы раздропленность и нестабильность, самый известный была эпоха Трейцарствия, которая отлилась 60 лет во время династии Хань и Цынь.",кроме того между правлениями каждой династии царила раздробленность и нестабильность самой известной была эпоха троецарствия которая длилась 60 лет во время династий хань и цзинь,кроме того между управлениями каждой династии и царилы раздропленность и нестабильность самый известный была эпоха трейцарствия которая отлилась 60 лет во время династии хань и цынь
1842,"Так как у перьев динозавров отсутствует хорошо развитый стержень, называемый рахисом, но все же имеются другие отличительные черты — бородки и бородочки — исследователи пришли к выводу, что рахис, скорее всего, появился позднее путем эволюционного развития других отличительных черт.","Так как у перьев-динозаров отсутствуют хорошо развитые стержень, называемые рахисом, но всё же имеются другие отличительные черты, бородки и бородочки. И исследователи пришли к выводу, что рахис скорее всего появился позднее, путём эволюционного развития других отличительных черт.",так как у перьев динозавров отсутствует хорошо развитый стержень называемый рахисом но все же имеются другие отличительные черты бородки и бородочки исследователи пришли к выводу что рахис скорее всего появился позднее путем эволюционного развития других отличительных черт,так как у перьев динозаров отсутствуют хорошо развитые стержень называемые рахисом но все же имеются другие отличительные черты бородки и бородочки и исследователи пришли к выводу что рахис скорее всего появился позднее путем эволюционного развития других отличительных черт
1921,"С другой стороны, погодные условия со снегом и льдом являются нормальными во многих странах, и дорожное движение продолжается круглый год почти без перерывов.","С другой стороны, погодные условия со снегом льдом являются нормальными во многих странах, и дорожные движения продолжаются округлый год почти без перерывов.",с другой стороны погодные условия со снегом и льдом являются нормальными во многих странах и дорожное движение продолжается круглый год почти без перерывов,с другой стороны погодные условия со снегом льдом являются нормальными во многих странах и дорожные движения продолжаются округлый год почти без перерывов
1956,"Использование кораблей для транспортировки товаров является, безусловно, самым эффективным способом перевозки большого количества людей и грузов через океаны.","Использование кораблей для транспортировки товаров является, безусловно, самым эффективным способом перевозки большого количества людей и грузов через океаны.",использование кораблей для транспортировки товаров является безусловно самым эффективным способом перевозки большого количества людей и грузов через океаны,использование кораблей для транспортировки товаров является безусловно самым эффективным способом перевозки большого количества людей и грузов через океаны
1718,"Не существует универсального определения того, какие произведённые изделия являются антиквариатом. Некоторые налоговые органы определяют товары, которым за 100 лет, как антиквариат.","Не существуют универсального определения того, какие произведённые изделия являются антиквариатом. Некоторые налоговые органы определяют товары, которым за 100 лет, как антиквариат.",не существует универсального определения того какие произведенные изделия являются антиквариатом некоторые налоговые органы определяют товары которым за 100 лет как антиквариат,не существуют универсального определения того какие произведенные изделия являются антиквариатом некоторые налоговые органы определяют товары которым за 100 лет как антиквариат
1730,"Автобусы отправляются с межрайонной автостанции (за рекой) в течение всего дня, хотя большая часть, особенно направляющиеся на восток и в Джакар/Бумтанг, отбывают с 06:30 до 07:30.","Автобусы отправляются между районной автостанции за рекой в течение сегодня, хотя большая часть, особенно направляющаяся на восток и в джекарь Бум-Танга, отбывают 630 до 730 утра.",автобусы отправляются с межрайонной автостанции за рекой в течение всего дня хотя большая часть особенно направляющиеся на восток и в джакар бумтанг отбывают с 06 30 до 07 30,автобусы отправляются между районной автостанции за рекой в течение сегодня хотя большая часть особенно направляющаяся на восток и в джекарь бум танга отбывают 630 до 730 утра
1846,"Соотношение сторон этого формата (поделенное на двенадцать, чтобы получить соотношение с небольшими целыми числами) поэтому принято за 3:2.","Со отношение сторон этого формата поделённая на 12, чтобы получить соотношение с небольшими целыми числами, поэтому принято за три к двум.",соотношение сторон этого формата поделенное на двенадцать чтобы получить соотношение с небольшими целыми числами поэтому принято за 3 2,со отношение сторон этого формата поделенная на 12 чтобы получить соотношение с небольшими целыми числами поэтому принято за три к двум
1705,"15 августа 1940 года союзники вторглись в южную часть Франции. Вторжение получило название ""Операция ""Драгун"""".",15 августа 1940 года союзники вторглись в южную часть Франции. В торжении получила название операция драун.,15 августа 1940 года союзники вторглись в южную часть франции вторжение получило название операция драгун,15 августа 1940 года союзники вторглись в южную часть франции в торжении получила название операция драун
1756,"Поздно вечером в воскресенье президент США Дональд Трамп через пресс-секретаря заявил, что войска США покинут Сирию.","Позна вечером воскресенье президент США Дональд Трамп через пресс-секретаря заявил, что войска США покинет Сирию.",поздно вечером в воскресенье президент сша дональд трамп через пресс секретаря заявил что войска сша покинут сирию,позна вечером воскресенье президент сша дональд трамп через пресс секретаря заявил что войска сша покинет сирию
1772,"Таким образом, вполне вероятно, что запись была добавлена просто как пометка.","Таким образом, вполне вероятно, что запись была добавлена просто как пометка.",таким образом вполне вероятно что запись была добавлена просто как пометка,таким образом вполне вероятно что запись была добавлена просто как пометка
1661,"Он не назвал цифру для сокращений бюджетов, сказав, что они будут сделаны исходя из производительности экономики Китая.","Он не назвал цифру для сокращения бюджетов, сказав, что они будут сделаны, исходя из производительности экономика Китая.",он не назвал цифру для сокращений бюджетов сказав что они будут сделаны исходя из производительности экономики китая,он не назвал цифру для сокращения бюджетов сказав что они будут сделаны исходя из производительности экономика китая
1892,"Это место, которое британские колонизаторы забрали себе, и если вы ищете доказательства колониального прошлого территории, то это хорошее место для начала.","Это место, которое британские колонизаторы запрали себе. Если вы ищете доказательства колониального прошлого территории, то это хорошее место для начала.",это место которое британские колонизаторы забрали себе и если вы ищете доказательства колониального прошлого территории то это хорошее место для начала,это место которое британские колонизаторы запрали себе если вы ищете доказательства колониального прошлого территории то это хорошее место для начала
1670,"Их термические характеристики не такие стабильные, как у больших пещер на Земле, которые часто поддерживают почти постоянную температуру, но они соответствуют тому, что является глубокими ямами в грунте, — сообщил Глен Кушинг из отдела планетной геологии Геологической службы США и Университета Северной Аризоны, расположенного во Флагстаффе, Аризона.","Их термические характеристики не такие стабильны, как у больших пещер на Земле, которые часто поддерживают почти постоянную температуру, но они соответствуют тому, что является глубокими ямами в грунте, сообщил Глян Кушинг из отдела планетной геологии, геологической службы США и университета Северной Аризоны, расположенного во флакставе Аризона.",их термические характеристики не такие стабильные как у больших пещер на земле которые часто поддерживают почти постоянную температуру но они соответствуют тому что является глубокими ямами в грунте сообщил глен кушинг из отдела планетной геологии геологической службы сша и университета северной аризоны расположенного во флагстаффе аризона,их термические характеристики не такие стабильны как у больших пещер на земле которые часто поддерживают почти постоянную температуру но они соответствуют тому что является глубокими ямами в грунте сообщил глян кушинг из отдела планетной геологии геологической службы сша и университета северной аризоны расположенного во флакставе аризона
1725,"Серия ASUS Eee PC, ранее представленная во всём мире с ориентацией на такие факторы, как экономия средств и функциональность, стала горячей темой во время месяца информационных технологий в Тайбэе в 2007 году.","Серия ASUS EPC ранее представленная во всём мире с ориентацией на такие факторы как экономия, средств и функциональность стала горячей темой во время месяца информационных технологий в Тайбе в 2007 году.",серия asus eee pc ранее представленная во всем мире с ориентацией на такие факторы как экономия средств и функциональность стала горячей темой во время месяца информационных технологий в тайбэе в 2007 году,серия asus epc ранее представленная во всем мире с ориентацией на такие факторы как экономия средств и функциональность стала горячей темой во время месяца информационных технологий в тайбе в 2007 году
1789,"Среди других номинаций: ""Лучшая картина"", ""Режиссёр"", ""Операторская работа"", ""Дизайн костюмов"", ""Монтаж фильма"", ""Оригинальная музыка"", ""Художник-постановщик"", ""Звуковой монтаж"", ""Звук"" и ""Оригинальный сценарий"".","Среди других номинаций — лучшая картина, режиссер, операторская работа, дизайн костюмов, монтаж фильма, оригинальная музыка, художник постановщик, звуковой монтаж, звук и оригинальный сценарий.",среди других номинаций лучшая картина режиссер операторская работа дизайн костюмов монтаж фильма оригинальная музыка художник постановщик звуковой монтаж звук и оригинальный сценарий,среди других номинаций лучшая картина режиссер операторская работа дизайн костюмов монтаж фильма оригинальная музыка художник постановщик звуковой монтаж звук и оригинальный сценарий
1994,"Очевидно, что если владеешь языком романский подгруппы, тебе будет проще выучить португальский.","Очевидно, что если владеешь языком романской под группы, две будет проще выучить протугальский.",очевидно что если владеешь языком романский подгруппы тебе будет проще выучить португальский,очевидно что если владеешь языком романской под группы две будет проще выучить протугальский
1912,Почти все более мелкие острова являются независимыми государствами или ассоциированы с Францией и известны как шикарные пляжные курорты.,Почти все более мелкие острова являются независимыми государствами или ассоциированы с Францией и известны как шикарные пляжные курорты.,почти все более мелкие острова являются независимыми государствами или ассоциированы с францией и известны как шикарные пляжные курорты,почти все более мелкие острова являются независимыми государствами или ассоциированы с францией и известны как шикарные пляжные курорты
1921,"С другой стороны, погодные условия со снегом и льдом являются нормальными во многих странах, и дорожное движение продолжается круглый год почти без перерывов.","С другой стороны, погодные условия со снегом льдом являются нормальными во многих странах, и дорожное движение продолжается круглый год почти без перерывов.",с другой стороны погодные условия со снегом и льдом являются нормальными во многих странах и дорожное движение продолжается круглый год почти без перерывов,с другой стороны погодные условия со снегом льдом являются нормальными во многих странах и дорожное движение продолжается круглый год почти без перерывов
1930,"Шестеро заложников, включая детей и пожилых людей, освободили раньше, как и филиппинских фотографов.","Шести разоложников, включая детей и пожилых людей, освободили раньше, как и филиппинских фотографов.",шестеро заложников включая детей и пожилых людей освободили раньше как и филиппинских фотографов,шести разоложников включая детей и пожилых людей освободили раньше как и филиппинских фотографов
1681,"Он, однако, не является единственным. Научные исследования также руководствуются экспериментированием (эксперимент — это проверка, используемая, чтобы исключить одну или более возможных гипотез), задаванием вопросов и проведением наблюдений.","Он, однако, не является единственным. Научные исследования также руководствуются экспериментированием. Эксперимент — это проверка, используемая, чтобы исключить одну или более возможных епотис, задаванием вопросов и проведением наблюдений.",он однако не является единственным научные исследования также руководствуются экспериментированием эксперимент это проверка используемая чтобы исключить одну или более возможных гипотез задаванием вопросов и проведением наблюдений,он однако не является единственным научные исследования также руководствуются экспериментированием эксперимент это проверка используемая чтобы исключить одну или более возможных епотис задаванием вопросов и проведением наблюдений
1746,"Растения питаются от солнца при помощи фотосинтеза. Кроме того, они отбрасывают тень.","Растения питаются от Солнца при помощи фотосинтеза, кроме того, они отбрасывают тень.",растения питаются от солнца при помощи фотосинтеза кроме того они отбрасывают тень,растения питаются от солнца при помощи фотосинтеза кроме того они отбрасывают тень
1920,"В них обычно предлагается особая еда, напитки и развлечения, чтобы гости оставались в хорошем настроении и не покидали заведения.","В них обычно предлагается особая еда, напитки и различения, чтобы кости оставались в хорошем настроении и не покидали заведение.",в них обычно предлагается особая еда напитки и развлечения чтобы гости оставались в хорошем настроении и не покидали заведения,в них обычно предлагается особая еда напитки и различения чтобы кости оставались в хорошем настроении и не покидали заведение
1719,"Неблагоприятные метеоусловия — это общий термин для обозначения любого опасного явления погоды, способного причинить какой-либо ущерб, вызвать серьёзные социальные потрясения или привести к человеческим жертвам.","Неблагоприятные метеусловия — это общий термин для обозначения любого опасного явления погоды, способного причинить какой-либо ущерб, вызвать серьёзно социально потрясение или привести к человеческим жертвам.",неблагоприятные метеоусловия это общий термин для обозначения любого опасного явления погоды способного причинить какой либо ущерб вызвать серьезные социальные потрясения или привести к человеческим жертвам,неблагоприятные метеусловия это общий термин для обозначения любого опасного явления погоды способного причинить какой либо ущерб вызвать серьезно социально потрясение или привести к человеческим жертвам
1723,"Бухта была местом печально известного военно-морского противостояния в 1889 году, когда семь кораблей из Германии, США и Британии отказались покидать бухту.","Бухта была местом печально известного военно-морского противостояния в 1889 году, когда семь кораблей из Германии, США и Британии отказались покидать бухту.",бухта была местом печально известного военно морского противостояния в 1889 году когда семь кораблей из германии сша и британии отказались покидать бухту,бухта была местом печально известного военно морского противостояния в 1889 году когда семь кораблей из германии сша и британии отказались покидать бухту
1805,Автобус Scotturb № 403 совершает регулярные рейсы в Синтру и делает остановку на мысе Рока.,Автобус Скотт-Торпл. № 403 совершает регулярные рейсы в Синтру и делает остановку на мысе рока.,автобус scotturb no 403 совершает регулярные рейсы в синтру и делает остановку на мысе рока,автобус скотт торпл no 403 совершает регулярные рейсы в синтру и делает остановку на мысе рока
1965,"Почти все эти пляжи песчаные с безопасным купанием, и многие из них тенистые благодаря таким деревьям, как похутукава.","Почти всей этой пляже песчаны с безопасным купанием, и многие из них тенисты благодаря таким деревьям, как по хату капу.",почти все эти пляжи песчаные с безопасным купанием и многие из них тенистые благодаря таким деревьям как похутукава,почти всей этой пляже песчаны с безопасным купанием и многие из них тенисты благодаря таким деревьям как по хату капу
1763,"Так же, как Луна притягивает Землю, при этом вызывая приливы, так и Млечный Путь воздействует на галактику в Стрельце.","Также, как луна притягивает Землю, при этом вызывая прилевы, так и млечные путьбы воздействует на галактику в стрельце.",так же как луна притягивает землю при этом вызывая приливы так и млечный путь воздействует на галактику в стрельце,также как луна притягивает землю при этом вызывая прилевы так и млечные путьбы воздействует на галактику в стрельце
1969,"Оно гласит, что лучше всего помещать главный объект на пересечении линий, делящих изображение на три части по вертикали и по горизонтали (см. пример).","Оно огласит, что лучше всего помещать главный объект на пересечении линий, делящих изображения на три части, по вертикали и по горизонтали. Смотрите пример.",оно гласит что лучше всего помещать главный объект на пересечении линий делящих изображение на три части по вертикали и по горизонтали см пример,оно огласит что лучше всего помещать главный объект на пересечении линий делящих изображения на три части по вертикали и по горизонтали смотрите пример
1975,"Население Ватикана составляет около 800 человек. Это самая маленькая независимая страна в мире, а также страна, имеющая наименьшее население.","Население Ватикана составляет около 800 человек. Это самая маленькая независимая страна в мире, а также страна, имеющая на меньшее население.",население ватикана составляет около 800 человек это самая маленькая независимая страна в мире а также страна имеющая наименьшее население,население ватикана составляет около 800 человек это самая маленькая независимая страна в мире а также страна имеющая на меньшее население
1901,"Несмотря на то, что ИИ прочно ассоциируется с научной фантастикой, он формирует очень важное направление компьютерных наук, рассматривающее поведение и обучение машин и ""привитие"" им интеллекта.","Несмотря на то, что ИИ прочно ассоциируется с научной фантастикой, он формирует очень важное направление компьютерных наук, рассматривающее поведение и обучение машин и привите им интеллекта.",несмотря на то что ии прочно ассоциируется с научной фантастикой он формирует очень важное направление компьютерных наук рассматривающее поведение и обучение машин и привитие им интеллекта,несмотря на то что ии прочно ассоциируется с научной фантастикой он формирует очень важное направление компьютерных наук рассматривающее поведение и обучение машин и привите им интеллекта
1836,"Людям с античных времен были известны основные химические элементы, такие как золото, серебро и медь, поскольку их все можно встретить в природе в чистом виде и относительно легко добывать с помощью примитивных орудий.","Людям с античных времён были известны основные химические элементы, такие как золото, серебро и медь, поскольку их все можно встретить в природе в чистом виде и относительно легко добывать с помощью примитивных орудий.",людям с античных времен были известны основные химические элементы такие как золото серебро и медь поскольку их все можно встретить в природе в чистом виде и относительно легко добывать с помощью примитивных орудий,людям с античных времен были известны основные химические элементы такие как золото серебро и медь поскольку их все можно встретить в природе в чистом виде и относительно легко добывать с помощью примитивных орудий
1727,"Дети, живущие на улицах, возможно, пережили тяжёлые формы насилия или травмирования до того, как убежать или быть брошенными.","Дети, жиущие на улицах, возможно, пережили тяжелые формы насилия или травмирования до того, как убежать или быть прошенными.",дети живущие на улицах возможно пережили тяжелые формы насилия или травмирования до того как убежать или быть брошенными,дети жиущие на улицах возможно пережили тяжелые формы насилия или травмирования до того как убежать или быть прошенными
1997,"Однако, процент людей с туберкулёзом с множественной лекарственной устойчивостью в целой группе больных туберкулезом все еще кажется низким; 6000 от общего числа 330 000 зараженных в данный конкретный момент в ЮАР.","Однако процент людей с туберкулезом, с множественной лекарственной устойчивости в целой группе больных туберкулезом, всё ещё кажется низким — 6000 от общего числа 330 000 заржённых в данный конкретный момент в ЮАр.",однако процент людей с туберкулезом с множественной лекарственной устойчивостью в целой группе больных туберкулезом все еще кажется низким 6000 от общего числа 330 000 зараженных в данный конкретный момент в юар,однако процент людей с туберкулезом с множественной лекарственной устойчивости в целой группе больных туберкулезом все еще кажется низким 6000 от общего числа 330 000 зарженных в данный конкретный момент в юар
1948,"Эпоха Троецарствия была одним из самых кровавых периодов в истории древнего Китая. Тысячи людей погибли, сражаясь за место на троне в большом дворце в Сиане.","Эпуха Тройцарствия была одним из самых кровавых периодов в истории Древнего Китая — тысячи людей погибли, сражаясь за место на троне в большом дворце в Сиане.",эпоха троецарствия была одним из самых кровавых периодов в истории древнего китая тысячи людей погибли сражаясь за место на троне в большом дворце в сиане,эпуха тройцарствия была одним из самых кровавых периодов в истории древнего китая тысячи людей погибли сражаясь за место на троне в большом дворце в сиане
1849,"Если вы смотрели фильм ""Сокровище нации"", то можете подумать, что на оборотной стороне Декларации независимости была изображена карта сокровищ.","Если вы смотрели фильм сокровища нации, то можете подумать, что на оборотной стороне декларации независимости была изображена карта сокровищ.",если вы смотрели фильм сокровище нации то можете подумать что на оборотной стороне декларации независимости была изображена карта сокровищ,если вы смотрели фильм сокровища нации то можете подумать что на оборотной стороне декларации независимости была изображена карта сокровищ
1799,"Помимо соревнований в среду, Карпендо принимал участие в двух индивидуальных соревнованиях на чемпионатах.",Помимо соревнований в среду Корпенда принимала участие в двух индивидуальных соревнованиях на чемпионатах.,помимо соревнований в среду карпендо принимал участие в двух индивидуальных соревнованиях на чемпионатах,помимо соревнований в среду корпенда принимала участие в двух индивидуальных соревнованиях на чемпионатах
1943,"Чем ниже напряжение, тем более позитивна присутствующая в вас жизненная сила. Каждому человеку потенциально дано обрести абсолютные покой и чувство удовлетворения.","Чем ниже напряжения, тем более позитивно присутствующая в вас жизненная сила. Каждому человеку потенциально дано обрести абсолютные покой и чувство удовлетворения.",чем ниже напряжение тем более позитивна присутствующая в вас жизненная сила каждому человеку потенциально дано обрести абсолютные покой и чувство удовлетворения,чем ниже напряжения тем более позитивно присутствующая в вас жизненная сила каждому человеку потенциально дано обрести абсолютные покой и чувство удовлетворения
1972,"Часто их не рассматривают, как динозавров, потому что они имеют перья и способны летать.","Часто их не рассматривают мыт, как динозавров, потому что они имеют перья и способны летать.",часто их не рассматривают как динозавров потому что они имеют перья и способны летать,часто их не рассматривают мыт как динозавров потому что они имеют перья и способны летать
2006,"Такие элементы, как кальций и калий, считаются металлами. Конечно, также есть такие металлы, как серебро и золото.","Такие элементы как кальций и калей считаются металлами. Конечно, также есть такие металлы — к сереброе золото.",такие элементы как кальций и калий считаются металлами конечно также есть такие металлы как серебро и золото,такие элементы как кальций и калей считаются металлами конечно также есть такие металлы к сереброе золото
1803,"Влага на ваших руках вступит в реакцию с верхним слоем, что будет необычно, затем сформируется подобие оболочки.","Влаго на ваших руках вступит в реакцию с верхним слоем, что будет необычно, затем сформируется подобие оболочки.",влага на ваших руках вступит в реакцию с верхним слоем что будет необычно затем сформируется подобие оболочки,влаго на ваших руках вступит в реакцию с верхним слоем что будет необычно затем сформируется подобие оболочки
1817,Но Шенгенская зона в этом плане функционирует как единая страна.,Ношенгенская зона в этом плане функционирует как единая страна.,но шенгенская зона в этом плане функционирует как единая страна,ношенгенская зона в этом плане функционирует как единая страна
1971,"Сильные ветра, град, обильные осадки и лесные пожары являются проявлениями и эффектами суровых погодных явлений, таких как  бури, торнадо, водяные смерчи и ураганы.","Сильные ветра, град, обильные осадки и лесные пожары являются проявлениями и эффектами сыровых погодных явлений, таких как бурри, торнадо, водяные смеши у органа.",сильные ветра град обильные осадки и лесные пожары являются проявлениями и эффектами суровых погодных явлений таких как бури торнадо водяные смерчи и ураганы,сильные ветра град обильные осадки и лесные пожары являются проявлениями и эффектами сыровых погодных явлений таких как бурри торнадо водяные смеши у органа
1752,"Это привело к тому, что два вида рыб вымерли, а два других, в том числе горбатый голавль, попали под угрозу исчезновения.","Это привело к тому, что два вида рыб вымерли, а два других, в том числе горбатой головли, попали под урозу исчезновения.",это привело к тому что два вида рыб вымерли а два других в том числе горбатый голавль попали под угрозу исчезновения,это привело к тому что два вида рыб вымерли а два других в том числе горбатой головли попали под урозу исчезновения
2008,"Прочие вопросы в повестке дня на Бали включают в себя сохранение оставшихся в мире лесов и обмен технологиями, чтобы способствовать росту развивающихся стран с меньшими загрязняющими последствиями.","Прочие вопросы в повестке дня наполи включают в себя сохранение оставшихся в мире лесов и обмен технологиями, чтобы способствовать родства развивающих со стран с мильшами-загрязняющими последствиями.",прочие вопросы в повестке дня на бали включают в себя сохранение оставшихся в мире лесов и обмен технологиями чтобы способствовать росту развивающихся стран с меньшими загрязняющими последствиями,прочие вопросы в повестке дня наполи включают в себя сохранение оставшихся в мире лесов и обмен технологиями чтобы способствовать родства развивающих со стран с мильшами загрязняющими последствиями
1752,"Это привело к тому, что два вида рыб вымерли, а два других, в том числе горбатый голавль, попали под угрозу исчезновения.","Это привело к тому, что два вида рыб вымерли от два других, в том числе огорбаты и голавль, попали под угрозу исчезновения.",это привело к тому что два вида рыб вымерли а два других в том числе горбатый голавль попали под угрозу исчезновения,это привело к тому что два вида рыб вымерли от два других в том числе огорбаты и голавль попали под угрозу исчезновения
1816,"Дюваль, который женат и имеет двух совершеннолетних детей, не произвел большого впечатления на Миллера, которому рассказали эту историю.","Дюваль, который женат и имеет двух совершеннолетний детей, не произвел большого впечатления на Миллера, которому рассказали эту историю.",дюваль который женат и имеет двух совершеннолетних детей не произвел большого впечатления на миллера которому рассказали эту историю,дюваль который женат и имеет двух совершеннолетний детей не произвел большого впечатления на миллера которому рассказали эту историю
1827,Толщина коры составляет около 70 км под океанами и 100 км – под материками.,Толщина карыс составляет около 70 км под океанами и 100 км под материками.,толщина коры составляет около 70 км под океанами и 100 км под материками,толщина карыс составляет около 70 км под океанами и 100 км под материками
1899,"Мухаммед очень интересовался темами, не связанными с мирской жизнью. Он часто посещал пещеру, которая стала известна как ""Хира"" на горе ""Нур"" (свет) для размышлений.","Нухаммед очень интересовался темами, не связанными с мертвой жизнью. Он часто посещал пещеру, которая стала известна как хира на горенур свет, для размышлений.",мухаммед очень интересовался темами не связанными с мирской жизнью он часто посещал пещеру которая стала известна как хира на горе нур свет для размышлений,нухаммед очень интересовался темами не связанными с мертвой жизнью он часто посещал пещеру которая стала известна как хира на горенур свет для размышлений
1920,"В них обычно предлагается особая еда, напитки и развлечения, чтобы гости оставались в хорошем настроении и не покидали заведения.","В них обычно предлагается особая еда, напитки и различения, чтобы гости оставались в хорошем настроении и не покидали заведение.",в них обычно предлагается особая еда напитки и развлечения чтобы гости оставались в хорошем настроении и не покидали заведения,в них обычно предлагается особая еда напитки и различения чтобы гости оставались в хорошем настроении и не покидали заведение
1837,"Либеральная критика усилий по восстановлению сосредоточивалась на том, что контракты на восстановительные работы отдавались предположительно имеющим связи с правительством.","Либеральная критика, а усилие по восстановлению, сосредоточилось на том, что контракты на восстановительные работы отдавались предположительно имеющем связи с правительством.",либеральная критика усилий по восстановлению сосредоточивалась на том что контракты на восстановительные работы отдавались предположительно имеющим связи с правительством,либеральная критика а усилие по восстановлению сосредоточилось на том что контракты на восстановительные работы отдавались предположительно имеющем связи с правительством
1868,"На другом конце спектра человек превращается в неузнаваемого индивида, которому кажется, что он должен изменить всё, что делала команда, и присвоить это себе.","На другом конце спектра человек превращается в неузнаваемого индивида, которому кажется, что он должен изменить всё, что делала команда, и присвоить это себе.",на другом конце спектра человек превращается в неузнаваемого индивида которому кажется что он должен изменить все что делала команда и присвоить это себе,на другом конце спектра человек превращается в неузнаваемого индивида которому кажется что он должен изменить все что делала команда и присвоить это себе
1827,Толщина коры составляет около 70 км под океанами и 100 км – под материками.,Толщина коры составляет около 70 км под океанами и 100 км под материками.,толщина коры составляет около 70 км под океанами и 100 км под материками,толщина коры составляет около 70 км под океанами и 100 км под материками
1980,"К сожалению, сложно изучать интенсивность движения автотранспорта, потому что нельзя со стопроцентной вероятностью предсказать поведение водителя.","К сожалению, сложно изучать интенсивное движение автотранспорта, потому что нельзя со 100% вероятностью предсказать поведения водителя.",к сожалению сложно изучать интенсивность движения автотранспорта потому что нельзя со стопроцентной вероятностью предсказать поведение водителя,к сожалению сложно изучать интенсивное движение автотранспорта потому что нельзя со 100 вероятностью предсказать поведения водителя
1853,Джанкарло Физикелла потерял контроль над управлением своим автомобилем и завершил гонку вскоре после старта.,Джанкарла физикело потерял контроль над управлением своим автомобилем и завершил гонкув вскоре после старта.,джанкарло физикелла потерял контроль над управлением своим автомобилем и завершил гонку вскоре после старта,джанкарла физикело потерял контроль над управлением своим автомобилем и завершил гонкув вскоре после старта
1756,"Поздно вечером в воскресенье президент США Дональд Трамп через пресс-секретаря заявил, что войска США покинут Сирию.","Позно вечером в воскресенье президент США Доновь Трамп через пресс-секретаря заявил, что войска США покинут сирию.",поздно вечером в воскресенье президент сша дональд трамп через пресс секретаря заявил что войска сша покинут сирию,позно вечером в воскресенье президент сша доновь трамп через пресс секретаря заявил что войска сша покинут сирию
1803,"Влага на ваших руках вступит в реакцию с верхним слоем, что будет необычно, затем сформируется подобие оболочки.","Влаго на наших руках субит в реакцию с верхним слоем, что будет необычно, затем сформируется подобие оболочки.",влага на ваших руках вступит в реакцию с верхним слоем что будет необычно затем сформируется подобие оболочки,влаго на наших руках субит в реакцию с верхним слоем что будет необычно затем сформируется подобие оболочки
1832,"В популярные виды спорта входят футбол, баскетбол, волейбол, водное поло, фехтование, регби, велоспорт, хоккей на льду, хоккей на роликах и автогонки ""Формулы-1"".","В популярной виде спортов ходят футбол, бускитбол, вуллибол, водные болы фиктования, регби, вилоспорт, хакинальту, хакинороликах и автогонки Формул 1.",в популярные виды спорта входят футбол баскетбол волейбол водное поло фехтование регби велоспорт хоккей на льду хоккей на роликах и автогонки формулы 1,в популярной виде спортов ходят футбол бускитбол вуллибол водные болы фиктования регби вилоспорт хакинальту хакинороликах и автогонки формул 1
1985,"Это связано, но обычно не включает пешее восхождение на вершину и затем спуск по неподготовленным склонам, так как катание по целине требует более жестких лыж и ботинок.","Это связано, но обычно не включают пешие восхождение на вершину и затем спуск по неподготовленным склонам, так и катание по целенне требует более жёстких лыш и ботинок.",это связано но обычно не включает пешее восхождение на вершину и затем спуск по неподготовленным склонам так как катание по целине требует более жестких лыж и ботинок,это связано но обычно не включают пешие восхождение на вершину и затем спуск по неподготовленным склонам так и катание по целенне требует более жестких лыш и ботинок
1692,"Согласно ядерному управлению Японии, на заводе были обнаружены радиоактивный цезий и йод.",Согласно ядерному управлению Японии на заводе были обнаруженной радиоактивной сезии Иод.,согласно ядерному управлению японии на заводе были обнаружены радиоактивный цезий и йод,согласно ядерному управлению японии на заводе были обнаруженной радиоактивной сезии иод
1884,"В частности, утверждается, что можно определить, лжет ли человек, при помощи правильной интерпретации его микровыражений.","В частности, утверждается, что можно определить, он жётли человек, при помощи правильной интерпретации его микроворажений.",в частности утверждается что можно определить лжет ли человек при помощи правильной интерпретации его микровыражений,в частности утверждается что можно определить он жетли человек при помощи правильной интерпретации его микроворажений
1929,"Дель Потро имел раннее преимущество во втором сете, но это также потребовало тай-брейка после достижения 6-6.","Дель-Патро имел ранее преимущество во втором сети, но это также потребовало Тайбрейка после достижения 6-6.",дель потро имел раннее преимущество во втором сете но это также потребовало тай брейка после достижения 6 6,дель патро имел ранее преимущество во втором сети но это также потребовало тайбрейка после достижения 6 6
1871,В тёплом климате Ближнего Востока дом не имел особого значения.,В тёплом климете ближнего востока дом не имел особого значения.,в теплом климате ближнего востока дом не имел особого значения,в теплом климете ближнего востока дом не имел особого значения
1747,Коллеги-рестлеры тоже отдали Луне дань уважения.,Калеги Реслеры тоже отдали лунедань уважения.,коллеги рестлеры тоже отдали луне дань уважения,калеги реслеры тоже отдали лунедань уважения
1770,"Это кажется разумной идеей, потому что мы не чувствуем, что Земля движется, не так ли?","Это кажется разумной идеей, потому что мы не чувствуем, что земля движется не так ли.",это кажется разумной идеей потому что мы не чувствуем что земля движется не так ли,это кажется разумной идеей потому что мы не чувствуем что земля движется не так ли
1989,"Кроме того, он занимался гравюрным оттиском банкнот для многих стран. Недавние примеры его работ — портреты премьер-министра на лицевой стороне новых банкнот Канады номиналом 5 и 100 долларов.","Кроме того, он занимался гравёрным отиском Банкно для многих стран. Недавние примеры его работ портреты премьер-министра на лицевой стороне новых банкнотка Анады номиналом 5 и 100 долларов.",кроме того он занимался гравюрным оттиском банкнот для многих стран недавние примеры его работ портреты премьер министра на лицевой стороне новых банкнот канады номиналом 5 и 100 долларов,кроме того он занимался граверным отиском банкно для многих стран недавние примеры его работ портреты премьер министра на лицевой стороне новых банкнотка анады номиналом 5 и 100 долларов
1705,"15 августа 1940 года союзники вторглись в южную часть Франции. Вторжение получило название ""Операция ""Драгун"""".",15 августа 1940 года союзники вторглись в южную часть Франции. В торжении плочило название Операция Драгун.,15 августа 1940 года союзники вторглись в южную часть франции вторжение получило название операция драгун,15 августа 1940 года союзники вторглись в южную часть франции в торжении плочило название операция драгун
1852,"Надлежащее использование блогов может дать учащимся возможность стать более аналитичными и критичными. Путём активного отклика на интернет-материалы учащиеся могут определять свою позицию в контексте чужих работ, а также излагать свои собственные взгляды на конкретные вопросы (Оравек, 2002).","Назлежащие использования блогов может дать учащимся возможность стать более аналитичными и критичными. Путём активна открика на интернет материала, учащиеся могут определять свою позицию в контексте чушьих работы, а также излагать свои собственные взгляды на конкретные вопросы. — Аровек 2002.",надлежащее использование блогов может дать учащимся возможность стать более аналитичными и критичными путем активного отклика на интернет материалы учащиеся могут определять свою позицию в контексте чужих работ а также излагать свои собственные взгляды на конкретные вопросы оравек 2002,назлежащие использования блогов может дать учащимся возможность стать более аналитичными и критичными путем активна открика на интернет материала учащиеся могут определять свою позицию в контексте чушьих работы а также излагать свои собственные взгляды на конкретные вопросы аровек 2002
1987,"Падение произошло в высокогорье, и, как полагают, стало результатом вражеского огня.","Подение произошло в Высокого Гори, и, как полагают, стало результатом вражеского огня.",падение произошло в высокогорье и как полагают стало результатом вражеского огня,подение произошло в высокого гори и как полагают стало результатом вражеского огня
1741,"Большие области далее к северу довольно редко заселены, а некоторые из них – практически незаселённая глушь.","Большие области дали к северу довольно редко заселены, а некоторые из них – практически незаселённая глушь.",большие области далее к северу довольно редко заселены а некоторые из них практически незаселенная глушь,большие области дали к северу довольно редко заселены а некоторые из них практически незаселенная глушь
1725,"Серия ASUS Eee PC, ранее представленная во всём мире с ориентацией на такие факторы, как экономия средств и функциональность, стала горячей темой во время месяца информационных технологий в Тайбэе в 2007 году.","Сирия ASUS eEPC ранее представлены во всём мире с реинтацией на такие факторы, как экономия средств и функционализма стала горячей темой во время месяц информационных технологий в Тайбэе в 2007 году.",серия asus eee pc ранее представленная во всем мире с ориентацией на такие факторы как экономия средств и функциональность стала горячей темой во время месяца информационных технологий в тайбэе в 2007 году,сирия asus eepc ранее представлены во всем мире с реинтацией на такие факторы как экономия средств и функционализма стала горячей темой во время месяц информационных технологий в тайбэе в 2007 году
1796,"Этот осадок требовался для формирования пляжей и песчаных отмелей, являвшихся местом обитания диких животных.","Этот асадок требовался для формирования пляжи и пещаных отмелей, являющихся местом обитания диких животных.",этот осадок требовался для формирования пляжей и песчаных отмелей являвшихся местом обитания диких животных,этот асадок требовался для формирования пляжи и пещаных отмелей являющихся местом обитания диких животных
1703,"Вчера Мартейи привёл к присяге новый Временный избирательный совет (ВИС), состоящий из девяти участников.","Вчера Мартей привел к присяге новый временный избирательный совет Вис, состоящий из девяти участников.",вчера мартейи привел к присяге новый временный избирательный совет вис состоящий из девяти участников,вчера мартей привел к присяге новый временный избирательный совет вис состоящий из девяти участников
1878,"Центр церковной власти базировался в Риме на протяжении более тысячи лет, и такое сосредоточение могущества и богатства привело к тому, что многие усомнились, а соблюдается ли этот догмат.","Центр церковной власти базировался в Риме на протяжении более 1000 лет, и такое сосредоточение могущества и богатства привело к тому, что многие усомнились, особлюдаются ли это догмат.",центр церковной власти базировался в риме на протяжении более тысячи лет и такое сосредоточение могущества и богатства привело к тому что многие усомнились а соблюдается ли этот догмат,центр церковной власти базировался в риме на протяжении более 1000 лет и такое сосредоточение могущества и богатства привело к тому что многие усомнились особлюдаются ли это догмат
1961,"Одним из наиболее распространённых методов, используемых для иллюстрации важности социализации, является иллюстрация нескольких прискорбных случаев, когда дети из-за отсутствия должного внимания, неудачного стечения обстоятельств или умышленного жестокого обращения не контактировали со взрослыми во время своего взросления.","Одним из наиболее распространённых методов, используемых для иллюстрации в важности социализации, является иллюстрация нескольких прискорбных случаев, когда дети из-за отсутствия должного внимания, неудачного сничейня обстоятельств или умышленного жестокого обращения, не контактировали с взрослыми во время своего возросления.",одним из наиболее распространенных методов используемых для иллюстрации важности социализации является иллюстрация нескольких прискорбных случаев когда дети из за отсутствия должного внимания неудачного стечения обстоятельств или умышленного жестокого обращения не контактировали со взрослыми во время своего взросления,одним из наиболее распространенных методов используемых для иллюстрации в важности социализации является иллюстрация нескольких прискорбных случаев когда дети из за отсутствия должного внимания неудачного сничейня обстоятельств или умышленного жестокого обращения не контактировали с взрослыми во время своего возросления
1686,"В итоге сплочённая работа организации с целью преодолеть препятствие может привести к новому инновационному процессу, который будет отвечать интересам клиента.","В итоге, сплаченная работа организации с целью преодолеть препятствия может привести к новому инновационному процессу, который будет отвечать интересам клиента.",в итоге сплоченная работа организации с целью преодолеть препятствие может привести к новому инновационному процессу который будет отвечать интересам клиента,в итоге сплаченная работа организации с целью преодолеть препятствия может привести к новому инновационному процессу который будет отвечать интересам клиента
1888,"Шок по возвращении в родную страну наступает раньше, чем культурный шок (здесь более короткий романтичный период), длится дольше и может быть более тяжёлым.","Шок по возвращению в родную страну наступает раньше, чем культурный шок. Здесь более короткий романтичный период длится дольше и может быть более тяжелым.",шок по возвращении в родную страну наступает раньше чем культурный шок здесь более короткий романтичный период длится дольше и может быть более тяжелым,шок по возвращению в родную страну наступает раньше чем культурный шок здесь более короткий романтичный период длится дольше и может быть более тяжелым
1903,"Когда все доступные ресурсы эффективно используются во всех функциональных подразделениях организации, то могут проявиться креативность и изобретательность.","Когда все доступные ресурсы эффективно используются во всех функциональных подразделениях организации, то могут проявиться креативности и изобретательности.",когда все доступные ресурсы эффективно используются во всех функциональных подразделениях организации то могут проявиться креативность и изобретательность,когда все доступные ресурсы эффективно используются во всех функциональных подразделениях организации то могут проявиться креативности и изобретательности
1815,"Атомная бомба работает на том принципе, что для того, чтобы много протонов и нейтронов находились в одном ядре, необходима энергия.","Атомная бомба работает на том принципе, что для того, чтобы много протонов и нейтронов находились в одном ядре необходимая энергия.",атомная бомба работает на том принципе что для того чтобы много протонов и нейтронов находились в одном ядре необходима энергия,атомная бомба работает на том принципе что для того чтобы много протонов и нейтронов находились в одном ядре необходимая энергия
1974,"Аналогично, мужчины должны носить брюки, которые бы закрывали колени.","Аналогично, мужчины должны носить брюки, которые бы закрывали коление.",аналогично мужчины должны носить брюки которые бы закрывали колени,аналогично мужчины должны носить брюки которые бы закрывали коление
1691,"На некоторых маршрутах  у более крупных компаний есть свои собственные самолёты, но для других маршрутов и более мелких компаний с этим была проблема.","На некоторых маршрутах у более крупных компаний есть свои собственные самолёты, но для других маршрутов и более мелких компаний с этим была проблема.",на некоторых маршрутах у более крупных компаний есть свои собственные самолеты но для других маршрутов и более мелких компаний с этим была проблема,на некоторых маршрутах у более крупных компаний есть свои собственные самолеты но для других маршрутов и более мелких компаний с этим была проблема
1890,Большинство современных исследовательских телескопов — это огромные сооружения в удаленных местах с благоприятными атмосферными условиями.,Большинство современных исследовательских телескопов — это огромные сооружения в удалённых местах с благоприятными атмосферными условиями.,большинство современных исследовательских телескопов это огромные сооружения в удаленных местах с благоприятными атмосферными условиями,большинство современных исследовательских телескопов это огромные сооружения в удаленных местах с благоприятными атмосферными условиями
1885,Между 10:00 и 11:00 вечера по горному времени заключенные устроили пожар во дворе.,Между 10 и 11 вечера по горному времени заключенные устроили пожар во дворе.,между 10 00 и 11 00 вечера по горному времени заключенные устроили пожар во дворе,между 10 и 11 вечера по горному времени заключенные устроили пожар во дворе
1990,"Блоги также могут улучшить навыки письма у учащихся. Хотя учащиеся часто начинают свой блог используя неряшливую грамматику и орфографию, это как правило меняется из-за присутствия аудитории.","Блоги также могут улучшить навыки письма участщикся, хотя учащися часто начинают своего блога используя нерешливо грамматику и орфографию, это как правило меняется из-за присутствия аудитории.",блоги также могут улучшить навыки письма у учащихся хотя учащиеся часто начинают свой блог используя неряшливую грамматику и орфографию это как правило меняется из за присутствия аудитории,блоги также могут улучшить навыки письма участщикся хотя учащися часто начинают своего блога используя нерешливо грамматику и орфографию это как правило меняется из за присутствия аудитории
1767,"Это представляет хорошую возможность увидеть северное сияние, потому что небо будет более или менее тёмным круглые сутки.","Это представляет хорошей возможность увидеть северное сияние, потому что небо будет более или менее тёмным круглые сутки.",это представляет хорошую возможность увидеть северное сияние потому что небо будет более или менее темным круглые сутки,это представляет хорошей возможность увидеть северное сияние потому что небо будет более или менее темным круглые сутки
1929,"Дель Потро имел раннее преимущество во втором сете, но это также потребовало тай-брейка после достижения 6-6.","Дальпотро имел раннее преимущество во втором сети, но это также потребовало тайбрейка после достижения 66.6%.",дель потро имел раннее преимущество во втором сете но это также потребовало тай брейка после достижения 6 6,дальпотро имел раннее преимущество во втором сети но это также потребовало тайбрейка после достижения 66 6
2007,"По оценке начальника Инженерных войск США, 6 дюймов дождевых осадков могли прорвать поврежденные ранее дамбы.","По оценке начальника, инженерных войск США, шесть дюймов, дождевых осадков могли прорвать повреждённые ранее дамбы.",по оценке начальника инженерных войск сша 6 дюймов дождевых осадков могли прорвать поврежденные ранее дамбы,по оценке начальника инженерных войск сша шесть дюймов дождевых осадков могли прорвать поврежденные ранее дамбы
2005,"Но еще можно многое сказать о птицах, которые всё ещё выглядят как динозавры.","Но еще многое можно сказать о птицах, которые все еще выглядят как динозавры.",но еще можно многое сказать о птицах которые все еще выглядят как динозавры,но еще многое можно сказать о птицах которые все еще выглядят как динозавры
1907,Вскоре после начала военных действий Британия устроила морскую блокаду Германии.,Скоря после начала военных действий Британия устроила морскую блокаду Германии.,вскоре после начала военных действий британия устроила морскую блокаду германии,скоря после начала военных действий британия устроила морскую блокаду германии
1750,Находка также позволяет ознакомиться с эволюцией перьев у птиц.,Находка также позволяет ознакомиться с эволюцией перевптиц.,находка также позволяет ознакомиться с эволюцией перьев у птиц,находка также позволяет ознакомиться с эволюцией перевптиц
1811,Стандарт 802.11n работает на обоих частотах – 2.4 ГГц и 5.0 ГГц.,Стандарт 802.11n работает на боях частотах 2.4 ГГц и 5.0 ГГц.,стандарт 802 11n работает на обоих частотах 2 4 ггц и 5 0 ггц,стандарт 802 11n работает на боях частотах 2 4 ггц и 5 0 ггц
1845,"Они вернулись в Париж в карете, окружённые толпой людей, которые выкрикивали угрозы королю и королеве.","Они вернулись в Париж в Карете, укруженной толпой людей, которые выгрекали угрозы Королю и Королевия.",они вернулись в париж в карете окруженные толпой людей которые выкрикивали угрозы королю и королеве,они вернулись в париж в карете укруженной толпой людей которые выгрекали угрозы королю и королевия
1711,"Эти теории обращаются к тому, что же заставляет конкретных людей хотеть делать то, что они делают, и что их  окружении заставляет делать или не делать определённые вещи.","Эти теории обращаются к тому, что же заставляет конкретных людей хотеть делать то, что они делают и что их окружений заставляют делать или не делать определённые вещи.",эти теории обращаются к тому что же заставляет конкретных людей хотеть делать то что они делают и что их окружении заставляет делать или не делать определенные вещи,эти теории обращаются к тому что же заставляет конкретных людей хотеть делать то что они делают и что их окружений заставляют делать или не делать определенные вещи
1911,"Аналогичным образом, если у вас есть шенгенская виза, вам не нужно подавать заявление на получение визы в каждую из стран-участниц Шенгенского соглашения отдельно, что позволит вам сэкономить время и деньги, а также избежать бумажной волокиты.","Оналогичным образом, если у вас есть шингенская виза, вам не нужно подавать заявление на получение визов каждую из страны участниц шингенского соглашения отдельно, что позволит вам сэкономить время и деньги, а также избежать бумажные волокиты.",аналогичным образом если у вас есть шенгенская виза вам не нужно подавать заявление на получение визы в каждую из стран участниц шенгенского соглашения отдельно что позволит вам сэкономить время и деньги а также избежать бумажной волокиты,оналогичным образом если у вас есть шингенская виза вам не нужно подавать заявление на получение визов каждую из страны участниц шингенского соглашения отдельно что позволит вам сэкономить время и деньги а также избежать бумажные волокиты
1764,"Количество присутствующих было настолько велико, что не все смогли попасть на площадь Святого Петра, где проходили похороны.","Количество присутствующих было на столько влеко, что они все смогли попасть на площадь свтового педра, где проходили похороны.",количество присутствующих было настолько велико что не все смогли попасть на площадь святого петра где проходили похороны,количество присутствующих было на столько влеко что они все смогли попасть на площадь свтового педра где проходили похороны
1996,"Австралиец Митчелл Гурли пришел к финишу одиннадцатым в соревнованиях по супергиганту для мужчин в классе ""стоя"". Чех Олдрич Елинек пришел к финишу шестнадцатым в соревнованиях по супергиганту для мужчин в классе ""сидя"".",Астролиз Митчалгурли пришел к финишу 11-м в соревнованиях по супергиганту или мужчин в классе стоя. Чех Олдрич Еленек пришел к финишу 16-м в соревнованиях по супергиганту или мужчин в классе сиде.,австралиец митчелл гурли пришел к финишу одиннадцатым в соревнованиях по супергиганту для мужчин в классе стоя чех олдрич елинек пришел к финишу шестнадцатым в соревнованиях по супергиганту для мужчин в классе сидя,астролиз митчалгурли пришел к финишу 11 м в соревнованиях по супергиганту или мужчин в классе стоя чех олдрич еленек пришел к финишу 16 м в соревнованиях по супергиганту или мужчин в классе сиде
2009,"Наиболее доступными растительными ресурсами были бы белки, находящиеся в листьях и бобовых, но они плохо усваиваются такими приматами, как мы, если их не готовить.","Наиболее доступными растительными ресурсами были бы белки, находящиеся в листьях и бобовах, но неплохо усваиваются такими приматами, как мы, если их не готовить.",наиболее доступными растительными ресурсами были бы белки находящиеся в листьях и бобовых но они плохо усваиваются такими приматами как мы если их не готовить,наиболее доступными растительными ресурсами были бы белки находящиеся в листьях и бобовах но неплохо усваиваются такими приматами как мы если их не готовить
1878,"Центр церковной власти базировался в Риме на протяжении более тысячи лет, и такое сосредоточение могущества и богатства привело к тому, что многие усомнились, а соблюдается ли этот догмат.","Центр церковной власти базировался время на протяжении более тысячи лет, и такое сосредоточение могущества и богатства привело к тому, что многие усомнились, особлюдаются ли этот догмат.",центр церковной власти базировался в риме на протяжении более тысячи лет и такое сосредоточение могущества и богатства привело к тому что многие усомнились а соблюдается ли этот догмат,центр церковной власти базировался время на протяжении более тысячи лет и такое сосредоточение могущества и богатства привело к тому что многие усомнились особлюдаются ли этот догмат
1831,"Национальный парк Плитвицкие озёра сильно зарос лесом, в основном буками, елями и пихтами, и представляет собой смесь альпийской и средиземноморской растительности.","Национальный парк Плетвийцкие озера сильно зарослесом в основном буквами, елами и пихтами, и представляет собой смесь альпийской и средиземноморской растительности.",национальный парк плитвицкие озера сильно зарос лесом в основном буками елями и пихтами и представляет собой смесь альпийской и средиземноморской растительности,национальный парк плетвийцкие озера сильно зарослесом в основном буквами елами и пихтами и представляет собой смесь альпийской и средиземноморской растительности
1695,"Простым и популярным блюдом на обед, особенно в летнее время, является Па-амб-оли: хлеб с оливковым маслом, помидорами и любой имеющейся начинкой, такой как сыр, тунец и т. д.","Простым и популярным блюдом на обед особенно в летнее время является Pamp Oli, хлеб с оливковым маслом, помидорами и любой имеющийся начинкой такой как сыр, тунец и так далее.",простым и популярным блюдом на обед особенно в летнее время является па амб оли хлеб с оливковым маслом помидорами и любой имеющейся начинкой такой как сыр тунец и т д,простым и популярным блюдом на обед особенно в летнее время является pamp oli хлеб с оливковым маслом помидорами и любой имеющийся начинкой такой как сыр тунец и так далее
1663,Долина Кочамо – главное направление в Чили для альпинизма. Она известна как Йосмит Южной Америки и имеет большое количество больших гранитных стен и скал.,Долина Качама — главный направление в черед для альпинизма. Она известна как Йосмит Южной Америки и имеет большое количество больших гранитных стен на скал.,долина кочамо главное направление в чили для альпинизма она известна как йосмит южной америки и имеет большое количество больших гранитных стен и скал,долина качама главный направление в черед для альпинизма она известна как йосмит южной америки и имеет большое количество больших гранитных стен на скал
1797,Каждый является членом общества и использует транспортные системы. Практически каждый жалуется на эти систем.,Каждый является членом общества и использует транспортные системы. Практически каждый жалуется на эти системы.,каждый является членом общества и использует транспортные системы практически каждый жалуется на эти систем,каждый является членом общества и использует транспортные системы практически каждый жалуется на эти системы
1858,"Даниэль Лантань, эксперт ООН по вопросам данной болезни, заявила, что вспышка, вероятно, была вызвана миротворцами.","Даниэль Ланталь, эксперт оон по вопросам данной болезни, заявила, что вспышка, вероятно, была вызванная отворцами.",даниэль лантань эксперт оон по вопросам данной болезни заявила что вспышка вероятно была вызвана миротворцами,даниэль ланталь эксперт оон по вопросам данной болезни заявила что вспышка вероятно была вызванная отворцами
1703,"Вчера Мартейи привёл к присяге новый Временный избирательный совет (ВИС), состоящий из девяти участников.","Вчера Мартей привел к присяге Новое временное избирательный совет VICE, состоящий из девяти участников.",вчера мартейи привел к присяге новый временный избирательный совет вис состоящий из девяти участников,вчера мартей привел к присяге новое временное избирательный совет vice состоящий из девяти участников
1832,"В популярные виды спорта входят футбол, баскетбол, волейбол, водное поло, фехтование, регби, велоспорт, хоккей на льду, хоккей на роликах и автогонки ""Формулы-1"".","В популярные виды спорта входят в футбол, баскетбол, валебол, воднопола, фехтование регби, велоспорт, хакин-альду, хакин-нороликах и автогонки формулы 1.",в популярные виды спорта входят футбол баскетбол волейбол водное поло фехтование регби велоспорт хоккей на льду хоккей на роликах и автогонки формулы 1,в популярные виды спорта входят в футбол баскетбол валебол воднопола фехтование регби велоспорт хакин альду хакин нороликах и автогонки формулы 1
1922,"Конечно же, эта традиция имеет христианское теологическое объяснение, но это вполне может быть и дохристианский ритуал весны и плодородия.","Конечно же! Это традиция имеет христианское теологическое объяснение, но это вполне может быть ито христианский ритуал висны и плодородия.",конечно же эта традиция имеет христианское теологическое объяснение но это вполне может быть и дохристианский ритуал весны и плодородия,конечно же это традиция имеет христианское теологическое объяснение но это вполне может быть ито христианский ритуал висны и плодородия
1737,"Львы — самые социальные кошки, живущие в больших группах, которые называются прайдами.","Пльвы — самые социальные кошки, живущие в больших группах, которые называются прайдами.",львы самые социальные кошки живущие в больших группах которые называются прайдами,пльвы самые социальные кошки живущие в больших группах которые называются прайдами
1851,"Отбойное течение — течение, создаваемое волнами, которые разбиваются о берег, или иногда об риф или что-то подобное.","Одбойное течение течение создаваемое волными, которые разбиваются оберек, или иногда обрив или что-то подобное.",отбойное течение течение создаваемое волнами которые разбиваются о берег или иногда об риф или что то подобное,одбойное течение течение создаваемое волными которые разбиваются оберек или иногда обрив или что то подобное
1667,"Как правило, могут проявляться два типа поведения когда менеджеры начинают руководить людьми, ранее равными им по статусу. Одна крайность спектра – это попытка оставаться ""своим парнем"" (или девушкой).","Как правило, могут проявляться два типа поведения, когда менеджера начинают руководить людьми ранее равными им по статусу, одна крайная спектра — это попытка оставаться с выым парнем или девушкой.",как правило могут проявляться два типа поведения когда менеджеры начинают руководить людьми ранее равными им по статусу одна крайность спектра это попытка оставаться своим парнем или девушкой,как правило могут проявляться два типа поведения когда менеджера начинают руководить людьми ранее равными им по статусу одна крайная спектра это попытка оставаться с выым парнем или девушкой
1785,"Скаффолдинг — это не метод обучения, а скорее форма помощи тем, кто проходит через новый опыт обучения, такой как использование новой компьютерной программы или начало нового проекта.","Скафолдинг это не метод обучения, скорее форма в помощи тем, кто проходит через новое опыт обучения, такой как использование новой кобитерной программы или начало нового проекта.",скаффолдинг это не метод обучения а скорее форма помощи тем кто проходит через новый опыт обучения такой как использование новой компьютерной программы или начало нового проекта,скафолдинг это не метод обучения скорее форма в помощи тем кто проходит через новое опыт обучения такой как использование новой кобитерной программы или начало нового проекта
1749,"Он находился под управлением ""вишистских"" французов. Эти французы, заключили мир с немцами в 1940 году и работали вместе с захватчиками вместо того, чтобы им противостоять.","Он находился под оправлением вишистских французов. Эти французы заключили мир с немцами в 1940 году и работали вместе за хвачками вместо того, чтобы им противостоять.",он находился под управлением вишистских французов эти французы заключили мир с немцами в 1940 году и работали вместе с захватчиками вместо того чтобы им противостоять,он находился под оправлением вишистских французов эти французы заключили мир с немцами в 1940 году и работали вместе за хвачками вместо того чтобы им противостоять
1668,"Также может быть выгодно купить Wild Card, которая позволяет посещать национальные парки ЮАР либо выборочно, либо все.","Также может быть выгодно купить WildCard, который позволяет посещать национальной парке Юар, либо выборочно, либо все.",также может быть выгодно купить wild card которая позволяет посещать национальные парки юар либо выборочно либо все,также может быть выгодно купить wildcard который позволяет посещать национальной парке юар либо выборочно либо все
1794,"Цивилизация — это отдельная культура, носителями которой является достаточно большая группа людей, живущих и работающих вместе, общество.","Цивилизация — это отдельная культура, носителями которой является достаточно большая группа людей, живущих и работающих в обществе.",цивилизация это отдельная культура носителями которой является достаточно большая группа людей живущих и работающих вместе общество,цивилизация это отдельная культура носителями которой является достаточно большая группа людей живущих и работающих в обществе
1764,"Количество присутствующих было настолько велико, что не все смогли попасть на площадь Святого Петра, где проходили похороны.","Количество присутствующих было настолько велико, что они все смогли попасть на площадь Светого Петра, где проходили похороны.",количество присутствующих было настолько велико что не все смогли попасть на площадь святого петра где проходили похороны,количество присутствующих было настолько велико что они все смогли попасть на площадь светого петра где проходили похороны
1897,"На севере регион ограничен Сахелем, а на юге и западе — Атлантическим океаном.","На севере региона ограничен Сахелям, Аноюги и Западе Атлантическим океанам.",на севере регион ограничен сахелем а на юге и западе атлантическим океаном,на севере региона ограничен сахелям аноюги и западе атлантическим океанам
1726,"Учебные экскурсии очень важны для любого класса. Очень часто учителям хочется отвезти своих учеников туда, куда нельзя доехать на автобусе.","Учебные экскурсии очень важны для любого класса, очень часто учителям хочется отвести своих учеников туда, куда нельзя доехать на автобусе.",учебные экскурсии очень важны для любого класса очень часто учителям хочется отвезти своих учеников туда куда нельзя доехать на автобусе,учебные экскурсии очень важны для любого класса очень часто учителям хочется отвести своих учеников туда куда нельзя доехать на автобусе
1681,"Он, однако, не является единственным. Научные исследования также руководствуются экспериментированием (эксперимент — это проверка, используемая, чтобы исключить одну или более возможных гипотез), задаванием вопросов и проведением наблюдений.","Он однако не является единственным научным исследованием также руководствуется эксперимитированием. Эксперимент — это проверка используемая, чтобы исключить одну или более возможный кепотис, задаванием вопросов и проведением наблюдений.",он однако не является единственным научные исследования также руководствуются экспериментированием эксперимент это проверка используемая чтобы исключить одну или более возможных гипотез задаванием вопросов и проведением наблюдений,он однако не является единственным научным исследованием также руководствуется эксперимитированием эксперимент это проверка используемая чтобы исключить одну или более возможный кепотис задаванием вопросов и проведением наблюдений
1901,"Несмотря на то, что ИИ прочно ассоциируется с научной фантастикой, он формирует очень важное направление компьютерных наук, рассматривающее поведение и обучение машин и ""привитие"" им интеллекта.","Несмотря на то, что и-и-прочин ассоциируется с научной фантастикой, он формирует очень важные направления компьютерных наук, рассматривающие поведение и обучение машин и привитие им интеллекта.",несмотря на то что ии прочно ассоциируется с научной фантастикой он формирует очень важное направление компьютерных наук рассматривающее поведение и обучение машин и привитие им интеллекта,несмотря на то что и и прочин ассоциируется с научной фантастикой он формирует очень важные направления компьютерных наук рассматривающие поведение и обучение машин и привитие им интеллекта
1708,"Хьюн ушел в отставку, и в Кабинете министров его заменит член парламента Эд Дейви. Ожидается, что член парламента Норман Ламб займет принадлежащий Дейви пост Министра по делам бизнеса.","Хион ушел в отставку и в кабинете министров, его заменит член парламента Этт-Дэви, ожидается, что член парламента Норман Ламп займет принадлежащий Дэви пост министра пути лам бизнеса.",хьюн ушел в отставку и в кабинете министров его заменит член парламента эд дейви ожидается что член парламента норман ламб займет принадлежащий дейви пост министра по делам бизнеса,хион ушел в отставку и в кабинете министров его заменит член парламента этт дэви ожидается что член парламента норман ламп займет принадлежащий дэви пост министра пути лам бизнеса
1877,"Нынешняя сенатор и Первая леди Аргентины Кристина Фернандес де Киршнер анонсировала выдвижение своей кандидатуры на пост президента вчера вечером в Ла-Плате, городе в 50 километрах (31 милях) от Буэнос-Айреса.","Нынешняя синатор и первая леди аргентиной Кристина Фернандос Декиршнор анонсировала в движение свои кандидатуры на пост президента. Вчера вечером была плата. Городе в 50 км, 31 милях от Бэна Саэреса.",нынешняя сенатор и первая леди аргентины кристина фернандес де киршнер анонсировала выдвижение своей кандидатуры на пост президента вчера вечером в ла плате городе в 50 километрах 31 милях от буэнос айреса,нынешняя синатор и первая леди аргентиной кристина фернандос декиршнор анонсировала в движение свои кандидатуры на пост президента вчера вечером была плата городе в 50 км 31 милях от бэна саэреса
1796,"Этот осадок требовался для формирования пляжей и песчаных отмелей, являвшихся местом обитания диких животных.","Этот осадок требовался для формирования пляжи и пещаных отмели, являвшихся местом обитания диких животных.",этот осадок требовался для формирования пляжей и песчаных отмелей являвшихся местом обитания диких животных,этот осадок требовался для формирования пляжи и пещаных отмели являвшихся местом обитания диких животных
1798,"В начальный период своего существования это шоу транслировалось только на сайте давно существующего онлайн-радио TogiNet Radio, посвященного радиобеседам.","В начальной период своего существования эта шоу транслировалась только на сайте давно существующего онлайн радио Тоги нет радио, посвященного радиобеседам.",в начальный период своего существования это шоу транслировалось только на сайте давно существующего онлайн радио toginet radio посвященного радиобеседам,в начальной период своего существования эта шоу транслировалась только на сайте давно существующего онлайн радио тоги нет радио посвященного радиобеседам
1938,"В больнице был соблюден протокол инфекционного контроля, включая отдельное содержание пациента, чтобы предотвратить возможное заражение других пациентов.","В больнице был соблюдён протокол инфекционного контроля, включая отдельное содержание пациента, чтобы предотвратить возможные заражения других пациентов.",в больнице был соблюден протокол инфекционного контроля включая отдельное содержание пациента чтобы предотвратить возможное заражение других пациентов,в больнице был соблюден протокол инфекционного контроля включая отдельное содержание пациента чтобы предотвратить возможные заражения других пациентов
1793,"Если вы не привыкли ездить по сельским дорогам, будьте начеку: преобладают крутые склоны, узкие переулки и резкие повороты.","Если вы не привыкли ездить по сельским дорогам, будьте на чику. Приобладают крутые склоны, узкие переулки и резкие повороты.",если вы не привыкли ездить по сельским дорогам будьте начеку преобладают крутые склоны узкие переулки и резкие повороты,если вы не привыкли ездить по сельским дорогам будьте на чику приобладают крутые склоны узкие переулки и резкие повороты
1669,"Начальник полиции Чандра Шехар Соланки заявил, что обвиняемые были представлены перед судьями с закрытыми лицами.","Начальник полиции Чандра Шехар Саланки заявил, что обвиняемые были представлены перед судьями с закрытыми лицами.",начальник полиции чандра шехар соланки заявил что обвиняемые были представлены перед судьями с закрытыми лицами,начальник полиции чандра шехар саланки заявил что обвиняемые были представлены перед судьями с закрытыми лицами
1747,Коллеги-рестлеры тоже отдали Луне дань уважения.,Коллеги Реслеры тоже одри лунья дать уважения.,коллеги рестлеры тоже отдали луне дань уважения,коллеги реслеры тоже одри лунья дать уважения
1736,Роландо Мендоса выстреливал из своей винтовки М16 в туристов.,Арландо Ментоса выстреливал из своей винтовки M16 в туристов.,роландо мендоса выстреливал из своей винтовки м16 в туристов,арландо ментоса выстреливал из своей винтовки m16 в туристов
1857,"Он добавил, что ""их, однако, не следует просить брать на себя обязательства, которые выходят за рамки их стадии разработки, ответственности и возможностей"".","Он добавил, что их однако не следует просить брать на себя обязательства, которые выходят за ранки их стадии разработки ответственности и возможностей.",он добавил что их однако не следует просить брать на себя обязательства которые выходят за рамки их стадии разработки ответственности и возможностей,он добавил что их однако не следует просить брать на себя обязательства которые выходят за ранки их стадии разработки ответственности и возможностей
1983,"Слово ""цивилизация"" происходит от латинского civilis, что означает ""гражданский"" и является родственником латинских слов civis, означающего ""гражданин"", и civitas, означающего ""город"" или ""город-государство"", и оно также определенным образом выражает размер общества.","Слово цивилизация происходит от латинского цивилес, что означает гражданский, и является родственником латинских слов цивис, означающего гражданин и цивитус, означающего город или город-государства, и оно также определенным образом выражает размер общества.",слово цивилизация происходит от латинского civilis что означает гражданский и является родственником латинских слов civis означающего гражданин и civitas означающего город или город государство и оно также определенным образом выражает размер общества,слово цивилизация происходит от латинского цивилес что означает гражданский и является родственником латинских слов цивис означающего гражданин и цивитус означающего город или город государства и оно также определенным образом выражает размер общества
1925,"Проведенная работа была в основном теоретической, но программа была написана для имитации наблюдений галактики в Стрельце.","Проведенная работа была в основном теоретической, но программа была написана для имитации наблюдений галактики в стрельце.",проведенная работа была в основном теоретической но программа была написана для имитации наблюдений галактики в стрельце,проведенная работа была в основном теоретической но программа была написана для имитации наблюдений галактики в стрельце
1681,"Он, однако, не является единственным. Научные исследования также руководствуются экспериментированием (эксперимент — это проверка, используемая, чтобы исключить одну или более возможных гипотез), задаванием вопросов и проведением наблюдений.","Он, однако, не является единственным научным исследованием также руководствуется экспериментированием. Эксперимент — это проверка используемая, чтобы исключить одну или более возможный гепотис, задаванием вопросов и проведением наблюдений.",он однако не является единственным научные исследования также руководствуются экспериментированием эксперимент это проверка используемая чтобы исключить одну или более возможных гипотез задаванием вопросов и проведением наблюдений,он однако не является единственным научным исследованием также руководствуется экспериментированием эксперимент это проверка используемая чтобы исключить одну или более возможный гепотис задаванием вопросов и проведением наблюдений
1959,"Всё же следуйте рекомендациям органов власти, подчиняйтесь всем знакам и обратите пристальное внимание на предупреждения о безопасности.",Всё же следуйте рекомендациям органу власти. Подчиняйтесь всем знаком и обратите пристальное внимание на предупреждение о безопасности.,все же следуйте рекомендациям органов власти подчиняйтесь всем знакам и обратите пристальное внимание на предупреждения о безопасности,все же следуйте рекомендациям органу власти подчиняйтесь всем знаком и обратите пристальное внимание на предупреждение о безопасности
1812,"Несмотря на то, что нашлась экспериментальная вакцина, способная снизить смертность от вируса Эбола, пока еще ни одно лекарство не продемонстрировало явного эффекта в лечении существующей инфекции.","Несмотря на то, что нашлась экспериментальная вакцина, способна снизить смертность от вируса и бола, пока еще не одно лекарство не предемонстрировало явного эффекта в лечении существующей инфекции.",несмотря на то что нашлась экспериментальная вакцина способная снизить смертность от вируса эбола пока еще ни одно лекарство не продемонстрировало явного эффекта в лечении существующей инфекции,несмотря на то что нашлась экспериментальная вакцина способна снизить смертность от вируса и бола пока еще не одно лекарство не предемонстрировало явного эффекта в лечении существующей инфекции
1736,Роландо Мендоса выстреливал из своей винтовки М16 в туристов.,Роланда Мендоса выстреливал из своей винтовки M16 в туристов.,роландо мендоса выстреливал из своей винтовки м16 в туристов,роланда мендоса выстреливал из своей винтовки m16 в туристов
1960,"По сообщениям ему было от 20-ти до 30-ти лет. В заявление Бибер сказал: ""Хотя я и не присутствовал при трагическом инциденте и не был вовлечён в него напрямую, мои мысли и молитвы с семьёй жертвы"".","По сообщениям ему было от 20 до 30 лет. В заявлении Бибер сказал, хотя я и не присутствовал при трогической монциденте и не было вовлечён в него напрямую, мои мысли молитвы семьёй жертвы.",по сообщениям ему было от 20 ти до 30 ти лет в заявление бибер сказал хотя я и не присутствовал при трагическом инциденте и не был вовлечен в него напрямую мои мысли и молитвы с семьей жертвы,по сообщениям ему было от 20 до 30 лет в заявлении бибер сказал хотя я и не присутствовал при трогической монциденте и не было вовлечен в него напрямую мои мысли молитвы семьей жертвы
1902,Первоначально он был госпитализирован в госпитале Джеймса Педжета в Грейт-Ярмуте.,Первоначально он был госпитализирован в госпитале Джеймса Педжито в Грейд Ярмуте.,первоначально он был госпитализирован в госпитале джеймса педжета в грейт ярмуте,первоначально он был госпитализирован в госпитале джеймса педжито в грейд ярмуте
1664,"Получите новую смесь, перемешав два сухих порошка в одной емкости, а затем чистыми влажными руками слепите из этой смеси шарик.","Получите новую смесь. Перемеша в два сахих порожка в одной емкости, а затем чистыми влаженными руками слепите из этой смеси шарик.",получите новую смесь перемешав два сухих порошка в одной емкости а затем чистыми влажными руками слепите из этой смеси шарик,получите новую смесь перемеша в два сахих порожка в одной емкости а затем чистыми влаженными руками слепите из этой смеси шарик
1875,"Целые 20 процентов воды, поступаемой из рек нашей планеты в океаны, текут из Амазонки.","1,2% воды, поступаемо из рек нашей планеты в океаны, Текут и Самазонки.",целые 20 процентов воды поступаемой из рек нашей планеты в океаны текут из амазонки,1 2 воды поступаемо из рек нашей планеты в океаны текут и самазонки
1913,"Тигриный рык не похож на полнозвучный рык льва, а больше напоминает выкрикивание предложений из неразборчивых слов.","Тигриный рык — непохожий наполнозвучный рык льва, а почвенно напоминает выкрикевание предложений из неразборчивых слов.",тигриный рык не похож на полнозвучный рык льва а больше напоминает выкрикивание предложений из неразборчивых слов,тигриный рык непохожий наполнозвучный рык льва а почвенно напоминает выкрикевание предложений из неразборчивых слов
1936,"Перри заявил, что вернётся в Техас, ""чтобы оценить результаты сегодняшнего партийного собрания и определить, стоит ли мне продолжать гонку"", но позже сказал, что он её продолжит и будет участвовать в предварительных выборах в Южной Каролине 21 января.","Пери заявил, что вернётся в Техас, чтобы оценить результаты сегодняшнего партиенного собрания и определить, стоит ли мне продолжать гонку, но позже сказал, что он её продолжит и будет участвовать в предварительных выборах в Южной Королине 21 января.",перри заявил что вернется в техас чтобы оценить результаты сегодняшнего партийного собрания и определить стоит ли мне продолжать гонку но позже сказал что он ее продолжит и будет участвовать в предварительных выборах в южной каролине 21 января,пери заявил что вернется в техас чтобы оценить результаты сегодняшнего партиенного собрания и определить стоит ли мне продолжать гонку но позже сказал что он ее продолжит и будет участвовать в предварительных выборах в южной королине 21 января
1892,"Это место, которое британские колонизаторы забрали себе, и если вы ищете доказательства колониального прошлого территории, то это хорошее место для начала.","Это место, которое британский колонизатор и забрали себе, и если вы ищете доказательство колониального прошлого территории, то это хорошее место для начала.",это место которое британские колонизаторы забрали себе и если вы ищете доказательства колониального прошлого территории то это хорошее место для начала,это место которое британский колонизатор и забрали себе и если вы ищете доказательство колониального прошлого территории то это хорошее место для начала
1874,"Многие считали, что он прав, но многие верили в противоположное: что Солнечная система вращается вокруг Земли, включая Солнце (и даже другие звезды).","Многие считали, что он прав, но многие верили в противоположное, что осолвничная система обращается вокруг Земли, включая солнца и даже другие звёзды.",многие считали что он прав но многие верили в противоположное что солнечная система вращается вокруг земли включая солнце и даже другие звезды,многие считали что он прав но многие верили в противоположное что осолвничная система обращается вокруг земли включая солнца и даже другие звезды
1727,"Дети, живущие на улицах, возможно, пережили тяжёлые формы насилия или травмирования до того, как убежать или быть брошенными.","Дети, живущие на улицах, возможно, пережили тяжелые формы насилия или травмирования до того, как убежать или быть брошенными.",дети живущие на улицах возможно пережили тяжелые формы насилия или травмирования до того как убежать или быть брошенными,дети живущие на улицах возможно пережили тяжелые формы насилия или травмирования до того как убежать или быть брошенными
1977,"В состав прайда входит от одного до трех взрослых самцов, находящихся в родстве, а также самок и детенышей, число которых может доходить до тридцати.","Состав Прайда входит от одного до трёх взрослых санцов, находящихся в родстве, а также самок и детёныший, число которых может доходить до 30-ти.",в состав прайда входит от одного до трех взрослых самцов находящихся в родстве а также самок и детенышей число которых может доходить до тридцати,состав прайда входит от одного до трех взрослых санцов находящихся в родстве а также самок и детеныший число которых может доходить до 30 ти
1821,Взаимосвязь между патологией мозга и поведением используется учёными в их исследованиях.,Взаимосвязь между патологией мозга и поведением используются учёными в их исследованиях.,взаимосвязь между патологией мозга и поведением используется учеными в их исследованиях,взаимосвязь между патологией мозга и поведением используются учеными в их исследованиях
1787,"Блоггерство является инструментом, стимулирующим сотрудничество, и оно мотивирует учащихся распространить процесс приобретения знаний далеко за пределы традиционного учебного дня.","Блогерство является инструментом, стимулирующим сотрудничество, и оно мотивирует учащищащища, распространить процесс приобретения знаний далеко за пределы традиционного учебного дня.",блоггерство является инструментом стимулирующим сотрудничество и оно мотивирует учащихся распространить процесс приобретения знаний далеко за пределы традиционного учебного дня,блогерство является инструментом стимулирующим сотрудничество и оно мотивирует учащищащища распространить процесс приобретения знаний далеко за пределы традиционного учебного дня
1671,"Конгресс начал финансировать инициативу по борьбе с развратом в 2005 налоговом году и определил, что ФБР должно выделить 10 агентов на борьбу со взрослой порнографией.","Конгресс начал финансировать инициативу по борьбе с развратом в 2005 на логовом году, и определял, что ФБР должно выделить 10 агентов на борьбу со взрослой парнографии.",конгресс начал финансировать инициативу по борьбе с развратом в 2005 налоговом году и определил что фбр должно выделить 10 агентов на борьбу со взрослой порнографией,конгресс начал финансировать инициативу по борьбе с развратом в 2005 на логовом году и определял что фбр должно выделить 10 агентов на борьбу со взрослой парнографии
1780,"Энергия кундалини (энергия просветления) в кундалини-йоге пробуждается через позы йоги, дыхательные упражнения, мантры и визуализации.","Энергия кундалини — энергия просветления в кундалине Йоги, пробуждается через пози Йоги, дыхательные упражнения, мантры и визуализации.",энергия кундалини энергия просветления в кундалини йоге пробуждается через позы йоги дыхательные упражнения мантры и визуализации,энергия кундалини энергия просветления в кундалине йоги пробуждается через пози йоги дыхательные упражнения мантры и визуализации
1837,"Либеральная критика усилий по восстановлению сосредоточивалась на том, что контракты на восстановительные работы отдавались предположительно имеющим связи с правительством.","Либеральная критика усилий по восстановлению сосредоточивалась на том, что контракты на восстановительные работы отдавались предположительно имеющим связи с правительством.",либеральная критика усилий по восстановлению сосредоточивалась на том что контракты на восстановительные работы отдавались предположительно имеющим связи с правительством,либеральная критика усилий по восстановлению сосредоточивалась на том что контракты на восстановительные работы отдавались предположительно имеющим связи с правительством
1937,"Однако эти планы стали неактуальны практически за ночь, когда около 800 000 солдат из советской Красной армии образовали Белорусский и Украинский фронты после захвата восточных регионов Польши в нарушение Рижского мирного соглашения, Советско-Польского пакта о ненападении, и других международных соглашений, двусторонних и многосторонних.","Однако эти планы стали неактуальны практически за ночь, когда около 800 000 солдат и советской Красноармия образовали белорусские украинские фронты после захвата восточных регионов Польши в нарушение рижского мирного соглашения. Советская Польшова пакта, они нападение и других международных соглашений, двусторонних и многосторонных.",однако эти планы стали неактуальны практически за ночь когда около 800 000 солдат из советской красной армии образовали белорусский и украинский фронты после захвата восточных регионов польши в нарушение рижского мирного соглашения советско польского пакта о ненападении и других международных соглашений двусторонних и многосторонних,однако эти планы стали неактуальны практически за ночь когда около 800 000 солдат и советской красноармия образовали белорусские украинские фронты после захвата восточных регионов польши в нарушение рижского мирного соглашения советская польшова пакта они нападение и других международных соглашений двусторонних и многосторонных
1947,"До прибытия войск государство Гаити не сталкивалось с проблемами, касающимися данного заболевания, с начала 19 века.","До прибытия войск государство в Гаити не сталкивалось с проблемами, касающимися данного заболевания сначала XIX века.",до прибытия войск государство гаити не сталкивалось с проблемами касающимися данного заболевания с начала 19 века,до прибытия войск государство в гаити не сталкивалось с проблемами касающимися данного заболевания сначала xix века
1714,"Спутник был доставлен в космос ракетой. Ученые используют телескопы в космосе, потому что атмосфера Земли в некоторой степени искажает наш свет и обзор.","Спутник был доставлен в космос ракетой. Учёные используют телескопы в космосе, потому что атмосфера замели в некоторой степени и скажает наш свет и обзор.",спутник был доставлен в космос ракетой ученые используют телескопы в космосе потому что атмосфера земли в некоторой степени искажает наш свет и обзор,спутник был доставлен в космос ракетой ученые используют телескопы в космосе потому что атмосфера замели в некоторой степени и скажает наш свет и обзор
1753,"Пускай часто это всего лишь ложный стереотип, всё же лучший способ преуспеть в Париже — это вести себя наилучшим образом, как ""bien élevé"" (хорошо воспитанный) человек. Это значительно облегчит адаптацию в этом городе.","Пускать часто это всего лишь сложный стереотип, всё же лучший способ приоспеть в Париже — это вести себя наилучшим образом как хороший и воспитанный человек, это значительно облечит адаптосию в этом городе.",пускай часто это всего лишь ложный стереотип все же лучший способ преуспеть в париже это вести себя наилучшим образом как bien élevé хорошо воспитанный человек это значительно облегчит адаптацию в этом городе,пускать часто это всего лишь сложный стереотип все же лучший способ приоспеть в париже это вести себя наилучшим образом как хороший и воспитанный человек это значительно облечит адаптосию в этом городе
1720,"Горячий шоколад отвечает стандартам Бельгии. Хотя фруктовые соки стоят дорого, они имеют превосходное качество.","Горячий шоколад отвечает стандартам Бельгии. Хотя фрукту высоки стоят дорого, они имеют при вас сходное качество.",горячий шоколад отвечает стандартам бельгии хотя фруктовые соки стоят дорого они имеют превосходное качество,горячий шоколад отвечает стандартам бельгии хотя фрукту высоки стоят дорого они имеют при вас сходное качество
1969,"Оно гласит, что лучше всего помещать главный объект на пересечении линий, делящих изображение на три части по вертикали и по горизонтали (см. пример).","Он огласит, что лучше всего помещать главный объект на пересечении линий, делящих изображения на три части, по вертикали и горизонтали, смотреть пример.",оно гласит что лучше всего помещать главный объект на пересечении линий делящих изображение на три части по вертикали и по горизонтали см пример,он огласит что лучше всего помещать главный объект на пересечении линий делящих изображения на три части по вертикали и горизонтали смотреть пример
1861,"В результате актёры курят косяки с марихуаной на сцене, и сам театр поощряет публику присоединиться.",В результате актеры курят коси-кис Марихуанной на сцене и сам театр поочеряет публику присоединиться.,в результате актеры курят косяки с марихуаной на сцене и сам театр поощряет публику присоединиться,в результате актеры курят коси кис марихуанной на сцене и сам театр поочеряет публику присоединиться
1737,"Львы — самые социальные кошки, живущие в больших группах, которые называются прайдами.","Львы – самые социальные кошки, живущие в больших группах, которые называются прайдами.",львы самые социальные кошки живущие в больших группах которые называются прайдами,львы самые социальные кошки живущие в больших группах которые называются прайдами
1839,"Представьте, что лыжный маршрут — это пешеходный маршрут.","Представьте, что лыжный маршрут — это пешеходный маршрут.",представьте что лыжный маршрут это пешеходный маршрут,представьте что лыжный маршрут это пешеходный маршрут
1663,Долина Кочамо – главное направление в Чили для альпинизма. Она известна как Йосмит Южной Америки и имеет большое количество больших гранитных стен и скал.,"Долина Кочамо — главное направление в Чили для алкпианизма, он известна как её смет Южной Америки и имеет большое количество большилых гранитных стен и скал.",долина кочамо главное направление в чили для альпинизма она известна как йосмит южной америки и имеет большое количество больших гранитных стен и скал,долина кочамо главное направление в чили для алкпианизма он известна как ее смет южной америки и имеет большое количество большилых гранитных стен и скал
1778,"В репортажах по телевидению сообщается  о белом дыме, идущем от завода.",В репортажах по телевидению сообщается о белом дыме идущем от завода.,в репортажах по телевидению сообщается о белом дыме идущем от завода,в репортажах по телевидению сообщается о белом дыме идущем от завода
1764,"Количество присутствующих было настолько велико, что не все смогли попасть на площадь Святого Петра, где проходили похороны.","Количество присутствующих было настолько велико, что нит все смогли попасть на площадь Светового Петра, где проходили похороны.",количество присутствующих было настолько велико что не все смогли попасть на площадь святого петра где проходили похороны,количество присутствующих было настолько велико что нит все смогли попасть на площадь светового петра где проходили похороны
1800,"Согласно плану мост полностью войдёт в эксплуатацию  в сентябре 2017 года, когда бразильские пункты таможенной проверки, как ожидается, будут завершены.","Согласно плану, мост полностью войдет в эксплуатацию в сентябре 2017 года, когда бразильские пункты таможенной проверки, как ожидается, будут завершены.",согласно плану мост полностью войдет в эксплуатацию в сентябре 2017 года когда бразильские пункты таможенной проверки как ожидается будут завершены,согласно плану мост полностью войдет в эксплуатацию в сентябре 2017 года когда бразильские пункты таможенной проверки как ожидается будут завершены
1945,Касабланка – одно из наименее интересных мест для шопинга во всем Марокко.,Касабланка – одно из наимене интересных мест для шопинга во всем Марокко.,касабланка одно из наименее интересных мест для шопинга во всем марокко,касабланка одно из наимене интересных мест для шопинга во всем марокко
1713,"Хоть Гома и является достаточно безопасным местом, следует заранее уточнять информацию насчёт любых поездок за пределы Гомы, чтобы понять, в каком состоянии находятся боевые действия, ведущиеся в провинции Северное Киву.","Хоть гомо является достаточно безопасным местом, следует заранее уточнять информацию насчёт любых поездок за пределы гомы, чтобы понять, в каком состоянии находится боевые действия, ведущиеся в провинции Северная Кива.",хоть гома и является достаточно безопасным местом следует заранее уточнять информацию насчет любых поездок за пределы гомы чтобы понять в каком состоянии находятся боевые действия ведущиеся в провинции северное киву,хоть гомо является достаточно безопасным местом следует заранее уточнять информацию насчет любых поездок за пределы гомы чтобы понять в каком состоянии находится боевые действия ведущиеся в провинции северная кива
1733,"Первой среди 78 рекомендаций является то, что следует реализовать новую дипломатическую инициативу до конца этого года для укрепления иракских границ, чтобы не допустить враждебного вмешательства, а также для возобновления дипломатических отношений с соседями.","Первая среди 78-й рекомендации является то, что следует реализовать новую дипломатическую инициативу до конца этого года для укрепления иракский границ, чтобы не допустить враждебного вмешательства, а также для возобновления дипломатических вношений с соседями.",первой среди 78 рекомендаций является то что следует реализовать новую дипломатическую инициативу до конца этого года для укрепления иракских границ чтобы не допустить враждебного вмешательства а также для возобновления дипломатических отношений с соседями,первая среди 78 й рекомендации является то что следует реализовать новую дипломатическую инициативу до конца этого года для укрепления иракский границ чтобы не допустить враждебного вмешательства а также для возобновления дипломатических вношений с соседями
1801,"Вереницу зданий, образующих линию горизонта Гонконга, сравнивают со сверкающей столбчатой диаграммой, подчеркнутой водой бухты Виктория.","Веренецу зданий, образующих линию горизонта Гонконга, сравниваются сверкающей столбчатой диаграммы, подчеркнутой водой бухты Виктория.",вереницу зданий образующих линию горизонта гонконга сравнивают со сверкающей столбчатой диаграммой подчеркнутой водой бухты виктория,веренецу зданий образующих линию горизонта гонконга сравниваются сверкающей столбчатой диаграммы подчеркнутой водой бухты виктория
1708,"Хьюн ушел в отставку, и в Кабинете министров его заменит член парламента Эд Дейви. Ожидается, что член парламента Норман Ламб займет принадлежащий Дейви пост Министра по делам бизнеса.","Хюн ушел в отставку, и в кабинете министра его заменит член парламента Эд Дэви. Ожидается, что член парламента Норман Ламп займёт принадлежащий Дэви пост министра по делам бизнеса.",хьюн ушел в отставку и в кабинете министров его заменит член парламента эд дейви ожидается что член парламента норман ламб займет принадлежащий дейви пост министра по делам бизнеса,хюн ушел в отставку и в кабинете министра его заменит член парламента эд дэви ожидается что член парламента норман ламп займет принадлежащий дэви пост министра по делам бизнеса
1859,"Собственные стили начали развиваться в Западной Европе к концу Средневековья. Одним из самых больших достижений того времени, благодаря крестовым походам, стало использование пуговиц для застегивания одежды.","Собственные стили начали развиваться в западной Европе к концу Средневекове, одним из самых больших достижений того времени благодаря к крестовым походам стало использование пуговицы для застегивания одежды.",собственные стили начали развиваться в западной европе к концу средневековья одним из самых больших достижений того времени благодаря крестовым походам стало использование пуговиц для застегивания одежды,собственные стили начали развиваться в западной европе к концу средневекове одним из самых больших достижений того времени благодаря к крестовым походам стало использование пуговицы для застегивания одежды
1810,"Губернатор Калифорнии Арнольд Шварценеггер подписал закон, запрещающий продажу или прокат видеоигр с применением насилия несовершеннолетним лицам.","Губернатор Калифорния Арнолью Шварценегер подписал закон, запрещающий продажу или паркат видеоигр с применением насилия не с совершенной летнем лицем.",губернатор калифорнии арнольд шварценеггер подписал закон запрещающий продажу или прокат видеоигр с применением насилия несовершеннолетним лицам,губернатор калифорния арнолью шварценегер подписал закон запрещающий продажу или паркат видеоигр с применением насилия не с совершенной летнем лицем
1696,"Исследователи университета сообщили, что эти два соединения вступают друг с другом в реакцию, образуя кристаллы, которые могут блокировать работу почек.","Исследователи университета сообщили, что эти два соединения вступают друг с другом в реакцию, образуя кристаллы, которые могут блокировать работу почек.",исследователи университета сообщили что эти два соединения вступают друг с другом в реакцию образуя кристаллы которые могут блокировать работу почек,исследователи университета сообщили что эти два соединения вступают друг с другом в реакцию образуя кристаллы которые могут блокировать работу почек
1674,"В некоторых местах достаточно прокипятить воду в течение минуты, в других потребуется несколько минут.","В некоторых местах достаточно прокипетить воду в течение минуты, в других потребуется несколько минут.",в некоторых местах достаточно прокипятить воду в течение минуты в других потребуется несколько минут,в некоторых местах достаточно прокипетить воду в течение минуты в других потребуется несколько минут
1862,"NextGen — это система, которая, по заверению Федеральной авиационной администрации США, позволит самолетам летать по сокращенным маршрутам и ежегодно экономить миллионы галлонов топлива, а также снизить выбросы углерода.","NexxGen это система, которая по заверению федеральной авиационной администрации США позволит самолетам летать по сокращенным маршрутам и ежегодным экономитмиллион их голона в топливо, а также снизить выбросы углерода.",nextgen это система которая по заверению федеральной авиационной администрации сша позволит самолетам летать по сокращенным маршрутам и ежегодно экономить миллионы галлонов топлива а также снизить выбросы углерода,nexxgen это система которая по заверению федеральной авиационной администрации сша позволит самолетам летать по сокращенным маршрутам и ежегодным экономитмиллион их голона в топливо а также снизить выбросы углерода
1985,"Это связано, но обычно не включает пешее восхождение на вершину и затем спуск по неподготовленным склонам, так как катание по целине требует более жестких лыж и ботинок.","Это связано, но обычно не включают пешей восхождения на вершину и затем спуск по неподготовленным склонам, так как катание по целенне требует более жёстких лыш и ботинок.",это связано но обычно не включает пешее восхождение на вершину и затем спуск по неподготовленным склонам так как катание по целине требует более жестких лыж и ботинок,это связано но обычно не включают пешей восхождения на вершину и затем спуск по неподготовленным склонам так как катание по целенне требует более жестких лыш и ботинок
1897,"На севере регион ограничен Сахелем, а на юге и западе — Атлантическим океаном.",На севере регион ограничен Сахелям Найюге и Западе от лодочским океаном.,на севере регион ограничен сахелем а на юге и западе атлантическим океаном,на севере регион ограничен сахелям найюге и западе от лодочским океаном
1787,"Блоггерство является инструментом, стимулирующим сотрудничество, и оно мотивирует учащихся распространить процесс приобретения знаний далеко за пределы традиционного учебного дня.","Блогерство является инструментом стимулирующим сотрудничество, и оно мотивирует учащихся распространить процесс приобретения знаний далеко за пределы традиционного учебного дня.",блоггерство является инструментом стимулирующим сотрудничество и оно мотивирует учащихся распространить процесс приобретения знаний далеко за пределы традиционного учебного дня,блогерство является инструментом стимулирующим сотрудничество и оно мотивирует учащихся распространить процесс приобретения знаний далеко за пределы традиционного учебного дня
1907,Вскоре после начала военных действий Британия устроила морскую блокаду Германии.,Скоре после начала военных действий Британия устревало морскую блокаду Германии.,вскоре после начала военных действий британия устроила морскую блокаду германии,скоре после начала военных действий британия устревало морскую блокаду германии
1845,"Они вернулись в Париж в карете, окружённые толпой людей, которые выкрикивали угрозы королю и королеве.","Они вернули с Парижа в Кореде, окружённые толпой людей, которые выгрекивали угрозы Королю и Королевия.",они вернулись в париж в карете окруженные толпой людей которые выкрикивали угрозы королю и королеве,они вернули с парижа в кореде окруженные толпой людей которые выгрекивали угрозы королю и королевия
1702,Всего за 2 недели силы Свободной Франции и американцы освободили южную Францию и отправились в сторону Германии.,Всего за две недели силы свободной франции и американцы освободили Южную Францию и отправились в сторону Германии.,всего за 2 недели силы свободной франции и американцы освободили южную францию и отправились в сторону германии,всего за две недели силы свободной франции и американцы освободили южную францию и отправились в сторону германии
1874,"Многие считали, что он прав, но многие верили в противоположное: что Солнечная система вращается вокруг Земли, включая Солнце (и даже другие звезды).","Многие считали, что он прав, но многие верили в противоположное, что Солнечная система вращается вокруг Земли, включая Солнце и даже другие звёзды.",многие считали что он прав но многие верили в противоположное что солнечная система вращается вокруг земли включая солнце и даже другие звезды,многие считали что он прав но многие верили в противоположное что солнечная система вращается вокруг земли включая солнце и даже другие звезды
1870,"Сцены показывают на пирамидах, и разные пирамиды освещаются.","Сцены показывают на пирамидах, и разные пирамиды освещаются.",сцены показывают на пирамидах и разные пирамиды освещаются,сцены показывают на пирамидах и разные пирамиды освещаются
1915,Вы можете по Гома на бода-бода (мототакси). Обычная (местная) цена 500 конголезских франков за короткую поездку.,Вы можете погому на бода-бода — мототаксии. Обычная местная цена — 500 конголесских франков за короткую поездку.,вы можете по гома на бода бода мототакси обычная местная цена 500 конголезских франков за короткую поездку,вы можете погому на бода бода мототаксии обычная местная цена 500 конголесских франков за короткую поездку
1833,"Философ Аристотель считал, что всё состоит из смеси одного или нескольких из четырёх элементов. Это были земля, вода, воздух и огонь.","Философ Аристотель считал, что всё состоит из смеси одного или несколько из четырёх элементов – это были земля, вода, воздух и огонь.",философ аристотель считал что все состоит из смеси одного или нескольких из четырех элементов это были земля вода воздух и огонь,философ аристотель считал что все состоит из смеси одного или несколько из четырех элементов это были земля вода воздух и огонь
1792,Это называется pH химического вещества. Вы можете сделать индикатор при помощи сока красной капусты.,Это называется пиаж химического вещества. Вы можете сделать индикатор при помощи соко-красной капусты.,это называется ph химического вещества вы можете сделать индикатор при помощи сока красной капусты,это называется пиаж химического вещества вы можете сделать индикатор при помощи соко красной капусты
1828,"Поиск в интернете по фразе ""курс по безопасности во враждебной среде"", возможно, выдаст адрес местной компании.",Пуиск в интернете по фраде курс по безопасности в вооружебной среде возможна вытост адрес местной компании.,поиск в интернете по фразе курс по безопасности во враждебной среде возможно выдаст адрес местной компании,пуиск в интернете по фраде курс по безопасности в вооружебной среде возможна вытост адрес местной компании
1815,"Атомная бомба работает на том принципе, что для того, чтобы много протонов и нейтронов находились в одном ядре, необходима энергия.","Атомная бомба работает на том принципе, что для того, чтобы много протонов и нейтронов находились в одном едре, необходимо энергия.",атомная бомба работает на том принципе что для того чтобы много протонов и нейтронов находились в одном ядре необходима энергия,атомная бомба работает на том принципе что для того чтобы много протонов и нейтронов находились в одном едре необходимо энергия
1792,Это называется pH химического вещества. Вы можете сделать индикатор при помощи сока красной капусты.,"Это называется пиаш, химического вещества. Вы можете сделать индикатор при помощи соко-красной капусты.",это называется ph химического вещества вы можете сделать индикатор при помощи сока красной капусты,это называется пиаш химического вещества вы можете сделать индикатор при помощи соко красной капусты
1918,Сундарбан был объявлен Объектом всемирного наследия ЮНЕСКО. Часть леса в пределах индийской территории называется Национальный парк Сундарбан.,Сундарбан был объявлен объектом в семером наследе ЮНЕСКО. Часть леса в пределах индийской территории называется Национальный парк Сундарбан.,сундарбан был объявлен объектом всемирного наследия юнеско часть леса в пределах индийской территории называется национальный парк сундарбан,сундарбан был объявлен объектом в семером наследе юнеско часть леса в пределах индийской территории называется национальный парк сундарбан
1811,Стандарт 802.11n работает на обоих частотах – 2.4 ГГц и 5.0 ГГц.,"Стандарт 802.11n работает на обоих частотах 2,4 и 5,0 Гц.",стандарт 802 11n работает на обоих частотах 2 4 ггц и 5 0 ггц,стандарт 802 11n работает на обоих частотах 2 4 и 5 0 гц
1767,"Это представляет хорошую возможность увидеть северное сияние, потому что небо будет более или менее тёмным круглые сутки.","Это представляет хорошую возможность увидеть северное сияние, потому что небо будет более или менее тёмным круглые сутки.",это представляет хорошую возможность увидеть северное сияние потому что небо будет более или менее темным круглые сутки,это представляет хорошую возможность увидеть северное сияние потому что небо будет более или менее темным круглые сутки
1675,"Все существительные, а также слово Sie, означающее Вы, всегда пишутся с большой буквы даже в середине предложения.","Все существительные, а также слово «сея», означающие «вы», всегда пишутся с большой буквы даже в середине предложения.",все существительные а также слово sie означающее вы всегда пишутся с большой буквы даже в середине предложения,все существительные а также слово сея означающие вы всегда пишутся с большой буквы даже в середине предложения
