id,ref,hyp,ref_norm,hyp_norm
1819,"В древнем Китае использовали уникальный способ обозначения периодов времени; каждый этап Китая или каждая семья, находившаяся у власти, были особой династией.","В древнем Китай использовали уникальный способ обозначения периодов времени. Каждый этап Китая или каждая семья, находивши сеу власти, были особые династии.",в древнем китае использовали уникальный способ обозначения периодов времени каждый этап китая или каждая семья находившаяся у власти были особой династией,в древнем китай использовали уникальный способ обозначения периодов времени каждый этап китая или каждая семья находивши сеу власти были особые династии
1781,"Мадагаскар намного больше других и  является самобытным континентом в том, что касается дикой природы.","Мадагаскары на много больше дыругих и являются самобытным континентом, в том, что касается дикой природы.",мадагаскар намного больше других и является самобытным континентом в том что касается дикой природы,мадагаскары на много больше дыругих и являются самобытным континентом в том что касается дикой природы
1926,"Во всех научных вопросах, включая психологию, были приняты взгляды Аристотеля.",Во всех научынных вопросах вглючай психология были приняты взгляды ростотелі.,во всех научных вопросах включая психологию были приняты взгляды аристотеля,во всех научынных вопросах вглючай психология были приняты взгляды ростотелі
1917,"В различных местах Рима были установлены большие телевизионные экраны, с помощью которых люди могли наблюдать за церемонией.","Бразличных местах Рима были устанавливаны большие телевизионные экраны, из помощь которых люди могли наблюдай за церемонии.",в различных местах рима были установлены большие телевизионные экраны с помощью которых люди могли наблюдать за церемонией,бразличных местах рима были устанавливаны большие телевизионные экраны из помощь которых люди могли наблюдай за церемонии
1751,"Причиной дебатов стали разногласия относительно затрат на оказание материальной поддержки и восстановление зданий после урагана Катрина, который некоторые фискальные консерваторы в шутку назвали ""новоорлеанской сделкой Буша"".","Причиней дебата в сталле разна гласия отнасительна затратына, оказания материалной поддержки и восстановления здания после ураганна катрина, к которой некоторые фискальные консерваторы в шутку називали наварлианской «озделкой буша».",причиной дебатов стали разногласия относительно затрат на оказание материальной поддержки и восстановление зданий после урагана катрина который некоторые фискальные консерваторы в шутку назвали новоорлеанской сделкой буша,причиней дебата в сталле разна гласия отнасительна затратына оказания материалной поддержки и восстановления здания после ураганна катрина к которой некоторые фискальные консерваторы в шутку називали наварлианской озделкой буша
1704,"В 1990 году он был добавлен в список всемирного наследия, находящегося под угрозой из-за опасности со стороны песков пустыни.","В 1990-х он был добавлен в список всемерного наследия, находящегося подуроза из-за опасности состарыны песков пустыне.",в 1990 году он был добавлен в список всемирного наследия находящегося под угрозой из за опасности со стороны песков пустыни,в 1990 х он был добавлен в список всемерного наследия находящегося подуроза из за опасности состарыны песков пустыне
1692,"Согласно ядерному управлению Японии, на заводе были обнаружены радиоактивный цезий и йод.",«Сокласноядерному управлению Япония на заводе булябнаружы на радиоактивной цизи июд».,согласно ядерному управлению японии на заводе были обнаружены радиоактивный цезий и йод,сокласноядерному управлению япония на заводе булябнаружы на радиоактивной цизи июд
1852,"Надлежащее использование блогов может дать учащимся возможность стать более аналитичными и критичными. Путём активного отклика на интернет-материалы учащиеся могут определять свою позицию в контексте чужих работ, а также излагать свои собственные взгляды на конкретные вопросы (Оравек, 2002).","Надлежаше использования блогов может дать утяшимся возможность стать более аналитичными и критичными, путем активного отклика на интернет-материалы утяшемся могут определять свою позицию в контексте чужих работ, а также излогарь с собой собственные взгляды на конкретные вопросы. Аравек – 2002.",надлежащее использование блогов может дать учащимся возможность стать более аналитичными и критичными путем активного отклика на интернет материалы учащиеся могут определять свою позицию в контексте чужих работ а также излагать свои собственные взгляды на конкретные вопросы оравек 2002,надлежаше использования блогов может дать утяшимся возможность стать более аналитичными и критичными путем активного отклика на интернет материалы утяшемся могут определять свою позицию в контексте чужих работ а также излогарь с собой собственные взгляды на конкретные вопросы аравек 2002
1757,"Только мутации в клетках зародышевой линии могут передаваться далее детям, в то время как мутации где-то ещё могут привести к гибели клеток или раку.","Тулька мутаций в клетках зарудышевой линии мгут передаласы дали дедям, в то время как мутация где ты еще мгут привести гибли клеток или раку.",только мутации в клетках зародышевой линии могут передаваться далее детям в то время как мутации где то еще могут привести к гибели клеток или раку,тулька мутаций в клетках зарудышевой линии мгут передаласы дали дедям в то время как мутация где ты еще мгут привести гибли клеток или раку
1791,"Не оскверняйте это место, нанося или выцарапывая граффити на объекты вокруг.","Не аскверняте та меса, днася иллюбл церапы о граффите на объекты вокруг.",не оскверняйте это место нанося или выцарапывая граффити на объекты вокруг,не аскверняте та меса днася иллюбл церапы о граффите на объекты вокруг
1903,"Когда все доступные ресурсы эффективно используются во всех функциональных подразделениях организации, то могут проявиться креативность и изобретательность.","Когда все доступные ресурсы эффективно используются во всех функционалях подразделениях организаций, то могут появиться креативность и изобретательность.",когда все доступные ресурсы эффективно используются во всех функциональных подразделениях организации то могут проявиться креативность и изобретательность,когда все доступные ресурсы эффективно используются во всех функционалях подразделениях организаций то могут появиться креативность и изобретательность
1725,"Серия ASUS Eee PC, ранее представленная во всём мире с ориентацией на такие факторы, как экономия средств и функциональность, стала горячей темой во время месяца информационных технологий в Тайбэе в 2007 году.","Сирия ASUS ePC ранее представленная во всём мире с ориентацией на такие факторы как экономия срез и функциональность, стала горячей темой во время месяца информационных технологий в Тайбе в 2007 году.",серия asus eee pc ранее представленная во всем мире с ориентацией на такие факторы как экономия средств и функциональность стала горячей темой во время месяца информационных технологий в тайбэе в 2007 году,сирия asus epc ранее представленная во всем мире с ориентацией на такие факторы как экономия срез и функциональность стала горячей темой во время месяца информационных технологий в тайбе в 2007 году
1762,"Переносчиками являются свиньи, от которых через комаров болезнь затем передаётся человеку.","Переношки мею влядсы свини, откоторых жероскомыров болезь затем предаяцзачаловеку.",переносчиками являются свиньи от которых через комаров болезнь затем передается человеку,переношки мею влядсы свини откоторых жероскомыров болезь затем предаяцзачаловеку
1668,"Также может быть выгодно купить Wild Card, которая позволяет посещать национальные парки ЮАР либо выборочно, либо все.","Так же мужчитбе тубыгадан купить вилткарт, которые позволяют пассечет национальные парки ОАр, Лебовыбруши, Лебовсе.",также может быть выгодно купить wild card которая позволяет посещать национальные парки юар либо выборочно либо все,так же мужчитбе тубыгадан купить вилткарт которые позволяют пассечет национальные парки оар лебовыбруши лебовсе
1757,"Только мутации в клетках зародышевой линии могут передаваться далее детям, в то время как мутации где-то ещё могут привести к гибели клеток или раку.","Только мутаций в клетках зарод дышевай, линии могут передаваться дали детям. В то время, к мутацияге еще могут привести кибли клеток или раку.",только мутации в клетках зародышевой линии могут передаваться далее детям в то время как мутации где то еще могут привести к гибели клеток или раку,только мутаций в клетках зарод дышевай линии могут передаваться дали детям в то время к мутацияге еще могут привести кибли клеток или раку
1780,"Энергия кундалини (энергия просветления) в кундалини-йоге пробуждается через позы йоги, дыхательные упражнения, мантры и визуализации.","Энергия Кундалини — энергия просветлення. Кундалини Йоги бурбуждайся через пози Йоги, дыхательные упражнения, мантры и визуализации.",энергия кундалини энергия просветления в кундалини йоге пробуждается через позы йоги дыхательные упражнения мантры и визуализации,энергия кундалини энергия просветлення кундалини йоги бурбуждайся через пози йоги дыхательные упражнения мантры и визуализации
1822,"Султан Марокко перестроил город под названием Эд-Дар-эль-Бейда, а испанские торговцы, создавшие тут торговые базы, назвали его Касабланка.","Султан Морокко Перестроил город под названием Эддар Эльбейда. Испански тарговцы, садапши туд тарговой базы, назвали его Касабланка.",султан марокко перестроил город под названием эд дар эль бейда а испанские торговцы создавшие тут торговые базы назвали его касабланка,султан морокко перестроил город под названием эддар эльбейда испански тарговцы садапши туд тарговой базы назвали его касабланка
1763,"Так же, как Луна притягивает Землю, при этом вызывая приливы, так и Млечный Путь воздействует на галактику в Стрельце.","Так же как Луна притягивать землю, при этом вызывай преливы так имелечить путь воздействовать на галактику стрельцы.",так же как луна притягивает землю при этом вызывая приливы так и млечный путь воздействует на галактику в стрельце,так же как луна притягивать землю при этом вызывай преливы так имелечить путь воздействовать на галактику стрельцы
1884,"В частности, утверждается, что можно определить, лжет ли человек, при помощи правильной интерпретации его микровыражений.","В частности, у твёржы дайсы, что можно определить лжот ли человек при помощи правильной интерпретаций его микроворажений.",в частности утверждается что можно определить лжет ли человек при помощи правильной интерпретации его микровыражений,в частности у твержы дайсы что можно определить лжот ли человек при помощи правильной интерпретаций его микроворажений
1722,53-летний Куомо начал свою деятельность на посту губернатора в начале этого года и подписал законопроект о легализации однополых браков в прошлом месяце.,"Питисти трехлетни Кома начал свою дейтленность на постугу губернаторы, начале этого года, и подписал за кана проект лигализация наполных браков прошлым месяц.",53 летний куомо начал свою деятельность на посту губернатора в начале этого года и подписал законопроект о легализации однополых браков в прошлом месяце,питисти трехлетни кома начал свою дейтленность на постугу губернаторы начале этого года и подписал за кана проект лигализация наполных браков прошлым месяц
1768,"Большинство зданий по краям комплекса было перестроено, чтобы дать туристам более точное представление о том, как они выглядели изначально.","Большинство здания по краям комплекса было перестроен, чтобы дать туристам более точное представление о том, как они выгодили изначально.",большинство зданий по краям комплекса было перестроено чтобы дать туристам более точное представление о том как они выглядели изначально,большинство здания по краям комплекса было перестроен чтобы дать туристам более точное представление о том как они выгодили изначально
1891,Лаккха Сингх исполнил чхаппан бхог бхаджан.  Певец Раджу Кханделвал пел вместе с ним.,Лаксинг исполнил Чхаппан Пхопхаджан Бвиацраджо Ханделвал Пелместерстим.,лаккха сингх исполнил чхаппан бхог бхаджан певец раджу кханделвал пел вместе с ним,лаксинг исполнил чхаппан пхопхаджан бвиацраджо ханделвал пелместерстим
1962,Показатель pH определяется степенью насыщенности ионами водорода (H в pH) исследуемого химического соединения.,Показатель pH определяется степень ненасыщенности ионами водорода HVPH и следуемого химическое усыединение.,показатель ph определяется степенью насыщенности ионами водорода h в ph исследуемого химического соединения,показатель ph определяется степень ненасыщенности ионами водорода hvph и следуемого химическое усыединение
1861,"В результате актёры курят косяки с марихуаной на сцене, и сам театр поощряет публику присоединиться.",В результате актера корид Косекис Марихуанына Сене и сантеатр пасширяйт публику присоединица.,в результате актеры курят косяки с марихуаной на сцене и сам театр поощряет публику присоединиться,в результате актера корид косекис марихуанына сене и сантеатр пасширяйт публику присоединица
1715,"Обычные объявления в метро делаются только на каталонском языке, но незапланированные перебои объявляются автоматизированной системой на самых разных языках, включая испанский, английский, французский, арабский и японский.","Убычные объявления в метро делывцы только на каталонска мезоге, но незапланированные перебой объявляются автоматизированной системой на самых разных языках, включая испанский, англинский, французский, арабский и японский.",обычные объявления в метро делаются только на каталонском языке но незапланированные перебои объявляются автоматизированной системой на самых разных языках включая испанский английский французский арабский и японский,убычные объявления в метро делывцы только на каталонска мезоге но незапланированные перебой объявляются автоматизированной системой на самых разных языках включая испанский англинский французский арабский и японский
1882,"Учёные надеются понять, как образуются планеты, особенно то, как образовалась Земля, поскольку кометы сталкивались  с Землёй очень давно.","Ученые надеются понять, как образуются планета Суббинатооооооооооооооооооооооооооооооооооооооооооооооооооооооооооооооооооооо",ученые надеются понять как образуются планеты особенно то как образовалась земля поскольку кометы сталкивались с землей очень давно,ученые надеются понять как образуются планета суббинатооооооооооооооооооооооооооооооооооооооооооооооооооооооооооооооооооооо
1885,Между 10:00 и 11:00 вечера по горному времени заключенные устроили пожар во дворе.,Мерсдо 10 и 1 вечера в горному времени заключен и устройли по жар во дворе.,между 10 00 и 11 00 вечера по горному времени заключенные устроили пожар во дворе,мерсдо 10 и 1 вечера в горному времени заключен и устройли по жар во дворе
1729,"Например, ежегодно учащиеся школы Беннет в Северной Каролине создают сайт о своём посещении столицы штата, и каждый год этот сайт обновляется, но доступ к старым версиям по-прежнему сохраняется — они служат памятным альбомом.","Например, ежагодного чашееся школы Бэнет в Севернокоррлене создают сайта своем посещения столицы штаты. И каждый год этот сайт обновляется, но доступ к старым версиям по прежнем усохраняется, а не служат памятнымльбоман.",например ежегодно учащиеся школы беннет в северной каролине создают сайт о своем посещении столицы штата и каждый год этот сайт обновляется но доступ к старым версиям по прежнему сохраняется они служат памятным альбомом,например ежагодного чашееся школы бэнет в севернокоррлене создают сайта своем посещения столицы штаты и каждый год этот сайт обновляется но доступ к старым версиям по прежнем усохраняется а не служат памятнымльбоман
1663,Долина Кочамо – главное направление в Чили для альпинизма. Она известна как Йосмит Южной Америки и имеет большое количество больших гранитных стен и скал.,Даринокачамы — главная направления в челедле альбинизма. Она известна как Йосмир Южная Америки и имеет большое количество больших гранитных стены скал.,долина кочамо главное направление в чили для альпинизма она известна как йосмит южной америки и имеет большое количество больших гранитных стен и скал,даринокачамы главная направления в челедле альбинизма она известна как йосмир южная америки и имеет большое количество больших гранитных стены скал
1795,"Начиная с 1988 года урны для избирательных бюллетеней должны быть прозрачными, чтобы избиратели и наблюдатели могли убедиться в том, что в начале голосования внутри нет конвертов и что к ним не добавлены какие-либо другие конверты, кроме конвертов тех людей, которых допустили к участию в голосовании и голоса которых подсчитали надлежащим образом.","Начиная с 1988 года, урнадля избирательных билетения должны бить прозраченными, чтобы избирателей и наблюдателей могли убедиться в том, что вначале голосования внутренне от конвертов и что к ним не добавлены какие либо другие конверты, кроме конвертов тех людей, которых депустилек участиу голосования и голоса, которые подсчитали надрежащим образам.",начиная с 1988 года урны для избирательных бюллетеней должны быть прозрачными чтобы избиратели и наблюдатели могли убедиться в том что в начале голосования внутри нет конвертов и что к ним не добавлены какие либо другие конверты кроме конвертов тех людей которых допустили к участию в голосовании и голоса которых подсчитали надлежащим образом,начиная с 1988 года урнадля избирательных билетения должны бить прозраченными чтобы избирателей и наблюдателей могли убедиться в том что вначале голосования внутренне от конвертов и что к ним не добавлены какие либо другие конверты кроме конвертов тех людей которых депустилек участиу голосования и голоса которые подсчитали надрежащим образам
1943,"Чем ниже напряжение, тем более позитивна присутствующая в вас жизненная сила. Каждому человеку потенциально дано обрести абсолютные покой и чувство удовлетворения.","Чемни жанопряжения, тем более позитивно присуществующая вас жезненная сила – каждым у человеку потенциально донообреси абсолютной покой ичуыства удовлетворения.",чем ниже напряжение тем более позитивна присутствующая в вас жизненная сила каждому человеку потенциально дано обрести абсолютные покой и чувство удовлетворения,чемни жанопряжения тем более позитивно присуществующая вас жезненная сила каждым у человеку потенциально донообреси абсолютной покой ичуыства удовлетворения
1836,"Людям с античных времен были известны основные химические элементы, такие как золото, серебро и медь, поскольку их все можно встретить в природе в чистом виде и относительно легко добывать с помощью примитивных орудий.","Людем сантичных времен были известны основные химические элементы, такие как золота серебро и мете, поскольку их все можно встретить в природе в чистом виде и отнасительной лих коды бывать с помощью бримитивных орудий.",людям с античных времен были известны основные химические элементы такие как золото серебро и медь поскольку их все можно встретить в природе в чистом виде и относительно легко добывать с помощью примитивных орудий,людем сантичных времен были известны основные химические элементы такие как золота серебро и мете поскольку их все можно встретить в природе в чистом виде и отнасительной лих коды бывать с помощью бримитивных орудий
1776,"За ночь было изготовлено 150–200 копий, теперь известных как ""листовки Данлэпа"".","За ныши было изготовлена 150-200 копий, теперь известных как Листовки Данлопа.",за ночь было изготовлено 150 200 копий теперь известных как листовки данлэпа,за ныши было изготовлена 150 200 копий теперь известных как листовки данлопа
1698,"Все во вселенной состоит из материи. Вся материя состоит из мельчайших частиц, называемых атомами.","«Все во вселенес — стейт из материя. Вся материя — стейт из мельчашек честитс, называемых атомами».",все во вселенной состоит из материи вся материя состоит из мельчайших частиц называемых атомами,все во вселенес стейт из материя вся материя стейт из мельчашек честитс называемых атомами
1769,"Великая пирамида была возведена египтянами в третьем веке до нашей эры и является одним из множества больших пирамидальных сооружений, построенных, чтобы почтить память фараона.","Велика пирамида была возведена Египтянами в третий векиданаши иры и являются одним из множества больших пирамидаллных соружини пастроник, чтобы почтить память фараоны.",великая пирамида была возведена египтянами в третьем веке до нашей эры и является одним из множества больших пирамидальных сооружений построенных чтобы почтить память фараона,велика пирамида была возведена египтянами в третий векиданаши иры и являются одним из множества больших пирамидаллных соружини пастроник чтобы почтить память фараоны
1863,"Сердцем тибетской медитации считается Йога Божеств. Посредством визуализации разнообразных божеств чистятся энергетические каналы, запускаются чакры и достигается просветлённость сознания.","Серцем тибетско медитаций считайся Йога Божест, посрестом визуализаций разнообразных Божест, чистятся энергетически киналы запускаются чакры и достигайся просведленной сознания.",сердцем тибетской медитации считается йога божеств посредством визуализации разнообразных божеств чистятся энергетические каналы запускаются чакры и достигается просветленность сознания,серцем тибетско медитаций считайся йога божест посрестом визуализаций разнообразных божест чистятся энергетически киналы запускаются чакры и достигайся просведленной сознания
1809,"Шпалы начали применяться довольно давно для того, чтобы удерживать рельсы на месте. Однако впоследствии стало ясно, что пути были более эффективны при полосе из железа сверху.","Шпал иначили пременяться довольно давно для того, чтобы удерживать рельсы на месте, однако впоследствии стало ясно, что пути были более эффективны при полосе из железа сверху.",шпалы начали применяться довольно давно для того чтобы удерживать рельсы на месте однако впоследствии стало ясно что пути были более эффективны при полосе из железа сверху,шпал иначили пременяться довольно давно для того чтобы удерживать рельсы на месте однако впоследствии стало ясно что пути были более эффективны при полосе из железа сверху
1781,"Мадагаскар намного больше других и  является самобытным континентом в том, что касается дикой природы.","Мадагаскарына много больше дыругих и являются самобытным континентом в том, что касается дикой природы.",мадагаскар намного больше других и является самобытным континентом в том что касается дикой природы,мадагаскарына много больше дыругих и являются самобытным континентом в том что касается дикой природы
1825,"Если вы хотите находиться рядом со сценой, вам нужно приехать заранее, чтобы найти место для кемпинга вблизи от музыки.","Если вы хотите находиться рядом со сценей, вам нужно приехать зеране, чтобы нойти места для кэмпинга вблизи от музыки.",если вы хотите находиться рядом со сценой вам нужно приехать заранее чтобы найти место для кемпинга вблизи от музыки,если вы хотите находиться рядом со сценей вам нужно приехать зеране чтобы нойти места для кэмпинга вблизи от музыки
1855,"Львиные прайды ведут себя очень похоже со стаями волков или собак — животных, которые по повадкам удивительно похожи на львов (но не других крупных кошек) и тоже очень опасны для своих жертв.","Лвиней Прайды ведут себя очень похожа на валков или собак – животных, которые попаватком удивительна похожа на львов, но не другие крупных кошек и тоже очень опасны для своих жертв.",львиные прайды ведут себя очень похоже со стаями волков или собак животных которые по повадкам удивительно похожи на львов но не других крупных кошек и тоже очень опасны для своих жертв,лвиней прайды ведут себя очень похожа на валков или собак животных которые попаватком удивительна похожа на львов но не другие крупных кошек и тоже очень опасны для своих жертв
1806,"Поскольку световое загрязнение в период их расцвета не было такой проблемой, как сегодня, они обычно расположены в городах или в кампусах, до которых легче добраться, чем до тех, которые построены в наше время.","Поскольку световое загрязнение в период их расцвета не было такой проблемой как сегодня, а не бучны расположены в городах или в кампусах, до которых легче добраться чем до тех, которые постройны в наше времы.",поскольку световое загрязнение в период их расцвета не было такой проблемой как сегодня они обычно расположены в городах или в кампусах до которых легче добраться чем до тех которые построены в наше время,поскольку световое загрязнение в период их расцвета не было такой проблемой как сегодня а не бучны расположены в городах или в кампусах до которых легче добраться чем до тех которые постройны в наше времы
1697,"Он не смог принять препараты, необходимые для облегчения боли, так как они запрещены в Играх.","Он не смог принять препараты необходимые для облегчения боли, т.к. они запрещены в играх.",он не смог принять препараты необходимые для облегчения боли так как они запрещены в играх,он не смог принять препараты необходимые для облегчения боли т к они запрещены в играх
1964,"25 листовок Данлэпа, известные на настоящее время, являются старейшими выжившими копиями документа. Оригинальная рукописная копия не дошла до нас.",25 естовых Данлапа известней на настоящее время и вляются старей шуме выжившими копиям документу. Оригинальная ругописна копияни дашылады нас.,25 листовок данлэпа известные на настоящее время являются старейшими выжившими копиями документа оригинальная рукописная копия не дошла до нас,25 естовых данлапа известней на настоящее время и вляются старей шуме выжившими копиям документу оригинальная ругописна копияни дашылады нас
1900,"Ее очень нелегко обнаружить даже тому, кто знает о ее существовании. В пещере человек оказывается в полной изоляции.",Ее очень нелегко обнаружить даже таму кто знай. Это ее существование. В пешере человек оказывается в полной изоляции.,ее очень нелегко обнаружить даже тому кто знает о ее существовании в пещере человек оказывается в полной изоляции,ее очень нелегко обнаружить даже таму кто знай это ее существование в пешере человек оказывается в полной изоляции
1822,"Султан Марокко перестроил город под названием Эд-Дар-эль-Бейда, а испанские торговцы, создавшие тут торговые базы, назвали его Касабланка.","Солтан Марокко перестроил город под названием Этдар Эльпейта — аиспанский торговцы, создавши туд терговой базе, назвали его Касабланка.",султан марокко перестроил город под названием эд дар эль бейда а испанские торговцы создавшие тут торговые базы назвали его касабланка,солтан марокко перестроил город под названием этдар эльпейта аиспанский торговцы создавши туд терговой базе назвали его касабланка
1864,"Г-жа Киршнер объявила о своём намерении баллотироваться на пост президента в Аргентинском театре, в том же месте, где она начала свою предвыборную кампанию в Сенат в 2005 году в качестве члена делегации провинции Буэнос-Айрес.","Госпожа Киршнер объявил о своем нумерении баллотироваться на пост президента в аргентинском театре, в том же местье, где наначилу о свою предвеберную компанияв Сенадо в 2005 году в качестве члены дилегацией провинции Боенос-Айрыс.",г жа киршнер объявила о своем намерении баллотироваться на пост президента в аргентинском театре в том же месте где она начала свою предвыборную кампанию в сенат в 2005 году в качестве члена делегации провинции буэнос айрес,госпожа киршнер объявил о своем нумерении баллотироваться на пост президента в аргентинском театре в том же местье где наначилу о свою предвеберную компанияв сенадо в 2005 году в качестве члены дилегацией провинции боенос айрыс
1794,"Цивилизация — это отдельная культура, носителями которой является достаточно большая группа людей, живущих и работающих вместе, общество.","Цивилизация — это отдельная культура, насетилами которой является достатышна большая группа людей, живучих работающих вместе обшисты.",цивилизация это отдельная культура носителями которой является достаточно большая группа людей живущих и работающих вместе общество,цивилизация это отдельная культура насетилами которой является достатышна большая группа людей живучих работающих вместе обшисты
1865,Круизы в Санкт-Петербург включают прогулки по городу. Пассажиры круизов освобождены от визовых требований (уточните условия).,Крызев Санкт-Петербург включая отпрыгулки по городам. Пассажиры Крызов освобождены от визобых требований. Утечнете усыловы.,круизы в санкт петербург включают прогулки по городу пассажиры круизов освобождены от визовых требований уточните условия,крызев санкт петербург включая отпрыгулки по городам пассажиры крызов освобождены от визобых требований утечнете усыловы
1836,"Людям с античных времен были известны основные химические элементы, такие как золото, серебро и медь, поскольку их все можно встретить в природе в чистом виде и относительно легко добывать с помощью примитивных орудий.","Людям санчишних времен был известны остананных химических элементах теких золота серебро иметь, поскольку их все можно встрейдить в природе в чистом виде и относительно легко добывайся по умешив源ом примитивных рудей.",людям с античных времен были известны основные химические элементы такие как золото серебро и медь поскольку их все можно встретить в природе в чистом виде и относительно легко добывать с помощью примитивных орудий,людям санчишних времен был известны остананных химических элементах теких золота серебро иметь поскольку их все можно встрейдить в природе в чистом виде и относительно легко добывайся по умешив源ом примитивных рудей
1840,"Подобные площадки, которые посетило большое количество людей, были организованы во многих других городах Италии и в остальном мире, в частности в Польше.","Падобные плашчарки, которые посетилы большое количество людей, были организованы вам многих других городах Италии и в остальном мере – в частности в Польша.",подобные площадки которые посетило большое количество людей были организованы во многих других городах италии и в остальном мире в частности в польше,падобные плашчарки которые посетилы большое количество людей были организованы вам многих других городах италии и в остальном мере в частности в польша
1687,Сегрегация и рекомбинация с каждым поколением тасуют вариации между двумя пулами.,Сигреграция и рекомбинация — с каждым поколениям тасует вариаций между двумя полыми.,сегрегация и рекомбинация с каждым поколением тасуют вариации между двумя пулами,сигреграция и рекомбинация с каждым поколениям тасует вариаций между двумя полыми
1714,"Спутник был доставлен в космос ракетой. Ученые используют телескопы в космосе, потому что атмосфера Земли в некоторой степени искажает наш свет и обзор.","Спутник был достаблен в «космосыркеты». Учёные используя телоскопы в космосе, потому что атмосфера земли в некоторой степени искажай нарсвет и абзор.",спутник был доставлен в космос ракетой ученые используют телескопы в космосе потому что атмосфера земли в некоторой степени искажает наш свет и обзор,спутник был достаблен в космосыркеты ученые используя телоскопы в космосе потому что атмосфера земли в некоторой степени искажай нарсвет и абзор
2003,"Чтобыу видеть самые живописные места Гонконга, следует покинуть остров и направиться на побережье полуострова Цзюлун, что находится напротив.","Чтобы увидеть сами жевопес неместаган, Конгос следуит пакену диософы на правица, на побережьи плоскры в отелун, что на ход из-за напротив.",чтобыу видеть самые живописные места гонконга следует покинуть остров и направиться на побережье полуострова цзюлун что находится напротив,чтобы увидеть сами жевопес неместаган конгос следуит пакену диософы на правица на побережьи плоскры в отелун что на ход из за напротив
1710,"На прошлой недели Министерство экономики, труда и промышленности объявило, что Apple  проинформировала его о 34 дополнительных случаях перегрева, которые компания назвала ""несерьёзными"".","На прошлый недели министерство экономики трудай и промышленности объявилы, что Apple прай информировал о 34-х дополнительных случаях перегрева, которые компанияназывала несердезными.",на прошлой недели министерство экономики труда и промышленности объявило что apple проинформировала его о 34 дополнительных случаях перегрева которые компания назвала несерьезными,на прошлый недели министерство экономики трудай и промышленности объявилы что apple прай информировал о 34 х дополнительных случаях перегрева которые компанияназывала несердезными
1800,"Согласно плану мост полностью войдёт в эксплуатацию  в сентябре 2017 года, когда бразильские пункты таможенной проверки, как ожидается, будут завершены.","Совласны плану Мост полно стемоидет в эксплуатация с сентября 2017-го, когда бразилия Сипунты таможаны проверки как ужидайся будут завершены.",согласно плану мост полностью войдет в эксплуатацию в сентябре 2017 года когда бразильские пункты таможенной проверки как ожидается будут завершены,совласны плану мост полно стемоидет в эксплуатация с сентября 2017 го когда бразилия сипунты таможаны проверки как ужидайся будут завершены
1778,"В репортажах по телевидению сообщается  о белом дыме, идущем от завода.",В репортажах по телевизию сообщай о Белым дыме идущем отзавода.,в репортажах по телевидению сообщается о белом дыме идущем от завода,в репортажах по телевизию сообщай о белым дыме идущем отзавода
1794,"Цивилизация — это отдельная культура, носителями которой является достаточно большая группа людей, живущих и работающих вместе, общество.","Цивилизация — это отдельная культура, насейтельме которой является бдостатшина большая группы людей, жиуши и работающих в месте общество.",цивилизация это отдельная культура носителями которой является достаточно большая группа людей живущих и работающих вместе общество,цивилизация это отдельная культура насейтельме которой является бдостатшина большая группы людей жиуши и работающих в месте общество
1866,"Во-первых, большинство наездников носят сапоги для верховой езды с каблуком, имеющие гладкую и довольно тонкую подошву.","Ва-пердь бершенствонно-есников носят сапаги для верховоезды с кабылуком, имеющие гладко и довольно тонкую подошву.",во первых большинство наездников носят сапоги для верховой езды с каблуком имеющие гладкую и довольно тонкую подошву,ва пердь бершенствонно есников носят сапаги для верховоезды с кабылуком имеющие гладко и довольно тонкую подошву
1721,"После строительства плотины в 1963 году сезонные паводки, распространявшие по реке отложения, прекратились.",После стрейкельстоп латины 1963 г. сезонные паводки распространявши парике отлажения прикортились.,после строительства плотины в 1963 году сезонные паводки распространявшие по реке отложения прекратились,после стрейкельстоп латины 1963 г сезонные паводки распространявши парике отлажения прикортились
1687,Сегрегация и рекомбинация с каждым поколением тасуют вариации между двумя пулами.,Сиггигация — рекомпинация с каждым поколениям тасуды вариаций между двумя плылами.,сегрегация и рекомбинация с каждым поколением тасуют вариации между двумя пулами,сиггигация рекомпинация с каждым поколениям тасуды вариаций между двумя плылами
1953,В последствие он был перемещён в госпиталь Адденбрук в Кембридже.,Впоследствии он был перемешен в госпиталь Аденбрук в Кембринжи.,в последствие он был перемещен в госпиталь адденбрук в кембридже,впоследствии он был перемешен в госпиталь аденбрук в кембринжи
1748,В результате бригады пожарных потушили пожар к 23:35.,В результате бригады пожарных путушили пожар к 23-35.,в результате бригады пожарных потушили пожар к 23 35,в результате бригады пожарных путушили пожар к 23 35
1762,"Переносчиками являются свиньи, от которых через комаров болезнь затем передаётся человеку.","Переносчика мияуляюцю свинь, от которой к через комаров болездат темперодая отсотчеловеку.",переносчиками являются свиньи от которых через комаров болезнь затем передается человеку,переносчика мияуляюцю свинь от которой к через комаров болездат темперодая отсотчеловеку
1770,"Это кажется разумной идеей, потому что мы не чувствуем, что Земля движется, не так ли?","Это кажется разумной идеей, потому что мы не чувствуем, что земля движется не так ли?",это кажется разумной идеей потому что мы не чувствуем что земля движется не так ли,это кажется разумной идеей потому что мы не чувствуем что земля движется не так ли
1966,"Комиссия стала ответом Мартелли на массовые протесты против государственного режима, начавшиеся в октябре.",Комиссия стала ответом Марта Илинна Массива протесту просив гусудар с тынуы режимы начап шестевок сибре.,комиссия стала ответом мартелли на массовые протесты против государственного режима начавшиеся в октябре,комиссия стала ответом марта илинна массива протесту просив гусудар с тынуы режимы начап шестевок сибре
1677,"Стрекозы и поденки являются единственными насекомыми, которые не могут складывать крылья назад.","Стрикозы и паденки являются единственными насекомыми, которые не могут складывать крылья назад.",стрекозы и поденки являются единственными насекомыми которые не могут складывать крылья назад,стрикозы и паденки являются единственными насекомыми которые не могут складывать крылья назад
1676,"Как и во всех южноафриканских национальных парках, в этом парке существует ежедневная плата за его охрану и посещение.",Как и во всех Южнофриканских национальных парках в этом парке существует жиднемная платы Зайбаохрану и посещения.,как и во всех южноафриканских национальных парках в этом парке существует ежедневная плата за его охрану и посещение,как и во всех южнофриканских национальных парках в этом парке существует жиднемная платы зайбаохрану и посещения
1736,Роландо Мендоса выстреливал из своей винтовки М16 в туристов.,Роландо Миндоса бустырелебл из своей винтовки М6 нацепь туристов.,роландо мендоса выстреливал из своей винтовки м16 в туристов,роландо миндоса бустырелебл из своей винтовки м6 нацепь туристов
1933,"И наконец, многие маленькие кошки (включая гуляющих домашних кошек), едят и охотятся на намного более многочисленных мелких животных, наподобие насекомых, грызунов, ящериц и птиц.","И на конец, многие маленькие кошки, включай огуляющих дамашни кошек, едят и охотятся на много болей многочисленных мелких животных на подоби и насекомых грызунов, яшерец и птиц.",и наконец многие маленькие кошки включая гуляющих домашних кошек едят и охотятся на намного более многочисленных мелких животных наподобие насекомых грызунов ящериц и птиц,и на конец многие маленькие кошки включай огуляющих дамашни кошек едят и охотятся на много болей многочисленных мелких животных на подоби и насекомых грызунов яшерец и птиц
1924,"Четыре лыжницы в женской сидячей группе не смогли завершить свои заезды, и 45 из 117 лыжниц в гигантском слаломе не сумели занять места в гонке.","Четыре лыжницы в жанской сидячей группе не смогли завершить свои заезды, и 45 out 17 лыжницы в гиганском сылалами не сумели занятия места в Гонке.",четыре лыжницы в женской сидячей группе не смогли завершить свои заезды и 45 из 117 лыжниц в гигантском слаломе не сумели занять места в гонке,четыре лыжницы в жанской сидячей группе не смогли завершить свои заезды и 45 out 17 лыжницы в гиганском сылалами не сумели занятия места в гонке
1684,Апиа – столица Самоа. Город расположен на острове Уполу и имеет население чуть менее 40 000 жителей.,"Апиа столица сома, городы расположен настровеу болу, имет населения жутмения 40 000 жутилей.",апиа столица самоа город расположен на острове уполу и имеет население чуть менее 40 000 жителей,апиа столица сома городы расположен настровеу болу имет населения жутмения 40 000 жутилей
2008,"Прочие вопросы в повестке дня на Бали включают в себя сохранение оставшихся в мире лесов и обмен технологиями, чтобы способствовать росту развивающихся стран с меньшими загрязняющими последствиями.","Прочи вопросы в повестке дняно Бали включают в себя сохранения оставшися в мере лесов и обмен технологиями, чтобы способствовать рост развелающих сестран с меншями загрясняющими последствиями.",прочие вопросы в повестке дня на бали включают в себя сохранение оставшихся в мире лесов и обмен технологиями чтобы способствовать росту развивающихся стран с меньшими загрязняющими последствиями,прочи вопросы в повестке дняно бали включают в себя сохранения оставшися в мере лесов и обмен технологиями чтобы способствовать рост развелающих сестран с меншями загрясняющими последствиями
1807,"Итальянский язык также является повседневным языком для большинства людей, работающих в государстве, в то время как латынь зачастую используется в религиозных церемониях.","Итальянский язык так же является повседнемным языком для бұлжыныствальудей, работа ешиу в государстве, в то время как латын зачасту и использу в церемониях.",итальянский язык также является повседневным языком для большинства людей работающих в государстве в то время как латынь зачастую используется в религиозных церемониях,итальянский язык так же является повседнемным языком для бұлжыныствальудей работа ешиу в государстве в то время как латын зачасту и использу в церемониях
1844,Поверхность Луны состоит из камней и пыли. Внешний слой Луны называется корой.,Поверхность луны состоит из комни и пыли. Внешни слойдлы луны называются корой.,поверхность луны состоит из камней и пыли внешний слой луны называется корой,поверхность луны состоит из комни и пыли внешни слойдлы луны называются корой
1834,Севернее посетите также великий Храм Фатимской Богоматери (усыпальница) — место всемирно известных явлений Девы Марии.,"Северния посетите так же Великий Храм Фотимская богоматери — Усыпальница, место в семирной известной хивленей Девы Мории.",севернее посетите также великий храм фатимской богоматери усыпальница место всемирно известных явлений девы марии,северния посетите так же великий храм фотимская богоматери усыпальница место в семирной известной хивленей девы мории
1721,"После строительства плотины в 1963 году сезонные паводки, распространявшие по реке отложения, прекратились.","После страитивства платины в 1963 году сезонные паводки, распространявши ипорекетлажения, прекратили.",после строительства плотины в 1963 году сезонные паводки распространявшие по реке отложения прекратились,после страитивства платины в 1963 году сезонные паводки распространявши ипорекетлажения прекратили
1833,"Философ Аристотель считал, что всё состоит из смеси одного или нескольких из четырёх элементов. Это были земля, вода, воздух и огонь.","Философ аресту тель считал, что все состоит из смеси одного или несколько из четырех элементов — это биле земля, вода, воздух и огонь.",философ аристотель считал что все состоит из смеси одного или нескольких из четырех элементов это были земля вода воздух и огонь,философ аресту тель считал что все состоит из смеси одного или несколько из четырех элементов это биле земля вода воздух и огонь
1770,"Это кажется разумной идеей, потому что мы не чувствуем, что Земля движется, не так ли?","Это кажется разумная идея, потому что мы не чувствуем, что земля да виджется, не так ли?",это кажется разумной идеей потому что мы не чувствуем что земля движется не так ли,это кажется разумная идея потому что мы не чувствуем что земля да виджется не так ли
1666,"Возможно, вам также следует проконсультироваться с другими правительствами, помимо своего, но их рекомендации направлены на своих граждан.","Возмождымам так же следуя проконзультировать с түрки и мемпроветительствами, помимо своего, но их рекомендации направлены на свой граждан.",возможно вам также следует проконсультироваться с другими правительствами помимо своего но их рекомендации направлены на своих граждан,возмождымам так же следуя проконзультировать с түрки и мемпроветительствами помимо своего но их рекомендации направлены на свой граждан
1875,"Целые 20 процентов воды, поступаемой из рек нашей планеты в океаны, текут из Амазонки.",Целый 20% воды поступаймы издрек нашей планете океаны текут из Амазонки.,целые 20 процентов воды поступаемой из рек нашей планеты в океаны текут из амазонки,целый 20 воды поступаймы издрек нашей планете океаны текут из амазонки
1738,"Он также атаковал все, что входило в воду; даже гигантский динозавр, такой как тиранозавр, не сравнился бы с ним.","Он также атаковал все, что вхадилы воду, даже гиганский динозавр – такой как теринозавр не сравнился бысыним.",он также атаковал все что входило в воду даже гигантский динозавр такой как тиранозавр не сравнился бы с ним,он также атаковал все что вхадилы воду даже гиганский динозавр такой как теринозавр не сравнился бысыним
1797,Каждый является членом общества и использует транспортные системы. Практически каждый жалуется на эти систем.,Каждый является тшленым обшистое используя транспортные системы. Практически каждый жалуется на эти системы.,каждый является членом общества и использует транспортные системы практически каждый жалуется на эти систем,каждый является тшленым обшистое используя транспортные системы практически каждый жалуется на эти системы
1782,"Кроме того между правлениями каждой династии царила раздробленность и нестабильность. Самой известной была эпоха Троецарствия, которая длилась 60 лет во время династий Хань и Цзинь.","Кроме того, между правленнями каждая династия царила раздробленность и не стабильность. Самый известный был эпоха троицарствия, которая длилась 60 лет, во время династия Хань и Дзын.",кроме того между правлениями каждой династии царила раздробленность и нестабильность самой известной была эпоха троецарствия которая длилась 60 лет во время династий хань и цзинь,кроме того между правленнями каждая династия царила раздробленность и не стабильность самый известный был эпоха троицарствия которая длилась 60 лет во время династия хань и дзын
1902,Первоначально он был госпитализирован в госпитале Джеймса Педжета в Грейт-Ярмуте.,"Первоначально он был госпитализирован в госпитале Джеймсоппет жиды, в Грэйд Ярмутин.",первоначально он был госпитализирован в госпитале джеймса педжета в грейт ярмуте,первоначально он был госпитализирован в госпитале джеймсоппет жиды в грэйд ярмутин
1771,"Помните, что даже если музыка на главных сценах, может уже закончится, на фестивале могут быть участки, на которых будут продолжать играть музыку до поздней ночи.","Помните, что даже если музыка на главных сценах может уже закончиться, на фестивале могут буть участки, на которых будут продолжать играть музыку до поздней ночи.",помните что даже если музыка на главных сценах может уже закончится на фестивале могут быть участки на которых будут продолжать играть музыку до поздней ночи,помните что даже если музыка на главных сценах может уже закончиться на фестивале могут буть участки на которых будут продолжать играть музыку до поздней ночи
1709,В докладе содержится резкая критика почти каждого аспекта нынешней политики исполнительной власти в отношении Ирака и настоятельный призыв к незамедлительной смене курса.,В Доклатис содержится резкая критико почти к каждым аспектам нынешней политики исполнительные власти в отношении рако и настоятель и призыв к незамедлительной смене курсы.,в докладе содержится резкая критика почти каждого аспекта нынешней политики исполнительной власти в отношении ирака и настоятельный призыв к незамедлительной смене курса,в доклатис содержится резкая критико почти к каждым аспектам нынешней политики исполнительные власти в отношении рако и настоятель и призыв к незамедлительной смене курсы
1777,"Оттава — это прелестная двуязычная столица Канады с огромным количеством художественных галерей и музеев, открывающих прошлое и настоящее Канады.","Аттава — это прелесная двойзычная столица Канады с огромным количеством художыстынных галерей и музеев, открывай ущек прошла и настояши Канады.",оттава это прелестная двуязычная столица канады с огромным количеством художественных галерей и музеев открывающих прошлое и настоящее канады,аттава это прелесная двойзычная столица канады с огромным количеством художыстынных галерей и музеев открывай ущек прошла и настояши канады
1950,"Сравнительно не далеко, к северу, расположен романтический и очаровательный городок Синтра, воспетый лордом Байроном и получивший после этого известность во всём мире.","Сыронительный недалеко к Северу расположен романтический и очаровательный городок Синтра, воспетой Лордом Байраном, и получившей послели этого известность во всём беред.",сравнительно не далеко к северу расположен романтический и очаровательный городок синтра воспетый лордом байроном и получивший после этого известность во всем мире,сыронительный недалеко к северу расположен романтический и очаровательный городок синтра воспетой лордом байраном и получившей послели этого известность во всем беред
1834,Севернее посетите также великий Храм Фатимской Богоматери (усыпальница) — место всемирно известных явлений Девы Марии.,"Севренная Песетити так же Великий Храм Фотимске Бгм. Усупальница, место всемирно известной их ивлене Девы Мари.",севернее посетите также великий храм фатимской богоматери усыпальница место всемирно известных явлений девы марии,севренная песетити так же великий храм фотимске бгм усупальница место всемирно известной их ивлене девы мари
1697,"Он не смог принять препараты, необходимые для облегчения боли, так как они запрещены в Играх.","Он не смог принять препарат и необходимо для облегчения боли, так как они зупрещенны в играх.",он не смог принять препараты необходимые для облегчения боли так как они запрещены в играх,он не смог принять препарат и необходимо для облегчения боли так как они зупрещенны в играх
1737,"Львы — самые социальные кошки, живущие в больших группах, которые называются прайдами.","Эльвей саам и социальные кошки жевуши в большие группы, которые называются прайдыме.",львы самые социальные кошки живущие в больших группах которые называются прайдами,эльвей саам и социальные кошки жевуши в большие группы которые называются прайдыме
1798,"В начальный период своего существования это шоу транслировалось только на сайте давно существующего онлайн-радио TogiNet Radio, посвященного радиобеседам.",В начальне периода своя осуществования шоу транслерывалась только на сайте даунасуществуыншево онлайн радио тоги нет радио посвященного радио беседом.,в начальный период своего существования это шоу транслировалось только на сайте давно существующего онлайн радио toginet radio посвященного радиобеседам,в начальне периода своя осуществования шоу транслерывалась только на сайте даунасуществуыншево онлайн радио тоги нет радио посвященного радио беседом
1948,"Эпоха Троецарствия была одним из самых кровавых периодов в истории древнего Китая. Тысячи людей погибли, сражаясь за место на троне в большом дворце в Сиане.",Эпоха Трайцарства была одним из самых кыровавых периодов в истории древнего Китая. Тыснечи людей пагибли сражай за место на троне в Большом Дворце все ани.,эпоха троецарствия была одним из самых кровавых периодов в истории древнего китая тысячи людей погибли сражаясь за место на троне в большом дворце в сиане,эпоха трайцарства была одним из самых кыровавых периодов в истории древнего китая тыснечи людей пагибли сражай за место на троне в большом дворце все ани
1743,"Большинство воззрений на технологический детерминизм разделяют две общие идеи: что направление развития технологий практически неподвластно культурному или политическому влиянию и что, в свою очередь, ""воздействие"" технологий на общество обусловлено их собственными свойствами, а не обществом.","Большинство вазрений на технологическе детерминизм разделяю две общие идеи, что направления развития технологии практически не подбласно культурным или политическом леянию и сочередь вездествия технологии на общество, а бусловлены их собственными свойствами а не общистым.",большинство воззрений на технологический детерминизм разделяют две общие идеи что направление развития технологий практически неподвластно культурному или политическому влиянию и что в свою очередь воздействие технологий на общество обусловлено их собственными свойствами а не обществом,большинство вазрений на технологическе детерминизм разделяю две общие идеи что направления развития технологии практически не подбласно культурным или политическом леянию и сочередь вездествия технологии на общество а бусловлены их собственными свойствами а не общистым
1973,"Но, оказавшись в ""глубоких тропиках"" лишь в нескольких градусах к северу от экватора, вам придется справляться как с жарой (постоянно), так и с сильным солнцем (при безоблачном небе, реже).","Но, оказавшись глубоких тропиках, дежнес кеки градуса к северу текватыра, вам придется справляться как с жарой, постоянно, так и с сильным солнце, прибезоблоченым небе реже.",но оказавшись в глубоких тропиках лишь в нескольких градусах к северу от экватора вам придется справляться как с жарой постоянно так и с сильным солнцем при безоблачном небе реже,но оказавшись глубоких тропиках дежнес кеки градуса к северу текватыра вам придется справляться как с жарой постоянно так и с сильным солнце прибезоблоченым небе реже
1672,Не подвергайте ткань воздействию слишком высокой температуры (что может привести к усадке или в очень редких случаях к ожогу).,"Не подвыргай теткань воздействию, слишком высокая температура, что может привести кусатки, или очень редкий случай ахка жогу.",не подвергайте ткань воздействию слишком высокой температуры что может привести к усадке или в очень редких случаях к ожогу,не подвыргай теткань воздействию слишком высокая температура что может привести кусатки или очень редкий случай ахка жогу
1856,"Финляндия — отличное место для лодочного туризма. В ""стране тысячи озёр"" также есть тысячи островов на озёрах и в прибрежных архипелагах.","Финляндия — отличная места для лодочного туризма. Страния Тысеча зер — также есть Тысечастров Офнозерах, и в пребрежных архипелагах.",финляндия отличное место для лодочного туризма в стране тысячи озер также есть тысячи островов на озерах и в прибрежных архипелагах,финляндия отличная места для лодочного туризма страния тысеча зер также есть тысечастров офнозерах и в пребрежных архипелагах
1705,"15 августа 1940 года союзники вторглись в южную часть Франции. Вторжение получило название ""Операция ""Драгун"""".",15 августа 1940 года Союзники в Торглисфю жну Часть Франции. Втаржения получила название операция Драгун.,15 августа 1940 года союзники вторглись в южную часть франции вторжение получило название операция драгун,15 августа 1940 года союзники в торглисфю жну часть франции втаржения получила название операция драгун
1772,"Таким образом, вполне вероятно, что запись была добавлена просто как пометка.","Таким образом, впал не вероятна, что запись была добавлена просто, как пометка.",таким образом вполне вероятно что запись была добавлена просто как пометка,таким образом впал не вероятна что запись была добавлена просто как пометка
1841,Не видно ничего кроме чистого прекрасного неба над головой и множества окружающих гор. Из глубины пещеры можно видеть и слышать лишь очень малую часть этого мира.,"Ни вина ничего в окурме чистого, прекрасного и небо над головой и множество окружающих гор. Изглубене пешеро можно видеть и слышать лишь очень малую часть этого мира.",не видно ничего кроме чистого прекрасного неба над головой и множества окружающих гор из глубины пещеры можно видеть и слышать лишь очень малую часть этого мира,ни вина ничего в окурме чистого прекрасного и небо над головой и множество окружающих гор изглубене пешеро можно видеть и слышать лишь очень малую часть этого мира
1781,"Мадагаскар намного больше других и  является самобытным континентом в том, что касается дикой природы.","Мадагаскара намного больше других и является самобытным континентом, в том, что касается дикой природы.",мадагаскар намного больше других и является самобытным континентом в том что касается дикой природы,мадагаскара намного больше других и является самобытным континентом в том что касается дикой природы
1895,"По мере того как знание греческого языка ухудшалось, Запад оказался отрезанным от своих философских и научных греческих корней.","Померя того, как сына негреческая языка ухудшалась, Запад оказался отрезанным от своих философских и научы негреческих корней.",по мере того как знание греческого языка ухудшалось запад оказался отрезанным от своих философских и научных греческих корней,померя того как сына негреческая языка ухудшалась запад оказался отрезанным от своих философских и научы негреческих корней
1906,"""Это не станет прощанием. Это закрытие одной главы и открытие новой.""",Это не станет прощаниям — это закрите одной главы и открите новый.,это не станет прощанием это закрытие одной главы и открытие новой,это не станет прощаниям это закрите одной главы и открите новый
1854,Сам автомобиль убрали с места происшествия в тот же день примерно в 12:00 по Гринвичу.,"Сам автомобиль убрались места пройшиыствия в тот же день, примерно в 12 часов погринечу.",сам автомобиль убрали с места происшествия в тот же день примерно в 12 00 по гринвичу,сам автомобиль убрались места пройшиыствия в тот же день примерно в 12 часов погринечу
1782,"Кроме того между правлениями каждой династии царила раздробленность и нестабильность. Самой известной была эпоха Троецарствия, которая длилась 60 лет во время династий Хань и Цзинь.","Кроме того, между правлением и каждой династии царилы раздробленность и не стабильность – самоизвестный был аюпуха Трейцарсве, которая длилась 60 лет, во время династии Хань и Дзынь.",кроме того между правлениями каждой династии царила раздробленность и нестабильность самой известной была эпоха троецарствия которая длилась 60 лет во время династий хань и цзинь,кроме того между правлением и каждой династии царилы раздробленность и не стабильность самоизвестный был аюпуха трейцарсве которая длилась 60 лет во время династии хань и дзынь
1677,"Стрекозы и поденки являются единственными насекомыми, которые не могут складывать крылья назад.","Стрикозы и подионки ебле айсей единственна сикомен, который немускладывать криле назад.",стрекозы и поденки являются единственными насекомыми которые не могут складывать крылья назад,стрикозы и подионки ебле айсей единственна сикомен который немускладывать криле назад
1777,"Оттава — это прелестная двуязычная столица Канады с огромным количеством художественных галерей и музеев, открывающих прошлое и настоящее Канады.","Аттава — это прелесная двуизычная столицы Канады с огромным количеством художесы негылерей и музеев, открывай ущек прошлое и настоящее Канады.",оттава это прелестная двуязычная столица канады с огромным количеством художественных галерей и музеев открывающих прошлое и настоящее канады,аттава это прелесная двуизычная столицы канады с огромным количеством художесы негылерей и музеев открывай ущек прошлое и настоящее канады
1742,"Территория Гонконга была названа в честь острова Гонконг, места, которое многие туристы считают главным объектом  своего внимания.","Территория Гонконго была названа в честь Острова Гонконг, место, которым многие туристы считают главным объектом своего внимания.",территория гонконга была названа в честь острова гонконг места которое многие туристы считают главным объектом своего внимания,территория гонконго была названа в честь острова гонконг место которым многие туристы считают главным объектом своего внимания
1788,Федерация гимнастики США поддерживает письмо Олимпийского комитета США и соглашается с абсолютной необходимостью создания безопасной среды для всех наших спортсменов.,Федерация гимнастики США поддерживает письмо Олимписька и комитета Саша и соглашается с абсолютной необходимостью создания безопасной среды для всех наших спортсменов.,федерация гимнастики сша поддерживает письмо олимпийского комитета сша и соглашается с абсолютной необходимостью создания безопасной среды для всех наших спортсменов,федерация гимнастики сша поддерживает письмо олимписька и комитета саша и соглашается с абсолютной необходимостью создания безопасной среды для всех наших спортсменов
1941,Эти пары могут выбрать  создание плана усыновления для своего ребёнка.,Эти пары могут выбрать создания плана усыновления для своего ребенка.,эти пары могут выбрать создание плана усыновления для своего ребенка,эти пары могут выбрать создания плана усыновления для своего ребенка
1666,"Возможно, вам также следует проконсультироваться с другими правительствами, помимо своего, но их рекомендации направлены на своих граждан.","Возможно, вам также следует проконсультироваться с другими правительствами, помимо своего, но их рекомендация направлены на свои граждан.",возможно вам также следует проконсультироваться с другими правительствами помимо своего но их рекомендации направлены на своих граждан,возможно вам также следует проконсультироваться с другими правительствами помимо своего но их рекомендация направлены на свои граждан
1688,"Работа моряков традиционно заключается в том, чтобы обеспечивать способность страны перемещать свои народ и товары, а также одновременно препятствовать возможности врага перемещать свои народ и товары.","Работа Марикоффа стредесо уназаключается в том, чтобы обеспечиваясь пособной стороны перемещать с ваинород и тавары, а также на времене препятствовать возможность депрога перемещать с ваинороды тавары.",работа моряков традиционно заключается в том чтобы обеспечивать способность страны перемещать свои народ и товары а также одновременно препятствовать возможности врага перемещать свои народ и товары,работа марикоффа стредесо уназаключается в том чтобы обеспечиваясь пособной стороны перемещать с ваинород и тавары а также на времене препятствовать возможность депрога перемещать с ваинороды тавары
1944,"Это иногда переполненные народом семейные пляжи с хорошим выбором магазинов, расположенных вдоль берега. Плавать безопасно.","Эт инохда переполняны народам семейные пляжы с хорошим выбором магазина, расположенных вдоль берега. Плавать без опасына.",это иногда переполненные народом семейные пляжи с хорошим выбором магазинов расположенных вдоль берега плавать безопасно,эт инохда переполняны народам семейные пляжы с хорошим выбором магазина расположенных вдоль берега плавать без опасына
1814,"Ионы водорода — это протоны, от которых отделены электроны (атомы водорода состоят из одного протона и одного электрона).","Ионы водорода — это протоны, от которых отделены электроны. Атомы водорода состоят из одного протона и одного электрону.",ионы водорода это протоны от которых отделены электроны атомы водорода состоят из одного протона и одного электрона,ионы водорода это протоны от которых отделены электроны атомы водорода состоят из одного протона и одного электрону
1685,"Например, самый распространённый в мире формат для статических фотографий — 35 мм, и именно этот размер был доминирующим размером плёнки на закате аналоговой эры.","Например, самый распространенный в мире формат – для статически фотографий 35 мм, и именно этот размер был доминирую и шемразмером пленки на закате аналоговой эры.",например самый распространенный в мире формат для статических фотографий 35 мм и именно этот размер был доминирующим размером пленки на закате аналоговой эры,например самый распространенный в мире формат для статически фотографий 35 мм и именно этот размер был доминирую и шемразмером пленки на закате аналоговой эры
1813,"Официальными языками Барселоны являются каталанский и испанский. Примерно половина населения предпочитает разговаривать на каталанском, большинство понимают его, и практически все знают испанский.","Официальные музыкальные броселония являются Каталански и Испански. Больбенополейный население больпочитай дразговорят на Каталанском. Большинство понимай это ой, практически все знают испански.",официальными языками барселоны являются каталанский и испанский примерно половина населения предпочитает разговаривать на каталанском большинство понимают его и практически все знают испанский,официальные музыкальные броселония являются каталански и испански больбенополейный население больпочитай дразговорят на каталанском большинство понимай это ой практически все знают испански
1978,"Для ""Спрингбокс"" это прервало пятиматчевую серию поражений.",Для спринг-бокс это прервалы Петти Матчево серию Паражений.,для спрингбокс это прервало пятиматчевую серию поражений,для спринг бокс это прервалы петти матчево серию паражений
1824,"Плато Гиза, или же Некрополь Гизы, в египетской Долине Мёртвых, включает несколько пирамид (из которых Великая пирамида Гизы — самая большая), несколько небольших гробниц, несколько храмов и Большой сфинкс.","Плату гиза или жиникрополь гизи Вегипецко дельни мертвых ключай от несколька пирамид, из которых великая пирамида гиза самая большая, несколькі не большие гробниц, несколька храмов и большой свинкс.",плато гиза или же некрополь гизы в египетской долине мертвых включает несколько пирамид из которых великая пирамида гизы самая большая несколько небольших гробниц несколько храмов и большой сфинкс,плату гиза или жиникрополь гизи вегипецко дельни мертвых ключай от несколька пирамид из которых великая пирамида гиза самая большая несколькі не большие гробниц несколька храмов и большой свинкс
1662,"Сплавы по существу представляют собой смесь двух или более металлов. Не забывайте, что в периодической таблице много элементов.","Сплавы босушеству предоставляются босмесь двух или более металлов. Не забывайте, что в периодическе таблиц и много элементов.",сплавы по существу представляют собой смесь двух или более металлов не забывайте что в периодической таблице много элементов,сплавы босушеству предоставляются босмесь двух или более металлов не забывайте что в периодическе таблиц и много элементов
1879,"Можно только гадать, что станет с клавиатурой, с появлением более новых технологий.",Можна толька гадать — штостанис клавиатуры с паивленем более новых технологий.,можно только гадать что станет с клавиатурой с появлением более новых технологий,можна толька гадать штостанис клавиатуры с паивленем более новых технологий
1885,Между 10:00 и 11:00 вечера по горному времени заключенные устроили пожар во дворе.,Мешду 10 июя динесте у вечера пагарнымо времени за кличеные устроли по жар во дворе.,между 10 00 и 11 00 вечера по горному времени заключенные устроили пожар во дворе,мешду 10 июя динесте у вечера пагарнымо времени за кличеные устроли по жар во дворе
1829,"Путешественники, направляющиеся в страны с высоким налогообложением, могут иногда сэкономить значительную сумму, особенно на таких товарах, как спиртные напитки и табак.","Путешествийненьке направляющиеся в страны с высоким налугаблажения могут иногда сэкономить значительную сумму, особенно на таких товарах как спиртные напитки и табак.",путешественники направляющиеся в страны с высоким налогообложением могут иногда сэкономить значительную сумму особенно на таких товарах как спиртные напитки и табак,путешествийненьке направляющиеся в страны с высоким налугаблажения могут иногда сэкономить значительную сумму особенно на таких товарах как спиртные напитки и табак
1905,"Столицей Молдовы является Кишинёв. Местный язык — румынский, но русский также широко распространён.","Столицы Молдовы и Вляция Кешунева — песний язык румынский, но русский так же жирокорос брастранен.",столицей молдовы является кишинев местный язык румынский но русский также широко распространен,столицы молдовы и вляция кешунева песний язык румынский но русский так же жирокорос брастранен
1855,"Львиные прайды ведут себя очень похоже со стаями волков или собак — животных, которые по повадкам удивительно похожи на львов (но не других крупных кошек) и тоже очень опасны для своих жертв.","Лвиней Прайдер ведут себя очень похоже состайми Волков или Собак, животных, которые Попаваткам удивительно похоже на Львов, но не другие крупных кошек и тоже очень опасны для своих жертв.",львиные прайды ведут себя очень похоже со стаями волков или собак животных которые по повадкам удивительно похожи на львов но не других крупных кошек и тоже очень опасны для своих жертв,лвиней прайдер ведут себя очень похоже состайми волков или собак животных которые попаваткам удивительно похоже на львов но не другие крупных кошек и тоже очень опасны для своих жертв
1708,"Хьюн ушел в отставку, и в Кабинете министров его заменит член парламента Эд Дейви. Ожидается, что член парламента Норман Ламб займет принадлежащий Дейви пост Министра по делам бизнеса.","Хьюну шел воставку и в кабинете министров его замене член парламента Эд Дэвид. Ожидается, что член парламента Норман Ламбу замет премьерлежасе Дэви пост министр поделам бизнеса.",хьюн ушел в отставку и в кабинете министров его заменит член парламента эд дейви ожидается что член парламента норман ламб займет принадлежащий дейви пост министра по делам бизнеса,хьюну шел воставку и в кабинете министров его замене член парламента эд дэвид ожидается что член парламента норман ламбу замет премьерлежасе дэви пост министр поделам бизнеса
1899,"Мухаммед очень интересовался темами, не связанными с мирской жизнью. Он часто посещал пещеру, которая стала известна как ""Хира"" на горе ""Нур"" (свет) для размышлений.","Мухаммед очень интересовался темами, не связаным с мирской жизнью. Он часто посчау пешеру, к которой стал известна как Хира, на горен нур, свет, льрозмышленей.",мухаммед очень интересовался темами не связанными с мирской жизнью он часто посещал пещеру которая стала известна как хира на горе нур свет для размышлений,мухаммед очень интересовался темами не связаным с мирской жизнью он часто посчау пешеру к которой стал известна как хира на горен нур свет льрозмышленей
1863,"Сердцем тибетской медитации считается Йога Божеств. Посредством визуализации разнообразных божеств чистятся энергетические каналы, запускаются чакры и достигается просветлённость сознания.","Серцамтибедская медитация считайца « Йога божест» Посредственно визуализация разнообразных божест, чистятся энергетические каналы, запускаются чакоры, достигайся просветленность сознания.",сердцем тибетской медитации считается йога божеств посредством визуализации разнообразных божеств чистятся энергетические каналы запускаются чакры и достигается просветленность сознания,серцамтибедская медитация считайца йога божест посредственно визуализация разнообразных божест чистятся энергетические каналы запускаются чакоры достигайся просветленность сознания
1876,"Управление по чрезвычайным ситуациям Северных Марианских островов заявило, что в стране не было сообщений о причинённом ущербе.","Управления почерезвычайным ситуациям себерных марианских островов заивило, что в стране не было сапшения о причиненном исшерби.",управление по чрезвычайным ситуациям северных марианских островов заявило что в стране не было сообщений о причиненном ущербе,управления почерезвычайным ситуациям себерных марианских островов заивило что в стране не было сапшения о причиненном исшерби
1959,"Всё же следуйте рекомендациям органов власти, подчиняйтесь всем знакам и обратите пристальное внимание на предупреждения о безопасности.",Все жаследуя терикомендация морганых власти пучиняде семь занаком и обратите пристелляя внимание на предупреждение обезопасности.,все же следуйте рекомендациям органов власти подчиняйтесь всем знакам и обратите пристальное внимание на предупреждения о безопасности,все жаследуя терикомендация морганых власти пучиняде семь занаком и обратите пристелляя внимание на предупреждение обезопасности
1848,"Вчера утром возле главного полицейского управления Газиантепа (Турция) был подорван автомобиль, в результате чего погибли 2 полицейских и еще более 20 человек получили ранения.","Вчера утром возле главного полицейского управления Газиантепа «Турция» был падорван автомобиль, в результате чего пагибли два полицейских и еще более 20 человек получили ранение.",вчера утром возле главного полицейского управления газиантепа турция был подорван автомобиль в результате чего погибли 2 полицейских и еще более 20 человек получили ранения,вчера утром возле главного полицейского управления газиантепа турция был падорван автомобиль в результате чего пагибли два полицейских и еще более 20 человек получили ранение
1949,"Термин ""жук"" используется энтомологами формально для обозначения группы насекомых.",Термин «жук» исполнется энтомологиями формальна для обозначения группы насекомых.,термин жук используется энтомологами формально для обозначения группы насекомых,термин жук исполнется энтомологиями формальна для обозначения группы насекомых
1677,"Стрекозы и поденки являются единственными насекомыми, которые не могут складывать крылья назад.","Стрикоза и паденки являются единственными на сиколуме, которые не могут складывать крылья назад.",стрекозы и поденки являются единственными насекомыми которые не могут складывать крылья назад,стрикоза и паденки являются единственными на сиколуме которые не могут складывать крылья назад
1872,"Во время борьбы за независимость, организованной движением Мау, мирное собрание в городе привело к убийству верховного вождя Тупуа Тамсесе Леалофи III.",Ва время барибы за независимость организованные движения Мау «Мирная собрания» в городе привелук убисту Верховного Важдя тупу а тамси силия Лофи третива.,во время борьбы за независимость организованной движением мау мирное собрание в городе привело к убийству верховного вождя тупуа тамсесе леалофи iii,ва время барибы за независимость организованные движения мау мирная собрания в городе привелук убисту верховного важдя тупу а тамси силия лофи третива
1842,"Так как у перьев динозавров отсутствует хорошо развитый стержень, называемый рахисом, но все же имеются другие отличительные черты — бородки и бородочки — исследователи пришли к выводу, что рахис, скорее всего, появился позднее путем эволюционного развития других отличительных черт.","Так как упереб динозавров отсутствует хорошо развиты стержань, называемый рахисом, но все же имеются другие отличительные черты, баротки и бародочки, исследователи пришли к выводу, что рахис скорейсеу появился позднее путьем эволюционного развития других отличительных черт.",так как у перьев динозавров отсутствует хорошо развитый стержень называемый рахисом но все же имеются другие отличительные черты бородки и бородочки исследователи пришли к выводу что рахис скорее всего появился позднее путем эволюционного развития других отличительных черт,так как упереб динозавров отсутствует хорошо развиты стержань называемый рахисом но все же имеются другие отличительные черты баротки и бародочки исследователи пришли к выводу что рахис скорейсеу появился позднее путьем эволюционного развития других отличительных черт
1998,"У них лапы с чешуёй и когтями, они откладывают яйца и ходят на двух задних лапах как Ти-Рекс.",У них лапы с чешуйой и коктями они откылады вутияйца и ходят на дыбу гзанихы лапах коктирекс.,у них лапы с чешуей и когтями они откладывают яйца и ходят на двух задних лапах как ти рекс,у них лапы с чешуйой и коктями они откылады вутияйца и ходят на дыбу гзанихы лапах коктирекс
1688,"Работа моряков традиционно заключается в том, чтобы обеспечивать способность страны перемещать свои народ и товары, а также одновременно препятствовать возможности врага перемещать свои народ и товары.","Работамареков традиционно заключается в том, чтобы обеспечивать способные страны перемещать свои народ и товары, а также днывременно препятствовать возможности урага перемещать свои народ и товары.",работа моряков традиционно заключается в том чтобы обеспечивать способность страны перемещать свои народ и товары а также одновременно препятствовать возможности врага перемещать свои народ и товары,работамареков традиционно заключается в том чтобы обеспечивать способные страны перемещать свои народ и товары а также днывременно препятствовать возможности урага перемещать свои народ и товары
1874,"Многие считали, что он прав, но многие верили в противоположное: что Солнечная система вращается вокруг Земли, включая Солнце (и даже другие звезды).","Многие считали, что он прав, но многе верили в противоположное, что солнишная система вращайся вокруг земли, включай солнце и даже другие звезды.",многие считали что он прав но многие верили в противоположное что солнечная система вращается вокруг земли включая солнце и даже другие звезды,многие считали что он прав но многе верили в противоположное что солнишная система вращайся вокруг земли включай солнце и даже другие звезды
1869,"Его длинные челюсти были усеяны более чем 70 острейшими зубами, вдобавок имелся дополнительный ряд на нёбе, так что тем, кто встречался на его пути, не было спасения.","Его длинные челлисте были усеяны более чем семью десетёсты рейшами зубами, дабауек имелся дополнительные ряды на нёбе, так что тем, киты встречалысы на его путье, не было спасения.",его длинные челюсти были усеяны более чем 70 острейшими зубами вдобавок имелся дополнительный ряд на небе так что тем кто встречался на его пути не было спасения,его длинные челлисте были усеяны более чем семью десетесты рейшами зубами дабауек имелся дополнительные ряды на небе так что тем киты встречалысы на его путье не было спасения
1739,Пещера располагается на вершине горы к северу от Мекки и полностью изолирована от остального мира.,Пешера располагайся на Вершиньи Гарик Североотмейке и полностью изолирувы на Тосталиновое Миро.,пещера располагается на вершине горы к северу от мекки и полностью изолирована от остального мира,пешера располагайся на вершиньи гарик североотмейке и полностью изолирувы на тосталиновое миро
1984,"Массовое владение автомобилями также приводит к увеличению числа ДТП на дорогах, что приводит к изобретению в здравоохранении новых методов лечения полученных травм.","Масса и владения автомобильемы также приводит к увлеченню числа ДТП на дорогах, что приводит к изубритения, взрывахранения, новых методов лечения полученных травм.",массовое владение автомобилями также приводит к увеличению числа дтп на дорогах что приводит к изобретению в здравоохранении новых методов лечения полученных травм,масса и владения автомобильемы также приводит к увлеченню числа дтп на дорогах что приводит к изубритения взрывахранения новых методов лечения полученных травм
1704,"В 1990 году он был добавлен в список всемирного наследия, находящегося под угрозой из-за опасности со стороны песков пустыни.","В кейсча 990-м году он был добавлен список семерного наследия, находяшиваяся подогрозы и за опасность сострыны песков в пустыне.",в 1990 году он был добавлен в список всемирного наследия находящегося под угрозой из за опасности со стороны песков пустыни,в кейсча 990 м году он был добавлен список семерного наследия находяшиваяся подогрозы и за опасность сострыны песков в пустыне
1691,"На некоторых маршрутах  у более крупных компаний есть свои собственные самолёты, но для других маршрутов и более мелких компаний с этим была проблема.","На некоторых маршрутах более крупных компаний есовея с обстыгные самолеты, но для других маршрутов более мелких компаний с этим была проблема.",на некоторых маршрутах у более крупных компаний есть свои собственные самолеты но для других маршрутов и более мелких компаний с этим была проблема,на некоторых маршрутах более крупных компаний есовея с обстыгные самолеты но для других маршрутов более мелких компаний с этим была проблема
1685,"Например, самый распространённый в мире формат для статических фотографий — 35 мм, и именно этот размер был доминирующим размером плёнки на закате аналоговой эры.","Например, сомероспространионной в мере форма для статически фотографий 35 мм и именно этот размер был демонирующим размером пленки на закати аналоговые эры.",например самый распространенный в мире формат для статических фотографий 35 мм и именно этот размер был доминирующим размером пленки на закате аналоговой эры,например сомероспространионной в мере форма для статически фотографий 35 мм и именно этот размер был демонирующим размером пленки на закати аналоговые эры
1850,"Это обеспечит его обратную совместимость с 802.11a, 802.11b и 802.11g при условии, что у базовой станции есть двойной приемник.","Этабе спетчет его обратную с ивместимость с 802A, 802B и 802G приуслове, что у базовой станции есть двайынок приемник.",это обеспечит его обратную совместимость с 802 11a 802 11b и 802 11g при условии что у базовой станции есть двойной приемник,этабе спетчет его обратную с ивместимость с 802a 802b и 802g приуслове что у базовой станции есть двайынок приемник
1851,"Отбойное течение — течение, создаваемое волнами, которые разбиваются о берег, или иногда об риф или что-то подобное.","Отбойная течение – течение с сдобайымая волными, которые разбиваются берег, или иногда абурив, или что-то подобное.",отбойное течение течение создаваемое волнами которые разбиваются о берег или иногда об риф или что то подобное,отбойная течение течение с сдобайымая волными которые разбиваются берег или иногда абурив или что то подобное
1825,"Если вы хотите находиться рядом со сценой, вам нужно приехать заранее, чтобы найти место для кемпинга вблизи от музыки.","Если бы хотите нахади сирядом са сцены, вам нужны прихыт заранее, чтобы найтемез для кемпинга вблизи от музыки.",если вы хотите находиться рядом со сценой вам нужно приехать заранее чтобы найти место для кемпинга вблизи от музыки,если бы хотите нахади сирядом са сцены вам нужны прихыт заранее чтобы найтемез для кемпинга вблизи от музыки
1724,Слава о нем как о центре роскоши пошла около 400 г. н. э. и продолжалась примерно до 1100 г. н. э.,Слава аня имка центре Роскоши пошла около 400-го года нашиыр и продолжал из примерно 1000-х сотого года нашиыр.,слава о нем как о центре роскоши пошла около 400 г н э и продолжалась примерно до 1100 г н э,слава аня имка центре роскоши пошла около 400 го года нашиыр и продолжал из примерно 1000 х сотого года нашиыр
1871,В тёплом климате Ближнего Востока дом не имел особого значения.,В тёплым климатем Ближнявосток отдомы не имел осу бозныши.,в теплом климате ближнего востока дом не имел особого значения,в теплым климатем ближнявосток отдомы не имел осу бозныши
1665,"Документ, согласно утечке информации, будет касаться спора насчёт границ, которые Палестина хочет установить на основе тех, что существовали до начала Шестидневной войны 1967 года.","Докуменция глаз дна сечки информации будет касаться споры на счет границ, которые Пылестенны хочет устанавливать назноветсек, что с существовали доны чаялы шестидневной байны 1960-го года.",документ согласно утечке информации будет касаться спора насчет границ которые палестина хочет установить на основе тех что существовали до начала шестидневной войны 1967 года,докуменция глаз дна сечки информации будет касаться споры на счет границ которые пылестенны хочет устанавливать назноветсек что с существовали доны чаялы шестидневной байны 1960 го года
1904,Однако из-за медленных каналов связи стили на западе могут отставать на 25-30 лет.,Однако и замедленных канала в связи стили на западе могут отставать на 25-30 лет.,однако из за медленных каналов связи стили на западе могут отставать на 25 30 лет,однако и замедленных канала в связи стили на западе могут отставать на 25 30 лет
1808,"Через два года после окончания войны бывшие союзники стали врагами, и началась Холодная война.",Через два года после оконшания войны бывшие саязники стали врагами начылась холлуды война.,через два года после окончания войны бывшие союзники стали врагами и началась холодная война,через два года после оконшания войны бывшие саязники стали врагами начылась холлуды война
1672,Не подвергайте ткань воздействию слишком высокой температуры (что может привести к усадке или в очень редких случаях к ожогу).,"Не подвергатить ткань воздействуя слишком высоке температура, что может привести кусатки или в очень редкий случай к ожогу.",не подвергайте ткань воздействию слишком высокой температуры что может привести к усадке или в очень редких случаях к ожогу,не подвергатить ткань воздействуя слишком высоке температура что может привести кусатки или в очень редкий случай к ожогу
1804,"Гаитянский Институт Справедливости и Демократии сослался на независимое исследование, которое предполагает, что непальский миротворческий батальон ООН непреднамеренно завёз заболевание в Гаити.","Гайтианский институт спроведивостей демократии сасылал ксянензовисимые следования, которые предполагают, что Непальским ритморский батальон ООН непреднамеренозагас заболевания в Гаите.",гаитянский институт справедливости и демократии сослался на независимое исследование которое предполагает что непальский миротворческий батальон оон непреднамеренно завез заболевание в гаити,гайтианский институт спроведивостей демократии сасылал ксянензовисимые следования которые предполагают что непальским ритморский батальон оон непреднамеренозагас заболевания в гаите
1728,"Капустный сок меняет цвет в зависимости от того, насколько кислотным или щелочным является химическое вещество.","Капусны сок меняет свет в зависимости от того, насколько кислоудным или щелочыны объявляется химическое веществу.",капустный сок меняет цвет в зависимости от того насколько кислотным или щелочным является химическое вещество,капусны сок меняет свет в зависимости от того насколько кислоудным или щелочыны объявляется химическое веществу
1723,"Бухта была местом печально известного военно-морского противостояния в 1889 году, когда семь кораблей из Германии, США и Британии отказались покидать бухту.","Бухты был им местом печатал известного военна-морскова противостояния в 1889-году, когда сим кораблей из Германия, США и Британия отказались покидать бухты.",бухта была местом печально известного военно морского противостояния в 1889 году когда семь кораблей из германии сша и британии отказались покидать бухту,бухты был им местом печатал известного военна морскова противостояния в 1889 году когда сим кораблей из германия сша и британия отказались покидать бухты
1882,"Учёные надеются понять, как образуются планеты, особенно то, как образовалась Земля, поскольку кометы сталкивались  с Землёй очень давно.","Ученые надеются понять, как образуется планеты, особенно то, как образывал Земля, поскольку Кометта стал кевылей Землей очень дыгно.",ученые надеются понять как образуются планеты особенно то как образовалась земля поскольку кометы сталкивались с землей очень давно,ученые надеются понять как образуется планеты особенно то как образывал земля поскольку кометта стал кевылей землей очень дыгно
1815,"Атомная бомба работает на том принципе, что для того, чтобы много протонов и нейтронов находились в одном ядре, необходима энергия.","Атомная бомба работает на том принципе, что для того, чтобы много протонам и нейтронам находелес в дном едре, необходимо энергия.",атомная бомба работает на том принципе что для того чтобы много протонов и нейтронов находились в одном ядре необходима энергия,атомная бомба работает на том принципе что для того чтобы много протонам и нейтронам находелес в дном едре необходимо энергия
1860,"Канцелярия губернатора сообщила, что 19 из раненных были офицерами полиции.",Концеляре-губернатораса общилы 19 из раненых бюллеофицирьми полиции.,канцелярия губернатора сообщила что 19 из раненных были офицерами полиции,концеляре губернатораса общилы 19 из раненых бюллеофицирьми полиции
1890,Большинство современных исследовательских телескопов — это огромные сооружения в удаленных местах с благоприятными атмосферными условиями.,Большаства современных исследовательских телескопов — это огромные соружания удаленных местах с блокоприятными атмосферными усыловиями.,большинство современных исследовательских телескопов это огромные сооружения в удаленных местах с благоприятными атмосферными условиями,большаства современных исследовательских телескопов это огромные соружания удаленных местах с блокоприятными атмосферными усыловиями
1848,"Вчера утром возле главного полицейского управления Газиантепа (Турция) был подорван автомобиль, в результате чего погибли 2 полицейских и еще более 20 человек получили ранения.","Вчера утром возле главного полицейского управления газион Тепа Турция был подорван автомобиль, в результате чего пагепли два полицейских и еще дали более 20 человек получили рогини.",вчера утром возле главного полицейского управления газиантепа турция был подорван автомобиль в результате чего погибли 2 полицейских и еще более 20 человек получили ранения,вчера утром возле главного полицейского управления газион тепа турция был подорван автомобиль в результате чего пагепли два полицейских и еще дали более 20 человек получили рогини
1853,Джанкарло Физикелла потерял контроль над управлением своим автомобилем и завершил гонку вскоре после старта.,Джан Карло Физикелла потерял контроль над убравлением союм автомобильем и завершил Гонку в скорой пошли старты.,джанкарло физикелла потерял контроль над управлением своим автомобилем и завершил гонку вскоре после старта,джан карло физикелла потерял контроль над убравлением союм автомобильем и завершил гонку в скорой пошли старты
1734,"Ученые смогли сделать вывод, что темная материя воздействует на другую темную материю так же, как и в случае с обычной материей.","Ученые смогли сделать вылад, что тёмная материя воздействует на другую тёмную материю, так же как и в случае сабычной материй.",ученые смогли сделать вывод что темная материя воздействует на другую темную материю так же как и в случае с обычной материей,ученые смогли сделать вылад что темная материя воздействует на другую темную материю так же как и в случае сабычной материй
1961,"Одним из наиболее распространённых методов, используемых для иллюстрации важности социализации, является иллюстрация нескольких прискорбных случаев, когда дети из-за отсутствия должного внимания, неудачного стечения обстоятельств или умышленного жестокого обращения не контактировали со взрослыми во время своего взросления.","Одним из наиболее распроссорелных методов, используемых для иллюстрация важности, социализаций, и вляться иллюстрация нескольких прискорбных случаев, когда дейки из-за отсутствия долженого внимания, неудачи не обстеченье апстейлис, или умышленного жысток в обращения не контактирывали с обзаросылыми в обренесу и вовзросления.",одним из наиболее распространенных методов используемых для иллюстрации важности социализации является иллюстрация нескольких прискорбных случаев когда дети из за отсутствия должного внимания неудачного стечения обстоятельств или умышленного жестокого обращения не контактировали со взрослыми во время своего взросления,одним из наиболее распроссорелных методов используемых для иллюстрация важности социализаций и вляться иллюстрация нескольких прискорбных случаев когда дейки из за отсутствия долженого внимания неудачи не обстеченье апстейлис или умышленного жысток в обращения не контактирывали с обзаросылыми в обренесу и вовзросления
1816,"Дюваль, который женат и имеет двух совершеннолетних детей, не произвел большого впечатления на Миллера, которому рассказали эту историю.","Дюваль, к которой журнат и имеет двух совершеннолетних детей, не произвол большого впечатлення номиллеры, к которому я рассказывал это история.",дюваль который женат и имеет двух совершеннолетних детей не произвел большого впечатления на миллера которому рассказали эту историю,дюваль к которой журнат и имеет двух совершеннолетних детей не произвол большого впечатлення номиллеры к которому я рассказывал это история
1837,"Либеральная критика усилий по восстановлению сосредоточивалась на том, что контракты на восстановительные работы отдавались предположительно имеющим связи с правительством.","Либеральная критика усилию по восстановлению сосредоточивылысына том, что контракты на восстановительные работы адаварис предполажительны имейшем святе с правительством.",либеральная критика усилий по восстановлению сосредоточивалась на том что контракты на восстановительные работы отдавались предположительно имеющим связи с правительством,либеральная критика усилию по восстановлению сосредоточивылысына том что контракты на восстановительные работы адаварис предполажительны имейшем святе с правительством
1917,"В различных местах Рима были установлены большие телевизионные экраны, с помощью которых люди могли наблюдать за церемонией.","В разлешных местах Харима были устанавливлены большие телевизионные экраны, с помощью которых люди могли наблюдать за церемония.",в различных местах рима были установлены большие телевизионные экраны с помощью которых люди могли наблюдать за церемонией,в разлешных местах харима были устанавливлены большие телевизионные экраны с помощью которых люди могли наблюдать за церемония
1957,"Он назвал эти слухи ""политической болтовнёй и глупостью"".",Он назвал эти слухи политической болтовняй и глупостью.,он назвал эти слухи политической болтовней и глупостью,он назвал эти слухи политической болтовняй и глупостью
1933,"И наконец, многие маленькие кошки (включая гуляющих домашних кошек), едят и охотятся на намного более многочисленных мелких животных, наподобие насекомых, грызунов, ящериц и птиц.","И на конец, многие маленькие кошки, в кулюшиагуляющих домашних кошек, едят и охотятся на много более многочисленных мелки животных, на подобие насекомо грызонов ящери цептиц.",и наконец многие маленькие кошки включая гуляющих домашних кошек едят и охотятся на намного более многочисленных мелких животных наподобие насекомых грызунов ящериц и птиц,и на конец многие маленькие кошки в кулюшиагуляющих домашних кошек едят и охотятся на много более многочисленных мелки животных на подобие насекомо грызонов ящери цептиц
1699,"Бишкек был описан одним обозревателем как погружающийся в состояние анархии, поскольку группы людей бегали по улицам и грабили магазины с потребительскими товарами.","Бешкек был описан отнимы бозревателем как погружай в шесе в состояние анархи, поскольку группы людей бегали по улицем и грабили магазин с потребетерскими таварыми.",бишкек был описан одним обозревателем как погружающийся в состояние анархии поскольку группы людей бегали по улицам и грабили магазины с потребительскими товарами,бешкек был описан отнимы бозревателем как погружай в шесе в состояние анархи поскольку группы людей бегали по улицем и грабили магазин с потребетерскими таварыми
1760,"Мозазавр был самым грозным хищником своего времени, поэтому он не боялся никого кроме других мозазавров.","Мозазавр был самым грозыным хищником своего времени, поэтому он не боялся никого кроме других мозазавров.",мозазавр был самым грозным хищником своего времени поэтому он не боялся никого кроме других мозазавров,мозазавр был самым грозыным хищником своего времени поэтому он не боялся никого кроме других мозазавров
1854,Сам автомобиль убрали с места происшествия в тот же день примерно в 12:00 по Гринвичу.,"Сам автомобиль убрались места прешествия в тот же день, примерно в 12 часов погринвич.",сам автомобиль убрали с места происшествия в тот же день примерно в 12 00 по гринвичу,сам автомобиль убрались места прешествия в тот же день примерно в 12 часов погринвич
1997,"Однако, процент людей с туберкулёзом с множественной лекарственной устойчивостью в целой группе больных туберкулезом все еще кажется низким; 6000 от общего числа 330 000 зараженных в данный конкретный момент в ЮАР.",Однако процент людей с туберкулезом с множественной лекарствина устойчивости в целой группе балленых туберкулезом все еще кажется нескольких 6 000 от общего числа 330 000 зараженых в даны конкретный момент в ЮАЖ.,однако процент людей с туберкулезом с множественной лекарственной устойчивостью в целой группе больных туберкулезом все еще кажется низким 6000 от общего числа 330 000 зараженных в данный конкретный момент в юар,однако процент людей с туберкулезом с множественной лекарствина устойчивости в целой группе балленых туберкулезом все еще кажется нескольких 6 000 от общего числа 330 000 зараженых в даны конкретный момент в юаж
1846,"Соотношение сторон этого формата (поделенное на двенадцать, чтобы получить соотношение с небольшими целыми числами) поэтому принято за 3:2.","Со отношения Сторон — это выформата, поделённая на 12, чтобы получить соотношения с небольшими целыми числами, поэтому принято за три к дву.",соотношение сторон этого формата поделенное на двенадцать чтобы получить соотношение с небольшими целыми числами поэтому принято за 3 2,со отношения сторон это выформата поделенная на 12 чтобы получить соотношения с небольшими целыми числами поэтому принято за три к дву
1788,Федерация гимнастики США поддерживает письмо Олимпийского комитета США и соглашается с абсолютной необходимостью создания безопасной среды для всех наших спортсменов.,Федерация гимнастики США поддерживает письма Олимписского комитета США и соглашается с абсолютной необходимостью создания безопасно-среде для всех наших спортсменов.,федерация гимнастики сша поддерживает письмо олимпийского комитета сша и соглашается с абсолютной необходимостью создания безопасной среды для всех наших спортсменов,федерация гимнастики сша поддерживает письма олимписского комитета сша и соглашается с абсолютной необходимостью создания безопасно среде для всех наших спортсменов
1693,"Однако после потери калитки капитана Индия совершила лишь 36 пробегов, потеряв 7 калиток для завершения иннингсов.","Однако после патери калитки капитана Индия совершила лишь 3-6 пробегов, потеря всем калиток для завершения иненгысов.",однако после потери калитки капитана индия совершила лишь 36 пробегов потеряв 7 калиток для завершения иннингсов,однако после патери калитки капитана индия совершила лишь 3 6 пробегов потеря всем калиток для завершения иненгысов
1661,"Он не назвал цифру для сокращений бюджетов, сказав, что они будут сделаны исходя из производительности экономики Китая.","Он не назвал цифру для сокращения бюджетов, сказап, что они будут сделаны исходя из производительности экономик и Китая.",он не назвал цифру для сокращений бюджетов сказав что они будут сделаны исходя из производительности экономики китая,он не назвал цифру для сокращения бюджетов сказап что они будут сделаны исходя из производительности экономик и китая
1783,"К региональным и сезонным опасным явлениям погоды относятся метели, снежные бури, ледяные и пыльные бури.","К регионалям и сезонам опасы мевленем погоды относить сометелия, сняжыне буре, леденые и пульные буре.",к региональным и сезонным опасным явлениям погоды относятся метели снежные бури ледяные и пыльные бури,к регионалям и сезонам опасы мевленем погоды относить сометелия сняжыне буре леденые и пульные буре
1821,Взаимосвязь между патологией мозга и поведением используется учёными в их исследованиях.,Займы связь между патология и мозга и повидениям использоваться учеными в их исследованиях.,взаимосвязь между патологией мозга и поведением используется учеными в их исследованиях,займы связь между патология и мозга и повидениям использоваться учеными в их исследованиях
1830,Правящая партия Организация народов Юго‑Западной Африки (СВАПО) также сохранила большинство на парламентских выборах.,Правящая партия организация народов Юго-Западыния Африки Свапо так же сохранила большинство на парламентских выборах.,правящая партия организация народов юго западной африки свапо также сохранила большинство на парламентских выборах,правящая партия организация народов юго западыния африки свапо так же сохранила большинство на парламентских выборах
1834,Севернее посетите также великий Храм Фатимской Богоматери (усыпальница) — место всемирно известных явлений Девы Марии.,"Севрения посетите также Великий храм Патиинске Богоматери — Усыпальница, места всемерна известны Хивленни Дево-Мариге.",севернее посетите также великий храм фатимской богоматери усыпальница место всемирно известных явлений девы марии,севрения посетите также великий храм патиинске богоматери усыпальница места всемерна известны хивленни дево мариге
1893,"Сундарбан — это крупнейший пояс прибрежных мангровых зарослей, простирающийся от берега на 80 км (50 миль) вглубь континента в Бангладеше и Индии.","Сундарбан — это крупнейший поезд прегреженых мангровых зарослей, брастирающиеся от берега на 8 км 50 миль. Вглуб континента Бангадайша енди.",сундарбан это крупнейший пояс прибрежных мангровых зарослей простирающийся от берега на 80 км 50 миль вглубь континента в бангладеше и индии,сундарбан это крупнейший поезд прегреженых мангровых зарослей брастирающиеся от берега на 8 км 50 миль вглуб континента бангадайша енди
1799,"Помимо соревнований в среду, Карпендо принимал участие в двух индивидуальных соревнованиях на чемпионатах.",Помимо соревнования в среду Корпенда принимал участие двух индивидуальных соревнованиях на чемпионатах.,помимо соревнований в среду карпендо принимал участие в двух индивидуальных соревнованиях на чемпионатах,помимо соревнования в среду корпенда принимал участие двух индивидуальных соревнованиях на чемпионатах
1880,"Таким образом, карандаш стал хорошим другом для многих людей, когда появился.","Таким образом, карандаш стал хорошим другам для многих людей, когда появился.",таким образом карандаш стал хорошим другом для многих людей когда появился,таким образом карандаш стал хорошим другам для многих людей когда появился
1825,"Если вы хотите находиться рядом со сценой, вам нужно приехать заранее, чтобы найти место для кемпинга вблизи от музыки.","Если вахадете находиться рядом с аценей, вам нужно приехать заранее, чтобы найти место для кэмпинга вблизи от музыкин.",если вы хотите находиться рядом со сценой вам нужно приехать заранее чтобы найти место для кемпинга вблизи от музыки,если вахадете находиться рядом с аценей вам нужно приехать заранее чтобы найти место для кэмпинга вблизи от музыкин
1963,"Глажка влажной одежды помогает ей высохнуть. Многие отели предоставляют напрокат утюг и гладильную доску, даже если они отсутствуют в номере.","Глашка влажына одежда помогает ею высахнуть. Многие телепродоставляют на прокатутюгы и гладильную доску, даже если они отсутствуют в номере.",глажка влажной одежды помогает ей высохнуть многие отели предоставляют напрокат утюг и гладильную доску даже если они отсутствуют в номере,глашка влажына одежда помогает ею высахнуть многие телепродоставляют на прокатутюгы и гладильную доску даже если они отсутствуют в номере
1732,"Эпоху, в которой происходили данные события, принято называть Высоким Средневековьем, периодом европейской истории, затрагивающим XI, XII и XIII века (1000–1300 гг. н. э.).","Эпоху, в которой происходили данные события, принято называть «высоким средневековьем», береядом европейской истории, затрагивающим 11, 12 и 13 века 1000-то 1300 и годы нашей эрой.",эпоху в которой происходили данные события принято называть высоким средневековьем периодом европейской истории затрагивающим xi xii и xiii века 1000 1300 гг н э,эпоху в которой происходили данные события принято называть высоким средневековьем береядом европейской истории затрагивающим 11 12 и 13 века 1000 то 1300 и годы нашей эрой
1839,"Представьте, что лыжный маршрут — это пешеходный маршрут.",Переставьте! «Штолыжный маршрут» — это пешоходный маршрут.,представьте что лыжный маршрут это пешеходный маршрут,переставьте штолыжный маршрут это пешоходный маршрут
1859,"Собственные стили начали развиваться в Западной Европе к концу Средневековья. Одним из самых больших достижений того времени, благодаря крестовым походам, стало использование пуговиц для застегивания одежды.","Собственные стиле начали развиваться в Запады на Еуропия к концу Сырневековия, одним из самых больших достижения того времени благодаря крестовым паходам, стал аиспользования пуговеслые застегивания одежды.",собственные стили начали развиваться в западной европе к концу средневековья одним из самых больших достижений того времени благодаря крестовым походам стало использование пуговиц для застегивания одежды,собственные стиле начали развиваться в запады на еуропия к концу сырневековия одним из самых больших достижения того времени благодаря крестовым паходам стал аиспользования пуговеслые застегивания одежды
1862,"NextGen — это система, которая, по заверению Федеральной авиационной администрации США, позволит самолетам летать по сокращенным маршрутам и ежегодно экономить миллионы галлонов топлива, а также снизить выбросы углерода.","Наксджан — это система, которая позыверения у федеральные авиационные администрация США, базоволит самолетым, летать, пассакращенны маршрутын и ежугодно экономить миллионы галлонов топлива, а также снизить бюбросы углероды.",nextgen это система которая по заверению федеральной авиационной администрации сша позволит самолетам летать по сокращенным маршрутам и ежегодно экономить миллионы галлонов топлива а также снизить выбросы углерода,наксджан это система которая позыверения у федеральные авиационные администрация сша базоволит самолетым летать пассакращенны маршрутын и ежугодно экономить миллионы галлонов топлива а также снизить бюбросы углероды
1855,"Львиные прайды ведут себя очень похоже со стаями волков или собак — животных, которые по повадкам удивительно похожи на львов (но не других крупных кошек) и тоже очень опасны для своих жертв.","Левиной Праде виду к себе очень похоже состайами волков или собак — животных, которые попаватком удивительны похоже на львов, но ненадругие крупных кошек и тоже очень опасны для своих жертв.",львиные прайды ведут себя очень похоже со стаями волков или собак животных которые по повадкам удивительно похожи на львов но не других крупных кошек и тоже очень опасны для своих жертв,левиной праде виду к себе очень похоже состайами волков или собак животных которые попаватком удивительны похоже на львов но ненадругие крупных кошек и тоже очень опасны для своих жертв
2005,"Но еще можно многое сказать о птицах, которые всё ещё выглядят как динозавры.","Но ещё мажана многое сказатия птица, к которой всё ещё выглядят как динозавры.",но еще можно многое сказать о птицах которые все еще выглядят как динозавры,но еще мажана многое сказатия птица к которой все еще выглядят как динозавры
1887,"Когда Лиггинс работал в больнице, в свободное от работы время он начал расследовать случаи преждевременных родов.",Когдальлиген с работал в больница свободы на отработы время он начал расследовать случи преждепременных родов.,когда лиггинс работал в больнице в свободное от работы время он начал расследовать случаи преждевременных родов,когдальлиген с работал в больница свободы на отработы время он начал расследовать случи преждепременных родов
1674,"В некоторых местах достаточно прокипятить воду в течение минуты, в других потребуется несколько минут.","В некоторых местах достаточно прокипетить воду в теченье минуты, в других потребуи ца несколько минут.",в некоторых местах достаточно прокипятить воду в течение минуты в других потребуется несколько минут,в некоторых местах достаточно прокипетить воду в теченье минуты в других потребуи ца несколько минут
1748,В результате бригады пожарных потушили пожар к 23:35.,В результате бригады пожарных потушили пожар 23-35.,в результате бригады пожарных потушили пожар к 23 35,в результате бригады пожарных потушили пожар 23 35
1774,"На удалённых островах кредитные карты, возможно, не будут приниматься, хотя британскую и американскую валюту могут принять; заранее проясните с владельцами какой способ оплаты является приемлемым.","Наудаленных островах кредитные карты возможно не будут приниматься, хотя британскую и американскую валюту могут принять, заранее пресните с лодельцами какой способ оплаты и влайться приемлемы.",на удаленных островах кредитные карты возможно не будут приниматься хотя британскую и американскую валюту могут принять заранее проясните с владельцами какой способ оплаты является приемлемым,наудаленных островах кредитные карты возможно не будут приниматься хотя британскую и американскую валюту могут принять заранее пресните с лодельцами какой способ оплаты и влайться приемлемы
1915,Вы можете по Гома на бода-бода (мототакси). Обычная (местная) цена 500 конголезских франков за короткую поездку.,"Вы можете Погому на бода-бода — мототакси. Обычно, местно. Цена 500 генгелески Хранков за гротку поеску.",вы можете по гома на бода бода мототакси обычная местная цена 500 конголезских франков за короткую поездку,вы можете погому на бода бода мототакси обычно местно цена 500 генгелески хранков за гротку поеску
1765,С момента основания Асунсьона в 1537 Парагваю в основном удалось сохранить большую часть своего самобытного характера и идентичности.,С момента основания Ассунсиона 1537 г. прогвайы баснамном удалу сохранить большую часть своего и самымым бытного характера идентичность.,с момента основания асунсьона в 1537 парагваю в основном удалось сохранить большую часть своего самобытного характера и идентичности,с момента основания ассунсиона 1537 г прогвайы баснамном удалу сохранить большую часть своего и самымым бытного характера идентичность
1661,"Он не назвал цифру для сокращений бюджетов, сказав, что они будут сделаны исходя из производительности экономики Китая.","Он не назвал цифру «для сүкорошения бюджетов» сказал, что «они будут изделаны исходя из производительности экономикия Китая».",он не назвал цифру для сокращений бюджетов сказав что они будут сделаны исходя из производительности экономики китая,он не назвал цифру для сүкорошения бюджетов сказал что они будут изделаны исходя из производительности экономикия китая
1860,"Канцелярия губернатора сообщила, что 19 из раненных были офицерами полиции.","Концелярия к обернаторы са общила, что 19 из ранних были офицерыми полиция.",канцелярия губернатора сообщила что 19 из раненных были офицерами полиции,концелярия к обернаторы са общила что 19 из ранних были офицерыми полиция
1976,Отбивающие мячи среднего звена Сачин Тендулкар и Рахул Дравид хорошо выступили и заработали в тандеме результат в сто баллов.,Отбивающие мейши с ряднива звена сочин тендылкар и рахул дровит хорошо выступили изработали в тандеме результаты стопалов.,отбивающие мячи среднего звена сачин тендулкар и рахул дравид хорошо выступили и заработали в тандеме результат в сто баллов,отбивающие мейши с ряднива звена сочин тендылкар и рахул дровит хорошо выступили изработали в тандеме результаты стопалов
1667,"Как правило, могут проявляться два типа поведения когда менеджеры начинают руководить людьми, ранее равными им по статусу. Одна крайность спектра – это попытка оставаться ""своим парнем"" (или девушкой).","Как правило, могут проявляться два типа поведения, когда менеджер начинают руководить людьми ранее равными импостатусу, одна крайне спектра — это попытка оставаться с его импорнем или девушкой.",как правило могут проявляться два типа поведения когда менеджеры начинают руководить людьми ранее равными им по статусу одна крайность спектра это попытка оставаться своим парнем или девушкой,как правило могут проявляться два типа поведения когда менеджер начинают руководить людьми ранее равными импостатусу одна крайне спектра это попытка оставаться с его импорнем или девушкой
1884,"В частности, утверждается, что можно определить, лжет ли человек, при помощи правильной интерпретации его микровыражений.","В частности, утверждается, что можно определить лжот лжот лжовек при помощи правильной интерпретации его микроворажений.",в частности утверждается что можно определить лжет ли человек при помощи правильной интерпретации его микровыражений,в частности утверждается что можно определить лжот лжот лжовек при помощи правильной интерпретации его микроворажений
1810,"Губернатор Калифорнии Арнольд Шварценеггер подписал закон, запрещающий продажу или прокат видеоигр с применением насилия несовершеннолетним лицам.",Губернатор Калифорния Арнольд Шварценегер подписал закон «запрещающий продажу или прокат видеоигр с применениям насилия» несовершеннолет немелец.,губернатор калифорнии арнольд шварценеггер подписал закон запрещающий продажу или прокат видеоигр с применением насилия несовершеннолетним лицам,губернатор калифорния арнольд шварценегер подписал закон запрещающий продажу или прокат видеоигр с применениям насилия несовершеннолет немелец
1744,"Чем меньше число Россби, тем менее активна звезда по отношению к инверсиям магнитного поля.","Чем меньше числ розби, тем менее активна звезда по отношению куинверсия магнитного поля.",чем меньше число россби тем менее активна звезда по отношению к инверсиям магнитного поля,чем меньше числ розби тем менее активна звезда по отношению куинверсия магнитного поля
1818,"Для людей может быть неожиданным, что терпение и понимание необходимо проявлять и к путешественникам, вернувшимся домой.","Для людей может быть неожиданым, что терпение и понимания негподимы проявлять и кыпудешастенько вернушимся дымой.",для людей может быть неожиданным что терпение и понимание необходимо проявлять и к путешественникам вернувшимся домой,для людей может быть неожиданым что терпение и понимания негподимы проявлять и кыпудешастенько вернушимся дымой
1765,С момента основания Асунсьона в 1537 Парагваю в основном удалось сохранить большую часть своего самобытного характера и идентичности.,С момента асынования Ассунсионов 1537-м Пурагвайу в основном удаллось сохранить большую честь своего самобытного характера и дынтичности.,с момента основания асунсьона в 1537 парагваю в основном удалось сохранить большую часть своего самобытного характера и идентичности,с момента асынования ассунсионов 1537 м пурагвайу в основном удаллось сохранить большую честь своего самобытного характера и дынтичности
1898,"""Он [Уэльс] по сути лгал нам с самого начала. Во-первых, действуя так, как будто это нужно было сделать по юридическим причинам. Во-вторых, делая вид, что слушает нас вплоть до своего удаления изображений.""","Он O'Hell's посутья лгалным с самого начала. Во-первых, дейсывая так, как будто это нужно было сделать поюридическим причинам, во-вторых, делая вид, что слушает на сфлоте своего удаления изображений.",он уэльс по сути лгал нам с самого начала во первых действуя так как будто это нужно было сделать по юридическим причинам во вторых делая вид что слушает нас вплоть до своего удаления изображений,он o hell s посутья лгалным с самого начала во первых дейсывая так как будто это нужно было сделать поюридическим причинам во вторых делая вид что слушает на сфлоте своего удаления изображений
1850,"Это обеспечит его обратную совместимость с 802.11a, 802.11b и 802.11g при условии, что у базовой станции есть двойной приемник.","Эта беспечет его обратную совместимость с 802.11a, 802.11b и 802.11g при условии, что базовы станция есть двойной приемник.",это обеспечит его обратную совместимость с 802 11a 802 11b и 802 11g при условии что у базовой станции есть двойной приемник,эта беспечет его обратную совместимость с 802 11a 802 11b и 802 11g при условии что базовы станция есть двойной приемник
1976,Отбивающие мячи среднего звена Сачин Тендулкар и Рахул Дравид хорошо выступили и заработали в тандеме результат в сто баллов.,Обивайуши мечи средния озвена сатшин Тен Дулкар и Ирахул Дровит хорошо выступили изработали в тандеме результат в 100 баллов.,отбивающие мячи среднего звена сачин тендулкар и рахул дравид хорошо выступили и заработали в тандеме результат в сто баллов,обивайуши мечи средния озвена сатшин тен дулкар и ирахул дровит хорошо выступили изработали в тандеме результат в 100 баллов
1777,"Оттава — это прелестная двуязычная столица Канады с огромным количеством художественных галерей и музеев, открывающих прошлое и настоящее Канады.","Атава — это прелес с найдвуязычной остолица Канады, с огромным количеством художественных гілрий и музеев, откребайющих, прошлая и настоящее Канады.",оттава это прелестная двуязычная столица канады с огромным количеством художественных галерей и музеев открывающих прошлое и настоящее канады,атава это прелес с найдвуязычной остолица канады с огромным количеством художественных гілрий и музеев откребайющих прошлая и настоящее канады
1970,"Нам точно не известно, но не исключается, что его язык был раздвоен. Он питался черепахами, большими рыбами, прочими мозазавры, а мог быть и каннибалом.","Нам точно неизвестно, но не скучаяся, что его язык был раздвоен. Он питался черепахами, большими рыбами, прочими музазавры, а мок быть и каннибалом.",нам точно не известно но не исключается что его язык был раздвоен он питался черепахами большими рыбами прочими мозазавры а мог быть и каннибалом,нам точно неизвестно но не скучаяся что его язык был раздвоен он питался черепахами большими рыбами прочими музазавры а мок быть и каннибалом
1748,В результате бригады пожарных потушили пожар к 23:35.,В результате бригады пожарных потушили пожар к 23-35.,в результате бригады пожарных потушили пожар к 23 35,в результате бригады пожарных потушили пожар к 23 35
1701,"Козы, по-видимому, впервые были одомашнены около 10 000 лет назад в иранских горах Загрос.",Козы по-видимым в первую ию пыли Адамаштины около 10-ти тисчетназад в Иранске варак за гроз.,козы по видимому впервые были одомашнены около 10 000 лет назад в иранских горах загрос,козы по видимым в первую ию пыли адамаштины около 10 ти тисчетназад в иранске варак за гроз
1769,"Великая пирамида была возведена египтянами в третьем веке до нашей эры и является одним из множества больших пирамидальных сооружений, построенных, чтобы почтить память фараона.","Великая пирамида была возведена Египтеануме в третий веке Донаши Ирі, и влаяться днемызмножества больших пирамидаллных заружини постройны, чтобы патчетить память фараоны.",великая пирамида была возведена египтянами в третьем веке до нашей эры и является одним из множества больших пирамидальных сооружений построенных чтобы почтить память фараона,великая пирамида была возведена египтеануме в третий веке донаши ирі и влаяться днемызмножества больших пирамидаллных заружини постройны чтобы патчетить память фараоны
1952,"Все, кто собирается ехать по высокоширотной области или по горным перевалам, должны учитывать возможность снега, льда или морозов.","Все, кто собирается ехать по Высоко-Шаротной области или по Горнем Перевалам, должны учитывать возможность сняха, льда и морозов.",все кто собирается ехать по высокоширотной области или по горным перевалам должны учитывать возможность снега льда или морозов,все кто собирается ехать по высоко шаротной области или по горнем перевалам должны учитывать возможность сняха льда и морозов
1680,"Будучи всесторонне развитым атлетом, тигр может взбираться на деревья (хотя и не очень хорошо), плавать, прыгать на большие расстояния и тянуть с силой пяти крепких человек.","Будучи всестаронния развито мотлетом, тигер может забираться на дереве, хотя не очень хорошо. Плавать, брыгать, на большие расстояния и тену силы беки крепки хиловек.",будучи всесторонне развитым атлетом тигр может взбираться на деревья хотя и не очень хорошо плавать прыгать на большие расстояния и тянуть с силой пяти крепких человек,будучи всестаронния развито мотлетом тигер может забираться на дереве хотя не очень хорошо плавать брыгать на большие расстояния и тену силы беки крепки хиловек
1671,"Конгресс начал финансировать инициативу по борьбе с развратом в 2005 налоговом году и определил, что ФБР должно выделить 10 агентов на борьбу со взрослой порнографией.","Конгресс Нашел финансирует инициативу по боребе с разыратым в 2025 налоговым кыдом и определил, что ФБРе должен выделять 10 гендов на бір бусы с рост рôстой парнографий.",конгресс начал финансировать инициативу по борьбе с развратом в 2005 налоговом году и определил что фбр должно выделить 10 агентов на борьбу со взрослой порнографией,конгресс нашел финансирует инициативу по боребе с разыратым в 2025 налоговым кыдом и определил что фбре должен выделять 10 гендов на бір бусы с рост рôстой парнографий
1719,"Неблагоприятные метеоусловия — это общий термин для обозначения любого опасного явления погоды, способного причинить какой-либо ущерб, вызвать серьёзные социальные потрясения или привести к человеческим жертвам.","Неблагоприятные метеоусловия — это общий термин для бозначения любого опасного явления погоды, способыного причинить кокуели баущерп, вызвать серьезные социальные патресения или привести к человеческим жертвам.",неблагоприятные метеоусловия это общий термин для обозначения любого опасного явления погоды способного причинить какой либо ущерб вызвать серьезные социальные потрясения или привести к человеческим жертвам,неблагоприятные метеоусловия это общий термин для бозначения любого опасного явления погоды способыного причинить кокуели баущерп вызвать серьезные социальные патресения или привести к человеческим жертвам
1712,"С 1966 года Сундарбан является заповедником дикой природы, и, по имеющимся подсчётам, на его территории в настоящее время обитают 400 бенгальских тигров и около 30 000 пятнистых оленей.","Since 1966, Сундарпан гибляется зубове некомтика природы и по имейшемся патшотам, ниво территория в настояше время битайуд 400 бенкальских тигров и около 30 000 пик несты халений.",с 1966 года сундарбан является заповедником дикой природы и по имеющимся подсчетам на его территории в настоящее время обитают 400 бенгальских тигров и около 30 000 пятнистых оленей,since 1966 сундарпан гибляется зубове некомтика природы и по имейшемся патшотам ниво территория в настояше время битайуд 400 бенкальских тигров и около 30 000 пик несты халений
1745,"Растения выглядят лучше всего в своей естественной среде обитания, поэтому не поддавайтесь искушению взять хотя бы один экземпляр.","Растения биглядят лучше всего в своей естественность рдеобитания, поэтому не поддавайтесь искушению взятия хотя бы один экземпляр.",растения выглядят лучше всего в своей естественной среде обитания поэтому не поддавайтесь искушению взять хотя бы один экземпляр,растения биглядят лучше всего в своей естественность рдеобитания поэтому не поддавайтесь искушению взятия хотя бы один экземпляр
1951,"В 2002 году город Гома был разрушен лавой вулкана Ньирагонго, которая похоронила под собой большую часть городских улиц, особенно центральную часть города.","В 2002 Городгома был разрушен Лавай Вулкана Нирогонга, который похоронил и под собой большую часть градских улиц, особенно центральную часть Города.",в 2002 году город гома был разрушен лавой вулкана ньирагонго которая похоронила под собой большую часть городских улиц особенно центральную часть города,в 2002 городгома был разрушен лавай вулкана нирогонга который похоронил и под собой большую часть градских улиц особенно центральную часть города
1754,"На видимой стороне может быть больше лунных морей, потому что там кора тоньше. Лаве было легче подняться на поверхность.","На видимой стороне может быть больше лунных морей, потому что там карат тоньше. Лави было легче подняться на поверхность.",на видимой стороне может быть больше лунных морей потому что там кора тоньше лаве было легче подняться на поверхность,на видимой стороне может быть больше лунных морей потому что там карат тоньше лави было легче подняться на поверхность
1669,"Начальник полиции Чандра Шехар Соланки заявил, что обвиняемые были представлены перед судьями с закрытыми лицами.","Начани полиции Чандра Шихар Саланке заявил, чтобы венями были представлены предсудиме «закрыты милицами».",начальник полиции чандра шехар соланки заявил что обвиняемые были представлены перед судьями с закрытыми лицами,начани полиции чандра шихар саланке заявил чтобы венями были представлены предсудиме закрыты милицами
1755,Одна из бомб взорвалась возле офиса генерал-губернатора.,Одна из бомб взорвалась Бозли офиса генерал-губернатор.,одна из бомб взорвалась возле офиса генерал губернатора,одна из бомб взорвалась бозли офиса генерал губернатор
1887,"Когда Лиггинс работал в больнице, в свободное от работы время он начал расследовать случаи преждевременных родов.",Когдалейн сработал в Бельнице субботная тработы времен он начал расследовать сучи и прежде времен их родов.,когда лиггинс работал в больнице в свободное от работы время он начал расследовать случаи преждевременных родов,когдалейн сработал в бельнице субботная тработы времен он начал расследовать сучи и прежде времен их родов
1875,"Целые 20 процентов воды, поступаемой из рек нашей планеты в океаны, текут из Амазонки.","целый 20% воды поступаймой из рекынашей планеты, Вакияны, Текут и Самазонки.",целые 20 процентов воды поступаемой из рек нашей планеты в океаны текут из амазонки,целый 20 воды поступаймой из рекынашей планеты вакияны текут и самазонки
1665,"Документ, согласно утечке информации, будет касаться спора насчёт границ, которые Палестина хочет установить на основе тех, что существовали до начала Шестидневной войны 1967 года.","Документ согласы на утечки информации будет касаться спорынасчет границ, которые Полистина хочет усновить на основе тех, что существовали до начала шестиден нырмой 1960 года.",документ согласно утечке информации будет касаться спора насчет границ которые палестина хочет установить на основе тех что существовали до начала шестидневной войны 1967 года,документ согласы на утечки информации будет касаться спорынасчет границ которые полистина хочет усновить на основе тех что существовали до начала шестиден нырмой 1960 года
1693,"Однако после потери калитки капитана Индия совершила лишь 36 пробегов, потеряв 7 калиток для завершения иннингсов.","Однако, после патери Калитки капитаны Индиа совершил лишь 36 пробегов, патериал всем Калиток, для завершения Инненгсов.",однако после потери калитки капитана индия совершила лишь 36 пробегов потеряв 7 калиток для завершения иннингсов,однако после патери калитки капитаны индиа совершил лишь 36 пробегов патериал всем калиток для завершения инненгсов
1757,"Только мутации в клетках зародышевой линии могут передаваться далее детям, в то время как мутации где-то ещё могут привести к гибели клеток или раку.",Только мутаций в клетках заруды шевелини могут предаваться дайля дедям. В то время как мутация где-то еще могут привести гибли клеток или раку.,только мутации в клетках зародышевой линии могут передаваться далее детям в то время как мутации где то еще могут привести к гибели клеток или раку,только мутаций в клетках заруды шевелини могут предаваться дайля дедям в то время как мутация где то еще могут привести гибли клеток или раку
1706,"Более традиционные церкви зачастую проводят пасхальное богослужение в субботу вечером во время пасхальных выходных, при этом прихожане обычно начинают в полночь празднование Воскресения Христа.","Более традиционные церкви зачастую проводят пасхаллянное бгослужения в субботу вечерам во время пасхаллянных выходных, при этом прихожане обычно начинают в полныш празымрания Воскресения Христа.",более традиционные церкви зачастую проводят пасхальное богослужение в субботу вечером во время пасхальных выходных при этом прихожане обычно начинают в полночь празднование воскресения христа,более традиционные церкви зачастую проводят пасхаллянное бгослужения в субботу вечерам во время пасхаллянных выходных при этом прихожане обычно начинают в полныш празымрания воскресения христа
1883,"Высота подмостового габарита составляет 15 метров. Строительство было завершено в августе 2011 года, его не открывали для движения до марта 2017 года.",Высота Подмастового Габарита составляют 15 метров. Сторайзелства было завершено в августе 2011-го года. Его не открывали дледвижение До Марта 2017-го.,высота подмостового габарита составляет 15 метров строительство было завершено в августе 2011 года его не открывали для движения до марта 2017 года,высота подмастового габарита составляют 15 метров сторайзелства было завершено в августе 2011 го года его не открывали дледвижение до марта 2017 го
1809,"Шпалы начали применяться довольно давно для того, чтобы удерживать рельсы на месте. Однако впоследствии стало ясно, что пути были более эффективны при полосе из железа сверху.","Шпаллы начали применяться довольно дабно для того, чтобы однажды держивать рельсы на месте, однако в послесе исталы ясно, чтобы эти бюли более эффективно преполоси и железы сверху.",шпалы начали применяться довольно давно для того чтобы удерживать рельсы на месте однако впоследствии стало ясно что пути были более эффективны при полосе из железа сверху,шпаллы начали применяться довольно дабно для того чтобы однажды держивать рельсы на месте однако в послесе исталы ясно чтобы эти бюли более эффективно преполоси и железы сверху
1741,"Большие области далее к северу довольно редко заселены, а некоторые из них – практически незаселённая глушь.","Большей области далиек северу довольно редко застелены, а некотр из них практически незаселённые глуш.",большие области далее к северу довольно редко заселены а некоторые из них практически незаселенная глушь,большей области далиек северу довольно редко застелены а некотр из них практически незаселенные глуш
1778,"В репортажах по телевидению сообщается  о белом дыме, идущем от завода.",В репортажах по телевиде сообщайся обелым дыме идущим от завода.,в репортажах по телевидению сообщается о белом дыме идущем от завода,в репортажах по телевиде сообщайся обелым дыме идущим от завода
1896,"Федерация гимнастики США и Олимпийский комитет США имеют одинаковую цель — сделать гимнастику и другие виды спорта настолько безопасными для спортсменов, насколько это возможно, чтобы они могли стремиться к своим целям в безопасной, позитивной среде и были наделены всеми правами.","Федерация гемнастики США и Олимпийские комитет США имеют одинаковы цель – изделать гемнастику и другие виды спорта настолько безопасными для спортсменов, насколько это возможно, чтобы они могли стремиться к своим целям в безопасной позитивной сриде и бленоделенны сими правами.",федерация гимнастики сша и олимпийский комитет сша имеют одинаковую цель сделать гимнастику и другие виды спорта настолько безопасными для спортсменов насколько это возможно чтобы они могли стремиться к своим целям в безопасной позитивной среде и были наделены всеми правами,федерация гемнастики сша и олимпийские комитет сша имеют одинаковы цель изделать гемнастику и другие виды спорта настолько безопасными для спортсменов насколько это возможно чтобы они могли стремиться к своим целям в безопасной позитивной сриде и бленоделенны сими правами
1707,Он является одной из главных достопримечательностей Южной Африки и считается ведущим среди южноафриканских национальных парков (SANParks).,Он являйся одной из главных тысты премечательности Южной Африки и считайся ведущим среди Южнофриканских националек парков «Сан-Паркс».,он является одной из главных достопримечательностей южной африки и считается ведущим среди южноафриканских национальных парков sanparks,он являйся одной из главных тысты премечательности южной африки и считайся ведущим среди южнофриканских националек парков сан паркс
1942,Мы строим наши дома и изготавливаем одежду из растений. Большая часть нашей пищи — это растения. Без растений животные не смогли бы выжить.,"Мы строим наши дамы и из котавливым одежда из растеней. Больша часть нашей пищи – это растение, без растения животные не смогли бы выжить.",мы строим наши дома и изготавливаем одежду из растений большая часть нашей пищи это растения без растений животные не смогли бы выжить,мы строим наши дамы и из котавливым одежда из растеней больша часть нашей пищи это растение без растения животные не смогли бы выжить
1873,Твердо отказывайте мужчинам и не бойтесь стоять на своем (такое недопустимо вне зависимости от культурных различий!).,"Тверды отказы в эти мужчинам и не бойтесь таятна сыйом, такой недопустима вне зависимости от культурных различей.",твердо отказывайте мужчинам и не бойтесь стоять на своем такое недопустимо вне зависимости от культурных различий,тверды отказы в эти мужчинам и не бойтесь таятна сыйом такой недопустима вне зависимости от культурных различей
1684,Апиа – столица Самоа. Город расположен на острове Уполу и имеет население чуть менее 40 000 жителей.,Апиас Толица Самуа город расположен на острове Уполу и имейт население чуть менее 40 000 житель.,апиа столица самоа город расположен на острове уполу и имеет население чуть менее 40 000 жителей,апиас толица самуа город расположен на острове уполу и имейт население чуть менее 40 000 житель
1665,"Документ, согласно утечке информации, будет касаться спора насчёт границ, которые Палестина хочет установить на основе тех, что существовали до начала Шестидневной войны 1967 года.","Докуменция классно утешки информаций бузет кассация споры нашед границ, к которой Плестина хочет устанавливать назнавецек, что существовали доначалыши стемнену айны 1967",документ согласно утечке информации будет касаться спора насчет границ которые палестина хочет установить на основе тех что существовали до начала шестидневной войны 1967 года,докуменция классно утешки информаций бузет кассация споры нашед границ к которой плестина хочет устанавливать назнавецек что существовали доначалыши стемнену айны 1967
1768,"Большинство зданий по краям комплекса было перестроено, чтобы дать туристам более точное представление о том, как они выглядели изначально.","Большынствоз дани по краям комплекса было перестроено, чтобы дать туристам более точеное представление о том, как они выглядели исначал.",большинство зданий по краям комплекса было перестроено чтобы дать туристам более точное представление о том как они выглядели изначально,большынствоз дани по краям комплекса было перестроено чтобы дать туристам более точеное представление о том как они выглядели исначал
1784,"Гренландия была слабо заселена. В скандинавских сагах повествуется о том, что Эрика Рыжего изгнали из Исландии за убийство, и, продвигаясь дальше на запад, он открыл Гренландию и дал ей название.","Аренландия была слабость Иселенна, скандинавских сахо хповествуется, что Эрика Арижо изгонали из Исландия за убежду, и продвигайся дальше на запад, он открыл Аренландия и дал ей название.",гренландия была слабо заселена в скандинавских сагах повествуется о том что эрика рыжего изгнали из исландии за убийство и продвигаясь дальше на запад он открыл гренландию и дал ей название,аренландия была слабость иселенна скандинавских сахо хповествуется что эрика арижо изгонали из исландия за убежду и продвигайся дальше на запад он открыл аренландия и дал ей название
1962,Показатель pH определяется степенью насыщенности ионами водорода (H в pH) исследуемого химического соединения.,"Показатель ПАШ определяется степенью насыщенности ионами водорода – HFPH, и следуюем его химическое усоединение.",показатель ph определяется степенью насыщенности ионами водорода h в ph исследуемого химического соединения,показатель паш определяется степенью насыщенности ионами водорода hfph и следуюем его химическое усоединение
1742,"Территория Гонконга была названа в честь острова Гонконг, места, которое многие туристы считают главным объектом  своего внимания.","Территория Гонконга была названа в честь Островы Гонконг, место, которое многие туристы считают главным объектом своего внимания.",территория гонконга была названа в честь острова гонконг места которое многие туристы считают главным объектом своего внимания,территория гонконга была названа в честь островы гонконг место которое многие туристы считают главным объектом своего внимания
1670,"Их термические характеристики не такие стабильные, как у больших пещер на Земле, которые часто поддерживают почти постоянную температуру, но они соответствуют тому, что является глубокими ямами в грунте, — сообщил Глен Кушинг из отдела планетной геологии Геологической службы США и Университета Северной Аризоны, расположенного во Флагстаффе, Аризона.","Их термеческие характеристики не таки и стабильные как у больших пещер на земле, которые часто поддерживают почти постоянную температуру, но они соответствуют тому, что являются глубокими ямами в грунте, сапшил Гленн Кушинк из отделы планетной геологии, геологическая служба США и университета Северной Оризоны – Распаложенного в Афлакстафи Оризоны.",их термические характеристики не такие стабильные как у больших пещер на земле которые часто поддерживают почти постоянную температуру но они соответствуют тому что является глубокими ямами в грунте сообщил глен кушинг из отдела планетной геологии геологической службы сша и университета северной аризоны расположенного во флагстаффе аризона,их термеческие характеристики не таки и стабильные как у больших пещер на земле которые часто поддерживают почти постоянную температуру но они соответствуют тому что являются глубокими ямами в грунте сапшил гленн кушинк из отделы планетной геологии геологическая служба сша и университета северной оризоны распаложенного в афлакстафи оризоны
1754,"На видимой стороне может быть больше лунных морей, потому что там кора тоньше. Лаве было легче подняться на поверхность.","На видимой стороне может быть больше лунных морей, потому что там каратоньша. Лави был легче подняться на поверхность.",на видимой стороне может быть больше лунных морей потому что там кора тоньше лаве было легче подняться на поверхность,на видимой стороне может быть больше лунных морей потому что там каратоньша лави был легче подняться на поверхность
1870,"Сцены показывают на пирамидах, и разные пирамиды освещаются.","Сценния показывают на пирамидах, и разные пирамиды освещайться.",сцены показывают на пирамидах и разные пирамиды освещаются,сценния показывают на пирамидах и разные пирамиды освещайться
1831,"Национальный парк Плитвицкие озёра сильно зарос лесом, в основном буками, елями и пихтами, и представляет собой смесь альпийской и средиземноморской растительности.","Национальный парк Литвицкия озера сильно зарослесу в основном буквами, елами и пихтами и предоставляют суббой смес Эльпийской и Средзеноморской растительности.",национальный парк плитвицкие озера сильно зарос лесом в основном буками елями и пихтами и представляет собой смесь альпийской и средиземноморской растительности,национальный парк литвицкия озера сильно зарослесу в основном буквами елами и пихтами и предоставляют суббой смес эльпийской и средзеноморской растительности
1690,"Мы согласны с заявлением USOC о том, что интересам наших спортсменов, клубов, а также их видов спорта, больше соответствует проведение реформ внутри нашей организации, а не аннулирование ее сертификации.","Мы согласны за явлененнем «Юсок» о том, что интересом наших спортсменов, клубов, а также их видов спорта больше соответствует проведения реформ внутренашей организаций, а не олирвания июз сертификации.",мы согласны с заявлением usoc о том что интересам наших спортсменов клубов а также их видов спорта больше соответствует проведение реформ внутри нашей организации а не аннулирование ее сертификации,мы согласны за явлененнем юсок о том что интересом наших спортсменов клубов а также их видов спорта больше соответствует проведения реформ внутренашей организаций а не олирвания июз сертификации
1870,"Сцены показывают на пирамидах, и разные пирамиды освещаются.",Сцены показывают на пирамидах и разные пирамиды освещаются.,сцены показывают на пирамидах и разные пирамиды освещаются,сцены показывают на пирамидах и разные пирамиды освещаются
1928,К 1976 году было восстановлено 30% Мачу-Пикчу. Работы по реставрации продолжаются и по сей день.,1976 т.м. Оду был обостануылены 30% of Machu Picchu. Работа по реставрация прозвожайцы и поседей.,к 1976 году было восстановлено 30 мачу пикчу работы по реставрации продолжаются и по сей день,1976 т м оду был обостануылены 30 of machu picchu работа по реставрация прозвожайцы и поседей
1772,"Таким образом, вполне вероятно, что запись была добавлена просто как пометка.","Таким образом, впал не вероятны, что запись была добавлена просто как пометка.",таким образом вполне вероятно что запись была добавлена просто как пометка,таким образом впал не вероятны что запись была добавлена просто как пометка
1955,"Рассеянный склероз – это заболевание, поражающее центральную нервную систему, которая состоит из головного мозга, спинного мозга и зрительного нерва.","Рассейн исклероз — это заболевания, поражайы шет, центральную нервную систему, которая состоит из голубного мозг, спинного мозг и зрительного нерва.",рассеянный склероз это заболевание поражающее центральную нервную систему которая состоит из головного мозга спинного мозга и зрительного нерва,рассейн исклероз это заболевания поражайы шет центральную нервную систему которая состоит из голубного мозг спинного мозг и зрительного нерва
1701,"Козы, по-видимому, впервые были одомашнены около 10 000 лет назад в иранских горах Загрос.",Козе Поведимыму в первые били адамаш дину огылы 10 000 лет назад в Иранске горах за гроз.,козы по видимому впервые были одомашнены около 10 000 лет назад в иранских горах загрос,козе поведимыму в первые били адамаш дину огылы 10 000 лет назад в иранске горах за гроз
1971,"Сильные ветра, град, обильные осадки и лесные пожары являются проявлениями и эффектами суровых погодных явлений, таких как  бури, торнадо, водяные смерчи и ураганы.","Сильные витра, грады, обильные сатки, илесные пожары являются проявленними и эффектами соровых погодных явлений, таки как буре, торнады, водяные смертче и ороганы.",сильные ветра град обильные осадки и лесные пожары являются проявлениями и эффектами суровых погодных явлений таких как бури торнадо водяные смерчи и ураганы,сильные витра грады обильные сатки илесные пожары являются проявленними и эффектами соровых погодных явлений таки как буре торнады водяные смертче и ороганы
1696,"Исследователи университета сообщили, что эти два соединения вступают друг с другом в реакцию, образуя кристаллы, которые могут блокировать работу почек.","Иследователь университета сообщили, что эти два саденения ступат друг с другом в реакция, образуя кристаллы, которые могут блокировать работу почек.",исследователи университета сообщили что эти два соединения вступают друг с другом в реакцию образуя кристаллы которые могут блокировать работу почек,иследователь университета сообщили что эти два саденения ступат друг с другом в реакция образуя кристаллы которые могут блокировать работу почек
1818,"Для людей может быть неожиданным, что терпение и понимание необходимо проявлять и к путешественникам, вернувшимся домой.","Для людей может быть неожиданным, что терпение и понимания необходимо проявлять ик путешественникам вернушимся дамой.",для людей может быть неожиданным что терпение и понимание необходимо проявлять и к путешественникам вернувшимся домой,для людей может быть неожиданным что терпение и понимания необходимо проявлять ик путешественникам вернушимся дамой
1682,"Хотя никто не знает наверняка, кто его написал, известно, что в начале своего существования этот большой пергаментный документ (размером 29¾ на 24½ дюйма) был свёрнут для более удобного хранения.","Хотяник Тони с наайт наверняка к Тойву написал, что в начале своего существования этот большой паркоментный документ, размером 29,3x24,2, был свернут для более удобного хранения.",хотя никто не знает наверняка кто его написал известно что в начале своего существования этот большой пергаментный документ размером 293 4 на 241 2 дюйма был свернут для более удобного хранения,хотяник тони с наайт наверняка к тойву написал что в начале своего существования этот большой паркоментный документ размером 29 3x24 2 был свернут для более удобного хранения
1809,"Шпалы начали применяться довольно давно для того, чтобы удерживать рельсы на месте. Однако впоследствии стало ясно, что пути были более эффективны при полосе из железа сверху.","Шпалы начали применяться да болно дымну для того, чтобы удерживой трелси на месте. Однако, впоследствии, стало ясно, чтобы те были более эффективным припалысе из железу сверху.",шпалы начали применяться довольно давно для того чтобы удерживать рельсы на месте однако впоследствии стало ясно что пути были более эффективны при полосе из железа сверху,шпалы начали применяться да болно дымну для того чтобы удерживой трелси на месте однако впоследствии стало ясно чтобы те были более эффективным припалысе из железу сверху
1926,"Во всех научных вопросах, включая психологию, были приняты взгляды Аристотеля.","Во всех научышных вопросах, включай психологию, были приняты взгляды эллистотили.",во всех научных вопросах включая психологию были приняты взгляды аристотеля,во всех научышных вопросах включай психологию были приняты взгляды эллистотили
1731,"Исследуя архипелаги или посещая озера, вы вполне сможете обойтись и без яхты.","Иследуя архипелаги или посише азера, вы вполне сможете обадить и без яхты.",исследуя архипелаги или посещая озера вы вполне сможете обойтись и без яхты,иследуя архипелаги или посише азера вы вполне сможете обадить и без яхты
1909,"Виртуальные команды придерживаются тех же стандартов мастерства, что и обычные команды, но имеются небольшие различия.","Виртуальные команды предерживаются тек жестандартов мастерства, что и обычные команды, но имеются небольшие различа.",виртуальные команды придерживаются тех же стандартов мастерства что и обычные команды но имеются небольшие различия,виртуальные команды предерживаются тек жестандартов мастерства что и обычные команды но имеются небольшие различа
1831,"Национальный парк Плитвицкие озёра сильно зарос лесом, в основном буками, елями и пихтами, и представляет собой смесь альпийской и средиземноморской растительности.","Ноциональный парк Литвицкия озера селно зарослесом вустанном букыми, елыми и пихтыми и представляет собой с месей Альпийской и средиземном борска растетимисте.",национальный парк плитвицкие озера сильно зарос лесом в основном буками елями и пихтами и представляет собой смесь альпийской и средиземноморской растительности,ноциональный парк литвицкия озера селно зарослесом вустанном букыми елыми и пихтыми и представляет собой с месей альпийской и средиземном борска растетимисте
1686,"В итоге сплочённая работа организации с целью преодолеть препятствие может привести к новому инновационному процессу, который будет отвечать интересам клиента.","В итоге, сплаченый работа организаций с целью преодолеть препятствия может привести к новому инобационному процессу, который будет отвечать интересам клиента.",в итоге сплоченная работа организации с целью преодолеть препятствие может привести к новому инновационному процессу который будет отвечать интересам клиента,в итоге сплаченый работа организаций с целью преодолеть препятствия может привести к новому инобационному процессу который будет отвечать интересам клиента
1908,Важно различать глаголы и дополнения.,Важно различать склаголы и дополнения.,важно различать глаголы и дополнения,важно различать склаголы и дополнения
1843,"Профессор Памела Фергюсон из Университета Данди отмечает, что ""журналисты, похоже, и вправду ходят по опасной грани, публикуя фотографии и прочие данные о подозреваемых"".","Профессор Помело Фергусон из университета Данди отмечайшися журналисты похоже и вправду, ходят по пасные грани, публикуя фотографии и прочие данные апудозребайымых.",профессор памела фергюсон из университета данди отмечает что журналисты похоже и вправду ходят по опасной грани публикуя фотографии и прочие данные о подозреваемых,профессор помело фергусон из университета данди отмечайшися журналисты похоже и вправду ходят по пасные грани публикуя фотографии и прочие данные апудозребайымых
1817,Но Шенгенская зона в этом плане функционирует как единая страна.,Ношингенская зона в этом плане функционирует как единая астрона.,но шенгенская зона в этом плане функционирует как единая страна,ношингенская зона в этом плане функционирует как единая астрона
1692,"Согласно ядерному управлению Японии, на заводе были обнаружены радиоактивный цезий и йод.",Согласна ядерном упроблению Япония на заводе бюллебноружыны радиактивной цези ИИО.,согласно ядерному управлению японии на заводе были обнаружены радиоактивный цезий и йод,согласна ядерном упроблению япония на заводе бюллебноружыны радиактивной цези иио
1700,Она тоньше под лунными морями и толще под нагорьями.,Онатонше подлунными морям и толще поднагореме.,она тоньше под лунными морями и толще под нагорьями,онатонше подлунными морям и толще поднагореме
1958,"Данный город сильно отличается от других городов страны, так как в нем преобладает арабский колорит, а не африканский.","Данне Гурот Силна отличается другие Гуродопстраны, так как в нём преобладают арабский колорид, а не африканский.",данный город сильно отличается от других городов страны так как в нем преобладает арабский колорит а не африканский,данне гурот силна отличается другие гуродопстраны так как в нем преобладают арабский колорид а не африканский
1910,"Парижане слывут эгоцентричными, грубыми и надменными.","Парижания сылывают эгоцентричными, грубыми и натменными.",парижане слывут эгоцентричными грубыми и надменными,парижания сылывают эгоцентричными грубыми и натменными
1916,"В немецкой выпечке часто используются миндаль, фундук и другие древесные орехи. Зачастую популярные торты отлично сочетаются с чашкой крепкого кофе.","В немецкие выпечки часто используются мендаль, фундук и другие древесные орехи. Зачастую популярные торты отлично сочетаются с чашки крепкого кофе.",в немецкой выпечке часто используются миндаль фундук и другие древесные орехи зачастую популярные торты отлично сочетаются с чашкой крепкого кофе,в немецкие выпечки часто используются мендаль фундук и другие древесные орехи зачастую популярные торты отлично сочетаются с чашки крепкого кофе
1766,"Некоторые атомы имеют нестабильное ядро, что означает, что они склонны распадаться при малом воздействие или без него.","Некоторые атомы имеют не стабильные идро, что занчает, что из клона распадаться брималы в воздействие или без него.",некоторые атомы имеют нестабильное ядро что означает что они склонны распадаться при малом воздействие или без него,некоторые атомы имеют не стабильные идро что занчает что из клона распадаться брималы в воздействие или без него
1716,"Развлекательно-новостной сайт TMZ полагает, что фотограф остановил свой автомобиль на противоположной стороне бульвара Сепульведа и попытался сделать снимки остановки полицейскими, перед тем как перейти дорогу и продолжить. Полицейский Калифорнийского дорожного патруля, остановивший движение, дважды был вынужден приказать ему перейти обратно.","Разлекателю на васыной сайт TMZ плагайчы что фотограф остановился бы автобубилинда упротивоположен на страни бульвара сильпуль ведо и бы пыталась сделать с нимке остановки полицейскими перед тем, как переседаругу и продолжить. Полицейский Калифорниского дорожного путруля остановивши движение дважды был венртен приказать ему перетея обратно.",развлекательно новостной сайт tmz полагает что фотограф остановил свой автомобиль на противоположной стороне бульвара сепульведа и попытался сделать снимки остановки полицейскими перед тем как перейти дорогу и продолжить полицейский калифорнийского дорожного патруля остановивший движение дважды был вынужден приказать ему перейти обратно,разлекателю на васыной сайт tmz плагайчы что фотограф остановился бы автобубилинда упротивоположен на страни бульвара сильпуль ведо и бы пыталась сделать с нимке остановки полицейскими перед тем как переседаругу и продолжить полицейский калифорниского дорожного путруля остановивши движение дважды был венртен приказать ему перетея обратно
1747,Коллеги-рестлеры тоже отдали Луне дань уважения.,Коллеги реслеры то жаддалилуе дай обажения.,коллеги рестлеры тоже отдали луне дань уважения,коллеги реслеры то жаддалилуе дай обажения
1995,"Виртуальный скаффолдинг, помогающий в обучении, встроен в программное обеспечение и предназначен для того, чтобы напоминать, объяснять и задавать вопросы насчёт процедур, с которыми обучающемуся, возможно, было бы слишком трудно справиться в одиночку.","Виртуаллный скафол демх — помогающий в обышения, встроин в программное обеспечения и предназначен для того, чтобы напоминать, обясынать и задавать вопросы на счет процедур, с которыми обышайышемся, возмужно был бы слишком трудно спрайаться в одиночку.",виртуальный скаффолдинг помогающий в обучении встроен в программное обеспечение и предназначен для того чтобы напоминать объяснять и задавать вопросы насчет процедур с которыми обучающемуся возможно было бы слишком трудно справиться в одиночку,виртуаллный скафол демх помогающий в обышения встроин в программное обеспечения и предназначен для того чтобы напоминать обясынать и задавать вопросы на счет процедур с которыми обышайышемся возмужно был бы слишком трудно спрайаться в одиночку
1773,Прерывание сна — это процесс целенаправленного пробуждения во время обычного сна и повторного засыпания через короткое время (10–60 минут).,Прирывания сына — это процес целенаправленного пробуждения во время обыченого сына и повторного засыпания через короткое время 10-60 минут.,прерывание сна это процесс целенаправленного пробуждения во время обычного сна и повторного засыпания через короткое время 10 60 минут,прирывания сына это процес целенаправленного пробуждения во время обыченого сына и повторного засыпания через короткое время 10 60 минут
1963,"Глажка влажной одежды помогает ей высохнуть. Многие отели предоставляют напрокат утюг и гладильную доску, даже если они отсутствуют в номере.","Хлажка влажная одежда и помогай тебе сухнуть. Многие отели продоставляют на прокат путью игладил на иудыску, даже если у нее тсутысту и тубномер.",глажка влажной одежды помогает ей высохнуть многие отели предоставляют напрокат утюг и гладильную доску даже если они отсутствуют в номере,хлажка влажная одежда и помогай тебе сухнуть многие отели продоставляют на прокат путью игладил на иудыску даже если у нее тсутысту и тубномер
1740,Звуковое и световое шоу на фоне пирамиды является одним из самых интересных мероприятий в этой местности для детей.,Звуковой и световой шоу Нафония пирамиды ебляя Сеудним из самых интересных мероприятия в этом местности для детей.,звуковое и световое шоу на фоне пирамиды является одним из самых интересных мероприятий в этой местности для детей,звуковой и световой шоу нафония пирамиды ебляя сеудним из самых интересных мероприятия в этом местности для детей
1988,"Среди большинства граждан и народов в 1920-е годы преобладали такие настроения, как пацифизм и изоляция.",Среди большинства граждан и народов в 1920-е годы преобладали таки иностранения как пацифизм и изоляция.,среди большинства граждан и народов в 1920 е годы преобладали такие настроения как пацифизм и изоляция,среди большинства граждан и народов в 1920 е годы преобладали таки иностранения как пацифизм и изоляция
1923,"Эта стратегия доказала свою эффективность, отрезав жизненно важные военные и гражданские поставки, хотя эта блокада нарушала принятые повсеместно международные законы, изложенные в нескольких международных соглашениях за последние двести лет.","Эта стратегия доказала свою эффективность отрезав жизни наважные военные и гражданские поставки, хотя это блокады нарушало принятые по семес на междонародные законы изложены в несколоких междонародных соглушениях за последние 200 лет.",эта стратегия доказала свою эффективность отрезав жизненно важные военные и гражданские поставки хотя эта блокада нарушала принятые повсеместно международные законы изложенные в нескольких международных соглашениях за последние двести лет,эта стратегия доказала свою эффективность отрезав жизни наважные военные и гражданские поставки хотя это блокады нарушало принятые по семес на междонародные законы изложены в несколоких междонародных соглушениях за последние 200 лет
1680,"Будучи всесторонне развитым атлетом, тигр может взбираться на деревья (хотя и не очень хорошо), плавать, прыгать на большие расстояния и тянуть с силой пяти крепких человек.","Будучи все сторони раз в тимок летом Тигер может избираться на дереве, хотя я не очень хорошо. Плавать, прыгать на большие расстояния и тянуть с силу и пяти крепких человек.",будучи всесторонне развитым атлетом тигр может взбираться на деревья хотя и не очень хорошо плавать прыгать на большие расстояния и тянуть с силой пяти крепких человек,будучи все сторони раз в тимок летом тигер может избираться на дереве хотя я не очень хорошо плавать прыгать на большие расстояния и тянуть с силу и пяти крепких человек
1729,"Например, ежегодно учащиеся школы Беннет в Северной Каролине создают сайт о своём посещении столицы штата, и каждый год этот сайт обновляется, но доступ к старым версиям по-прежнему сохраняется — они служат памятным альбомом.","Нарбемер ежігодно учаяшись в школы Бенед в Северной Королини создают сайт о своем басшишене столицы штаты и каждый год от сайта обновляйцы, но доступ к старым версиям попрежда мысохранияйцы а не слушат памятным альбомы.",например ежегодно учащиеся школы беннет в северной каролине создают сайт о своем посещении столицы штата и каждый год этот сайт обновляется но доступ к старым версиям по прежнему сохраняется они служат памятным альбомом,нарбемер ежігодно учаяшись в школы бенед в северной королини создают сайт о своем басшишене столицы штаты и каждый год от сайта обновляйцы но доступ к старым версиям попрежда мысохранияйцы а не слушат памятным альбомы
1674,"В некоторых местах достаточно прокипятить воду в течение минуты, в других потребуется несколько минут.","В некоторых местах достаточно прокипетить воду в течи не минуты, в длги их потребуяться несколька минут.",в некоторых местах достаточно прокипятить воду в течение минуты в других потребуется несколько минут,в некоторых местах достаточно прокипетить воду в течи не минуты в длги их потребуяться несколька минут
1830,Правящая партия Организация народов Юго‑Западной Африки (СВАПО) также сохранила большинство на парламентских выборах.,"Провещая партия организация народов Юго-Западыны-Африке Свапо, так же сохранила большинство на парламентских выборах.",правящая партия организация народов юго западной африки свапо также сохранила большинство на парламентских выборах,провещая партия организация народов юго западыны африке свапо так же сохранила большинство на парламентских выборах
1826,"После несчастного случая Гибсон был доставлен в больницу, но вскоре скончался.","После нешасыла, случая Гибсон был доставлен в больницу, но вскорес кончал.",после несчастного случая гибсон был доставлен в больницу но вскоре скончался,после нешасыла случая гибсон был доставлен в больницу но вскорес кончал
1802,"Интернет сочетает в себе элементы как массовых, так и межличностных коммуникаций.","Интернация читает себе элементок как масовых, так и межлешных коммуникаций.",интернет сочетает в себе элементы как массовых так и межличностных коммуникаций,интернация читает себе элементок как масовых так и межлешных коммуникаций
1755,Одна из бомб взорвалась возле офиса генерал-губернатора.,Одна из бонт взорваласи босли офиса генерал-губернатор.,одна из бомб взорвалась возле офиса генерал губернатора,одна из бонт взорваласи босли офиса генерал губернатор
1703,"Вчера Мартейи привёл к присяге новый Временный избирательный совет (ВИС), состоящий из девяти участников.","Вчера Мартей привел к пресяге новый временный избирательный совет — Вис, состояши из 9 участников.",вчера мартейи привел к присяге новый временный избирательный совет вис состоящий из девяти участников,вчера мартей привел к пресяге новый временный избирательный совет вис состояши из 9 участников
1980,"К сожалению, сложно изучать интенсивность движения автотранспорта, потому что нельзя со стопроцентной вероятностью предсказать поведение водителя.","Ксужеление сложно изучать интенсивность движения автотранспорта, потому что нездасы 100% вероятности предсказать повидения водители.",к сожалению сложно изучать интенсивность движения автотранспорта потому что нельзя со стопроцентной вероятностью предсказать поведение водителя,ксужеление сложно изучать интенсивность движения автотранспорта потому что нездасы 100 вероятности предсказать повидения водители
1819,"В древнем Китае использовали уникальный способ обозначения периодов времени; каждый этап Китая или каждая семья, находившаяся у власти, были особой династией.","В древнем Китай использовали уникальный способ обозначения передов времени. Каждый этап Китай или каждая семья, нахадившееся у власти, были особые династии.",в древнем китае использовали уникальный способ обозначения периодов времени каждый этап китая или каждая семья находившаяся у власти были особой династией,в древнем китай использовали уникальный способ обозначения передов времени каждый этап китай или каждая семья нахадившееся у власти были особые династии
1664,"Получите новую смесь, перемешав два сухих порошка в одной емкости, а затем чистыми влажными руками слепите из этой смеси шарик.","Палучите новую смесь, перемешав 2 сухих парашка в 1 иомкости, а затем чистыми влажными руками с лепти из этой смеси шарик.",получите новую смесь перемешав два сухих порошка в одной емкости а затем чистыми влажными руками слепите из этой смеси шарик,палучите новую смесь перемешав 2 сухих парашка в 1 иомкости а затем чистыми влажными руками с лепти из этой смеси шарик
1839,"Представьте, что лыжный маршрут — это пешеходный маршрут.","Представьте, что лыжный маршрут — это пешухотный маршрут.",представьте что лыжный маршрут это пешеходный маршрут,представьте что лыжный маршрут это пешухотный маршрут
1775,Использование видеозаписи привело к важным открытиям в сфере интерпретации микровыражений  — движений лица длительностью несколько миллисекунд.,Использование видеозаписи привелок важным открытиям сфери интерпретация микровыражений дежаня лица длительность внескокомили секунд.,использование видеозаписи привело к важным открытиям в сфере интерпретации микровыражений движений лица длительностью несколько миллисекунд,использование видеозаписи привелок важным открытиям сфери интерпретация микровыражений дежаня лица длительность внескокомили секунд
2004,"В том же месяце другой авиалайнер выкатился за пределы взлетной полосы в Мешхеде и врезался в стену, погибли семнадцать человек.","В топ жемнистя Другой авиалайнер выкатылся за пределы взлетной полосы Меш Хедди и бразился в стену, погибли семназчеловек.",в том же месяце другой авиалайнер выкатился за пределы взлетной полосы в мешхеде и врезался в стену погибли семнадцать человек,в топ жемнистя другой авиалайнер выкатылся за пределы взлетной полосы меш хедди и бразился в стену погибли семназчеловек
1768,"Большинство зданий по краям комплекса было перестроено, чтобы дать туристам более точное представление о том, как они выглядели изначально.","Большинство зданий по краям комплексы было перестройно, чтобы дать туристам более точное представление о том, как они выглядели изначален.",большинство зданий по краям комплекса было перестроено чтобы дать туристам более точное представление о том как они выглядели изначально,большинство зданий по краям комплексы было перестройно чтобы дать туристам более точное представление о том как они выглядели изначален
1796,"Этот осадок требовался для формирования пляжей и песчаных отмелей, являвшихся местом обитания диких животных.","Эдот асадок требовался для формирования пляжи и пещаных отмелей, являвшись иместом обитания дейких животных.",этот осадок требовался для формирования пляжей и песчаных отмелей являвшихся местом обитания диких животных,эдот асадок требовался для формирования пляжи и пещаных отмелей являвшись иместом обитания дейких животных
1858,"Даниэль Лантань, эксперт ООН по вопросам данной болезни, заявила, что вспышка, вероятно, была вызвана миротворцами.","Даниэль Донтань — эксперт ООН по вопросам Данни Белезни, заявил, что спешка вероятна была вызвана миротворцеме.",даниэль лантань эксперт оон по вопросам данной болезни заявила что вспышка вероятно была вызвана миротворцами,даниэль донтань эксперт оон по вопросам данни белезни заявил что спешка вероятна была вызвана миротворцеме
1843,"Профессор Памела Фергюсон из Университета Данди отмечает, что ""журналисты, похоже, и вправду ходят по опасной грани, публикуя фотографии и прочие данные о подозреваемых"".","Профессор Помелэ Фергисон из университета дайден отмечай, что журналисты, похуже и впырабду, хозят по опасной грани, публикуи фотографии прочие даны обытозревайым.",профессор памела фергюсон из университета данди отмечает что журналисты похоже и вправду ходят по опасной грани публикуя фотографии и прочие данные о подозреваемых,профессор помелэ фергисон из университета дайден отмечай что журналисты похуже и впырабду хозят по опасной грани публикуи фотографии прочие даны обытозревайым
1821,Взаимосвязь между патологией мозга и поведением используется учёными в их исследованиях.,Взайма связь между патология Моза и поведениям используется ученым в их исследованиях.,взаимосвязь между патологией мозга и поведением используется учеными в их исследованиях,взайма связь между патология моза и поведениям используется ученым в их исследованиях
1685,"Например, самый распространённый в мире формат для статических фотографий — 35 мм, и именно этот размер был доминирующим размером плёнки на закате аналоговой эры.","Например, сам эроспространенный в мере формалли статтические фотографии — 35 мм, и именно этот размер был доминирующим размером Ленкин за Кати аналоговый эр.",например самый распространенный в мире формат для статических фотографий 35 мм и именно этот размер был доминирующим размером пленки на закате аналоговой эры,например сам эроспространенный в мере формалли статтические фотографии 35 мм и именно этот размер был доминирующим размером ленкин за кати аналоговый эр
1766,"Некоторые атомы имеют нестабильное ядро, что означает, что они склонны распадаться при малом воздействие или без него.","Некатры атомы имеют нестабильное ебро, что означай, что они склонния распадаться прямалом издействия или без него.",некоторые атомы имеют нестабильное ядро что означает что они склонны распадаться при малом воздействие или без него,некатры атомы имеют нестабильное ебро что означай что они склонния распадаться прямалом издействия или без него
1904,Однако из-за медленных каналов связи стили на западе могут отставать на 25-30 лет.,Однако из-за мерлены каналов связи Стилин а западим мухт отставай ты на 25-30 лет.,однако из за медленных каналов связи стили на западе могут отставать на 25 30 лет,однако из за мерлены каналов связи стилин а западим мухт отставай ты на 25 30 лет
1872,"Во время борьбы за независимость, организованной движением Мау, мирное собрание в городе привело к убийству верховного вождя Тупуа Тамсесе Леалофи III.","В время борбы за независимость, организованное дежини Мау, меряя собрания в городе пределоку бисту Верхобного вождя тупу, отомцеса Леолофия Третьево.",во время борьбы за независимость организованной движением мау мирное собрание в городе привело к убийству верховного вождя тупуа тамсесе леалофи iii,в время борбы за независимость организованное дежини мау меряя собрания в городе пределоку бисту верхобного вождя тупу отомцеса леолофия третьево
1773,Прерывание сна — это процесс целенаправленного пробуждения во время обычного сна и повторного засыпания через короткое время (10–60 минут).,"Прирывания сына — это процес цилина правленного пробуждения в время обычного сына, и повторного засыпания через короткое время 10-60 минут.",прерывание сна это процесс целенаправленного пробуждения во время обычного сна и повторного засыпания через короткое время 10 60 минут,прирывания сына это процес цилина правленного пробуждения в время обычного сына и повторного засыпания через короткое время 10 60 минут
1724,Слава о нем как о центре роскоши пошла около 400 г. н. э. и продолжалась примерно до 1100 г. н. э.,Слава аняумка к центре Роскоши пошла около 400-го года наши эрі и продолжал с примерно 1000-го года наши эрі.,слава о нем как о центре роскоши пошла около 400 г н э и продолжалась примерно до 1100 г н э,слава аняумка к центре роскоши пошла около 400 го года наши эрі и продолжал с примерно 1000 го года наши эрі
1787,"Блоггерство является инструментом, стимулирующим сотрудничество, и оно мотивирует учащихся распространить процесс приобретения знаний далеко за пределы традиционного учебного дня.","Блогерство является инструментом, стимулирующимся тротуару динчесты и оно мотивирует учащихся распространить процесс пребрятения азнаний далеко за пределы традиционного учебного дня.",блоггерство является инструментом стимулирующим сотрудничество и оно мотивирует учащихся распространить процесс приобретения знаний далеко за пределы традиционного учебного дня,блогерство является инструментом стимулирующимся тротуару динчесты и оно мотивирует учащихся распространить процесс пребрятения азнаний далеко за пределы традиционного учебного дня
1851,"Отбойное течение — течение, создаваемое волнами, которые разбиваются о берег, или иногда об риф или что-то подобное.","Отбойная течения. Течения создауай мои волными, к которой разбиваются оберек, илейнахда обрив или что-то подобное.",отбойное течение течение создаваемое волнами которые разбиваются о берег или иногда об риф или что то подобное,отбойная течения течения создауай мои волными к которой разбиваются оберек илейнахда обрив или что то подобное
1662,"Сплавы по существу представляют собой смесь двух или более металлов. Не забывайте, что в периодической таблице много элементов.","С плавы по сушистуу представляются буйсмесь двух или более металлов. Не забывайте, что периодическая таблиц и много элементов.",сплавы по существу представляют собой смесь двух или более металлов не забывайте что в периодической таблице много элементов,с плавы по сушистуу представляются буйсмесь двух или более металлов не забывайте что периодическая таблиц и много элементов
1881,Выкладывание экскурсии в виртуальное пространство для всеобщего обозрения — это также отличный способ освежить в памяти экскурсию и поделиться своим полученными знаниями с будущими классами.,Выкладывания кскурсия в виртуарное брасстарство для всеобщего бозрения — это так же отличный способ освежить память и кскурсию и поделиться с феймполученым знаниям с будучими классами.,выкладывание экскурсии в виртуальное пространство для всеобщего обозрения это также отличный способ освежить в памяти экскурсию и поделиться своим полученными знаниями с будущими классами,выкладывания кскурсия в виртуарное брасстарство для всеобщего бозрения это так же отличный способ освежить память и кскурсию и поделиться с феймполученым знаниям с будучими классами
1919,"Этот город также является отправной точкой для восхождения на вулкан Ньирагонго, а также здесь можно посмотреть на горных горилл в дикой природе по одной из самых дешёвых цен в Африке.","Этл город также являйся отпрыгной точкой для восхождения на вулкан Ниерагонга, а также здесь можно посмотреть на горына горил, бдеки природе падын и самых дешевых цен в Африке.",этот город также является отправной точкой для восхождения на вулкан ньирагонго а также здесь можно посмотреть на горных горилл в дикой природе по одной из самых дешевых цен в африке,этл город также являйся отпрыгной точкой для восхождения на вулкан ниерагонга а также здесь можно посмотреть на горына горил бдеки природе падын и самых дешевых цен в африке
1979,"Официальной валютой Фолклендских островов является фунт Фолкендских островов (FKP), стоимость которого эквивалентна стоимости одного британского фунта стерлингов (GBP).","Официан эволюты фолклинских астровов являются фунт фолклинских астровов FKP, стоимость которого эквивалентна стоимостья 1 британского фунт Эстерлингов – ГБП.",официальной валютой фолклендских островов является фунт фолкендских островов fkp стоимость которого эквивалентна стоимости одного британского фунта стерлингов gbp,официан эволюты фолклинских астровов являются фунт фолклинских астровов fkp стоимость которого эквивалентна стоимостья 1 британского фунт эстерлингов гбп
1946,"Правила отмены заказов могут отличаться, но по состоянию на конец марта большая часть правил, связанных с коронавирусом, не распространяется на июль 2020 года, когда были запланированы Олимпийские игры.","Правила отмены заказов могут отличаться, но по состоянию на конец Марта большая часть правил связанных с коронавирусом не распространяйцы на Июль 2020-го года, когда были запланированы Олимпийские игры.",правила отмены заказов могут отличаться но по состоянию на конец марта большая часть правил связанных с коронавирусом не распространяется на июль 2020 года когда были запланированы олимпийские игры,правила отмены заказов могут отличаться но по состоянию на конец марта большая часть правил связанных с коронавирусом не распространяйцы на июль 2020 го года когда были запланированы олимпийские игры
1865,Круизы в Санкт-Петербург включают прогулки по городу. Пассажиры круизов освобождены от визовых требований (уточните условия).,Круизе Санкт-Петербург в ключа ютпра гулки по городу. Пассажир Круизов асывы башдене от визовых требований. Утачените услоге.,круизы в санкт петербург включают прогулки по городу пассажиры круизов освобождены от визовых требований уточните условия,круизе санкт петербург в ключа ютпра гулки по городу пассажир круизов асывы башдене от визовых требований утачените услоге
1876,"Управление по чрезвычайным ситуациям Северных Марианских островов заявило, что в стране не было сообщений о причинённом ущербе.","Управление по чрезвычайном ситуациям северных мырянских островов заявила, что в стране не было сабсушенни апречененнану ущерби.",управление по чрезвычайным ситуациям северных марианских островов заявило что в стране не было сообщений о причиненном ущербе,управление по чрезвычайном ситуациям северных мырянских островов заявила что в стране не было сабсушенни апречененнану ущерби
1807,"Итальянский язык также является повседневным языком для большинства людей, работающих в государстве, в то время как латынь зачастую используется в религиозных церемониях.","Итальянский язык также и является бассейднявным языком для большинства людей, работающих в государстве, в то время как латын зачастую используется в религиозных церемониях.",итальянский язык также является повседневным языком для большинства людей работающих в государстве в то время как латынь зачастую используется в религиозных церемониях,итальянский язык также и является бассейднявным языком для большинства людей работающих в государстве в то время как латын зачастую используется в религиозных церемониях
1785,"Скаффолдинг — это не метод обучения, а скорее форма помощи тем, кто проходит через новый опыт обучения, такой как использование новой компьютерной программы или начало нового проекта.","Скофолдинг — это немедо табучения, аскрив формы помощи тем, кто проходит через новый обы табучения, так как использования новый компьютерный программы или началы новую проекта.",скаффолдинг это не метод обучения а скорее форма помощи тем кто проходит через новый опыт обучения такой как использование новой компьютерной программы или начало нового проекта,скофолдинг это немедо табучения аскрив формы помощи тем кто проходит через новый обы табучения так как использования новый компьютерный программы или началы новую проекта
1947,"До прибытия войск государство Гаити не сталкивалось с проблемами, касающимися данного заболевания, с начала 19 века.",До прибыте войск Густдарство Гаити не сталкилось проблемами касайшимесе даны в изоболевания с начал девятанстыго века.,до прибытия войск государство гаити не сталкивалось с проблемами касающимися данного заболевания с начала 19 века,до прибыте войск густдарство гаити не сталкилось проблемами касайшимесе даны в изоболевания с начал девятанстыго века
1679,Группа Aerosmith отменила оставшиеся концерты в своем турне.,Группа Айросмисс отменила оставшися концерты в своем турне.,группа aerosmith отменила оставшиеся концерты в своем турне,группа айросмисс отменила оставшися концерты в своем турне
1968,"В некоторых круизных брошюрах представлен Берлин, Германия. Как вы можете видеть на карте наверху, Берлин находится вдали от моря и визит в город не включён в цену круиза.","В некоторых круизних брошурах Пельстаблин Берлин, Германия, как вы можете видеть на карте на верху Берлин на ходе Цивдали отморы и визит Хора ты не включен в цену круиза.",в некоторых круизных брошюрах представлен берлин германия как вы можете видеть на карте наверху берлин находится вдали от моря и визит в город не включен в цену круиза,в некоторых круизних брошурах пельстаблин берлин германия как вы можете видеть на карте на верху берлин на ходе цивдали отморы и визит хора ты не включен в цену круиза
1826,"После несчастного случая Гибсон был доставлен в больницу, но вскоре скончался.","Посленичасы мыслучи Гибсон был достаблен в больницу, но скорей скончался.",после несчастного случая гибсон был доставлен в больницу но вскоре скончался,посленичасы мыслучи гибсон был достаблен в больницу но скорей скончался
1793,"Если вы не привыкли ездить по сельским дорогам, будьте начеку: преобладают крутые склоны, узкие переулки и резкие повороты.","Если вы не привыкли ездить пасельским дорогам, будьте начеку. Приобладают крутые склоны, узки берегулки и резкие повороты.",если вы не привыкли ездить по сельским дорогам будьте начеку преобладают крутые склоны узкие переулки и резкие повороты,если вы не привыкли ездить пасельским дорогам будьте начеку приобладают крутые склоны узки берегулки и резкие повороты
1823,Изучение движения отдельных водителей и автомобилей между двумя точками и их взаимодействие друг с другом осуществляется в рамках исследования транспортных потоков.,Изучения движения отдельных водителей и автомобилей между двумя точками их замадистые друг с другом осуществляются в рамках исследования транспортных потоков.,изучение движения отдельных водителей и автомобилей между двумя точками и их взаимодействие друг с другом осуществляется в рамках исследования транспортных потоков,изучения движения отдельных водителей и автомобилей между двумя точками их замадистые друг с другом осуществляются в рамках исследования транспортных потоков
1720,"Горячий шоколад отвечает стандартам Бельгии. Хотя фруктовые соки стоят дорого, они имеют превосходное качество.","Горячий шоколад отвечает стандартам Бельгии, хотя фруктовы соке стоят дорого, а не имеют превосходынное качество.",горячий шоколад отвечает стандартам бельгии хотя фруктовые соки стоят дорого они имеют превосходное качество,горячий шоколад отвечает стандартам бельгии хотя фруктовы соке стоят дорого а не имеют превосходынное качество
1813,"Официальными языками Барселоны являются каталанский и испанский. Примерно половина населения предпочитает разговаривать на каталанском, большинство понимают его, и практически все знают испанский.","Официалами и суками Барселоны являются Каталански и Испански, примерно половина населения предпочитают разговоривать на Каталанском, большинство поднимают его и практическе все знают испански.",официальными языками барселоны являются каталанский и испанский примерно половина населения предпочитает разговаривать на каталанском большинство понимают его и практически все знают испанский,официалами и суками барселоны являются каталански и испански примерно половина населения предпочитают разговоривать на каталанском большинство поднимают его и практическе все знают испански
1840,"Подобные площадки, которые посетило большое количество людей, были организованы во многих других городах Италии и в остальном мире, в частности в Польше.","Бадобные площадки, которые посетилы большое количество людей, были организованы в многих других городах Италии и в остальном мире, в частности в Польше.",подобные площадки которые посетило большое количество людей были организованы во многих других городах италии и в остальном мире в частности в польше,бадобные площадки которые посетилы большое количество людей были организованы в многих других городах италии и в остальном мире в частности в польше
1791,"Не оскверняйте это место, нанося или выцарапывая граффити на объекты вокруг.","Не аскверняйте, это лместа, нанося или выцарапы, вая граффити, на объекты в округ.",не оскверняйте это место нанося или выцарапывая граффити на объекты вокруг,не аскверняйте это лместа нанося или выцарапы вая граффити на объекты в округ
1738,"Он также атаковал все, что входило в воду; даже гигантский динозавр, такой как тиранозавр, не сравнился бы с ним.","Он так же атаковал всё, что входило воду, да ж гигантский динозавр — такой как теранозавр не сравнился бусінем.",он также атаковал все что входило в воду даже гигантский динозавр такой как тиранозавр не сравнился бы с ним,он так же атаковал все что входило воду да ж гигантский динозавр такой как теранозавр не сравнился бусінем
2000,"Если вы пересекаете северную часть Балтийского моря зимой, узнайте насчёт расположения каюты, так как прохождение по льду приводит к довольно жуткому шуму, который может мешать спать наиболее чувствительным людям.","Если вы пересекаете северну чай с Балтиского моря зимой, узнайте на счет расположения каюты, так как прохождение пальду привоет коволь на жуткому шуму, которую может мешать спать наиболее чувствительным людям.",если вы пересекаете северную часть балтийского моря зимой узнайте насчет расположения каюты так как прохождение по льду приводит к довольно жуткому шуму который может мешать спать наиболее чувствительным людям,если вы пересекаете северну чай с балтиского моря зимой узнайте на счет расположения каюты так как прохождение пальду привоет коволь на жуткому шуму которую может мешать спать наиболее чувствительным людям
1936,"Перри заявил, что вернётся в Техас, ""чтобы оценить результаты сегодняшнего партийного собрания и определить, стоит ли мне продолжать гонку"", но позже сказал, что он её продолжит и будет участвовать в предварительных выборах в Южной Каролине 21 января.","Перри Завилл, что вернется в Техас, чтобы оценить результаты сегодняшнего партийного собрания и определить, стоят ли мне продолжать гонку, но позже сказал, что он и продолжит и будет участвовать предварительных выборах в Южной Короллине 21 января.",перри заявил что вернется в техас чтобы оценить результаты сегодняшнего партийного собрания и определить стоит ли мне продолжать гонку но позже сказал что он ее продолжит и будет участвовать в предварительных выборах в южной каролине 21 января,перри завилл что вернется в техас чтобы оценить результаты сегодняшнего партийного собрания и определить стоят ли мне продолжать гонку но позже сказал что он и продолжит и будет участвовать предварительных выборах в южной короллине 21 января
1773,Прерывание сна — это процесс целенаправленного пробуждения во время обычного сна и повторного засыпания через короткое время (10–60 минут).,"Прирования сна — это процед цель, направлена упробуждения во время обычного сна и повторного засыпания через короткое время — 10-60 минут.",прерывание сна это процесс целенаправленного пробуждения во время обычного сна и повторного засыпания через короткое время 10 60 минут,прирования сна это процед цель направлена упробуждения во время обычного сна и повторного засыпания через короткое время 10 60 минут
1939,"Также после Революции открылись возможности работы открылись всем мужчинам, что позволило самым амбициозным и талантливым добиться успеха.","Так же после революция открылись возможности работы открылись всем мужчинам, что позволил самым бециозным и талантливым дабиться успеха.",также после революции открылись возможности работы открылись всем мужчинам что позволило самым амбициозным и талантливым добиться успеха,так же после революция открылись возможности работы открылись всем мужчинам что позволил самым бециозным и талантливым дабиться успеха
1877,"Нынешняя сенатор и Первая леди Аргентины Кристина Фернандес де Киршнер анонсировала выдвижение своей кандидатуры на пост президента вчера вечером в Ла-Плате, городе в 50 километрах (31 милях) от Буэнос-Айреса.","Нанешняя сенатр и первая ледик Аргентина Кристина Фернандес Дикткер Шнер анусировала видвижения своей кандидатуры на пост президента вчера вечером в Лаплати, о родив 50 км, т.д. отбуэны сайрыс.",нынешняя сенатор и первая леди аргентины кристина фернандес де киршнер анонсировала выдвижение своей кандидатуры на пост президента вчера вечером в ла плате городе в 50 километрах 31 милях от буэнос айреса,нанешняя сенатр и первая ледик аргентина кристина фернандес дикткер шнер анусировала видвижения своей кандидатуры на пост президента вчера вечером в лаплати о родив 50 км т д отбуэны сайрыс
1893,"Сундарбан — это крупнейший пояс прибрежных мангровых зарослей, простирающийся от берега на 80 км (50 миль) вглубь континента в Бангладеше и Индии.","Сундарбан — это крупнейший поис прибрежных мангровых зарысли, простирающиеся отберега на 8 км 50 миль, вглубь континентах Бангладеши и Индии.",сундарбан это крупнейший пояс прибрежных мангровых зарослей простирающийся от берега на 80 км 50 миль вглубь континента в бангладеше и индии,сундарбан это крупнейший поис прибрежных мангровых зарысли простирающиеся отберега на 8 км 50 миль вглубь континентах бангладеши и индии
1845,"Они вернулись в Париж в карете, окружённые толпой людей, которые выкрикивали угрозы королю и королеве.","Анивернолис Париж в Карете окруженные толпой людей, которые выкрики были угрозы королю и королевия.",они вернулись в париж в карете окруженные толпой людей которые выкрикивали угрозы королю и королеве,анивернолис париж в карете окруженные толпой людей которые выкрики были угрозы королю и королевия
1853,Джанкарло Физикелла потерял контроль над управлением своим автомобилем и завершил гонку вскоре после старта.,Джан Карло Физикеола потерял контроль на тупырвленьем с выймавтамобильем и завершил Гонку вскоре послестарты.,джанкарло физикелла потерял контроль над управлением своим автомобилем и завершил гонку вскоре после старта,джан карло физикеола потерял контроль на тупырвленьем с выймавтамобильем и завершил гонку вскоре послестарты
1816,"Дюваль, который женат и имеет двух совершеннолетних детей, не произвел большого впечатления на Миллера, которому рассказали эту историю.","Деваль, который жанат и имеет двух совершеннолетних детей, не произвел большого впечатлення на миллеры, которым рассказали эту историю.",дюваль который женат и имеет двух совершеннолетних детей не произвел большого впечатления на миллера которому рассказали эту историю,деваль который жанат и имеет двух совершеннолетних детей не произвел большого впечатлення на миллеры которым рассказали эту историю
1945,Касабланка – одно из наименее интересных мест для шопинга во всем Марокко.,Косабланка — одно из наимения интересных мест для шоппинка во всём Марока.,касабланка одно из наименее интересных мест для шопинга во всем марокко,косабланка одно из наимения интересных мест для шоппинка во всем марока
1935,"Однако это неправда. Хотя что-то и написано на обороте документа, это не карта сокровищ.","Однако это не правда, хотя что-то и написаны на бароте документа — это не карта сокровищ.",однако это неправда хотя что то и написано на обороте документа это не карта сокровищ,однако это не правда хотя что то и написаны на бароте документа это не карта сокровищ
1779,"Заявление было сделано после того, как Трамп провел телефонный разговор с президентом Турции Реджепом Тайипом Эрдоганом.","Зайвления было сделаны после того, как Трамп провел телефон и разговор с президентом Турции – Реджипам Таипам Эрдоганы.",заявление было сделано после того как трамп провел телефонный разговор с президентом турции реджепом тайипом эрдоганом,зайвления было сделаны после того как трамп провел телефон и разговор с президентом турции реджипам таипам эрдоганы
1789,"Среди других номинаций: ""Лучшая картина"", ""Режиссёр"", ""Операторская работа"", ""Дизайн костюмов"", ""Монтаж фильма"", ""Оригинальная музыка"", ""Художник-постановщик"", ""Звуковой монтаж"", ""Звук"" и ""Оригинальный сценарий"".","Среди других номинация «Лучшая картина» — режиссер, оператрская работа, дизайн костюмов, монтаж фильма, оригинальная музыка, художник постановшик, звуковой монтаж, звук и оригиналь диссенарий.",среди других номинаций лучшая картина режиссер операторская работа дизайн костюмов монтаж фильма оригинальная музыка художник постановщик звуковой монтаж звук и оригинальный сценарий,среди других номинация лучшая картина режиссер оператрская работа дизайн костюмов монтаж фильма оригинальная музыка художник постановшик звуковой монтаж звук и оригиналь диссенарий
1702,Всего за 2 недели силы Свободной Франции и американцы освободили южную Францию и отправились в сторону Германии.,"Севозадвения делли, силы свободны Фран Севозадвения делли, сила Свеботные Франции и Американцы освободили Южные Францию и отправились в сторону Германии.",всего за 2 недели силы свободной франции и американцы освободили южную францию и отправились в сторону германии,севозадвения делли силы свободны фран севозадвения делли сила свеботные франции и американцы освободили южные францию и отправились в сторону германии
1690,"Мы согласны с заявлением USOC о том, что интересам наших спортсменов, клубов, а также их видов спорта, больше соответствует проведение реформ внутри нашей организации, а не аннулирование ее сертификации.","Мы согласы с заявленням USOC, о том, что интересам наших спортсменов-клубов, а также их видах спорта, больше соответствует проведения реформы внутри нашей организаций, а не анолируя ее сертификации.",мы согласны с заявлением usoc о том что интересам наших спортсменов клубов а также их видов спорта больше соответствует проведение реформ внутри нашей организации а не аннулирование ее сертификации,мы согласы с заявленням usoc о том что интересам наших спортсменов клубов а также их видах спорта больше соответствует проведения реформы внутри нашей организаций а не анолируя ее сертификации
1906,"""Это не станет прощанием. Это закрытие одной главы и открытие новой.""",Это не станет прощания. Это закритие одной главы и открытия новый.,это не станет прощанием это закрытие одной главы и открытие новой,это не станет прощания это закритие одной главы и открытия новый
2003,"Чтобыу видеть самые живописные места Гонконга, следует покинуть остров и направиться на побережье полуострова Цзюлун, что находится напротив.","Чтобы видеть самый живопис неместаган Конго, следут пакенуть островы и направиться на Побережь епул островы Дзюлун, что находиться на против.",чтобыу видеть самые живописные места гонконга следует покинуть остров и направиться на побережье полуострова цзюлун что находится напротив,чтобы видеть самый живопис неместаган конго следут пакенуть островы и направиться на побережь епул островы дзюлун что находиться на против
1713,"Хоть Гома и является достаточно безопасным местом, следует заранее уточнять информацию насчёт любых поездок за пределы Гомы, чтобы понять, в каком состоянии находятся боевые действия, ведущиеся в провинции Северное Киву.","Ходдигома ие являяся достаточно безопасным местом, селедуэт зарания, утащинять информацию на счет любых поездок за пределы гомы, чтобы понять, в каком состоянии находится бейвы и действе, ведущейся в провинции Северная Киеву.",хоть гома и является достаточно безопасным местом следует заранее уточнять информацию насчет любых поездок за пределы гомы чтобы понять в каком состоянии находятся боевые действия ведущиеся в провинции северное киву,ходдигома ие являяся достаточно безопасным местом селедуэт зарания утащинять информацию на счет любых поездок за пределы гомы чтобы понять в каком состоянии находится бейвы и действе ведущейся в провинции северная киеву
1802,"Интернет сочетает в себе элементы как массовых, так и межличностных коммуникаций.","Интернет сочетай к себе элемент и как массовых, так и межлечиностынах коммикаций.",интернет сочетает в себе элементы как массовых так и межличностных коммуникаций,интернет сочетай к себе элемент и как массовых так и межлечиностынах коммикаций
1871,В тёплом климате Ближнего Востока дом не имел особого значения.,В тёплым климате ближене Уостока дом не имел особо назначения.,в теплом климате ближнего востока дом не имел особого значения,в теплым климате ближене уостока дом не имел особо назначения
1878,"Центр церковной власти базировался в Риме на протяжении более тысячи лет, и такое сосредоточение могущества и богатства привело к тому, что многие усомнились, а соблюдается ли этот догмат.","Центр Цирковный власти базировался времен на протяжение более 1000 лет и такое сосредотачения макушисты и богатства приглог тому, что многих сомнелись особлюдая цели этот догмат.",центр церковной власти базировался в риме на протяжении более тысячи лет и такое сосредоточение могущества и богатства привело к тому что многие усомнились а соблюдается ли этот догмат,центр цирковный власти базировался времен на протяжение более 1000 лет и такое сосредотачения макушисты и богатства приглог тому что многих сомнелись особлюдая цели этот догмат
1740,Звуковое и световое шоу на фоне пирамиды является одним из самых интересных мероприятий в этой местности для детей.,"Звуковой и световой шоу на фоне пирамиды, является одним из самых интересных мероприятиев этой местности для детей.",звуковое и световое шоу на фоне пирамиды является одним из самых интересных мероприятий в этой местности для детей,звуковой и световой шоу на фоне пирамиды является одним из самых интересных мероприятиев этой местности для детей
1702,Всего за 2 недели силы Свободной Франции и американцы освободили южную Францию и отправились в сторону Германии.,"Всего за две недели силы свободной франций и американцы асбободели Южные у Фран Всего за 2 недели силы, Силы свободной франции и Американцы, а Силы свободили Южные франции и Американцы",всего за 2 недели силы свободной франции и американцы освободили южную францию и отправились в сторону германии,всего за две недели силы свободной франций и американцы асбободели южные у фран всего за 2 недели силы силы свободной франции и американцы а силы свободили южные франции и американцы
1953,В последствие он был перемещён в госпиталь Адденбрук в Кембридже.,"Впоследствие, он был перемешен в госпиталь Аден друг в кемреджа.",в последствие он был перемещен в госпиталь адденбрук в кембридже,впоследствие он был перемешен в госпиталь аден друг в кемреджа
1780,"Энергия кундалини (энергия просветления) в кундалини-йоге пробуждается через позы йоги, дыхательные упражнения, мантры и визуализации.","Энергия кундалини, энергия просветления, в кундалению Йоге, пробуждается через пози Йоге дыхательные упражнения мантры и визуализаций.",энергия кундалини энергия просветления в кундалини йоге пробуждается через позы йоги дыхательные упражнения мантры и визуализации,энергия кундалини энергия просветления в кундалению йоге пробуждается через пози йоге дыхательные упражнения мантры и визуализаций
1684,Апиа – столица Самоа. Город расположен на острове Уполу и имеет население чуть менее 40 000 жителей.,Апиа Столица Самуа город расположен на острове Уполлу и имейт население чуть менее 40 000 жителей.,апиа столица самоа город расположен на острове уполу и имеет население чуть менее 40 000 жителей,апиа столица самуа город расположен на острове уполлу и имейт население чуть менее 40 000 жителей
1760,"Мозазавр был самым грозным хищником своего времени, поэтому он не боялся никого кроме других мозазавров.","Мазозавр был самым грозным сишникам своего времени, поэтому они боялся никого кроме других Мазозавров.",мозазавр был самым грозным хищником своего времени поэтому он не боялся никого кроме других мозазавров,мазозавр был самым грозным сишникам своего времени поэтому они боялся никого кроме других мазозавров
1729,"Например, ежегодно учащиеся школы Беннет в Северной Каролине создают сайт о своём посещении столицы штата, и каждый год этот сайт обновляется, но доступ к старым версиям по-прежнему сохраняется — они служат памятным альбомом.","Например, ежегоды на учаше есяшколы Бенет в Сейгарной Каролини создают сайта своё мпосшения Столицы штаты и каждый год этот сайт обновляется, но доступ к старым версия мы прежим сахранияйцы, а не служить памятным альбомам.",например ежегодно учащиеся школы беннет в северной каролине создают сайт о своем посещении столицы штата и каждый год этот сайт обновляется но доступ к старым версиям по прежнему сохраняется они служат памятным альбомом,например ежегоды на учаше есяшколы бенет в сейгарной каролини создают сайта свое мпосшения столицы штаты и каждый год этот сайт обновляется но доступ к старым версия мы прежим сахранияйцы а не служить памятным альбомам
1756,"Поздно вечером в воскресенье президент США Дональд Трамп через пресс-секретаря заявил, что войска США покинут Сирию.","Позна вечер он воскресения президент США Дональд Трамп через прессекртрыя заявил, что войска США покенуть серию.",поздно вечером в воскресенье президент сша дональд трамп через пресс секретаря заявил что войска сша покинут сирию,позна вечер он воскресения президент сша дональд трамп через прессекртрыя заявил что войска сша покенуть серию
1912,Почти все более мелкие острова являются независимыми государствами или ассоциированы с Францией и известны как шикарные пляжные курорты.,Почти всте поля мелкие здравайы являются независимыми государствами или ассоциированы с Францисей и известны как Шикарный пляжные курорты.,почти все более мелкие острова являются независимыми государствами или ассоциированы с францией и известны как шикарные пляжные курорты,почти всте поля мелкие здравайы являются независимыми государствами или ассоциированы с францисей и известны как шикарный пляжные курорты
1882,"Учёные надеются понять, как образуются планеты, особенно то, как образовалась Земля, поскольку кометы сталкивались  с Землёй очень давно.","Ученые негей уцапанять — кокопразуысы планеты, особенно то, как образовал экземля, поскольку Кометы стал кемле экземлой очень дырны.",ученые надеются понять как образуются планеты особенно то как образовалась земля поскольку кометы сталкивались с землей очень давно,ученые негей уцапанять кокопразуысы планеты особенно то как образовал экземля поскольку кометы стал кемле экземлой очень дырны
1956,"Использование кораблей для транспортировки товаров является, безусловно, самым эффективным способом перевозки большого количества людей и грузов через океаны.","Используя на кораблейля транспортировки товаров, является, безусловно, самым эффективно способом перевозки большого количества лидей и грузов через океаны.",использование кораблей для транспортировки товаров является безусловно самым эффективным способом перевозки большого количества людей и грузов через океаны,используя на кораблейля транспортировки товаров является безусловно самым эффективно способом перевозки большого количества лидей и грузов через океаны
1973,"Но, оказавшись в ""глубоких тропиках"" лишь в нескольких градусах к северу от экватора, вам придется справляться как с жарой (постоянно), так и с сильным солнцем (при безоблачном небе, реже).","Но, оказавшись в глубоких тропиках лишнескаке градысы к Северо-Текватора, вам придется справляться как с жарой постоянно, так и с сильным солнцем, бредезоблоченым небе реже.",но оказавшись в глубоких тропиках лишь в нескольких градусах к северу от экватора вам придется справляться как с жарой постоянно так и с сильным солнцем при безоблачном небе реже,но оказавшись в глубоких тропиках лишнескаке градысы к северо текватора вам придется справляться как с жарой постоянно так и с сильным солнцем бредезоблоченым небе реже
1862,"NextGen — это система, которая, по заверению Федеральной авиационной администрации США, позволит самолетам летать по сокращенным маршрутам и ежегодно экономить миллионы галлонов топлива, а также снизить выбросы углерода.","Next Gen – это система, которая позывеленею федеральные авиационные администрация сыша позволит самолеты млиттать посокращенным маршрутам и ежегодно экономить миллионы галлонов топлива, а также снизете буйбросы углероды.",nextgen это система которая по заверению федеральной авиационной администрации сша позволит самолетам летать по сокращенным маршрутам и ежегодно экономить миллионы галлонов топлива а также снизить выбросы углерода,next gen это система которая позывеленею федеральные авиационные администрация сыша позволит самолеты млиттать посокращенным маршрутам и ежегодно экономить миллионы галлонов топлива а также снизете буйбросы углероды
1829,"Путешественники, направляющиеся в страны с высоким налогообложением, могут иногда сэкономить значительную сумму, особенно на таких товарах, как спиртные напитки и табак.","Путешествийники, направляющиеся в страны с высоким налога обложениям, мугут иногда с экономицей значительную сумму, особенно на таких товарах как спиртные напитки и табак.",путешественники направляющиеся в страны с высоким налогообложением могут иногда сэкономить значительную сумму особенно на таких товарах как спиртные напитки и табак,путешествийники направляющиеся в страны с высоким налога обложениям мугут иногда с экономицей значительную сумму особенно на таких товарах как спиртные напитки и табак
1886,"Древние культуры и племена начали оставлять их себе, чтобы иметь под рукой молоко, шерсть, мясо и шкуру.","Древние культуры и племена начали остыбля тек себе, чтобы иметь под рукой молоко, шерсть, мясо и шкуру.",древние культуры и племена начали оставлять их себе чтобы иметь под рукой молоко шерсть мясо и шкуру,древние культуры и племена начали остыбля тек себе чтобы иметь под рукой молоко шерсть мясо и шкуру
1975,"Население Ватикана составляет около 800 человек. Это самая маленькая независимая страна в мире, а также страна, имеющая наименьшее население.","Носеления Ватиканна составляют около восьмиста человек – это самая маленькая независимая страна в мире, а также страна имейшей наимейшей населения.",население ватикана составляет около 800 человек это самая маленькая независимая страна в мире а также страна имеющая наименьшее население,носеления ватиканна составляют около восьмиста человек это самая маленькая независимая страна в мире а также страна имейшей наимейшей населения
1689,"Европа — относительно маленький континент, но на нём много независимых государств. В обычных обстоятельствах путешествие через множество стран означало бы необходимость подачи прошений для получения визы и многократного прохождения паспортного контроля.",Еуропа относительную маленький континент на нанем много независимых усыдаст. В обышенни хобстриатисок путешествия через сымнужыство стран узначал обе необходимость подачи прошений для получения визы и мгкратноу прохуждения паспортного контроля.,европа относительно маленький континент но на нем много независимых государств в обычных обстоятельствах путешествие через множество стран означало бы необходимость подачи прошений для получения визы и многократного прохождения паспортного контроля,еуропа относительную маленький континент на нанем много независимых усыдаст в обышенни хобстриатисок путешествия через сымнужыство стран узначал обе необходимость подачи прошений для получения визы и мгкратноу прохуждения паспортного контроля
1984,"Массовое владение автомобилями также приводит к увеличению числа ДТП на дорогах, что приводит к изобретению в здравоохранении новых методов лечения полученных травм.","Массовая владения автомобилями также приводит к увеличеню и кесылады дыпай на дорогах, чтобы приводят к изобретение уздравы охрынений, новых методов личения полученых травм.",массовое владение автомобилями также приводит к увеличению числа дтп на дорогах что приводит к изобретению в здравоохранении новых методов лечения полученных травм,массовая владения автомобилями также приводит к увеличеню и кесылады дыпай на дорогах чтобы приводят к изобретение уздравы охрынений новых методов личения полученых травм
1714,"Спутник был доставлен в космос ракетой. Ученые используют телескопы в космосе, потому что атмосфера Земли в некоторой степени искажает наш свет и обзор.","Спутник был доставлен в космасы ракетой, ученые используя телескопы в космусе, потому что атмосфера земли в некотерестепене искажай от наш свет и абзор.",спутник был доставлен в космос ракетой ученые используют телескопы в космосе потому что атмосфера земли в некоторой степени искажает наш свет и обзор,спутник был доставлен в космасы ракетой ученые используя телескопы в космусе потому что атмосфера земли в некотерестепене искажай от наш свет и абзор
1734,"Ученые смогли сделать вывод, что темная материя воздействует на другую темную материю так же, как и в случае с обычной материей.","Ученые смогли изделать в это что темная материя воздействует на другую темную материю так же, как и в случай сабычные матерей.",ученые смогли сделать вывод что темная материя воздействует на другую темную материю так же как и в случае с обычной материей,ученые смогли изделать в это что темная материя воздействует на другую темную материю так же как и в случай сабычные матерей
1696,"Исследователи университета сообщили, что эти два соединения вступают друг с другом в реакцию, образуя кристаллы, которые могут блокировать работу почек.","Исследователь университетом сообщили, что эти два соединения вступают друг с друга в реакцию, образуя кристаллы, которые могут блокировать работу почек.",исследователи университета сообщили что эти два соединения вступают друг с другом в реакцию образуя кристаллы которые могут блокировать работу почек,исследователь университетом сообщили что эти два соединения вступают друг с друга в реакцию образуя кристаллы которые могут блокировать работу почек
2006,"Такие элементы, как кальций и калий, считаются металлами. Конечно, также есть такие металлы, как серебро и золото.","Такие элементы как кальция икали, шитаяться металлами, конечно, так же есть такие металлы как сереброй золота.",такие элементы как кальций и калий считаются металлами конечно также есть такие металлы как серебро и золото,такие элементы как кальция икали шитаяться металлами конечно так же есть такие металлы как сереброй золота
1694,Дети передаются под опеку по множеству разнообразных причин: от беспризорности до жестокого обращения и даже вымогательств.,Дети передаются под опеку помножество разнообразынных причин от безпризорности дожыстокы в оброшения и даже вымогаделс.,дети передаются под опеку по множеству разнообразных причин от беспризорности до жестокого обращения и даже вымогательств,дети передаются под опеку помножество разнообразынных причин от безпризорности дожыстокы в оброшения и даже вымогаделс
1900,"Ее очень нелегко обнаружить даже тому, кто знает о ее существовании. В пещере человек оказывается в полной изоляции.","Ее очень нелегко обнаружы даже тому, кто знает уйез существований. В Бешере человек оказывается в полной изоляции.",ее очень нелегко обнаружить даже тому кто знает о ее существовании в пещере человек оказывается в полной изоляции,ее очень нелегко обнаружы даже тому кто знает уйез существований в бешере человек оказывается в полной изоляции
1699,"Бишкек был описан одним обозревателем как погружающийся в состояние анархии, поскольку группы людей бегали по улицам и грабили магазины с потребительскими товарами.","Бешке-был описан одним обозревателем как погружайуи в состаяние анархии, поскольку группы людей бегали по улицам и грабили магазин с потребительскими товарыми.",бишкек был описан одним обозревателем как погружающийся в состояние анархии поскольку группы людей бегали по улицам и грабили магазины с потребительскими товарами,бешке был описан одним обозревателем как погружайуи в состаяние анархии поскольку группы людей бегали по улицам и грабили магазин с потребительскими товарыми
1726,"Учебные экскурсии очень важны для любого класса. Очень часто учителям хочется отвезти своих учеников туда, куда нельзя доехать на автобусе.","Учебной экскурсии очень важны для любого класса. Очень часто учителям хочется отвести своих ученков туда, куда нельзя доехать на автобусе.",учебные экскурсии очень важны для любого класса очень часто учителям хочется отвезти своих учеников туда куда нельзя доехать на автобусе,учебной экскурсии очень важны для любого класса очень часто учителям хочется отвести своих ученков туда куда нельзя доехать на автобусе
1881,Выкладывание экскурсии в виртуальное пространство для всеобщего обозрения — это также отличный способ освежить в памяти экскурсию и поделиться своим полученными знаниями с будущими классами.,Выгладывания экскурсия биртуария брастратства для всеобщего бозрения — это так же отличный способ освежедив памяти экскурсию поделиться своими полученными знаниям из будущими классыми.,выкладывание экскурсии в виртуальное пространство для всеобщего обозрения это также отличный способ освежить в памяти экскурсию и поделиться своим полученными знаниями с будущими классами,выгладывания экскурсия биртуария брастратства для всеобщего бозрения это так же отличный способ освежедив памяти экскурсию поделиться своими полученными знаниям из будущими классыми
1719,"Неблагоприятные метеоусловия — это общий термин для обозначения любого опасного явления погоды, способного причинить какой-либо ущерб, вызвать серьёзные социальные потрясения или привести к человеческим жертвам.","Былы обриятные метеословия — это общит термин для обозначения любого опасного явления погоды, способа упричинить какой-либоу исчерп, возбудсерезные социальные патресения или привестик человеческим жартын.",неблагоприятные метеоусловия это общий термин для обозначения любого опасного явления погоды способного причинить какой либо ущерб вызвать серьезные социальные потрясения или привести к человеческим жертвам,былы обриятные метеословия это общит термин для обозначения любого опасного явления погоды способа упричинить какой либоу исчерп возбудсерезные социальные патресения или привестик человеческим жартын
1848,"Вчера утром возле главного полицейского управления Газиантепа (Турция) был подорван автомобиль, в результате чего погибли 2 полицейских и еще более 20 человек получили ранения.","Вчера удром возле главного полицейского управления газион ТП Турция бубадырбан автомобиль, визлитат чего, пагибли двой полицейских еще более двысы сичеловек плочили ранее.",вчера утром возле главного полицейского управления газиантепа турция был подорван автомобиль в результате чего погибли 2 полицейских и еще более 20 человек получили ранения,вчера удром возле главного полицейского управления газион тп турция бубадырбан автомобиль визлитат чего пагибли двой полицейских еще более двысы сичеловек плочили ранее
1710,"На прошлой недели Министерство экономики, труда и промышленности объявило, что Apple  проинформировала его о 34 дополнительных случаях перегрева, которые компания назвала ""несерьёзными"".","На прошлой неделе министерство экономики трудайы промышлности объявилы что Apple проинформировал его от 34 дупал неделленслучих перегрева, к которой компания назвала не серьезными.",на прошлой недели министерство экономики труда и промышленности объявило что apple проинформировала его о 34 дополнительных случаях перегрева которые компания назвала несерьезными,на прошлой неделе министерство экономики трудайы промышлности объявилы что apple проинформировал его от 34 дупал неделленслучих перегрева к которой компания назвала не серьезными
1983,"Слово ""цивилизация"" происходит от латинского civilis, что означает ""гражданский"" и является родственником латинских слов civis, означающего ""гражданин"", и civitas, означающего ""город"" или ""город-государство"", и оно также определенным образом выражает размер общества.","Слова «цивилизация» происходит от латинского севилес, что означай это граждански и является родственникам латинских слов «сивис» азначайшиевы гражданин и севитас азначайшиевы город или городгосударсты и оно также бдюлённым образом выражай от размер общества.",слово цивилизация происходит от латинского civilis что означает гражданский и является родственником латинских слов civis означающего гражданин и civitas означающего город или город государство и оно также определенным образом выражает размер общества,слова цивилизация происходит от латинского севилес что означай это граждански и является родственникам латинских слов сивис азначайшиевы гражданин и севитас азначайшиевы город или городгосударсты и оно также бдюленным образом выражай от размер общества
1785,"Скаффолдинг — это не метод обучения, а скорее форма помощи тем, кто проходит через новый опыт обучения, такой как использование новой компьютерной программы или начало нового проекта.","Скафолдинг — это не мета табучения, а скорей форма помаше тем, кто проходит через новый опыт табучения, т.к. использования новый компьютерный программы или начало новый проекта.",скаффолдинг это не метод обучения а скорее форма помощи тем кто проходит через новый опыт обучения такой как использование новой компьютерной программы или начало нового проекта,скафолдинг это не мета табучения а скорей форма помаше тем кто проходит через новый опыт табучения т к использования новый компьютерный программы или начало новый проекта
1838,"Великая Пирамида в Гизе это единственное из семи чудес света, которое существует сегодня.","Великая пирамида в Гизи — это единственная и семечудес света, которая существует сегодня.",великая пирамида в гизе это единственное из семи чудес света которое существует сегодня,великая пирамида в гизи это единственная и семечудес света которая существует сегодня
1680,"Будучи всесторонне развитым атлетом, тигр может взбираться на деревья (хотя и не очень хорошо), плавать, прыгать на большие расстояния и тянуть с силой пяти крепких человек.","Будучи все сторони развитые матлеты, тигер может избираться на дереве, хотя и не очень хорошо плавать, прыгать на большие расстояние и тянуть силы пяти крепких человек.",будучи всесторонне развитым атлетом тигр может взбираться на деревья хотя и не очень хорошо плавать прыгать на большие расстояния и тянуть с силой пяти крепких человек,будучи все сторони развитые матлеты тигер может избираться на дереве хотя и не очень хорошо плавать прыгать на большие расстояние и тянуть силы пяти крепких человек
1744,"Чем меньше число Россби, тем менее активна звезда по отношению к инверсиям магнитного поля.",Ченменше числ розби – тем менее активна звезда по отношению к инверсия магнитного поля.,чем меньше число россби тем менее активна звезда по отношению к инверсиям магнитного поля,ченменше числ розби тем менее активна звезда по отношению к инверсия магнитного поля
1932,"За пять минут до начала салюта ветер начал усиливаться, минутой позже ветер достиг скорости 70 километров в час... Затем начался дождь, такой сильный и крупный, будто на тебя падают иголки, потом с неба посыпался град, люди в панике кричали и сталкивались друг с другом.","За пять минут до начала салюты ветер начал усиливаться, минуты позже ветер достик скорости 7-10 км в час, затем начался доштик такой сильный и крупный, буттан отебя падают иголки, потом с неба посыпался грат и люди в панике кричали истал кевелись друг с другов.",за пять минут до начала салюта ветер начал усиливаться минутой позже ветер достиг скорости 70 километров в час затем начался дождь такой сильный и крупный будто на тебя падают иголки потом с неба посыпался град люди в панике кричали и сталкивались друг с другом,за пять минут до начала салюты ветер начал усиливаться минуты позже ветер достик скорости 7 10 км в час затем начался доштик такой сильный и крупный буттан отебя падают иголки потом с неба посыпался грат и люди в панике кричали истал кевелись друг с другов
1660,"Романтизм во многом включал в себя культурный детерминизм, почерпнутый у таких писателей, как Гёте, Фихте и Шлегель.","Романтизм во многом включал в себе культурный детерминизм — патчортанте у таких писателя как Гетте, Хихты и Шлегел.",романтизм во многом включал в себя культурный детерминизм почерпнутый у таких писателей как гете фихте и шлегель,романтизм во многом включал в себе культурный детерминизм патчортанте у таких писателя как гетте хихты и шлегел
1682,"Хотя никто не знает наверняка, кто его написал, известно, что в начале своего существования этот большой пергаментный документ (размером 29¾ на 24½ дюйма) был свёрнут для более удобного хранения.","Хотяник-то не знает наверняка, кто его написал, известно, что в начале своего существования этот большой пергамент документ размером 29,34 на 23,2 дюйма был свернут для более удобного хранения.",хотя никто не знает наверняка кто его написал известно что в начале своего существования этот большой пергаментный документ размером 293 4 на 241 2 дюйма был свернут для более удобного хранения,хотяник то не знает наверняка кто его написал известно что в начале своего существования этот большой пергамент документ размером 29 34 на 23 2 дюйма был свернут для более удобного хранения
1676,"Как и во всех южноафриканских национальных парках, в этом парке существует ежедневная плата за его охрану и посещение.",Как и во все Южнауфриканских национальных парках в этом парке существует ежедневная плата за его охрану и посещение.,как и во всех южноафриканских национальных парках в этом парке существует ежедневная плата за его охрану и посещение,как и во все южнауфриканских национальных парках в этом парке существует ежедневная плата за его охрану и посещение
1691,"На некоторых маршрутах  у более крупных компаний есть свои собственные самолёты, но для других маршрутов и более мелких компаний с этим была проблема.","На некоторых маршрутов обои агрупных компаний есть свои собственные самолеты, но для других маршрутах и более мелких компаний с этим была проблема.",на некоторых маршрутах у более крупных компаний есть свои собственные самолеты но для других маршрутов и более мелких компаний с этим была проблема,на некоторых маршрутов обои агрупных компаний есть свои собственные самолеты но для других маршрутах и более мелких компаний с этим была проблема
1755,Одна из бомб взорвалась возле офиса генерал-губернатора.,Одна из бомб зарбалась возле офиса генерал-губернаторы.,одна из бомб взорвалась возле офиса генерал губернатора,одна из бомб зарбалась возле офиса генерал губернаторы
1717,"Обратный поток сосредоточен в нескольких более глубоких участках, где может образовываться быстрое течение, уходящее на большую глубину, из-за подобной подводной топологии.","Обратный поток сосредатучен в нескольких более глубоких участках, где можно таброзовываться, быстро оттечения, уходящие на большую глубину, из-за подобной подводной топологии.",обратный поток сосредоточен в нескольких более глубоких участках где может образовываться быстрое течение уходящее на большую глубину из за подобной подводной топологии,обратный поток сосредатучен в нескольких более глубоких участках где можно таброзовываться быстро оттечения уходящие на большую глубину из за подобной подводной топологии
1820,"Сейчас люди пишут сообщения на экранах компьютеров, и им никогда не приходится иметь дело с точилкой.","Сетчасы люди пишут сапчения на экранах компьютеров, им никогда не приходилось менделы с тычилкой.",сейчас люди пишут сообщения на экранах компьютеров и им никогда не приходится иметь дело с точилкой,сетчасы люди пишут сапчения на экранах компьютеров им никогда не приходилось менделы с тычилкой
1919,"Этот город также является отправной точкой для восхождения на вулкан Ньирагонго, а также здесь можно посмотреть на горных горилл в дикой природе по одной из самых дешёвых цен в Африке.","Эток город также ебляется отправной точкой для восхождения на вулканы Ниерагонга, а также здесь можно посмотреть на Горнгариял, в дейкой природе, по адной из самых дешевых цен в Африке.",этот город также является отправной точкой для восхождения на вулкан ньирагонго а также здесь можно посмотреть на горных горилл в дикой природе по одной из самых дешевых цен в африке,эток город также ебляется отправной точкой для восхождения на вулканы ниерагонга а также здесь можно посмотреть на горнгариял в дейкой природе по адной из самых дешевых цен в африке
1950,"Сравнительно не далеко, к северу, расположен романтический и очаровательный городок Синтра, воспетый лордом Байроном и получивший после этого известность во всём мире.",Сравнительно недалеко к Северубе расположен романтический и очаровательный геродок Сендра в аспетое Лордом Байроном и получивши последовая известность во всем мере.,сравнительно не далеко к северу расположен романтический и очаровательный городок синтра воспетый лордом байроном и получивший после этого известность во всем мире,сравнительно недалеко к северубе расположен романтический и очаровательный геродок сендра в аспетое лордом байроном и получивши последовая известность во всем мере
1738,"Он также атаковал все, что входило в воду; даже гигантский динозавр, такой как тиранозавр, не сравнился бы с ним.","Он так же атаковал всё, что входило в воду. Даже ганцкий динозавр — такой как тернозавр не сыровнялся бы с ним.",он также атаковал все что входило в воду даже гигантский динозавр такой как тиранозавр не сравнился бы с ним,он так же атаковал все что входило в воду даже ганцкий динозавр такой как тернозавр не сыровнялся бы с ним
1804,"Гаитянский Институт Справедливости и Демократии сослался на независимое исследование, которое предполагает, что непальский миротворческий батальон ООН непреднамеренно завёз заболевание в Гаити.","Гаитянский институт с праведлיבости демократии састался на независи моеследование, которое предполагает, что Непариски миротворшески батальону он непреднамеренно завез за булевания в Гаити.",гаитянский институт справедливости и демократии сослался на независимое исследование которое предполагает что непальский миротворческий батальон оон непреднамеренно завез заболевание в гаити,гаитянский институт с праведлיבости демократии састался на независи моеследование которое предполагает что непариски миротворшески батальону он непреднамеренно завез за булевания в гаити
1992,"Термин ""сафари"" в повседневном использовании означает наземную поездку с целью посмотреть поразительную дикую природу Африки, особенно в саванне.","Терминсофариф по вседневном использовании означает наземную поездку с целью посмотреть Паразитико Дику природу Африки, особенно в Саване.",термин сафари в повседневном использовании означает наземную поездку с целью посмотреть поразительную дикую природу африки особенно в саванне,терминсофариф по вседневном использовании означает наземную поездку с целью посмотреть паразитико дику природу африки особенно в саване
1991,"В течение этого периода европейской истории, католическая церковь, ставшая богатой и сильной, оказалась объектом пристального внимания.","В течении этого периода европейская история Готаллическая церковь, ставши богатой из Селли, оказалось объектом престылого внимания.",в течение этого периода европейской истории католическая церковь ставшая богатой и сильной оказалась объектом пристального внимания,в течении этого периода европейская история готаллическая церковь ставши богатой из селли оказалось объектом престылого внимания
1678,"В статье ""Речь президента"" Оливер Сакс описал, как люди, которые из-за повреждения мозга неспособны понимать речь, тем не менее могут правильно оценить искренность говорящего.","В статия речь президента Ольвер Сакс описал как люди, которые из-за повреждения мозга неспособны понимать речь, тем не менее могут правильно оценить и искреннесть говрящего.",в статье речь президента оливер сакс описал как люди которые из за повреждения мозга неспособны понимать речь тем не менее могут правильно оценить искренность говорящего,в статия речь президента ольвер сакс описал как люди которые из за повреждения мозга неспособны понимать речь тем не менее могут правильно оценить и искреннесть говрящего
1908,Важно различать глаголы и дополнения.,Важно различать глаголы и дополнения.,важно различать глаголы и дополнения,важно различать глаголы и дополнения
1713,"Хоть Гома и является достаточно безопасным местом, следует заранее уточнять информацию насчёт любых поездок за пределы Гомы, чтобы понять, в каком состоянии находятся боевые действия, ведущиеся в провинции Северное Киву.","Хоть Гома иевляйцы достаточно безопасным местом, следуя за ранее, уточинять информацию на шутливых поездок за пределы Гомы, чтобы понять, в каком состоянии находятся бейвые действия, ведущиеся в провинции Северная Кима.",хоть гома и является достаточно безопасным местом следует заранее уточнять информацию насчет любых поездок за пределы гомы чтобы понять в каком состоянии находятся боевые действия ведущиеся в провинции северное киву,хоть гома иевляйцы достаточно безопасным местом следуя за ранее уточинять информацию на шутливых поездок за пределы гомы чтобы понять в каком состоянии находятся бейвые действия ведущиеся в провинции северная кима
1982,"Для женщин: всем туристкам рекомендуется говорить, что они замужем, независимо от их настоящего семейного положения.","Для женшин, всем туристкам рекомендуется говорить, что они замужы независимы от их настояши в семенуоположения.",для женщин всем туристкам рекомендуется говорить что они замужем независимо от их настоящего семейного положения,для женшин всем туристкам рекомендуется говорить что они замужы независимы от их настояши в семенуоположения
1979,"Официальной валютой Фолклендских островов является фунт Фолкендских островов (FKP), стоимость которого эквивалентна стоимости одного британского фунта стерлингов (GBP).","Официальные валюты фоллкнских астровов являются фунт фолл-клинтских астровов FKP, стоимость которого эквивалентно сновы бюсте Одного британского фунт истерлінгов – ГБП.",официальной валютой фолклендских островов является фунт фолкендских островов fkp стоимость которого эквивалентна стоимости одного британского фунта стерлингов gbp,официальные валюты фоллкнских астровов являются фунт фолл клинтских астровов fkp стоимость которого эквивалентно сновы бюсте одного британского фунт истерлінгов гбп
1744,"Чем меньше число Россби, тем менее активна звезда по отношению к инверсиям магнитного поля.","Чем меньше число росби, тем менее активна звезда по отношению к инверсия магнитного поля.",чем меньше число россби тем менее активна звезда по отношению к инверсиям магнитного поля,чем меньше число росби тем менее активна звезда по отношению к инверсия магнитного поля
1954,"Их отличали дисциплинированная защита, мастерство владения мячом и превосходная командная работа, и было ясно, что обыграть эту команду непросто.","Их отличали дисциплинированная защита мастерстовладения мечом и прелосходная командна работа и было ясно, чтобы играть эту команду не просто.",их отличали дисциплинированная защита мастерство владения мячом и превосходная командная работа и было ясно что обыграть эту команду непросто,их отличали дисциплинированная защита мастерстовладения мечом и прелосходная командна работа и было ясно чтобы играть эту команду не просто
1698,"Все во вселенной состоит из материи. Вся материя состоит из мельчайших частиц, называемых атомами.","Всего вселена — состей тезматерия, вся материя состей тезменчай ажиы кчестит с называемых атомами.",все во вселенной состоит из материи вся материя состоит из мельчайших частиц называемых атомами,всего вселена состей тезматерия вся материя состей тезменчай ажиы кчестит с называемых атомами
1706,"Более традиционные церкви зачастую проводят пасхальное богослужение в субботу вечером во время пасхальных выходных, при этом прихожане обычно начинают в полночь празднование Воскресения Христа.","Более Традиционные церкви зачастую проводят пасхальные бакослужения субботу вечером во время пасхальные хумыходы, при этом прихожания обычно начинают в полыщ праздного не воскресения Христа.",более традиционные церкви зачастую проводят пасхальное богослужение в субботу вечером во время пасхальных выходных при этом прихожане обычно начинают в полночь празднование воскресения христа,более традиционные церкви зачастую проводят пасхальные бакослужения субботу вечером во время пасхальные хумыходы при этом прихожания обычно начинают в полыщ праздного не воскресения христа
1759,"Доктора Малар Баласубраманиан, 29 лет, нашли в Блю-Эше (штат Огайо), пригороде примерно в 15 милях к северу от Цинциннати. Он лежал на земле рядом с дорогой в футболке и нижнем белье и, по-видимому, в состоянии сильного наркотического опьянения.","Доктор Малар был Субрмониан 29 лет нашлеу блюк Эшо, штата Гайо, реграде примерно 15 милех к Севру Эццинцинатия. Он льжал на земле редом издаругой футболки, нежнембелья и, видимо, состояние сильного наркотическое обвинения.",доктора малар баласубраманиан 29 лет нашли в блю эше штат огайо пригороде примерно в 15 милях к северу от цинциннати он лежал на земле рядом с дорогой в футболке и нижнем белье и по видимому в состоянии сильного наркотического опьянения,доктор малар был субрмониан 29 лет нашлеу блюк эшо штата гайо реграде примерно 15 милех к севру эццинцинатия он льжал на земле редом издаругой футболки нежнембелья и видимо состояние сильного наркотическое обвинения
1824,"Плато Гиза, или же Некрополь Гизы, в египетской Долине Мёртвых, включает несколько пирамид (из которых Великая пирамида Гизы — самая большая), несколько небольших гробниц, несколько храмов и Большой сфинкс.","Плато гиза или жиникрополь гизы в Египетске дырени мёртвых, включает несколько пирамид, из которых великая пирамида гиза самая большая, несколько не больши гробниц, несколько храмов и большой эсфинкс.",плато гиза или же некрополь гизы в египетской долине мертвых включает несколько пирамид из которых великая пирамида гизы самая большая несколько небольших гробниц несколько храмов и большой сфинкс,плато гиза или жиникрополь гизы в египетске дырени мертвых включает несколько пирамид из которых великая пирамида гиза самая большая несколько не больши гробниц несколько храмов и большой эсфинкс
1891,Лаккха Сингх исполнил чхаппан бхог бхаджан.  Певец Раджу Кханделвал пел вместе с ним.,Лакхасинг исполнил Чхопан Пхок Пхаджан Певецраджу Канделвал бел вмесестим.,лаккха сингх исполнил чхаппан бхог бхаджан певец раджу кханделвал пел вместе с ним,лакхасинг исполнил чхопан пхок пхаджан певецраджу канделвал бел вмесестим
1982,"Для женщин: всем туристкам рекомендуется говорить, что они замужем, независимо от их настоящего семейного положения.","Для женшин, всем туристкам рекомендуються говорить, что они замужем, независима от их настояши в семенного положения.",для женщин всем туристкам рекомендуется говорить что они замужем независимо от их настоящего семейного положения,для женшин всем туристкам рекомендуються говорить что они замужем независима от их настояши в семенного положения
1941,Эти пары могут выбрать  создание плана усыновления для своего ребёнка.,Эти пары могут выбрать создания плана усыновления для своего ребенка.,эти пары могут выбрать создание плана усыновления для своего ребенка,эти пары могут выбрать создания плана усыновления для своего ребенка
1664,"Получите новую смесь, перемешав два сухих порошка в одной емкости, а затем чистыми влажными руками слепите из этой смеси шарик.","Палучите новую смесь, перемешав 2 сухих барышка в дно иомкости, а затем чистыми влажеными руками с лепейтей за тесмесе шарик.",получите новую смесь перемешав два сухих порошка в одной емкости а затем чистыми влажными руками слепите из этой смеси шарик,палучите новую смесь перемешав 2 сухих барышка в дно иомкости а затем чистыми влажеными руками с лепейтей за тесмесе шарик
1939,"Также после Революции открылись возможности работы открылись всем мужчинам, что позволило самым амбициозным и талантливым добиться успеха.","Также после революции открылись возможности работы открылись всем мужчинам, что позволило самым обицеозным и талантливым дабица успеха.",также после революции открылись возможности работы открылись всем мужчинам что позволило самым амбициозным и талантливым добиться успеха,также после революции открылись возможности работы открылись всем мужчинам что позволило самым обицеозным и талантливым дабица успеха
1951,"В 2002 году город Гома был разрушен лавой вулкана Ньирагонго, которая похоронила под собой большую часть городских улиц, особенно центральную часть города.","В 2002 году город Гома был разрушен Лавой Вулкана Нирагонго, котрая покарани лап от собой большую часть городских улиц, особенно центральный участок города.",в 2002 году город гома был разрушен лавой вулкана ньирагонго которая похоронила под собой большую часть городских улиц особенно центральную часть города,в 2002 году город гома был разрушен лавой вулкана нирагонго котрая покарани лап от собой большую часть городских улиц особенно центральный участок города
1918,Сундарбан был объявлен Объектом всемирного наследия ЮНЕСКО. Часть леса в пределах индийской территории называется Национальный парк Сундарбан.,Сундарбан был объявлен объектом псемерного наследия ЮНЕСКО. Час слеса в пределах Индийску территория називайся национальный парк Сундарбан.,сундарбан был объявлен объектом всемирного наследия юнеско часть леса в пределах индийской территории называется национальный парк сундарбан,сундарбан был объявлен объектом псемерного наследия юнеско час слеса в пределах индийску территория називайся национальный парк сундарбан
1752,"Это привело к тому, что два вида рыб вымерли, а два других, в том числе горбатый голавль, попали под угрозу исчезновения.","Этоп регулок тому, что два видо рыб вымерли, а два других, в том числе гробатый галабль, попали под угрозу исызновения.",это привело к тому что два вида рыб вымерли а два других в том числе горбатый голавль попали под угрозу исчезновения,этоп регулок тому что два видо рыб вымерли а два других в том числе гробатый галабль попали под угрозу исызновения
1707,Он является одной из главных достопримечательностей Южной Африки и считается ведущим среди южноафриканских национальных парков (SANParks).,Он являяся одно из главных достопримечательностей Южной Африки и считаяться ведущим среди Южной Африканских национальных парков Сан-Паркс.,он является одной из главных достопримечательностей южной африки и считается ведущим среди южноафриканских национальных парков sanparks,он являяся одно из главных достопримечательностей южной африки и считаяться ведущим среди южной африканских национальных парков сан паркс
1720,"Горячий шоколад отвечает стандартам Бельгии. Хотя фруктовые соки стоят дорого, они имеют превосходное качество.","Арячи шоколад отвещай стандартак белей, хотя фурктовые соки стоят дорого, они имеют прибысходынное качество.",горячий шоколад отвечает стандартам бельгии хотя фруктовые соки стоят дорого они имеют превосходное качество,арячи шоколад отвещай стандартак белей хотя фурктовые соки стоят дорого они имеют прибысходынное качество
1731,"Исследуя архипелаги или посещая озера, вы вполне сможете обойтись и без яхты.","Иследуя архипелаги или посещая озера, вы вполне сможете байтись и безияхты.",исследуя архипелаги или посещая озера вы вполне сможете обойтись и без яхты,иследуя архипелаги или посещая озера вы вполне сможете байтись и безияхты
1869,"Его длинные челюсти были усеяны более чем 70 острейшими зубами, вдобавок имелся дополнительный ряд на нёбе, так что тем, кто встречался на его пути, не было спасения.","Иодлинные чилисты блеусей не болечем. Семдистю ыстрей шуми зубами дабала кемелся дополнительной рядом на небе, так что тем, кудовстречал санайвапути не болоспасейне.",его длинные челюсти были усеяны более чем 70 острейшими зубами вдобавок имелся дополнительный ряд на небе так что тем кто встречался на его пути не было спасения,иодлинные чилисты блеусей не болечем семдистю ыстрей шуми зубами дабала кемелся дополнительной рядом на небе так что тем кудовстречал санайвапути не болоспасейне
1745,"Растения выглядят лучше всего в своей естественной среде обитания, поэтому не поддавайтесь искушению взять хотя бы один экземпляр.","Растения выгледят лучше всего в своей естественной среде обитания, поэтому не поддавайтесь искушения увзять хотя бы один экземпляр.",растения выглядят лучше всего в своей естественной среде обитания поэтому не поддавайтесь искушению взять хотя бы один экземпляр,растения выгледят лучше всего в своей естественной среде обитания поэтому не поддавайтесь искушения увзять хотя бы один экземпляр
1934,Обычно всегда слышен шум от туристов и продавцов. История звука и света похожа на книгу с историями.,"Абучина всегда слышан шум от туристов и продавцов, и история зубука и света похожа на книгу с историями.",обычно всегда слышен шум от туристов и продавцов история звука и света похожа на книгу с историями,абучина всегда слышан шум от туристов и продавцов и история зубука и света похожа на книгу с историями
1813,"Официальными языками Барселоны являются каталанский и испанский. Примерно половина населения предпочитает разговаривать на каталанском, большинство понимают его, и практически все знают испанский.",Официальные языками Борселоны являются каталански и испански. Примерно половина населения предпочитайт разговориватель на каталанском. Большинство у понимают его и практически все знают испански.,официальными языками барселоны являются каталанский и испанский примерно половина населения предпочитает разговаривать на каталанском большинство понимают его и практически все знают испанский,официальные языками борселоны являются каталански и испански примерно половина населения предпочитайт разговориватель на каталанском большинство у понимают его и практически все знают испански
1798,"В начальный период своего существования это шоу транслировалось только на сайте давно существующего онлайн-радио TogiNet Radio, посвященного радиобеседам.","В начальнике период сула существования эта шоу трансферусы т.н. сати, давно существующая онлайн радио «Тоджене традио» посвящену радио беседом.",в начальный период своего существования это шоу транслировалось только на сайте давно существующего онлайн радио toginet radio посвященного радиобеседам,в начальнике период сула существования эта шоу трансферусы т н сати давно существующая онлайн радио тоджене традио посвящену радио беседом
2002,Посредством движения устройства в воздухе игроки смогут управлять действиями и движениями в видеоиграх.,Посредством движения устройства в воздухе игроки смогут управлять действиями и движениями в видеоигырых.,посредством движения устройства в воздухе игроки смогут управлять действиями и движениями в видеоиграх,посредством движения устройства в воздухе игроки смогут управлять действиями и движениями в видеоигырых
1732,"Эпоху, в которой происходили данные события, принято называть Высоким Средневековьем, периодом европейской истории, затрагивающим XI, XII и XIII века (1000–1300 гг. н. э.).","Эпоху, в которой происходили данные события, приняты назовати Бусоким Средневековым, периодом европейской истории, затрагияу вишем 11-12-13 века 1000-1400 и года наши иер",эпоху в которой происходили данные события принято называть высоким средневековьем периодом европейской истории затрагивающим xi xii и xiii века 1000 1300 гг н э,эпоху в которой происходили данные события приняты назовати бусоким средневековым периодом европейской истории затрагияу вишем 11 12 13 века 1000 1400 и года наши иер
1913,"Тигриный рык не похож на полнозвучный рык льва, а больше напоминает выкрикивание предложений из неразборчивых слов.","Тигринирик не похож на полназвучный рик льва, а больше напоминает векрикивания предложений неразборчивых слов.",тигриный рык не похож на полнозвучный рык льва а больше напоминает выкрикивание предложений из неразборчивых слов,тигринирик не похож на полназвучный рик льва а больше напоминает векрикивания предложений неразборчивых слов
1784,"Гренландия была слабо заселена. В скандинавских сагах повествуется о том, что Эрика Рыжего изгнали из Исландии за убийство, и, продвигаясь дальше на запад, он открыл Гренландию и дал ей название.","Гренландия была слабо заселена в скандинавских сагах, повестуица, что Эрик Рыжево изгнали из Усландия за убийство, и Прдг с дальше Мозапад он крыл Гренландия и дал енозвания.",гренландия была слабо заселена в скандинавских сагах повествуется о том что эрика рыжего изгнали из исландии за убийство и продвигаясь дальше на запад он открыл гренландию и дал ей название,гренландия была слабо заселена в скандинавских сагах повестуица что эрик рыжево изгнали из усландия за убийство и прдг с дальше мозапад он крыл гренландия и дал енозвания
1911,"Аналогичным образом, если у вас есть шенгенская виза, вам не нужно подавать заявление на получение визы в каждую из стран-участниц Шенгенского соглашения отдельно, что позволит вам сэкономить время и деньги, а также избежать бумажной волокиты.","Аналогичным образом, если у вас есть шынгенская виза, вам не нужно падавать заявлення на получение визы в каждую истран участниц шынгенского соглашения отделына, что позволит вам секаномить времяидеянги, а также избежать бумажные волокиты.",аналогичным образом если у вас есть шенгенская виза вам не нужно подавать заявление на получение визы в каждую из стран участниц шенгенского соглашения отдельно что позволит вам сэкономить время и деньги а также избежать бумажной волокиты,аналогичным образом если у вас есть шынгенская виза вам не нужно падавать заявлення на получение визы в каждую истран участниц шынгенского соглашения отделына что позволит вам секаномить времяидеянги а также избежать бумажные волокиты
1683,"В живых есть ещё много мужчин и женщин, которые пережили своё пребывание здесь, но есть ещё больше людей, чьи близкие были убиты здесь или работали тут до смерти, будь то евреи или люди других национальностей.","Вживых есть еще много мужчины-женшин, которые пережили своя пребывания здесь, но есть еще больше людей, чей близкие были убиты здесь, или работали тудды смерти, будт-то еврея или люди других национальностей.",в живых есть еще много мужчин и женщин которые пережили свое пребывание здесь но есть еще больше людей чьи близкие были убиты здесь или работали тут до смерти будь то евреи или люди других национальностей,вживых есть еще много мужчины женшин которые пережили своя пребывания здесь но есть еще больше людей чей близкие были убиты здесь или работали тудды смерти будт то еврея или люди других национальностей
1838,"Великая Пирамида в Гизе это единственное из семи чудес света, которое существует сегодня.","Великая пирамида в Гизи — это единственный и семей чудес света, которая существует сегодня.",великая пирамида в гизе это единственное из семи чудес света которое существует сегодня,великая пирамида в гизи это единственный и семей чудес света которая существует сегодня
1761,"Позже фотографы заняли место пожилой женщины, так как она отлучилась в туалет. Мендосу застрелили.","Позже фотографы заняли место пожалой женшины, так как она отлучелась туалет. Мендосу застрелили.",позже фотографы заняли место пожилой женщины так как она отлучилась в туалет мендосу застрелили,позже фотографы заняли место пожалой женшины так как она отлучелась туалет мендосу застрелили
1905,"Столицей Молдовы является Кишинёв. Местный язык — румынский, но русский также широко распространён.",Столицы Молдовы и являются Кешиневы. Мерснизг румынский. Наруски так же Широко распространен.,столицей молдовы является кишинев местный язык румынский но русский также широко распространен,столицы молдовы и являются кешиневы мерснизг румынский наруски так же широко распространен
1864,"Г-жа Киршнер объявила о своём намерении баллотироваться на пост президента в Аргентинском театре, в том же месте, где она начала свою предвыборную кампанию в Сенат в 2005 году в качестве члена делегации провинции Буэнос-Айрес.","Гаспажа Киршнор объявил о своем намерении баллатироваться на пост президента в аргентинском театре, в том же мэстикде она начала свою предвыборную компания Сенадо 2005 г. в качестве члена делегация и провинция и бойносайрыс.",г жа киршнер объявила о своем намерении баллотироваться на пост президента в аргентинском театре в том же месте где она начала свою предвыборную кампанию в сенат в 2005 году в качестве члена делегации провинции буэнос айрес,гаспажа киршнор объявил о своем намерении баллатироваться на пост президента в аргентинском театре в том же мэстикде она начала свою предвыборную компания сенадо 2005 г в качестве члена делегация и провинция и бойносайрыс
1741,"Большие области далее к северу довольно редко заселены, а некоторые из них – практически незаселённая глушь.","Большие области Далек северу дауэлно редко заселены, а некоторые из них практически не заселеные глуш.",большие области далее к северу довольно редко заселены а некоторые из них практически незаселенная глушь,большие области далек северу дауэлно редко заселены а некоторые из них практически не заселеные глуш
1883,"Высота подмостового габарита составляет 15 метров. Строительство было завершено в августе 2011 года, его не открывали для движения до марта 2017 года.",Высота подмастового габарита составляют 15 метров. Стрейтелсты было завершено в августе 2019-го года. Его не открывали для движения Домарта 2017-го.,высота подмостового габарита составляет 15 метров строительство было завершено в августе 2011 года его не открывали для движения до марта 2017 года,высота подмастового габарита составляют 15 метров стрейтелсты было завершено в августе 2019 го года его не открывали для движения домарта 2017 го
1944,"Это иногда переполненные народом семейные пляжи с хорошим выбором магазинов, расположенных вдоль берега. Плавать безопасно.","Этойнагда переполнины народам семейные пляжи с хорошим выбора магазинов, разболоженных дол берега. Плабать без опасына.",это иногда переполненные народом семейные пляжи с хорошим выбором магазинов расположенных вдоль берега плавать безопасно,этойнагда переполнины народам семейные пляжи с хорошим выбора магазинов разболоженных дол берега плабать без опасына
1894,Карри — это блюдо на основе трав и специй в сочетании с мясом или овощами.,Карри — это блюда на аснуви траф и специи в сочетане с мясом или обачами.,карри это блюдо на основе трав и специй в сочетании с мясом или овощами,карри это блюда на аснуви траф и специи в сочетане с мясом или обачами
1700,Она тоньше под лунными морями и толще под нагорьями.,Анатуинши подлылынными морями и ту шеподногориями.,она тоньше под лунными морями и толще под нагорьями,анатуинши подлылынными морями и ту шеподногориями
1819,"В древнем Китае использовали уникальный способ обозначения периодов времени; каждый этап Китая или каждая семья, находившаяся у власти, были особой династией.","В древнем Китай использовали уникальный способ обозначения периода времени. Каждый тап Китоя или каждая семьяна ходивши сел власти, были особы династии.",в древнем китае использовали уникальный способ обозначения периодов времени каждый этап китая или каждая семья находившаяся у власти были особой династией,в древнем китай использовали уникальный способ обозначения периода времени каждый тап китоя или каждая семьяна ходивши сел власти были особы династии
1660,"Романтизм во многом включал в себя культурный детерминизм, почерпнутый у таких писателей, как Гёте, Фихте и Шлегель.","Романтизм ваумногам включал в себе культурный детерминизм, патчерпны теку таких писателей, когете, фихте ишле огел.",романтизм во многом включал в себя культурный детерминизм почерпнутый у таких писателей как гете фихте и шлегель,романтизм ваумногам включал в себе культурный детерминизм патчерпны теку таких писателей когете фихте ишле огел
1822,"Султан Марокко перестроил город под названием Эд-Дар-эль-Бейда, а испанские торговцы, создавшие тут торговые базы, назвали его Касабланка.","Солтан Марокко перестроил город под названием «Эд-Дар Эльбейда» а испанский торговцы, создавши ту торговый базы назвали Вокос Абланка.",султан марокко перестроил город под названием эд дар эль бейда а испанские торговцы создавшие тут торговые базы назвали его касабланка,солтан марокко перестроил город под названием эд дар эльбейда а испанский торговцы создавши ту торговый базы назвали вокос абланка
1683,"В живых есть ещё много мужчин и женщин, которые пережили своё пребывание здесь, но есть ещё больше людей, чьи близкие были убиты здесь или работали тут до смерти, будь то евреи или люди других национальностей.","Вживых есть еще много мужчины-женшин, которые пережиле свое прибывания здесь, но есть еще больше людей, чей близкие были убиты здесь, или работали тут до смерти, будьсты иурей, или люди другие хнуцианалистей.",в живых есть еще много мужчин и женщин которые пережили свое пребывание здесь но есть еще больше людей чьи близкие были убиты здесь или работали тут до смерти будь то евреи или люди других национальностей,вживых есть еще много мужчины женшин которые пережиле свое прибывания здесь но есть еще больше людей чей близкие были убиты здесь или работали тут до смерти будьсты иурей или люди другие хнуцианалистей
1733,"Первой среди 78 рекомендаций является то, что следует реализовать новую дипломатическую инициативу до конца этого года для укрепления иракских границ, чтобы не допустить враждебного вмешательства, а также для возобновления дипломатических отношений с соседями.","Первая среди 78 восьмирекомитация является то, что следуат реализоват нову дипломатическую инициативу до конца этого года для укрепления иракские границ, чтобы не достопить ураждебного мишательства, а также для воздомблёнмления дипломатические хатыношени с седями.",первой среди 78 рекомендаций является то что следует реализовать новую дипломатическую инициативу до конца этого года для укрепления иракских границ чтобы не допустить враждебного вмешательства а также для возобновления дипломатических отношений с соседями,первая среди 78 восьмирекомитация является то что следуат реализоват нову дипломатическую инициативу до конца этого года для укрепления иракские границ чтобы не достопить ураждебного мишательства а также для воздомбленмления дипломатические хатыношени с седями
1838,"Великая Пирамида в Гизе это единственное из семи чудес света, которое существует сегодня.","Теликай пирамидов гезе — это единая и семечудеса света, которая существует сегодня.",великая пирамида в гизе это единственное из семи чудес света которое существует сегодня,теликай пирамидов гезе это единая и семечудеса света которая существует сегодня
1857,"Он добавил, что ""их, однако, не следует просить брать на себя обязательства, которые выходят за рамки их стадии разработки, ответственности и возможностей"".","Он добавил, что их однако не следут, браздить брать на себе обязательства, которые выходят зарамки их стадия разработки, ответственности и возможностей.",он добавил что их однако не следует просить брать на себя обязательства которые выходят за рамки их стадии разработки ответственности и возможностей,он добавил что их однако не следут браздить брать на себе обязательства которые выходят зарамки их стадия разработки ответственности и возможностей
1830,Правящая партия Организация народов Юго‑Западной Африки (СВАПО) также сохранила большинство на парламентских выборах.,"Провещеп партия организация народы Югозападный Африкет, Сувапу, так же сохранила большинство на парламентских выборах.",правящая партия организация народов юго западной африки свапо также сохранила большинство на парламентских выборах,провещеп партия организация народы югозападный африкет сувапу так же сохранила большинство на парламентских выборах
1743,"Большинство воззрений на технологический детерминизм разделяют две общие идеи: что направление развития технологий практически неподвластно культурному или политическому влиянию и что, в свою очередь, ""воздействие"" технологий на общество обусловлено их собственными свойствами, а не обществом.","Большинство возрения на технологическе дудырминизм разделяют две общие идеи, что направления развития технология практическе не подвасын, культурному или политическу мовлиянию и что в свою очередь вождействие технологии на обшистью обусловлено их собственными свойствами, а не обшистым.",большинство воззрений на технологический детерминизм разделяют две общие идеи что направление развития технологий практически неподвластно культурному или политическому влиянию и что в свою очередь воздействие технологий на общество обусловлено их собственными свойствами а не обществом,большинство возрения на технологическе дудырминизм разделяют две общие идеи что направления развития технология практическе не подвасын культурному или политическу мовлиянию и что в свою очередь вождействие технологии на обшистью обусловлено их собственными свойствами а не обшистым
1995,"Виртуальный скаффолдинг, помогающий в обучении, встроен в программное обеспечение и предназначен для того, чтобы напоминать, объяснять и задавать вопросы насчёт процедур, с которыми обучающемуся, возможно, было бы слишком трудно справиться в одиночку.","Виртуальный скавфолдинг помогающего бучени встройн в программное обезпечения и предназначен для того, чтобы напоминать, объяснять и задавать вопросы насчет процеду, с которыми обучайушимыся возможына, было бы слишком трудно справиться в одиночку.",виртуальный скаффолдинг помогающий в обучении встроен в программное обеспечение и предназначен для того чтобы напоминать объяснять и задавать вопросы насчет процедур с которыми обучающемуся возможно было бы слишком трудно справиться в одиночку,виртуальный скавфолдинг помогающего бучени встройн в программное обезпечения и предназначен для того чтобы напоминать объяснять и задавать вопросы насчет процеду с которыми обучайушимыся возможына было бы слишком трудно справиться в одиночку
1740,Звуковое и световое шоу на фоне пирамиды является одним из самых интересных мероприятий в этой местности для детей.,Звуковой и световой шоу на фоне пирамиды является одним из самых интересных мероприятий в этой меседи дитей.,звуковое и световое шоу на фоне пирамиды является одним из самых интересных мероприятий в этой местности для детей,звуковой и световой шоу на фоне пирамиды является одним из самых интересных мероприятий в этой меседи дитей
1867,"Растения производят кислород, которым дышит человек, и поглощают углекислый газ, который человек выдыхает.","Ростения производят кислород, которым дешет человек и поглашают тугли кислый газ, который человек выдыхает.",растения производят кислород которым дышит человек и поглощают углекислый газ который человек выдыхает,ростения производят кислород которым дешет человек и поглашают тугли кислый газ который человек выдыхает
1923,"Эта стратегия доказала свою эффективность, отрезав жизненно важные военные и гражданские поставки, хотя эта блокада нарушала принятые повсеместно международные законы, изложенные в нескольких международных соглашениях за последние двести лет.","Эта стратегия доказала свою эффективность, отрезов жизненноваженные военные и гражданские поставки, хотя эта блокада нарушала принятые повсемесно международные законы, изложенные в нескольких международных соглашениях за последние 200 лет.",эта стратегия доказала свою эффективность отрезав жизненно важные военные и гражданские поставки хотя эта блокада нарушала принятые повсеместно международные законы изложенные в нескольких международных соглашениях за последние двести лет,эта стратегия доказала свою эффективность отрезов жизненноваженные военные и гражданские поставки хотя эта блокада нарушала принятые повсемесно международные законы изложенные в нескольких международных соглашениях за последние 200 лет
1679,Группа Aerosmith отменила оставшиеся концерты в своем турне.,Группа Эрсмиф отменилась ставшися концерты в своем турнет.,группа aerosmith отменила оставшиеся концерты в своем турне,группа эрсмиф отменилась ставшися концерты в своем турнет
1694,Дети передаются под опеку по множеству разнообразных причин: от беспризорности до жестокого обращения и даже вымогательств.,"Тети передаются падопек опымно жаствыразыно образынных причин, от безпризорности до жыстоку обращения и даживым мгательств.",дети передаются под опеку по множеству разнообразных причин от беспризорности до жестокого обращения и даже вымогательств,тети передаются падопек опымно жаствыразыно образынных причин от безпризорности до жыстоку обращения и даживым мгательств
1760,"Мозазавр был самым грозным хищником своего времени, поэтому он не боялся никого кроме других мозазавров.","Мазозавр был самым грозным хишникам своего времени, поэтому он никогда не боялся никого кроме других Мазозавров.",мозазавр был самым грозным хищником своего времени поэтому он не боялся никого кроме других мозазавров,мазозавр был самым грозным хишникам своего времени поэтому он никогда не боялся никого кроме других мазозавров
2002,Посредством движения устройства в воздухе игроки смогут управлять действиями и движениями в видеоиграх.,Посредь сам движения устройства в воздух игроки смогут управлять действиями движениями в идея игры.,посредством движения устройства в воздухе игроки смогут управлять действиями и движениями в видеоиграх,посредь сам движения устройства в воздух игроки смогут управлять действиями движениями в идея игры
1867,"Растения производят кислород, которым дышит человек, и поглощают углекислый газ, который человек выдыхает.","Ростения производит кислоуроды, которым дышит человек и поклашай тублики с лгаза, котрой человек вдыхает.",растения производят кислород которым дышит человек и поглощают углекислый газ который человек выдыхает,ростения производит кислоуроды которым дышит человек и поклашай тублики с лгаза котрой человек вдыхает
1774,"На удалённых островах кредитные карты, возможно, не будут приниматься, хотя британскую и американскую валюту могут принять; заранее проясните с владельцами какой способ оплаты является приемлемым.","Наудален Хестрвах кредитные карты возможена не будут приниматься, хотя британские американские валюты могут пренять, зарания прейсните с ладельцами какой способ аплата и влезти приемлемы.",на удаленных островах кредитные карты возможно не будут приниматься хотя британскую и американскую валюту могут принять заранее проясните с владельцами какой способ оплаты является приемлемым,наудален хестрвах кредитные карты возможена не будут приниматься хотя британские американские валюты могут пренять зарания прейсните с ладельцами какой способ аплата и влезти приемлемы
1880,"Таким образом, карандаш стал хорошим другом для многих людей, когда появился.","Таким образом карандаш стал хорошым другым для многих людей, когда появился.",таким образом карандаш стал хорошим другом для многих людей когда появился,таким образом карандаш стал хорошым другым для многих людей когда появился
1847,Его приветствовал заместитель премьер-министра Сингапура Вонг Кан Сенг. Затем он обсудил вопросы торговли и терроризма с премьер-министром Сингапура Ли Сянь Луном.,"Его приветствовал заместитель премьер-министр Сингапура Вонг Кан Сенг, затем он обсудил вопроса торговли и терроризманс премьер-министром Сингапура Ли Сяни-Луным.",его приветствовал заместитель премьер министра сингапура вонг кан сенг затем он обсудил вопросы торговли и терроризма с премьер министром сингапура ли сянь луном,его приветствовал заместитель премьер министр сингапура вонг кан сенг затем он обсудил вопроса торговли и терроризманс премьер министром сингапура ли сяни луным
1666,"Возможно, вам также следует проконсультироваться с другими правительствами, помимо своего, но их рекомендации направлены на своих граждан.","Возможно, вам так же следует проконсультироваться с другими прорывительстылами, помимо своего, но их рекомендации направлены на свой играждан.",возможно вам также следует проконсультироваться с другими правительствами помимо своего но их рекомендации направлены на своих граждан,возможно вам так же следует проконсультироваться с другими прорывительстылами помимо своего но их рекомендации направлены на свой играждан
1763,"Так же, как Луна притягивает Землю, при этом вызывая приливы, так и Млечный Путь воздействует на галактику в Стрельце.","Так же как луна притягивая дземблю, при этом вызывая приливы, такимлейшной путь воздействит на галактику стрельцы.",так же как луна притягивает землю при этом вызывая приливы так и млечный путь воздействует на галактику в стрельце,так же как луна притягивая дземблю при этом вызывая приливы такимлейшной путь воздействит на галактику стрельцы
1846,"Соотношение сторон этого формата (поделенное на двенадцать, чтобы получить соотношение с небольшими целыми числами) поэтому принято за 3:2.","Соотношения сторон этого формата поделенна на 12, чтобы получить соотношения с небольшими целыми числами, поэтому принято за 3.2.",соотношение сторон этого формата поделенное на двенадцать чтобы получить соотношение с небольшими целыми числами поэтому принято за 3 2,соотношения сторон этого формата поделенна на 12 чтобы получить соотношения с небольшими целыми числами поэтому принято за 3 2
1879,"Можно только гадать, что станет с клавиатурой, с появлением более новых технологий.","Можна только кодат, что станет с клавиатуры — с появлением боли новых технологий.",можно только гадать что станет с клавиатурой с появлением более новых технологий,можна только кодат что станет с клавиатуры с появлением боли новых технологий
1988,"Среди большинства граждан и народов в 1920-е годы преобладали такие настроения, как пацифизм и изоляция.","Среди большинства граждан Инродов 1920-го года преобладали таки инстрания, как по цифизм и изоляция.",среди большинства граждан и народов в 1920 е годы преобладали такие настроения как пацифизм и изоляция,среди большинства граждан инродов 1920 го года преобладали таки инстрания как по цифизм и изоляция
1990,"Блоги также могут улучшить навыки письма у учащихся. Хотя учащиеся часто начинают свой блог используя неряшливую грамматику и орфографию, это как правило меняется из-за присутствия аудитории.","Блоги так же мгуты лучши навыки письма уучша шекся, хотя уучша шейсе часто начинают свой блог, используя нерашливую грамматику и орфография — это как правило меняться из-за предсуствия аудитории.",блоги также могут улучшить навыки письма у учащихся хотя учащиеся часто начинают свой блог используя неряшливую грамматику и орфографию это как правило меняется из за присутствия аудитории,блоги так же мгуты лучши навыки письма уучша шекся хотя уучша шейсе часто начинают свой блог используя нерашливую грамматику и орфография это как правило меняться из за предсуствия аудитории
1745,"Растения выглядят лучше всего в своей естественной среде обитания, поэтому не поддавайтесь искушению взять хотя бы один экземпляр.","Растения выглядят лучше всего в своей естественной среде битания, поэтому не поддавайте сискушению взятия хотя бы один экземпляр.",растения выглядят лучше всего в своей естественной среде обитания поэтому не поддавайтесь искушению взять хотя бы один экземпляр,растения выглядят лучше всего в своей естественной среде битания поэтому не поддавайте сискушению взятия хотя бы один экземпляр
1814,"Ионы водорода — это протоны, от которых отделены электроны (атомы водорода состоят из одного протона и одного электрона).","Ионова дыроды — это протоны, от которых оделены электроны. Атомы Водерода состоят из одного протона и одного электрона.",ионы водорода это протоны от которых отделены электроны атомы водорода состоят из одного протона и одного электрона,ионова дыроды это протоны от которых оделены электроны атомы водерода состоят из одного протона и одного электрона
1849,"Если вы смотрели фильм ""Сокровище нации"", то можете подумать, что на оборотной стороне Декларации независимости была изображена карта сокровищ.","Если вы смотрели фильм «Сокрови сочинация» то можете подумать, что на оборот и страник декларация независимости была изобружына карта «сокровищ».",если вы смотрели фильм сокровище нации то можете подумать что на оборотной стороне декларации независимости была изображена карта сокровищ,если вы смотрели фильм сокрови сочинация то можете подумать что на оборот и страник декларация независимости была изобружына карта сокровищ
1868,"На другом конце спектра человек превращается в неузнаваемого индивида, которому кажется, что он должен изменить всё, что делала команда, и присвоить это себе.","На другом концессе спектра человек превращается в неузнавай обмаба индивида, которому кажется, что он должен изменить все что делал о команда и пресвать это себе.",на другом конце спектра человек превращается в неузнаваемого индивида которому кажется что он должен изменить все что делала команда и присвоить это себе,на другом концессе спектра человек превращается в неузнавай обмаба индивида которому кажется что он должен изменить все что делал о команда и пресвать это себе
1879,"Можно только гадать, что станет с клавиатурой, с появлением более новых технологий.","Можна только гадать, что станет склавиатуры с паиленем более нулык технологий.",можно только гадать что станет с клавиатурой с появлением более новых технологий,можна только гадать что станет склавиатуры с паиленем более нулык технологий
1810,"Губернатор Калифорнии Арнольд Шварценеггер подписал закон, запрещающий продажу или прокат видеоигр с применением насилия несовершеннолетним лицам.","Губернатор Калифорния Арнольд Швырцинегер подпысал за Конза, пришайши продаж у прокат видеоигр с применением насилия несовершымы летним лицем.",губернатор калифорнии арнольд шварценеггер подписал закон запрещающий продажу или прокат видеоигр с применением насилия несовершеннолетним лицам,губернатор калифорния арнольд швырцинегер подпысал за конза пришайши продаж у прокат видеоигр с применением насилия несовершымы летним лицем
1938,"В больнице был соблюден протокол инфекционного контроля, включая отдельное содержание пациента, чтобы предотвратить возможное заражение других пациентов.","В больнице был саблютион протокол инфекционного контроли, включая дельны содержания пациента, чтобы предотвратить возможенненное заразжания других пациентов.",в больнице был соблюден протокол инфекционного контроля включая отдельное содержание пациента чтобы предотвратить возможное заражение других пациентов,в больнице был саблютион протокол инфекционного контроли включая дельны содержания пациента чтобы предотвратить возможенненное заразжания других пациентов
1750,Находка также позволяет ознакомиться с эволюцией перьев у птиц.,Нахотка — так же позоля дознакомиться с оболюцей перел в аптиц.,находка также позволяет ознакомиться с эволюцией перьев у птиц,нахотка так же позоля дознакомиться с оболюцей перел в аптиц
1739,Пещера располагается на вершине горы к северу от Мекки и полностью изолирована от остального мира.,Пешер располагайся на Вершинья Гарык север от Мекки и полностью изолируя ваннатостарного мира.,пещера располагается на вершине горы к северу от мекки и полностью изолирована от остального мира,пешер располагайся на вершинья гарык север от мекки и полностью изолируя ваннатостарного мира
1820,"Сейчас люди пишут сообщения на экранах компьютеров, и им никогда не приходится иметь дело с точилкой.","Сейчас люди пишут сообщения на экранных компьютеров, им никогда не приходится иметь девлосты желкой.",сейчас люди пишут сообщения на экранах компьютеров и им никогда не приходится иметь дело с точилкой,сейчас люди пишут сообщения на экранных компьютеров им никогда не приходится иметь девлосты желкой
1710,"На прошлой недели Министерство экономики, труда и промышленности объявило, что Apple  проинформировала его о 34 дополнительных случаях перегрева, которые компания назвала ""несерьёзными"".","На прошлой неделе минисерсты экономики трудай и промышленности объявили, что Apple проромнили ровала его от 34 допылынительных случаяк перегрева, к которой компания назовала несерьезнамен.",на прошлой недели министерство экономики труда и промышленности объявило что apple проинформировала его о 34 дополнительных случаях перегрева которые компания назвала несерьезными,на прошлой неделе минисерсты экономики трудай и промышленности объявили что apple проромнили ровала его от 34 допылынительных случаяк перегрева к которой компания назовала несерьезнамен
1802,"Интернет сочетает в себе элементы как массовых, так и межличностных коммуникаций.","Интернетцы читает в себе элементы как массовых, так имежеличностых коммуникаций.",интернет сочетает в себе элементы как массовых так и межличностных коммуникаций,интернетцы читает в себе элементы как массовых так имежеличностых коммуникаций
1673,"Во время Войны за независимость США тринадцать штатов, в соответствии со Статьями конфедерации, впервые сформировали слабое центральное правительство, единственным органом которого был Конгресс.","Вауремя войны за независимость — США 13 штаттов, в соответствии со статиами конфедерациям, впервые сформировали слабая цедральная правительство. Единственным органом катаруа был конгресс.",во время войны за независимость сша тринадцать штатов в соответствии со статьями конфедерации впервые сформировали слабое центральное правительство единственным органом которого был конгресс,вауремя войны за независимость сша 13 штаттов в соответствии со статиами конфедерациям впервые сформировали слабая цедральная правительство единственным органом катаруа был конгресс
1986,"Наличие настоящей ""невидимой команды"" (Ларсон и ЛаФасто, 1989 г., с. 109) также является уникальным компонентом виртуальной команды.",Наличие Настаяши невидимые команды Ларсон Илафасто 1989 год S109 также являвца уникальным компонентом виртуальный команды.,наличие настоящей невидимой команды ларсон и лафасто 1989 г с 109 также является уникальным компонентом виртуальной команды,наличие настаяши невидимые команды ларсон илафасто 1989 год s109 также являвца уникальным компонентом виртуальный команды
1937,"Однако эти планы стали неактуальны практически за ночь, когда около 800 000 солдат из советской Красной армии образовали Белорусский и Украинский фронты после захвата восточных регионов Польши в нарушение Рижского мирного соглашения, Советско-Польского пакта о ненападении, и других международных соглашений, двусторонних и многосторонних.","Однако эти планы стали не актуальны практически за ночь, когда около 800 000 солдады Советской Красной армия брызовали Беларуския, Украинские фронты, после захвата восточных регионах Польши, внарушения Ришсколы мирноусыглашения, Советско-польско ваппакта, ани нападения и другие междонротных суглашений, двухстроних и мнагостроних.",однако эти планы стали неактуальны практически за ночь когда около 800 000 солдат из советской красной армии образовали белорусский и украинский фронты после захвата восточных регионов польши в нарушение рижского мирного соглашения советско польского пакта о ненападении и других международных соглашений двусторонних и многосторонних,однако эти планы стали не актуальны практически за ночь когда около 800 000 солдады советской красной армия брызовали беларуския украинские фронты после захвата восточных регионах польши внарушения ришсколы мирноусыглашения советско польско ваппакта ани нападения и другие междонротных суглашений двухстроних и мнагостроних
1727,"Дети, живущие на улицах, возможно, пережили тяжёлые формы насилия или травмирования до того, как убежать или быть брошенными.",Дети живущие на улицах возможны пирожилетие жолы формы насилия или травмирования дода волка кубежать или будь брошеным.,дети живущие на улицах возможно пережили тяжелые формы насилия или травмирования до того как убежать или быть брошенными,дети живущие на улицах возможны пирожилетие жолы формы насилия или травмирования дода волка кубежать или будь брошеным
1841,Не видно ничего кроме чистого прекрасного неба над головой и множества окружающих гор. Из глубины пещеры можно видеть и слышать лишь очень малую часть этого мира.,"Невидно, ничего кроме чистого прекрасыны вы небы над головой и множество окружающих гор. Изглубенны пещеры можно видеть и слышать лишь очень малую часть этого мира.",не видно ничего кроме чистого прекрасного неба над головой и множества окружающих гор из глубины пещеры можно видеть и слышать лишь очень малую часть этого мира,невидно ничего кроме чистого прекрасыны вы небы над головой и множество окружающих гор изглубенны пещеры можно видеть и слышать лишь очень малую часть этого мира
1914,"Исследования, которые проводились в двадцатом веке, показали, что существует два вида генетической вариативности: скрытая и выраженная.","Исследования, которые проводелись в 20 веке, показали, что существует два вида генетической вариативности — скрытая и урыжы.",исследования которые проводились в двадцатом веке показали что существует два вида генетической вариативности скрытая и выраженная,исследования которые проводелись в 20 веке показали что существует два вида генетической вариативности скрытая и урыжы
1789,"Среди других номинаций: ""Лучшая картина"", ""Режиссёр"", ""Операторская работа"", ""Дизайн костюмов"", ""Монтаж фильма"", ""Оригинальная музыка"", ""Художник-постановщик"", ""Звуковой монтаж"", ""Звук"" и ""Оригинальный сценарий"".","Среди других номинаций — «лучшая картина», «режиссер», «операторская работа», «дизайн», «костюмов», «мантаж фильмы», «оргинальная музыка», «художженник-постановщик», «звуковой монтаж», «звук» и «оргинальные сценарии».",среди других номинаций лучшая картина режиссер операторская работа дизайн костюмов монтаж фильма оригинальная музыка художник постановщик звуковой монтаж звук и оригинальный сценарий,среди других номинаций лучшая картина режиссер операторская работа дизайн костюмов мантаж фильмы оргинальная музыка художженник постановщик звуковой монтаж звук и оргинальные сценарии
1989,"Кроме того, он занимался гравюрным оттиском банкнот для многих стран. Недавние примеры его работ — портреты премьер-министра на лицевой стороне новых банкнот Канады номиналом 5 и 100 долларов.","Кроме того, он занимался граверным отискан банкнот для многих стран. Недавни и примеры его работ, портреты премьер-министр анализ свостырани НОБ банкнот Канады номиналом 5$.",кроме того он занимался гравюрным оттиском банкнот для многих стран недавние примеры его работ портреты премьер министра на лицевой стороне новых банкнот канады номиналом 5 и 100 долларов,кроме того он занимался граверным отискан банкнот для многих стран недавни и примеры его работ портреты премьер министр анализ свостырани ноб банкнот канады номиналом 5
1840,"Подобные площадки, которые посетило большое количество людей, были организованы во многих других городах Италии и в остальном мире, в частности в Польше.","Подобные площадки, которые постилы большая колледей буйл организован и в многих другие городах Италии и в остылном меривчасынности в Польшин.",подобные площадки которые посетило большое количество людей были организованы во многих других городах италии и в остальном мире в частности в польше,подобные площадки которые постилы большая колледей буйл организован и в многих другие городах италии и в остылном меривчасынности в польшин
1746,"Растения питаются от солнца при помощи фотосинтеза. Кроме того, они отбрасывают тень.","Растения питаются солнца при помощи фотосиндоза, к куруметову а не отбрасывай тень.",растения питаются от солнца при помощи фотосинтеза кроме того они отбрасывают тень,растения питаются солнца при помощи фотосиндоза к куруметову а не отбрасывай тень
1808,"Через два года после окончания войны бывшие союзники стали врагами, и началась Холодная война.","Через два года после окончания войны бувши союзненькие стали врагами, и началась холодная война.",через два года после окончания войны бывшие союзники стали врагами и началась холодная война,через два года после окончания войны бувши союзненькие стали врагами и началась холодная война
1784,"Гренландия была слабо заселена. В скандинавских сагах повествуется о том, что Эрика Рыжего изгнали из Исландии за убийство, и, продвигаясь дальше на запад, он открыл Гренландию и дал ей название.","Гренландия была слабо заселена. Босконенавских сагах поюстуыся том, что Эрик Рыжево из Гнальдзисландия зау бейстыла и продвига издалши на запад, оныпкрыл Гренландию далгие названия.",гренландия была слабо заселена в скандинавских сагах повествуется о том что эрика рыжего изгнали из исландии за убийство и продвигаясь дальше на запад он открыл гренландию и дал ей название,гренландия была слабо заселена босконенавских сагах поюстуыся том что эрик рыжево из гнальдзисландия зау бейстыла и продвига издалши на запад оныпкрыл гренландию далгие названия
1699,"Бишкек был описан одним обозревателем как погружающийся в состояние анархии, поскольку группы людей бегали по улицам и грабили магазины с потребительскими товарами.","Бешкек был описан одним обозревателем как пагружайшися в состояние на архив, поскольку группы людей бегали по улицы Мграбель мгазинах с потребительскими табарами.",бишкек был описан одним обозревателем как погружающийся в состояние анархии поскольку группы людей бегали по улицам и грабили магазины с потребительскими товарами,бешкек был описан одним обозревателем как пагружайшися в состояние на архив поскольку группы людей бегали по улицы мграбель мгазинах с потребительскими табарами
1860,"Канцелярия губернатора сообщила, что 19 из раненных были офицерами полиции.",Комцеллерия губернаторы сообщилы что 19 раненых бюллеофициерами полиция.,канцелярия губернатора сообщила что 19 из раненных были офицерами полиции,комцеллерия губернаторы сообщилы что 19 раненых бюллеофициерами полиция
1758,Архипелаг располагается в 120 километрах от полуострова. Крупнейшим остров носит имя Короля Георга с поселением Вилья-лас-Эстрельяс.,Архипелагерс полагается 128 км от Пулуо островы. Крупнейши остров носит имя короля Георго с поселеним Вилья Лас Эстрельес.,архипелаг располагается в 120 километрах от полуострова крупнейшим остров носит имя короля георга с поселением вилья лас эстрельяс,архипелагерс полагается 128 км от пулуо островы крупнейши остров носит имя короля георго с поселеним вилья лас эстрельес
2001,"Путешественникам настоятельно рекомендуется принимать во внимание любые риски, связанные с суровой погодой в их районе, поскольку они могут повлиять на любые планы поездки.","Путешественникам настаятелно рекомендуються принимать вовнимание любые риски сязаные с суровы погода в их районе, поскольку они могут павлиять на любые планы поездки.",путешественникам настоятельно рекомендуется принимать во внимание любые риски связанные с суровой погодой в их районе поскольку они могут повлиять на любые планы поездки,путешественникам настаятелно рекомендуються принимать вовнимание любые риски сязаные с суровы погода в их районе поскольку они могут павлиять на любые планы поездки
1775,Использование видеозаписи привело к важным открытиям в сфере интерпретации микровыражений  — движений лица длительностью несколько миллисекунд.,Использование видеозаписи привел к важным открытиям в сфере интерпретации микровыражений движани лица длительность в несколька милисекунд.,использование видеозаписи привело к важным открытиям в сфере интерпретации микровыражений движений лица длительностью несколько миллисекунд,использование видеозаписи привел к важным открытиям в сфере интерпретации микровыражений движани лица длительность в несколька милисекунд
1717,"Обратный поток сосредоточен в нескольких более глубоких участках, где может образовываться быстрое течение, уходящее на большую глубину, из-за подобной подводной топологии.","Обратный потоксас редатучину в несколько более глубоких участках, где может абразовываться бестрая течение, уходящие на большую глубину и дзеподобные подводные топологии.",обратный поток сосредоточен в нескольких более глубоких участках где может образовываться быстрое течение уходящее на большую глубину из за подобной подводной топологии,обратный потоксас редатучину в несколько более глубоких участках где может абразовываться бестрая течение уходящие на большую глубину и дзеподобные подводные топологии
1966,"Комиссия стала ответом Мартелли на массовые протесты против государственного режима, начавшиеся в октябре.","Комиссия стала ответом Мортелли на масовые протесты против государственной режима, начавшись в октябре.",комиссия стала ответом мартелли на массовые протесты против государственного режима начавшиеся в октябре,комиссия стала ответом мортелли на масовые протесты против государственной режима начавшись в октябре
1701,"Козы, по-видимому, впервые были одомашнены около 10 000 лет назад в иранских горах Загрос.","Козы, по видимому, впервые были дамашины около 10 000 лет назад в Иранске горах загроз.",козы по видимому впервые были одомашнены около 10 000 лет назад в иранских горах загрос,козы по видимому впервые были дамашины около 10 000 лет назад в иранске горах загроз
1716,"Развлекательно-новостной сайт TMZ полагает, что фотограф остановил свой автомобиль на противоположной стороне бульвара Сепульведа и попытался сделать снимки остановки полицейскими, перед тем как перейти дорогу и продолжить. Полицейский Калифорнийского дорожного патруля, остановивший движение, дважды был вынужден приказать ему перейти обратно.","Развлекательный на васной сайт ТМЗ полагай, что фотограф остановил свой автомобиль на противоположной стороне Бульвара Сипулведа и попытался изделать с ним кеостановки полицейскими перед тем, как перетей доругу и продолжить. Полицейский Королеворниского дорожного патруля, остановивши движения два жуды был вынужден приказать ему перетей обратно.",развлекательно новостной сайт tmz полагает что фотограф остановил свой автомобиль на противоположной стороне бульвара сепульведа и попытался сделать снимки остановки полицейскими перед тем как перейти дорогу и продолжить полицейский калифорнийского дорожного патруля остановивший движение дважды был вынужден приказать ему перейти обратно,развлекательный на васной сайт тмз полагай что фотограф остановил свой автомобиль на противоположной стороне бульвара сипулведа и попытался изделать с ним кеостановки полицейскими перед тем как перетей доругу и продолжить полицейский королеворниского дорожного патруля остановивши движения два жуды был вынужден приказать ему перетей обратно
1797,Каждый является членом общества и использует транспортные системы. Практически каждый жалуется на эти систем.,Каждый является тышленым обшистоты и испозждает транспортная система. Практически каждый жалуется на эти системы.,каждый является членом общества и использует транспортные системы практически каждый жалуется на эти систем,каждый является тышленым обшистоты и испозждает транспортная система практически каждый жалуется на эти системы
1820,"Сейчас люди пишут сообщения на экранах компьютеров, и им никогда не приходится иметь дело с точилкой.","Секасы люди пишутся общения на экранах компьютеров, и мы ногда не приходилось иметь дело сочелкой.",сейчас люди пишут сообщения на экранах компьютеров и им никогда не приходится иметь дело с точилкой,секасы люди пишутся общения на экранах компьютеров и мы ногда не приходилось иметь дело сочелкой
2000,"Если вы пересекаете северную часть Балтийского моря зимой, узнайте насчёт расположения каюты, так как прохождение по льду приводит к довольно жуткому шуму, который может мешать спать наиболее чувствительным людям.","Если вы пересекайте северную часть Болтиского моря зимой, узнате на счет расположения коюты, так как прохождение пальду приводит довольно шутка мушуму, котрую может мешать спать, найболее чувствительным людям.",если вы пересекаете северную часть балтийского моря зимой узнайте насчет расположения каюты так как прохождение по льду приводит к довольно жуткому шуму который может мешать спать наиболее чувствительным людям,если вы пересекайте северную часть болтиского моря зимой узнате на счет расположения коюты так как прохождение пальду приводит довольно шутка мушуму котрую может мешать спать найболее чувствительным людям
1867,"Растения производят кислород, которым дышит человек, и поглощают углекислый газ, который человек выдыхает.","Ростения производят кислород, которым дышат человек и поглашают углекислый газ, который человек выдахают.",растения производят кислород которым дышит человек и поглощают углекислый газ который человек выдыхает,ростения производят кислород которым дышат человек и поглашают углекислый газ который человек выдахают
1886,"Древние культуры и племена начали оставлять их себе, чтобы иметь под рукой молоко, шерсть, мясо и шкуру.","Древние культуры и племена начали оставлять их себе, чтобы иметь под рукой молоко, жерсть, мясы и шкул.",древние культуры и племена начали оставлять их себе чтобы иметь под рукой молоко шерсть мясо и шкуру,древние культуры и племена начали оставлять их себе чтобы иметь под рукой молоко жерсть мясы и шкул
1667,"Как правило, могут проявляться два типа поведения когда менеджеры начинают руководить людьми, ранее равными им по статусу. Одна крайность спектра – это попытка оставаться ""своим парнем"" (или девушкой).","Как правило, могут появляться два типа поведения, когда менеджеры начинают руководить людьми ранее равными им по статусу, одна крайна спектра и т.п. оставаться своим парнем или девушкой.",как правило могут проявляться два типа поведения когда менеджеры начинают руководить людьми ранее равными им по статусу одна крайность спектра это попытка оставаться своим парнем или девушкой,как правило могут появляться два типа поведения когда менеджеры начинают руководить людьми ранее равными им по статусу одна крайна спектра и т п оставаться своим парнем или девушкой
1927,"Эйнджел (2006 г.) объясняет подход ""Континуум"" как метод, используемый для помощи организациям в достижении более высокого уровня эффективности.",Angel 2010-го года объясняет подхот континуум как метод используемы для помощи организациям достижения боли высокой уровня эффективности.,эйнджел 2006 г объясняет подход континуум как метод используемый для помощи организациям в достижении более высокого уровня эффективности,angel 2010 го года объясняет подхот континуум как метод используемы для помощи организациям достижения боли высокой уровня эффективности
1898,"""Он [Уэльс] по сути лгал нам с самого начала. Во-первых, действуя так, как будто это нужно было сделать по юридическим причинам. Во-вторых, делая вид, что слушает нас вплоть до своего удаления изображений.""","Он уэльс Пасоти Илгау нам с самого начало. В Аперок действую так, как будто это нужно было сделать, поеуридическим причинам, во второй деловит, что слушает нас блогга своего удалей не за бражений.",он уэльс по сути лгал нам с самого начала во первых действуя так как будто это нужно было сделать по юридическим причинам во вторых делая вид что слушает нас вплоть до своего удаления изображений,он уэльс пасоти илгау нам с самого начало в аперок действую так как будто это нужно было сделать поеуридическим причинам во второй деловит что слушает нас блогга своего удалей не за бражений
1689,"Европа — относительно маленький континент, но на нём много независимых государств. В обычных обстоятельствах путешествие через множество стран означало бы необходимость подачи прошений для получения визы и многократного прохождения паспортного контроля.","Еуропа — относительно маленький континент, но на нём много независимых государств. В обыщен хобствятистах путешествия через множыства стран означалобы необходимость подачи прошений для получения визой и многократно прохождения паспортного контроля.",европа относительно маленький континент но на нем много независимых государств в обычных обстоятельствах путешествие через множество стран означало бы необходимость подачи прошений для получения визы и многократного прохождения паспортного контроля,еуропа относительно маленький континент но на нем много независимых государств в обыщен хобствятистах путешествия через множыства стран означалобы необходимость подачи прошений для получения визой и многократно прохождения паспортного контроля
1769,"Великая пирамида была возведена египтянами в третьем веке до нашей эры и является одним из множества больших пирамидальных сооружений, построенных, чтобы почтить память фараона.","Великая пирамида была возведена египтеаным в третим веке данаши Ире, и является одним из множествы больших пирамидальных соружиней, постройинных чтобы почтить память фараона.",великая пирамида была возведена египтянами в третьем веке до нашей эры и является одним из множества больших пирамидальных сооружений построенных чтобы почтить память фараона,великая пирамида была возведена египтеаным в третим веке данаши ире и является одним из множествы больших пирамидальных соружиней постройинных чтобы почтить память фараона
1718,"Не существует универсального определения того, какие произведённые изделия являются антиквариатом. Некоторые налоговые органы определяют товары, которым за 100 лет, как антиквариат.","Не существует университаленное определение того, как и произведенные изделия киевляют с антикуриатом. Некоторые налоговые органы обределяют товар и которым за 100 лет, как антикуриат.",не существует универсального определения того какие произведенные изделия являются антиквариатом некоторые налоговые органы определяют товары которым за 100 лет как антиквариат,не существует университаленное определение того как и произведенные изделия киевляют с антикуриатом некоторые налоговые органы обределяют товар и которым за 100 лет как антикуриат
1940,"Принимая во внимание все вышесказанное, не стоит удивляться тому, что наши предки решили ""белковую проблему"" примерно так же, как ее решают шимпанзе в саванне по сей день.","Принемай в обнимания всё вышыска за ная, не стоит удивляться тому, что наши предки решили белковую проблему, примерно так же, как и решал шимпанзе Савани поседей.",принимая во внимание все вышесказанное не стоит удивляться тому что наши предки решили белковую проблему примерно так же как ее решают шимпанзе в саванне по сей день,принемай в обнимания все вышыска за ная не стоит удивляться тому что наши предки решили белковую проблему примерно так же как и решал шимпанзе савани поседей
1742,"Территория Гонконга была названа в честь острова Гонконг, места, которое многие туристы считают главным объектом  своего внимания.","Церкви Гонгонгы был аназваны в честь Островок Гонгонг, места которые многих туристы считают главным объектам своего внимания.",территория гонконга была названа в честь острова гонконг места которое многие туристы считают главным объектом своего внимания,церкви гонгонгы был аназваны в честь островок гонгонг места которые многих туристы считают главным объектам своего внимания
1706,"Более традиционные церкви зачастую проводят пасхальное богослужение в субботу вечером во время пасхальных выходных, при этом прихожане обычно начинают в полночь празднование Воскресения Христа.","Более традиционный церкви зачасту проводит басхалльное богослужение в суббота вечером во время басхалльных выходных, при этом прихожания бушина ночина в полночь праздамуне воскресения Христа.",более традиционные церкви зачастую проводят пасхальное богослужение в субботу вечером во время пасхальных выходных при этом прихожане обычно начинают в полночь празднование воскресения христа,более традиционный церкви зачасту проводит басхалльное богослужение в суббота вечером во время басхалльных выходных при этом прихожания бушина ночина в полночь праздамуне воскресения христа
1698,"Все во вселенной состоит из материи. Вся материя состоит из мельчайших частиц, называемых атомами.","«Селоселеной» состей тез матери. Вся материя состей тез мельчайжи кчастиц, называй мыхатыбами.",все во вселенной состоит из материи вся материя состоит из мельчайших частиц называемых атомами,селоселеной состей тез матери вся материя состей тез мельчайжи кчастиц называй мыхатыбами
1670,"Их термические характеристики не такие стабильные, как у больших пещер на Земле, которые часто поддерживают почти постоянную температуру, но они соответствуют тому, что является глубокими ямами в грунте, — сообщил Глен Кушинг из отдела планетной геологии Геологической службы США и Университета Северной Аризоны, расположенного во Флагстаффе, Аризона.","Их термические характеристики кинетеки стабильные когубальши пешерн зимля, которые часто поддерживают почти постоянную температуру, но они соответствую тому, что являются клубокими ямуми грудья, с общоклен кушинга изоделопы на нотной геологические службы США и университета себерной арезоны, расположенного вовлак в Стайфе — Аризоно.",их термические характеристики не такие стабильные как у больших пещер на земле которые часто поддерживают почти постоянную температуру но они соответствуют тому что является глубокими ямами в грунте сообщил глен кушинг из отдела планетной геологии геологической службы сша и университета северной аризоны расположенного во флагстаффе аризона,их термические характеристики кинетеки стабильные когубальши пешерн зимля которые часто поддерживают почти постоянную температуру но они соответствую тому что являются клубокими ямуми грудья с общоклен кушинга изоделопы на нотной геологические службы сша и университета себерной арезоны расположенного вовлак в стайфе аризоно
1679,Группа Aerosmith отменила оставшиеся концерты в своем турне.,Группа Айросмитт отменила оставшись концертных своем туры,группа aerosmith отменила оставшиеся концерты в своем турне,группа айросмитт отменила оставшись концертных своем туры
1776,"За ночь было изготовлено 150–200 копий, теперь известных как ""листовки Данлэпа"".","Занач был айсготовлено 150-200 копий, теперь известных как лестовки Данлопа.",за ночь было изготовлено 150 200 копий теперь известных как листовки данлэпа,занач был айсготовлено 150 200 копий теперь известных как лестовки данлопа
1842,"Так как у перьев динозавров отсутствует хорошо развитый стержень, называемый рахисом, но все же имеются другие отличительные черты — бородки и бородочки — исследователи пришли к выводу, что рахис, скорее всего, появился позднее путем эволюционного развития других отличительных черт.","Так как уперив динозавров отсутствует хорошо развитоестержи назовайым и рахисом, но все жемеются другие отличительные черты, баротки и породышки, исследователи пришли к велото, что рахис скорее всего появился пазней, путем эволюционного развития других отличительных черт.",так как у перьев динозавров отсутствует хорошо развитый стержень называемый рахисом но все же имеются другие отличительные черты бородки и бородочки исследователи пришли к выводу что рахис скорее всего появился позднее путем эволюционного развития других отличительных черт,так как уперив динозавров отсутствует хорошо развитоестержи назовайым и рахисом но все жемеются другие отличительные черты баротки и породышки исследователи пришли к велото что рахис скорее всего появился пазней путем эволюционного развития других отличительных черт
1910,"Парижане слывут эгоцентричными, грубыми и надменными.","Парижане с ловуд эгоцентричными, грубыми и надменными.",парижане слывут эгоцентричными грубыми и надменными,парижане с ловуд эгоцентричными грубыми и надменными
1799,"Помимо соревнований в среду, Карпендо принимал участие в двух индивидуальных соревнованиях на чемпионатах.",Помимо срывнования в среду корпендо принимал участие в двух индивидуальных срывнованиях на чемпионатах.,помимо соревнований в среду карпендо принимал участие в двух индивидуальных соревнованиях на чемпионатах,помимо срывнования в среду корпендо принимал участие в двух индивидуальных срывнованиях на чемпионатах
1949,"Термин ""жук"" используется энтомологами формально для обозначения группы насекомых.",Термин Жук используется энтомологами формали для бозначения группы нысекомых.,термин жук используется энтомологами формально для обозначения группы насекомых,термин жук используется энтомологами формали для бозначения группы нысекомых
1672,Не подвергайте ткань воздействию слишком высокой температуры (что может привести к усадке или в очень редких случаях к ожогу).,"Не подвергайте, ткань б издесте слишком высоку температуры, что мужет привести к усатке или в очень редкий случай кажоу.",не подвергайте ткань воздействию слишком высокой температуры что может привести к усадке или в очень редких случаях к ожогу,не подвергайте ткань б издесте слишком высоку температуры что мужет привести к усатке или в очень редкий случай кажоу
1987,"Падение произошло в высокогорье, и, как полагают, стало результатом вражеского огня.","Падения произошло в Исокогория и, как полагают, стал результатом бражеско вагни.",падение произошло в высокогорье и как полагают стало результатом вражеского огня,падения произошло в исокогория и как полагают стал результатом бражеско вагни
1854,Сам автомобиль убрали с места происшествия в тот же день примерно в 12:00 по Гринвичу.,"Сам автомобиль Убралес место прейшестве в тот же день, примерно в 12.00 погринвичу.",сам автомобиль убрали с места происшествия в тот же день примерно в 12 00 по гринвичу,сам автомобиль убралес место прейшестве в тот же день примерно в 12 00 погринвичу
1999,"В 1960-х гг. Бжезинский занимал должность советника при Джоне Ф. Кеннеди, затем в администрации Линдона Б. Джонсона.","В 1960 г. Бжезинске занималтоженная советника Приджонни F Кеннеде, затем в администрации Линдона Б Джонсоны.",в 1960 х гг бжезинский занимал должность советника при джоне ф кеннеди затем в администрации линдона б джонсона,в 1960 г бжезинске занималтоженная советника приджонни f кеннеде затем в администрации линдона б джонсоны
2009,"Наиболее доступными растительными ресурсами были бы белки, находящиеся в листьях и бобовых, но они плохо усваиваются такими приматами, как мы, если их не готовить.","Найболее доступными растительными ресурсами бели бы белкины хадящиеся в листьях и бабовых, но не плухов с вайвутстокими примадами как мы, если их не готовить.",наиболее доступными растительными ресурсами были бы белки находящиеся в листьях и бобовых но они плохо усваиваются такими приматами как мы если их не готовить,найболее доступными растительными ресурсами бели бы белкины хадящиеся в листьях и бабовых но не плухов с вайвутстокими примадами как мы если их не готовить
1749,"Он находился под управлением ""вишистских"" французов. Эти французы, заключили мир с немцами в 1940 году и работали вместе с захватчиками вместо того, чтобы им противостоять.","Он нахадил сеподуправлением вишицких французов. Эти французы заключили мерсы немцыни в 1947 году и работали вместе с захватчикам, вместе табо, чтобы им противостоять.",он находился под управлением вишистских французов эти французы заключили мир с немцами в 1940 году и работали вместе с захватчиками вместо того чтобы им противостоять,он нахадил сеподуправлением вишицких французов эти французы заключили мерсы немцыни в 1947 году и работали вместе с захватчикам вместе табо чтобы им противостоять
1783,"К региональным и сезонным опасным явлениям погоды относятся метели, снежные бури, ледяные и пыльные бури.","Креональнием сезонным опасным явления погоды относит самотелли, снижыния буры, ледяные и пыльные буры.",к региональным и сезонным опасным явлениям погоды относятся метели снежные бури ледяные и пыльные бури,креональнием сезонным опасным явления погоды относит самотелли снижыния буры ледяные и пыльные буры
1712,"С 1966 года Сундарбан является заповедником дикой природы, и, по имеющимся подсчётам, на его территории в настоящее время обитают 400 бенгальских тигров и около 30 000 пятнистых оленей.","1966-го года Сондарбан являяся заповедникам дега природы и поимейшемся патчотам, на его территорию настыше время битают 400 бенгалдских цигров и около 30 000 пикнисты халений.",с 1966 года сундарбан является заповедником дикой природы и по имеющимся подсчетам на его территории в настоящее время обитают 400 бенгальских тигров и около 30 000 пятнистых оленей,1966 го года сондарбан являяся заповедникам дега природы и поимейшемся патчотам на его территорию настыше время битают 400 бенгалдских цигров и около 30 000 пикнисты халений
1662,"Сплавы по существу представляют собой смесь двух или более металлов. Не забывайте, что в периодической таблице много элементов.","Сплавы посушествуы представляют собой смесь дыбух или боли металлов. Не забывайте, что в биряде жаскодаблиться много элементов.",сплавы по существу представляют собой смесь двух или более металлов не забывайте что в периодической таблице много элементов,сплавы посушествуы представляют собой смесь дыбух или боли металлов не забывайте что в биряде жаскодаблиться много элементов
1991,"В течение этого периода европейской истории, католическая церковь, ставшая богатой и сильной, оказалась объектом пристального внимания.","В течение этого периода европейские истории католическая церковь, ставшая богатой и сильной, оказалась объектом пристылного внимания.",в течение этого периода европейской истории католическая церковь ставшая богатой и сильной оказалась объектом пристального внимания,в течение этого периода европейские истории католическая церковь ставшая богатой и сильной оказалась объектом пристылного внимания
1671,"Конгресс начал финансировать инициативу по борьбе с развратом в 2005 налоговом году и определил, что ФБР должно выделить 10 агентов на борьбу со взрослой порнографией.","Конгресс начал финансировать инициативу по борбе с развратом в 2005 налоговым году и определил, что ФБР должны выделить 10 агентов на борбу совзрослые парнографий.",конгресс начал финансировать инициативу по борьбе с развратом в 2005 налоговом году и определил что фбр должно выделить 10 агентов на борьбу со взрослой порнографией,конгресс начал финансировать инициативу по борбе с развратом в 2005 налоговым году и определил что фбр должны выделить 10 агентов на борбу совзрослые парнографий
1895,"По мере того как знание греческого языка ухудшалось, Запад оказался отрезанным от своих философских и научных греческих корней.","Помери того, как знания греческого языка охудшалась, Запад оказал ассатрезан от своих философских научыны греческих корней.",по мере того как знание греческого языка ухудшалось запад оказался отрезанным от своих философских и научных греческих корней,помери того как знания греческого языка охудшалась запад оказал ассатрезан от своих философских научыны греческих корней
1981,"Если вы сходите на берег только в порядке экскурсии на корабле, вам не понадобится отдельная виза (с 2009).","Если вы сходите на берег, только в порядке экскурсии на корабле вам не понадобится отдельная виза – сутки 9.",если вы сходите на берег только в порядке экскурсии на корабле вам не понадобится отдельная виза с 2009,если вы сходите на берег только в порядке экскурсии на корабле вам не понадобится отдельная виза сутки 9
1992,"Термин ""сафари"" в повседневном использовании означает наземную поездку с целью посмотреть поразительную дикую природу Африки, особенно в саванне.","Термин Сафария в поседневном использование означает на земную поездку с целью посмотреть и паразитхи наудику природу Африки, особенно в Саване.",термин сафари в повседневном использовании означает наземную поездку с целью посмотреть поразительную дикую природу африки особенно в саванне,термин сафария в поседневном использование означает на земную поездку с целью посмотреть и паразитхи наудику природу африки особенно в саване
1823,Изучение движения отдельных водителей и автомобилей между двумя точками и их взаимодействие друг с другом осуществляется в рамках исследования транспортных потоков.,"Изучения, движения отдельных водителей и автомобили между двумя точками их взаймодейстилы друг с другом осуществляется в рамках хыследывания траспорных потолков.",изучение движения отдельных водителей и автомобилей между двумя точками и их взаимодействие друг с другом осуществляется в рамках исследования транспортных потоков,изучения движения отдельных водителей и автомобили между двумя точками их взаймодейстилы друг с другом осуществляется в рамках хыследывания траспорных потолков
1774,"На удалённых островах кредитные карты, возможно, не будут приниматься, хотя британскую и американскую валюту могут принять; заранее проясните с владельцами какой способ оплаты является приемлемым.","Наудоленых островах кредитные карты – возможны, не будут принимасы, хотя британскую американскую валюты могут принять. Зарани опресните с владельцами какой способ оплаты является приемлемы.",на удаленных островах кредитные карты возможно не будут приниматься хотя британскую и американскую валюту могут принять заранее проясните с владельцами какой способ оплаты является приемлемым,наудоленых островах кредитные карты возможны не будут принимасы хотя британскую американскую валюты могут принять зарани опресните с владельцами какой способ оплаты является приемлемы
1806,"Поскольку световое загрязнение в период их расцвета не было такой проблемой, как сегодня, они обычно расположены в городах или в кампусах, до которых легче добраться, чем до тех, которые построены в наше время.","Поскольку световое загрязнение периоды храссветы не было такой проблемой как сегодня, а необычно расположены в городах или в кампусах, до которых легче дабырация, чем да тех, которые постройны в наше время.",поскольку световое загрязнение в период их расцвета не было такой проблемой как сегодня они обычно расположены в городах или в кампусах до которых легче добраться чем до тех которые построены в наше время,поскольку световое загрязнение периоды храссветы не было такой проблемой как сегодня а необычно расположены в городах или в кампусах до которых легче дабырация чем да тех которые постройны в наше время
1880,"Таким образом, карандаш стал хорошим другом для многих людей, когда появился.","Таким образом карандарж стал хорошим другом для многих людей, когда павилзы.",таким образом карандаш стал хорошим другом для многих людей когда появился,таким образом карандарж стал хорошим другом для многих людей когда павилзы
1786,"Во время сравнения при помощи инфракрасной Фурье-спектроскопии выяснилось, что состав этих кристаллов соответствует кристаллам, найденным в моче поражённых домашних животных.","Во время сравнения при помощи инфракрасной фурьес спектроскопия выестилшат, что состав эти христаллов соответствуют кристаллам найденым в моче паражонных домашних животных.",во время сравнения при помощи инфракрасной фурье спектроскопии выяснилось что состав этих кристаллов соответствует кристаллам найденным в моче пораженных домашних животных,во время сравнения при помощи инфракрасной фурьес спектроскопия выестилшат что состав эти христаллов соответствуют кристаллам найденым в моче паражонных домашних животных
1844,Поверхность Луны состоит из камней и пыли. Внешний слой Луны называется корой.,Поверхней слуны Состейт искамни и пыли. Внештней слой луны називайся корой.,поверхность луны состоит из камней и пыли внешний слой луны называется корой,поверхней слуны состейт искамни и пыли внештней слой луны називайся корой
1964,"25 листовок Данлэпа, известные на настоящее время, являются старейшими выжившими копиями документа. Оригинальная рукописная копия не дошла до нас.",25 лестовок Дамлыпа известные на настоящее время являются старейшими выжившыми копиями документы. Оригинальная рукописная копия не дашыла да нас.,25 листовок данлэпа известные на настоящее время являются старейшими выжившими копиями документа оригинальная рукописная копия не дошла до нас,25 лестовок дамлыпа известные на настоящее время являются старейшими выжившыми копиями документы оригинальная рукописная копия не дашыла да нас
1689,"Европа — относительно маленький континент, но на нём много независимых государств. В обычных обстоятельствах путешествие через множество стран означало бы необходимость подачи прошений для получения визы и многократного прохождения паспортного контроля.","Еуропа относительно малынки континент, но нанем много независимых государств. В обычных обстыгах обстыгетелстах путешествие через множестые стран, а сначала б и необходимость подачи брошения для получения визы и многократного прохождения паспортного контроля.",европа относительно маленький континент но на нем много независимых государств в обычных обстоятельствах путешествие через множество стран означало бы необходимость подачи прошений для получения визы и многократного прохождения паспортного контроля,еуропа относительно малынки континент но нанем много независимых государств в обычных обстыгах обстыгетелстах путешествие через множестые стран а сначала б и необходимость подачи брошения для получения визы и многократного прохождения паспортного контроля
1930,"Шестеро заложников, включая детей и пожилых людей, освободили раньше, как и филиппинских фотографов.","Шестероза ложинков — включа дейпы жылы в хеудей, а субботейга раньше — как и филиппинских фотографов.",шестеро заложников включая детей и пожилых людей освободили раньше как и филиппинских фотографов,шестероза ложинков включа дейпы жылы в хеудей а субботейга раньше как и филиппинских фотографов
1749,"Он находился под управлением ""вишистских"" французов. Эти французы, заключили мир с немцами в 1940 году и работали вместе с захватчиками вместо того, чтобы им противостоять.","Он находил сяпы под упровлением вишистских французов. Эти французы заключили мир с немцами в 1940 году и работали вместе с захвачиками вместо того, чтобы им противостоять.",он находился под управлением вишистских французов эти французы заключили мир с немцами в 1940 году и работали вместе с захватчиками вместо того чтобы им противостоять,он находил сяпы под упровлением вишистских французов эти французы заключили мир с немцами в 1940 году и работали вместе с захвачиками вместо того чтобы им противостоять
1807,"Итальянский язык также является повседневным языком для большинства людей, работающих в государстве, в то время как латынь зачастую используется в религиозных церемониях.","Итальянский язык так же и является поседненненеген языком для басштывалдей, работа ешел в государстве, в то время как Латын зачастую используяся в религиозных церемониях.",итальянский язык также является повседневным языком для большинства людей работающих в государстве в то время как латынь зачастую используется в религиозных церемониях,итальянский язык так же и является поседненненеген языком для басштывалдей работа ешел в государстве в то время как латын зачастую используяся в религиозных церемониях
1682,"Хотя никто не знает наверняка, кто его написал, известно, что в начале своего существования этот большой пергаментный документ (размером 29¾ на 24½ дюйма) был свёрнут для более удобного хранения.","Хотя не кто не знал на береника — кытой его написал. Известно, что в начале своего существования этот большой пергаментный документ, размера 29,34 на 24,1 дюйма, был свернут для более удобного хранения.",хотя никто не знает наверняка кто его написал известно что в начале своего существования этот большой пергаментный документ размером 293 4 на 241 2 дюйма был свернут для более удобного хранения,хотя не кто не знал на береника кытой его написал известно что в начале своего существования этот большой пергаментный документ размера 29 34 на 24 1 дюйма был свернут для более удобного хранения
1927,"Эйнджел (2006 г.) объясняет подход ""Континуум"" как метод, используемый для помощи организациям в достижении более высокого уровня эффективности.",«Angel» 2006-го года бисняет подход контином кокмета тестов полюмия для помощь организациям достежуи не более высокого уровня фиктеносте.,эйнджел 2006 г объясняет подход континуум как метод используемый для помощи организациям в достижении более высокого уровня эффективности,angel 2006 го года бисняет подход контином кокмета тестов полюмия для помощь организациям достежуи не более высокого уровня фиктеносте
1750,Находка также позволяет ознакомиться с эволюцией перьев у птиц.,Нахотка также позволяет ознакомиться с эволюцией периопоптиц.,находка также позволяет ознакомиться с эволюцией перьев у птиц,нахотка также позволяет ознакомиться с эволюцией периопоптиц
1946,"Правила отмены заказов могут отличаться, но по состоянию на конец марта большая часть правил, связанных с коронавирусом, не распространяется на июль 2020 года, когда были запланированы Олимпийские игры.","Правилы отмены заказов могут отличаться, но пасостояние, наконец, Марта большая часть правил, связанных с коронавирусом, не распространяется на июль 2020-го, когда были запланированы олимпийские игры.",правила отмены заказов могут отличаться но по состоянию на конец марта большая часть правил связанных с коронавирусом не распространяется на июль 2020 года когда были запланированы олимпийские игры,правилы отмены заказов могут отличаться но пасостояние наконец марта большая часть правил связанных с коронавирусом не распространяется на июль 2020 го когда были запланированы олимпийские игры
1786,"Во время сравнения при помощи инфракрасной Фурье-спектроскопии выяснилось, что состав этих кристаллов соответствует кристаллам, найденным в моче поражённых домашних животных.",Во время сравнения при помощи инфракрасынной фория спектроскопии уяснилась в состав и те кристаллов соответствует кристаллам найденым в маче паражоных домашних животных.,во время сравнения при помощи инфракрасной фурье спектроскопии выяснилось что состав этих кристаллов соответствует кристаллам найденным в моче пораженных домашних животных,во время сравнения при помощи инфракрасынной фория спектроскопии уяснилась в состав и те кристаллов соответствует кристаллам найденым в маче паражоных домашних животных
1823,Изучение движения отдельных водителей и автомобилей между двумя точками и их взаимодействие друг с другом осуществляется в рамках исследования транспортных потоков.,Изучене движения отдельных водителей и автомобили между двумя точками и их замадистые друг с другом осчастияйться в ранках и следовании транспортных потоков.,изучение движения отдельных водителей и автомобилей между двумя точками и их взаимодействие друг с другом осуществляется в рамках исследования транспортных потоков,изучене движения отдельных водителей и автомобили между двумя точками и их замадистые друг с другом осчастияйться в ранках и следовании транспортных потоков
1974,"Аналогично, мужчины должны носить брюки, которые бы закрывали колени.","Аналогична, мужчин должны носить бруки, которые б закрывали колени.",аналогично мужчины должны носить брюки которые бы закрывали колени,аналогична мужчин должны носить бруки которые б закрывали колени
1676,"Как и во всех южноафриканских национальных парках, в этом парке существует ежедневная плата за его охрану и посещение.",Как и во всех Южныавриканских национальных парках в этом парке существует ижидимная плата за его ахрану и посещение.,как и во всех южноафриканских национальных парках в этом парке существует ежедневная плата за его охрану и посещение,как и во всех южныавриканских национальных парках в этом парке существует ижидимная плата за его ахрану и посещение
1866,"Во-первых, большинство наездников носят сапоги для верховой езды с каблуком, имеющие гладкую и довольно тонкую подошву.","Ва-первы большинство наездников носят сапагедле верхову езды с дыскблу ком, имеющие гладко и довольно тонкую подушу.",во первых большинство наездников носят сапоги для верховой езды с каблуком имеющие гладкую и довольно тонкую подошву,ва первы большинство наездников носят сапагедле верхову езды с дыскблу ком имеющие гладко и довольно тонкую подушу
1896,"Федерация гимнастики США и Олимпийский комитет США имеют одинаковую цель — сделать гимнастику и другие виды спорта настолько безопасными для спортсменов, насколько это возможно, чтобы они могли стремиться к своим целям в безопасной, позитивной среде и были наделены всеми правами.","Федерация гибнастики США и Олимпийский комитет США имеюты денаковы цель – изделать гимнастику и другие виды спорта настолька безопасными для спортсменов, насколько это возможно, чтобы они могли стремиться к своим цельям в безопасной, позитивной среде и бленнен деллены семи правами.",федерация гимнастики сша и олимпийский комитет сша имеют одинаковую цель сделать гимнастику и другие виды спорта настолько безопасными для спортсменов насколько это возможно чтобы они могли стремиться к своим целям в безопасной позитивной среде и были наделены всеми правами,федерация гибнастики сша и олимпийский комитет сша имеюты денаковы цель изделать гимнастику и другие виды спорта настолька безопасными для спортсменов насколько это возможно чтобы они могли стремиться к своим цельям в безопасной позитивной среде и бленнен деллены семи правами
1981,"Если вы сходите на берег только в порядке экскурсии на корабле, вам не понадобится отдельная виза (с 2009).","«Если б исходит на берег, только в парятке экскурсивно корабле у вас мне понадобится дейно виза» – с 2009-го.",если вы сходите на берег только в порядке экскурсии на корабле вам не понадобится отдельная виза с 2009,если б исходит на берег только в парятке экскурсивно корабле у вас мне понадобится дейно виза с 2009 го
2001,"Путешественникам настоятельно рекомендуется принимать во внимание любые риски, связанные с суровой погодой в их районе, поскольку они могут повлиять на любые планы поездки.","Будьшественником на стоят нырекомендуется бренематье ба внимание любые рейски, связанные с суровой погоды бехрайяния, поскольку они могут повлиять на любые планы поездки.",путешественникам настоятельно рекомендуется принимать во внимание любые риски связанные с суровой погодой в их районе поскольку они могут повлиять на любые планы поездки,будьшественником на стоят нырекомендуется бренематье ба внимание любые рейски связанные с суровой погоды бехрайяния поскольку они могут повлиять на любые планы поездки
1734,"Ученые смогли сделать вывод, что темная материя воздействует на другую темную материю так же, как и в случае с обычной материей.","Оченес могли сделать в Эвот, что тёмные материя воздействует на другое тёмные материи также, как и в случае суббычной материи.",ученые смогли сделать вывод что темная материя воздействует на другую темную материю так же как и в случае с обычной материей,оченес могли сделать в эвот что темные материя воздействует на другое темные материи также как и в случае суббычной материи
1922,"Конечно же, эта традиция имеет христианское теологическое объяснение, но это вполне может быть и дохристианский ритуал весны и плодородия.","Конечно же, эта традиция имит христианское теологическое объяснение. Но это вполне может быть и до христианской ритуал висны и плодороди.",конечно же эта традиция имеет христианское теологическое объяснение но это вполне может быть и дохристианский ритуал весны и плодородия,конечно же эта традиция имит христианское теологическое объяснение но это вполне может быть и до христианской ритуал висны и плодороди
1700,Она тоньше под лунными морями и толще под нагорьями.,Анатон шепот лунуми морями и толы шепотын гориме.,она тоньше под лунными морями и толще под нагорьями,анатон шепот лунуми морями и толы шепотын гориме
1695,"Простым и популярным блюдом на обед, особенно в летнее время, является Па-амб-оли: хлеб с оливковым маслом, помидорами и любой имеющейся начинкой, такой как сыр, тунец и т. д.","Простым и популярным блюдом на обед, особы на влетнее время, являются паамболей, хлеб саливка бым маслом, помидорыми и любой имеющиеся начинкой, такой как сыр, тунец и т.д.",простым и популярным блюдом на обед особенно в летнее время является па амб оли хлеб с оливковым маслом помидорами и любой имеющейся начинкой такой как сыр тунец и т д,простым и популярным блюдом на обед особы на влетнее время являются паамболей хлеб саливка бым маслом помидорыми и любой имеющиеся начинкой такой как сыр тунец и т д
1942,Мы строим наши дома и изготавливаем одежду из растений. Большая часть нашей пищи — это растения. Без растений животные не смогли бы выжить.,Мы строим наши дамы и изготавлю модежду из растения — большая часть наша пища — это растения. Без растений животные не смогли бы выжить.,мы строим наши дома и изготавливаем одежду из растений большая часть нашей пищи это растения без растений животные не смогли бы выжить,мы строим наши дамы и изготавлю модежду из растения большая часть наша пища это растения без растений животные не смогли бы выжить
1783,"К региональным и сезонным опасным явлениям погоды относятся метели, снежные бури, ледяные и пыльные бури.",К регионал на мусезонным «опасы на меолениям погода относится метеолес ныржные бур леденные и пыльные бур.,к региональным и сезонным опасным явлениям погоды относятся метели снежные бури ледяные и пыльные бури,к регионал на мусезонным опасы на меолениям погода относится метеолес ныржные бур леденные и пыльные бур
1788,Федерация гимнастики США поддерживает письмо Олимпийского комитета США и соглашается с абсолютной необходимостью создания безопасной среды для всех наших спортсменов.,Федерация гимнасики США поддерживает письмо Олимписка и комитета США и соглашается с абсолютной необходимостью создания безопасной среды для всех наших спортсменов.,федерация гимнастики сша поддерживает письмо олимпийского комитета сша и соглашается с абсолютной необходимостью создания безопасной среды для всех наших спортсменов,федерация гимнасики сша поддерживает письмо олимписка и комитета сша и соглашается с абсолютной необходимостью создания безопасной среды для всех наших спортсменов
1957,"Он назвал эти слухи ""политической болтовнёй и глупостью"".",О назвал Тислохи политической былдовненной и глупостью.,он назвал эти слухи политической болтовней и глупостью,о назвал тислохи политической былдовненной и глупостью
1881,Выкладывание экскурсии в виртуальное пространство для всеобщего обозрения — это также отличный способ освежить в памяти экскурсию и поделиться своим полученными знаниями с будущими классами.,Выкладывания экскурсии в виртуальные пространства для всеобщего обозрения – это также отличный способ освежить в памяти экскурсию и поделиться своим полученными знаниями с будущими классами.,выкладывание экскурсии в виртуальное пространство для всеобщего обозрения это также отличный способ освежить в памяти экскурсию и поделиться своим полученными знаниями с будущими классами,выкладывания экскурсии в виртуальные пространства для всеобщего обозрения это также отличный способ освежить в памяти экскурсию и поделиться своим полученными знаниями с будущими классами
1722,53-летний Куомо начал свою деятельность на посту губернатора в начале этого года и подписал законопроект о легализации однополых браков в прошлом месяце.,53-летнику Ома начал свою деятельность на Пасту губернатора в начале этого года и подписал законопроект о легализации однополых браков в прошлом месяцы.,53 летний куомо начал свою деятельность на посту губернатора в начале этого года и подписал законопроект о легализации однополых браков в прошлом месяце,53 летнику ома начал свою деятельность на пасту губернатора в начале этого года и подписал законопроект о легализации однополых браков в прошлом месяцы
1779,"Заявление было сделано после того, как Трамп провел телефонный разговор с президентом Турции Реджепом Тайипом Эрдоганом.","Зайвленя была сделана после того, как Трамп провел телефоны разговоры с президентом Турции Реджипом Тейпом Эрдоганом.",заявление было сделано после того как трамп провел телефонный разговор с президентом турции реджепом тайипом эрдоганом,зайвленя была сделана после того как трамп провел телефоны разговоры с президентом турции реджипом тейпом эрдоганом
1986,"Наличие настоящей ""невидимой команды"" (Ларсон и ЛаФасто, 1989 г., с. 109) также является уникальным компонентом виртуальной команды.","«Наличенна стоя» — шинебидемые команды Larson Ila Fasta 1989 год — страница 109, так же и является уникальным компонентом виртуальные команды.",наличие настоящей невидимой команды ларсон и лафасто 1989 г с 109 также является уникальным компонентом виртуальной команды,наличенна стоя шинебидемые команды larson ila fasta 1989 год страница 109 так же и является уникальным компонентом виртуальные команды
1865,Круизы в Санкт-Петербург включают прогулки по городу. Пассажиры круизов освобождены от визовых требований (уточните условия).,"Круизев Санкт-Петербург включат Пергулки по городу. Пассажир Круизов освобождены от визобных требований, уточните Условия.",круизы в санкт петербург включают прогулки по городу пассажиры круизов освобождены от визовых требований уточните условия,круизев санкт петербург включат пергулки по городу пассажир круизов освобождены от визобных требований уточните условия
1779,"Заявление было сделано после того, как Трамп провел телефонный разговор с президентом Турции Реджепом Тайипом Эрдоганом.","Зайвленя была сделана после того, как Трамп провел телефон разговоры с президентом Турции Реджепам Таипам Эрдоганам.",заявление было сделано после того как трамп провел телефонный разговор с президентом турции реджепом тайипом эрдоганом,зайвленя была сделана после того как трамп провел телефон разговоры с президентом турции реджепам таипам эрдоганам
1739,Пещера располагается на вершине горы к северу от Мекки и полностью изолирована от остального мира.,"Ишер располагается негершинек рек севротмейки, и полынстве зелир гона отастылного миров.",пещера располагается на вершине горы к северу от мекки и полностью изолирована от остального мира,ишер располагается негершинек рек севротмейки и полынстве зелир гона отастылного миров
1883,"Высота подмостового габарита составляет 15 метров. Строительство было завершено в августе 2011 года, его не открывали для движения до марта 2017 года.",Выса тапад мыстова габариты составляют 15 метров. Стриттиство было завершену балости 2011 года и воняй от кривалли для движения Доумарда длительще 1719,высота подмостового габарита составляет 15 метров строительство было завершено в августе 2011 года его не открывали для движения до марта 2017 года,выса тапад мыстова габариты составляют 15 метров стриттиство было завершену балости 2011 года и воняй от кривалли для движения доумарда длительще 1719
1925,"Проведенная работа была в основном теоретической, но программа была написана для имитации наблюдений галактики в Стрельце.","Провидионная работа была в основном теоретической, на программы была написана для имитаций наблюдения Галактике встырлцы.",проведенная работа была в основном теоретической но программа была написана для имитации наблюдений галактики в стрельце,провидионная работа была в основном теоретической на программы была написана для имитаций наблюдения галактике встырлцы
1958,"Данный город сильно отличается от других городов страны, так как в нем преобладает арабский колорит, а не африканский.","Данне город сильно отличается другие городовстроны, так как у нём пребладает арабский калорит, а не африканский.",данный город сильно отличается от других городов страны так как в нем преобладает арабский колорит а не африканский,данне город сильно отличается другие городовстроны так как у нем пребладает арабский калорит а не африканский
1715,"Обычные объявления в метро делаются только на каталонском языке, но незапланированные перебои объявляются автоматизированной системой на самых разных языках, включая испанский, английский, французский, арабский и японский.","Обычные объявления в метро делаются только на каталонском языке, но не запланированной биребой объявляються автоматизирована система и нассамых разных языках, включая испанский, английский, французский, арабский и японский.",обычные объявления в метро делаются только на каталонском языке но незапланированные перебои объявляются автоматизированной системой на самых разных языках включая испанский английский французский арабский и японский,обычные объявления в метро делаются только на каталонском языке но не запланированной биребой объявляються автоматизирована система и нассамых разных языках включая испанский английский французский арабский и японский
1835,"Предупреждений о цунами не было и, согласно сообщению от Джакартского геофизического агентства, не будет, так как магнитуда землетрясения не достигла 6,5 балла.","Придубреждения тусанами не было, и согласына сообщению Аджакарсккого геофизического агентства не будет, т.к. магдентуды землетрясения не цыгла шестисполобины бола.",предупреждений о цунами не было и согласно сообщению от джакартского геофизического агентства не будет так как магнитуда землетрясения не достигла 6 5 балла,придубреждения тусанами не было и согласына сообщению аджакарсккого геофизического агентства не будет т к магдентуды землетрясения не цыгла шестисполобины бола
1673,"Во время Войны за независимость США тринадцать штатов, в соответствии со Статьями конфедерации, впервые сформировали слабое центральное правительство, единственным органом которого был Конгресс.","Во время войны за независимость США, тринации штата в соответствии с статьями конфедераций в Перуэйс формировали слабая центральная правительство и денственном органг Которо был конгресс.",во время войны за независимость сша тринадцать штатов в соответствии со статьями конфедерации впервые сформировали слабое центральное правительство единственным органом которого был конгресс,во время войны за независимость сша тринации штата в соответствии с статьями конфедераций в перуэйс формировали слабая центральная правительство и денственном органг которо был конгресс
1722,53-летний Куомо начал свою деятельность на посту губернатора в начале этого года и подписал законопроект о легализации однополых браков в прошлом месяце.,50-трёхлетний Хома начал свою деятельность на пастуге биранатора в начале этого года и подписал законопроект аллигализаций однополых и браков в прошлом месяце.,53 летний куомо начал свою деятельность на посту губернатора в начале этого года и подписал законопроект о легализации однополых браков в прошлом месяце,50 трехлетний хома начал свою деятельность на пастуге биранатора в начале этого года и подписал законопроект аллигализаций однополых и браков в прошлом месяце
1814,"Ионы водорода — это протоны, от которых отделены электроны (атомы водорода состоят из одного протона и одного электрона).","Ионы водорода — это протоны, от которых отделены электроны. Атомы водорода состоят из одного протона и одного электрона.",ионы водорода это протоны от которых отделены электроны атомы водорода состоят из одного протона и одного электрона,ионы водорода это протоны от которых отделены электроны атомы водорода состоят из одного протона и одного электрона
1894,Карри — это блюдо на основе трав и специй в сочетании с мясом или овощами.,Кари — это блюда на сынове трав и специях сочетания с мясом или овощами.,карри это блюдо на основе трав и специй в сочетании с мясом или овощами,кари это блюда на сынове трав и специях сочетания с мясом или овощами
1873,Твердо отказывайте мужчинам и не бойтесь стоять на своем (такое недопустимо вне зависимости от культурных различий!).,Твердо отказывайте мужчинам и не ботис стоят на своем — такое недопустима вне зависимости от культурных различий.,твердо отказывайте мужчинам и не бойтесь стоять на своем такое недопустимо вне зависимости от культурных различий,твердо отказывайте мужчинам и не ботис стоят на своем такое недопустима вне зависимости от культурных различий
1844,Поверхность Луны состоит из камней и пыли. Внешний слой Луны называется корой.,Поверхносты лунны состоит из комней и пыли. Верхний слой лунны называется корой.,поверхность луны состоит из камней и пыли внешний слой луны называется корой,поверхносты лунны состоит из комней и пыли верхний слой лунны называется корой
1709,В докладе содержится резкая критика почти каждого аспекта нынешней политики исполнительной власти в отношении Ирака и настоятельный призыв к незамедлительной смене курса.,В докладисо держаться разна критика почти каждого аспекта ненешний политики и исполнительные власти в отношении Ракия и настрелённый призвав к незаметлительной исмени курса.,в докладе содержится резкая критика почти каждого аспекта нынешней политики исполнительной власти в отношении ирака и настоятельный призыв к незамедлительной смене курса,в докладисо держаться разна критика почти каждого аспекта ненешний политики и исполнительные власти в отношении ракия и настреленный призвав к незаметлительной исмени курса
1782,"Кроме того между правлениями каждой династии царила раздробленность и нестабильность. Самой известной была эпоха Троецарствия, которая длилась 60 лет во время династий Хань и Цзинь.","Кроме того, между правленнями кажды династия Царилла раздропленность и не стабильность – самый известный былай эпоха Трейдсарстыя, которая длилай шы десят лет во время династия Хань и Цинь.",кроме того между правлениями каждой династии царила раздробленность и нестабильность самой известной была эпоха троецарствия которая длилась 60 лет во время династий хань и цзинь,кроме того между правленнями кажды династия царилла раздропленность и не стабильность самый известный былай эпоха трейдсарстыя которая длилай шы десят лет во время династия хань и цинь
1842,"Так как у перьев динозавров отсутствует хорошо развитый стержень, называемый рахисом, но все же имеются другие отличительные черты — бородки и бородочки — исследователи пришли к выводу, что рахис, скорее всего, появился позднее путем эволюционного развития других отличительных черт.","Так как уперев динозарых отсутствует хорошо развитистер жень, назовайым и рахисом, но все же имеются другие отличительные черты, баротки и бародочки, исследователи пришли к выводу, что рахис, скорее всего, появился позинее, путем эволюционного развития других отличительных черт.",так как у перьев динозавров отсутствует хорошо развитый стержень называемый рахисом но все же имеются другие отличительные черты бородки и бородочки исследователи пришли к выводу что рахис скорее всего появился позднее путем эволюционного развития других отличительных черт,так как уперев динозарых отсутствует хорошо развитистер жень назовайым и рахисом но все же имеются другие отличительные черты баротки и бародочки исследователи пришли к выводу что рахис скорее всего появился позинее путем эволюционного развития других отличительных черт
1921,"С другой стороны, погодные условия со снегом и льдом являются нормальными во многих странах, и дорожное движение продолжается круглый год почти без перерывов.","С другой стороны, погодные условия с снега мультдом являются нормальными вомна гехстраных и дорожная движения продолжают за хыргулы год почти без перерывов.",с другой стороны погодные условия со снегом и льдом являются нормальными во многих странах и дорожное движение продолжается круглый год почти без перерывов,с другой стороны погодные условия с снега мультдом являются нормальными вомна гехстраных и дорожная движения продолжают за хыргулы год почти без перерывов
1956,"Использование кораблей для транспортировки товаров является, безусловно, самым эффективным способом перевозки большого количества людей и грузов через океаны.","Использование кораблей для транспортировки товаров и являйся, безусловно, самымфективен способ мемпергозки большого количества людей игрузов через океаны.",использование кораблей для транспортировки товаров является безусловно самым эффективным способом перевозки большого количества людей и грузов через океаны,использование кораблей для транспортировки товаров и являйся безусловно самымфективен способ мемпергозки большого количества людей игрузов через океаны
1718,"Не существует универсального определения того, какие произведённые изделия являются антиквариатом. Некоторые налоговые органы определяют товары, которым за 100 лет, как антиквариат.","Не существует универсального определения того, как и произведенные изделия являются антик вариаты. Некоторые налоговые органы определяют товары, которым за 100 лет как антик вариат.",не существует универсального определения того какие произведенные изделия являются антиквариатом некоторые налоговые органы определяют товары которым за 100 лет как антиквариат,не существует универсального определения того как и произведенные изделия являются антик вариаты некоторые налоговые органы определяют товары которым за 100 лет как антик вариат
1730,"Автобусы отправляются с межрайонной автостанции (за рекой) в течение всего дня, хотя большая часть, особенно направляющиеся на восток и в Джакар/Бумтанг, отбывают с 06:30 до 07:30.","Автобусы отправляются в межрайонной авсостанции за рекой, в течение всего дня, хотя большая часть, особенно направляющиеся на Восток, и в Джекар бумтангах, отбывают 630 до 730 утра.",автобусы отправляются с межрайонной автостанции за рекой в течение всего дня хотя большая часть особенно направляющиеся на восток и в джакар бумтанг отбывают с 06 30 до 07 30,автобусы отправляются в межрайонной авсостанции за рекой в течение всего дня хотя большая часть особенно направляющиеся на восток и в джекар бумтангах отбывают 630 до 730 утра
1846,"Соотношение сторон этого формата (поделенное на двенадцать, чтобы получить соотношение с небольшими целыми числами) поэтому принято за 3:2.","Сотнашения сторон этого формата поделенны на двенадцать, чтобы получить сотнашения с небольшими целыми числыми, поэтому принято за трик двум.",соотношение сторон этого формата поделенное на двенадцать чтобы получить соотношение с небольшими целыми числами поэтому принято за 3 2,сотнашения сторон этого формата поделенны на двенадцать чтобы получить сотнашения с небольшими целыми числыми поэтому принято за трик двум
1705,"15 августа 1940 года союзники вторглись в южную часть Франции. Вторжение получило название ""Операция ""Драгун"""".",15 Агоста 1940 года Союзнике в Торглий жюжную часть Франции. Втаржиня получила название операция Драун.,15 августа 1940 года союзники вторглись в южную часть франции вторжение получило название операция драгун,15 агоста 1940 года союзнике в торглий жюжную часть франции втаржиня получила название операция драун
1756,"Поздно вечером в воскресенье президент США Дональд Трамп через пресс-секретаря заявил, что войска США покинут Сирию.","Позна вечер умозкресения президент США Дональд Трамп через пресс-секретаря заявил, что войска США покинет серию.",поздно вечером в воскресенье президент сша дональд трамп через пресс секретаря заявил что войска сша покинут сирию,позна вечер умозкресения президент сша дональд трамп через пресс секретаря заявил что войска сша покинет серию
1772,"Таким образом, вполне вероятно, что запись была добавлена просто как пометка.","Таким образом, вполне вероятно, что запись была добавлены просто как пометка.",таким образом вполне вероятно что запись была добавлена просто как пометка,таким образом вполне вероятно что запись была добавлены просто как пометка
1661,"Он не назвал цифру для сокращений бюджетов, сказав, что они будут сделаны исходя из производительности экономики Китая.","Он не назвал цифру для сокращения бюджетов, сказав, что буй сделаннезхадяйс производительность экономика Китая.",он не назвал цифру для сокращений бюджетов сказав что они будут сделаны исходя из производительности экономики китая,он не назвал цифру для сокращения бюджетов сказав что буй сделаннезхадяйс производительность экономика китая
1892,"Это место, которое британские колонизаторы забрали себе, и если вы ищете доказательства колониального прошлого территории, то это хорошее место для начала.","Эта места, которые британский колонизаторы забрали себе. Если бы ищете доказательства колониального прошлого территории, то это хорошая места для начала.",это место которое британские колонизаторы забрали себе и если вы ищете доказательства колониального прошлого территории то это хорошее место для начала,эта места которые британский колонизаторы забрали себе если бы ищете доказательства колониального прошлого территории то это хорошая места для начала
1670,"Их термические характеристики не такие стабильные, как у больших пещер на Земле, которые часто поддерживают почти постоянную температуру, но они соответствуют тому, что является глубокими ямами в грунте, — сообщил Глен Кушинг из отдела планетной геологии Геологической службы США и Университета Северной Аризоны, расположенного во Флагстаффе, Аризона.","Их термитческие характеристикки не такие стабильные как о больших пешер на земле, которые часто поддеживает почти постоянную температуру, но они соответствуют тому, что гибляйцы глубокими ямами в грунде сообщил Гленн Кушинк из отдела планетна геология, геологическая служба США и университета Северны Аризонны расположены в Афлакстафи Аризонны.",их термические характеристики не такие стабильные как у больших пещер на земле которые часто поддерживают почти постоянную температуру но они соответствуют тому что является глубокими ямами в грунте сообщил глен кушинг из отдела планетной геологии геологической службы сша и университета северной аризоны расположенного во флагстаффе аризона,их термитческие характеристикки не такие стабильные как о больших пешер на земле которые часто поддеживает почти постоянную температуру но они соответствуют тому что гибляйцы глубокими ямами в грунде сообщил гленн кушинк из отдела планетна геология геологическая служба сша и университета северны аризонны расположены в афлакстафи аризонны
1725,"Серия ASUS Eee PC, ранее представленная во всём мире с ориентацией на такие факторы, как экономия средств и функциональность, стала горячей темой во время месяца информационных технологий в Тайбэе в 2007 году.","Сирия ASUS EPC — гарания предоставленная во всёмирес ориентация и на такие факторы как экономия средств и функциональность, стала горячей темы бауремя месяца информационных технологий в Тайбе в 2007-м году.",серия asus eee pc ранее представленная во всем мире с ориентацией на такие факторы как экономия средств и функциональность стала горячей темой во время месяца информационных технологий в тайбэе в 2007 году,сирия asus epc гарания предоставленная во всемирес ориентация и на такие факторы как экономия средств и функциональность стала горячей темы бауремя месяца информационных технологий в тайбе в 2007 м году
1789,"Среди других номинаций: ""Лучшая картина"", ""Режиссёр"", ""Операторская работа"", ""Дизайн костюмов"", ""Монтаж фильма"", ""Оригинальная музыка"", ""Художник-постановщик"", ""Звуковой монтаж"", ""Звук"" и ""Оригинальный сценарий"".","Среди других номинации «Лучшая картина» режиссер, операторская работа, дизайн костюмов, монтаж фильмы, оригинальная музыка, художник постановшик, звукавой монтаж, звук и оригинал ли сценарий.",среди других номинаций лучшая картина режиссер операторская работа дизайн костюмов монтаж фильма оригинальная музыка художник постановщик звуковой монтаж звук и оригинальный сценарий,среди других номинации лучшая картина режиссер операторская работа дизайн костюмов монтаж фильмы оригинальная музыка художник постановшик звукавой монтаж звук и оригинал ли сценарий
1994,"Очевидно, что если владеешь языком романский подгруппы, тебе будет проще выучить португальский.","Очевидно, что ездили владеющие Закомра Манскки подгруппы деподет прошиву учить португальский.",очевидно что если владеешь языком романский подгруппы тебе будет проще выучить португальский,очевидно что ездили владеющие закомра манскки подгруппы деподет прошиву учить португальский
1912,Почти все более мелкие острова являются независимыми государствами или ассоциированы с Францией и известны как шикарные пляжные курорты.,Почти все боли мелки острова являются независимыми государствами или ассоциированной с Францией известны как шикарные пляжные курорты.,почти все более мелкие острова являются независимыми государствами или ассоциированы с францией и известны как шикарные пляжные курорты,почти все боли мелки острова являются независимыми государствами или ассоциированной с францией известны как шикарные пляжные курорты
1921,"С другой стороны, погодные условия со снегом и льдом являются нормальными во многих странах, и дорожное движение продолжается круглый год почти без перерывов.","С другой стороны, погодные условия с снягом мультдон являются нормальными вомна гехстраных, и дорожына движения продолжайся круглых от почти без перерывов.",с другой стороны погодные условия со снегом и льдом являются нормальными во многих странах и дорожное движение продолжается круглый год почти без перерывов,с другой стороны погодные условия с снягом мультдон являются нормальными вомна гехстраных и дорожына движения продолжайся круглых от почти без перерывов
1930,"Шестеро заложников, включая детей и пожилых людей, освободили раньше, как и филиппинских фотографов.","Шестеря заложников — включа адитей и пожалых людей освободили ранше, как и филиппинских фотографов.",шестеро заложников включая детей и пожилых людей освободили раньше как и филиппинских фотографов,шестеря заложников включа адитей и пожалых людей освободили ранше как и филиппинских фотографов
1681,"Он, однако, не является единственным. Научные исследования также руководствуются экспериментированием (эксперимент — это проверка, используемая, чтобы исключить одну или более возможных гипотез), задаванием вопросов и проведением наблюдений.","Оно, дынака, не являяся единственным. Научни и исследования также руководствуются экспериментирования. Эксперимент — это проверка используемая, чтобы исключить одну или более возможы дизодаванием вопросов и проведениям наблюдений.",он однако не является единственным научные исследования также руководствуются экспериментированием эксперимент это проверка используемая чтобы исключить одну или более возможных гипотез задаванием вопросов и проведением наблюдений,оно дынака не являяся единственным научни и исследования также руководствуются экспериментирования эксперимент это проверка используемая чтобы исключить одну или более возможы дизодаванием вопросов и проведениям наблюдений
1746,"Растения питаются от солнца при помощи фотосинтеза. Кроме того, они отбрасывают тень.","Ростения питайются от солнца при помощи фотосинтеза, кроме того, ани отбрасывай тень.",растения питаются от солнца при помощи фотосинтеза кроме того они отбрасывают тень,ростения питайются от солнца при помощи фотосинтеза кроме того ани отбрасывай тень
1920,"В них обычно предлагается особая еда, напитки и развлечения, чтобы гости оставались в хорошем настроении и не покидали заведения.","В них обычно предлагается особая еда, напитки и разлечения, чтобы кости оставались в хорошем настроении и не покидали заведения.",в них обычно предлагается особая еда напитки и развлечения чтобы гости оставались в хорошем настроении и не покидали заведения,в них обычно предлагается особая еда напитки и разлечения чтобы кости оставались в хорошем настроении и не покидали заведения
1719,"Неблагоприятные метеоусловия — это общий термин для обозначения любого опасного явления погоды, способного причинить какой-либо ущерб, вызвать серьёзные социальные потрясения или привести к человеческим жертвам.","Неблогоприятны иметьтеусыловия — это общий термин для бозначения любого басыного июления погоды, способны упричинить коколейбоу шерп, вызвать серьезно социалин ботрясения или привести к человеческим жертвам.",неблагоприятные метеоусловия это общий термин для обозначения любого опасного явления погоды способного причинить какой либо ущерб вызвать серьезные социальные потрясения или привести к человеческим жертвам,неблогоприятны иметьтеусыловия это общий термин для бозначения любого басыного июления погоды способны упричинить коколейбоу шерп вызвать серьезно социалин ботрясения или привести к человеческим жертвам
1723,"Бухта была местом печально известного военно-морского противостояния в 1889 году, когда семь кораблей из Германии, США и Британии отказались покидать бухту.","Бухта была местом печатально известного ваянномарского противостояния в 1889 г. Когда семь кораблей из Германия, Суша и Британия отказались покидать бухту.",бухта была местом печально известного военно морского противостояния в 1889 году когда семь кораблей из германии сша и британии отказались покидать бухту,бухта была местом печатально известного ваянномарского противостояния в 1889 г когда семь кораблей из германия суша и британия отказались покидать бухту
1805,Автобус Scotturb № 403 совершает регулярные рейсы в Синтру и делает остановку на мысе Рока.,Автобус Скоттурб No. 403 совершает регулярная рейси в Синдру и делает остановку на Мессерока.,автобус scotturb no 403 совершает регулярные рейсы в синтру и делает остановку на мысе рока,автобус скоттурб no 403 совершает регулярная рейси в синдру и делает остановку на мессерока
1965,"Почти все эти пляжи песчаные с безопасным купанием, и многие из них тенистые благодаря таким деревьям, как похутукава.","Почти все типляжи пещаны с безопасным купаниям, имногие из них тенисты благодаря такими деревьям, как пахуту капу.",почти все эти пляжи песчаные с безопасным купанием и многие из них тенистые благодаря таким деревьям как похутукава,почти все типляжи пещаны с безопасным купаниям имногие из них тенисты благодаря такими деревьям как пахуту капу
1763,"Так же, как Луна притягивает Землю, при этом вызывая приливы, так и Млечный Путь воздействует на галактику в Стрельце.","Так же как луна претягивает землю, при этом вызывай определу, так имлечене путь бездестоветна галактику в стрельця.",так же как луна притягивает землю при этом вызывая приливы так и млечный путь воздействует на галактику в стрельце,так же как луна претягивает землю при этом вызывай определу так имлечене путь бездестоветна галактику в стрельця
1969,"Оно гласит, что лучше всего помещать главный объект на пересечении линий, делящих изображение на три части по вертикали и по горизонтали (см. пример).","Оно огласит, что лучше всеу помещать главные объект на пересечения линей, делящих изображения нотычасти, повертикали и похерезентали, смотрить пример.",оно гласит что лучше всего помещать главный объект на пересечении линий делящих изображение на три части по вертикали и по горизонтали см пример,оно огласит что лучше всеу помещать главные объект на пересечения линей делящих изображения нотычасти повертикали и похерезентали смотрить пример
1975,"Население Ватикана составляет около 800 человек. Это самая маленькая независимая страна в мире, а также страна, имеющая наименьшее население.","Неселения ватиканы составляя около 800 человек. Это самая маленькая независимая страна в мире, а также страна имеющая на меньшее население.",население ватикана составляет около 800 человек это самая маленькая независимая страна в мире а также страна имеющая наименьшее население,неселения ватиканы составляя около 800 человек это самая маленькая независимая страна в мире а также страна имеющая на меньшее население
1901,"Несмотря на то, что ИИ прочно ассоциируется с научной фантастикой, он формирует очень важное направление компьютерных наук, рассматривающее поведение и обучение машин и ""привитие"" им интеллекта.","Несмотря на то, что ИИ проучыны ассоциируются с наученниевантастики, он формирует очень важное направление компьютерных наук, рассматривающая повидения и обучения машин и привити им интеллекта.",несмотря на то что ии прочно ассоциируется с научной фантастикой он формирует очень важное направление компьютерных наук рассматривающее поведение и обучение машин и привитие им интеллекта,несмотря на то что ии проучыны ассоциируются с наученниевантастики он формирует очень важное направление компьютерных наук рассматривающая повидения и обучения машин и привити им интеллекта
1836,"Людям с античных времен были известны основные химические элементы, такие как золото, серебро и медь, поскольку их все можно встретить в природе в чистом виде и относительно легко добывать с помощью примитивных орудий.","Людем сантичных примен были известны основные химические элементы, такие как золото, серебро и медь, поскольку их все можно встретить в природе в чистым виде и отнасительной лихко дебивать с помощью примитивных орудий.",людям с античных времен были известны основные химические элементы такие как золото серебро и медь поскольку их все можно встретить в природе в чистом виде и относительно легко добывать с помощью примитивных орудий,людем сантичных примен были известны основные химические элементы такие как золото серебро и медь поскольку их все можно встретить в природе в чистым виде и отнасительной лихко дебивать с помощью примитивных орудий
1727,"Дети, живущие на улицах, возможно, пережили тяжёлые формы насилия или травмирования до того, как убежать или быть брошенными.",Дети жиуысчина улицах возможны пережиле тяжелые формы насилия электрумерами дуто как обежат или быть прошыным.,дети живущие на улицах возможно пережили тяжелые формы насилия или травмирования до того как убежать или быть брошенными,дети жиуысчина улицах возможны пережиле тяжелые формы насилия электрумерами дуто как обежат или быть прошыным
1997,"Однако, процент людей с туберкулёзом с множественной лекарственной устойчивостью в целой группе больных туберкулезом все еще кажется низким; 6000 от общего числа 330 000 зараженных в данный конкретный момент в ЮАР.","Однако процент людей с туберкулезм, с множественной лекарстве внеустойчивости в целой группе больных туберкулезм, все еще кажется миским, 6000 от общего числа 330 000 зарженых в данный конкретный момент в UR.",однако процент людей с туберкулезом с множественной лекарственной устойчивостью в целой группе больных туберкулезом все еще кажется низким 6000 от общего числа 330 000 зараженных в данный конкретный момент в юар,однако процент людей с туберкулезм с множественной лекарстве внеустойчивости в целой группе больных туберкулезм все еще кажется миским 6000 от общего числа 330 000 зарженых в данный конкретный момент в ur
1948,"Эпоха Троецарствия была одним из самых кровавых периодов в истории древнего Китая. Тысячи людей погибли, сражаясь за место на троне в большом дворце в Сиане.","Эпо-трайцарсте был аднимы с самым кровавых периодов в истории древнима Китая 1000 людей пагиепли, сражайы за место на троне в Большом Дворце в Сиане.",эпоха троецарствия была одним из самых кровавых периодов в истории древнего китая тысячи людей погибли сражаясь за место на троне в большом дворце в сиане,эпо трайцарсте был аднимы с самым кровавых периодов в истории древнима китая 1000 людей пагиепли сражайы за место на троне в большом дворце в сиане
1849,"Если вы смотрели фильм ""Сокровище нации"", то можете подумать, что на оборотной стороне Декларации независимости была изображена карта сокровищ.","Если вы смотрели фильм сакровище нации, ты можете подумать, что на оборотынной стороне декларация независимости была изобрышена карта сакровищ.",если вы смотрели фильм сокровище нации то можете подумать что на оборотной стороне декларации независимости была изображена карта сокровищ,если вы смотрели фильм сакровище нации ты можете подумать что на оборотынной стороне декларация независимости была изобрышена карта сакровищ
1799,"Помимо соревнований в среду, Карпендо принимал участие в двух индивидуальных соревнованиях на чемпионатах.",Помимо соревнований в среду Корпенда принимал участие у двух индивидуальных соревнованиях на чемпионатых.,помимо соревнований в среду карпендо принимал участие в двух индивидуальных соревнованиях на чемпионатах,помимо соревнований в среду корпенда принимал участие у двух индивидуальных соревнованиях на чемпионатых
1943,"Чем ниже напряжение, тем более позитивна присутствующая в вас жизненная сила. Каждому человеку потенциально дано обрести абсолютные покой и чувство удовлетворения.","Чем ниже набрежения, тем более позитивна присутствующая ваз жизинная сила. Каждым человеку потенциально даны обрести абсолютные покой и чувствуы удовлетворения.",чем ниже напряжение тем более позитивна присутствующая в вас жизненная сила каждому человеку потенциально дано обрести абсолютные покой и чувство удовлетворения,чем ниже набрежения тем более позитивна присутствующая ваз жизинная сила каждым человеку потенциально даны обрести абсолютные покой и чувствуы удовлетворения
1972,"Часто их не рассматривают, как динозавров, потому что они имеют перья и способны летать.","Часто их нерасматывают мутка к динозавров, потому что они имеют перья и способны летать.",часто их не рассматривают как динозавров потому что они имеют перья и способны летать,часто их нерасматывают мутка к динозавров потому что они имеют перья и способны летать
2006,"Такие элементы, как кальций и калий, считаются металлами. Конечно, также есть такие металлы, как серебро и золото.","Такие элементы как кальций калей считай сометалами, конечно, так же истоки металлы к сереброй золота.",такие элементы как кальций и калий считаются металлами конечно также есть такие металлы как серебро и золото,такие элементы как кальций калей считай сометалами конечно так же истоки металлы к сереброй золота
1803,"Влага на ваших руках вступит в реакцию с верхним слоем, что будет необычно, затем сформируется подобие оболочки.","Влага на ваших руках встопит в реакциях с верхнем слою, что будет необычно, затем сформируется подобие оболочки.",влага на ваших руках вступит в реакцию с верхним слоем что будет необычно затем сформируется подобие оболочки,влага на ваших руках встопит в реакциях с верхнем слою что будет необычно затем сформируется подобие оболочки
1817,Но Шенгенская зона в этом плане функционирует как единая страна.,Ноушенгенская зона в этом плане функционирует как единая страна.,но шенгенская зона в этом плане функционирует как единая страна,ноушенгенская зона в этом плане функционирует как единая страна
1971,"Сильные ветра, град, обильные осадки и лесные пожары являются проявлениями и эффектами суровых погодных явлений, таких как  бури, торнадо, водяные смерчи и ураганы.","Сильные ветра, град, апельные сатки, и лесные пожары являются проявлениями и эффектами сыровых погодных евленей, таких как буре, торнадо, водяные смержи урганы.",сильные ветра град обильные осадки и лесные пожары являются проявлениями и эффектами суровых погодных явлений таких как бури торнадо водяные смерчи и ураганы,сильные ветра град апельные сатки и лесные пожары являются проявлениями и эффектами сыровых погодных евленей таких как буре торнадо водяные смержи урганы
1752,"Это привело к тому, что два вида рыб вымерли, а два других, в том числе горбатый голавль, попали под угрозу исчезновения.","Это привелок тому, что два виды рыб вымерли, а два других, в том числе гырбат и гылауль, попали под урозу исчезновения.",это привело к тому что два вида рыб вымерли а два других в том числе горбатый голавль попали под угрозу исчезновения,это привелок тому что два виды рыб вымерли а два других в том числе гырбат и гылауль попали под урозу исчезновения
2008,"Прочие вопросы в повестке дня на Бали включают в себя сохранение оставшихся в мире лесов и обмен технологиями, чтобы способствовать росту развивающихся стран с меньшими загрязняющими последствиями.","Прочей вопросы в повестке дняно поли, включать в себя сахаронения оставшихся в мере лесов и обмен технологиями, чтобы способствовать рассоры развивающихся стран с малышями за грязняющими последями.",прочие вопросы в повестке дня на бали включают в себя сохранение оставшихся в мире лесов и обмен технологиями чтобы способствовать росту развивающихся стран с меньшими загрязняющими последствиями,прочей вопросы в повестке дняно поли включать в себя сахаронения оставшихся в мере лесов и обмен технологиями чтобы способствовать рассоры развивающихся стран с малышями за грязняющими последями
1752,"Это привело к тому, что два вида рыб вымерли, а два других, в том числе горбатый голавль, попали под угрозу исчезновения.","Эта прелок тому, что два вида рыб вымерли а два других, в том числе гербаты Галавль, попали под угрозу и сезновения.",это привело к тому что два вида рыб вымерли а два других в том числе горбатый голавль попали под угрозу исчезновения,эта прелок тому что два вида рыб вымерли а два других в том числе гербаты галавль попали под угрозу и сезновения
1816,"Дюваль, который женат и имеет двух совершеннолетних детей, не произвел большого впечатления на Миллера, которому рассказали эту историю.","Дюваль, который жанат емей дубухсы шынолетни дейтей, не произвел большого впечатлення номиллеро, которым рассказали эту историю.",дюваль который женат и имеет двух совершеннолетних детей не произвел большого впечатления на миллера которому рассказали эту историю,дюваль который жанат емей дубухсы шынолетни дейтей не произвел большого впечатлення номиллеро которым рассказали эту историю
1827,Толщина коры составляет около 70 км под океанами и 100 км – под материками.,Тылшина корысыставляет околы 70 км под океанами и 100 км под материками.,толщина коры составляет около 70 км под океанами и 100 км под материками,тылшина корысыставляет околы 70 км под океанами и 100 км под материками
1899,"Мухаммед очень интересовался темами, не связанными с мирской жизнью. Он часто посещал пещеру, которая стала известна как ""Хира"" на горе ""Нур"" (свет) для размышлений.","Нухаммед очень интересовался темами не связан иметь мертвой жизни. Он часто посещал пещеру, которая стал известна как Хира на горен нур свет для размышленей.",мухаммед очень интересовался темами не связанными с мирской жизнью он часто посещал пещеру которая стала известна как хира на горе нур свет для размышлений,нухаммед очень интересовался темами не связан иметь мертвой жизни он часто посещал пещеру которая стал известна как хира на горен нур свет для размышленей
1920,"В них обычно предлагается особая еда, напитки и развлечения, чтобы гости оставались в хорошем настроении и не покидали заведения.","В них обычно предлагайся особая еда, напитки и разлечения, чтобы гости астыпались в хорошем настроении и не покидали заведения.",в них обычно предлагается особая еда напитки и развлечения чтобы гости оставались в хорошем настроении и не покидали заведения,в них обычно предлагайся особая еда напитки и разлечения чтобы гости астыпались в хорошем настроении и не покидали заведения
1837,"Либеральная критика усилий по восстановлению сосредоточивалась на том, что контракты на восстановительные работы отдавались предположительно имеющим связи с правительством.","Либеральная критика ауэссилий полостанобления сосредоточилы снатом, что контракты на востанобительные работи отдавались предположительны имеющим связи с правительством.",либеральная критика усилий по восстановлению сосредоточивалась на том что контракты на восстановительные работы отдавались предположительно имеющим связи с правительством,либеральная критика ауэссилий полостанобления сосредоточилы снатом что контракты на востанобительные работи отдавались предположительны имеющим связи с правительством
1868,"На другом конце спектра человек превращается в неузнаваемого индивида, которому кажется, что он должен изменить всё, что делала команда, и присвоить это себе.","На другом консекстре спектра человек преброшай в неузыновайымы индивиды, которымы кажутся, что он должен изменить все, что делала команда и пресвоит это себе.",на другом конце спектра человек превращается в неузнаваемого индивида которому кажется что он должен изменить все что делала команда и присвоить это себе,на другом консекстре спектра человек преброшай в неузыновайымы индивиды которымы кажутся что он должен изменить все что делала команда и пресвоит это себе
1827,Толщина коры составляет около 70 км под океанами и 100 км – под материками.,Толшина корысаставляет около 70 км под океаным и 100 км под материками.,толщина коры составляет около 70 км под океанами и 100 км под материками,толшина корысаставляет около 70 км под океаным и 100 км под материками
1980,"К сожалению, сложно изучать интенсивность движения автотранспорта, потому что нельзя со стопроцентной вероятностью предсказать поведение водителя.","К сожалению, сложно зучать интенсивность движения автотранспорта, потому что не нельзя со 100% верояты степерецказать поведение водители.",к сожалению сложно изучать интенсивность движения автотранспорта потому что нельзя со стопроцентной вероятностью предсказать поведение водителя,к сожалению сложно зучать интенсивность движения автотранспорта потому что не нельзя со 100 верояты степерецказать поведение водители
1853,Джанкарло Физикелла потерял контроль над управлением своим автомобилем и завершил гонку вскоре после старта.,Джанг-Карла Физикелла потерял контроль над управлением своим автомобильем и завершил Гонкув вскоре послестарты.,джанкарло физикелла потерял контроль над управлением своим автомобилем и завершил гонку вскоре после старта,джанг карла физикелла потерял контроль над управлением своим автомобильем и завершил гонкув вскоре послестарты
1756,"Поздно вечером в воскресенье президент США Дональд Трамп через пресс-секретаря заявил, что войска США покинут Сирию.","Позна вечер он воскресейне президент США Дональд Трамп через пресс-секретаря заявил, что войска США покинули серию.",поздно вечером в воскресенье президент сша дональд трамп через пресс секретаря заявил что войска сша покинут сирию,позна вечер он воскресейне президент сша дональд трамп через пресс секретаря заявил что войска сша покинули серию
1803,"Влага на ваших руках вступит в реакцию с верхним слоем, что будет необычно, затем сформируется подобие оболочки.","Влага на наших руках суббит реакциус в верхнем слою, что буддит не обуечына, затем сформируется подобия оболочки.",влага на ваших руках вступит в реакцию с верхним слоем что будет необычно затем сформируется подобие оболочки,влага на наших руках суббит реакциус в верхнем слою что буддит не обуечына затем сформируется подобия оболочки
1832,"В популярные виды спорта входят футбол, баскетбол, волейбол, водное поло, фехтование, регби, велоспорт, хоккей на льду, хоккей на роликах и автогонки ""Формулы-1"".","В популярны виды спортов ходят футбол, бускит бол, вулли бол, воды болы, фиктавания, регби, вилла спорт, хакенальту, хакенароликах и автогонки формулыадин.",в популярные виды спорта входят футбол баскетбол волейбол водное поло фехтование регби велоспорт хоккей на льду хоккей на роликах и автогонки формулы 1,в популярны виды спортов ходят футбол бускит бол вулли бол воды болы фиктавания регби вилла спорт хакенальту хакенароликах и автогонки формулыадин
1985,"Это связано, но обычно не включает пешее восхождение на вершину и затем спуск по неподготовленным склонам, так как катание по целине требует более жестких лыж и ботинок.","Эта связана, но обычно не включает пеша и восхождение на вершину и затем спуска по неподготовленным склонам, так как катание по целине требует более жоский хлыш и ботинок.",это связано но обычно не включает пешее восхождение на вершину и затем спуск по неподготовленным склонам так как катание по целине требует более жестких лыж и ботинок,эта связана но обычно не включает пеша и восхождение на вершину и затем спуска по неподготовленным склонам так как катание по целине требует более жоский хлыш и ботинок
1692,"Согласно ядерному управлению Японии, на заводе были обнаружены радиоактивный цезий и йод.",Согласы на ядерным управлению Японии на заводе бурли обнаружены радиоактивной цези и т.д.,согласно ядерному управлению японии на заводе были обнаружены радиоактивный цезий и йод,согласы на ядерным управлению японии на заводе бурли обнаружены радиоактивной цези и т д
1884,"В частности, утверждается, что можно определить, лжет ли человек, при помощи правильной интерпретации его микровыражений.","В частности, утверждаяся, что можно пределить «жотли человек» при помощи правильной интерпретации его микроваражений.",в частности утверждается что можно определить лжет ли человек при помощи правильной интерпретации его микровыражений,в частности утверждаяся что можно пределить жотли человек при помощи правильной интерпретации его микроваражений
1929,"Дель Потро имел раннее преимущество во втором сете, но это также потребовало тай-брейка после достижения 6-6.","Дель Патро имел ранее преимуществы во втором сети, но это также потребовало Тай Брейка после достижения 6-6.",дель потро имел раннее преимущество во втором сете но это также потребовало тай брейка после достижения 6 6,дель патро имел ранее преимуществы во втором сети но это также потребовало тай брейка после достижения 6 6
1871,В тёплом климате Ближнего Востока дом не имел особого значения.,В тёплым климете ближнива Востока дому не имел особлознечения.,в теплом климате ближнего востока дом не имел особого значения,в теплым климете ближнива востока дому не имел особлознечения
1747,Коллеги-рестлеры тоже отдали Луне дань уважения.,Коллеги Реслери тоже аддалилуне дай уважения.,коллеги рестлеры тоже отдали луне дань уважения,коллеги реслери тоже аддалилуне дай уважения
1770,"Это кажется разумной идеей, потому что мы не чувствуем, что Земля движется, не так ли?","Это кажется разумные идеи, потому что мы не чувствуем, что Земля движется. Не так ли?",это кажется разумной идеей потому что мы не чувствуем что земля движется не так ли,это кажется разумные идеи потому что мы не чувствуем что земля движется не так ли
1989,"Кроме того, он занимался гравюрным оттиском банкнот для многих стран. Недавние примеры его работ — портреты премьер-министра на лицевой стороне новых банкнот Канады номиналом 5 и 100 долларов.","Кроме того, он занимался граверным отиском банк нот для многих стран. Недабы не примера его работ портреты премьер-министр анализ цивой стране новых банк нот канады, номиналом 5 и 100 долларов.",кроме того он занимался гравюрным оттиском банкнот для многих стран недавние примеры его работ портреты премьер министра на лицевой стороне новых банкнот канады номиналом 5 и 100 долларов,кроме того он занимался граверным отиском банк нот для многих стран недабы не примера его работ портреты премьер министр анализ цивой стране новых банк нот канады номиналом 5 и 100 долларов
1705,"15 августа 1940 года союзники вторглись в южную часть Франции. Вторжение получило название ""Операция ""Драгун"""".","15 Августы 1940 года союзники в торглись в еженую часть Франци, в таржине плочила название «оберация драгон».",15 августа 1940 года союзники вторглись в южную часть франции вторжение получило название операция драгун,15 августы 1940 года союзники в торглись в еженую часть франци в таржине плочила название оберация драгон
1852,"Надлежащее использование блогов может дать учащимся возможность стать более аналитичными и критичными. Путём активного отклика на интернет-материалы учащиеся могут определять свою позицию в контексте чужих работ, а также излагать свои собственные взгляды на конкретные вопросы (Оравек, 2002).","Назлежашаше использования блогов может дать учашемся, возможно стать более аналитичными и критичными, путем активна откликанных интернет материалу учаши, если могут определять свою позицию в контекс и чушек работа, а также излогать собственно взгляды на конкретные вопросы.",надлежащее использование блогов может дать учащимся возможность стать более аналитичными и критичными путем активного отклика на интернет материалы учащиеся могут определять свою позицию в контексте чужих работ а также излагать свои собственные взгляды на конкретные вопросы оравек 2002,назлежашаше использования блогов может дать учашемся возможно стать более аналитичными и критичными путем активна откликанных интернет материалу учаши если могут определять свою позицию в контекс и чушек работа а также излогать собственно взгляды на конкретные вопросы
1987,"Падение произошло в высокогорье, и, как полагают, стало результатом вражеского огня.","Падения произошло в Сакакори и, как полагают, стал результатом вражеского огня.",падение произошло в высокогорье и как полагают стало результатом вражеского огня,падения произошло в сакакори и как полагают стал результатом вражеского огня
1741,"Большие области далее к северу довольно редко заселены, а некоторые из них – практически незаселённая глушь.","Большей области далиек северу довольно редко заселены, а некатер из них практически незаселенное глуш.",большие области далее к северу довольно редко заселены а некоторые из них практически незаселенная глушь,большей области далиек северу довольно редко заселены а некатер из них практически незаселенное глуш
1725,"Серия ASUS Eee PC, ранее представленная во всём мире с ориентацией на такие факторы, как экономия средств и функциональность, стала горячей темой во время месяца информационных технологий в Тайбэе в 2007 году.",Сирия ASUS eEPC ранее представлены во всё мирис ориентации на такие факторы как экономия средств и функциональность стала горячей темой во время месяц информационных технологии в Тайбеи в 2007 году.,серия asus eee pc ранее представленная во всем мире с ориентацией на такие факторы как экономия средств и функциональность стала горячей темой во время месяца информационных технологий в тайбэе в 2007 году,сирия asus eepc ранее представлены во все мирис ориентации на такие факторы как экономия средств и функциональность стала горячей темой во время месяц информационных технологии в тайбеи в 2007 году
1796,"Этот осадок требовался для формирования пляжей и песчаных отмелей, являвшихся местом обитания диких животных.","Эдот ассадок требовался для формирования пляжи и пещаных отмелеги в леабшисти, местом обитания деких животных.",этот осадок требовался для формирования пляжей и песчаных отмелей являвшихся местом обитания диких животных,эдот ассадок требовался для формирования пляжи и пещаных отмелеги в леабшисти местом обитания деких животных
1703,"Вчера Мартейи привёл к присяге новый Временный избирательный совет (ВИС), состоящий из девяти участников.","Вчера Мартей привел к пресяге Новый временный избирательный совет — Вис, состоящий из девяти участника.",вчера мартейи привел к присяге новый временный избирательный совет вис состоящий из девяти участников,вчера мартей привел к пресяге новый временный избирательный совет вис состоящий из девяти участника
1878,"Центр церковной власти базировался в Риме на протяжении более тысячи лет, и такое сосредоточение могущества и богатства привело к тому, что многие усомнились, а соблюдается ли этот догмат.","Центр цирковные власти базировался времену протяжения более тыс чилет, и такое сосредоточения макушистого и богатства привлок тому, что многих сомнелись, осоплюдая цилету догмат.",центр церковной власти базировался в риме на протяжении более тысячи лет и такое сосредоточение могущества и богатства привело к тому что многие усомнились а соблюдается ли этот догмат,центр цирковные власти базировался времену протяжения более тыс чилет и такое сосредоточения макушистого и богатства привлок тому что многих сомнелись осоплюдая цилету догмат
1961,"Одним из наиболее распространённых методов, используемых для иллюстрации важности социализации, является иллюстрация нескольких прискорбных случаев, когда дети из-за отсутствия должного внимания, неудачного стечения обстоятельств или умышленного жестокого обращения не контактировали со взрослыми во время своего взросления.","Аднимы, знай, более распространенных методов используемых для иллюстрации, вазасти, социализация, являются иллюстрация, нескольких прискорбных случаев, когда дети изо отсустья должного внимания, неудачного стичания обстоятельстых или умышленного жыстоков обращения, не контактировали с обзрослыми во время своего взросления.",одним из наиболее распространенных методов используемых для иллюстрации важности социализации является иллюстрация нескольких прискорбных случаев когда дети из за отсутствия должного внимания неудачного стечения обстоятельств или умышленного жестокого обращения не контактировали со взрослыми во время своего взросления,аднимы знай более распространенных методов используемых для иллюстрации вазасти социализация являются иллюстрация нескольких прискорбных случаев когда дети изо отсустья должного внимания неудачного стичания обстоятельстых или умышленного жыстоков обращения не контактировали с обзрослыми во время своего взросления
1686,"В итоге сплочённая работа организации с целью преодолеть препятствие может привести к новому инновационному процессу, который будет отвечать интересам клиента.","В итоге, сплаченные работа организаций с целью преодалять препятствия может привести к новому инновационному процессу, который будет отвечать интересам клиента.",в итоге сплоченная работа организации с целью преодолеть препятствие может привести к новому инновационному процессу который будет отвечать интересам клиента,в итоге сплаченные работа организаций с целью преодалять препятствия может привести к новому инновационному процессу который будет отвечать интересам клиента
1888,"Шок по возвращении в родную страну наступает раньше, чем культурный шок (здесь более короткий романтичный период), длится дольше и может быть более тяжёлым.",Шок по возвращению родной страны наступай траншы — чем культурный шок. Здесь болия коротки романтичной период длится дольше и может быть боле тежолы.,шок по возвращении в родную страну наступает раньше чем культурный шок здесь более короткий романтичный период длится дольше и может быть более тяжелым,шок по возвращению родной страны наступай траншы чем культурный шок здесь болия коротки романтичной период длится дольше и может быть боле тежолы
1903,"Когда все доступные ресурсы эффективно используются во всех функциональных подразделениях организации, то могут проявиться креативность и изобретательность.","Когда все доступные ресурсы эффективно используются во всех функциональных подразделениях организаций, тут мугод проявиться креативность и изобретательность.",когда все доступные ресурсы эффективно используются во всех функциональных подразделениях организации то могут проявиться креативность и изобретательность,когда все доступные ресурсы эффективно используются во всех функциональных подразделениях организаций тут мугод проявиться креативность и изобретательность
1815,"Атомная бомба работает на том принципе, что для того, чтобы много протонов и нейтронов находились в одном ядре, необходима энергия.","Атомная бомба работает на том принципе, что для тағу штобы много протоны и нейтронов находелес в одном едре необходимая энергия.",атомная бомба работает на том принципе что для того чтобы много протонов и нейтронов находились в одном ядре необходима энергия,атомная бомба работает на том принципе что для тағу штобы много протоны и нейтронов находелес в одном едре необходимая энергия
1974,"Аналогично, мужчины должны носить брюки, которые бы закрывали колени.","Аналогичны мышчина длежинен мусить брюки, которые бозакревали колени.",аналогично мужчины должны носить брюки которые бы закрывали колени,аналогичны мышчина длежинен мусить брюки которые бозакревали колени
1691,"На некоторых маршрутах  у более крупных компаний есть свои собственные самолёты, но для других маршрутов и более мелких компаний с этим была проблема.","На некоторых маршрутах Уполия крупных компаний есть свои собстыные самолеты, но для других маршрутов Уполия мелких компаний с этим была проблема.",на некоторых маршрутах у более крупных компаний есть свои собственные самолеты но для других маршрутов и более мелких компаний с этим была проблема,на некоторых маршрутах уполия крупных компаний есть свои собстыные самолеты но для других маршрутов уполия мелких компаний с этим была проблема
1890,Большинство современных исследовательских телескопов — это огромные сооружения в удаленных местах с благоприятными атмосферными условиями.,Большинство современных исследовательских телескопов — это огромные саружения в удаленных местах с благоприятными атмосферными условиями.,большинство современных исследовательских телескопов это огромные сооружения в удаленных местах с благоприятными атмосферными условиями,большинство современных исследовательских телескопов это огромные саружения в удаленных местах с благоприятными атмосферными условиями
1885,Между 10:00 и 11:00 вечера по горному времени заключенные устроили пожар во дворе.,Мешду 10 и 11 вечера пакгорному времени доключен на острой липо жарвы дыбаре.,между 10 00 и 11 00 вечера по горному времени заключенные устроили пожар во дворе,мешду 10 и 11 вечера пакгорному времени доключен на острой липо жарвы дыбаре
1990,"Блоги также могут улучшить навыки письма у учащихся. Хотя учащиеся часто начинают свой блог используя неряшливую грамматику и орфографию, это как правило меняется из-за присутствия аудитории.","Блоги так же могут лушить навыки письмауы Чашикся, хотя у Чаши часто начинай свой блогу использа нережь, либо грамматику и орфография — это правило меняйся из-за присусия аудитории.",блоги также могут улучшить навыки письма у учащихся хотя учащиеся часто начинают свой блог используя неряшливую грамматику и орфографию это как правило меняется из за присутствия аудитории,блоги так же могут лушить навыки письмауы чашикся хотя у чаши часто начинай свой блогу использа нережь либо грамматику и орфография это правило меняйся из за присусия аудитории
1767,"Это представляет хорошую возможность увидеть северное сияние, потому что небо будет более или менее тёмным круглые сутки.","Эта представляет хорошую возможность видеть северная сияния, потому что небы будет более или менее темным круглой сутки.",это представляет хорошую возможность увидеть северное сияние потому что небо будет более или менее темным круглые сутки,эта представляет хорошую возможность видеть северная сияния потому что небы будет более или менее темным круглой сутки
1929,"Дель Потро имел раннее преимущество во втором сете, но это также потребовало тай-брейка после достижения 6-6.","Дальпотра имел ранее преимущество в автором сети, но это также потребовало Тайбрейка, после достижения 6-6.",дель потро имел раннее преимущество во втором сете но это также потребовало тай брейка после достижения 6 6,дальпотра имел ранее преимущество в автором сети но это также потребовало тайбрейка после достижения 6 6
2007,"По оценке начальника Инженерных войск США, 6 дюймов дождевых осадков могли прорвать поврежденные ранее дамбы.",По оценкин начальника инженерных войск США шесть дюймов дышдиевы хосатков могли прорвать поворежденные ранее дамбы.,по оценке начальника инженерных войск сша 6 дюймов дождевых осадков могли прорвать поврежденные ранее дамбы,по оценкин начальника инженерных войск сша шесть дюймов дышдиевы хосатков могли прорвать поворежденные ранее дамбы
2005,"Но еще можно многое сказать о птицах, которые всё ещё выглядят как динозавры.","«Но еще многая мажаная» — сказать, оптицах, которые все еще выгляделы как динозавры.",но еще можно многое сказать о птицах которые все еще выглядят как динозавры,но еще многая мажаная сказать оптицах которые все еще выгляделы как динозавры
1907,Вскоре после начала военных действий Британия устроила морскую блокаду Германии.,Скоря посленный чалу военых действий Британия Уструэлла морской блокадо Германия.,вскоре после начала военных действий британия устроила морскую блокаду германии,скоря посленный чалу военых действий британия уструэлла морской блокадо германия
1750,Находка также позволяет ознакомиться с эволюцией перьев у птиц.,Нахотка так же позволяет ознакомиться с эволюцией переоубтиц.,находка также позволяет ознакомиться с эволюцией перьев у птиц,нахотка так же позволяет ознакомиться с эволюцией переоубтиц
1811,Стандарт 802.11n работает на обоих частотах – 2.4 ГГц и 5.0 ГГц.,Стандарт 802.11N работают на бойых частотах 2.4 ГГц,стандарт 802 11n работает на обоих частотах 2 4 ггц и 5 0 ггц,стандарт 802 11n работают на бойых частотах 2 4 ггц
1845,"Они вернулись в Париж в карете, окружённые толпой людей, которые выкрикивали угрозы королю и королеве.","Они вернулись в Париж в Карете, окруженной толпой людей, которые в греколье угрозы королю и королеве.",они вернулись в париж в карете окруженные толпой людей которые выкрикивали угрозы королю и королеве,они вернулись в париж в карете окруженной толпой людей которые в греколье угрозы королю и королеве
1711,"Эти теории обращаются к тому, что же заставляет конкретных людей хотеть делать то, что они делают, и что их  окружении заставляет делать или не делать определённые вещи.","Эти теории обращаются к тому, что же заставляет конкретных людей хатить, делать то, что они делают и что их окружение заставляют делать или не делать определенной вещи.",эти теории обращаются к тому что же заставляет конкретных людей хотеть делать то что они делают и что их окружении заставляет делать или не делать определенные вещи,эти теории обращаются к тому что же заставляет конкретных людей хатить делать то что они делают и что их окружение заставляют делать или не делать определенной вещи
1911,"Аналогичным образом, если у вас есть шенгенская виза, вам не нужно подавать заявление на получение визы в каждую из стран-участниц Шенгенского соглашения отдельно, что позволит вам сэкономить время и деньги, а также избежать бумажной волокиты.","Аналогичным образом, если у вас есть жынгенская виза, вам не нужно пыдать заявление на получение визов каждую страну частейсне жынгенское возоглашение отдельно, что позволит вам с экономить время и деньги, а также избежать бумажный влакиты.",аналогичным образом если у вас есть шенгенская виза вам не нужно подавать заявление на получение визы в каждую из стран участниц шенгенского соглашения отдельно что позволит вам сэкономить время и деньги а также избежать бумажной волокиты,аналогичным образом если у вас есть жынгенская виза вам не нужно пыдать заявление на получение визов каждую страну частейсне жынгенское возоглашение отдельно что позволит вам с экономить время и деньги а также избежать бумажный влакиты
1764,"Количество присутствующих было настолько велико, что не все смогли попасть на площадь Святого Петра, где проходили похороны.","Колличеса присутствующих был анастол каблеко, что не все смогли попасть на площадь автоопедра, где проходили похороны.",количество присутствующих было настолько велико что не все смогли попасть на площадь святого петра где проходили похороны,колличеса присутствующих был анастол каблеко что не все смогли попасть на площадь автоопедра где проходили похороны
1996,"Австралиец Митчелл Гурли пришел к финишу одиннадцатым в соревнованиях по супергиганту для мужчин в классе ""стоя"". Чех Олдрич Елинек пришел к финишу шестнадцатым в соревнованиях по супергиганту для мужчин в классе ""сидя"".",Астролиз Митчал Гурли пришел к финишу 11-м в соревнованиях посубергиганто для мужчин в классе стоя. Чех Олдрич Еленек пришел к финишу 16-м в соревнованиях посубергиганто для мужчин в классе сиде.,австралиец митчелл гурли пришел к финишу одиннадцатым в соревнованиях по супергиганту для мужчин в классе стоя чех олдрич елинек пришел к финишу шестнадцатым в соревнованиях по супергиганту для мужчин в классе сидя,астролиз митчал гурли пришел к финишу 11 м в соревнованиях посубергиганто для мужчин в классе стоя чех олдрич еленек пришел к финишу 16 м в соревнованиях посубергиганто для мужчин в классе сиде
2009,"Наиболее доступными растительными ресурсами были бы белки, находящиеся в листьях и бобовых, но они плохо усваиваются такими приматами, как мы, если их не готовить.","Найболее доступными растительными ресурсами буйли бы белки, находяшися в листьях и бабоух, но неплохо свайываться такими брематыми, как мы, если их не газовить.",наиболее доступными растительными ресурсами были бы белки находящиеся в листьях и бобовых но они плохо усваиваются такими приматами как мы если их не готовить,найболее доступными растительными ресурсами буйли бы белки находяшися в листьях и бабоух но неплохо свайываться такими брематыми как мы если их не газовить
1878,"Центр церковной власти базировался в Риме на протяжении более тысячи лет, и такое сосредоточение могущества и богатства привело к тому, что многие усомнились, а соблюдается ли этот догмат.","Центр Цирковные власти базировался времен на протяжение более тыси лет, и такое сосредотачения макушетве богатства приблок тому, что многих усомнились, особлюдаяся летодагмат.",центр церковной власти базировался в риме на протяжении более тысячи лет и такое сосредоточение могущества и богатства привело к тому что многие усомнились а соблюдается ли этот догмат,центр цирковные власти базировался времен на протяжение более тыси лет и такое сосредотачения макушетве богатства приблок тому что многих усомнились особлюдаяся летодагмат
1831,"Национальный парк Плитвицкие озёра сильно зарос лесом, в основном буками, елями и пихтами, и представляет собой смесь альпийской и средиземноморской растительности.","Национальный парк Плитвитский озера сильны зарослесым в основном буквами, елами и пихтами, и предстабляяться бюсмес альпийской и средиземноморске ростительности.",национальный парк плитвицкие озера сильно зарос лесом в основном буками елями и пихтами и представляет собой смесь альпийской и средиземноморской растительности,национальный парк плитвитский озера сильны зарослесым в основном буквами елами и пихтами и предстабляяться бюсмес альпийской и средиземноморске ростительности
1695,"Простым и популярным блюдом на обед, особенно в летнее время, является Па-амб-оли: хлеб с оливковым маслом, помидорами и любой имеющейся начинкой, такой как сыр, тунец и т. д.","Простымы популярным блюдым на обед, особенно в летнее время, являются памп-оли, хлеб салепковым маслом, помидорыми и любой меши сеначинкой такой как сыр, тунец и т.д.",простым и популярным блюдом на обед особенно в летнее время является па амб оли хлеб с оливковым маслом помидорами и любой имеющейся начинкой такой как сыр тунец и т д,простымы популярным блюдым на обед особенно в летнее время являются памп оли хлеб салепковым маслом помидорыми и любой меши сеначинкой такой как сыр тунец и т д
1663,Долина Кочамо – главное направление в Чили для альпинизма. Она известна как Йосмит Южной Америки и имеет большое количество больших гранитных стен и скал.,Долина Качамы – главный направление в чередля альпинизма. Оно известны как Йосмит Йожна Америки имеду большое количество больших гранитных стены скал.,долина кочамо главное направление в чили для альпинизма она известна как йосмит южной америки и имеет большое количество больших гранитных стен и скал,долина качамы главный направление в чередля альпинизма оно известны как йосмит йожна америки имеду большое количество больших гранитных стены скал
1797,Каждый является членом общества и использует транспортные системы. Практически каждый жалуется на эти систем.,"Каждый блять с членом обшисто и используя транспортная система, практически каждый жалуется на эти систем.",каждый является членом общества и использует транспортные системы практически каждый жалуется на эти систем,каждый блять с членом обшисто и используя транспортная система практически каждый жалуется на эти систем
1858,"Даниэль Лантань, эксперт ООН по вопросам данной болезни, заявила, что вспышка, вероятно, была вызвана миротворцами.",Даниэль Ланталь эксперт уон по вопросамданы болезни «Завила» чтобы спышка вероятны было в избанномеротворцами.,даниэль лантань эксперт оон по вопросам данной болезни заявила что вспышка вероятно была вызвана миротворцами,даниэль ланталь эксперт уон по вопросамданы болезни завила чтобы спышка вероятны было в избанномеротворцами
1703,"Вчера Мартейи привёл к присяге новый Временный избирательный совет (ВИС), состоящий из девяти участников.",Вчера Мартей привел к преся геновы времен и избирательный совет «бис» состыяшись девятин учасынков.,вчера мартейи привел к присяге новый временный избирательный совет вис состоящий из девяти участников,вчера мартей привел к преся геновы времен и избирательный совет бис состыяшись девятин учасынков
1832,"В популярные виды спорта входят футбол, баскетбол, волейбол, водное поло, фехтование, регби, велоспорт, хоккей на льду, хоккей на роликах и автогонки ""Формулы-1"".","В популярные виды спортов ходят футбол, баскетбол, волейбол, водноаполы, фихтования, регби, велоспорт, хакене телду, хакене роликах и автогонке формулы один.",в популярные виды спорта входят футбол баскетбол волейбол водное поло фехтование регби велоспорт хоккей на льду хоккей на роликах и автогонки формулы 1,в популярные виды спортов ходят футбол баскетбол волейбол водноаполы фихтования регби велоспорт хакене телду хакене роликах и автогонке формулы один
1922,"Конечно же, эта традиция имеет христианское теологическое объяснение, но это вполне может быть и дохристианский ритуал весны и плодородия.","Конечно же, эта традиция имеет христианское теологическое объяснение, но это вполне может быть ито христианский ритуал висны и плодородия.",конечно же эта традиция имеет христианское теологическое объяснение но это вполне может быть и дохристианский ритуал весны и плодородия,конечно же эта традиция имеет христианское теологическое объяснение но это вполне может быть ито христианский ритуал висны и плодородия
1737,"Львы — самые социальные кошки, живущие в больших группах, которые называются прайдами.","Бильвей с самой суциальной кошки жуушие убильшую группа, к которой називаются прайдами.",львы самые социальные кошки живущие в больших группах которые называются прайдами,бильвей с самой суциальной кошки жуушие убильшую группа к которой називаются прайдами
1851,"Отбойное течение — течение, создаваемое волнами, которые разбиваются о берег, или иногда об риф или что-то подобное.","Отбойная течения — течение создауайы майолными, которые разбиваются оберек, или иногда обрив, или что-то подобное.",отбойное течение течение создаваемое волнами которые разбиваются о берег или иногда об риф или что то подобное,отбойная течения течение создауайы майолными которые разбиваются оберек или иногда обрив или что то подобное
1667,"Как правило, могут проявляться два типа поведения когда менеджеры начинают руководить людьми, ранее равными им по статусу. Одна крайность спектра – это попытка оставаться ""своим парнем"" (или девушкой).","Как правило, могут проявляться два типа поведения, когда менеджеры начинаты руководитель людьми ранее равномеем по статусу, одна крайная спектра — это попытка оставаться с выым парнем или девушке.",как правило могут проявляться два типа поведения когда менеджеры начинают руководить людьми ранее равными им по статусу одна крайность спектра это попытка оставаться своим парнем или девушкой,как правило могут проявляться два типа поведения когда менеджеры начинаты руководитель людьми ранее равномеем по статусу одна крайная спектра это попытка оставаться с выым парнем или девушке
1785,"Скаффолдинг — это не метод обучения, а скорее форма помощи тем, кто проходит через новый опыт обучения, такой как использование новой компьютерной программы или начало нового проекта.","Скафолдинка — это немедо табучейни, аскариформы в помощи тем, кто проходит через новое опыта бучейни, т.к. использования новой компьютерной программы или начало новое проекта.",скаффолдинг это не метод обучения а скорее форма помощи тем кто проходит через новый опыт обучения такой как использование новой компьютерной программы или начало нового проекта,скафолдинка это немедо табучейни аскариформы в помощи тем кто проходит через новое опыта бучейни т к использования новой компьютерной программы или начало новое проекта
1749,"Он находился под управлением ""вишистских"" французов. Эти французы, заключили мир с немцами в 1940 году и работали вместе с захватчиками вместо того, чтобы им противостоять.","Он находился под опырвлением вишистских французов. Эти французы заключили мер с немцами в 1940 году и работали вместе за хвачьми вместо того, чтобы им противостоять.",он находился под управлением вишистских французов эти французы заключили мир с немцами в 1940 году и работали вместе с захватчиками вместо того чтобы им противостоять,он находился под опырвлением вишистских французов эти французы заключили мер с немцами в 1940 году и работали вместе за хвачьми вместо того чтобы им противостоять
1668,"Также может быть выгодно купить Wild Card, которая позволяет посещать национальные парки ЮАР либо выборочно, либо все.","Так же может быть вигына кубить Уалл-Карльд, который позволяет посещать национальный парке Юар, либо выборышна, либо все.",также может быть выгодно купить wild card которая позволяет посещать национальные парки юар либо выборочно либо все,так же может быть вигына кубить уалл карльд который позволяет посещать национальный парке юар либо выборышна либо все
1794,"Цивилизация — это отдельная культура, носителями которой является достаточно большая группа людей, живущих и работающих вместе, общество.","Цивилизация — это отдельная культура, носительами которой являяться достатышны большая группа людей, жылушьих и работающих в уместе, обшествы.",цивилизация это отдельная культура носителями которой является достаточно большая группа людей живущих и работающих вместе общество,цивилизация это отдельная культура носительами которой являяться достатышны большая группа людей жылушьих и работающих в уместе обшествы
1764,"Количество присутствующих было настолько велико, что не все смогли попасть на площадь Святого Петра, где проходили похороны.","Количество присутствующих было настолько велико, что они все смогли бы пасть на площадь Ситоопитра, где проходили похороны.",количество присутствующих было настолько велико что не все смогли попасть на площадь святого петра где проходили похороны,количество присутствующих было настолько велико что они все смогли бы пасть на площадь ситоопитра где проходили похороны
1897,"На севере регион ограничен Сахелем, а на юге и западе — Атлантическим океаном.","Носеверия региона граничен Сахелям, Анаюги и Западе итлантическим океаном.",на севере регион ограничен сахелем а на юге и западе атлантическим океаном,носеверия региона граничен сахелям анаюги и западе итлантическим океаном
1726,"Учебные экскурсии очень важны для любого класса. Очень часто учителям хочется отвезти своих учеников туда, куда нельзя доехать на автобусе.","Учебной экскурсии очень важны для любого класса. Очень часто учителям хочется отвести своих учинков туда, куда нельзя доехать на автобусе.",учебные экскурсии очень важны для любого класса очень часто учителям хочется отвезти своих учеников туда куда нельзя доехать на автобусе,учебной экскурсии очень важны для любого класса очень часто учителям хочется отвести своих учинков туда куда нельзя доехать на автобусе
1681,"Он, однако, не является единственным. Научные исследования также руководствуются экспериментированием (эксперимент — это проверка, используемая, чтобы исключить одну или более возможных гипотез), задаванием вопросов и проведением наблюдений.","Он однако не является единственным. Научына исследования также руководствуются экспериметированием эксперимента эта проверка используемая, чтобы исключить адну или боле возможы на кепотез, задаваниям вопросов и проведениям наблюдений.",он однако не является единственным научные исследования также руководствуются экспериментированием эксперимент это проверка используемая чтобы исключить одну или более возможных гипотез задаванием вопросов и проведением наблюдений,он однако не является единственным научына исследования также руководствуются экспериметированием эксперимента эта проверка используемая чтобы исключить адну или боле возможы на кепотез задаваниям вопросов и проведениям наблюдений
1901,"Несмотря на то, что ИИ прочно ассоциируется с научной фантастикой, он формирует очень важное направление компьютерных наук, рассматривающее поведение и обучение машин и ""привитие"" им интеллекта.","Несмотря на то, что ИИ прочин ассоциируется с наученой фантастика, он формирует очень важен направление компьютерных наук, рассматривающие поведения и обучения машин, и певейте и ментилекта.",несмотря на то что ии прочно ассоциируется с научной фантастикой он формирует очень важное направление компьютерных наук рассматривающее поведение и обучение машин и привитие им интеллекта,несмотря на то что ии прочин ассоциируется с наученой фантастика он формирует очень важен направление компьютерных наук рассматривающие поведения и обучения машин и певейте и ментилекта
1708,"Хьюн ушел в отставку, и в Кабинете министров его заменит член парламента Эд Дейви. Ожидается, что член парламента Норман Ламб займет принадлежащий Дейви пост Министра по делам бизнеса.","Хиону шел в отставку и в кабинете министров его заменет член парламента Эд Дэви. Ожидайться, что член парламента Норман ламп займет принадлежащий Дэви постминистропы делам бизнеса.",хьюн ушел в отставку и в кабинете министров его заменит член парламента эд дейви ожидается что член парламента норман ламб займет принадлежащий дейви пост министра по делам бизнеса,хиону шел в отставку и в кабинете министров его заменет член парламента эд дэви ожидайться что член парламента норман ламп займет принадлежащий дэви постминистропы делам бизнеса
1877,"Нынешняя сенатор и Первая леди Аргентины Кристина Фернандес де Киршнер анонсировала выдвижение своей кандидатуры на пост президента вчера вечером в Ла-Плате, городе в 50 километрах (31 милях) от Буэнос-Айреса.",Нынешняя синатор и первая ледя аргентины Кристина Фернандыс Деккиршнер аннансировала в движения свои кандидатуры на пост президента вчера вечером был оплаты «городи в 50 км» «в отбойно сайыс».,нынешняя сенатор и первая леди аргентины кристина фернандес де киршнер анонсировала выдвижение своей кандидатуры на пост президента вчера вечером в ла плате городе в 50 километрах 31 милях от буэнос айреса,нынешняя синатор и первая ледя аргентины кристина фернандыс деккиршнер аннансировала в движения свои кандидатуры на пост президента вчера вечером был оплаты городи в 50 км в отбойно сайыс
1796,"Этот осадок требовался для формирования пляжей и песчаных отмелей, являвшихся местом обитания диких животных.","Эт отасадок требовался для формирования пляжи и пешечаных отмели, являвшись семистым обитания диких жылотын",этот осадок требовался для формирования пляжей и песчаных отмелей являвшихся местом обитания диких животных,эт отасадок требовался для формирования пляжи и пешечаных отмели являвшись семистым обитания диких жылотын
1798,"В начальный период своего существования это шоу транслировалось только на сайте давно существующего онлайн-радио TogiNet Radio, посвященного радиобеседам.","В начальне период своего существования эта шоу транслералась только на сайте довына сушистуы ишу «онлайн радио» «тоги, не т.р. посвященного радио» беседом.",в начальный период своего существования это шоу транслировалось только на сайте давно существующего онлайн радио toginet radio посвященного радиобеседам,в начальне период своего существования эта шоу транслералась только на сайте довына сушистуы ишу онлайн радио тоги не т р посвященного радио беседом
1938,"В больнице был соблюден протокол инфекционного контроля, включая отдельное содержание пациента, чтобы предотвратить возможное заражение других пациентов.","В больнице был соблюден протокол инфекционного контроль, включая отдельное содержание пациента, чтобы предотвратить возможность дружинин других пациентов.",в больнице был соблюден протокол инфекционного контроля включая отдельное содержание пациента чтобы предотвратить возможное заражение других пациентов,в больнице был соблюден протокол инфекционного контроль включая отдельное содержание пациента чтобы предотвратить возможность дружинин других пациентов
1793,"Если вы не привыкли ездить по сельским дорогам, будьте начеку: преобладают крутые склоны, узкие переулки и резкие повороты.","Если вы не привыкли езть бассерским дорогам Буттенечику преобладают курты из клоны, узки приулки и резкие повороты.",если вы не привыкли ездить по сельским дорогам будьте начеку преобладают крутые склоны узкие переулки и резкие повороты,если вы не привыкли езть бассерским дорогам буттенечику преобладают курты из клоны узки приулки и резкие повороты
1669,"Начальник полиции Чандра Шехар Соланки заявил, что обвиняемые были представлены перед судьями с закрытыми лицами.","Начальник полицей Чандра Шехар Саланке заявил, что обвиняймы были представлены предсудьями «закрытыми лицами».",начальник полиции чандра шехар соланки заявил что обвиняемые были представлены перед судьями с закрытыми лицами,начальник полицей чандра шехар саланке заявил что обвиняймы были представлены предсудьями закрытыми лицами
1747,Коллеги-рестлеры тоже отдали Луне дань уважения.,Коллеги Ростлеры тоже одырелуне даин уважения.,коллеги рестлеры тоже отдали луне дань уважения,коллеги ростлеры тоже одырелуне даин уважения
1736,Роландо Мендоса выстреливал из своей винтовки М16 в туристов.,Ролланда Ментоса — Уэстрелевол из Свои Вентовки М16 дуристов.,роландо мендоса выстреливал из своей винтовки м16 в туристов,ролланда ментоса уэстрелевол из свои вентовки м16 дуристов
1857,"Он добавил, что ""их, однако, не следует просить брать на себя обязательства, которые выходят за рамки их стадии разработки, ответственности и возможностей"".","Он табаевыл, что их одынако не следует просить брать на себя обязательства, которые выходят за рамки их стадия, разработки, ответственность и возможностей.",он добавил что их однако не следует просить брать на себя обязательства которые выходят за рамки их стадии разработки ответственности и возможностей,он табаевыл что их одынако не следует просить брать на себя обязательства которые выходят за рамки их стадия разработки ответственность и возможностей
1983,"Слово ""цивилизация"" происходит от латинского civilis, что означает ""гражданский"" и является родственником латинских слов civis, означающего ""гражданин"", и civitas, означающего ""город"" или ""город-государство"", и оно также определенным образом выражает размер общества.","Слово цивилизация происходит атлатинского цивилис, что азыначай граждански и являться родственникам латинских слов цивис, азыначайшивы гражданин и цивитас, азыначайшивы город или городгосударства и анот также определенным образом выражай тразумер общества.",слово цивилизация происходит от латинского civilis что означает гражданский и является родственником латинских слов civis означающего гражданин и civitas означающего город или город государство и оно также определенным образом выражает размер общества,слово цивилизация происходит атлатинского цивилис что азыначай граждански и являться родственникам латинских слов цивис азыначайшивы гражданин и цивитас азыначайшивы город или городгосударства и анот также определенным образом выражай тразумер общества
1925,"Проведенная работа была в основном теоретической, но программа была написана для имитации наблюдений галактики в Стрельце.","Пробеденная работа была в основном теоретической, но программа была написана для имитаций на блюдене галактики в стрельце.",проведенная работа была в основном теоретической но программа была написана для имитации наблюдений галактики в стрельце,пробеденная работа была в основном теоретической но программа была написана для имитаций на блюдене галактики в стрельце
1681,"Он, однако, не является единственным. Научные исследования также руководствуются экспериментированием (эксперимент — это проверка, используемая, чтобы исключить одну или более возможных гипотез), задаванием вопросов и проведением наблюдений.","Он однако не является естынным научи навыше исследования так же руководствуются экспериментами, эксперимент эта проверка используемая, чтобы исключить одну или более возможен гипотез, задаваниям вопросов и проведениям наблюдений.",он однако не является единственным научные исследования также руководствуются экспериментированием эксперимент это проверка используемая чтобы исключить одну или более возможных гипотез задаванием вопросов и проведением наблюдений,он однако не является естынным научи навыше исследования так же руководствуются экспериментами эксперимент эта проверка используемая чтобы исключить одну или более возможен гипотез задаваниям вопросов и проведениям наблюдений
1959,"Всё же следуйте рекомендациям органов власти, подчиняйтесь всем знакам и обратите пристальное внимание на предупреждения о безопасности.",Всюжысы следу терекомендациям органы власти. Починяйтесь всем знаком и обратите пристылное внимание на предупреждение обе запасыности.,все же следуйте рекомендациям органов власти подчиняйтесь всем знакам и обратите пристальное внимание на предупреждения о безопасности,всюжысы следу терекомендациям органы власти починяйтесь всем знаком и обратите пристылное внимание на предупреждение обе запасыности
1812,"Несмотря на то, что нашлась экспериментальная вакцина, способная снизить смертность от вируса Эбола, пока еще ни одно лекарство не продемонстрировало явного эффекта в лечении существующей инфекции.","Несмотря на то, что нашлась экспериментальная акцина, способная снизить смертность от вирусей бола, пока еще не одну лекарства не предемонстрировала явного эффект облечения существующей инфекции.",несмотря на то что нашлась экспериментальная вакцина способная снизить смертность от вируса эбола пока еще ни одно лекарство не продемонстрировало явного эффекта в лечении существующей инфекции,несмотря на то что нашлась экспериментальная акцина способная снизить смертность от вирусей бола пока еще не одну лекарства не предемонстрировала явного эффект облечения существующей инфекции
1736,Роландо Мендоса выстреливал из своей винтовки М16 в туристов.,Роландо Мендоса вестрелевал из своей винтовки M16 туристы.,роландо мендоса выстреливал из своей винтовки м16 в туристов,роландо мендоса вестрелевал из своей винтовки m16 туристы
1960,"По сообщениям ему было от 20-ти до 30-ти лет. В заявление Бибер сказал: ""Хотя я и не присутствовал при трагическом инциденте и не был вовлечён в него напрямую, мои мысли и молитвы с семьёй жертвы"".","В сообщениям ему было от 20 до 30 лет. Звеление Бибер сказал, «хотягайя не присутствовал притрогически мінциденте не было влечен в него напрямую», меймойсли молитвы семьёй жертвы.",по сообщениям ему было от 20 ти до 30 ти лет в заявление бибер сказал хотя я и не присутствовал при трагическом инциденте и не был вовлечен в него напрямую мои мысли и молитвы с семьей жертвы,в сообщениям ему было от 20 до 30 лет звеление бибер сказал хотягайя не присутствовал притрогически мінциденте не было влечен в него напрямую меймойсли молитвы семьей жертвы
1902,Первоначально он был госпитализирован в госпитале Джеймса Педжета в Грейт-Ярмуте.,"Первоначаленно, он был госпиталезирун в госпитале Джеймса Педжи Товградья армуте.",первоначально он был госпитализирован в госпитале джеймса педжета в грейт ярмуте,первоначаленно он был госпиталезирун в госпитале джеймса педжи товградья армуте
1664,"Получите новую смесь, перемешав два сухих порошка в одной емкости, а затем чистыми влажными руками слепите из этой смеси шарик.","Получи тянууи эсмес, первымеша дуасы хихпырушка вудной иомкостей, а затем чистымек влажаными руками слепите из эту эсмесе шарик.",получите новую смесь перемешав два сухих порошка в одной емкости а затем чистыми влажными руками слепите из этой смеси шарик,получи тянууи эсмес первымеша дуасы хихпырушка вудной иомкостей а затем чистымек влажаными руками слепите из эту эсмесе шарик
1875,"Целые 20 процентов воды, поступаемой из рек нашей планеты в океаны, текут из Амазонки.",Целый два сеть процентов воды поступаймы изрек нашей планеты вакияны текут из замазонки.,целые 20 процентов воды поступаемой из рек нашей планеты в океаны текут из амазонки,целый два сеть процентов воды поступаймы изрек нашей планеты вакияны текут из замазонки
1913,"Тигриный рык не похож на полнозвучный рык льва, а больше напоминает выкрикивание предложений из неразборчивых слов.",Тегриной рык не похож на полназвучный рык «рек льва» а больше напоминает в «крикиво непредлажений» из неразборчивых селов.,тигриный рык не похож на полнозвучный рык льва а больше напоминает выкрикивание предложений из неразборчивых слов,тегриной рык не похож на полназвучный рык рек льва а больше напоминает в крикиво непредлажений из неразборчивых селов
1936,"Перри заявил, что вернётся в Техас, ""чтобы оценить результаты сегодняшнего партийного собрания и определить, стоит ли мне продолжать гонку"", но позже сказал, что он её продолжит и будет участвовать в предварительных выборах в Южной Каролине 21 января.","Перезаевилл, что вернется в Техас, чтобы оценить результаты себогеншнего партийного собрания и определить, что итли мне продолжать Гонку. Но позже сказал, что он ее продолжит и будет участвовать в предварительных выборах в Южной Королине 21 сантоя.",перри заявил что вернется в техас чтобы оценить результаты сегодняшнего партийного собрания и определить стоит ли мне продолжать гонку но позже сказал что он ее продолжит и будет участвовать в предварительных выборах в южной каролине 21 января,перезаевилл что вернется в техас чтобы оценить результаты себогеншнего партийного собрания и определить что итли мне продолжать гонку но позже сказал что он ее продолжит и будет участвовать в предварительных выборах в южной королине 21 сантоя
1892,"Это место, которое британские колонизаторы забрали себе, и если вы ищете доказательства колониального прошлого территории, то это хорошее место для начала.","Эта места, которая британский колонизаторы забрали себе и если уезжать доказательстыл колониал на прошлую территорию, то это хорошая месты для начала.",это место которое британские колонизаторы забрали себе и если вы ищете доказательства колониального прошлого территории то это хорошее место для начала,эта места которая британский колонизаторы забрали себе и если уезжать доказательстыл колониал на прошлую территорию то это хорошая месты для начала
1874,"Многие считали, что он прав, но многие верили в противоположное: что Солнечная система вращается вокруг Земли, включая Солнце (и даже другие звезды).","Многие считали, что он прав, но многие верили в противоположные, что солнешная система вращается в округ земли, включай солнце и даже другие звезды.",многие считали что он прав но многие верили в противоположное что солнечная система вращается вокруг земли включая солнце и даже другие звезды,многие считали что он прав но многие верили в противоположные что солнешная система вращается в округ земли включай солнце и даже другие звезды
1727,"Дети, живущие на улицах, возможно, пережили тяжёлые формы насилия или травмирования до того, как убежать или быть брошенными.","Дети, живущие на улицах, возмолжены. Пережелете жолой формы насилия или травмирования до того, как убежать или быть брошенными.",дети живущие на улицах возможно пережили тяжелые формы насилия или травмирования до того как убежать или быть брошенными,дети живущие на улицах возмолжены пережелете жолой формы насилия или травмирования до того как убежать или быть брошенными
1977,"В состав прайда входит от одного до трех взрослых самцов, находящихся в родстве, а также самок и детенышей, число которых может доходить до тридцати.","Состав Прайда, входит отанабо до трёх заросылых сунцов — нахадяши в Севртве, а так же самок и дядя Уныши, теслол которых может доходить до тридцать тен.",в состав прайда входит от одного до трех взрослых самцов находящихся в родстве а также самок и детенышей число которых может доходить до тридцати,состав прайда входит отанабо до трех заросылых сунцов нахадяши в севртве а так же самок и дядя уныши теслол которых может доходить до тридцать тен
1821,Взаимосвязь между патологией мозга и поведением используется учёными в их исследованиях.,Взайма связь между патология мозга и поведениям используются учеными в их исследованиях.,взаимосвязь между патологией мозга и поведением используется учеными в их исследованиях,взайма связь между патология мозга и поведениям используются учеными в их исследованиях
1787,"Блоггерство является инструментом, стимулирующим сотрудничество, и оно мотивирует учащихся распространить процесс приобретения знаний далеко за пределы традиционного учебного дня.","Бловерство является инструментом, стимулирующим сутрудничаству, и оно мотиверует учащище, распространить процесс пребритения Знания далеко за пределы традиционно учебного дни.",блоггерство является инструментом стимулирующим сотрудничество и оно мотивирует учащихся распространить процесс приобретения знаний далеко за пределы традиционного учебного дня,бловерство является инструментом стимулирующим сутрудничаству и оно мотиверует учащище распространить процесс пребритения знания далеко за пределы традиционно учебного дни
1671,"Конгресс начал финансировать инициативу по борьбе с развратом в 2005 налоговом году и определил, что ФБР должно выделить 10 агентов на борьбу со взрослой порнографией.","Конгресс начал финансировать инициативу по борьбе с развратым в 2005 налогы вымкаду. Я пределил, что ФБР дложыну выделить 10 агентов на боргусодзрослые парнографии.",конгресс начал финансировать инициативу по борьбе с развратом в 2005 налоговом году и определил что фбр должно выделить 10 агентов на борьбу со взрослой порнографией,конгресс начал финансировать инициативу по борьбе с развратым в 2005 налогы вымкаду я пределил что фбр дложыну выделить 10 агентов на боргусодзрослые парнографии
1780,"Энергия кундалини (энергия просветления) в кундалини-йоге пробуждается через позы йоги, дыхательные упражнения, мантры и визуализации.","Энергия кундалини – энергия просветления, в кундалинию йоге пробуждайцы через пози йоги дыхательные упражнения, мантры и визуализации.",энергия кундалини энергия просветления в кундалини йоге пробуждается через позы йоги дыхательные упражнения мантры и визуализации,энергия кундалини энергия просветления в кундалинию йоге пробуждайцы через пози йоги дыхательные упражнения мантры и визуализации
1837,"Либеральная критика усилий по восстановлению сосредоточивалась на том, что контракты на восстановительные работы отдавались предположительно имеющим связи с правительством.","Либеральная критико усилий по восстановлению сосредоточибыла санаттум, что контракты на восстановительные работы отдавались предположительна и меюшем связи с правительством.",либеральная критика усилий по восстановлению сосредоточивалась на том что контракты на восстановительные работы отдавались предположительно имеющим связи с правительством,либеральная критико усилий по восстановлению сосредоточибыла санаттум что контракты на восстановительные работы отдавались предположительна и меюшем связи с правительством
1937,"Однако эти планы стали неактуальны практически за ночь, когда около 800 000 солдат из советской Красной армии образовали Белорусский и Украинский фронты после захвата восточных регионов Польши в нарушение Рижского мирного соглашения, Советско-Польского пакта о ненападении, и других международных соглашений, двусторонних и многосторонних.","Однако Эти планы стали негуателлен практикческий заночка, когда около 800 000 солдат из Советской Красноорми образовали Беларуския-украйинские фронты, после захвата восточных регионов Польши, в нарушения Рижского мирного соглашения, Советско-Польшинского пакта, а не нападения, других межнародных соглашений, двустаронних и многостаронних.",однако эти планы стали неактуальны практически за ночь когда около 800 000 солдат из советской красной армии образовали белорусский и украинский фронты после захвата восточных регионов польши в нарушение рижского мирного соглашения советско польского пакта о ненападении и других международных соглашений двусторонних и многосторонних,однако эти планы стали негуателлен практикческий заночка когда около 800 000 солдат из советской красноорми образовали беларуския украйинские фронты после захвата восточных регионов польши в нарушения рижского мирного соглашения советско польшинского пакта а не нападения других межнародных соглашений двустаронних и многостаронних
1947,"До прибытия войск государство Гаити не сталкивалось с проблемами, касающимися данного заболевания, с начала 19 века.","Допребытия войск, государства Гаити не стал кеолайс проблемами, касаяши меседанного заболевания с начало XIX века.",до прибытия войск государство гаити не сталкивалось с проблемами касающимися данного заболевания с начала 19 века,допребытия войск государства гаити не стал кеолайс проблемами касаяши меседанного заболевания с начало xix века
1714,"Спутник был доставлен в космос ракетой. Ученые используют телескопы в космосе, потому что атмосфера Земли в некоторой степени искажает наш свет и обзор.","Спутник был доставлен в космас ракетой. Учёные используя телескопы в космусе, потому что атмосфера земли в некоторой степени искажает наш свет и обзор.",спутник был доставлен в космос ракетой ученые используют телескопы в космосе потому что атмосфера земли в некоторой степени искажает наш свет и обзор,спутник был доставлен в космас ракетой ученые используя телескопы в космусе потому что атмосфера земли в некоторой степени искажает наш свет и обзор
1753,"Пускай часто это всего лишь ложный стереотип, всё же лучший способ преуспеть в Париже — это вести себя наилучшим образом, как ""bien élevé"" (хорошо воспитанный) человек. Это значительно облегчит адаптацию в этом городе.","Пускай час туэто всеварешиложный истереотип — все жылуши способ привоз петь в Париже — это вести себя найлудшим образом как «хороший», «воспитанный человек» — это значительный облесчит адаптацию в этом городе.",пускай часто это всего лишь ложный стереотип все же лучший способ преуспеть в париже это вести себя наилучшим образом как bien élevé хорошо воспитанный человек это значительно облегчит адаптацию в этом городе,пускай час туэто всеварешиложный истереотип все жылуши способ привоз петь в париже это вести себя найлудшим образом как хороший воспитанный человек это значительный облесчит адаптацию в этом городе
1720,"Горячий шоколад отвечает стандартам Бельгии. Хотя фруктовые соки стоят дорого, они имеют превосходное качество.","Горячий шоколад — отвечает стандартам Бельгия, хотя фруктовы сокистойы дорого, а не емет привас сходынное качество.",горячий шоколад отвечает стандартам бельгии хотя фруктовые соки стоят дорого они имеют превосходное качество,горячий шоколад отвечает стандартам бельгия хотя фруктовы сокистойы дорого а не емет привас сходынное качество
1969,"Оно гласит, что лучше всего помещать главный объект на пересечении линий, делящих изображение на три части по вертикали и по горизонтали (см. пример).","Оно гласся, что лучше все опомещадь главные объекты на пересечения линей, делящих изобружения на тари части, по виртикали и горизонтали, смотреть пример.",оно гласит что лучше всего помещать главный объект на пересечении линий делящих изображение на три части по вертикали и по горизонтали см пример,оно гласся что лучше все опомещадь главные объекты на пересечения линей делящих изобружения на тари части по виртикали и горизонтали смотреть пример
1861,"В результате актёры курят косяки с марихуаной на сцене, и сам театр поощряет публику присоединиться.",В результате актеры курят Косекис Марихуана и Носцения и Самтеатр паширяют публику присоединиться.,в результате актеры курят косяки с марихуаной на сцене и сам театр поощряет публику присоединиться,в результате актеры курят косекис марихуана и носцения и самтеатр паширяют публику присоединиться
1737,"Львы — самые социальные кошки, живущие в больших группах, которые называются прайдами.","Львы — самой социальной кошки, жевуши больших группах, которые называются прайдами.",львы самые социальные кошки живущие в больших группах которые называются прайдами,львы самой социальной кошки жевуши больших группах которые называются прайдами
1839,"Представьте, что лыжный маршрут — это пешеходный маршрут.",Придставьте. Штылжный маршрут — это бешеходный маршрут.,представьте что лыжный маршрут это пешеходный маршрут,придставьте штылжный маршрут это бешеходный маршрут
1663,Долина Кочамо – главное направление в Чили для альпинизма. Она известна как Йосмит Южной Америки и имеет большое количество больших гранитных стен и скал.,Долина Кучаму — Галауны направленияв Чилидля алпинизма. Унаизвестно как Йосмед Южной Америки имеет большое количество большилы гранитных стен искал.,долина кочамо главное направление в чили для альпинизма она известна как йосмит южной америки и имеет большое количество больших гранитных стен и скал,долина кучаму галауны направленияв чилидля алпинизма унаизвестно как йосмед южной америки имеет большое количество большилы гранитных стен искал
1778,"В репортажах по телевидению сообщается  о белом дыме, идущем от завода.",В репортажах по телевидению сообщай обелым дыме идущем от завода.,в репортажах по телевидению сообщается о белом дыме идущем от завода,в репортажах по телевидению сообщай обелым дыме идущем от завода
1764,"Количество присутствующих было настолько велико, что не все смогли попасть на площадь Святого Петра, где проходили похороны.","Количество присутствующих было настолько велико, что не все смогли попасть на площадь Фетоуапетра, где проходили похырыны.",количество присутствующих было настолько велико что не все смогли попасть на площадь святого петра где проходили похороны,количество присутствующих было настолько велико что не все смогли попасть на площадь фетоуапетра где проходили похырыны
1800,"Согласно плану мост полностью войдёт в эксплуатацию  в сентябре 2017 года, когда бразильские пункты таможенной проверки, как ожидается, будут завершены.","Соглас на плану Мост полностью вайдет в эксплуатациях сентября 2017-го года, когда бразильские пункты таможенны проверки, как ижида, будут завершены.",согласно плану мост полностью войдет в эксплуатацию в сентябре 2017 года когда бразильские пункты таможенной проверки как ожидается будут завершены,соглас на плану мост полностью вайдет в эксплуатациях сентября 2017 го года когда бразильские пункты таможенны проверки как ижида будут завершены
1945,Касабланка – одно из наименее интересных мест для шопинга во всем Марокко.,Косабланка дноязиная наимения интересных мест для шоппинга во всём мароко.,касабланка одно из наименее интересных мест для шопинга во всем марокко,косабланка дноязиная наимения интересных мест для шоппинга во всем мароко
1713,"Хоть Гома и является достаточно безопасным местом, следует заранее уточнять информацию насчёт любых поездок за пределы Гомы, чтобы понять, в каком состоянии находятся боевые действия, ведущиеся в провинции Северное Киву.","Хоть гумы являются достатшы на безопасном местом, следует заранее утышнять информацию о счет и бухбы яздок за пределы гумы, чтобы понять, в кокомсостояние находятся байвы и действия ведущейся в провинции Севронакиву.",хоть гома и является достаточно безопасным местом следует заранее уточнять информацию насчет любых поездок за пределы гомы чтобы понять в каком состоянии находятся боевые действия ведущиеся в провинции северное киву,хоть гумы являются достатшы на безопасном местом следует заранее утышнять информацию о счет и бухбы яздок за пределы гумы чтобы понять в кокомсостояние находятся байвы и действия ведущейся в провинции севронакиву
1733,"Первой среди 78 рекомендаций является то, что следует реализовать новую дипломатическую инициативу до конца этого года для укрепления иракских границ, чтобы не допустить враждебного вмешательства, а также для возобновления дипломатических отношений с соседями.","Первая среди 70 уэсмеря рекомендация является то, что следуя треаллизовать новую дипломатическую инициативу до конца этого года для укрепления иракыски границ, чтобы не допустить брождеебного мешайлесту, а также для возобновления дипломатических мошеней соседями.",первой среди 78 рекомендаций является то что следует реализовать новую дипломатическую инициативу до конца этого года для укрепления иракских границ чтобы не допустить враждебного вмешательства а также для возобновления дипломатических отношений с соседями,первая среди 70 уэсмеря рекомендация является то что следуя треаллизовать новую дипломатическую инициативу до конца этого года для укрепления иракыски границ чтобы не допустить брождеебного мешайлесту а также для возобновления дипломатических мошеней соседями
1801,"Вереницу зданий, образующих линию горизонта Гонконга, сравнивают со сверкающей столбчатой диаграммой, подчеркнутой водой бухты Виктория.","Вереницзвездани, абразуящих линю горизонта Гонгонга, сравниваются сверкающие столбчатой диаграммы, подчеркнутый водой бухты Виктория.",вереницу зданий образующих линию горизонта гонконга сравнивают со сверкающей столбчатой диаграммой подчеркнутой водой бухты виктория,вереницзвездани абразуящих линю горизонта гонгонга сравниваются сверкающие столбчатой диаграммы подчеркнутый водой бухты виктория
1708,"Хьюн ушел в отставку, и в Кабинете министров его заменит член парламента Эд Дейви. Ожидается, что член парламента Норман Ламб займет принадлежащий Дейви пост Министра по делам бизнеса.","Хюйен ушел в отстауку и в кабинете министру его замене тшелен парламента Эд Дэви. Ужидается, что тшелен парламента Норман Ламп взаймет принадлежащи Дэви пост, министра поделам бизнеса.",хьюн ушел в отставку и в кабинете министров его заменит член парламента эд дейви ожидается что член парламента норман ламб займет принадлежащий дейви пост министра по делам бизнеса,хюйен ушел в отстауку и в кабинете министру его замене тшелен парламента эд дэви ужидается что тшелен парламента норман ламп взаймет принадлежащи дэви пост министра поделам бизнеса
1859,"Собственные стили начали развиваться в Западной Европе к концу Средневековья. Одним из самых больших достижений того времени, благодаря крестовым походам, стало использование пуговиц для застегивания одежды.","Собстыни истили начали развиваться в Западные Еуропия к концу Средневекове — одним из самых больших дыстежений того времени, благодаря кристовым походам, стало использование фугерицин для застегивания одежды.",собственные стили начали развиваться в западной европе к концу средневековья одним из самых больших достижений того времени благодаря крестовым походам стало использование пуговиц для застегивания одежды,собстыни истили начали развиваться в западные еуропия к концу средневекове одним из самых больших дыстежений того времени благодаря кристовым походам стало использование фугерицин для застегивания одежды
1810,"Губернатор Калифорнии Арнольд Шварценеггер подписал закон, запрещающий продажу или прокат видеоигр с применением насилия несовершеннолетним лицам.",Губернатор Калифорния Арнольд Швырцинегер подписал закон «запрещайщи продаж» или паркад видеоигрс применения мносилия не совершеннолетним лицем.,губернатор калифорнии арнольд шварценеггер подписал закон запрещающий продажу или прокат видеоигр с применением насилия несовершеннолетним лицам,губернатор калифорния арнольд швырцинегер подписал закон запрещайщи продаж или паркад видеоигрс применения мносилия не совершеннолетним лицем
1696,"Исследователи университета сообщили, что эти два соединения вступают друг с другом в реакцию, образуя кристаллы, которые могут блокировать работу почек.","Исследователи университета са общили, что эти два соединения сступают друг с другом в реакцию, образуя кристаллы, которые могут блокировать работу Потик.",исследователи университета сообщили что эти два соединения вступают друг с другом в реакцию образуя кристаллы которые могут блокировать работу почек,исследователи университета са общили что эти два соединения сступают друг с другом в реакцию образуя кристаллы которые могут блокировать работу потик
1674,"В некоторых местах достаточно прокипятить воду в течение минуты, в других потребуется несколько минут.","В некоторых местах достаточно прокепетить воду в течении минуты, в других потребуяса несколько минут.",в некоторых местах достаточно прокипятить воду в течение минуты в других потребуется несколько минут,в некоторых местах достаточно прокепетить воду в течении минуты в других потребуяса несколько минут
1862,"NextGen — это система, которая, по заверению Федеральной авиационной администрации США, позволит самолетам летать по сокращенным маршрутам и ежегодно экономить миллионы галлонов топлива, а также снизить выбросы углерода.","Next Gen — это система, которая по заверения федеральные авиационная администрация США, позволит саморетам летать по сокращенным маршрутом ежегодной конумит миллионы галлонов топлива, а также снизить выбросы углерода.",nextgen это система которая по заверению федеральной авиационной администрации сша позволит самолетам летать по сокращенным маршрутам и ежегодно экономить миллионы галлонов топлива а также снизить выбросы углерода,next gen это система которая по заверения федеральные авиационная администрация сша позволит саморетам летать по сокращенным маршрутом ежегодной конумит миллионы галлонов топлива а также снизить выбросы углерода
1985,"Это связано, но обычно не включает пешее восхождение на вершину и затем спуск по неподготовленным склонам, так как катание по целине требует более жестких лыж и ботинок.","Эта связана, но обычно не включает пеша в восхождение на вершину и затем спуска по неподготовленным склонам, так как катания по целине требует боли жоский хылыш и ботинок.",это связано но обычно не включает пешее восхождение на вершину и затем спуск по неподготовленным склонам так как катание по целине требует более жестких лыж и ботинок,эта связана но обычно не включает пеша в восхождение на вершину и затем спуска по неподготовленным склонам так как катания по целине требует боли жоский хылыш и ботинок
1897,"На севере регион ограничен Сахелем, а на юге и западе — Атлантическим океаном.","Нэ Севере регион ограничен Сахелям, Найуге и Западе атлантически макияном.",на севере регион ограничен сахелем а на юге и западе атлантическим океаном,нэ севере регион ограничен сахелям найуге и западе атлантически макияном
1787,"Блоггерство является инструментом, стимулирующим сотрудничество, и оно мотивирует учащихся распространить процесс приобретения знаний далеко за пределы традиционного учебного дня.","Блогерство является инструментом, стимулирующим сотру днечества, и аномотивирует учаса шекся распространить процесс приобретения за нани далеко за пределы традиционного учебного дня.",блоггерство является инструментом стимулирующим сотрудничество и оно мотивирует учащихся распространить процесс приобретения знаний далеко за пределы традиционного учебного дня,блогерство является инструментом стимулирующим сотру днечества и аномотивирует учаса шекся распространить процесс приобретения за нани далеко за пределы традиционного учебного дня
1907,Вскоре после начала военных действий Британия устроила морскую блокаду Германии.,Скорь после начало вайынных действия Британия устрелы марскуи блокады Германии.,вскоре после начала военных действий британия устроила морскую блокаду германии,скорь после начало вайынных действия британия устрелы марскуи блокады германии
1845,"Они вернулись в Париж в карете, окружённые толпой людей, которые выкрикивали угрозы королю и королеве.","Анивернолис Париж в Кареде окруженые холпой льдей, которые в Грикио Леугрозы Королю и Королеве.",они вернулись в париж в карете окруженные толпой людей которые выкрикивали угрозы королю и королеве,анивернолис париж в кареде окруженые холпой льдей которые в грикио леугрозы королю и королеве
1702,Всего за 2 недели силы Свободной Франции и американцы освободили южную Францию и отправились в сторону Германии.,Всего за две недели силы свободной франции и американцы освободили Южыны Франции и отправились в стороны Германии.,всего за 2 недели силы свободной франции и американцы освободили южную францию и отправились в сторону германии,всего за две недели силы свободной франции и американцы освободили южыны франции и отправились в стороны германии
1874,"Многие считали, что он прав, но многие верили в противоположное: что Солнечная система вращается вокруг Земли, включая Солнце (и даже другие звезды).","Многие считали, что он прав, но многе верили в противоположные, что Солнечная система вращай вруча, глиц, ключа, солнца и даже другое извержден.",многие считали что он прав но многие верили в противоположное что солнечная система вращается вокруг земли включая солнце и даже другие звезды,многие считали что он прав но многе верили в противоположные что солнечная система вращай вруча глиц ключа солнца и даже другое извержден
1870,"Сцены показывают на пирамидах, и разные пирамиды освещаются.",Сцены показывают на пирамидах и разные пирамиды освещаются.,сцены показывают на пирамидах и разные пирамиды освещаются,сцены показывают на пирамидах и разные пирамиды освещаются
1915,Вы можете по Гома на бода-бода (мототакси). Обычная (местная) цена 500 конголезских франков за короткую поездку.,"Вы можете пагома на бодо-бода мототокси, обычная мясная цена 500 когольцех франков за короткую паястку.",вы можете по гома на бода бода мототакси обычная местная цена 500 конголезских франков за короткую поездку,вы можете пагома на бодо бода мототокси обычная мясная цена 500 когольцех франков за короткую паястку
1833,"Философ Аристотель считал, что всё состоит из смеси одного или нескольких из четырёх элементов. Это были земля, вода, воздух и огонь.","Философ арестотель считал, что все состоицы смеси одного или нескольких из четырех элементов — это были земля, вода, воздух и огонь.",философ аристотель считал что все состоит из смеси одного или нескольких из четырех элементов это были земля вода воздух и огонь,философ арестотель считал что все состоицы смеси одного или нескольких из четырех элементов это были земля вода воздух и огонь
1792,Это называется pH химического вещества. Вы можете сделать индикатор при помощи сока красной капусты.,"Это называется пиаш химическое вещества, вы можете сделать индикатор при помощи соко-красный капусты.",это называется ph химического вещества вы можете сделать индикатор при помощи сока красной капусты,это называется пиаш химическое вещества вы можете сделать индикатор при помощи соко красный капусты
1828,"Поиск в интернете по фразе ""курс по безопасности во враждебной среде"", возможно, выдаст адрес местной компании.",Пуиск в интернете Пафраде курс по безопасности вовражебной среде возможна выдаст адрес местной компания.,поиск в интернете по фразе курс по безопасности во враждебной среде возможно выдаст адрес местной компании,пуиск в интернете пафраде курс по безопасности вовражебной среде возможна выдаст адрес местной компания
1815,"Атомная бомба работает на том принципе, что для того, чтобы много протонов и нейтронов находились в одном ядре, необходима энергия.","Атомная бомба работает на том принципе, что для того, чтобы много протонов и нейтронов находились в одном едре, необходимо энергия.",атомная бомба работает на том принципе что для того чтобы много протонов и нейтронов находились в одном ядре необходима энергия,атомная бомба работает на том принципе что для того чтобы много протонов и нейтронов находились в одном едре необходимо энергия
1792,Это называется pH химического вещества. Вы можете сделать индикатор при помощи сока красной капусты.,"Это называется пиаш химическое вещество, вы можете сделать эндикатер при помощи сокы красной капусты.",это называется ph химического вещества вы можете сделать индикатор при помощи сока красной капусты,это называется пиаш химическое вещество вы можете сделать эндикатер при помощи сокы красной капусты
1918,Сундарбан был объявлен Объектом всемирного наследия ЮНЕСКО. Часть леса в пределах индийской территории называется Национальный парк Сундарбан.,"Сундарбан был объявлен объектом семералнаслы дегунеска, чай с леса в пределах Индийска территория называется национальный парк Сундарбан.",сундарбан был объявлен объектом всемирного наследия юнеско часть леса в пределах индийской территории называется национальный парк сундарбан,сундарбан был объявлен объектом семералнаслы дегунеска чай с леса в пределах индийска территория называется национальный парк сундарбан
1811,Стандарт 802.11n работает на обоих частотах – 2.4 ГГц и 5.0 ГГц.,Стандарт 8 сут 2.11n работа етына обоих частотах 2.4 и 5.0,стандарт 802 11n работает на обоих частотах 2 4 ггц и 5 0 ггц,стандарт 8 сут 2 11n работа етына обоих частотах 2 4 и 5 0
1767,"Это представляет хорошую возможность увидеть северное сияние, потому что небо будет более или менее тёмным круглые сутки.","Этоп представляет хорошу возможность увидеть северная сияния, потому что небо будет более или менее теумным круглые сутки.",это представляет хорошую возможность увидеть северное сияние потому что небо будет более или менее темным круглые сутки,этоп представляет хорошу возможность увидеть северная сияния потому что небо будет более или менее теумным круглые сутки
1675,"Все существительные, а также слово Sie, означающее Вы, всегда пишутся с большой буквы даже в середине предложения.","«Все существительные, а также словосия, означайшиы, всегда пешутся с большой буквы, даже в середине предложения».",все существительные а также слово sie означающее вы всегда пишутся с большой буквы даже в середине предложения,все существительные а также словосия означайшиы всегда пешутся с большой буквы даже в середине предложения
