id,ref,hyp,ref_norm,hyp_norm
1788,АҚШ-тың Гимнастика федерациясы АҚШ Олимпиада комитетінің хатын қолдайды және біздің барлық спортсмендер үшін қоршаған ортаның қауіпсіздігін арттырудың абсолютті қажеттілігін мойындайды.,АҚШ-тың Димнастика федерациясы АҚШ Олимпиада комитетінің ханын қолдайды және біздің барлық спортсмендер үшін қоршаған ортанын қауіпсіздігін арттырудың абсолютті қажеттілігін бойындайды.,ақш тың гимнастика федерациясы ақш олимпиада комитетінің хатын қолдайды және біздің барлық спортсмендер үшін қоршаған ортаның қауіпсіздігін арттырудың абсолютті қажеттілігін мойындайды,ақш тың димнастика федерациясы ақш олимпиада комитетінің ханын қолдайды және біздің барлық спортсмендер үшін қоршаған ортанын қауіпсіздігін арттырудың абсолютті қажеттілігін бойындайды
1749,Оны «вичи» француздар билеген. Бұл 1940 жылы немістермен бейбіт келісім жасасқан және  соғысудың орнына жаулаушылармен бірге жұмыс істеген француздар болды.,Оны Вичи француздар билеген. Бұл 1940 жылы немістермен бейбіт келісім жасасқан және соғысудың орнына жаулаушылармен бірге жұмыс істеген француздар болды.,оны вичи француздар билеген бұл 1940 жылы немістермен бейбіт келісім жасасқан және соғысудың орнына жаулаушылармен бірге жұмыс істеген француздар болды,оны вичи француздар билеген бұл 1940 жылы немістермен бейбіт келісім жасасқан және соғысудың орнына жаулаушылармен бірге жұмыс істеген француздар болды
1701,Ешкілер алғаш рет қол үйретілген уақыт Иранның Загрос тауларында шамамен 10 000 жыл бұрын деп саналады.,Ешкілер алғаш рет қол үйретілген уақыт Иранның зағрос тауларында шамамен 10 000 жыл бұрын деп саналады.,ешкілер алғаш рет қол үйретілген уақыт иранның загрос тауларында шамамен 10 000 жыл бұрын деп саналады,ешкілер алғаш рет қол үйретілген уақыт иранның зағрос тауларында шамамен 10 000 жыл бұрын деп саналады
1846,Сондықтан бұл пішімнің арақатынасы (ең қарапайым бүтін санның қатынасын алу үшін он екіге бөлу) 3:2 деп айтылады.,"Сондықтан бұл пішімнің арақатынаса ең қарапайым бүтін санның қатынасын алу үшін 12-ге бөлу, үшті екі деп аталады.",сондықтан бұл пішімнің арақатынасы ең қарапайым бүтін санның қатынасын алу үшін он екіге бөлу 3 2 деп айтылады,сондықтан бұл пішімнің арақатынаса ең қарапайым бүтін санның қатынасын алу үшін 12 ге бөлу үшті екі деп аталады
1975,Ватикан қаласы халқының саны — шамамен 800. Бұл — дүние жүзіндегі ең шағын тәуелсіз ел және халық саны ең аз ел.,Ватикан қаласы халқының саны шамамен 800. Бұл дүние жүзіндегі ең шағын тәуелсіз ел және халық сана ең аз ел.,ватикан қаласы халқының саны шамамен 800 бұл дүние жүзіндегі ең шағын тәуелсіз ел және халық саны ең аз ел,ватикан қаласы халқының саны шамамен 800 бұл дүние жүзіндегі ең шағын тәуелсіз ел және халық сана ең аз ел
1708,Хьюн қызметтен кетуді сұранды және оны кабинетте Эд Дэви МП ауыстырады. Норман Лэмб МП Дэви босатып жатқан Бизнес министрі жұмысын алады деп күтілуде.,Hueyn қызметтен кетуді сұранды және оны кабинетте «Ed DVMP» ауыстырады. Normal Lamp MP DVMB босатып жатқан бизнес-министрі жұмысын «алады» деп күтілуде.,хьюн қызметтен кетуді сұранды және оны кабинетте эд дэви мп ауыстырады норман лэмб мп дэви босатып жатқан бизнес министрі жұмысын алады деп күтілуде,hueyn қызметтен кетуді сұранды және оны кабинетте ed dvmp ауыстырады normal lamp mp dvmb босатып жатқан бизнес министрі жұмысын алады деп күтілуде
1994,"Егер сіз романдық тілді білсеңіз, сізге португал тілін үйрену оңайырақ болатынын айтпай-ақ қойса да болады.","Егер сіз рамандық тілді білсеңіз, сізге португал тілін өрені оңайырақ болатынын айтпаяқ қойсады болады.",егер сіз романдық тілді білсеңіз сізге португал тілін үйрену оңайырақ болатынын айтпай ақ қойса да болады,егер сіз рамандық тілді білсеңіз сізге португал тілін өрені оңайырақ болатынын айтпаяқ қойсады болады
1956,Тауарларды тасымалдау үшін кемелерді пайдалану әзірше адамдардың және тауарлардың үлкен мөлшерлерін мұхиттарда жылжытудың ең тиімді жолы болып табылады.,Тауарларды тасымалдау үшін киімелерді пайдалану әзірше адамдардық және тауарладың үлкен мөлшерлерін мұхиттарда жылжытудың ең тиімді жолы болып табылады.,тауарларды тасымалдау үшін кемелерді пайдалану әзірше адамдардың және тауарлардың үлкен мөлшерлерін мұхиттарда жылжытудың ең тиімді жолы болып табылады,тауарларды тасымалдау үшін киімелерді пайдалану әзірше адамдардық және тауарладың үлкен мөлшерлерін мұхиттарда жылжытудың ең тиімді жолы болып табылады
1994,"Егер сіз романдық тілді білсеңіз, сізге португал тілін үйрену оңайырақ болатынын айтпай-ақ қойса да болады.","Егер сіз рамандық тілді білсеңіз, сізге португал тілін үйрену оңайырақ болатынын айтпаяқ қойсада болады.",егер сіз романдық тілді білсеңіз сізге португал тілін үйрену оңайырақ болатынын айтпай ақ қойса да болады,егер сіз рамандық тілді білсеңіз сізге португал тілін үйрену оңайырақ болатынын айтпаяқ қойсада болады
1965,"Олар қауіпсіз жүзуге арналған құмды жағажайлардың барлығына дерлік, және олардың көпшілігінде похутукава ағаштарымен қамтамасыз етілген.",Олар қауіпсіз жүзуге арналған құмды жағажайлардың барлығына дерлік және олардың көпшілігінде Поху-Тукава ағаштарымен қамтамасыз етілген.,олар қауіпсіз жүзуге арналған құмды жағажайлардың барлығына дерлік және олардың көпшілігінде похутукава ағаштарымен қамтамасыз етілген,олар қауіпсіз жүзуге арналған құмды жағажайлардың барлығына дерлік және олардың көпшілігінде поху тукава ағаштарымен қамтамасыз етілген
1706,"Дәстүрлірек шіркеулер Пасха демалыс күндері сенбі түні пасхалық таңғы ғибадатты өткізеді, жиналыстар жиі түн ортасында Мәсіхтің қайта тірілуін мерекелеуге айналады.",Дәстүрлірек шіркеулер Пасха демалүс күндері сенбі түні Пасхалық таңғы ғиғбадатты өткізеді. Жиналыстар жиі түн ортасында мәсіқтің қайта түрілуін мерекелеуге айналады.,дәстүрлірек шіркеулер пасха демалыс күндері сенбі түні пасхалық таңғы ғибадатты өткізеді жиналыстар жиі түн ортасында мәсіхтің қайта тірілуін мерекелеуге айналады,дәстүрлірек шіркеулер пасха демалүс күндері сенбі түні пасхалық таңғы ғиғбадатты өткізеді жиналыстар жиі түн ортасында мәсіқтің қайта түрілуін мерекелеуге айналады
1886,"Ежелгі мәдениеттер мен тайпалар сүтке, жүнге, етке және терілерге оңай қол жеткізу үшін оларды өсіре бастады.","Ежелгі мәдениеттер мен тайпалар сүтке, жүнге, еткес және терілдерге оңай қолы жеткізу үшін оларды өсіре бастады.",ежелгі мәдениеттер мен тайпалар сүтке жүнге етке және терілерге оңай қол жеткізу үшін оларды өсіре бастады,ежелгі мәдениеттер мен тайпалар сүтке жүнге еткес және терілдерге оңай қолы жеткізу үшін оларды өсіре бастады
1859,Орта ғасырлардың соңына қарай Батыс Еуропа өз стилін дамыта бастады. Бұл уақыттағы кірескерлердің нәтижесіндегі ең үлкен дамуларының бірі болып адамдардың киімін жабу үшін түймелерді пайдалануы табылады.,"Ортағасырлардың соңына қарай Батсиуропа өз тилін дамта бастады, бұл уақыттағы кірескерлердің нәтиесіндегі ең үлкен дамуларының бірі болып адамдарды кейімін жабу үшін түймелерді пайдалануы табылады.",орта ғасырлардың соңына қарай батыс еуропа өз стилін дамыта бастады бұл уақыттағы кірескерлердің нәтижесіндегі ең үлкен дамуларының бірі болып адамдардың киімін жабу үшін түймелерді пайдалануы табылады,ортағасырлардың соңына қарай батсиуропа өз тилін дамта бастады бұл уақыттағы кірескерлердің нәтиесіндегі ең үлкен дамуларының бірі болып адамдарды кейімін жабу үшін түймелерді пайдалануы табылады
1756,АҚШ президенті Дональд Трамп жексенбі күні кешкі баспасөз хатшысы арқылы жасаған мәлімдемесінде АҚШ қарушы күштерін Сириядан алып шығуы туралы мәлімдеді.,АҚШ президенті Дональд Транб жексенбі күні кешкі баспасөз хатшысы арқылы жасаған мәлімдемесінде АҚШ қарушы күштерін Сириядан алып шығуы туралы мәлімдеді.,ақш президенті дональд трамп жексенбі күні кешкі баспасөз хатшысы арқылы жасаған мәлімдемесінде ақш қарушы күштерін сириядан алып шығуы туралы мәлімдеді,ақш президенті дональд транб жексенбі күні кешкі баспасөз хатшысы арқылы жасаған мәлімдемесінде ақш қарушы күштерін сириядан алып шығуы туралы мәлімдеді
1691,"Кейбір маршруттарда үлкенірек компаниялардың өз ұшақтары бар, бірақ басқа маршруттарда және кішірек фирмаларда мәселе болған.","Кейбір маршруттарда үлкенірек компаниялардың өз ұшақтары бар, бірақ басқа маршруттарда және кішірек фирмаларда мәселе болған.",кейбір маршруттарда үлкенірек компаниялардың өз ұшақтары бар бірақ басқа маршруттарда және кішірек фирмаларда мәселе болған,кейбір маршруттарда үлкенірек компаниялардың өз ұшақтары бар бірақ басқа маршруттарда және кішірек фирмаларда мәселе болған
1664,"Екі құрғақ ұнтақты араластырыңыз, содан кейін таза, ылғалды қолдармен оларды қысып, шарик жасаңыз.","Екі құрға құнтақты араластырыңыз. Содан кейін таза ылғалды қолдармен оларды қысып, шарикджасаңыз.",екі құрғақ ұнтақты араластырыңыз содан кейін таза ылғалды қолдармен оларды қысып шарик жасаңыз,екі құрға құнтақты араластырыңыз содан кейін таза ылғалды қолдармен оларды қысып шарикджасаңыз
1899,Мұхаммед өзінің күнделікті өмірінен тыс мәселелерге қатты қызығатын. Ол ойлану үшін «Нұр» (жарық) тауындағы «Хира» ретінде белгілі болған үңгірге жиі баратын.,Мухаммед өзінің күнделік төмірінен тұс мәселелерге қатты қызығатын. Ол ойлану үшін Нор жарық тауындағы хир аретінде белгілі болған үңгірге жиі баратын.,мұхаммед өзінің күнделікті өмірінен тыс мәселелерге қатты қызығатын ол ойлану үшін нұр жарық тауындағы хира ретінде белгілі болған үңгірге жиі баратын,мухаммед өзінің күнделік төмірінен тұс мәселелерге қатты қызығатын ол ойлану үшін нор жарық тауындағы хир аретінде белгілі болған үңгірге жиі баратын
1692,"Жапонияның ядролық агенттігінің хабарлауынша, зауытта радиоактивті цезий мен йод анықталған.",Жапонияның ядролық агенттігінің қабарлауынша зауытта радиактивті цезиі мен ЮД анықталған.,жапонияның ядролық агенттігінің хабарлауынша зауытта радиоактивті цезий мен йод анықталған,жапонияның ядролық агенттігінің қабарлауынша зауытта радиактивті цезиі мен юд анықталған
1746,Өсімдіктер күн сәулесінен фотосинтез арқылы қуат алады. Олар сонымен қатар көлеңе береді.,"Өсімдіктер күн сәулесінен фотосинтіс арқылы қоат алады, олар сонымен қатар көленге береді.",өсімдіктер күн сәулесінен фотосинтез арқылы қуат алады олар сонымен қатар көлеңе береді,өсімдіктер күн сәулесінен фотосинтіс арқылы қоат алады олар сонымен қатар көленге береді
1708,Хьюн қызметтен кетуді сұранды және оны кабинетте Эд Дэви МП ауыстырады. Норман Лэмб МП Дэви босатып жатқан Бизнес министрі жұмысын алады деп күтілуде.,Хюн қазметтен кетуді сұранды және оны кабинетте Ead Devi MP алыстырады. Норман Лэмп Мп Дэви босатып жатқан бизнес-министрі жұмысын алады деп күтілуде.,хьюн қызметтен кетуді сұранды және оны кабинетте эд дэви мп ауыстырады норман лэмб мп дэви босатып жатқан бизнес министрі жұмысын алады деп күтілуде,хюн қазметтен кетуді сұранды және оны кабинетте ead devi mp алыстырады норман лэмп мп дэви босатып жатқан бизнес министрі жұмысын алады деп күтілуде
1686,"Нәтижесінде, кедергіні  жеңу мақсатында бірлескен жұмысты ұйымдастыру процесі тапсырыс берушілердің қажеттіліктеріне қызмет ететін жаңа инновациялық процеске әкелуі мүмкін.",Нәтижесінде кедергіні жеңу мақсатындығы бірлескен жұмысты ұйымдастыру процесі тапсырысперушілердің қажеттіліктеріне қызмететін жаңа инновациялық процеске әкелуі мүмкін.,нәтижесінде кедергіні жеңу мақсатында бірлескен жұмысты ұйымдастыру процесі тапсырыс берушілердің қажеттіліктеріне қызмет ететін жаңа инновациялық процеске әкелуі мүмкін,нәтижесінде кедергіні жеңу мақсатындығы бірлескен жұмысты ұйымдастыру процесі тапсырысперушілердің қажеттіліктеріне қызмететін жаңа инновациялық процеске әкелуі мүмкін
1670,"""Олардың температуралық сипаттамалары жер бетіндегі тұрақты температураны сақтайтын үлкен үңгірлер сияқты тұрақты емес, бірақ бұл олардың жердегі терең үңгірлерге сәйкес келеді"", - деді Глен Кушинг, АҚШ геологиялық қызметі (USGS) астрогеология тобы және Аризона штатының Флагстафф қаласында орналасқан Солтүстік Аризона университетінің мүшесі Глен Кушинг.","Олардың температуралық сипаттамалары жер бетіндегі тұрақты температураны сақтайтын үлкен үңгірлер сияқты тұрақт емес, бірақ бұлғулардың жердегі терең үңгірлерге сәйкес келеді, деді Гленн Кушинг ақыш геологиялық қызметі USGS астриология тобы және Аризонна штатының Флак Staff қаласында орналысқан Солтүстік Аризонна университетінің үшесі Гленн Кушинг.",олардың температуралық сипаттамалары жер бетіндегі тұрақты температураны сақтайтын үлкен үңгірлер сияқты тұрақты емес бірақ бұл олардың жердегі терең үңгірлерге сәйкес келеді деді глен кушинг ақш геологиялық қызметі usgs астрогеология тобы және аризона штатының флагстафф қаласында орналасқан солтүстік аризона университетінің мүшесі глен кушинг,олардың температуралық сипаттамалары жер бетіндегі тұрақты температураны сақтайтын үлкен үңгірлер сияқты тұрақт емес бірақ бұлғулардың жердегі терең үңгірлерге сәйкес келеді деді гленн кушинг ақыш геологиялық қызметі usgs астриология тобы және аризонна штатының флак staff қаласында орналысқан солтүстік аризонна университетінің үшесі гленн кушинг
1844,Айдың беті тау жынысы мен шаңнан тұрады. Айдың сыртқы қабаты қабық деп аталады.,Айдың беті тау жынысымен шаңнан тұрады. Айдың сыртқы қабаты қабық деп аталады.,айдың беті тау жынысы мен шаңнан тұрады айдың сыртқы қабаты қабық деп аталады,айдың беті тау жынысымен шаңнан тұрады айдың сыртқы қабаты қабық деп аталады
1902,Алдымен ол Грейт-Ярмуттегі Джеймс Пейджет ауруханасына түсті.,"Алдымен, ол «Грит» Ярмуттегі Джеймс Пейджет ауруханнасына түсті.",алдымен ол грейт ярмуттегі джеймс пейджет ауруханасына түсті,алдымен ол грит ярмуттегі джеймс пейджет ауруханнасына түсті
1816,"Үйленген, екі ересек баласы бар Дюваль хикаяны тыңдаған Миллерге үлкен әсер қалдырмады.",Үйленген екі «жересек» баласы бар «Дзюваль» хикаяны тыңдаған мелерге үлкен әсер қалдырмады.,үйленген екі ересек баласы бар дюваль хикаяны тыңдаған миллерге үлкен әсер қалдырмады,үйленген екі жересек баласы бар дзюваль хикаяны тыңдаған мелерге үлкен әсер қалдырмады
1840,"Италияның көптеген қалаларында және әлемдегі басқа да қалаларда, әсіресе Польшада, соған ұқсас қондырмалар орнатылды және бұған көптеген адамдар куә болды.","Италияның көптеген қалуарында және әлемдегі басқа да қалаларда, әсіресі Польшада, соған ұқсас қондармалар орнатылды және бұған көптеген адамдар куә болды.",италияның көптеген қалаларында және әлемдегі басқа да қалаларда әсіресе польшада соған ұқсас қондырмалар орнатылды және бұған көптеген адамдар куә болды,италияның көптеген қалуарында және әлемдегі басқа да қалаларда әсіресі польшада соған ұқсас қондармалар орнатылды және бұған көптеген адамдар куә болды
1936,"Пэрри түнгі сайлау алды жиналысының нәтижелерін бағалау үшін Техасқа оралатынын, өзі үшін осы жарыста алға жүретін жол бар-жоғын анықтайтынын мәлімдеді, бірақ кейінірек жарыста қалатынын және 21 қаңтардағы Оңтүстік Каролинадағы бастапқы сайлауға қатысатынын айтты.","Ферри түнгі сайлау алды жиналысының нәтижелердің бағалау үшін Техасқа оралатын өз үшін осы жарыста алған жүретін жолы бар жоғы анықтайтын мәлімдеді, бірақ кейінірек жарыста қалатын және 21 қаңтардағы оңысты қаралинадағы бастапқы сайлауға қатысатынын айтты.",пэрри түнгі сайлау алды жиналысының нәтижелерін бағалау үшін техасқа оралатынын өзі үшін осы жарыста алға жүретін жол бар жоғын анықтайтынын мәлімдеді бірақ кейінірек жарыста қалатынын және 21 қаңтардағы оңтүстік каролинадағы бастапқы сайлауға қатысатынын айтты,ферри түнгі сайлау алды жиналысының нәтижелердің бағалау үшін техасқа оралатын өз үшін осы жарыста алған жүретін жолы бар жоғы анықтайтын мәлімдеді бірақ кейінірек жарыста қалатын және 21 қаңтардағы оңысты қаралинадағы бастапқы сайлауға қатысатынын айтты
1788,АҚШ-тың Гимнастика федерациясы АҚШ Олимпиада комитетінің хатын қолдайды және біздің барлық спортсмендер үшін қоршаған ортаның қауіпсіздігін арттырудың абсолютті қажеттілігін мойындайды.,АҚШ-тың гимнастика федерациясы АҚШ Олимпиада комитетінің қатын қолдайды және біздің барлық спортсмендер үшін қоршаған ортаның қауіпсіздігін арттурудың абсолютті қажеттілігін мойындайды.,ақш тың гимнастика федерациясы ақш олимпиада комитетінің хатын қолдайды және біздің барлық спортсмендер үшін қоршаған ортаның қауіпсіздігін арттырудың абсолютті қажеттілігін мойындайды,ақш тың гимнастика федерациясы ақш олимпиада комитетінің қатын қолдайды және біздің барлық спортсмендер үшін қоршаған ортаның қауіпсіздігін арттурудың абсолютті қажеттілігін мойындайды
1758,Архипелаг түбектен солтүстікке таман 120 км жерде орналасқан. Ең ірісі - Вилла Лас Эстреллас елді мекеніне ие Кинг Джордж аралы.,Архипелак түбектен сол түстікке таман 120 км жерде орналасқа. Ең ірісі Вилла Лас Истралас елді мекеніне ие Кинг Джордж аралы.,архипелаг түбектен солтүстікке таман 120 км жерде орналасқан ең ірісі вилла лас эстреллас елді мекеніне ие кинг джордж аралы,архипелак түбектен сол түстікке таман 120 км жерде орналасқа ең ірісі вилла лас истралас елді мекеніне ие кинг джордж аралы
1691,"Кейбір маршруттарда үлкенірек компаниялардың өз ұшақтары бар, бірақ басқа маршруттарда және кішірек фирмаларда мәселе болған.","Кейбір маршруттарда үлкенірек компаниялардың өз ұшақтары бар, біріқ басқа маршруттарда және кішірек фирмаларда мәселе болған.",кейбір маршруттарда үлкенірек компаниялардың өз ұшақтары бар бірақ басқа маршруттарда және кішірек фирмаларда мәселе болған,кейбір маршруттарда үлкенірек компаниялардың өз ұшақтары бар біріқ басқа маршруттарда және кішірек фирмаларда мәселе болған
1964,"Қазірге дейін әйгілі ""25 Данлэп парақтары"" құжаттың ең көне көшірмелері болып табылады. Түпнұсқалық қолжазба көшірмесі сақталмаған.",Қазірге дейін әйгілі 25 Данлеп парақтары құжаттың ең көне көшірмелері болып табылады. Дүп нұсқалық қолжазба көшірмесі сақталмаған.,қазірге дейін әйгілі 25 данлэп парақтары құжаттың ең көне көшірмелері болып табылады түпнұсқалық қолжазба көшірмесі сақталмаған,қазірге дейін әйгілі 25 данлеп парақтары құжаттың ең көне көшірмелері болып табылады дүп нұсқалық қолжазба көшірмесі сақталмаған
1987,Апат биік таулы жерлерде орын алған және дұшпандық мағынадағы өрттің салдарынан болған деп болжануда.,Апат биік талбы желділде орын алған және дұшпандық мағын адағы өрттің салды «рынан болған» деп болжауында.,апат биік таулы жерлерде орын алған және дұшпандық мағынадағы өрттің салдарынан болған деп болжануда,апат биік талбы желділде орын алған және дұшпандық мағын адағы өрттің салды рынан болған деп болжауында
1756,АҚШ президенті Дональд Трамп жексенбі күні кешкі баспасөз хатшысы арқылы жасаған мәлімдемесінде АҚШ қарушы күштерін Сириядан алып шығуы туралы мәлімдеді.,АҚШ президенті Дональд Трамп жексенбі күні кешкі баспасөз хатшысы арқылы жасыған мәлімдемесінде АҚШ қарушы күштерін сириядан алып шығуы туралы мәлімдеді.,ақш президенті дональд трамп жексенбі күні кешкі баспасөз хатшысы арқылы жасаған мәлімдемесінде ақш қарушы күштерін сириядан алып шығуы туралы мәлімдеді,ақш президенті дональд трамп жексенбі күні кешкі баспасөз хатшысы арқылы жасыған мәлімдемесінде ақш қарушы күштерін сириядан алып шығуы туралы мәлімдеді
1889,"Ол бізге пойызды, автокөлікті және басқа да көлік құралдарын алып келді.",Ол бізге пойызды автокөлікті және басқа да көлік құралдарының алып келді.,ол бізге пойызды автокөлікті және басқа да көлік құралдарын алып келді,ол бізге пойызды автокөлікті және басқа да көлік құралдарының алып келді
1802,Интернет жалпы және адамдар арасындағы байланыс элементтерін біріктіреді.,Интернет жалпы және адамдар арасындағы байланыс элементтерін біріктіреді.,интернет жалпы және адамдар арасындағы байланыс элементтерін біріктіреді,интернет жалпы және адамдар арасындағы байланыс элементтерін біріктіреді
1780,"Кундалини йога көмегімен Кундалини энергиясы (ағарту энергиясы) йога позалары, тыныс алу жаттығулары мантра және визуализация арқылы оянады.","Кундалиния, Йога көмегімен, Кундалини энергиясы, Ағарта энергиясы, Йога позалары, тыныс алу, жаттығулары, мантра және визуализация арқылы ойанды.",кундалини йога көмегімен кундалини энергиясы ағарту энергиясы йога позалары тыныс алу жаттығулары мантра және визуализация арқылы оянады,кундалиния йога көмегімен кундалини энергиясы ағарта энергиясы йога позалары тыныс алу жаттығулары мантра және визуализация арқылы ойанды
1957,Ол сыбыстарды «саяси әңгімелер мен ақымақтық» деп есептеді.,Ол сабыстарды саяси әңгімелер мен ақымақтық деп есептеді.,ол сыбыстарды саяси әңгімелер мен ақымақтық деп есептеді,ол сабыстарды саяси әңгімелер мен ақымақтық деп есептеді
1768,Кешеннің жиектеріндегі ғимараттардың көпшілігі туристерге басында қалай пайда болғаны туралы жақсырақ түсінік беру үшін қайта соғылды.,Кешеннің жиектеріндегі ғимараттардың көпшілігі туристерге басында қалай пайда болғаны туралы жақсырақ түсінік беру үшін қайта соғылды.,кешеннің жиектеріндегі ғимараттардың көпшілігі туристерге басында қалай пайда болғаны туралы жақсырақ түсінік беру үшін қайта соғылды,кешеннің жиектеріндегі ғимараттардың көпшілігі туристерге басында қалай пайда болғаны туралы жақсырақ түсінік беру үшін қайта соғылды
1833,Философия ғұламасы Аристотель әрбір заттың төрт элементтің біреуінен немесе бірнешесінен жасалған деген теория құрған.,Философия құламасы Аристотель әрбір заттың төрт іліменттің біреуінен немесе бірнеше сінен жасалған деген теория құрған.,философия ғұламасы аристотель әрбір заттың төрт элементтің біреуінен немесе бірнешесінен жасалған деген теория құрған,философия құламасы аристотель әрбір заттың төрт іліменттің біреуінен немесе бірнеше сінен жасалған деген теория құрған
1668,Сондай-ақ Wild Card картасын сатып алған пайдалы болуы мүмкін. Ол Оңтүстік Африкадағы парктарға немесе Оңтүстік Африканың барлық ұлттық парктарына кіруге мүмкіндік береді.,Сондай-ақ Уэлт-Карт картасын сатуалған пайдалы болуы мүмкін. Ол Оңтүстік Африкадағы парктарға немесе Оңтүстік Африканы барлық ұлттық парктарына кіруге мүмкіндік береді.,сондай ақ wild card картасын сатып алған пайдалы болуы мүмкін ол оңтүстік африкадағы парктарға немесе оңтүстік африканың барлық ұлттық парктарына кіруге мүмкіндік береді,сондай ақ уэлт карт картасын сатуалған пайдалы болуы мүмкін ол оңтүстік африкадағы парктарға немесе оңтүстік африканы барлық ұлттық парктарына кіруге мүмкіндік береді
1689,"Еуропа — салыстырмалы түрде шағын, бірақ көп тәуелсіз елдері бар континент. Қалыпты жағдайларда, бірнеше ел арқылы саяхаттасаңыз, визаға өтінімдер беру және бірнеше рет төлқұжатты тексеруден өту керектігін білдіретін еді.","Еуропа салыстырмалы түрде шағын, бірақ көп тәуелсіз елдері бар континент. Қалыпты жағдайларда бірнеше ел арқылы саяхаттасаңыз, физаға өтінімдер беру және бірнеше рет төлқұжатты тексеруден өту керектігін білдіретін еді.",еуропа салыстырмалы түрде шағын бірақ көп тәуелсіз елдері бар континент қалыпты жағдайларда бірнеше ел арқылы саяхаттасаңыз визаға өтінімдер беру және бірнеше рет төлқұжатты тексеруден өту керектігін білдіретін еді,еуропа салыстырмалы түрде шағын бірақ көп тәуелсіз елдері бар континент қалыпты жағдайларда бірнеше ел арқылы саяхаттасаңыз физаға өтінімдер беру және бірнеше рет төлқұжатты тексеруден өту керектігін білдіретін еді
1975,Ватикан қаласы халқының саны — шамамен 800. Бұл — дүние жүзіндегі ең шағын тәуелсіз ел және халық саны ең аз ел.,Ватикан қаласы халқының саны шамамен 8% бұл дүние жүзіндегі ең шағын тәуелсіз ел және халық саны ең аз ел.,ватикан қаласы халқының саны шамамен 800 бұл дүние жүзіндегі ең шағын тәуелсіз ел және халық саны ең аз ел,ватикан қаласы халқының саны шамамен 8 бұл дүние жүзіндегі ең шағын тәуелсіз ел және халық саны ең аз ел
1660,"Романтизмде Гете, Фихте, Шлегель сияқты жазушылардан алынған мәдени детерминизмнің үлкен элементі болды.","Романтизмде гиоты, фихты, шілек елфияқты жазушылардан алынған мәдени де терминіңіздің лүкен элементі болды.",романтизмде гете фихте шлегель сияқты жазушылардан алынған мәдени детерминизмнің үлкен элементі болды,романтизмде гиоты фихты шілек елфияқты жазушылардан алынған мәдени де терминіңіздің лүкен элементі болды
1957,Ол сыбыстарды «саяси әңгімелер мен ақымақтық» деп есептеді.,Ол сыбыстарды саяси әңгімелер мен ақымақтық деп есептеді.,ол сыбыстарды саяси әңгімелер мен ақымақтық деп есептеді,ол сыбыстарды саяси әңгімелер мен ақымақтық деп есептеді
1673,"Тәуелсіздік үшін соғыс кезінде он үш штат алдымен әлсіз орталық үкіметін құрды, Конфедерация баптары бойынша Конгресс оның жалғыз құрамдасы еді.","Тәуелсіздік үшін соқыз кезінде 10-13 штат алдымен әлсіз орталық ұқметін құрды. Конфедрация баптары ойша, конгрессоның жалықыз құрамдасы еді.",тәуелсіздік үшін соғыс кезінде он үш штат алдымен әлсіз орталық үкіметін құрды конфедерация баптары бойынша конгресс оның жалғыз құрамдасы еді,тәуелсіздік үшін соқыз кезінде 10 13 штат алдымен әлсіз орталық ұқметін құрды конфедрация баптары ойша конгрессоның жалықыз құрамдасы еді
1827,"Жер қыртысының қалыңдығы жақын жағында шамамен 70 км, ал алыс жағында 100 км.","Жер 40-тісының қалындыға жақын жағында шамамен 700 км, алыс жағында 100 км.",жер қыртысының қалыңдығы жақын жағында шамамен 70 км ал алыс жағында 100 км,жер 40 тісының қалындыға жақын жағында шамамен 700 км алыс жағында 100 км
1687,Сегрегация және рекомбинация әр буында екі пул арасында вариацияларды араластырып отырады.,Сегрегация және рекомбинация әрі буынды екі бұл арасында вариацияларды араластырып отырады.,сегрегация және рекомбинация әр буында екі пул арасында вариацияларды араластырып отырады,сегрегация және рекомбинация әрі буынды екі бұл арасында вариацияларды араластырып отырады
1835,"Цунами туралы ескерту берілмеді және Джакартаның геофизика агенттігінің деректеріне сай, цунами туралы ескерту берілмейді, өйткені жер сілкінісі 6,5 магнитудасы талабына сай болмады.","Сунами туралы ескерту берүлмейді және Жакартаның геофизика агенттігінің деректеріне сай, сунами туралы ескерту берүлмейді, өйткені жер сілгінсі, 6-5 магнитудасы таларына сай болмады.",цунами туралы ескерту берілмеді және джакартаның геофизика агенттігінің деректеріне сай цунами туралы ескерту берілмейді өйткені жер сілкінісі 6 5 магнитудасы талабына сай болмады,сунами туралы ескерту берүлмейді және жакартаның геофизика агенттігінің деректеріне сай сунами туралы ескерту берүлмейді өйткені жер сілгінсі 6 5 магнитудасы таларына сай болмады
1806,"Ең шарықтаған кезінде жарықтық ластану қазіргі кездегідей проблема болмағандықтан, олар қазіргі уақытқа қарағанда оңай жетуге болатын қалаларда немесе кампустарда орналасқан.","Ең шарықтаған кезінде жарықтық ластану қазіргі кездегідей проблемі болмағандықтан, олар қазіргі уақытқа қарағанда оңай жетуге болатын қалаларды немесе компустарда орналасқан.",ең шарықтаған кезінде жарықтық ластану қазіргі кездегідей проблема болмағандықтан олар қазіргі уақытқа қарағанда оңай жетуге болатын қалаларда немесе кампустарда орналасқан,ең шарықтаған кезінде жарықтық ластану қазіргі кездегідей проблемі болмағандықтан олар қазіргі уақытқа қарағанда оңай жетуге болатын қалаларды немесе компустарда орналасқан
1778,Теледидарлық репортаждарда зауыттан шығатын ақ түтін көрінеді.,Теледидарлық репортаждарда зауыттан шығатын ақ түтін көрінеді.,теледидарлық репортаждарда зауыттан шығатын ақ түтін көрінеді,теледидарлық репортаждарда зауыттан шығатын ақ түтін көрінеді
1850,"Бұл оған егер базалық станцияда екі радио болса, 802.1 a, 802.11b және 802.11g ережелерімен қайта үйлесімді болуға мүмкіндік береді.","Бұл оған егер базалық станцияда екі радио болса, 802.1A, 802.11B және 802.11G ережелерімен қайты үйлесімді болуға мүмкіндік береді.",бұл оған егер базалық станцияда екі радио болса 802 1 a 802 11b және 802 11g ережелерімен қайта үйлесімді болуға мүмкіндік береді,бұл оған егер базалық станцияда екі радио болса 802 1a 802 11b және 802 11g ережелерімен қайты үйлесімді болуға мүмкіндік береді
1681,"Дегенмен ол жалғыз емес, эксперименттер өткізу және эксперимент ықтимал гипотезалардың біреуін немесе бірнешеуін жою үшін пайдаланылатын сынақ болып табылады. Сұрақтар қою және бақылаулар жасау да ғылыми зерттеуді бағыттайды.","Дегенмен, ол жалғыз емес, эксперименттер өткізу және эксперимент ықтимал гипотезалардың біреуін немесе бірнешеуін жою үшін пайдаланатын сынақ болып табылады, сұрақтар қою және бақылаулар жасауда ғылыми зерттеуді бағыттайды.",дегенмен ол жалғыз емес эксперименттер өткізу және эксперимент ықтимал гипотезалардың біреуін немесе бірнешеуін жою үшін пайдаланылатын сынақ болып табылады сұрақтар қою және бақылаулар жасау да ғылыми зерттеуді бағыттайды,дегенмен ол жалғыз емес эксперименттер өткізу және эксперимент ықтимал гипотезалардың біреуін немесе бірнешеуін жою үшін пайдаланатын сынақ болып табылады сұрақтар қою және бақылаулар жасауда ғылыми зерттеуді бағыттайды
1971,"Қатты жел, бұршақ, артық жауын-шашын және өрттер, сонымен бірге найзағайлар, торнадолар, судағы құйындар және циклондар ауар ауа райының түрлері мен әсерлері болып табылады.","Қатты жел, бұршақ, артық жауын шашын және өрттер, сонымен бірге найзағайлар, торнадолар, судағы құйындар және циклондар ауар ауар айының түрлері мен әсерлері болып табылады.",қатты жел бұршақ артық жауын шашын және өрттер сонымен бірге найзағайлар торнадолар судағы құйындар және циклондар ауар ауа райының түрлері мен әсерлері болып табылады,қатты жел бұршақ артық жауын шашын және өрттер сонымен бірге найзағайлар торнадолар судағы құйындар және циклондар ауар ауар айының түрлері мен әсерлері болып табылады
1901,"AI-дің ғылыми фантастикалық қосымша мағынасы болғанымен, AI іс-қимылды, оқытуды және машиналарда сананы қолдануды қамтитын компьютерлік ғылымның аса маңызды бір саласын құрайды.","Альдың ғылым мифонтастиклық қосым шамағынасы болханымен, Аль әсқимылды оқутуды және машиналарды сананы қолдануды қамтитын компьютерлі ғылымның аса амаңызды бір саласын құрайды.",ai дің ғылыми фантастикалық қосымша мағынасы болғанымен ai іс қимылды оқытуды және машиналарда сананы қолдануды қамтитын компьютерлік ғылымның аса маңызды бір саласын құрайды,альдың ғылым мифонтастиклық қосым шамағынасы болханымен аль әсқимылды оқутуды және машиналарды сананы қолдануды қамтитын компьютерлі ғылымның аса амаңызды бір саласын құрайды
1865,Санкт-Петербургтегі круиздерге қаладағы уақыт кіреді. Круиз жолаушылары виза режиміндегі талаптардан азат етілген (талаптарды көріп шығыңыз).,"Санкт-Петербургтегі круиздерге қаладағы уақыт кіреді, круиз жұрлаушылары визрежеміндегі талаптардан азат етілген. Талаптарды көріп шығыныз.",санкт петербургтегі круиздерге қаладағы уақыт кіреді круиз жолаушылары виза режиміндегі талаптардан азат етілген талаптарды көріп шығыңыз,санкт петербургтегі круиздерге қаладағы уақыт кіреді круиз жұрлаушылары визрежеміндегі талаптардан азат етілген талаптарды көріп шығыныз
1968,"Кейбір круиздердің кітапшаларында Германияның Берлин қаласы көрсетілген. Жоғарыдағы картадан көргеніңіздей, Берлин теңізге жақын орналаспаған және қалаға бару круиздің бағасына кірмейді.",Кейбір круиздердің кітапшаларында Германияның Берлин қаласы көрсетілген. Жоғардағы картадан көргеніңіздей Берлин теңізге жақын орналаспаған және қалаға бару круиздің бағасына кірмейді.,кейбір круиздердің кітапшаларында германияның берлин қаласы көрсетілген жоғарыдағы картадан көргеніңіздей берлин теңізге жақын орналаспаған және қалаға бару круиздің бағасына кірмейді,кейбір круиздердің кітапшаларында германияның берлин қаласы көрсетілген жоғардағы картадан көргеніңіздей берлин теңізге жақын орналаспаған және қалаға бару круиздің бағасына кірмейді
1851,"Үзілмелі ағыстар жағаға, рифтерге соғылатын толқындардың кері ағыны болып табылады.",Үзілмелі ағыстар жағаға рифтерге соғылатын толқындардың кері ағыны болып табылады.,үзілмелі ағыстар жағаға рифтерге соғылатын толқындардың кері ағыны болып табылады,үзілмелі ағыстар жағаға рифтерге соғылатын толқындардың кері ағыны болып табылады
1922,"Әрине, бұл дәстүр христиандық теологиялық түсіндірмелерге ие, бірақ бұл толығымен христианға дейінгі көктем мен құнарлылық рәсімі болуы мүмкін.","Әрине бұлдәстүр христиандық теологиялық түсіндірмелерге ие, бірақ бұл толы мен христианға дейінгі көктен мен құнарылы кірәсімі болуы мүмкін.",әрине бұл дәстүр христиандық теологиялық түсіндірмелерге ие бірақ бұл толығымен христианға дейінгі көктем мен құнарлылық рәсімі болуы мүмкін,әрине бұлдәстүр христиандық теологиялық түсіндірмелерге ие бірақ бұл толы мен христианға дейінгі көктен мен құнарылы кірәсімі болуы мүмкін
1867,Өсімдіктер адамдар тыныстайтын оттегіні жасайды және адамдар тыныспен шығаратын көміртегі диоксидін сіңіреді.,Өсімдіктер адамдар тыныстайтын өттегіна жасайды және адамдар тыныспен шығаратын көміртегі диоксидін сіңіреді.,өсімдіктер адамдар тыныстайтын оттегіні жасайды және адамдар тыныспен шығаратын көміртегі диоксидін сіңіреді,өсімдіктер адамдар тыныстайтын өттегіна жасайды және адамдар тыныспен шығаратын көміртегі диоксидін сіңіреді
1716,"TMZ ойын-сауық жаңалықтары веб-сайты фотограф Сепулведа бульварының арғы жағында көлігін тоқтатқанын және полицияның жолдан өту алдында тоқтағанының және жалғастырғанының, бұл жол қозғалысын реттеп тұрған Калифорния автомагистральдік патруль полициясы қызметкерінің оған кері жүру туралы екі рет бұйрық бергенінің суреттерін түсіруге әрекеттенгенін түсінеді.",TMZ ойын салық жаңалықтары веб-сайтты фотограф Сепулведо бұлварының арқы жағында көлігін тоқтатқанын және полицианың жолдан өту алдында тоқтағанының және жалғастырғанының бұл жол қозалысын ретеп тұрған Калифорния автомагистральдық патруль полициясы қызметкерінің оған кері жүру туралы елігі жүрі түріпі бүріпі бүріпі бүріпі бүріпі бүріпі бүріпі бүріпі бүріпі бүріпі бүріпі бүріпі бүріпі бүріпі бүріпі бүріпі бүріпі бүріпі бүріпі бүріпі бүріпі бүріпі бүріпі бүріпі бүріпі бүріпі бүріпі бүріпі бүріпі бүріпі бүріпі бүріпі бүріпі бүріпі бүріпі бүріпі бүЕкі рет бойрық бергенінің суреттерін түсіруге әрекеттенгенін түсінеді.,tmz ойын сауық жаңалықтары веб сайты фотограф сепулведа бульварының арғы жағында көлігін тоқтатқанын және полицияның жолдан өту алдында тоқтағанының және жалғастырғанының бұл жол қозғалысын реттеп тұрған калифорния автомагистральдік патруль полициясы қызметкерінің оған кері жүру туралы екі рет бұйрық бергенінің суреттерін түсіруге әрекеттенгенін түсінеді,tmz ойын салық жаңалықтары веб сайтты фотограф сепулведо бұлварының арқы жағында көлігін тоқтатқанын және полицианың жолдан өту алдында тоқтағанының және жалғастырғанының бұл жол қозалысын ретеп тұрған калифорния автомагистральдық патруль полициясы қызметкерінің оған кері жүру туралы елігі жүрі түріпі бүріпі бүріпі бүріпі бүріпі бүріпі бүріпі бүріпі бүріпі бүріпі бүріпі бүріпі бүріпі бүріпі бүріпі бүріпі бүріпі бүріпі бүріпі бүріпі бүріпі бүріпі бүріпі бүріпі бүріпі бүріпі бүріпі бүріпі бүріпі бүріпі бүріпі бүріпі бүріпі бүріпі бүріпі бүріпі бүекі рет бойрық бергенінің суреттерін түсіруге әрекеттенгенін түсінеді
1677,Бүгінде қанаттарын арқасына бүктей алмайтын жәндіктер - инеліктер мен біркүндіктер.,"Бүгінше қанаттарын арқасына бүкте жалмайтын жәндіктер, үйнеліктер мен бүргіндіктер.",бүгінде қанаттарын арқасына бүктей алмайтын жәндіктер инеліктер мен біркүндіктер,бүгінше қанаттарын арқасына бүкте жалмайтын жәндіктер үйнеліктер мен бүргіндіктер
1680,"Жақсы атлет жолбарыс өрмелей (бірақ жақсы емес), жүзе, үлкен қашықтықтарға секіре және күшті адамнан бес есе көбірек күшпен тартыла алады.","Жақсы атлет жолбарыс өрмелей, бірақ жақсы емес, жүзе, үлкен, қашықтарға, секіре және күшті, адамнан бес есе көбірек, күшпен тарта алады.",жақсы атлет жолбарыс өрмелей бірақ жақсы емес жүзе үлкен қашықтықтарға секіре және күшті адамнан бес есе көбірек күшпен тартыла алады,жақсы атлет жолбарыс өрмелей бірақ жақсы емес жүзе үлкен қашықтарға секіре және күшті адамнан бес есе көбірек күшпен тарта алады
1829,Жоғары салық салынатын елдерге жол тартатын саяхатшылар кейде әсіресе алкогольді ішімдіктер мен темекі сияқты өнімдерге айтарлықтай ақша үнемдей алады.,"Жоғары салық салынатын елдерге жолтардатын саяхатшылар кейде, әсіресе алкогольді ішімдіктер мен темекі сияқты өнімдерге айтарлықтай ақша үнемдей алады.",жоғары салық салынатын елдерге жол тартатын саяхатшылар кейде әсіресе алкогольді ішімдіктер мен темекі сияқты өнімдерге айтарлықтай ақша үнемдей алады,жоғары салық салынатын елдерге жолтардатын саяхатшылар кейде әсіресе алкогольді ішімдіктер мен темекі сияқты өнімдерге айтарлықтай ақша үнемдей алады
1823,«Жол қозғалысының ағыны» – жеке жүргізушілердің және көліктердің екі нүкте арасындағы қозғалысын және олардың бір бірімен өзара әрекеттесулерін зерттеу.,"Жол қозғалысының ағыны, жекес жүргізушілердің және көліктердің екүнікте арасындағы қозғалысын және олардың бір-бірімен өзірі әрекеттесеулерін серттеу.",жол қозғалысының ағыны жеке жүргізушілердің және көліктердің екі нүкте арасындағы қозғалысын және олардың бір бірімен өзара әрекеттесулерін зерттеу,жол қозғалысының ағыны жекес жүргізушілердің және көліктердің екүнікте арасындағы қозғалысын және олардың бір бірімен өзірі әрекеттесеулерін серттеу
1924,"Әйелдер отыратын тобындағы төрт шаңғышы өз жарыстарын аяқтай алмады, ал Giant Slalom жарысындағы жалпы 117 шаңғышының 45-і жарыста орын алмады.","Әйелдер отыратын тобындағы төрт шаңғышы өз жарыстарын аяқтай алмады, ал Джайн Слалм жарысындағы жалпы 17 шаңғышының 45-бесі жарыста орын алмады.",әйелдер отыратын тобындағы төрт шаңғышы өз жарыстарын аяқтай алмады ал giant slalom жарысындағы жалпы 117 шаңғышының 45 і жарыста орын алмады,әйелдер отыратын тобындағы төрт шаңғышы өз жарыстарын аяқтай алмады ал джайн слалм жарысындағы жалпы 17 шаңғышының 45 бесі жарыста орын алмады
1883,"Көпір астындағы тік аралық 15 метрді құрайды. Құрылыс 2011 жылдың тамыз айында аяқталды, ол 2017 жылдың наурыз айына дейін жол қозғалысына ашылмады.","Көбір астындағы тік аралық 15 метрді құрайды. Құрылыс 2011 жылдың тамыз айында аяқталты, ол 2017 жылдың наурыс айына дейін жол қозғалысыны ашылмады.",көпір астындағы тік аралық 15 метрді құрайды құрылыс 2011 жылдың тамыз айында аяқталды ол 2017 жылдың наурыз айына дейін жол қозғалысына ашылмады,көбір астындағы тік аралық 15 метрді құрайды құрылыс 2011 жылдың тамыз айында аяқталты ол 2017 жылдың наурыс айына дейін жол қозғалысыны ашылмады
1715,"Метродағы жүйелі хабарландырулар тек каталан тілінді жасалады, бірақ автоматтандырылған жүйе жоспарланбаған үзілістерді көп тілде жариялайды: испан, ағылшын, француз, араб және жапон.","Метродағы жүйелі хабарландырулар тек каталан тілінде жасалады, бірақ автоматтандырылған жүйі жөспарламбаған үзілістерді көп тілде жариялайды, испан аушын француз араб және жапон.",метродағы жүйелі хабарландырулар тек каталан тілінді жасалады бірақ автоматтандырылған жүйе жоспарланбаған үзілістерді көп тілде жариялайды испан ағылшын француз араб және жапон,метродағы жүйелі хабарландырулар тек каталан тілінде жасалады бірақ автоматтандырылған жүйі жөспарламбаған үзілістерді көп тілде жариялайды испан аушын француз араб және жапон
1716,"TMZ ойын-сауық жаңалықтары веб-сайты фотограф Сепулведа бульварының арғы жағында көлігін тоқтатқанын және полицияның жолдан өту алдында тоқтағанының және жалғастырғанының, бұл жол қозғалысын реттеп тұрған Калифорния автомагистральдік патруль полициясы қызметкерінің оған кері жүру туралы екі рет бұйрық бергенінің суреттерін түсіруге әрекеттенгенін түсінеді.","TMZ ойын сауық жаңалықтары веб-сайты фотограф Сепулведо бұл варының арғы жағында көлігін тоқтатқанын және полицияның жолдан өту алдында тоқтағанының және жалғастырғанының, бұл жол қозғалысын ретеп тұрған Калифорния автомагистральдік патруль полициясы қазметкерінің оған көрініғКері жүру тұралы Екі рет бұйрық бергенінің суреттерін түсіруге әрекеттенгенін түсінеді.",tmz ойын сауық жаңалықтары веб сайты фотограф сепулведа бульварының арғы жағында көлігін тоқтатқанын және полицияның жолдан өту алдында тоқтағанының және жалғастырғанының бұл жол қозғалысын реттеп тұрған калифорния автомагистральдік патруль полициясы қызметкерінің оған кері жүру туралы екі рет бұйрық бергенінің суреттерін түсіруге әрекеттенгенін түсінеді,tmz ойын сауық жаңалықтары веб сайты фотограф сепулведо бұл варының арғы жағында көлігін тоқтатқанын және полицияның жолдан өту алдында тоқтағанының және жалғастырғанының бұл жол қозғалысын ретеп тұрған калифорния автомагистральдік патруль полициясы қазметкерінің оған көрініғкері жүру тұралы екі рет бұйрық бергенінің суреттерін түсіруге әрекеттенгенін түсінеді
1954,"Тәртіпті қорғаушылары, доппен жұмыс істеу дағдылары және тамаша командалық жұмысы оларды ерекше бөліп көрсетті және бұл ең күшті команда болатыны анық еді.","Тәрдіпті қорғаушылары — Доппен, Жұмыс Стеу дағдылары және Тамаша командалық жұмысы оларды ерекше бөліп көрсетті және бұл ең күшті команда болатыны анық еді.",тәртіпті қорғаушылары доппен жұмыс істеу дағдылары және тамаша командалық жұмысы оларды ерекше бөліп көрсетті және бұл ең күшті команда болатыны анық еді,тәрдіпті қорғаушылары доппен жұмыс стеу дағдылары және тамаша командалық жұмысы оларды ерекше бөліп көрсетті және бұл ең күшті команда болатыны анық еді
1773,Ұйқының үзілуі — қалыпты ұйқы кезеңінде мақсатпен оянудың және кейінірек қысқа уақытқа (10-60 минут) ұйықтау процесі.,Ұйұқының үзілуі қалыпты ұйғы кезеңінде мақсатпен оянудың және кейініре қысқа уақытқа оң 60 минут ұйықтау процесі.,ұйқының үзілуі қалыпты ұйқы кезеңінде мақсатпен оянудың және кейінірек қысқа уақытқа 10 60 минут ұйықтау процесі,ұйұқының үзілуі қалыпты ұйғы кезеңінде мақсатпен оянудың және кейініре қысқа уақытқа оң 60 минут ұйықтау процесі
1777,"Оттава - Канаданың таңқалдырарлық, екітілді астанасы және онда Канаданың тарихы мен бүгінін бейнелейтін көптеген өнер галереялары мен музейлер ұсынылған.",Аттавы Канаданың таң қалдырарлық екітілді астанасы және онда Канаданың тарихы мен бүгінін бейнелейтін көптеген өнергалерияларымен музейлер ұсын олған.,оттава канаданың таңқалдырарлық екітілді астанасы және онда канаданың тарихы мен бүгінін бейнелейтін көптеген өнер галереялары мен музейлер ұсынылған,аттавы канаданың таң қалдырарлық екітілді астанасы және онда канаданың тарихы мен бүгінін бейнелейтін көптеген өнергалерияларымен музейлер ұсын олған
1891,"Лакша Сингх ""чхаппан бхог"" (елу алты дегенді білдіреді) өлеңін ұсынды. Ол әнді әнші Раджу Ханделвалмен бірге орындады.",Лапша Синк Чхапан Бухог 56 дегенді білдіреді өленін ұсынды. Ол әнді әнші Раджу Ханделвалмен бірге орындады.,лакша сингх чхаппан бхог елу алты дегенді білдіреді өлеңін ұсынды ол әнді әнші раджу ханделвалмен бірге орындады,лапша синк чхапан бухог 56 дегенді білдіреді өленін ұсынды ол әнді әнші раджу ханделвалмен бірге орындады
1766,"Кейбір атомдардың ядролары тұрақсыз, яғни, олар аз ғана түрткенде немесе мүлде түртпегенде бөлінуге бейім.","Кейбір атомдардың ядролары тұрақсыз, яғни олыр аз ғана түрткенде немесе мүлде түртпегенде бүлінімге бейім.",кейбір атомдардың ядролары тұрақсыз яғни олар аз ғана түрткенде немесе мүлде түртпегенде бөлінуге бейім,кейбір атомдардың ядролары тұрақсыз яғни олыр аз ғана түрткенде немесе мүлде түртпегенде бүлінімге бейім
1789,"Басқа аталымдар қатарына «Үздік фильм», «Режиссер», «Операторлық жұмыс», «Костюмдер дизайны», «Фильмді монтаждау», «Түпнұсқа саундтрек», «Қойылым дизайны», «Дыбысты редакциялау», «Дыбысты араластыру» және «Түпнұсқа сценарий» жатады.","Пасқа аталымдар қатарына, үздік фильм, режиссер, оператарлық жұмыс, кастюмдер дизайны, фильмді монтаждау, түп нұсқа саунтрек, қойылым дизайны, тұбысты редакциялау, тұбысты араластыру және түп нұсқа сценария жатады.",басқа аталымдар қатарына үздік фильм режиссер операторлық жұмыс костюмдер дизайны фильмді монтаждау түпнұсқа саундтрек қойылым дизайны дыбысты редакциялау дыбысты араластыру және түпнұсқа сценарий жатады,пасқа аталымдар қатарына үздік фильм режиссер оператарлық жұмыс кастюмдер дизайны фильмді монтаждау түп нұсқа саунтрек қойылым дизайны тұбысты редакциялау тұбысты араластыру және түп нұсқа сценария жатады
1721,"1963 жылы тоған салынғаннан кейін, тасындылардың жайылуына себеп болатын маусымдық су тасқыны тоқтатылды.",1963 жылы тоған салынғаннан кейін тасындылардың жайылуына себеп болатын маусымдық су тасқына тоқтатылды.,1963 жылы тоған салынғаннан кейін тасындылардың жайылуына себеп болатын маусымдық су тасқыны тоқтатылды,1963 жылы тоған салынғаннан кейін тасындылардың жайылуына себеп болатын маусымдық су тасқына тоқтатылды
1869,"Оның ұзын жақтарында 70-тен астам ұстарадай өткір тістер және аузының үстіңгі жағында қосымша тістер жинағы болған, бұл оған кезіккен әрбір жануардың одан қашып кете алмайтынын білдіреді.","Оның ұзын жақтарында жетпістен астам, ұстардай өткір тістер және ауызынның үстінгі жағында қосымша тістер жинақы болған. Бұл оған кезіккен әрбір жануардың одан қашып кете аумайтын білдіреді.",оның ұзын жақтарында 70 тен астам ұстарадай өткір тістер және аузының үстіңгі жағында қосымша тістер жинағы болған бұл оған кезіккен әрбір жануардың одан қашып кете алмайтынын білдіреді,оның ұзын жақтарында жетпістен астам ұстардай өткір тістер және ауызынның үстінгі жағында қосымша тістер жинақы болған бұл оған кезіккен әрбір жануардың одан қашып кете аумайтын білдіреді
1710,"Өткен аптада METI ұйымы оған Apple компаниясы қызып кетудің 34 қосымша инциденті туралы хабарлағанын жариялады, Apple компаниясы оларды «ауыр емес» деп атады.",Өткен аптада MataI ұйымы оған Apple компаниясы қызып кетудің 34 қосымша инциденті туралы хабарлағанын жариялады. Apple компаниясы оларды ауыр емес деп атады.,өткен аптада meti ұйымы оған apple компаниясы қызып кетудің 34 қосымша инциденті туралы хабарлағанын жариялады apple компаниясы оларды ауыр емес деп атады,өткен аптада matai ұйымы оған apple компаниясы қызып кетудің 34 қосымша инциденті туралы хабарлағанын жариялады apple компаниясы оларды ауыр емес деп атады
1987,Апат биік таулы жерлерде орын алған және дұшпандық мағынадағы өрттің салдарынан болған деп болжануда.,Апат бүйік таулы жерлерде орын алған және дұшпандық мағынадағы өрттің салдарынан болған деп болжануда.,апат биік таулы жерлерде орын алған және дұшпандық мағынадағы өрттің салдарынан болған деп болжануда,апат бүйік таулы жерлерде орын алған және дұшпандық мағынадағы өрттің салдарынан болған деп болжануда
1774,"Шалғай аралдарда кредит картасы қабылданбауы мүмкін, дегенмен Ұлыбритания және АҚШ валютасы қабылдануы мүмкін; алдын ала иеленушіден қолданылатын төлем әдісін сұрап біліп алыңыз.","Шалғай арылдарда кредит картасы қабылдамбалуы мүмкін, дегенмен Ұлыбритания және ақыш валютасы қабылдануы мүмкін, алдын ала еленушуден қолданылатын төлем әдісін сұрап білібалыңыз.",шалғай аралдарда кредит картасы қабылданбауы мүмкін дегенмен ұлыбритания және ақш валютасы қабылдануы мүмкін алдын ала иеленушіден қолданылатын төлем әдісін сұрап біліп алыңыз,шалғай арылдарда кредит картасы қабылдамбалуы мүмкін дегенмен ұлыбритания және ақыш валютасы қабылдануы мүмкін алдын ала еленушуден қолданылатын төлем әдісін сұрап білібалыңыз
1993,Атлант мұхитының оныншы атау берілген дауыл маусымы «Субтропиктік дауыл Джерри» бүгін Атлант мұхитында пайда болды.,"Атлант мұхитының оныншы атауы берілген — дауыл маусымы. Субтропиктік дауыл джери, бүгін Атлант мұхитында пайда болды.",атлант мұхитының оныншы атау берілген дауыл маусымы субтропиктік дауыл джерри бүгін атлант мұхитында пайда болды,атлант мұхитының оныншы атауы берілген дауыл маусымы субтропиктік дауыл джери бүгін атлант мұхитында пайда болды
1809,"Жолдарды орнында ұстау үшін шпалдар айтарлықтай ерте енгізілді. Алайда, бірте-бірте, жолдың үстінде темір бөлік болса, жолдар тиімдірек болатыны түсінілді.","Жолдарда орнында ұстау үшін шпалдар айтарлықта ерте енгізілді, алайда бірте бірте жолдың істінде темір бөлік болса, жолдар тиімдірек болатыны түсінілді.",жолдарды орнында ұстау үшін шпалдар айтарлықтай ерте енгізілді алайда бірте бірте жолдың үстінде темір бөлік болса жолдар тиімдірек болатыны түсінілді,жолдарда орнында ұстау үшін шпалдар айтарлықта ерте енгізілді алайда бірте бірте жолдың істінде темір бөлік болса жолдар тиімдірек болатыны түсінілді
1841,"Жоғарыдағы ашық, әдемі аспаннан және көптеген қоршаған таулардан басқа ештеңе көрінбейді. Үңгір ішінен бұл дүниенің өте аз бөлігін көруге немесе естуге болады.","Жоғарыдағы алшық, әдемі аспаннан және көптеген қоршаған тауарлардан басқа ештеңе көрінбейді, үңгір ішінен бұл дүниенін өте аз бөлігін көруге немесе естуге болады.",жоғарыдағы ашық әдемі аспаннан және көптеген қоршаған таулардан басқа ештеңе көрінбейді үңгір ішінен бұл дүниенің өте аз бөлігін көруге немесе естуге болады,жоғарыдағы алшық әдемі аспаннан және көптеген қоршаған тауарлардан басқа ештеңе көрінбейді үңгір ішінен бұл дүниенін өте аз бөлігін көруге немесе естуге болады
1856,Финляндия — керемет қайықпен баратын жер. «Мың көлдің жерінде» көлдерде және жағалаудағы архипелагтарда мыңдаған аралдар да бар.,"Виндлянда керемет қайықпен баратын жер, мың көлдің жерінде, көлдерде және жағалаудағы архипелагтарда мыңдағанын аралдарда бар.",финляндия керемет қайықпен баратын жер мың көлдің жерінде көлдерде және жағалаудағы архипелагтарда мыңдаған аралдар да бар,виндлянда керемет қайықпен баратын жер мың көлдің жерінде көлдерде және жағалаудағы архипелагтарда мыңдағанын аралдарда бар
1929,"Дель Потро екінші соққыда ерте басымдылыққа ие болды, бірақ бұл 6-6-ға жеткеннен кейін тай брейкті қажет етті.","Дель Потро екінші соққыда ерте басымдылыққа ие болды, бірақ бұл 6-6-ға жеткеннен кейін Тай Брейкті қажет етті.",дель потро екінші соққыда ерте басымдылыққа ие болды бірақ бұл 6 6 ға жеткеннен кейін тай брейкті қажет етті,дель потро екінші соққыда ерте басымдылыққа ие болды бірақ бұл 6 6 ға жеткеннен кейін тай брейкті қажет етті
1912,Кішірек аралдардың көпшілігі тәуелсіз ұлттар болып табылады немесе Франциямен байланысты және қымбат жағажай курорттары ретінде белгілі.,Кішірек аралдардың көпшілігі тәуелсіз ұлттар болып табылады немесе Франция мен байланысты және қымбат жағажай курорттар ретінде белгілі.,кішірек аралдардың көпшілігі тәуелсіз ұлттар болып табылады немесе франциямен байланысты және қымбат жағажай курорттары ретінде белгілі,кішірек аралдардың көпшілігі тәуелсіз ұлттар болып табылады немесе франция мен байланысты және қымбат жағажай курорттар ретінде белгілі
1831,"Плитвиц көлдері ұлттық паркін қалың орман жапқан. Орман негізінен қайың, шырша және майқарағай ағаштарынан тұрады. Орманда альпылық және жерортатеңіздік өсімдіктер аралас өседі.","Плитвец көлдері ұлттық паркын қалың орман жапқан. Орман негізінен қайын, шырша және май қарағай ағаштарынан тұрады. Орманда албулық және Жерорта теңіздік өсімдіктер арала сөседі.",плитвиц көлдері ұлттық паркін қалың орман жапқан орман негізінен қайың шырша және майқарағай ағаштарынан тұрады орманда альпылық және жерортатеңіздік өсімдіктер аралас өседі,плитвец көлдері ұлттық паркын қалың орман жапқан орман негізінен қайын шырша және май қарағай ағаштарынан тұрады орманда албулық және жерорта теңіздік өсімдіктер арала сөседі
1927,"Ангел (2006), «Континуум» тәсілін ұйымдардың өнімділіктің жоғарырақ деңгейіне жетуіне көмектесу үшін пайдаланылатын әдіс ретінде түсіндіреді.",Ангел 2006 континум тәсілін ұйымдардың өнімділіктің жоғарырақ деңгейіне жетуіне көмектесу үшін пайдаланылатын әдіс ретінде түсіндіреді.,ангел 2006 континуум тәсілін ұйымдардың өнімділіктің жоғарырақ деңгейіне жетуіне көмектесу үшін пайдаланылатын әдіс ретінде түсіндіреді,ангел 2006 континум тәсілін ұйымдардың өнімділіктің жоғарырақ деңгейіне жетуіне көмектесу үшін пайдаланылатын әдіс ретінде түсіндіреді
1855,"Арыстандар прайды қасқырлар мен иттер сияқты әрекет етеді, олар арыстандарға (бірақ басқа үлкен мысықтарға ұқсамайды) ұқсас жануарлар, сонымен қатар олар өз олжалары үшін өте қауіпті.","Арыстандар прайтты қасқарлар мен иттері сияқты әрекет етеді. Олар арыстандағы бірақ басқа үлкен мысықтарға ұқсамайды, ұқсас шануарлар сонымен қатар олар өз, олжалары үшін өте қауіпті.",арыстандар прайды қасқырлар мен иттер сияқты әрекет етеді олар арыстандарға бірақ басқа үлкен мысықтарға ұқсамайды ұқсас жануарлар сонымен қатар олар өз олжалары үшін өте қауіпті,арыстандар прайтты қасқарлар мен иттері сияқты әрекет етеді олар арыстандағы бірақ басқа үлкен мысықтарға ұқсамайды ұқсас шануарлар сонымен қатар олар өз олжалары үшін өте қауіпті
1744,"Россби нөмірі неғұрлым кішірек болса, жұлдыздың магниттену инверсиясына қатысты белсенділігі азырақ болады.","Россзби нөмірі неғырлім кішірет болса, жұлдыздың магниттену инверсиясына қатысты белсенділігі азырақ болады.",россби нөмірі неғұрлым кішірек болса жұлдыздың магниттену инверсиясына қатысты белсенділігі азырақ болады,россзби нөмірі неғырлім кішірет болса жұлдыздың магниттену инверсиясына қатысты белсенділігі азырақ болады
1999,"1960 жылдары Бжезинский Джон Кеннедидің кеңесшісі болып, содан кейін Линдон Б. Джонсон әкімшілігінде жұмыс істеді.","1960 жылдары Бжезинскі Джон Кенедейдің кеңешісі болып, содан кейін Линдон Б. Джонсон әкімшілгінде жұмыс істеді.",1960 жылдары бжезинский джон кеннедидің кеңесшісі болып содан кейін линдон б джонсон әкімшілігінде жұмыс істеді,1960 жылдары бжезинскі джон кенедейдің кеңешісі болып содан кейін линдон б джонсон әкімшілгінде жұмыс істеді
1863,"Тибет медитациясының орталығы - құдай йогасы. Әр түрлі құдайларды бейнелеудің арқасында қуат арналары тазартылып, чакралар іске қосылып, ағартушылық сана пайда болады.","Тибет медитациясының орталығы құдай йогасы. Әртүрлі құдайларды бенелеудің арқасында қуат арналары тазартылып, чакрлар іске қосылып, ағартушылық сана пайда болады.",тибет медитациясының орталығы құдай йогасы әр түрлі құдайларды бейнелеудің арқасында қуат арналары тазартылып чакралар іске қосылып ағартушылық сана пайда болады,тибет медитациясының орталығы құдай йогасы әртүрлі құдайларды бенелеудің арқасында қуат арналары тазартылып чакрлар іске қосылып ағартушылық сана пайда болады
1953,Кейіннен ол жатқан ауруханадан Кэмбридждегі Адденбрук ауруханасына жатқызылды.,Кейінен ол жатқан ауруханадан Кембричтегі Адинбург ауруханасына жатқызылды.,кейіннен ол жатқан ауруханадан кэмбридждегі адденбрук ауруханасына жатқызылды,кейінен ол жатқан ауруханадан кембричтегі адинбург ауруханасына жатқызылды
1894,"Карри — бұл шөптер мен дәмдеуіштер, сонымен қатап ет немесе көкөністер қосылатын тағам.","Карри, бұл шөптер мен дабы деуштер, сонымен қатап, ед немесе көкөністер қосылатын таған.",карри бұл шөптер мен дәмдеуіштер сонымен қатап ет немесе көкөністер қосылатын тағам,карри бұл шөптер мен дабы деуштер сонымен қатап ед немесе көкөністер қосылатын таған
1902,Алдымен ол Грейт-Ярмуттегі Джеймс Пейджет ауруханасына түсті.,Алдымену Great Ярмуттегі Джеймспейджтен алруханасына түсті.,алдымен ол грейт ярмуттегі джеймс пейджет ауруханасына түсті,алдымену great ярмуттегі джеймспейджтен алруханасына түсті
1752,"Нәтижесінде балықтың екі түрі жойылып кетті, ал қалған екеуіне жойылып кету қаупі төнді, оның ішінде бүкір балық та бар.","Нәтижесінде, балықтың екі түрі жойылып кетті, ал қалған екеуіне жойылып кету қауіп төнді, оның ішінде бүкірі балықта бар.",нәтижесінде балықтың екі түрі жойылып кетті ал қалған екеуіне жойылып кету қаупі төнді оның ішінде бүкір балық та бар,нәтижесінде балықтың екі түрі жойылып кетті ал қалған екеуіне жойылып кету қауіп төнді оның ішінде бүкірі балықта бар
1669,"Полиция басшысы Чандра Шехар Соланкидің айтуынша, сотталушылар сотта беттерін жауып қатысқан.","Полиция басшысы Чандре Шыхар саланкидың айтуынша, сотталушылар сотта беттерін жауып қатысқан.",полиция басшысы чандра шехар соланкидің айтуынша сотталушылар сотта беттерін жауып қатысқан,полиция басшысы чандре шыхар саланкидың айтуынша сотталушылар сотта беттерін жауып қатысқан
1892,"Бұл – Британдық отарлаушылардың өз меншігі ретінде басып алған орны, сондықтан егер сіз аумақтың отаршылдықта болғанының дәлелдерін іздесеңіз, бұл – бастамаңыз үшін қолайлы орын.","Бұл британдық отаршылаудың өз мен шегіретінде басуалған орна. Сондықтан егерсіз аумақтың отаршылдықта болғанын дәлелдерін іздесеңіз, бұл бастамаңыз үшін қолайлы орын.",бұл британдық отарлаушылардың өз меншігі ретінде басып алған орны сондықтан егер сіз аумақтың отаршылдықта болғанының дәлелдерін іздесеңіз бұл бастамаңыз үшін қолайлы орын,бұл британдық отаршылаудың өз мен шегіретінде басуалған орна сондықтан егерсіз аумақтың отаршылдықта болғанын дәлелдерін іздесеңіз бұл бастамаңыз үшін қолайлы орын
1685,"Мысалы, дүние жүзіндегі ең жиі кездесетін фотография түсіру пішімі болып 35 мм табылады. Ол аналогтық пленка дәуірі бітіп жатқанда басым пленка өлшемі болатын.","Мысалы, дүние жүзіндегі ең жиік кездесетін фотография түсіру пішімі болып 35 мм табылады. Ол аналықтық пленка дәуірі бітіп жатқанда басым пленка өлшемі болатын.",мысалы дүние жүзіндегі ең жиі кездесетін фотография түсіру пішімі болып 35 мм табылады ол аналогтық пленка дәуірі бітіп жатқанда басым пленка өлшемі болатын,мысалы дүние жүзіндегі ең жиік кездесетін фотография түсіру пішімі болып 35 мм табылады ол аналықтық пленка дәуірі бітіп жатқанда басым пленка өлшемі болатын
1717,Су асты топологиясына байланысты кері ағын бірнеше тереңірек учаскелерде шоғырланған және онда терең суға жылдам ағын пайда болуы мүмкін.,Суасты топологиясына байланысты кері ағын бірнеше тереңірек учаскілерде шоғырланған және онда терең суға жылдам ағын пайда болуы мүмкін.,су асты топологиясына байланысты кері ағын бірнеше тереңірек учаскелерде шоғырланған және онда терең суға жылдам ағын пайда болуы мүмкін,суасты топологиясына байланысты кері ағын бірнеше тереңірек учаскілерде шоғырланған және онда терең суға жылдам ағын пайда болуы мүмкін
1854,Көліктің өзі сол күні шамамен 12:00 GMT уақытында апат орнынан әкетілген.,Көліктің өзі Солкүні Шамамин 12 GMT уақытында апат орнынан әкетілген.,көліктің өзі сол күні шамамен 12 00 gmt уақытында апат орнынан әкетілген,көліктің өзі солкүні шамамин 12 gmt уақытында апат орнынан әкетілген
1777,"Оттава - Канаданың таңқалдырарлық, екітілді астанасы және онда Канаданың тарихы мен бүгінін бейнелейтін көптеген өнер галереялары мен музейлер ұсынылған.",Оттаба. Канаданың таң қалдырарлық. Екі тілді астанасы және онда канаданың тарихы мен бүгінін бейнелейкін көптеген өнер галерияларымен мүзелер ұсынылған.,оттава канаданың таңқалдырарлық екітілді астанасы және онда канаданың тарихы мен бүгінін бейнелейтін көптеген өнер галереялары мен музейлер ұсынылған,оттаба канаданың таң қалдырарлық екі тілді астанасы және онда канаданың тарихы мен бүгінін бейнелейкін көптеген өнер галерияларымен мүзелер ұсынылған
1828,"Интернеттен «қауіпті ортаны» іздесеңіз, жергілікті компанияның мекен-жайын береді.","Интернеттен қауіпті ортаны іздесеңіз, жергілікті компанияның мекен жайын береді.",интернеттен қауіпті ортаны іздесеңіз жергілікті компанияның мекен жайын береді,интернеттен қауіпті ортаны іздесеңіз жергілікті компанияның мекен жайын береді
1810,Калифорния губернаторы Арнольд Шварценеггер кәмелетке толмағандарға зорлық-зомбылық контенті бар видео ойындарды сатуға немесе жалға беруге тыйым салатын заңға қол қойды.,Калифорния губернаторы Арнольд Шварцинегер кәмілетке толмағандарға сорлық зонбылық контенті бар видео ойындарды сатуға немесе жалға беруге тұйым салатын заңғы қол қойды.,калифорния губернаторы арнольд шварценеггер кәмелетке толмағандарға зорлық зомбылық контенті бар видео ойындарды сатуға немесе жалға беруге тыйым салатын заңға қол қойды,калифорния губернаторы арнольд шварцинегер кәмілетке толмағандарға сорлық зонбылық контенті бар видео ойындарды сатуға немесе жалға беруге тұйым салатын заңғы қол қойды
1861,"Нәтижесінде, орындаушылар сахнада каннабисті шекті және театрдың өзі аудиоторияны қосылуға шақырды.",Нәчежесінде орындаушылар сахынада қанабисті шекті және театрдың өзі аудиторияны қосылуға шақырды.,нәтижесінде орындаушылар сахнада каннабисті шекті және театрдың өзі аудиоторияны қосылуға шақырды,нәчежесінде орындаушылар сахынада қанабисті шекті және театрдың өзі аудиторияны қосылуға шақырды
1971,"Қатты жел, бұршақ, артық жауын-шашын және өрттер, сонымен бірге найзағайлар, торнадолар, судағы құйындар және циклондар ауар ауа райының түрлері мен әсерлері болып табылады.","Қатты жел, бұршақ, артық жауын-шашын және өрттер, сонымен бірге найзағайлар, турнадолар, судағы құйындар және циклондар ауар ауа райының түрлері мен әсерлері болып табылады.",қатты жел бұршақ артық жауын шашын және өрттер сонымен бірге найзағайлар торнадолар судағы құйындар және циклондар ауар ауа райының түрлері мен әсерлері болып табылады,қатты жел бұршақ артық жауын шашын және өрттер сонымен бірге найзағайлар турнадолар судағы құйындар және циклондар ауар ауа райының түрлері мен әсерлері болып табылады
1943,"Алаңдаушылық неғұрлым төменірек болса, өмір күші соғұрлым позитивтеі болады. Әр адамда абсолютті тыныштық пен ризашылықты табу мүмкіндігі бар.","Алаңдаушылық неғырылым түменрек болса, өмір кіші соғырлым позитивте болады. Әр адамда абсолютті тыныштықпен ризашылықты табу мүмкіндігі бар.",алаңдаушылық неғұрлым төменірек болса өмір күші соғұрлым позитивтеі болады әр адамда абсолютті тыныштық пен ризашылықты табу мүмкіндігі бар,алаңдаушылық неғырылым түменрек болса өмір кіші соғырлым позитивте болады әр адамда абсолютті тыныштықпен ризашылықты табу мүмкіндігі бар
1820,Қазіргі уақытта адамдар ұштағышқа жақындамай-ақ компьютер экрандарында хабарламалар жаза алады.,Қазіргі уақытта адамдар ұштаушқа жақындам аяқ компьютерік трандарында хабарлымалар жаза алады.,қазіргі уақытта адамдар ұштағышқа жақындамай ақ компьютер экрандарында хабарламалар жаза алады,қазіргі уақытта адамдар ұштаушқа жақындам аяқ компьютерік трандарында хабарлымалар жаза алады
1794,"Өркениет – бірге тұрып, бірге жұмыс істейтін қоғамдағы адамдардың айтарлықтай үлкен тобына қатысты ортақ мәдениет.","Өркениет бірге тұрып, бірге жұмыс істейтінін қоғамдардың адамдардың айтарлықтай үлкен тобына қатысты ортақ мәдениет.",өркениет бірге тұрып бірге жұмыс істейтін қоғамдағы адамдардың айтарлықтай үлкен тобына қатысты ортақ мәдениет,өркениет бірге тұрып бірге жұмыс істейтінін қоғамдардың адамдардың айтарлықтай үлкен тобына қатысты ортақ мәдениет
1800,Бұл көпір 2017 жылдың қыркүйек айында толығымен жұмыс істейді деп жоспарланған. Бұл жылда бразилиялық кеден бекеттері аяқталады деп күтілуде.,"Бұл көпір 2017 жылдың қыркүйек айында толығымен жұмыс істейт деп жөспарланған, бұл жылда бразилиялық кеден бекеттері аяқталат деп күтілуіре.",бұл көпір 2017 жылдың қыркүйек айында толығымен жұмыс істейді деп жоспарланған бұл жылда бразилиялық кеден бекеттері аяқталады деп күтілуде,бұл көпір 2017 жылдың қыркүйек айында толығымен жұмыс істейт деп жөспарланған бұл жылда бразилиялық кеден бекеттері аяқталат деп күтілуіре
1794,"Өркениет – бірге тұрып, бірге жұмыс істейтін қоғамдағы адамдардың айтарлықтай үлкен тобына қатысты ортақ мәдениет.",Өргенет бірге тұрып бірге жұмыститын қоғамдағы адамдардың айтарлықтай үлкен тобына қатысты ортақ мәдениетті.,өркениет бірге тұрып бірге жұмыс істейтін қоғамдағы адамдардың айтарлықтай үлкен тобына қатысты ортақ мәдениет,өргенет бірге тұрып бірге жұмыститын қоғамдағы адамдардың айтарлықтай үлкен тобына қатысты ортақ мәдениетті
1776,"Бір түн ішінде 150-ден 200-ге дейін көшірмелер жасалып, олар қазір «Dunlap broadsides» ретінде белгілі.","Бір түн ішінде 150-де 200-ге дейін көшірмелер жасалып, олар қасыр Дунлап-Бродсайд суретінде белбілі.",бір түн ішінде 150 ден 200 ге дейін көшірмелер жасалып олар қазір dunlap broadsides ретінде белгілі,бір түн ішінде 150 де 200 ге дейін көшірмелер жасалып олар қасыр дунлап бродсайд суретінде белбілі
1837,Реконструкция әрекеттерін либералдық сынау реконструкция келісімшарттарын солай деп саналатын Вашингтон инсайдерлеріне беруге баса көңіл бөлді.,Реконструкция әрекеттерін либералдық сынау реконструкция келісім шарттарын солай деп саналатын Вашингтон инсайдерлеріне беруге баса көңіл бөлді.,реконструкция әрекеттерін либералдық сынау реконструкция келісімшарттарын солай деп саналатын вашингтон инсайдерлеріне беруге баса көңіл бөлді,реконструкция әрекеттерін либералдық сынау реконструкция келісім шарттарын солай деп саналатын вашингтон инсайдерлеріне беруге баса көңіл бөлді
1721,"1963 жылы тоған салынғаннан кейін, тасындылардың жайылуына себеп болатын маусымдық су тасқыны тоқтатылды.",1963 жылы тоған салынғаннан кейін тасымдылардың жайылуына себеп болатын маусымдық су тасқыны тоқтатылды.,1963 жылы тоған салынғаннан кейін тасындылардың жайылуына себеп болатын маусымдық су тасқыны тоқтатылды,1963 жылы тоған салынғаннан кейін тасымдылардың жайылуына себеп болатын маусымдық су тасқыны тоқтатылды
1732,"Оқиғалар Еуропа тарихындағы 11, 12 және 13 ғасырларды қамтитын орта ғасырлардың ортаңғы кезеңінде (б.з. 1000-1300 жылдар) орын алған.",Оқиғалар Еуропа тарихындағы 11-12 және 13-ғасырларды қамтитын ортағасырлардың ортаңғы кесеңінде біздүң замануыздың мыңыншы 1300 жылдары орын алған.,оқиғалар еуропа тарихындағы 11 12 және 13 ғасырларды қамтитын орта ғасырлардың ортаңғы кезеңінде б з 1000 1300 жылдар орын алған,оқиғалар еуропа тарихындағы 11 12 және 13 ғасырларды қамтитын ортағасырлардың ортаңғы кесеңінде біздүң замануыздың мыңыншы 1300 жылдары орын алған
1998,"Олардың қабыршақтары мен тырнақтары бар аяқтары бар, олар жұмыртқалайды және олар тиранозавр сияқты екі артқы аяғында жүреді.","Олардың қабыршақтары мен тырнақтары бар, аяқтары бар. Олар жұмыртқалайды және олар тераназавыр сияқты екі артқы аяғында жүреді.",олардың қабыршақтары мен тырнақтары бар аяқтары бар олар жұмыртқалайды және олар тиранозавр сияқты екі артқы аяғында жүреді,олардың қабыршақтары мен тырнақтары бар аяқтары бар олар жұмыртқалайды және олар тераназавыр сияқты екі артқы аяғында жүреді
1683,"Мұнда осы уақытқа дейін осында өмір сүрген көптеген ерлер мен әйелдер, сондай-ақ жақындары қаза болған немесе соңғы демі қалғанша қызмет еткен еврей, еврей емес тірі адамдар көп.","Мұнда осы уақытқа дейін осында өмір сірген көптеген ерлер мен әйелдер, сондай-ақ жақындары қаза болған немесе соңғы демі қалғанша қызмет еткен евірей, евір емес түрі адамдар көп.",мұнда осы уақытқа дейін осында өмір сүрген көптеген ерлер мен әйелдер сондай ақ жақындары қаза болған немесе соңғы демі қалғанша қызмет еткен еврей еврей емес тірі адамдар көп,мұнда осы уақытқа дейін осында өмір сірген көптеген ерлер мен әйелдер сондай ақ жақындары қаза болған немесе соңғы демі қалғанша қызмет еткен евірей евір емес түрі адамдар көп
1950,Солтүстікке қарай және жақын арада Синтра деген романтикалық және еліктіретін қаласы орналасқан және ол Лорд Байрон оның ғажайыптарын қызық әңгімелегеннен кейін шетелдіктерге әйгілі болды.,"Солтүстікке қарай және жақынарада синтра деген романтикалық және еліктіретін қаласы орналасықан және ол Лорд Байрон, оның қажайыптарын қызық әңгімелегеннен кейін шетелдіктерге әйгілі болды.",солтүстікке қарай және жақын арада синтра деген романтикалық және еліктіретін қаласы орналасқан және ол лорд байрон оның ғажайыптарын қызық әңгімелегеннен кейін шетелдіктерге әйгілі болды,солтүстікке қарай және жақынарада синтра деген романтикалық және еліктіретін қаласы орналасықан және ол лорд байрон оның қажайыптарын қызық әңгімелегеннен кейін шетелдіктерге әйгілі болды
1991,Еуропалық тарихтың осы кезеңінде бай және қуатты болған католик шіркеуі қатаң бақылауға алынды.,Еуропалық тарихтың осы кезеңінде бай және қуатты болған католик шіркеуі қатаң бақылауға алынды.,еуропалық тарихтың осы кезеңінде бай және қуатты болған католик шіркеуі қатаң бақылауға алынды,еуропалық тарихтың осы кезеңінде бай және қуатты болған католик шіркеуі қатаң бақылауға алынды
1670,"""Олардың температуралық сипаттамалары жер бетіндегі тұрақты температураны сақтайтын үлкен үңгірлер сияқты тұрақты емес, бірақ бұл олардың жердегі терең үңгірлерге сәйкес келеді"", - деді Глен Кушинг, АҚШ геологиялық қызметі (USGS) астрогеология тобы және Аризона штатының Флагстафф қаласында орналасқан Солтүстік Аризона университетінің мүшесі Глен Кушинг.","Олардың температуралық сипаттамалары жербетіндегі тұрақты температураны сақтайтын үлкен үңгірлер сияқты тұрақты емес, бірақ бұл олардың жердегі терең үңгірлерге сәйкес келеді», – деді Глен Кушинг. АҚШ геологиялық қызметі USGS, астрология тобы және Аризон аштатының Flagstaff қаласында орналысқан Сұлтсік Аризонның университетінің үшесі Глен Кушинг.",олардың температуралық сипаттамалары жер бетіндегі тұрақты температураны сақтайтын үлкен үңгірлер сияқты тұрақты емес бірақ бұл олардың жердегі терең үңгірлерге сәйкес келеді деді глен кушинг ақш геологиялық қызметі usgs астрогеология тобы және аризона штатының флагстафф қаласында орналасқан солтүстік аризона университетінің мүшесі глен кушинг,олардың температуралық сипаттамалары жербетіндегі тұрақты температураны сақтайтын үлкен үңгірлер сияқты тұрақты емес бірақ бұл олардың жердегі терең үңгірлерге сәйкес келеді деді глен кушинг ақш геологиялық қызметі usgs астрология тобы және аризон аштатының flagstaff қаласында орналысқан сұлтсік аризонның университетінің үшесі глен кушинг
1707,Ол Оңтүстік Африканың негізгі көрнекі жерлерінің бірі болып табылады және Оңтүстік Африка ұлттық парктерінің (SANParks) жетекшісі болып есептеледі.,Ол Оңтүстік Африканың негізгі көрнекі жерлерінің бірі болып табылады және Оңтүстік Африка ұлттық парктерінің Санпаркс жетекшісі болып есептеледі.,ол оңтүстік африканың негізгі көрнекі жерлерінің бірі болып табылады және оңтүстік африка ұлттық парктерінің sanparks жетекшісі болып есептеледі,ол оңтүстік африканың негізгі көрнекі жерлерінің бірі болып табылады және оңтүстік африка ұлттық парктерінің санпаркс жетекшісі болып есептеледі
1891,"Лакша Сингх ""чхаппан бхог"" (елу алты дегенді білдіреді) өлеңін ұсынды. Ол әнді әнші Раджу Ханделвалмен бірге орындады.","Лакша Синкші Шхаппен Бұхох елу-алты дегенді білдіреді, өленін ұсынады, ол әнді әнші Раджу Хандел-Валмен бірге орындады.",лакша сингх чхаппан бхог елу алты дегенді білдіреді өлеңін ұсынды ол әнді әнші раджу ханделвалмен бірге орындады,лакша синкші шхаппен бұхох елу алты дегенді білдіреді өленін ұсынады ол әнді әнші раджу хандел валмен бірге орындады
1688,"Теңіз әскери күштерінің жұмысы дәстүр бойынша елдің адамдарды және тауарларды жылжыту қабілетін сақтау, сонымен бірге жаудың өз адамдары мен тауарларын жылжыту қабілетіне кедергі жасау болатын.","Теңіз әскери күштерінің жұнысы дәстүр бойынша елдің адамдарды және тауырларды жылжыту қабілетін сақтау, сонымен бірге жаудың өз адамдары мен тауырларын жылжыту қабілетіне кедергі жасауы болатын.",теңіз әскери күштерінің жұмысы дәстүр бойынша елдің адамдарды және тауарларды жылжыту қабілетін сақтау сонымен бірге жаудың өз адамдары мен тауарларын жылжыту қабілетіне кедергі жасау болатын,теңіз әскери күштерінің жұнысы дәстүр бойынша елдің адамдарды және тауырларды жылжыту қабілетін сақтау сонымен бірге жаудың өз адамдары мен тауырларын жылжыту қабілетіне кедергі жасауы болатын
1887,"Лиггинс ауруханада жұмыс істей бастағанда, бос уақытында мерзімінен бұрын босануды зерттей бастады.",Лигенц ауруханада жұмыс істей басталан бос уақытында мерзімінен бұрын босауында зертей бастады.,лиггинс ауруханада жұмыс істей бастағанда бос уақытында мерзімінен бұрын босануды зерттей бастады,лигенц ауруханада жұмыс істей басталан бос уақытында мерзімінен бұрын босауында зертей бастады
1930,"Алты тұтқын, соның ішінде балалар және қариялар, сонымен бірге филиппиндік фотографтар ерте жіберілді.","Алты тұтқын, соның ішінде балалар және қариялар, сонымен бірге пельфиндік фотографтар ерте жіберілді.",алты тұтқын соның ішінде балалар және қариялар сонымен бірге филиппиндік фотографтар ерте жіберілді,алты тұтқын соның ішінде балалар және қариялар сонымен бірге пельфиндік фотографтар ерте жіберілді
1703,Мартелли кеше тоғыз мүшеден тұратын жаңа уақытша сайлау кеңесінің (CEP) алдында ант берді.,Мортели кеше Тоғыз мүшеден тұратын жаңау уақытша сайлау кинесінің сеп алында антперді.,мартелли кеше тоғыз мүшеден тұратын жаңа уақытша сайлау кеңесінің cep алдында ант берді,мортели кеше тоғыз мүшеден тұратын жаңау уақытша сайлау кинесінің сеп алында антперді
2002,Бұл ойыншыларға бейне ойындардағы әрекеттер мен қозғалыстарды құрылғыны ауада қозғалту арқылы басқаруға мүмкіндік береді.,Бұл ойыншыларға бейне ойындардағы әрекеттер мен қозғалыстарды құрылғына ауада қозғалту арқылы басқаруға мүмкіндік береді.,бұл ойыншыларға бейне ойындардағы әрекеттер мен қозғалыстарды құрылғыны ауада қозғалту арқылы басқаруға мүмкіндік береді,бұл ойыншыларға бейне ойындардағы әрекеттер мен қозғалыстарды құрылғына ауада қозғалту арқылы басқаруға мүмкіндік береді
2009,"Ең оңай қол жеткізуге болаты өсімдік ресурстарына жапырақтар мен бұршақтарда қолжетімді ақуыздар болды, бірақ әзірлемесе, олар біз сияқты приматтар үшін қорытуға қиын.","Ең оңай қолжеткізге болаты өсімдік ресустарына жапырақтар мен ұбұршақтарда қолжетімді ақуыздар болды, бірақ әзірлемесе олар біз сияқты приматтар үшін қортуға қиын.",ең оңай қол жеткізуге болаты өсімдік ресурстарына жапырақтар мен бұршақтарда қолжетімді ақуыздар болды бірақ әзірлемесе олар біз сияқты приматтар үшін қорытуға қиын,ең оңай қолжеткізге болаты өсімдік ресустарына жапырақтар мен ұбұршақтарда қолжетімді ақуыздар болды бірақ әзірлемесе олар біз сияқты приматтар үшін қортуға қиын
1905,"Молдованың астанасы — Кишинев. Жергілікті тілі — румын тілі, бірақ орыс тілі кеңінен пайдаланылады.","Молдованың астанасы Кешиниов «жергілікті тілі» румын тілі, бірақ орыс тілі кеңінен пайдаланылады.",молдованың астанасы кишинев жергілікті тілі румын тілі бірақ орыс тілі кеңінен пайдаланылады,молдованың астанасы кешиниов жергілікті тілі румын тілі бірақ орыс тілі кеңінен пайдаланылады
1680,"Жақсы атлет жолбарыс өрмелей (бірақ жақсы емес), жүзе, үлкен қашықтықтарға секіре және күшті адамнан бес есе көбірек күшпен тартыла алады.","Жақсы атлет жолбарыс өрмелей, бірақ жақсы емес, жүзе, үлкен қашықтырға, қашықтырға, секіре және күшті адамнан бес есе көбірек күшпен тартыла алады.",жақсы атлет жолбарыс өрмелей бірақ жақсы емес жүзе үлкен қашықтықтарға секіре және күшті адамнан бес есе көбірек күшпен тартыла алады,жақсы атлет жолбарыс өрмелей бірақ жақсы емес жүзе үлкен қашықтырға қашықтырға секіре және күшті адамнан бес есе көбірек күшпен тартыла алады
1679,Aerosmith турында қалған концерттерінен бас тартты.,Айросмит турында қалған концерттерінен бас тартты.,aerosmith турында қалған концерттерінен бас тартты,айросмит турында қалған концерттерінен бас тартты
1823,«Жол қозғалысының ағыны» – жеке жүргізушілердің және көліктердің екі нүкте арасындағы қозғалысын және олардың бір бірімен өзара әрекеттесулерін зерттеу.,"Жол қозғалысының ағыны, жекет жүргізушілердің және көліктердің екі нүкте арасындағы қозғалысын және олардың бір-бірмен өзірі әрекетте сөулерін зерттеу.",жол қозғалысының ағыны жеке жүргізушілердің және көліктердің екі нүкте арасындағы қозғалысын және олардың бір бірімен өзара әрекеттесулерін зерттеу,жол қозғалысының ағыны жекет жүргізушілердің және көліктердің екі нүкте арасындағы қозғалысын және олардың бір бірмен өзірі әрекетте сөулерін зерттеу
2005,Бірақ құстарда динозаврдікіне ұқсайтын көп нәрселер әлі де бар.,Бірақ құстарда динозаврдыкіне ұқсайтын көп нәрселері әлі де бар.,бірақ құстарда динозаврдікіне ұқсайтын көп нәрселер әлі де бар,бірақ құстарда динозаврдыкіне ұқсайтын көп нәрселері әлі де бар
1780,"Кундалини йога көмегімен Кундалини энергиясы (ағарту энергиясы) йога позалары, тыныс алу жаттығулары мантра және визуализация арқылы оянады.","Кундалини – Йога көмегімен Кундалини энергиясы, ағарту энергиясы, Йога позалары, тың салу жаттығулары мантра және визуализация арқылы оянады.",кундалини йога көмегімен кундалини энергиясы ағарту энергиясы йога позалары тыныс алу жаттығулары мантра және визуализация арқылы оянады,кундалини йога көмегімен кундалини энергиясы ағарту энергиясы йога позалары тың салу жаттығулары мантра және визуализация арқылы оянады
1926,"Аристотельдің ғылымның барлық мәселелеріне, оның ішінде психологияға көзқарасы қабылданды.",Арист отельдің ғылымының барлық мәселелеріне оның ішінде психологияға көзқарасы қабылданды.,аристотельдің ғылымның барлық мәселелеріне оның ішінде психологияға көзқарасы қабылданды,арист отельдің ғылымының барлық мәселелеріне оның ішінде психологияға көзқарасы қабылданды
1996,Австралиялық Митчелл Горли ерлердің тұрып тұратын Super-G жарысында он бірінші болып мәреге жетті. Чех бәсекелес Олдрич Джелинек ерлердің отыратын Super-G жарысында он алтыншы болып мәреге жетті.,"Австралиялық Митчел Горли ерлердің тұрыптұратын Суперджи жарысында он бірінші болып мәреге жетті, чеқпі секелес ұлдыш желінік ерлердің отыратын Суперджи жарысында он алтыншы болып мәреге жетті.",австралиялық митчелл горли ерлердің тұрып тұратын super g жарысында он бірінші болып мәреге жетті чех бәсекелес олдрич джелинек ерлердің отыратын super g жарысында он алтыншы болып мәреге жетті,австралиялық митчел горли ерлердің тұрыптұратын суперджи жарысында он бірінші болып мәреге жетті чеқпі секелес ұлдыш желінік ерлердің отыратын суперджи жарысында он алтыншы болып мәреге жетті
1865,Санкт-Петербургтегі круиздерге қаладағы уақыт кіреді. Круиз жолаушылары виза режиміндегі талаптардан азат етілген (талаптарды көріп шығыңыз).,Санкт-Петер бүктегі күріздерге қаладағы уақыт кіреді. Күрез жылушылары виза режиміндегі талаптардан азат етілген талаптарды көріп шығыныз.,санкт петербургтегі круиздерге қаладағы уақыт кіреді круиз жолаушылары виза режиміндегі талаптардан азат етілген талаптарды көріп шығыңыз,санкт петер бүктегі күріздерге қаладағы уақыт кіреді күрез жылушылары виза режиміндегі талаптардан азат етілген талаптарды көріп шығыныз
1791,Құрылыс орындарын граффити сызу арқылы бүлдірмеңіз.,Құрылыс орындарын граффитесізу арқылы білдірмеңіз.,құрылыс орындарын граффити сызу арқылы бүлдірмеңіз,құрылыс орындарын граффитесізу арқылы білдірмеңіз
1709,Бұл есеп жетекшінің Иракқа қатысты ағымдағы саясатының әрбір аспектісін қатты сынайды және бағытты дереу өзгертуге шақырады.,Бұл есеп жетекшінің Ираққа қатысты ағымдағы саясатының әрбір аспектісін қаттысынайды және бағытты дереу өзгертуге шахырады.,бұл есеп жетекшінің иракқа қатысты ағымдағы саясатының әрбір аспектісін қатты сынайды және бағытты дереу өзгертуге шақырады,бұл есеп жетекшінің ираққа қатысты ағымдағы саясатының әрбір аспектісін қаттысынайды және бағытты дереу өзгертуге шахырады
1734,Ғалымдар қара материя басқа қара материяға қарапайым материя сияқты әсер етеді деп тұжырымдай алды.,Ғалымдар қараматерия басқа қараматерияға қарапайым материясы еқті әсер етеді деп тұжырымдай алды.,ғалымдар қара материя басқа қара материяға қарапайым материя сияқты әсер етеді деп тұжырымдай алды,ғалымдар қараматерия басқа қараматерияға қарапайым материясы еқті әсер етеді деп тұжырымдай алды
1836,"Адамдар ежелден алтын, күміс және мыс сияқты негізгі химиялық элементтер туралы білді, өйткені олардың барлығын табиғатта табиғи түрде табуға болады және қарапайым құралдармен өндіру салыстырмалы түрде оңай.","Адамдар ешелден алтын күміс және мыс сияқты негізгі химиялық элементтер туралы білді, өйткені олардың барлығын табиғатта табиғи түрде тауыға болады және қарапайым құралдармен өндіру салыстырмалы түрде оңай.",адамдар ежелден алтын күміс және мыс сияқты негізгі химиялық элементтер туралы білді өйткені олардың барлығын табиғатта табиғи түрде табуға болады және қарапайым құралдармен өндіру салыстырмалы түрде оңай,адамдар ешелден алтын күміс және мыс сияқты негізгі химиялық элементтер туралы білді өйткені олардың барлығын табиғатта табиғи түрде тауыға болады және қарапайым құралдармен өндіру салыстырмалы түрде оңай
1752,"Нәтижесінде балықтың екі түрі жойылып кетті, ал қалған екеуіне жойылып кету қаупі төнді, оның ішінде бүкір балық та бар.","Нәтижесінде балықтың екі түрі жойылып кетті, ал қалған екеуіне жойылып кету қаупі төнді, оның ішінде бүкір балықта бар.",нәтижесінде балықтың екі түрі жойылып кетті ал қалған екеуіне жойылып кету қаупі төнді оның ішінде бүкір балық та бар,нәтижесінде балықтың екі түрі жойылып кетті ал қалған екеуіне жойылып кету қаупі төнді оның ішінде бүкір балықта бар
1712,1966 жылдан бері Сундарбан жабайы жануарлар қорығы болған. Есептеулер бойынша қазіргі уақыта бұл аумақта 400 корольдік бенгал жолбарысы және шамамен 30 000 дақты бұғы бар.,"1966 жылдан бері, сундарбан жабайы жануарлар, қорғы болған, есептеулер бойынша қазіргі уақытта бұл аумақта 400 корольдік бен галжол барысы және шамамен 30 000-дақты бұғыл бар.",1966 жылдан бері сундарбан жабайы жануарлар қорығы болған есептеулер бойынша қазіргі уақыта бұл аумақта 400 корольдік бенгал жолбарысы және шамамен 30 000 дақты бұғы бар,1966 жылдан бері сундарбан жабайы жануарлар қорғы болған есептеулер бойынша қазіргі уақытта бұл аумақта 400 корольдік бен галжол барысы және шамамен 30 000 дақты бұғыл бар
1942,Біз үйлерімізді өсімдіктерден жасаймыз және киімдерді өсімдіктерден жасаймыз. Біз жейтін тамақтардың көпшілігі өсімдіктер болып табылады. Өсімдіктерсіз жануарлар тірі қалмайтын еді.,Біз үйлерімізді өсімдіктерден жасаймыз және киімдерді өсімдіктерден жасаймыз. Біз жейтін тамақтардың көпшілігі өсімдіктер болып табылады. өсімдіктерсіз жануарлар тірі қалмайтын еді.,біз үйлерімізді өсімдіктерден жасаймыз және киімдерді өсімдіктерден жасаймыз біз жейтін тамақтардың көпшілігі өсімдіктер болып табылады өсімдіктерсіз жануарлар тірі қалмайтын еді,біз үйлерімізді өсімдіктерден жасаймыз және киімдерді өсімдіктерден жасаймыз біз жейтін тамақтардың көпшілігі өсімдіктер болып табылады өсімдіктерсіз жануарлар тірі қалмайтын еді
2005,Бірақ құстарда динозаврдікіне ұқсайтын көп нәрселер әлі де бар.,Бірақ құстарда динозавр дікәне ұқсайтын көп нәрселер әлі де бар.,бірақ құстарда динозаврдікіне ұқсайтын көп нәрселер әлі де бар,бірақ құстарда динозавр дікәне ұқсайтын көп нәрселер әлі де бар
1682,"Оны кім жазғанын ешкім дәл білмегенімен, өмірінің басында үлкен пергамент құжат (оның өлшемі: 29¾ дюйм х 24½ дюйм) сақтау үшін оралғаны белгілі.","Оны кімжазғанын ешкім дәл білмегенімен, өмірнің басында үлкен прагамент құжат. Оның өлшемі 29 бітін 3 дюйм, көветілген 24 бітін 2-1 дюйм сақтау үшін оралғаны белгілі.",оны кім жазғанын ешкім дәл білмегенімен өмірінің басында үлкен пергамент құжат оның өлшемі 293 4 дюйм х 241 2 дюйм сақтау үшін оралғаны белгілі,оны кімжазғанын ешкім дәл білмегенімен өмірнің басында үлкен прагамент құжат оның өлшемі 29 бітін 3 дюйм көветілген 24 бітін 2 1 дюйм сақтау үшін оралғаны белгілі
1726,Далаға сапарлар кез келген сынып бөлмесінің үлкен бөлігі болып табылады. Мұғалім оқушыларды автобуспен бару мүмкін емес жерлерге апарғысы келетіні айтарлықтай жиі боалды.,"Далаға сапарлар кез келген сынып бөлмесінің үлкен бөлігі болып табылады, мұғалім оқушыларды автобыспен бару мүмкін емес жердеге апарғысы келетін айтарлықтай жиі болады.",далаға сапарлар кез келген сынып бөлмесінің үлкен бөлігі болып табылады мұғалім оқушыларды автобуспен бару мүмкін емес жерлерге апарғысы келетіні айтарлықтай жиі боалды,далаға сапарлар кез келген сынып бөлмесінің үлкен бөлігі болып табылады мұғалім оқушыларды автобыспен бару мүмкін емес жердеге апарғысы келетін айтарлықтай жиі болады
1893,"Сундарбандар - әлемдегі ең үлкен жағалаудағы мангр тоғайының белдеуі, жағалаудан Бангладеш пен Үндістанның ішкі аудандарына дейін 80 км (50 миль) созылып жатыр.",Сумдарбандар әлемдегі ең үлкен жағалаудағы мангер тоғайының белдеуі. Жағалаудан бангыладешпен Үндістанның ішкі аудандарына дейін 80 км елу мил созылып жатыр.,сундарбандар әлемдегі ең үлкен жағалаудағы мангр тоғайының белдеуі жағалаудан бангладеш пен үндістанның ішкі аудандарына дейін 80 км 50 миль созылып жатыр,сумдарбандар әлемдегі ең үлкен жағалаудағы мангер тоғайының белдеуі жағалаудан бангыладешпен үндістанның ішкі аудандарына дейін 80 км елу мил созылып жатыр
1853,"Джанкарло Фисичелла көлігін басқаруды жоғалтып, жарысты старттан кейін көп ұзамай аяқтады.","Жанн Карло Фисичелла көлігін басқаруды жоғалдып, жарысты стартан кейін көп замай аяқтады.",джанкарло фисичелла көлігін басқаруды жоғалтып жарысты старттан кейін көп ұзамай аяқтады,жанн карло фисичелла көлігін басқаруды жоғалдып жарысты стартан кейін көп замай аяқтады
1951,"2002 жылы Гома қаласының көптеген көшелерін, әсіресе қала орталығындағы көшелері Нирагонго жанартауынан аққан лавамен жойылды.","2002 жылы Гома қаласын көптеген көшелерін, әсіресе қала орталығындағы көшелері Нирагонға жанартауына наққан лабамен жойылды.",2002 жылы гома қаласының көптеген көшелерін әсіресе қала орталығындағы көшелері нирагонго жанартауынан аққан лавамен жойылды,2002 жылы гома қаласын көптеген көшелерін әсіресе қала орталығындағы көшелері нирагонға жанартауына наққан лабамен жойылды
1885,"22:00-23: 00 аралығында (MDT), аулада тұрған сотталғандай өрт шығарды.",22.00 23.00 аралығында Мдт аулада тұрған сотталғандай өрт шығарды.,22 00 23 00 аралығында mdt аулада тұрған сотталғандай өрт шығарды,22 00 23 00 аралығында мдт аулада тұрған сотталғандай өрт шығарды
1956,Тауарларды тасымалдау үшін кемелерді пайдалану әзірше адамдардың және тауарлардың үлкен мөлшерлерін мұхиттарда жылжытудың ең тиімді жолы болып табылады.,Тауарларды тасымалдау үшін кемелерді пайдалану әзірші адамдардың және тауарлардың үлкен мөлшерлерін мұхиттарда жылыстудың ең тиімді жолып алып табылады.,тауарларды тасымалдау үшін кемелерді пайдалану әзірше адамдардың және тауарлардың үлкен мөлшерлерін мұхиттарда жылжытудың ең тиімді жолы болып табылады,тауарларды тасымалдау үшін кемелерді пайдалану әзірші адамдардың және тауарлардың үлкен мөлшерлерін мұхиттарда жылыстудың ең тиімді жолып алып табылады
2001,"Саяхаттаушыларға өз аумағына әсер ететін ауыр ауа райының кез келген қаупі туралы хабардар болу туралы кеңес беріледі, өйткені олар барлық саяхаттау туралы жоспарларға әсер етуі мүмкін.","Саяхаттаушыларға өз аумағына әсер ететін ауыр ауа райының кез келген қаупі туралы хабардар болу туралы кеңес беріледі, өйткені олар барлық саяхаттау туралы жоспарларға әсер етуі мүмкін.",саяхаттаушыларға өз аумағына әсер ететін ауыр ауа райының кез келген қаупі туралы хабардар болу туралы кеңес беріледі өйткені олар барлық саяхаттау туралы жоспарларға әсер етуі мүмкін,саяхаттаушыларға өз аумағына әсер ететін ауыр ауа райының кез келген қаупі туралы хабардар болу туралы кеңес беріледі өйткені олар барлық саяхаттау туралы жоспарларға әсер етуі мүмкін
2002,Бұл ойыншыларға бейне ойындардағы әрекеттер мен қозғалыстарды құрылғыны ауада қозғалту арқылы басқаруға мүмкіндік береді.,Бұл ойыншыларға бейне ойындардағы әрекеттер мен қозғалыстарды құрылғыны ауада қозғалту арқылы басқаруға мүмкіндік береді.,бұл ойыншыларға бейне ойындардағы әрекеттер мен қозғалыстарды құрылғыны ауада қозғалту арқылы басқаруға мүмкіндік береді,бұл ойыншыларға бейне ойындардағы әрекеттер мен қозғалыстарды құрылғыны ауада қозғалту арқылы басқаруға мүмкіндік береді
1807,"Итальян тілі мемлекетте жұмыс істейтіндердің көпшілігі қолданатын күнделікті тілі, ал латын тілі діни рәсімдерде жиі қолданылады.","Итальян тілі мемлекетте жұмыс істейтіндердің көпшілігі қолданатын күңделікті тілі, аулатын тілі тіни әсімдерде жиі қолданылады.",итальян тілі мемлекетте жұмыс істейтіндердің көпшілігі қолданатын күнделікті тілі ал латын тілі діни рәсімдерде жиі қолданылады,итальян тілі мемлекетте жұмыс істейтіндердің көпшілігі қолданатын күңделікті тілі аулатын тілі тіни әсімдерде жиі қолданылады
1826,"Апаттан соң Гибсон ауруханаға жеткізілді, бірақ аз уақыт өтпей қайтыс болды.","Апаттан соң Гипсон ауруханаға жеткізілді, бірақ ас уақыт өтпей қайтыс болды.",апаттан соң гибсон ауруханаға жеткізілді бірақ аз уақыт өтпей қайтыс болды,апаттан соң гипсон ауруханаға жеткізілді бірақ ас уақыт өтпей қайтыс болды
2006,"Кальций және калий сияқты элементтер металдар болып саналады. Әрине, күміс және алтын сияқты металдар да бар.","Кальций және калий сияқты элементтер металлдар болып саналады. Әрине, күміз және алтын сияқты металлдарда бар.",кальций және калий сияқты элементтер металдар болып саналады әрине күміс және алтын сияқты металдар да бар,кальций және калий сияқты элементтер металлдар болып саналады әрине күміз және алтын сияқты металлдарда бар
1761,Кейінірек дәретханаға сұранған егде жастағы әйелдің орнын фотографтар алмастырды. Мендоза атып тасталынды.,Кейінірек дәретханаға сұраңған егде жастағы әйелдің орнын фотографтор алмастырды «миндоза» атып тасталынды.,кейінірек дәретханаға сұранған егде жастағы әйелдің орнын фотографтар алмастырды мендоза атып тасталынды,кейінірек дәретханаға сұраңған егде жастағы әйелдің орнын фотографтор алмастырды миндоза атып тасталынды
1957,Ол сыбыстарды «саяси әңгімелер мен ақымақтық» деп есептеді.,Ол сыбыстарды саяси әңгмелер мен ақмақтық деп есепкейді.,ол сыбыстарды саяси әңгімелер мен ақымақтық деп есептеді,ол сыбыстарды саяси әңгмелер мен ақмақтық деп есепкейді
1997,Алайда туберкулезбен ауыратын адамдардың бүкіл тобындағы XDR-ТБ пайызы әлі де төмен болып көрінеді; Оңтүстік Африкада әрбір сәтте жалпы 330 000 адамның 6 мыңы ауру жұқтырады.,Алайда туберкілісбен ауыратын адамдардың бүкіл тобындағы XDR-TB пайызы әлі де төмен болып көрінеді. Оңтүстік Африкада әрбір сетте жалпы 330 000 адамның 6 000-ы ауыру жұқтырады.,алайда туберкулезбен ауыратын адамдардың бүкіл тобындағы xdr тб пайызы әлі де төмен болып көрінеді оңтүстік африкада әрбір сәтте жалпы 330 000 адамның 6 мыңы ауру жұқтырады,алайда туберкілісбен ауыратын адамдардың бүкіл тобындағы xdr tb пайызы әлі де төмен болып көрінеді оңтүстік африкада әрбір сетте жалпы 330 000 адамның 6 000 ы ауыру жұқтырады
2008,Балидегі күн тәртібіндегі басқа тақырыптарға әлемнің қалған ормандарын сақтау және дамушы елдерге азырақ ластайтын жолмен өсуіне көмектесу үшін технологияларды бөлісу кіреді.,Валейдегі күн тәртігіндегі басқа тақырыптарға әлемнің қалған нормандарын сақтау және дамушы елдерге азырақ ластайтын жолмен өсуіне көмептесу үшін технологияларды бөлісу кіреді.,балидегі күн тәртібіндегі басқа тақырыптарға әлемнің қалған ормандарын сақтау және дамушы елдерге азырақ ластайтын жолмен өсуіне көмектесу үшін технологияларды бөлісу кіреді,валейдегі күн тәртігіндегі басқа тақырыптарға әлемнің қалған нормандарын сақтау және дамушы елдерге азырақ ластайтын жолмен өсуіне көмептесу үшін технологияларды бөлісу кіреді
1690,"USOC ұйымының атлеттердің және клубтардың әрі олардың спорт түрлерінің мүдделеріне лицензиядан айыру орнына, ұйымымызда мағыналы өзгеріс жасау арқылы жақсырақ қызмет көрсетуге болатынымен келіседі.",USOC ұйымының атлеттердің және клубтардың әрі олардың спорт түрлерінің мүдделеріне лицензиядан айыру орнына ұйымымызда мағыналы өзгеріші сау арқылы жақсырақ қызмет көрсетуге боладынымен келіседі.,usoc ұйымының атлеттердің және клубтардың әрі олардың спорт түрлерінің мүдделеріне лицензиядан айыру орнына ұйымымызда мағыналы өзгеріс жасау арқылы жақсырақ қызмет көрсетуге болатынымен келіседі,usoc ұйымының атлеттердің және клубтардың әрі олардың спорт түрлерінің мүдделеріне лицензиядан айыру орнына ұйымымызда мағыналы өзгеріші сау арқылы жақсырақ қызмет көрсетуге боладынымен келіседі
1850,"Бұл оған егер базалық станцияда екі радио болса, 802.1 a, 802.11b және 802.11g ережелерімен қайта үйлесімді болуға мүмкіндік береді.","Бұл оған егер базалық станцияда егі радио болса, 802,2 бұтын оннан 1 a-802,11 b- және 102,2 бұтын 11b-гі ережелермен қайта үйлесімді болуға мүмкіндік береді.",бұл оған егер базалық станцияда екі радио болса 802 1 a 802 11b және 802 11g ережелерімен қайта үйлесімді болуға мүмкіндік береді,бұл оған егер базалық станцияда егі радио болса 802 2 бұтын оннан 1 a 802 11 b және 102 2 бұтын 11b гі ережелермен қайта үйлесімді болуға мүмкіндік береді
1995,"Виртуалдық дамытатын оқыту бағдарламалық құралға кірістірілген. Олар оқушының өз бетімен түсінуіне қиын болған болуы мүмкін процедуралар туралы сұрақтар қоюға, кеңестер беруге және түсіндіруге арналған.","Виртуалдық тамтатын оқту бағдарламалық құрылға кірістірілген, олар оқушының өзбетімен түсінуіне қиын болған болуы мүмкін працидуралы туралы сұрақтар қоюға кеңестер беруге және түсіндіруге арналған.",виртуалдық дамытатын оқыту бағдарламалық құралға кірістірілген олар оқушының өз бетімен түсінуіне қиын болған болуы мүмкін процедуралар туралы сұрақтар қоюға кеңестер беруге және түсіндіруге арналған,виртуалдық тамтатын оқту бағдарламалық құрылға кірістірілген олар оқушының өзбетімен түсінуіне қиын болған болуы мүмкін працидуралы туралы сұрақтар қоюға кеңестер беруге және түсіндіруге арналған
1672,Матаның тым ыстық болуына жол бермеңіз (бұл қысқаруға немесе күюіне себеп болуы мүмкін).,Матаның тымыстық болуына жол бермеңіз. Бұл қысқаруға немесе күйіне себеп болуы мүмкін.,матаның тым ыстық болуына жол бермеңіз бұл қысқаруға немесе күюіне себеп болуы мүмкін,матаның тымыстық болуына жол бермеңіз бұл қысқаруға немесе күйіне себеп болуы мүмкін
1992,"«Сафари» терминінің кең таралған мағынасы Африканың таң қалдыратын жабайы табиғатын, әсіресе саваннаны көруге жер бетімен саяхаттауды білдіреді.","Сафари терминінің кең таралған мағынасы, Африканың таң қалдыратын жабайы табиғатын, әсіресе Савананы көруге жер бетімен саяхаттауды білдіреді.",сафари терминінің кең таралған мағынасы африканың таң қалдыратын жабайы табиғатын әсіресе саваннаны көруге жер бетімен саяхаттауды білдіреді,сафари терминінің кең таралған мағынасы африканың таң қалдыратын жабайы табиғатын әсіресе савананы көруге жер бетімен саяхаттауды білдіреді
1750,Сондай-ақ бұл ашу құстар қауырсындарының эволюциясына көрініс береді.,Сондай-ақ бұл ашуықүстір қауірсындарының эволюциясына көрін спереді.,сондай ақ бұл ашу құстар қауырсындарының эволюциясына көрініс береді,сондай ақ бұл ашуықүстір қауірсындарының эволюциясына көрін спереді
1738,Сондай-ақ ол суға кірген кез келген нәрсеге шабуылдайтын; тіпті тиранозавр сияқты алып динозавр да оған тең келмейтін.,Сондай-ақ ол суға кірген кез келген нәрсеге шабуылдайтын тіпті теранозавр сияқты алып динозаврда оған тең кермейдін.,сондай ақ ол суға кірген кез келген нәрсеге шабуылдайтын тіпті тиранозавр сияқты алып динозавр да оған тең келмейтін,сондай ақ ол суға кірген кез келген нәрсеге шабуылдайтын тіпті теранозавр сияқты алып динозаврда оған тең кермейдін
1995,"Виртуалдық дамытатын оқыту бағдарламалық құралға кірістірілген. Олар оқушының өз бетімен түсінуіне қиын болған болуы мүмкін процедуралар туралы сұрақтар қоюға, кеңестер беруге және түсіндіруге арналған.",Виртуалдық дамытатын оқыту бақтарламалық құралға кірістірілген. Олар оқушының өз бетімен түсінуіне қиын болған болуы мүмкін процедуралар туралы сұрақтар қойуға кеңестер беруге және түсіндіруге арналған.,виртуалдық дамытатын оқыту бағдарламалық құралға кірістірілген олар оқушының өз бетімен түсінуіне қиын болған болуы мүмкін процедуралар туралы сұрақтар қоюға кеңестер беруге және түсіндіруге арналған,виртуалдық дамытатын оқыту бақтарламалық құралға кірістірілген олар оқушының өз бетімен түсінуіне қиын болған болуы мүмкін процедуралар туралы сұрақтар қойуға кеңестер беруге және түсіндіруге арналған
1884,Атап айтқанда адамның бетіндегі микро өзгерістерді түсіндіру арқылы оның өтірік айтуын анықтауға болады.,Атап айтқанда адамның бетіндегі микро өзкерістерді түсіндіру арқылы оның өтірік айтуын анықтауға болады.,атап айтқанда адамның бетіндегі микро өзгерістерді түсіндіру арқылы оның өтірік айтуын анықтауға болады,атап айтқанда адамның бетіндегі микро өзкерістерді түсіндіру арқылы оның өтірік айтуын анықтауға болады
1759,"29 жасар д-р Малар Баласубраманиан, Цинциннатиден шамамен 15 миля солтүстікке қарай орналасқан Огайо, Блю Эште табылды. Ол жолдың бойында жерде футболкада және ішкиімде жатты. Ол көп дәрі ішкен күйде болып көрінді.","29 жасар дыры малар Валасувра Маниан Цинциньятиден шамамен 15 миля солтүстікке қарай орналысқан Агайя, Блюэште табылды. Ол жолдың бойынды, жерде футбол када және ішкіімде жатты. Ол көп дәрі ішкенгюде болып көрінді.",29 жасар д р малар баласубраманиан цинциннатиден шамамен 15 миля солтүстікке қарай орналасқан огайо блю эште табылды ол жолдың бойында жерде футболкада және ішкиімде жатты ол көп дәрі ішкен күйде болып көрінді,29 жасар дыры малар валасувра маниан цинциньятиден шамамен 15 миля солтүстікке қарай орналысқан агайя блюэште табылды ол жолдың бойынды жерде футбол када және ішкіімде жатты ол көп дәрі ішкенгюде болып көрінді
1755,Бір бомба генерал-губернатор кеңсесінің сыртында жарылды.,Бір бомба генерал-губернатор кеңісесінің сықтында жарылды.,бір бомба генерал губернатор кеңсесінің сыртында жарылды,бір бомба генерал губернатор кеңісесінің сықтында жарылды
1874,"Кейбір адамдар оныкі дұрыс деп ойлады, бірақ көп адам қарама-қарсы нәрсеге сенді; күн жүйесі, соның ішінде күн (және тіпті басқа жұлдыздар) жерді айналды деп ойлады.","Кейбір адамдар оныкі дұрыс деп ойлады, бірақ көп адам қарамағарысы нәрсеге сенді. Күн жүйесі, соның ішінде күн және тіпті басқажылдыздар жерді айналды деп ойлады.",кейбір адамдар оныкі дұрыс деп ойлады бірақ көп адам қарама қарсы нәрсеге сенді күн жүйесі соның ішінде күн және тіпті басқа жұлдыздар жерді айналды деп ойлады,кейбір адамдар оныкі дұрыс деп ойлады бірақ көп адам қарамағарысы нәрсеге сенді күн жүйесі соның ішінде күн және тіпті басқажылдыздар жерді айналды деп ойлады
1913,"Жолбарыстың ақыруы арыстанның бар күшімен ақыруына ұқсамайды, ол ақырып қатты айтқан сөздерге көбірек ұқсайды.","Жолбарыстың ақыруы арыстанның бар күшімен ақыруына ұқсамайды, ол ақырып қатты айтқан сөздерге көбірек ұқсайды.",жолбарыстың ақыруы арыстанның бар күшімен ақыруына ұқсамайды ол ақырып қатты айтқан сөздерге көбірек ұқсайды,жолбарыстың ақыруы арыстанның бар күшімен ақыруына ұқсамайды ол ақырып қатты айтқан сөздерге көбірек ұқсайды
1881,Виртуалды түрде экскурсияны көрсету де экскурсия туралы пікір жинау және келешек сабақтарда тәжірибемен алмасу үшін керемет мүмкіндік.,Виртуалды түрде экскурсияны көрсету де экскурсия туралы Пікарджинау және келешек сабақтарда тежірбемен алмасу үшін кереметі мүкіндік.,виртуалды түрде экскурсияны көрсету де экскурсия туралы пікір жинау және келешек сабақтарда тәжірибемен алмасу үшін керемет мүмкіндік,виртуалды түрде экскурсияны көрсету де экскурсия туралы пікарджинау және келешек сабақтарда тежірбемен алмасу үшін кереметі мүкіндік
1665,Жылыстаған мәліметтерге сәйкес құжат 1967 жылғы Таяу Шығыс соғысына дейінгі шекаралары негізінде Палестина қалайтын шекаралар дауына қатысты болады.,Жылыстаған мәліметтерге сәйкес құжат1965 жылғы таяу шығыс соғысына дейінге шекаралары негізінен Палестина қалайтын шекаралар дауына қатысты болады.,жылыстаған мәліметтерге сәйкес құжат 1967 жылғы таяу шығыс соғысына дейінгі шекаралары негізінде палестина қалайтын шекаралар дауына қатысты болады,жылыстаған мәліметтерге сәйкес құжат1965 жылғы таяу шығыс соғысына дейінге шекаралары негізінен палестина қалайтын шекаралар дауына қатысты болады
1897,"Аймақ солтүстігінде Сахельмен шекаралас, ал оңтүстігі мен батысында Атлант мұхитымен шектеседі.","Аймаң құсылтүстігінде сахелумен шекаралас, ал оңтүстігімен батысында атлант мұхитімен шектеседі.",аймақ солтүстігінде сахельмен шекаралас ал оңтүстігі мен батысында атлант мұхитымен шектеседі,аймаң құсылтүстігінде сахелумен шекаралас ал оңтүстігімен батысында атлант мұхитімен шектеседі
1859,Орта ғасырлардың соңына қарай Батыс Еуропа өз стилін дамыта бастады. Бұл уақыттағы кірескерлердің нәтижесіндегі ең үлкен дамуларының бірі болып адамдардың киімін жабу үшін түймелерді пайдалануы табылады.,Ортағасырлардың соңына қарай Батыс Еуропа өз тилін дамыта бастады. Бұл уақыттағы крескелердің нәтижесіндегі ең үлкен дамуларының бірі болып адамдардың кейімін жабу үшін түймелерді пайдалануы табылады.,орта ғасырлардың соңына қарай батыс еуропа өз стилін дамыта бастады бұл уақыттағы кірескерлердің нәтижесіндегі ең үлкен дамуларының бірі болып адамдардың киімін жабу үшін түймелерді пайдалануы табылады,ортағасырлардың соңына қарай батыс еуропа өз тилін дамыта бастады бұл уақыттағы крескелердің нәтижесіндегі ең үлкен дамуларының бірі болып адамдардың кейімін жабу үшін түймелерді пайдалануы табылады
1742,Гонконг аралы Гонконгтың аумағына өз атауын береді және көптеген туристер басты назар аударатын орын болып табылады.,Гангонг аралы Гангонгтың аумаға өз атауын берді және күптеген туристер басты назар аударатын орын болып табылады.,гонконг аралы гонконгтың аумағына өз атауын береді және көптеген туристер басты назар аударатын орын болып табылады,гангонг аралы гангонгтың аумаға өз атауын берді және күптеген туристер басты назар аударатын орын болып табылады
1676,"Барлық Оңтүстік Африка ұлттық саябақтарындағыдай, саябаққа кіруде экологиялық салым және кіру ақысы төленеді.","Барлық Оңтүстік Африка ұлттық саябақтарындағыдай, саябаққа кіруде экологиялық салын және кіру ақсы төленеді.",барлық оңтүстік африка ұлттық саябақтарындағыдай саябаққа кіруде экологиялық салым және кіру ақысы төленеді,барлық оңтүстік африка ұлттық саябақтарындағыдай саябаққа кіруде экологиялық салын және кіру ақсы төленеді
1946,"Күшін жою ережелері әр түрлі болып келеді, бірақ наурыз айының ақырынан бастап коронавирустық негіздегі көптеген жою ережелері Олимпиада жоспарланған 2020 жылдың шілде айына дейін қолданылмайды.","Күшін жойу ережелері әртүрлі болып келеді, бірақ наурыз айының ахырынан бастап коронайюрустық негіздегі көптегін жойу ережелері Олимпиада жоспарланған 2020 жылдың шілде айына дейін қолданылмайды.",күшін жою ережелері әр түрлі болып келеді бірақ наурыз айының ақырынан бастап коронавирустық негіздегі көптеген жою ережелері олимпиада жоспарланған 2020 жылдың шілде айына дейін қолданылмайды,күшін жойу ережелері әртүрлі болып келеді бірақ наурыз айының ахырынан бастап коронайюрустық негіздегі көптегін жойу ережелері олимпиада жоспарланған 2020 жылдың шілде айына дейін қолданылмайды
1881,Виртуалды түрде экскурсияны көрсету де экскурсия туралы пікір жинау және келешек сабақтарда тәжірибемен алмасу үшін керемет мүмкіндік.,Виртуалды түрде экскурсияны көрсету де экскурсия туралы пікір жинау және келешек сапақтарда тәжірибемен алмасу үшін керемен мүмкіндік.,виртуалды түрде экскурсияны көрсету де экскурсия туралы пікір жинау және келешек сабақтарда тәжірибемен алмасу үшін керемет мүмкіндік,виртуалды түрде экскурсияны көрсету де экскурсия туралы пікір жинау және келешек сапақтарда тәжірибемен алмасу үшін керемен мүмкіндік
1833,Философия ғұламасы Аристотель әрбір заттың төрт элементтің біреуінен немесе бірнешесінен жасалған деген теория құрған.,Философия құламасы Аристотель — әрбір  заттың төрт элементтің біреуінен немесе бірнеше сінен жасалған деген теория құрған.,философия ғұламасы аристотель әрбір заттың төрт элементтің біреуінен немесе бірнешесінен жасалған деген теория құрған,философия құламасы аристотель әрбір заттың төрт элементтің біреуінен немесе бірнеше сінен жасалған деген теория құрған
1795,"1988 жылдан бері сайлау жәшіктері мөлдір болуы керек, сонда дауыс берушілер мен бақылаушылар дауыс беру басталған кезде ешқандай хатқалталар жоқ екеніне және тиісті түрде есептелген және рұқсат етілген сайлаушылардың хатқалталарынан басқа хатқалталар қосылмағанына куәгер бола алады.","1988 жылдан бері сайлау жашыктері мөлдір болуы керек. Соманда дауыс беруішілер мен бақылаушылар дауыс беру басалан кезде ешқандай, хатқалталар жоқ екеніне тиісті түрде есептелген және рұқсат етілген сайлаушылардың хатқалталарынан басқа хатқалталар қосылмағанына куәгер бола алады.",1988 жылдан бері сайлау жәшіктері мөлдір болуы керек сонда дауыс берушілер мен бақылаушылар дауыс беру басталған кезде ешқандай хатқалталар жоқ екеніне және тиісті түрде есептелген және рұқсат етілген сайлаушылардың хатқалталарынан басқа хатқалталар қосылмағанына куәгер бола алады,1988 жылдан бері сайлау жашыктері мөлдір болуы керек соманда дауыс беруішілер мен бақылаушылар дауыс беру басалан кезде ешқандай хатқалталар жоқ екеніне тиісті түрде есептелген және рұқсат етілген сайлаушылардың хатқалталарынан басқа хатқалталар қосылмағанына куәгер бола алады
1866,"Біріншіден, шабандоздардың көпшілігі өкшесі және тегіс, айтарлықтай енсіз табаны бар салт жүріске арналған етікті киеді.",Біріншілден шабан доздартың көпшілігі өкшесі және тегіз айтарлықта еңсіз табаны бар салып жүріске арналған етіктік еді.,біріншіден шабандоздардың көпшілігі өкшесі және тегіс айтарлықтай енсіз табаны бар салт жүріске арналған етікті киеді,біріншілден шабан доздартың көпшілігі өкшесі және тегіз айтарлықта еңсіз табаны бар салып жүріске арналған етіктік еді
1702,Бар болғаны екі аптада американдықтар және еркін француз күштері оңтүстік Францияны босатты және Германияға қарай бұрылып жатты.,Бар болғаны екі аптада американдықтар және еркін француз күштері оңтүстік Францияны босатты және Германияға қарай бұрылып жатты.,бар болғаны екі аптада американдықтар және еркін француз күштері оңтүстік францияны босатты және германияға қарай бұрылып жатты,бар болғаны екі аптада американдықтар және еркін француз күштері оңтүстік францияны босатты және германияға қарай бұрылып жатты
1821,Ми патологиялары мен іс-қимыл арасындағы байланыс ғалымдарды олардың зерттеулерінде қолдайды.,Ми патологиялары мен іс-қимыл арасындағы байланыс қалымдарды олардың зелтеулерінде қолдайды.,ми патологиялары мен іс қимыл арасындағы байланыс ғалымдарды олардың зерттеулерінде қолдайды,ми патологиялары мен іс қимыл арасындағы байланыс қалымдарды олардың зелтеулерінде қолдайды
1763,"Дәл ай жерді тартып, судың көтерілуіне әкелетіндей, Құс жолы да Мерген галактикасына күш түсіреді.","Дәл ай жерді тартып, судың көтерілуіне әкелетінде қыс жолыда мерген галактикасына күштісіреді.",дәл ай жерді тартып судың көтерілуіне әкелетіндей құс жолы да мерген галактикасына күш түсіреді,дәл ай жерді тартып судың көтерілуіне әкелетінде қыс жолыда мерген галактикасына күштісіреді
1742,Гонконг аралы Гонконгтың аумағына өз атауын береді және көптеген туристер басты назар аударатын орын болып табылады.,Гонконг аралы Гонконгтың аумағына өзда тауын береді және көптеген туристер бастын азар аударатын орын болып табылады.,гонконг аралы гонконгтың аумағына өз атауын береді және көптеген туристер басты назар аударатын орын болып табылады,гонконг аралы гонконгтың аумағына өзда тауын береді және көптеген туристер бастын азар аударатын орын болып табылады
1990,"Сондай-ақ блогтар оқушылардың жазуын жақсартуға көмектеседі. Оқушылар блог тәжірибесін көбінесе немқұрайлы грамматикамен және емлемен бастағанымен, аудиторияның болуы әдетте бұл жағдайды өзгертеді.",Сондай-ақ блогтар оқушылардың жазуын жақсартуға көміктеседі. Оқушылар блог тәжірибесін көбінесе немқұрайлы грамматикамен және емлемен бастағынмен аудиторияның болуы әдетте бұл жағдайды өзгертеді.,сондай ақ блогтар оқушылардың жазуын жақсартуға көмектеседі оқушылар блог тәжірибесін көбінесе немқұрайлы грамматикамен және емлемен бастағанымен аудиторияның болуы әдетте бұл жағдайды өзгертеді,сондай ақ блогтар оқушылардың жазуын жақсартуға көміктеседі оқушылар блог тәжірибесін көбінесе немқұрайлы грамматикамен және емлемен бастағынмен аудиторияның болуы әдетте бұл жағдайды өзгертеді
1694,"Балалар асырап алған ата-анаға көп себептермен беріледі: салақтық, қиянат ету және тіпті ақша талап ету.","Балалар асырап алған ата-анаға көп себептермен беріледі, салақтық қиянат ету және тіпті ақша талап ету.",балалар асырап алған ата анаға көп себептермен беріледі салақтық қиянат ету және тіпті ақша талап ету,балалар асырап алған ата анаға көп себептермен беріледі салақтық қиянат ету және тіпті ақша талап ету
1841,"Жоғарыдағы ашық, әдемі аспаннан және көптеген қоршаған таулардан басқа ештеңе көрінбейді. Үңгір ішінен бұл дүниенің өте аз бөлігін көруге немесе естуге болады.","Жоғардағы ашық, әдемі аспаннан және көптеген қоршаған таулардан басқа ештеңе көрінбейді. Үңгір ішінен бұл дүниенің өте аз бүлігін көрге немесе естуге болады.",жоғарыдағы ашық әдемі аспаннан және көптеген қоршаған таулардан басқа ештеңе көрінбейді үңгір ішінен бұл дүниенің өте аз бөлігін көруге немесе естуге болады,жоғардағы ашық әдемі аспаннан және көптеген қоршаған таулардан басқа ештеңе көрінбейді үңгір ішінен бұл дүниенің өте аз бүлігін көрге немесе естуге болады
1879,"Жаңа бірдеңе пайда боғланда, пернетақта неге айналатыны туралы болжамдар жасауға ғана болады.","Жаңа бірдеңе пайда боғыланда, пернетақта неге айналатыны туралы болжамдар жасауға ғана болады.",жаңа бірдеңе пайда боғланда пернетақта неге айналатыны туралы болжамдар жасауға ғана болады,жаңа бірдеңе пайда боғыланда пернетақта неге айналатыны туралы болжамдар жасауға ғана болады
1740,Пирамида дыбыс және жарық шоуы балаларға арналған аумақтағы ең қызық нәрселердің бірі болып табылады.,«Пирамида» дыбыс және жарқ шоуы балаларға арналған аумақтағы ең қызық нәрселердің бірі болып табылады.,пирамида дыбыс және жарық шоуы балаларға арналған аумақтағы ең қызық нәрселердің бірі болып табылады,пирамида дыбыс және жарқ шоуы балаларға арналған аумақтағы ең қызық нәрселердің бірі болып табылады
1736,Роландо Мендоза M16 мылтығымен туристтерге оқ жаудырды.,Роландымен доза M16 мұлтығымен туристерге оқ жаудырды.,роландо мендоза m16 мылтығымен туристтерге оқ жаудырды,роландымен доза m16 мұлтығымен туристерге оқ жаудырды
1847,Оны Сингапур премьер-министрінің орынбасары Вонг Кан Сенг күтіп алды және ол Сингапурдың премьер-министрі Ли Сьен Лунмен сауда және терроризм мәселелерін талқылады.,"Оны Сингапур премьер-министрінің орынбасары Вонг консион күтіп алды және ол Сингапурдың премьер-министр Лиссионунмен, сауда және терроризм мәселелерін талқылады.",оны сингапур премьер министрінің орынбасары вонг кан сенг күтіп алды және ол сингапурдың премьер министрі ли сьен лунмен сауда және терроризм мәселелерін талқылады,оны сингапур премьер министрінің орынбасары вонг консион күтіп алды және ол сингапурдың премьер министр лиссионунмен сауда және терроризм мәселелерін талқылады
1785,"Құрылыс ағаштары - бұл оқыту әдісі емес, жаңа компьютерлік бағдарламаны пайдалану немесе жаңа жобаны бастау секілді жаңа оқу тәжірибесінен өтіп жатқан жеке тұлғаларға қолдау көрсететін көмек түрі.","Құрыл сағаштары бұл оқыту әдісі емес, жаңа компьютерлік бағдарламаны пайдалану немесе жаңа жобаны бастау секілді жаңа оқу тәжірибесінен өтіп жатқан жүкет тұлғаларға қолдау көрсететін көмектірі.",құрылыс ағаштары бұл оқыту әдісі емес жаңа компьютерлік бағдарламаны пайдалану немесе жаңа жобаны бастау секілді жаңа оқу тәжірибесінен өтіп жатқан жеке тұлғаларға қолдау көрсететін көмек түрі,құрыл сағаштары бұл оқыту әдісі емес жаңа компьютерлік бағдарламаны пайдалану немесе жаңа жобаны бастау секілді жаңа оқу тәжірибесінен өтіп жатқан жүкет тұлғаларға қолдау көрсететін көмектірі
1979,"Фолкленд аралының ресми валютасы - Фолкленд фунты (FKP), оның құны Британдық бір фунтқа (GBP) теңестірілген.","Фолкленд аралының ресми валютасы Фолкленд фунта FKP, оның қыны британдық бір фунтқа GBP теңестірілген.",фолкленд аралының ресми валютасы фолкленд фунты fkp оның құны британдық бір фунтқа gbp теңестірілген,фолкленд аралының ресми валютасы фолкленд фунта fkp оның қыны британдық бір фунтқа gbp теңестірілген
1662,Қорытпалар негізінен екі немесе одан да көп металдардың қоспасы болып табылады. Периодты кестеде көптеген элементтер бар екенін ұмытпаңыз.,Қорытпалар негізнің екін немесе одан да көп металдардың қоспасы болып табылады. Периотті кездеде көптеген элементтер бар егенін ұмытбанғыз.,қорытпалар негізінен екі немесе одан да көп металдардың қоспасы болып табылады периодты кестеде көптеген элементтер бар екенін ұмытпаңыз,қорытпалар негізнің екін немесе одан да көп металдардың қоспасы болып табылады периотті кездеде көптеген элементтер бар егенін ұмытбанғыз
1776,"Бір түн ішінде 150-ден 200-ге дейін көшірмелер жасалып, олар қазір «Dunlap broadsides» ретінде белгілі.","Бұр түн ішінде 150-дең 200-ге дейін көшірмелер жасалып, олар қазір Дунлап-Бродсайд сіретінде белгілі.",бір түн ішінде 150 ден 200 ге дейін көшірмелер жасалып олар қазір dunlap broadsides ретінде белгілі,бұр түн ішінде 150 дең 200 ге дейін көшірмелер жасалып олар қазір дунлап бродсайд сіретінде белгілі
1724,Ол шамамен 400 жылдан бастап салтанаттың эпицентріне ретінде белгілі болды және шамамен 1100 жылға дейін созылды.,"Ол шамамен 400 жылдан бастап, Салтанаттың эпицентріне ретінде белгілі болды және шамамен 1 000 жүзінші жылға дейім созылды.",ол шамамен 400 жылдан бастап салтанаттың эпицентріне ретінде белгілі болды және шамамен 1100 жылға дейін созылды,ол шамамен 400 жылдан бастап салтанаттың эпицентріне ретінде белгілі болды және шамамен 1 000 жүзінші жылға дейім созылды
1974,Сол принцип бойынша ер адамдар тізелерін жауып тұратын шалбар кию керек.,Сол принцип бойынша «ер» адамдар тізелерін жауап тұратын шалбаркүйу керек.,сол принцип бойынша ер адамдар тізелерін жауып тұратын шалбар кию керек,сол принцип бойынша ер адамдар тізелерін жауап тұратын шалбаркүйу керек
1740,Пирамида дыбыс және жарық шоуы балаларға арналған аумақтағы ең қызық нәрселердің бірі болып табылады.,Пирамида дыбыс және жарық шоуы балаларға арналған аумақтағы ең қызық нәрселердің бірі болып табылады.,пирамида дыбыс және жарық шоуы балаларға арналған аумақтағы ең қызық нәрселердің бірі болып табылады,пирамида дыбыс және жарық шоуы балаларға арналған аумақтағы ең қызық нәрселердің бірі болып табылады
1979,"Фолкленд аралының ресми валютасы - Фолкленд фунты (FKP), оның құны Британдық бір фунтқа (GBP) теңестірілген.",Фолкленд аралның ресми валютасы Фолкленд фунты FKP оның құны британдық бір фунтқа GBP теңестірілген.,фолкленд аралының ресми валютасы фолкленд фунты fkp оның құны британдық бір фунтқа gbp теңестірілген,фолкленд аралның ресми валютасы фолкленд фунты fkp оның құны британдық бір фунтқа gbp теңестірілген
1982,"Әйелдер: Өздерінің шынайы отбасы жағдайына қарамастан, әйел жынысты саяхатшыларға тұрмыс құрған деп айтуға кеңес беріледі.","Әйелдер өздерінің шынайы отбасы жағдайына қарамастан, әйел жынысты саяхастшыларға тұрмысқырған деп айтуға кеңес беріледі.",әйелдер өздерінің шынайы отбасы жағдайына қарамастан әйел жынысты саяхатшыларға тұрмыс құрған деп айтуға кеңес беріледі,әйелдер өздерінің шынайы отбасы жағдайына қарамастан әйел жынысты саяхастшыларға тұрмысқырған деп айтуға кеңес беріледі
1965,"Олар қауіпсіз жүзуге арналған құмды жағажайлардың барлығына дерлік, және олардың көпшілігінде похутукава ағаштарымен қамтамасыз етілген.",Олар қауіпсіз жүзуге арналған құмды жағажайлардың барлығына дерлік және олардың көпшілігінде пыхату кауа ғаштарымен қамтамасыз етіліген.,олар қауіпсіз жүзуге арналған құмды жағажайлардың барлығына дерлік және олардың көпшілігінде похутукава ағаштарымен қамтамасыз етілген,олар қауіпсіз жүзуге арналған құмды жағажайлардың барлығына дерлік және олардың көпшілігінде пыхату кауа ғаштарымен қамтамасыз етіліген
1834,"Сонымен қатар солтүстігінде бүкіл әлемге әйгілі Мариан ғажабының орны болған, Фатимадағы Әйел ғибадатханасына барыңыз.",Сонымен қатар сол түстігінде Бүгіл әлемге әйгілі Мариан қажабының орны болған Фотимадағы әйел-ғебадатханасына барыңыз.,сонымен қатар солтүстігінде бүкіл әлемге әйгілі мариан ғажабының орны болған фатимадағы әйел ғибадатханасына барыңыз,сонымен қатар сол түстігінде бүгіл әлемге әйгілі мариан қажабының орны болған фотимадағы әйел ғебадатханасына барыңыз
1914,Жиырмасыншы ғасырдағы зерттеу генетикалық вариацияның екі пулы бар екенін көрсетті: жасырын және көрінетін.,"20-шы ғасырдағы зерттеу генетикалық вариацияның екі пулы бар екенін көрсетті, жасырын және көрінетін.",жиырмасыншы ғасырдағы зерттеу генетикалық вариацияның екі пулы бар екенін көрсетті жасырын және көрінетін,20 шы ғасырдағы зерттеу генетикалық вариацияның екі пулы бар екенін көрсетті жасырын және көрінетін
1798,"Алғашқы күндері шоу тек ұзақ уақыттан бері жұмыс істеп келе жатқан TogiNet Radio интернет радиосында, сөйлесу радиосына негізделген сайтта өткен.","Алғашқы күндері шоу тек ұзақ уақыттан бері жұмыс істек келіс жатқан тогенет радио, интернет радиосында сөле су радиосына негізделген сайтта өткен.",алғашқы күндері шоу тек ұзақ уақыттан бері жұмыс істеп келе жатқан toginet radio интернет радиосында сөйлесу радиосына негізделген сайтта өткен,алғашқы күндері шоу тек ұзақ уақыттан бері жұмыс істек келіс жатқан тогенет радио интернет радиосында сөле су радиосына негізделген сайтта өткен
1842,"Динозавр қауырсынында рахис деп аталатын жақсы дамыған білік жоқ, бірақ қауырсынның басқа ерекшеліктері бар — кертіктер мен шоқша сақалдар — зерттеушілер рахис туралы олардың кейінірек эволюциялық болған деген қорытындыға келді.","Динозавр кауірсынында рахиз деп аталатын жағсы дамыған білік жоқ, бірақ кауірсының басқа ерекшеліктері бар. Кертіктер мен шоқшаса қалдар зерттеушілер рахис туралы олардың кейінірек эволюциялық болған деген қорытындыға келді.",динозавр қауырсынында рахис деп аталатын жақсы дамыған білік жоқ бірақ қауырсынның басқа ерекшеліктері бар кертіктер мен шоқша сақалдар зерттеушілер рахис туралы олардың кейінірек эволюциялық болған деген қорытындыға келді,динозавр кауірсынында рахиз деп аталатын жағсы дамыған білік жоқ бірақ кауірсының басқа ерекшеліктері бар кертіктер мен шоқшаса қалдар зерттеушілер рахис туралы олардың кейінірек эволюциялық болған деген қорытындыға келді
1898,"«Ол [Уэльс] бізге әуел бастан-ақ өтірік айтты. Біріншіден, бұл заңды себептермен болғандай әрекет ету арқылы. Екіншіден, өзінің өнерін жойғанға дейін бізге құлақ салғандай бола қалу арқылы».","Ол өлс, бізге әуел бастан ақ өтірік айтты, біріншіден бұл заңды себептермен болғандай әрекет ету арқылы, екіншіден өзінің өнерін жойғанға дейін бізге құл ақ салғандай бол ақылы.",ол уэльс бізге әуел бастан ақ өтірік айтты біріншіден бұл заңды себептермен болғандай әрекет ету арқылы екіншіден өзінің өнерін жойғанға дейін бізге құлақ салғандай бола қалу арқылы,ол өлс бізге әуел бастан ақ өтірік айтты біріншіден бұл заңды себептермен болғандай әрекет ету арқылы екіншіден өзінің өнерін жойғанға дейін бізге құл ақ салғандай бол ақылы
1825,"Әрекетке жақын болғыңыз келсе, музыкаға жақын кемпинг учаскесін алу үшін ерте тұруыңыз керек.","Әрекетке жақын болғыңыз келсе, музыкаға жақын кемпинг учасқысын алу үшін ерте тұруыңыз керек.",әрекетке жақын болғыңыз келсе музыкаға жақын кемпинг учаскесін алу үшін ерте тұруыңыз керек,әрекетке жақын болғыңыз келсе музыкаға жақын кемпинг учасқысын алу үшін ерте тұруыңыз керек
1955,"Шашыраңқы склероз – ми, жұлын және ми жүйкесінен тұратын орталық жүйке жүйесіне әсер ететін ауру.","Шашыраң қызкілерос, ми, жұлын және ми жекесінен тұратын орталық жеке жүйесіне әсер ететін ауру.",шашыраңқы склероз ми жұлын және ми жүйкесінен тұратын орталық жүйке жүйесіне әсер ететін ауру,шашыраң қызкілерос ми жұлын және ми жекесінен тұратын орталық жеке жүйесіне әсер ететін ауру
1937,"Дегенмен, бұл жоспарлар бір түнде дерлік ескіріп кетті. Кеңес Одағының қызыл әскернің 800 000 сарбазы келіп, Ригадағы бейбітшілік туралы келісімді, кеңес-поляк агрессия жасамау туралы пактісін және басқа халықаралық (екі жақты және көп жақты) келісімдерді бұза отырып Польшаның шығыс аймақтарына басып кіргеннен кейін Беларус және Украина фронттарын жасады.","Дегенмен, бұл жоспарлар бір түндедерлі кезгіріп кетті. Кеңес Одағының қызыл әскерінің 700 000 сарбазы келіп, Ригадағы бевітшілік туралы келісімді, кеңес поляқ агрессия жасамау туралы факцин және басқа қалқаралық екі жақты және көп жақты келісімдерді бұза отырып, Польшаның шығыс аймақтарына басып кіргеннен кейін, Беларус және Украйна фронтарын жасады.»",дегенмен бұл жоспарлар бір түнде дерлік ескіріп кетті кеңес одағының қызыл әскернің 800 000 сарбазы келіп ригадағы бейбітшілік туралы келісімді кеңес поляк агрессия жасамау туралы пактісін және басқа халықаралық екі жақты және көп жақты келісімдерді бұза отырып польшаның шығыс аймақтарына басып кіргеннен кейін беларус және украина фронттарын жасады,дегенмен бұл жоспарлар бір түндедерлі кезгіріп кетті кеңес одағының қызыл әскерінің 700 000 сарбазы келіп ригадағы бевітшілік туралы келісімді кеңес поляқ агрессия жасамау туралы факцин және басқа қалқаралық екі жақты және көп жақты келісімдерді бұза отырып польшаның шығыс аймақтарына басып кіргеннен кейін беларус және украйна фронтарын жасады
1730,"Автобустар күні бойы ауданаралық автовокзалдан (өзеннің бойымен) шығады, дегенмен көбісі, әсіресе шығысқа және Джакарға/Бумтангқа бет алғандары 06:30 және 07: 30 аралығында шығады.","Автобстар күні бойы аудан аралық автовагзалдан өзеннің бойымен шығады, дегенмен көбісі әсіресе шығысқа және жакарға бумтанқа бит, алғандары 6 жарымнан және 7 жарымда аралықында шығады.",автобустар күні бойы ауданаралық автовокзалдан өзеннің бойымен шығады дегенмен көбісі әсіресе шығысқа және джакарға бумтангқа бет алғандары 06 30 және 07 30 аралығында шығады,автобстар күні бойы аудан аралық автовагзалдан өзеннің бойымен шығады дегенмен көбісі әсіресе шығысқа және жакарға бумтанқа бит алғандары 6 жарымнан және 7 жарымда аралықында шығады
1949,Энтомологтар «жәндік» терминін осы жәндіктер тобы үшін ресми мағынада пайдаланады.,Интамолоктар жәндік терминін осы жәндіктер тобы үшін ресми мағынада пайдаланады.,энтомологтар жәндік терминін осы жәндіктер тобы үшін ресми мағынада пайдаланады,интамолоктар жәндік терминін осы жәндіктер тобы үшін ресми мағынада пайдаланады
1728,Химикаттың қышқылдығы немесе сілтілігіне байланысты орамжапырақ шырынының түсі өзгереді.,Хемикаттың қышқылдығы немесе сіл тілігіне байланысты орам жапырақ шырының түсі өзгереді.,химикаттың қышқылдығы немесе сілтілігіне байланысты орамжапырақ шырынының түсі өзгереді,хемикаттың қышқылдығы немесе сіл тілігіне байланысты орам жапырақ шырының түсі өзгереді
1839,Шаңғы тебу бағытын жаяу жүру бағытына ұқсас түрде елестетіп көріңіз.,Шаңғы тебу бағытын жаяу жүру бағытына ұқсас түрде елестетіп көріңіз.,шаңғы тебу бағытын жаяу жүру бағытына ұқсас түрде елестетіп көріңіз,шаңғы тебу бағытын жаяу жүру бағытына ұқсас түрде елестетіп көріңіз
1745,"Өсімдіктер табиғи жағдайда жақсы көрінеді, сондықтан олардың «бір данасын» да алып тастамаңыз.","Өсімдіктер табиғи жағдайда жақсы көрінеді, сондықтан олардың бір данысында алып тастамаңыз.",өсімдіктер табиғи жағдайда жақсы көрінеді сондықтан олардың бір данасын да алып тастамаңыз,өсімдіктер табиғи жағдайда жақсы көрінеді сондықтан олардың бір данысында алып тастамаңыз
1881,Виртуалды түрде экскурсияны көрсету де экскурсия туралы пікір жинау және келешек сабақтарда тәжірибемен алмасу үшін керемет мүмкіндік.,Виртуалды түрде экскурсияны көрсетуде экскурсия туралы пікір жинау және келейшек сабақтарда тәжірибемен алмасу үшін керемет мүмкіндік.,виртуалды түрде экскурсияны көрсету де экскурсия туралы пікір жинау және келешек сабақтарда тәжірибемен алмасу үшін керемет мүмкіндік,виртуалды түрде экскурсияны көрсетуде экскурсия туралы пікір жинау және келейшек сабақтарда тәжірибемен алмасу үшін керемет мүмкіндік
1665,Жылыстаған мәліметтерге сәйкес құжат 1967 жылғы Таяу Шығыс соғысына дейінгі шекаралары негізінде Палестина қалайтын шекаралар дауына қатысты болады.,Жұлыстаған мәлметтерге сәйкес құжат 1967 жоғы таяу шығыс соғысына дейінгі пешеқаралары негізінде Палистина қалай түн шекаралар дауына қатысты болады.,жылыстаған мәліметтерге сәйкес құжат 1967 жылғы таяу шығыс соғысына дейінгі шекаралары негізінде палестина қалайтын шекаралар дауына қатысты болады,жұлыстаған мәлметтерге сәйкес құжат 1967 жоғы таяу шығыс соғысына дейінгі пешеқаралары негізінде палистина қалай түн шекаралар дауына қатысты болады
1911,"Осы сияқты, шенген визаңыз болса, шенгенге мүше елдердің әрқайсысына визаға бөлек өтінім беру қажет болмайды, осылайша сіз уақытты, ақшаны үнемдейсіз және құжаттармен жұмыс азырақ болады.","Осы сияқты шеңген визаңыз болса, шеңгенге мүшей елдің әрқайсына визаға бөлек өтінім беру қажет болмайды. Осылайша сіз уақытты ақшаны үнемдесіз және құжаттармен жұмыс азырақ болады.",осы сияқты шенген визаңыз болса шенгенге мүше елдердің әрқайсысына визаға бөлек өтінім беру қажет болмайды осылайша сіз уақытты ақшаны үнемдейсіз және құжаттармен жұмыс азырақ болады,осы сияқты шеңген визаңыз болса шеңгенге мүшей елдің әрқайсына визаға бөлек өтінім беру қажет болмайды осылайша сіз уақытты ақшаны үнемдесіз және құжаттармен жұмыс азырақ болады
1981,"Бар болғаны кеме экскурсиялары арқылы жағаға барсаңыз, сізге бөлек виза қажет болмайды (2009 жылдан).","Бар болғаны кеме экскурсиялары арқылы жағаға барсаңыз, сізге бөлек үйза қажет болмайды – 2009 жылдан.",бар болғаны кеме экскурсиялары арқылы жағаға барсаңыз сізге бөлек виза қажет болмайды 2009 жылдан,бар болғаны кеме экскурсиялары арқылы жағаға барсаңыз сізге бөлек үйза қажет болмайды 2009 жылдан
1812,"Бір эксперименттік вакцина Эболадан болатын өлімдер көрсеткішін азайтуға мүмкіндік беретін болып көрінгенімен, осы уақытқа дейін, бар инфекцияны емдеуге жарамды екені анық түрде көрсетілген дәрілер болмады.","Бір эксперименттік вакцина Эболадан болатын өлімдер көрсеткішін азайтуға мүмкіндік беретін болып көрінгенімен, осы уақытқа дейін бар инфекцияны емдеуге жарамды икені анық түрде көрсетілген дәрлер болмады.",бір эксперименттік вакцина эболадан болатын өлімдер көрсеткішін азайтуға мүмкіндік беретін болып көрінгенімен осы уақытқа дейін бар инфекцияны емдеуге жарамды екені анық түрде көрсетілген дәрілер болмады,бір эксперименттік вакцина эболадан болатын өлімдер көрсеткішін азайтуға мүмкіндік беретін болып көрінгенімен осы уақытқа дейін бар инфекцияны емдеуге жарамды икені анық түрде көрсетілген дәрлер болмады
1666,"Сондай-ақ өзіңіздікінен басқа үкіметтерден кеңес алғыңыз келуі мүмкін, бірақ олардың кеңесі өз азаматтарына арналған.","Сондай-ақ өзіңіздікінен басқа үпіметтерден кеңес алғыңыз келуі мүмкін, бірақ олардың кеңесі өз азаматтарына арналған.",сондай ақ өзіңіздікінен басқа үкіметтерден кеңес алғыңыз келуі мүмкін бірақ олардың кеңесі өз азаматтарына арналған,сондай ақ өзіңіздікінен басқа үпіметтерден кеңес алғыңыз келуі мүмкін бірақ олардың кеңесі өз азаматтарына арналған
1961,"Қатысым жасаудың маңыздылығын иллюстрациялау үшін пайдаланылатын ең жиі кездесетін әдістердің бірі – өсіп жатқанында елемеу, бәле немесе әдейі қиянат жасау себепті ересектер қатысым жасауға үйретпеген балалардың бірнеше бақытсыз жағдайын салу.","Қатысым жасаудың маңызылығын илустрациялау үшін пайдаланылатын еңде кездесетін нәдістердің бірі өсіп жатқанда елемеу, бәлеу немесе әдейі қианет жасау себепті ересектер Қатысым жасауға үйретпеген балалардың бірнеше бақытсыз жағдайын салу.",қатысым жасаудың маңыздылығын иллюстрациялау үшін пайдаланылатын ең жиі кездесетін әдістердің бірі өсіп жатқанында елемеу бәле немесе әдейі қиянат жасау себепті ересектер қатысым жасауға үйретпеген балалардың бірнеше бақытсыз жағдайын салу,қатысым жасаудың маңызылығын илустрациялау үшін пайдаланылатын еңде кездесетін нәдістердің бірі өсіп жатқанда елемеу бәлеу немесе әдейі қианет жасау себепті ересектер қатысым жасауға үйретпеген балалардың бірнеше бақытсыз жағдайын салу
1747,Жолдас балуандар да Лунаға құрмет көрсетті.,Жолда збалуандар да Лунаға құрмет көрсетті.,жолдас балуандар да лунаға құрмет көрсетті,жолда збалуандар да лунаға құрмет көрсетті
1836,"Адамдар ежелден алтын, күміс және мыс сияқты негізгі химиялық элементтер туралы білді, өйткені олардың барлығын табиғатта табиғи түрде табуға болады және қарапайым құралдармен өндіру салыстырмалы түрде оңай.","Адамдар ежелден алтын, күміз және мыс сияқты негізгі химиялық элементтер туралы білді, өйткені улардың барлығын табиғатта табиғы түрде табуға болады және қарапайым құралдармен өндіру салыңлыстырмалы деп түрде оңай.",адамдар ежелден алтын күміс және мыс сияқты негізгі химиялық элементтер туралы білді өйткені олардың барлығын табиғатта табиғи түрде табуға болады және қарапайым құралдармен өндіру салыстырмалы түрде оңай,адамдар ежелден алтын күміз және мыс сияқты негізгі химиялық элементтер туралы білді өйткені улардың барлығын табиғатта табиғы түрде табуға болады және қарапайым құралдармен өндіру салыңлыстырмалы деп түрде оңай
1995,"Виртуалдық дамытатын оқыту бағдарламалық құралға кірістірілген. Олар оқушының өз бетімен түсінуіне қиын болған болуы мүмкін процедуралар туралы сұрақтар қоюға, кеңестер беруге және түсіндіруге арналған.","Виртуалдық дамытатын оқыту бағдарламалып құрауға кістірілген, олар оқушының өз бетімен түсініуіне құйын болған болуы мүмкін процедуралар туралы сырақ тарғоюға кеңестер беруге және түсіндіруге адналған.",виртуалдық дамытатын оқыту бағдарламалық құралға кірістірілген олар оқушының өз бетімен түсінуіне қиын болған болуы мүмкін процедуралар туралы сұрақтар қоюға кеңестер беруге және түсіндіруге арналған,виртуалдық дамытатын оқыту бағдарламалып құрауға кістірілген олар оқушының өз бетімен түсініуіне құйын болған болуы мүмкін процедуралар туралы сырақ тарғоюға кеңестер беруге және түсіндіруге адналған
1852,"Блогтарды тиісті түрде қолдану студенттердің аналитикалық және критикалық ойлауын әлдеқайда күшейтуі мүмкін. Интернет материалдарына белсенді түрде жауап беру арқылы олар басқа адамдардың жазбаларына қатысты өздерінің позициясын айқындай алады, сондай-ақ нақты бір мәселелер бойынша өздерінің көзқарастарын білдіре алады (Oravec, 2002).","Блогтарда тиісті түрде қолдану студенттердің аналитикалық және критикалық ойлауын әлдеқайда күшитуі мүмкін. Интернет материалдарына белсенді түрде жоып беру арқылы, олар басқа адамдарының жазбаларына қатысты өздерінің позициясын айқындай алады, сондай-ақ нақты бір мәселелер бойынша өздерінің қөзқарыстарын білдіре алады.",блогтарды тиісті түрде қолдану студенттердің аналитикалық және критикалық ойлауын әлдеқайда күшейтуі мүмкін интернет материалдарына белсенді түрде жауап беру арқылы олар басқа адамдардың жазбаларына қатысты өздерінің позициясын айқындай алады сондай ақ нақты бір мәселелер бойынша өздерінің көзқарастарын білдіре алады oravec 2002,блогтарда тиісті түрде қолдану студенттердің аналитикалық және критикалық ойлауын әлдеқайда күшитуі мүмкін интернет материалдарына белсенді түрде жоып беру арқылы олар басқа адамдарының жазбаларына қатысты өздерінің позициясын айқындай алады сондай ақ нақты бір мәселелер бойынша өздерінің қөзқарыстарын білдіре алады
1967,"Лейтон премьер-министрмен кездесу кезінде консерваторлардың экологиялық заңына өзгерістер енгізуді сұрады, сондай-ақ консервативті партияның экологиялық заңын ""мұқият және толығымен қайта жазуды"" сұрады.","Лейтін премьер-министр мін кездесу кезінде консерваторлардың экологияла заңына өзгерістер ендізуді сұрады, сондай-ақ консервативті партияның экологиялық заңын мұқият және толығымен қайта жазуды сұрады.",лейтон премьер министрмен кездесу кезінде консерваторлардың экологиялық заңына өзгерістер енгізуді сұрады сондай ақ консервативті партияның экологиялық заңын мұқият және толығымен қайта жазуды сұрады,лейтін премьер министр мін кездесу кезінде консерваторлардың экологияла заңына өзгерістер ендізуді сұрады сондай ақ консервативті партияның экологиялық заңын мұқият және толығымен қайта жазуды сұрады
1793,"Егер сіз ауыл жолдарында көлікпен жүруге дағдыланбаған болсаңыз, мынаған дайын болыңыз: тік еңістер, тар жолдар және кенет бұрылыстар басым болады.","Егер сіз ауыл жолдарында көлікпен жүруге дағдыламбаған болсаңыз, мынаған дайын болыңыз? Тік еңістер тар жолдар және кенет бұрылыстар басым болады?",егер сіз ауыл жолдарында көлікпен жүруге дағдыланбаған болсаңыз мынаған дайын болыңыз тік еңістер тар жолдар және кенет бұрылыстар басым болады,егер сіз ауыл жолдарында көлікпен жүруге дағдыламбаған болсаңыз мынаған дайын болыңыз тік еңістер тар жолдар және кенет бұрылыстар басым болады
1707,Ол Оңтүстік Африканың негізгі көрнекі жерлерінің бірі болып табылады және Оңтүстік Африка ұлттық парктерінің (SANParks) жетекшісі болып есептеледі.,Ол Оңтүстік Африканың негізгі көрнекі жерлерінің бірі болып табылады және Оңтүстік Африка ұлттық парктерінің S.A.N.P. Parks жетекшісі болып есептеледі.,ол оңтүстік африканың негізгі көрнекі жерлерінің бірі болып табылады және оңтүстік африка ұлттық парктерінің sanparks жетекшісі болып есептеледі,ол оңтүстік африканың негізгі көрнекі жерлерінің бірі болып табылады және оңтүстік африка ұлттық парктерінің s a n p parks жетекшісі болып есептеледі
1853,"Джанкарло Фисичелла көлігін басқаруды жоғалтып, жарысты старттан кейін көп ұзамай аяқтады.","Жанкарло Фессичелла көлігін басқаруды жоғалтып, жарысты сартан кейін көп замайы аяқтады.",джанкарло фисичелла көлігін басқаруды жоғалтып жарысты старттан кейін көп ұзамай аяқтады,жанкарло фессичелла көлігін басқаруды жоғалтып жарысты сартан кейін көп замайы аяқтады
1830,Билеуші партия Оңтүстік батыс Африка халық ұйымы (SWAPO) парламенттік сайлауларда көптеген орынға ие болды.,Билуші партия оңтүстік батыс Африка қалық ұйымы Сбапо парламенттік сайлауларында көптеген орынға ие болды.,билеуші партия оңтүстік батыс африка халық ұйымы swapo парламенттік сайлауларда көптеген орынға ие болды,билуші партия оңтүстік батыс африка қалық ұйымы сбапо парламенттік сайлауларында көптеген орынға ие болды
1684,Апиа - Самоаның астанасы. Бұл қала Уполу аралында орналасқан және оның халқы 40 000-нан сәл төмен.,Апиасамауанның астанасы Бұл қала Уполу аралында орналасқан және оның қалқы 40 000-нан сәл төмен.,апиа самоаның астанасы бұл қала уполу аралында орналасқан және оның халқы 40 000 нан сәл төмен,апиасамауанның астанасы бұл қала уполу аралында орналасқан және оның қалқы 40 000 нан сәл төмен
1699,"Бақылаушылардың бірі Бішкекті ""анархия күйіне батуда"" деп бейнелеген, өйткені қылмыскерлер тобы көшені аралап, дүкендердегі халықтық тұтыну тауарларын тонауды бастаған.","Бақылаушылардың бірі бішкекті анархия кейіне батуда деп бейнелінген, өйткені қылынңыскерлер тобы көшені арағап дүкендердегі халықтық тұтыну тауарларын тонауды бастаған.",бақылаушылардың бірі бішкекті анархия күйіне батуда деп бейнелеген өйткені қылмыскерлер тобы көшені аралап дүкендердегі халықтық тұтыну тауарларын тонауды бастаған,бақылаушылардың бірі бішкекті анархия кейіне батуда деп бейнелінген өйткені қылынңыскерлер тобы көшені арағап дүкендердегі халықтық тұтыну тауарларын тонауды бастаған
1674,"Кейбір аумақтарда суды бір минут бойы қайнату жеткілікті, ал басқаларында бірнеше минут қажет.","Кейбір аумақтарда суды бір минут бойы қайынату жеткілікті, ал басқаларында бірнеше минут қажет.",кейбір аумақтарда суды бір минут бойы қайнату жеткілікті ал басқаларында бірнеше минут қажет,кейбір аумақтарда суды бір минут бойы қайынату жеткілікті ал басқаларында бірнеше минут қажет
1755,Бір бомба генерал-губернатор кеңсесінің сыртында жарылды.,Бомба генерал-губернатор кеңсесінің сыртында жарылды.,бір бомба генерал губернатор кеңсесінің сыртында жарылды,бомба генерал губернатор кеңсесінің сыртында жарылды
1663,"Кочамо алқабы – Чилидегі өрмелеу үшін баратын негізгі жер. Ол Оңтүстік Американың Йосемитесі ретінде белгілі, оның әртүрлі гранит үлкен қабырғалары және жартастары бар.","Котчамо алқабы Чилидегі өрмелеу үшін баратын негізгі жер. Ол оңтүстік Американың Йосеми тесі ретінде белгілі, оның әртүрлі гранит үлкен қағылары және жартастары бар.",кочамо алқабы чилидегі өрмелеу үшін баратын негізгі жер ол оңтүстік американың йосемитесі ретінде белгілі оның әртүрлі гранит үлкен қабырғалары және жартастары бар,котчамо алқабы чилидегі өрмелеу үшін баратын негізгі жер ол оңтүстік американың йосеми тесі ретінде белгілі оның әртүрлі гранит үлкен қағылары және жартастары бар
1917,Римде әртүрлі орындарда адамдардың салтанатты рәсімді көруі үшін бірнеше үлкен теледидар экрандары орнатылды.,Римде әртүрлі орындарды адамдардың салтанатты рәсімді көру үшін бірнеше үлкен теледидар экрандары орынатылды.,римде әртүрлі орындарда адамдардың салтанатты рәсімді көруі үшін бірнеше үлкен теледидар экрандары орнатылды,римде әртүрлі орындарды адамдардың салтанатты рәсімді көру үшін бірнеше үлкен теледидар экрандары орынатылды
1765,"1537 жылы Асунсьон қаласының негізі салынғаннан бастап, Парагвай өзінің көптеген түпкілікті сипаты мен өзіндік ерекшелігін сақтай білді.","1537 жылы асульсион қаласының негізі салынғаннан бастап, Парагвай өзінің көптеген түпкілікті сипатымен өзіндік ерекшелігін сақтай білді.",1537 жылы асунсьон қаласының негізі салынғаннан бастап парагвай өзінің көптеген түпкілікті сипаты мен өзіндік ерекшелігін сақтай білді,1537 жылы асульсион қаласының негізі салынғаннан бастап парагвай өзінің көптеген түпкілікті сипатымен өзіндік ерекшелігін сақтай білді
1744,"Россби нөмірі неғұрлым кішірек болса, жұлдыздың магниттену инверсиясына қатысты белсенділігі азырақ болады.","Росби нөмірі неғұрылым кішірек болса, жолдығдың магниттену инверсиясына қатысты белсенділігі азырақ болады.",россби нөмірі неғұрлым кішірек болса жұлдыздың магниттену инверсиясына қатысты белсенділігі азырақ болады,росби нөмірі неғұрылым кішірек болса жолдығдың магниттену инверсиясына қатысты белсенділігі азырақ болады
1754,"Айдың көрінетін жерінде ай теңіздері көбірек болуы мүмкін, себебі онда ай қыртысы жіңішкерек.  Лаваның ай қыртысының бетіне шығуы әлдеқайда жеңілірек болды.","Айдың көрінетін жерінде ай теңіздері көбірек болуы мүмкін, себебі онда ай қыртысы жүмішкерек. Лаваның ай қыртысының бетіне шұғуы әлдеғайда жеңілірек болды.",айдың көрінетін жерінде ай теңіздері көбірек болуы мүмкін себебі онда ай қыртысы жіңішкерек лаваның ай қыртысының бетіне шығуы әлдеқайда жеңілірек болды,айдың көрінетін жерінде ай теңіздері көбірек болуы мүмкін себебі онда ай қыртысы жүмішкерек лаваның ай қыртысының бетіне шұғуы әлдеғайда жеңілірек болды
1966,Комиссия қазан айында басталған кең тараған режимге қарсы наразылықтарға Мартеллидің жауабы болды.,Комиссия қазан айында басталған кейін тараған режимге қарсы наразылықтарға Мартеллидің жауабып олды.,комиссия қазан айында басталған кең тараған режимге қарсы наразылықтарға мартеллидің жауабы болды,комиссия қазан айында басталған кейін тараған режимге қарсы наразылықтарға мартеллидің жауабып олды
1712,1966 жылдан бері Сундарбан жабайы жануарлар қорығы болған. Есептеулер бойынша қазіргі уақыта бұл аумақта 400 корольдік бенгал жолбарысы және шамамен 30 000 дақты бұғы бар.,1996 жылдан бері сундарбан жабайы жануарлар қорығы болған есептелер бойынша қазіргі уақытта бұл аумақта 400 корольдік бенгай ұлварысы және шамамен 30 000 дағты бұғы бар.,1966 жылдан бері сундарбан жабайы жануарлар қорығы болған есептеулер бойынша қазіргі уақыта бұл аумақта 400 корольдік бенгал жолбарысы және шамамен 30 000 дақты бұғы бар,1996 жылдан бері сундарбан жабайы жануарлар қорығы болған есептелер бойынша қазіргі уақытта бұл аумақта 400 корольдік бенгай ұлварысы және шамамен 30 000 дағты бұғы бар
1839,Шаңғы тебу бағытын жаяу жүру бағытына ұқсас түрде елестетіп көріңіз.,Шаңғы тебу бағытын жаяу жүру бағытына ұқсас түрде елістетіп көріңіз.,шаңғы тебу бағытын жаяу жүру бағытына ұқсас түрде елестетіп көріңіз,шаңғы тебу бағытын жаяу жүру бағытына ұқсас түрде елістетіп көріңіз
1828,"Интернеттен «қауіпті ортаны» іздесеңіз, жергілікті компанияның мекен-жайын береді.","Интернеттен қауіпті ортаны іздесеңіз, жергілікті компанияның мекен жайын береді.",интернеттен қауіпті ортаны іздесеңіз жергілікті компанияның мекен жайын береді,интернеттен қауіпті ортаны іздесеңіз жергілікті компанияның мекен жайын береді
1964,"Қазірге дейін әйгілі ""25 Данлэп парақтары"" құжаттың ең көне көшірмелері болып табылады. Түпнұсқалық қолжазба көшірмесі сақталмаған.","Қазірге дейін әйгілі 25 Данлеп парақтары құжаттың ең көне көшірмелері болып табылады, төп нұсқалық қолжазба көшірмесі сақтаумаған.",қазірге дейін әйгілі 25 данлэп парақтары құжаттың ең көне көшірмелері болып табылады түпнұсқалық қолжазба көшірмесі сақталмаған,қазірге дейін әйгілі 25 данлеп парақтары құжаттың ең көне көшірмелері болып табылады төп нұсқалық қолжазба көшірмесі сақтаумаған
1667,Жалпы алғанда менеджерлер бұрынғы әріптестеріне басшылық ете бастағанда екі түрлі қылық пайда болуы мүмкін. Бір жағынан алдыңғы «әріптестердің бірі» (немесе құрбылардың) болып қалуға тырысады.,Жалпы алғанда менеджерлер бұрынғы әріптестеріне басшылғы ете бастағанда екі түрлі қылық пайда болуы мүмкін. Бір жағынан алдыңғы әріптестердің бірі немесе құрбалардың болып қалуға тырысады.,жалпы алғанда менеджерлер бұрынғы әріптестеріне басшылық ете бастағанда екі түрлі қылық пайда болуы мүмкін бір жағынан алдыңғы әріптестердің бірі немесе құрбылардың болып қалуға тырысады,жалпы алғанда менеджерлер бұрынғы әріптестеріне басшылғы ете бастағанда екі түрлі қылық пайда болуы мүмкін бір жағынан алдыңғы әріптестердің бірі немесе құрбалардың болып қалуға тырысады
1870,Көріністер пирамидаларда көрсетіледі және әртүрлі пирамидалар жанады.,Гөрністер пирамидаларда көрсетіледі және әртүрі пирамидалар жанады.,көріністер пирамидаларда көрсетіледі және әртүрлі пирамидалар жанады,гөрністер пирамидаларда көрсетіледі және әртүрі пирамидалар жанады
1955,"Шашыраңқы склероз – ми, жұлын және ми жүйкесінен тұратын орталық жүйке жүйесіне әсер ететін ауру.","Шашыранқы Склерос — ми, жұлың және ми жүйкесінен тұратын орталық жүйке жүйесіне әсер ететін ауру.",шашыраңқы склероз ми жұлын және ми жүйкесінен тұратын орталық жүйке жүйесіне әсер ететін ауру,шашыранқы склерос ми жұлың және ми жүйкесінен тұратын орталық жүйке жүйесіне әсер ететін ауру
1920,"Әдетте, қонақтарды жақсы көңіл-күйде ұстау және іште ұстау үшін оларда арнайы тамақ, сусын және ойын-сауық ұсыныстары болады.","Әдетте қонақтарды жақсы көңіл кедей ұстау және іште ұстау үшін оларда арнайы тамақ, сусын және ойын-сауық ұсымыстары болады.",әдетте қонақтарды жақсы көңіл күйде ұстау және іште ұстау үшін оларда арнайы тамақ сусын және ойын сауық ұсыныстары болады,әдетте қонақтарды жақсы көңіл кедей ұстау және іште ұстау үшін оларда арнайы тамақ сусын және ойын сауық ұсымыстары болады
1762,"Бұл ауру шошқаларда болады, содан кейін ол масалар арқылы адамдарға өтеді.","Бұл ауру шошқаларда болады, содан кейін ол масалар арқылы адамдарға өтеді.",бұл ауру шошқаларда болады содан кейін ол масалар арқылы адамдарға өтеді,бұл ауру шошқаларда болады содан кейін ол масалар арқылы адамдарға өтеді
1737,Арыстандар ең көп қатысым жасайтын мысықтар. Олар прайдтар деп аталатын үлкен топтарда өмір сүреді.,Арыстандар ең көп қалтысым жасайтын мысықтар. Олар прайттар деп аталатын үлкен топтардын өмір сүреді.,арыстандар ең көп қатысым жасайтын мысықтар олар прайдтар деп аталатын үлкен топтарда өмір сүреді,арыстандар ең көп қалтысым жасайтын мысықтар олар прайттар деп аталатын үлкен топтардын өмір сүреді
1863,"Тибет медитациясының орталығы - құдай йогасы. Әр түрлі құдайларды бейнелеудің арқасында қуат арналары тазартылып, чакралар іске қосылып, ағартушылық сана пайда болады.","Тибет медитациясынық орталығы құдай йогасы, әр түрлі құдайларды бейнелеудің арқасында қуа тарналары тазартылып, чакролар іске қосылып, ағартушылық сана пайда болады.",тибет медитациясының орталығы құдай йогасы әр түрлі құдайларды бейнелеудің арқасында қуат арналары тазартылып чакралар іске қосылып ағартушылық сана пайда болады,тибет медитациясынық орталығы құдай йогасы әр түрлі құдайларды бейнелеудің арқасында қуа тарналары тазартылып чакролар іске қосылып ағартушылық сана пайда болады
1839,Шаңғы тебу бағытын жаяу жүру бағытына ұқсас түрде елестетіп көріңіз.,Шаңғы тебу бағытын жаяу жүру бағытына ұқсас түрде елестетіп көріңіз.,шаңғы тебу бағытын жаяу жүру бағытына ұқсас түрде елестетіп көріңіз,шаңғы тебу бағытын жаяу жүру бағытына ұқсас түрде елестетіп көріңіз
1976,"Орташа деңгейдегі батсмендер - Сачин Тендулкар мен Рахул Дравид жақсы өнер көрсетіп, жүздеген серіктестік қатынас жасады.","Орташа деңгейдегі батысмендер сатшин Тенду Кал, Тенду Кар мен Рахул Дравид жақсы өнер көрсетіп, жүздеген сиріктестік қатынас жасады.",орташа деңгейдегі батсмендер сачин тендулкар мен рахул дравид жақсы өнер көрсетіп жүздеген серіктестік қатынас жасады,орташа деңгейдегі батысмендер сатшин тенду кал тенду кар мен рахул дравид жақсы өнер көрсетіп жүздеген сиріктестік қатынас жасады
1931,"Бұл қызмет көбінесе кеме қатынасы, соның ішінде серуендеу кемелері, сондай-ақ қашықтағы мәліметтер мен дауыстық қажеттіліктері бар экспедициялар арқылы пайдаланылады.","Бұл қызмет көбінесе кеме қатынасы, соның ішінде серуендер кемелері, сондай-ақ қашықтағы мәліметтер мен дауыстық қажеттіліктері бар. Экспедициялыр арқылы пайданылады.",бұл қызмет көбінесе кеме қатынасы соның ішінде серуендеу кемелері сондай ақ қашықтағы мәліметтер мен дауыстық қажеттіліктері бар экспедициялар арқылы пайдаланылады,бұл қызмет көбінесе кеме қатынасы соның ішінде серуендер кемелері сондай ақ қашықтағы мәліметтер мен дауыстық қажеттіліктері бар экспедициялыр арқылы пайданылады
1911,"Осы сияқты, шенген визаңыз болса, шенгенге мүше елдердің әрқайсысына визаға бөлек өтінім беру қажет болмайды, осылайша сіз уақытты, ақшаны үнемдейсіз және құжаттармен жұмыс азырақ болады.","Осы сияқты шынген визаңыз болса, шынгенге мүшей елдердің әрқайсысына визаға бөлек өтінім беру қажет болмайды. Ослайша сіз уақытты ақшаны үнемдесіз және құжаттармен жұмыс азырақ олады.",осы сияқты шенген визаңыз болса шенгенге мүше елдердің әрқайсысына визаға бөлек өтінім беру қажет болмайды осылайша сіз уақытты ақшаны үнемдейсіз және құжаттармен жұмыс азырақ болады,осы сияқты шынген визаңыз болса шынгенге мүшей елдердің әрқайсысына визаға бөлек өтінім беру қажет болмайды ослайша сіз уақытты ақшаны үнемдесіз және құжаттармен жұмыс азырақ олады
1788,АҚШ-тың Гимнастика федерациясы АҚШ Олимпиада комитетінің хатын қолдайды және біздің барлық спортсмендер үшін қоршаған ортаның қауіпсіздігін арттырудың абсолютті қажеттілігін мойындайды.,АҚШ-тың гимнастика федерациясы АҚШ Олимпиада комитетінің хатын қолдайды және біздің барлық спатсмендер үшін қоршаған ортаның қауіпсіздігін арттырудың абсолютті қажеттілігін мойындайды.,ақш тың гимнастика федерациясы ақш олимпиада комитетінің хатын қолдайды және біздің барлық спортсмендер үшін қоршаған ортаның қауіпсіздігін арттырудың абсолютті қажеттілігін мойындайды,ақш тың гимнастика федерациясы ақш олимпиада комитетінің хатын қолдайды және біздің барлық спатсмендер үшін қоршаған ортаның қауіпсіздігін арттырудың абсолютті қажеттілігін мойындайды
1763,"Дәл ай жерді тартып, судың көтерілуіне әкелетіндей, Құс жолы да Мерген галактикасына күш түсіреді.","Дәл ай жерді тартып, судың көтерілуіне әкелетіндей қос жолыда мерген галактикасына күшт сүреді.",дәл ай жерді тартып судың көтерілуіне әкелетіндей құс жолы да мерген галактикасына күш түсіреді,дәл ай жерді тартып судың көтерілуіне әкелетіндей қос жолыда мерген галактикасына күшт сүреді
1882,"Ғалымдар ғаламшарлар, әсіресе, жер қалай құралғанын түсінеміз деп үміттенеді, өйткені кометалар жермен ұзақ уақыт бұрын соқтығысқан.","Қалымдар ғаламшарлар әсіресе жер қалай құралғанын түнеміздеп үміттенеді, өйткені кометалар жермен ұзау қақып бұрын соқтықсатқан.",ғалымдар ғаламшарлар әсіресе жер қалай құралғанын түсінеміз деп үміттенеді өйткені кометалар жермен ұзақ уақыт бұрын соқтығысқан,қалымдар ғаламшарлар әсіресе жер қалай құралғанын түнеміздеп үміттенеді өйткені кометалар жермен ұзау қақып бұрын соқтықсатқан
1674,"Кейбір аумақтарда суды бір минут бойы қайнату жеткілікті, ал басқаларында бірнеше минут қажет.","Кейбір аумақтарда суды бір минут бойы қайнату жеткілікті, ал басқаларында бірнеше минутқа жетті.",кейбір аумақтарда суды бір минут бойы қайнату жеткілікті ал басқаларында бірнеше минут қажет,кейбір аумақтарда суды бір минут бойы қайнату жеткілікті ал басқаларында бірнеше минутқа жетті
1746,Өсімдіктер күн сәулесінен фотосинтез арқылы қуат алады. Олар сонымен қатар көлеңе береді.,"Өсімдіктер күн сәулесінен фотосинтіз арқылы қуат алады, олар сонымен қатар көлеңе береді.",өсімдіктер күн сәулесінен фотосинтез арқылы қуат алады олар сонымен қатар көлеңе береді,өсімдіктер күн сәулесінен фотосинтіз арқылы қуат алады олар сонымен қатар көлеңе береді
1703,Мартелли кеше тоғыз мүшеден тұратын жаңа уақытша сайлау кеңесінің (CEP) алдында ант берді.,Мортелле кеше 9 мүшеден тұратын жаңа уақытша сайлау кеңесінің сир алдында антперді.,мартелли кеше тоғыз мүшеден тұратын жаңа уақытша сайлау кеңесінің cep алдында ант берді,мортелле кеше 9 мүшеден тұратын жаңа уақытша сайлау кеңесінің сир алдында антперді
1934,Әдетте сіз туристердің және сатушылардың дыбысын әрқашан естисіз. Дыбыс пен жарықтан тұратын хикая дәл хикая кітабы сияқты болады.,Әдетте сіз туристердің және сатушылардың дыбысын әрқашан естисіз. Дыбыспен жарықтан тұратын кикая тәлілт кикая кітәбі сияқты болады.,әдетте сіз туристердің және сатушылардың дыбысын әрқашан естисіз дыбыс пен жарықтан тұратын хикая дәл хикая кітабы сияқты болады,әдетте сіз туристердің және сатушылардың дыбысын әрқашан естисіз дыбыспен жарықтан тұратын кикая тәлілт кикая кітәбі сияқты болады
1990,"Сондай-ақ блогтар оқушылардың жазуын жақсартуға көмектеседі. Оқушылар блог тәжірибесін көбінесе немқұрайлы грамматикамен және емлемен бастағанымен, аудиторияның болуы әдетте бұл жағдайды өзгертеді.",Сондай-ақ блогтар оқушылардың жазуын жақсартуға көмектеседі. Оқушылар блог тәжірибесін көбінесе немқұрайлы грамматикамен және емілімен бастағанымен аудиторияның болуы әдетте бұл жағдайды өзгертеді.,сондай ақ блогтар оқушылардың жазуын жақсартуға көмектеседі оқушылар блог тәжірибесін көбінесе немқұрайлы грамматикамен және емлемен бастағанымен аудиторияның болуы әдетте бұл жағдайды өзгертеді,сондай ақ блогтар оқушылардың жазуын жақсартуға көмектеседі оқушылар блог тәжірибесін көбінесе немқұрайлы грамматикамен және емілімен бастағанымен аудиторияның болуы әдетте бұл жағдайды өзгертеді
1848,Кеше Түркияның Газиантеп қаласындағы полиция штаб-пәтерінде бомба қойылған көлік жарылысы нәтижесінде екі полиция қызметкері қаза тапты және жиырмадан артық адам жарақат алды.,"Кеше, Түркияның газиантеп қаласындағы полиция штаб пәтерінде бомба қойылған көлік жарылысы нәтижесінде екі полиция қызметкері қаза тапта және жиырмадан артық адам жарақат алды.",кеше түркияның газиантеп қаласындағы полиция штаб пәтерінде бомба қойылған көлік жарылысы нәтижесінде екі полиция қызметкері қаза тапты және жиырмадан артық адам жарақат алды,кеше түркияның газиантеп қаласындағы полиция штаб пәтерінде бомба қойылған көлік жарылысы нәтижесінде екі полиция қызметкері қаза тапта және жиырмадан артық адам жарақат алды
1982,"Әйелдер: Өздерінің шынайы отбасы жағдайына қарамастан, әйел жынысты саяхатшыларға тұрмыс құрған деп айтуға кеңес беріледі.","Әйелдер өздерінің шынайы отбасы жағдайына қарамастан, әйел жынысты хсайхатшыларға тұрмыс құрған деп айтуға кеңес беріледі.",әйелдер өздерінің шынайы отбасы жағдайына қарамастан әйел жынысты саяхатшыларға тұрмыс құрған деп айтуға кеңес беріледі,әйелдер өздерінің шынайы отбасы жағдайына қарамастан әйел жынысты хсайхатшыларға тұрмыс құрған деп айтуға кеңес беріледі
1938,"Аурухана инфекцияны бақылау хаттамасын орындады, соның ішінде басқаларды жұқтырудың алдын алу үшін науқасты басқалардан бөлді.","Аурухана инфекцияды бақы лауқаттамасын орындады, соның ішінде басқалаларды жұқтырудың алдын ауы үшін науқасты басқаралардан бөлді.",аурухана инфекцияны бақылау хаттамасын орындады соның ішінде басқаларды жұқтырудың алдын алу үшін науқасты басқалардан бөлді,аурухана инфекцияды бақы лауқаттамасын орындады соның ішінде басқалаларды жұқтырудың алдын ауы үшін науқасты басқаралардан бөлді
1677,Бүгінде қанаттарын арқасына бүктей алмайтын жәндіктер - инеліктер мен біркүндіктер.,Бүгінде қаноттарын арқасына бүкджей аумайтын жәндіктер енеліктер мен біркіндіктер.,бүгінде қанаттарын арқасына бүктей алмайтын жәндіктер инеліктер мен біркүндіктер,бүгінде қаноттарын арқасына бүкджей аумайтын жәндіктер енеліктер мен біркіндіктер
1939,"Революциядан кейін жұмыс орындары барлық ерлер үшін ашық болып, олардың табысқа жетуіне мүмкін берді.","Реболюциядан кейін жұмыс орындары барлық ерлер үшін ашық болып, олардың табысқа жетуіне мүмкін берді.",революциядан кейін жұмыс орындары барлық ерлер үшін ашық болып олардың табысқа жетуіне мүмкін берді,реболюциядан кейін жұмыс орындары барлық ерлер үшін ашық болып олардың табысқа жетуіне мүмкін берді
1985,"Бұл альптық стильдегі шаңғы туризмімен немесе альпинизммен байланысты (бірақ әдетте байланысты болмайды), соңғысы тік еңістіктерде өткізіледі және қатты шаңғы мен аяқ киімді қажет етеді.","Бұл алыптік стильдегі шаңғы туризммен немесе алпинизмімен байланысты, бірақ әдетте байланысты болмайды, соңғысы тік еңістіктерде өткізіледі және қатты шаңғымен аяқ кейімді қажет етеді.",бұл альптық стильдегі шаңғы туризмімен немесе альпинизммен байланысты бірақ әдетте байланысты болмайды соңғысы тік еңістіктерде өткізіледі және қатты шаңғы мен аяқ киімді қажет етеді,бұл алыптік стильдегі шаңғы туризммен немесе алпинизмімен байланысты бірақ әдетте байланысты болмайды соңғысы тік еңістіктерде өткізіледі және қатты шаңғымен аяқ кейімді қажет етеді
1948,Үш патшалық ежелгі Қытайдың тарихындағы ең қанқұйлы дәуірлердің бірі болған. Мыңдаған адам Сианьдағы үлкен сарайдағы ең жоғары орынға отыру үшін соғысқанда өлді.,Үш паршалық ежелгі Қытайдың тарихындағы ең қанқұйылы дәуірлерінің бірі болған. Мыңдаған адам сиян диғі үлкен сарайдағы ең жоғарғы орынға отыру үшін соғысқанда өлді.,үш патшалық ежелгі қытайдың тарихындағы ең қанқұйлы дәуірлердің бірі болған мыңдаған адам сианьдағы үлкен сарайдағы ең жоғары орынға отыру үшін соғысқанда өлді,үш паршалық ежелгі қытайдың тарихындағы ең қанқұйылы дәуірлерінің бірі болған мыңдаған адам сиян диғі үлкен сарайдағы ең жоғарғы орынға отыру үшін соғысқанда өлді
1993,Атлант мұхитының оныншы атау берілген дауыл маусымы «Субтропиктік дауыл Джерри» бүгін Атлант мұхитында пайда болды.,"Атлант мұхитының оныншы атау берілген дауыл маусымы, субтропиктік дауыл джери бүгін Атлант мұхитында пайда болды.",атлант мұхитының оныншы атау берілген дауыл маусымы субтропиктік дауыл джерри бүгін атлант мұхитында пайда болды,атлант мұхитының оныншы атау берілген дауыл маусымы субтропиктік дауыл джери бүгін атлант мұхитында пайда болды
1671,Конгресс әдепсіздік бастамасын 2005 қаржы жылынан бастады және ФТБ ұйымы ересектер порнографиясына қатысты істерге 10 агент бөлуі керектігін көрсетті.,Конгресс әдепсіздік бастамасын 2005-ші қаржы жылынан бастады және FTP ұйымы ересектер парнографиясына қатысты істерге он агент бөлуі керектігін көрсетті.,конгресс әдепсіздік бастамасын 2005 қаржы жылынан бастады және фтб ұйымы ересектер порнографиясына қатысты істерге 10 агент бөлуі керектігін көрсетті,конгресс әдепсіздік бастамасын 2005 ші қаржы жылынан бастады және ftp ұйымы ересектер парнографиясына қатысты істерге он агент бөлуі керектігін көрсетті
1886,"Ежелгі мәдениеттер мен тайпалар сүтке, жүнге, етке және терілерге оңай қол жеткізу үшін оларды өсіре бастады.","Ежелгі мәдениеттер мен тайпалар сүтке, жүнінге, етке және терілерге оңай қол жеткізу үшін оларды өсіре бастады.",ежелгі мәдениеттер мен тайпалар сүтке жүнге етке және терілерге оңай қол жеткізу үшін оларды өсіре бастады,ежелгі мәдениеттер мен тайпалар сүтке жүнінге етке және терілерге оңай қол жеткізу үшін оларды өсіре бастады
1736,Роландо Мендоза M16 мылтығымен туристтерге оқ жаудырды.,Роландымен доза M16-мылтығымен туристерге оқжаудырды.,роландо мендоза m16 мылтығымен туристтерге оқ жаудырды,роландымен доза m16 мылтығымен туристерге оқжаудырды
1896,"АҚШ гимнастикасы және АҚШ Олимпиада комитеті бір мақсатты көздейді - гимнастика және басқа да спорт түрлерін барынша қауіпсіз етіп, спортшылардың өз армандарын орындауды қауіпсіз, позитивті және мүмкіндіктерге толы ортада жүзеге асыруын қамтамасыз ету.","АҚШ кимнастикасы және АҚШ Олимпиада комитеті бір мақсатты көздейді. Кимнастика және басқа да спорт түрлерін барынша қауымсыз етіп, спортшылардың өз армандарын орындалды қауіпсіз позитивті және мүмкіндіктерге толы ортада жүзегі асыруын қамтымасыз ету.",ақш гимнастикасы және ақш олимпиада комитеті бір мақсатты көздейді гимнастика және басқа да спорт түрлерін барынша қауіпсіз етіп спортшылардың өз армандарын орындауды қауіпсіз позитивті және мүмкіндіктерге толы ортада жүзеге асыруын қамтамасыз ету,ақш кимнастикасы және ақш олимпиада комитеті бір мақсатты көздейді кимнастика және басқа да спорт түрлерін барынша қауымсыз етіп спортшылардың өз армандарын орындалды қауіпсіз позитивті және мүмкіндіктерге толы ортада жүзегі асыруын қамтымасыз ету
1830,Билеуші партия Оңтүстік батыс Африка халық ұйымы (SWAPO) парламенттік сайлауларда көптеген орынға ие болды.,Билуші партия оңтүстік Ватс Африка халық ұйымы Сваппо парламенттік сайлауларда көптеген орынға ие болды.,билеуші партия оңтүстік батыс африка халық ұйымы swapo парламенттік сайлауларда көптеген орынға ие болды,билуші партия оңтүстік ватс африка халық ұйымы сваппо парламенттік сайлауларда көптеген орынға ие болды
1733,Оның 78 ұсынысының біріншісі — Ирактың шекарасын дұшпандық араласудан қорғау және көршілерімен дипломатиялық қатынастарды қайта орнату үшін осы жылдың соңына дейін  жаңа дипломатиялық бастама қолға алынуы керек.,Оның 78 ұсынысының піріншісі Ирактың шекарасын дұшпандық араласудан қорығау және көршілерімен дипломатиялық қатынастарды қайта орнату үшін осы жылдың соңыға дейін жаңа дипломатиялық бастама қолға алынуы керек.,оның 78 ұсынысының біріншісі ирактың шекарасын дұшпандық араласудан қорғау және көршілерімен дипломатиялық қатынастарды қайта орнату үшін осы жылдың соңына дейін жаңа дипломатиялық бастама қолға алынуы керек,оның 78 ұсынысының піріншісі ирактың шекарасын дұшпандық араласудан қорығау және көршілерімен дипломатиялық қатынастарды қайта орнату үшін осы жылдың соңыға дейін жаңа дипломатиялық бастама қолға алынуы керек
1897,"Аймақ солтүстігінде Сахельмен шекаралас, ал оңтүстігі мен батысында Атлант мұхитымен шектеседі.",Аймақ солтүстігінде сахельмен шекаралас алонгтүстікмен батысында атлант мұхитымен шектеседі.,аймақ солтүстігінде сахельмен шекаралас ал оңтүстігі мен батысында атлант мұхитымен шектеседі,аймақ солтүстігінде сахельмен шекаралас алонгтүстікмен батысында атлант мұхитымен шектеседі
1700,"Күңгірт жерлердің асты жұқа, ал жарық жерлердің асты қалың тау жынысынан тұрады.","Күңгір жерлердің асты жұқа, ал жарық жерлердің асты қалың талжынысынан тұрады.",күңгірт жерлердің асты жұқа ал жарық жерлердің асты қалың тау жынысынан тұрады,күңгір жерлердің асты жұқа ал жарық жерлердің асты қалың талжынысынан тұрады
1887,"Лиггинс ауруханада жұмыс істей бастағанда, бос уақытында мерзімінен бұрын босануды зерттей бастады.",Лиггинс ауруханада жұмыс істей бастағанда бос бақытында мерзімінен бұрын босануды зерттей бастады.,лиггинс ауруханада жұмыс істей бастағанда бос уақытында мерзімінен бұрын босануды зерттей бастады,лиггинс ауруханада жұмыс істей бастағанда бос бақытында мерзімінен бұрын босануды зерттей бастады
1689,"Еуропа — салыстырмалы түрде шағын, бірақ көп тәуелсіз елдері бар континент. Қалыпты жағдайларда, бірнеше ел арқылы саяхаттасаңыз, визаға өтінімдер беру және бірнеше рет төлқұжатты тексеруден өту керектігін білдіретін еді.","Еуропа салыстырмалы түрде шағын, бірақ көп, тәуелсіз елдері бар континент. Қалытты жағдайларда бірнеше ел арқылы саяхатта саңыз, визаға өтінімдер беру және бірнеше реттөл құжатты тексеруден өту керектігін білдіретін еді.",еуропа салыстырмалы түрде шағын бірақ көп тәуелсіз елдері бар континент қалыпты жағдайларда бірнеше ел арқылы саяхаттасаңыз визаға өтінімдер беру және бірнеше рет төлқұжатты тексеруден өту керектігін білдіретін еді,еуропа салыстырмалы түрде шағын бірақ көп тәуелсіз елдері бар континент қалытты жағдайларда бірнеше ел арқылы саяхатта саңыз визаға өтінімдер беру және бірнеше реттөл құжатты тексеруден өту керектігін білдіретін еді
1798,"Алғашқы күндері шоу тек ұзақ уақыттан бері жұмыс істеп келе жатқан TogiNet Radio интернет радиосында, сөйлесу радиосына негізделген сайтта өткен.",Алғашқы күндері шоу тек ұзақ уақыттан бері жұмыс істеп келі жатқан тогене традеу интернет радиосында сөйлесу радиосына негізделген сайтта өткен.,алғашқы күндері шоу тек ұзақ уақыттан бері жұмыс істеп келе жатқан toginet radio интернет радиосында сөйлесу радиосына негізделген сайтта өткен,алғашқы күндері шоу тек ұзақ уақыттан бері жұмыс істеп келі жатқан тогене традеу интернет радиосында сөйлесу радиосына негізделген сайтта өткен
1984,"Сондай-ақ массалық көлікке иелік жолдарда апаттардың көбірек болуына әкеледі, бұл зақымдалған денелерді жөндеу үшін денсаулық сақтау саласында жаңа әдістерді ойлап табуға әкеледі.",Сондай-ақ масалық көлікке еліп жолдарда апаттардың көбірек болуына әкеледі. Бұл зақымдалған денелерді жөндеу үшін денсаулық сақтау саласында жаңа әдістерді ойлап табуға әкеледі.,сондай ақ массалық көлікке иелік жолдарда апаттардың көбірек болуына әкеледі бұл зақымдалған денелерді жөндеу үшін денсаулық сақтау саласында жаңа әдістерді ойлап табуға әкеледі,сондай ақ масалық көлікке еліп жолдарда апаттардың көбірек болуына әкеледі бұл зақымдалған денелерді жөндеу үшін денсаулық сақтау саласында жаңа әдістерді ойлап табуға әкеледі
1984,"Сондай-ақ массалық көлікке иелік жолдарда апаттардың көбірек болуына әкеледі, бұл зақымдалған денелерді жөндеу үшін денсаулық сақтау саласында жаңа әдістерді ойлап табуға әкеледі.",Сондай-ақ масалық көлікке иелік жолдарда апаттардың көбірек болуына әкеледі. Бұл зақымдалған денелерді жөндеу үшін денсаулық сақтау саласында жаңа дістерді ойлап табуға әкеледі.,сондай ақ массалық көлікке иелік жолдарда апаттардың көбірек болуына әкеледі бұл зақымдалған денелерді жөндеу үшін денсаулық сақтау саласында жаңа әдістерді ойлап табуға әкеледі,сондай ақ масалық көлікке иелік жолдарда апаттардың көбірек болуына әкеледі бұл зақымдалған денелерді жөндеу үшін денсаулық сақтау саласында жаңа дістерді ойлап табуға әкеледі
1796,Бұл шөгінді жыныстар жабайы жануарлардың мекені болған құмқайырларды және жағажайларды жасауға қажет болды.,"Бұл шугінді жыңыстар жабайы жануарлардың мекені болған, құмқайырларды және жағажайларды жасауға қажет болды.",бұл шөгінді жыныстар жабайы жануарлардың мекені болған құмқайырларды және жағажайларды жасауға қажет болды,бұл шугінді жыңыстар жабайы жануарлардың мекені болған құмқайырларды және жағажайларды жасауға қажет болды
1834,"Сонымен қатар солтүстігінде бүкіл әлемге әйгілі Мариан ғажабының орны болған, Фатимадағы Әйел ғибадатханасына барыңыз.",Сонымен қатар солтүстігінде бүкіл әлемге әйгілі Мариан ғажабының орны болған. Фатимадағы әйел-ғибадат қанасына барыңыз.,сонымен қатар солтүстігінде бүкіл әлемге әйгілі мариан ғажабының орны болған фатимадағы әйел ғибадатханасына барыңыз,сонымен қатар солтүстігінде бүкіл әлемге әйгілі мариан ғажабының орны болған фатимадағы әйел ғибадат қанасына барыңыз
1913,"Жолбарыстың ақыруы арыстанның бар күшімен ақыруына ұқсамайды, ол ақырып қатты айтқан сөздерге көбірек ұқсайды.","Жолбарыстың ақыруы арыстанның бар кішімен ақыруына құсамайды, ол ақырып қатты айтқан сөздерде көмірек ұқсайды.",жолбарыстың ақыруы арыстанның бар күшімен ақыруына ұқсамайды ол ақырып қатты айтқан сөздерге көбірек ұқсайды,жолбарыстың ақыруы арыстанның бар кішімен ақыруына құсамайды ол ақырып қатты айтқан сөздерде көмірек ұқсайды
1851,"Үзілмелі ағыстар жағаға, рифтерге соғылатын толқындардың кері ағыны болып табылады.",Үзілмелі ағыстар жағаға рифтерге соғулатын толқындардың кері ағыны болып табылады.,үзілмелі ағыстар жағаға рифтерге соғылатын толқындардың кері ағыны болып табылады,үзілмелі ағыстар жағаға рифтерге соғулатын толқындардың кері ағыны болып табылады
1923,Әскерилерге және азаматтарға қажет заттардың қамтамасыз етілуін тоқтатқан бұл стратегия тиімді болып шықты. Дегенмен бұл блокада өткен екі ғасырдағы бірнеше халықаралық келісімде жазылған жалпы қабылданған халықаралық заңды бұзды.,"Әскерилерге және азаматтарға қажет заттардың қамтамысыз етілуін тоқтатқан, бұл «стратегия тыйымды болып шықты», дегенмен бұл блокада өткені еке ғасырдағы бірнеше халық аралық келісімде жазылған жалпы қабылданған халық аралық заңдыбұзды.",әскерилерге және азаматтарға қажет заттардың қамтамасыз етілуін тоқтатқан бұл стратегия тиімді болып шықты дегенмен бұл блокада өткен екі ғасырдағы бірнеше халықаралық келісімде жазылған жалпы қабылданған халықаралық заңды бұзды,әскерилерге және азаматтарға қажет заттардың қамтамысыз етілуін тоқтатқан бұл стратегия тыйымды болып шықты дегенмен бұл блокада өткені еке ғасырдағы бірнеше халық аралық келісімде жазылған жалпы қабылданған халық аралық заңдыбұзды
2009,"Ең оңай қол жеткізуге болаты өсімдік ресурстарына жапырақтар мен бұршақтарда қолжетімді ақуыздар болды, бірақ әзірлемесе, олар біз сияқты приматтар үшін қорытуға қиын.","Ең оңай қол жеткізуге болатты, өсімдік ресустарына жапырақтар мен бұршақтарда қол жетімді ағуыздар болды, бірақ әзірлемесе, олар біз сияқты приматтар үшін қортуға қайын.",ең оңай қол жеткізуге болаты өсімдік ресурстарына жапырақтар мен бұршақтарда қолжетімді ақуыздар болды бірақ әзірлемесе олар біз сияқты приматтар үшін қорытуға қиын,ең оңай қол жеткізуге болатты өсімдік ресустарына жапырақтар мен бұршақтарда қол жетімді ағуыздар болды бірақ әзірлемесе олар біз сияқты приматтар үшін қортуға қайын
1888,"Елге оралу шогы мәдени шоктан (мұнда бастапқы фаза өте аз) гөрі тезірек пайда болады, ол ұзаққа созылады және одан да ауыр болуы мүмкін.","Елге оралу шогы мәдени шоктан, мұнда бастап қыфазы өте аз, гөрі тезірек пайда болады, ол ұзаққа созылады және одан да ауыр болуы мүмкін.",елге оралу шогы мәдени шоктан мұнда бастапқы фаза өте аз гөрі тезірек пайда болады ол ұзаққа созылады және одан да ауыр болуы мүмкін,елге оралу шогы мәдени шоктан мұнда бастап қыфазы өте аз гөрі тезірек пайда болады ол ұзаққа созылады және одан да ауыр болуы мүмкін
1969,Ол негізгі тақырыптың ең тиімді орны сызықтардың қиылысуында деп айтады. Бұл кескінді тігінен және көлденеңінен үштіктерге бөледі (мысалды қараңыз).,"Ол негізгі тақырыптың ең тиімді орны сызықтардың қиылысуында деп айтады, бұл кескінді тігінен және көлденеңінен үштіктерге бөледі, мысалды қараңыз.",ол негізгі тақырыптың ең тиімді орны сызықтардың қиылысуында деп айтады бұл кескінді тігінен және көлденеңінен үштіктерге бөледі мысалды қараңыз,ол негізгі тақырыптың ең тиімді орны сызықтардың қиылысуында деп айтады бұл кескінді тігінен және көлденеңінен үштіктерге бөледі мысалды қараңыз
1857,"Ол тағы былай деді: «дегенмен, олардан даму кезеңінен, жауапкершілігінен және мүмкіндіктерінен асатын міндеттемелерді қабылдауды сұрамау керек».","Ол тағы былай деді:「Дегенмен, олардан даму кезеңінен, жауып кершілігінен және мүмкіндіктерінен асатын міндеттемелерді қабылдауды сұрамау керек».",ол тағы былай деді дегенмен олардан даму кезеңінен жауапкершілігінен және мүмкіндіктерінен асатын міндеттемелерді қабылдауды сұрамау керек,ол тағы былай деді дегенмен олардан даму кезеңінен жауып кершілігінен және мүмкіндіктерінен асатын міндеттемелерді қабылдауды сұрамау керек
1916,"Көп неміс пісірілген өнімдерінде сонымен бірге бадам, орман жаңғақтары және басқа ағаш жаңғақтары болады. Танымал торттар жиі қою кофенің саптыаяғымен өте жақсы желінеді.","Көп неміс бізірілген өнімдерінде, сонымен бірге бадағым орман жаңғақтары және басқа ағыш жаңғақтары болады. Танмал торттар жиі қою кофенің сыптайағымен өте жақсы желінеді.",көп неміс пісірілген өнімдерінде сонымен бірге бадам орман жаңғақтары және басқа ағаш жаңғақтары болады танымал торттар жиі қою кофенің саптыаяғымен өте жақсы желінеді,көп неміс бізірілген өнімдерінде сонымен бірге бадағым орман жаңғақтары және басқа ағыш жаңғақтары болады танмал торттар жиі қою кофенің сыптайағымен өте жақсы желінеді
1828,"Интернеттен «қауіпті ортаны» іздесеңіз, жергілікті компанияның мекен-жайын береді.","Интернеттен қауіпті ортаны ізде-сеңіз, жергілікті компанияның мекенжайын береді.",интернеттен қауіпті ортаны іздесеңіз жергілікті компанияның мекен жайын береді,интернеттен қауіпті ортаны ізде сеңіз жергілікті компанияның мекенжайын береді
1772,Осылайша нотация жай ғана белгі ретінде қосылған болуы мүмкін.,"Осыл айша, нотация жай ғана белгі ретінде қосылған болуы мүмкін.",осылайша нотация жай ғана белгі ретінде қосылған болуы мүмкін,осыл айша нотация жай ғана белгі ретінде қосылған болуы мүмкін
1775,"Бейне жазып алуды пайдалану бірнеше миллисекунд жалғасатын микро қимылдарды, бет бұлшық еттерінің қимылдарын түсіндіруде маңызды жаңалықтардың ашылуына себеп болды.",Бейне жазып алуды пайдалануы бірнеше миллисекун жалғасатын микроқимылдарды бет болшы ғиттерін қимылдарын түсіндіруде маңызды жаңалықтардың ашылуына себеп болды.,бейне жазып алуды пайдалану бірнеше миллисекунд жалғасатын микро қимылдарды бет бұлшық еттерінің қимылдарын түсіндіруде маңызды жаңалықтардың ашылуына себеп болды,бейне жазып алуды пайдалануы бірнеше миллисекун жалғасатын микроқимылдарды бет болшы ғиттерін қимылдарын түсіндіруде маңызды жаңалықтардың ашылуына себеп болды
1972,"Көп адам оларды динозаврлар деп ойламайды, өйткені олардың қауырсындары бар және ұша алады.","Көп адам оларды динозаврлар деп ойламайды, өйткені олардың қауірсындары бар және ұлша алады.",көп адам оларды динозаврлар деп ойламайды өйткені олардың қауырсындары бар және ұша алады,көп адам оларды динозаврлар деп ойламайды өйткені олардың қауірсындары бар және ұлша алады
1810,Калифорния губернаторы Арнольд Шварценеггер кәмелетке толмағандарға зорлық-зомбылық контенті бар видео ойындарды сатуға немесе жалға беруге тыйым салатын заңға қол қойды.,Калифорния губернаторы Арнольд Шварцнегер кәмелетке туылмағандарға зорлық зонбылық контенті бар видео ойындарды сатуға немесе жалға беруге тыым салатын заңға қол қойды.,калифорния губернаторы арнольд шварценеггер кәмелетке толмағандарға зорлық зомбылық контенті бар видео ойындарды сатуға немесе жалға беруге тыйым салатын заңға қол қойды,калифорния губернаторы арнольд шварцнегер кәмелетке туылмағандарға зорлық зонбылық контенті бар видео ойындарды сатуға немесе жалға беруге тыым салатын заңға қол қойды
1880,Осылайша қарындаш шыққан кезде көп адамдарға жақсы дос болды.,Осылайшы қарында шыққан кезде көп адамдарға жақсы дос болды.,осылайша қарындаш шыққан кезде көп адамдарға жақсы дос болды,осылайшы қарында шыққан кезде көп адамдарға жақсы дос болды
1997,Алайда туберкулезбен ауыратын адамдардың бүкіл тобындағы XDR-ТБ пайызы әлі де төмен болып көрінеді; Оңтүстік Африкада әрбір сәтте жалпы 330 000 адамның 6 мыңы ауру жұқтырады.,Алайда туберкіл езбен ауратын адамдардың бүкіл тобындағы XDRTB пайызды әлі де төмен болып көрінеді. Оңыстық Африкада әрбір сәтте жалпы 330 000 адамның 6000-ы ауру жұқтырады.,алайда туберкулезбен ауыратын адамдардың бүкіл тобындағы xdr тб пайызы әлі де төмен болып көрінеді оңтүстік африкада әрбір сәтте жалпы 330 000 адамның 6 мыңы ауру жұқтырады,алайда туберкіл езбен ауратын адамдардың бүкіл тобындағы xdrtb пайызды әлі де төмен болып көрінеді оңыстық африкада әрбір сәтте жалпы 330 000 адамның 6000 ы ауру жұқтырады
1767,"Бұл солтүстік шұғыласын көрудің жақсы мүмкіндігін береді, өйткені аспан тәулік бойы азды-көпті күңгірт болады.","Бұл солтүстік шығыласын көрідің жақсының күндігін береді, өйткені аспан тәулік ойы азды-көпті күңгірт болады.",бұл солтүстік шұғыласын көрудің жақсы мүмкіндігін береді өйткені аспан тәулік бойы азды көпті күңгірт болады,бұл солтүстік шығыласын көрідің жақсының күндігін береді өйткені аспан тәулік ойы азды көпті күңгірт болады
1729,"Мысалы, Солтүстік Каролина штатындағы Беннет мектебінің студенттері жыл сайын штат астанасына сапары туралы веб-сайтын жасайды, бұл веб-сайт жыл сайын қайта жасалады, бірақ ескі нұсқалар альбом ретінде онлайн сақталады.","Мысалы, солтүстік Каролина штатындағы Беннет мектебінің студенттері жыл сайын штат астанасына сапар туралы веб-сайттын жасайды. Бұл веб-сайт жыл сайын қайта жасалады, бірақ ескі нұсқалар альбом ретінде онлайн сақталады.",мысалы солтүстік каролина штатындағы беннет мектебінің студенттері жыл сайын штат астанасына сапары туралы веб сайтын жасайды бұл веб сайт жыл сайын қайта жасалады бірақ ескі нұсқалар альбом ретінде онлайн сақталады,мысалы солтүстік каролина штатындағы беннет мектебінің студенттері жыл сайын штат астанасына сапар туралы веб сайттын жасайды бұл веб сайт жыл сайын қайта жасалады бірақ ескі нұсқалар альбом ретінде онлайн сақталады
1896,"АҚШ гимнастикасы және АҚШ Олимпиада комитеті бір мақсатты көздейді - гимнастика және басқа да спорт түрлерін барынша қауіпсіз етіп, спортшылардың өз армандарын орындауды қауіпсіз, позитивті және мүмкіндіктерге толы ортада жүзеге асыруын қамтамасыз ету.","АҚШ гимнастикасы және АҚШ олимпиада комитеті бір мақсатты көздейді. Гимнастико және басқа да спорт түрлерін барынша қауіпсіз етіп, спортшылардың өз әрмандарын орындауды қауіпсіз, позитивті және мүмкіндіктерге толы ортада жүзеге асыруын қамтамасыз ету.Антаран",ақш гимнастикасы және ақш олимпиада комитеті бір мақсатты көздейді гимнастика және басқа да спорт түрлерін барынша қауіпсіз етіп спортшылардың өз армандарын орындауды қауіпсіз позитивті және мүмкіндіктерге толы ортада жүзеге асыруын қамтамасыз ету,ақш гимнастикасы және ақш олимпиада комитеті бір мақсатты көздейді гимнастико және басқа да спорт түрлерін барынша қауіпсіз етіп спортшылардың өз әрмандарын орындауды қауіпсіз позитивті және мүмкіндіктерге толы ортада жүзеге асыруын қамтамасыз ету антаран
1868,"Спектрдің екінші жағында адам бейтаныс адамға айналады, ол топ орындайтын барлық әрекеттерді өзгертіп, оны өз бетінше жасау керек деп санайды.","Спектрдің екінші жағында адам бейтаныс адамға айналады, ол топ орындайтын барлыға рекеттерді өзгерді оны өз бетінше жасау керек деп санайды.",спектрдің екінші жағында адам бейтаныс адамға айналады ол топ орындайтын барлық әрекеттерді өзгертіп оны өз бетінше жасау керек деп санайды,спектрдің екінші жағында адам бейтаныс адамға айналады ол топ орындайтын барлыға рекеттерді өзгерді оны өз бетінше жасау керек деп санайды
1875,Мұхиттарға құйылатын планета өзендеріндегі судың толықтай 20 пайызы Амазонкадан келеді.,Мұхиттарға құялатын планета өзендеріндегі судың толықтай жиырма пайызы Амазонкадан келеді.,мұхиттарға құйылатын планета өзендеріндегі судың толықтай 20 пайызы амазонкадан келеді,мұхиттарға құялатын планета өзендеріндегі судың толықтай жиырма пайызы амазонкадан келеді
1814,"Сутегі иондары, бұл олардан электрондары алынып тасталған протондар болып табылады (өйткені сутегі атомдары бір протон мен бір электроннан тұрады).","Сутегі иондары. Бұл олардан электрондары алынып тасталған протондар болып табылады. өйткені, сутегі атомдары бір протон мен бір электроннын тұрады.",сутегі иондары бұл олардан электрондары алынып тасталған протондар болып табылады өйткені сутегі атомдары бір протон мен бір электроннан тұрады,сутегі иондары бұл олардан электрондары алынып тасталған протондар болып табылады өйткені сутегі атомдары бір протон мен бір электроннын тұрады
1811,"802.11n стандарты 2,4 Ггц және 5,0 Ггц жиіліктерінде жұмыс істейді.",802.11n стандартты 2-де 4 ГГц және 5.0 ГГц жиіліктерінде жұмыс істейді.,802 11n стандарты 2 4 ггц және 5 0 ггц жиіліктерінде жұмыс істейді,802 11n стандартты 2 де 4 ггц және 5 0 ггц жиіліктерінде жұмыс істейді
1835,"Цунами туралы ескерту берілмеді және Джакартаның геофизика агенттігінің деректеріне сай, цунами туралы ескерту берілмейді, өйткені жер сілкінісі 6,5 магнитудасы талабына сай болмады.","Цунами туралы ескерту берілмейді және Джакарта-ның геофизика агенттігінің деректеріне сай цунами туралы ескерту берілмейді өйткені жер сілкінісі 6,5 мгнитудасы талабына сай болмады.",цунами туралы ескерту берілмеді және джакартаның геофизика агенттігінің деректеріне сай цунами туралы ескерту берілмейді өйткені жер сілкінісі 6 5 магнитудасы талабына сай болмады,цунами туралы ескерту берілмейді және джакарта ның геофизика агенттігінің деректеріне сай цунами туралы ескерту берілмейді өйткені жер сілкінісі 6 5 мгнитудасы талабына сай болмады
1944,"Бұл кейде адам көп болатын отбасылық жағажайлар, жағалауда көптеген дүкендері бар. Қауіпсіз жүзуге болады.","Бұл кейде адам көп болатын отбасылық жағажайлар, жағалауда көптеген дүкендері бар, қауіпсіз жүзуге болады.",бұл кейде адам көп болатын отбасылық жағажайлар жағалауда көптеген дүкендері бар қауіпсіз жүзуге болады,бұл кейде адам көп болатын отбасылық жағажайлар жағалауда көптеген дүкендері бар қауіпсіз жүзуге болады
1668,Сондай-ақ Wild Card картасын сатып алған пайдалы болуы мүмкін. Ол Оңтүстік Африкадағы парктарға немесе Оңтүстік Африканың барлық ұлттық парктарына кіруге мүмкіндік береді.,Сондай-ақ Уайлт Картасын сатып алған пайдалы болуы мүмкін. Ол оңтүстік Африкадағы парктарға немесе Оңтүстік Африканың барлық ұлттық парктарына кіруге мүмкіндік береді.,сондай ақ wild card картасын сатып алған пайдалы болуы мүмкін ол оңтүстік африкадағы парктарға немесе оңтүстік африканың барлық ұлттық парктарына кіруге мүмкіндік береді,сондай ақ уайлт картасын сатып алған пайдалы болуы мүмкін ол оңтүстік африкадағы парктарға немесе оңтүстік африканың барлық ұлттық парктарына кіруге мүмкіндік береді
1932,"Басталғаннан бес минуттан кейін жел күшее бастайды, бір минуттан кейін, жел 70 км/сағ жылдамдығына жетеді... содан кейін жаңбыр келді, бірақ тамшыларының қатты және үлкен болғаны сонша, теріңізге ине сияқты шаншылады, содан кейін аспаннан бұршақ жауды, адамдар үрейленіп, айқайлады және бір бірінің үстінен өтіп жатты.","Басталғаннан 5 минуттан кейін жел күшіе бастайды, бір минуттан кейін жел 70 км-сағат жылдамдығына жетеді. Содан кейін жаңбыр келді, бірақ тамшыларының қатты және үлкен болған сонша теріңізге ине сияқты шаншылады, содан кейін аспаннан бұршы.Адамдар үреленіп, айықайлады және бір бірінің үстінен өтіп жатты.",басталғаннан бес минуттан кейін жел күшее бастайды бір минуттан кейін жел 70 км сағ жылдамдығына жетеді содан кейін жаңбыр келді бірақ тамшыларының қатты және үлкен болғаны сонша теріңізге ине сияқты шаншылады содан кейін аспаннан бұршақ жауды адамдар үрейленіп айқайлады және бір бірінің үстінен өтіп жатты,басталғаннан 5 минуттан кейін жел күшіе бастайды бір минуттан кейін жел 70 км сағат жылдамдығына жетеді содан кейін жаңбыр келді бірақ тамшыларының қатты және үлкен болған сонша теріңізге ине сияқты шаншылады содан кейін аспаннан бұршы адамдар үреленіп айықайлады және бір бірінің үстінен өтіп жатты
1824,"Мысырлық өлілер алқабындағы Гиза үстіртінде немесе «Гиза некрополисінде» бірнеше пирамида (олардың ішінде ұлы пирамида ең үлкені болып табылады), бірнеше шағын саркофаг, бірнеше храм және ұлы Сфинкс бар.","Мысырлық өлілер алғауындағы гиза үстүртінде немесе гиза некраполисынде, бірнеше пирамиді, олардың ішінде ола пирамида ең үлкені болып табылады, бірнеше шағын сарқафақ, бірнеше храм және олос финкспар.",мысырлық өлілер алқабындағы гиза үстіртінде немесе гиза некрополисінде бірнеше пирамида олардың ішінде ұлы пирамида ең үлкені болып табылады бірнеше шағын саркофаг бірнеше храм және ұлы сфинкс бар,мысырлық өлілер алғауындағы гиза үстүртінде немесе гиза некраполисынде бірнеше пирамиді олардың ішінде ола пирамида ең үлкені болып табылады бірнеше шағын сарқафақ бірнеше храм және олос финкспар
1719,"Қаһарлы ауа-райы - ауыр зақым келтіретін, қоғамдық құрылымға қатты қалал келтіретін және адам өлімдеріне себеп болуы мүмкін болған кез-келген қауіпті ауа-райының құбылыстарына айтылатын ұғым.","Қаһарлы ауа райы ауыр зақым келтіретін, қоғамдық құрылымға қатты қалал келтіретін және адам өлімдеріне себип болуы мүмкін болған кез келген қауіпті ауа райының құбылыстарына айтылатын ұғым.",қаһарлы ауа райы ауыр зақым келтіретін қоғамдық құрылымға қатты қалал келтіретін және адам өлімдеріне себеп болуы мүмкін болған кез келген қауіпті ауа райының құбылыстарына айтылатын ұғым,қаһарлы ауа райы ауыр зақым келтіретін қоғамдық құрылымға қатты қалал келтіретін және адам өлімдеріне себип болуы мүмкін болған кез келген қауіпті ауа райының құбылыстарына айтылатын ұғым
1734,Ғалымдар қара материя басқа қара материяға қарапайым материя сияқты әсер етеді деп тұжырымдай алды.,Ғалымдар қараматерия басқа қараматерияға қарапайып материя сияқты әсер етеді деп тұжырымдай алды.,ғалымдар қара материя басқа қара материяға қарапайым материя сияқты әсер етеді деп тұжырымдай алды,ғалымдар қараматерия басқа қараматерияға қарапайып материя сияқты әсер етеді деп тұжырымдай алды
1845,Күймеде олар айқайлап жатқан және король мен патшайымға қоқан-лоққыларды айқайлап айтып жатқан адамдар тобы қоршаған күйде Парижге қайтып оралды.,Күймеде олар айқайлап жатқан және король мен патшайымға қоқан лохаларды айқайлап айтып жатқан адамдар тобы қоршаған күйде Парижге қайтып оралды.,күймеде олар айқайлап жатқан және король мен патшайымға қоқан лоққыларды айқайлап айтып жатқан адамдар тобы қоршаған күйде парижге қайтып оралды,күймеде олар айқайлап жатқан және король мен патшайымға қоқан лохаларды айқайлап айтып жатқан адамдар тобы қоршаған күйде парижге қайтып оралды
1843,"Данди университетінің профессоры Памела Фергюсон журналистер күдікті адамдардың фотосуреттерін жариялай отырып, өздеріне қауіп төндіретінін айтты.",Данди университетінің профессоры Памело Фергусын журналистер күдікті адамдардың фотосуреттерін жариялай отырып өздеріне қауіп төндіретінін айтты.,данди университетінің профессоры памела фергюсон журналистер күдікті адамдардың фотосуреттерін жариялай отырып өздеріне қауіп төндіретінін айтты,данди университетінің профессоры памело фергусын журналистер күдікті адамдардың фотосуреттерін жариялай отырып өздеріне қауіп төндіретінін айтты
1698,Әлемдегі барлық нәрсе материядан тұрады. Материяның барлығы атомдар деп аталатын кішкентай бөлшектерден тұрады.,"Әлемдегі барлығы нәрсе материядан тұрады, материяның барлығы атомдар деп аталатын кішкентай білшектерден тұрады.",әлемдегі барлық нәрсе материядан тұрады материяның барлығы атомдар деп аталатын кішкентай бөлшектерден тұрады,әлемдегі барлығы нәрсе материядан тұрады материяның барлығы атомдар деп аталатын кішкентай білшектерден тұрады
1732,"Оқиғалар Еуропа тарихындағы 11, 12 және 13 ғасырларды қамтитын орта ғасырлардың ортаңғы кезеңінде (б.з. 1000-1300 жылдар) орын алған.",Оқиғалар Еуропа тарихындағы 11-11-және 13-ші ғасырларды қамтитын ортағасырлардың ортаңғы кезеніңде біздің заманғы 1000-ші 13-ші жылдар орын алған.,оқиғалар еуропа тарихындағы 11 12 және 13 ғасырларды қамтитын орта ғасырлардың ортаңғы кезеңінде б з 1000 1300 жылдар орын алған,оқиғалар еуропа тарихындағы 11 11 және 13 ші ғасырларды қамтитын ортағасырлардың ортаңғы кезеніңде біздің заманғы 1000 ші 13 ші жылдар орын алған
1817,Шенген аймағы бұл тұрғыдан бір ел сияқты жұмыс істейді.,"Шенген аймағы — бұл тұрғындан, бұл тұрғыдан бір елі сияқты жұмыстыйды.",шенген аймағы бұл тұрғыдан бір ел сияқты жұмыс істейді,шенген аймағы бұл тұрғындан бұл тұрғыдан бір елі сияқты жұмыстыйды
1876,Солтүстік Мариан аралдарындағы төтенше жағдай қызметі елде ешқандай зақым келтіретін жағдайлар орын алмады деп хабарлайды.,Солтүстік Мариан аралдарындағы төтенше жағдай қызметі елде ешқанындай зақым келтіретін жағдайлар орын алмады деп хабарлайды.,солтүстік мариан аралдарындағы төтенше жағдай қызметі елде ешқандай зақым келтіретін жағдайлар орын алмады деп хабарлайды,солтүстік мариан аралдарындағы төтенше жағдай қызметі елде ешқанындай зақым келтіретін жағдайлар орын алмады деп хабарлайды
1838,Гизадағы Ұлы Пирамида - жеті ғажайыптың ішіндегі бүгінгі күнге дейін сақталып қалған жалғыз ғажап.,Гейзадағы ұлы пирамида жетағажайыптың ішіндегі бүгінгі күнге дейін сақталып қалған жалғыз ғажап.,гизадағы ұлы пирамида жеті ғажайыптың ішіндегі бүгінгі күнге дейін сақталып қалған жалғыз ғажап,гейзадағы ұлы пирамида жетағажайыптың ішіндегі бүгінгі күнге дейін сақталып қалған жалғыз ғажап
1795,"1988 жылдан бері сайлау жәшіктері мөлдір болуы керек, сонда дауыс берушілер мен бақылаушылар дауыс беру басталған кезде ешқандай хатқалталар жоқ екеніне және тиісті түрде есептелген және рұқсат етілген сайлаушылардың хатқалталарынан басқа хатқалталар қосылмағанына куәгер бола алады.","1988 жылдын бері сайлау жәшіктері мөлдір болуы керек. Сонда, дауыс бершілер мен бақылаушылар дауыс беру басталған кезде ешқандай хат қалталар жоқ екеніне және тиісті түрде есептелген және рұқсат етілген сайлаушылардың хат қалталарының сайлаушылардың хат қалталарының басырі басырі басырі басырі басырі басырі басырі басырі басырі басырі басырі басырі басырбе басырбе басырбе басырбе басырбе басырбе басырбе басырбе басырбе басырбе басырбе басырбе басырбе басырбе басырбе басырбе басырбе басырбе басырбе басырбе басырбе басырбе басырбе басырбе басырбе басырбе басырбе басырбе басырбе басырбе басырбе басырбе басырбе басырбе басырбе басырбе басырбе б басқа халықалталар қосылма қанына куәгер бола алады.",1988 жылдан бері сайлау жәшіктері мөлдір болуы керек сонда дауыс берушілер мен бақылаушылар дауыс беру басталған кезде ешқандай хатқалталар жоқ екеніне және тиісті түрде есептелген және рұқсат етілген сайлаушылардың хатқалталарынан басқа хатқалталар қосылмағанына куәгер бола алады,1988 жылдын бері сайлау жәшіктері мөлдір болуы керек сонда дауыс бершілер мен бақылаушылар дауыс беру басталған кезде ешқандай хат қалталар жоқ екеніне және тиісті түрде есептелген және рұқсат етілген сайлаушылардың хат қалталарының сайлаушылардың хат қалталарының басырі басырі басырі басырі басырі басырі басырі басырі басырі басырі басырі басырі басырбе басырбе басырбе басырбе басырбе басырбе басырбе басырбе басырбе басырбе басырбе басырбе басырбе басырбе басырбе басырбе басырбе басырбе басырбе басырбе басырбе басырбе басырбе басырбе басырбе басырбе басырбе басырбе басырбе басырбе басырбе басырбе басырбе басырбе басырбе басырбе басырбе б басқа халықалталар қосылма қанына куәгер бола алады
1813,"Барселонаның ресми тілдері болып каталан және испан тілдері табылады. Шамамен жартысы каталан тілінде сөйлеуді жөн көреді, көпшілігі оны түсінеді және барлығы дерлік испан тілінде сөйлейді.","Барселонының ресми тілдері болып каталанд және испан тілдері табылады. Шамамен жартысы каталан тілінде сөйлеуді жөн көреді, көпшілігі оны түсінеді және барлығы дерлік испан тілінде сөйлейді.",барселонаның ресми тілдері болып каталан және испан тілдері табылады шамамен жартысы каталан тілінде сөйлеуді жөн көреді көпшілігі оны түсінеді және барлығы дерлік испан тілінде сөйлейді,барселонының ресми тілдері болып каталанд және испан тілдері табылады шамамен жартысы каталан тілінде сөйлеуді жөн көреді көпшілігі оны түсінеді және барлығы дерлік испан тілінде сөйлейді
1802,Интернет жалпы және адамдар арасындағы байланыс элементтерін біріктіреді.,Интернет жалпы және адамдар арасындағы байланыс элементтерін біріктіреді.,интернет жалпы және адамдар арасындағы байланыс элементтерін біріктіреді,интернет жалпы және адамдар арасындағы байланыс элементтерін біріктіреді
1895,Грек тілін білу азайғаннан кейін батыс өзінің грек философиялық және ғылыми түбірлерінен бөлініп кеткенін тапты.,Грек тілін білу азайғаннан кейін батысөзінің грек философиялық және ғылыми төбірлерінен бөлініп кеткенін тапты.,грек тілін білу азайғаннан кейін батыс өзінің грек философиялық және ғылыми түбірлерінен бөлініп кеткенін тапты,грек тілін білу азайғаннан кейін батысөзінің грек философиялық және ғылыми төбірлерінен бөлініп кеткенін тапты
1790,"Оның жұмысы соншалықты танылған сапалы және егжей-тегжейлі болғандықтан, филателистер арасында өте аз «үй иелері атауларының » бірі болып есептеледі. Кейбіреулер өзінің жұмысын жалғыздықта жинауға маманданған.","Оның жұмысы соншалықты танылған сапалы және егжей тегжейлі болғандықтан, филотелистер арасында өте аз үй иелері атауларының бірі болып есептеледі. Кейбіреулер уезінің жұмысын жалғыздықтай жинауға маманданған.",оның жұмысы соншалықты танылған сапалы және егжей тегжейлі болғандықтан филателистер арасында өте аз үй иелері атауларының бірі болып есептеледі кейбіреулер өзінің жұмысын жалғыздықта жинауға маманданған,оның жұмысы соншалықты танылған сапалы және егжей тегжейлі болғандықтан филотелистер арасында өте аз үй иелері атауларының бірі болып есептеледі кейбіреулер уезінің жұмысын жалғыздықтай жинауға маманданған
1759,"29 жасар д-р Малар Баласубраманиан, Цинциннатиден шамамен 15 миля солтүстікке қарай орналасқан Огайо, Блю Эште табылды. Ол жолдың бойында жерде футболкада және ішкиімде жатты. Ол көп дәрі ішкен күйде болып көрінді.","29 жасар доктор малар Баласубраманиан Цинцинатиден шамамен 15 миля солтүстікке қарай орналасқан Агайо бүлу іште табылды. Ол жолдың бойында жерде футбол када және ішкейімде жатты, ол көп дәрі ішкен күйде болып көрінді.Балдағы сонима сонима сонимы күсісті.",29 жасар д р малар баласубраманиан цинциннатиден шамамен 15 миля солтүстікке қарай орналасқан огайо блю эште табылды ол жолдың бойында жерде футболкада және ішкиімде жатты ол көп дәрі ішкен күйде болып көрінді,29 жасар доктор малар баласубраманиан цинцинатиден шамамен 15 миля солтүстікке қарай орналасқан агайо бүлу іште табылды ол жолдың бойында жерде футбол када және ішкейімде жатты ол көп дәрі ішкен күйде болып көрінді балдағы сонима сонима сонимы күсісті
1741,"Солтүстікте ары қарай орналасқан үлкен аумақтарда халық өте сирек қоныстанған, ал кейбіреулері елсіз дерлік жабайы жерлер.","Солтүстікте ары қарай орналасқан үлкен аумақтарда халық өте сирек қоныстанған, ал кейбіреулері елсіз дерлік жабайыс жерлер.",солтүстікте ары қарай орналасқан үлкен аумақтарда халық өте сирек қоныстанған ал кейбіреулері елсіз дерлік жабайы жерлер,солтүстікте ары қарай орналасқан үлкен аумақтарда халық өте сирек қоныстанған ал кейбіреулері елсіз дерлік жабайыс жерлер
1854,Көліктің өзі сол күні шамамен 12:00 GMT уақытында апат орнынан әкетілген.,Көліктің өзі сол күні шамамен 12.00 GMT уақытында апат орынан әкетілген.,көліктің өзі сол күні шамамен 12 00 gmt уақытында апат орнынан әкетілген,көліктің өзі сол күні шамамен 12 00 gmt уақытында апат орынан әкетілген
2003,"Гонконгтың ең жақсы көрінісін тамашалау үшін аралдан шығып, Коулун жағалауына қарай бет бұрыңыз.","Гонконгтің ең жақсы көрінсін тамашалау үшін аралдан шығып, Колун жағалауына қарайбет бөріңіз.",гонконгтың ең жақсы көрінісін тамашалау үшін аралдан шығып коулун жағалауына қарай бет бұрыңыз,гонконгтің ең жақсы көрінсін тамашалау үшін аралдан шығып колун жағалауына қарайбет бөріңіз
1901,"AI-дің ғылыми фантастикалық қосымша мағынасы болғанымен, AI іс-қимылды, оқытуды және машиналарда сананы қолдануды қамтитын компьютерлік ғылымның аса маңызды бір саласын құрайды.","Альдың ғылыми фантастикалық қосым шамағынасы болғанымен, Аль әсқимылда оқутыды және машиналарда сананы оқолдануды қамтитын компьютерлік құлымның аса маңызды бір саласын құрайды.",ai дің ғылыми фантастикалық қосымша мағынасы болғанымен ai іс қимылды оқытуды және машиналарда сананы қолдануды қамтитын компьютерлік ғылымның аса маңызды бір саласын құрайды,альдың ғылыми фантастикалық қосым шамағынасы болғанымен аль әсқимылда оқутыды және машиналарда сананы оқолдануды қамтитын компьютерлік құлымның аса маңызды бір саласын құрайды
1960,"Оның жасы 20-да болғаны хабарланды. Өз мәлімдемесінде Бибер былай деді: «ол жерде болмағаныммен әрі осы қайғылы апатқа тікелей қатысты болмағаныммен, мен құрбанның отбасы туралы ойлаймын және оларға дұғалар арнаймын.","Оның жасы жиырмада болғаны хабарланды, өз мәлімдемесінде Бибер былай деді. Ол жерде болмағаным мен әрі осы қайғылы апатқа тікелей қатысты болмағаным мен, мен құрбаның отбасы туралы ойлаймын және оларға дұғалар арнаймын.",оның жасы 20 да болғаны хабарланды өз мәлімдемесінде бибер былай деді ол жерде болмағаныммен әрі осы қайғылы апатқа тікелей қатысты болмағаныммен мен құрбанның отбасы туралы ойлаймын және оларға дұғалар арнаймын,оның жасы жиырмада болғаны хабарланды өз мәлімдемесінде бибер былай деді ол жерде болмағаным мен әрі осы қайғылы апатқа тікелей қатысты болмағаным мен мен құрбаның отбасы туралы ойлаймын және оларға дұғалар арнаймын
1861,"Нәтижесінде, орындаушылар сахнада каннабисті шекті және театрдың өзі аудиоторияны қосылуға шақырды.",Әтишесінде орындаушылар сахнада каннабисті шекті және театрдың өз аудиторияны қосылуға шақырды.,нәтижесінде орындаушылар сахнада каннабисті шекті және театрдың өзі аудиоторияны қосылуға шақырды,әтишесінде орындаушылар сахнада каннабисті шекті және театрдың өз аудиторияны қосылуға шақырды
1916,"Көп неміс пісірілген өнімдерінде сонымен бірге бадам, орман жаңғақтары және басқа ағаш жаңғақтары болады. Танымал торттар жиі қою кофенің саптыаяғымен өте жақсы желінеді.","Көп неміс бісілген өнімдерінде, сонымен бірге, бадам орман жаңғақтары және басқа ағыс жаңғақтары болады. Танымал торттар жиі қою кофенің сыптайағымен өте жақсы желінеді.",көп неміс пісірілген өнімдерінде сонымен бірге бадам орман жаңғақтары және басқа ағаш жаңғақтары болады танымал торттар жиі қою кофенің саптыаяғымен өте жақсы желінеді,көп неміс бісілген өнімдерінде сонымен бірге бадам орман жаңғақтары және басқа ағыс жаңғақтары болады танымал торттар жиі қою кофенің сыптайағымен өте жақсы желінеді
1866,"Біріншіден, шабандоздардың көпшілігі өкшесі және тегіс, айтарлықтай енсіз табаны бар салт жүріске арналған етікті киеді.","Бірінші ден Шабан доздардың көпшілігі өкшесіз және тигіз, айтарлықтай енсіз табаны бар, салт жүріске арналған етікті кейеді.",біріншіден шабандоздардың көпшілігі өкшесі және тегіс айтарлықтай енсіз табаны бар салт жүріске арналған етікті киеді,бірінші ден шабан доздардың көпшілігі өкшесіз және тигіз айтарлықтай енсіз табаны бар салт жүріске арналған етікті кейеді
1797,Әр адам қоғамға қатысады және көлік жүйелерін пайдаланады. Әркім дерлік көлік жүйелері туралы шағымданады.,"Әр адам қоғанға қатысады және көлік жүйелерін пайдаланады, әркім, дерлік көлік жүйелері туралы шағымданады.",әр адам қоғамға қатысады және көлік жүйелерін пайдаланады әркім дерлік көлік жүйелері туралы шағымданады,әр адам қоғанға қатысады және көлік жүйелерін пайдаланады әркім дерлік көлік жүйелері туралы шағымданады
1843,"Данди университетінің профессоры Памела Фергюсон журналистер күдікті адамдардың фотосуреттерін жариялай отырып, өздеріне қауіп төндіретінін айтты.",Данди университетнің профессоры Памелла Фергюсон журналистер «күдікті адамдардың фотосуреттерін» жариялай отырып өздеріне қауіпті төндіретін айтты.,данди университетінің профессоры памела фергюсон журналистер күдікті адамдардың фотосуреттерін жариялай отырып өздеріне қауіп төндіретінін айтты,данди университетнің профессоры памелла фергюсон журналистер күдікті адамдардың фотосуреттерін жариялай отырып өздеріне қауіпті төндіретін айтты
1728,Химикаттың қышқылдығы немесе сілтілігіне байланысты орамжапырақ шырынының түсі өзгереді.,Хемикаттың кішқылдылығы немесе сілтілігіне байланысты орамжапырақ шарының түсі өзгереді.,химикаттың қышқылдығы немесе сілтілігіне байланысты орамжапырақ шырынының түсі өзгереді,хемикаттың кішқылдылығы немесе сілтілігіне байланысты орамжапырақ шарының түсі өзгереді
1789,"Басқа аталымдар қатарына «Үздік фильм», «Режиссер», «Операторлық жұмыс», «Костюмдер дизайны», «Фильмді монтаждау», «Түпнұсқа саундтрек», «Қойылым дизайны», «Дыбысты редакциялау», «Дыбысты араластыру» және «Түпнұсқа сценарий» жатады.","Басқа атылымдар аталымдар қатарына, үздік фильм, режиссер, оператарлық жұмыз, костюмдер дизайны, фильмді мандаждау, түп нұсқа сауынтрек, қойылым дизайны, дыбысты редакциялы, дыбысты араластыру және түп нұсқа сценария жатады.",басқа аталымдар қатарына үздік фильм режиссер операторлық жұмыс костюмдер дизайны фильмді монтаждау түпнұсқа саундтрек қойылым дизайны дыбысты редакциялау дыбысты араластыру және түпнұсқа сценарий жатады,басқа атылымдар аталымдар қатарына үздік фильм режиссер оператарлық жұмыз костюмдер дизайны фильмді мандаждау түп нұсқа сауынтрек қойылым дизайны дыбысты редакциялы дыбысты араластыру және түп нұсқа сценария жатады
1696,"Университеттегі зерттеушілердің айтуынша, екі қосылыс бір-бірімен реакцияға түсіп, бүйрек қызметін тоқтата алатын кристалдар құрады.","Университеттекі зерттеушілердің айтуынша екі қосылыс бір-бірмен рексағатысып, бүйі қызметін тоқтата алатын кристалдар құрады.",университеттегі зерттеушілердің айтуынша екі қосылыс бір бірімен реакцияға түсіп бүйрек қызметін тоқтата алатын кристалдар құрады,университеттекі зерттеушілердің айтуынша екі қосылыс бір бірмен рексағатысып бүйі қызметін тоқтата алатын кристалдар құрады
1683,"Мұнда осы уақытқа дейін осында өмір сүрген көптеген ерлер мен әйелдер, сондай-ақ жақындары қаза болған немесе соңғы демі қалғанша қызмет еткен еврей, еврей емес тірі адамдар көп.",Мұнда осу уақытқа дейін осында өмір сүрген көптеген ерлер мен әйелдер сондай-ақ жақындары қаза болған немесе соңғы демі қалғанша қызмет еткен еврей емес түрі адамдар көбі.,мұнда осы уақытқа дейін осында өмір сүрген көптеген ерлер мен әйелдер сондай ақ жақындары қаза болған немесе соңғы демі қалғанша қызмет еткен еврей еврей емес тірі адамдар көп,мұнда осу уақытқа дейін осында өмір сүрген көптеген ерлер мен әйелдер сондай ақ жақындары қаза болған немесе соңғы демі қалғанша қызмет еткен еврей емес түрі адамдар көбі
1782,Сондай-ақ әр династиялар арасында бөлінген провинциялардың тұрақсыз дәуірі болды. Осы кезеңдердің ең танымалсы — Хань мен Цзинь династияларының арасында 60 жыл бойы болған Үш патшалық дәуірі еді.,"Сондай-ақ әр династиялар арасында бөлінген провинциялардың тұрақсыз дәуіріп болды. Осы кезеңдердің ең танымалсы, Ханмен сін династияларының арасында 60 шыл бойы болған үш патшалық дәуірі еді.",сондай ақ әр династиялар арасында бөлінген провинциялардың тұрақсыз дәуірі болды осы кезеңдердің ең танымалсы хань мен цзинь династияларының арасында 60 жыл бойы болған үш патшалық дәуірі еді,сондай ақ әр династиялар арасында бөлінген провинциялардың тұрақсыз дәуіріп болды осы кезеңдердің ең танымалсы ханмен сін династияларының арасында 60 шыл бойы болған үш патшалық дәуірі еді
1662,Қорытпалар негізінен екі немесе одан да көп металдардың қоспасы болып табылады. Периодты кестеде көптеген элементтер бар екенін ұмытпаңыз.,Қорытпалар негізінен екі немесе оданды көп металдардың қоспасы болып табылады. Периотті кестедей көптеген элементтер бар екенің ұмытпалыз.,қорытпалар негізінен екі немесе одан да көп металдардың қоспасы болып табылады периодты кестеде көптеген элементтер бар екенін ұмытпаңыз,қорытпалар негізінен екі немесе оданды көп металдардың қоспасы болып табылады периотті кестедей көптеген элементтер бар екенің ұмытпалыз
1745,"Өсімдіктер табиғи жағдайда жақсы көрінеді, сондықтан олардың «бір данасын» да алып тастамаңыз.","Өсімдіктер табиғи жағдайда жақсы көрінеді, сондықтан олардың бір данасында алыптастамаңыз.",өсімдіктер табиғи жағдайда жақсы көрінеді сондықтан олардың бір данасын да алып тастамаңыз,өсімдіктер табиғи жағдайда жақсы көрінеді сондықтан олардың бір данасында алыптастамаңыз
1753,"Бұл көбінесе бар болғаны дәл емес стереотип болғанымен, Парижде өмір сүрудің ең жақсы жолы – ең жақсы мінез-құлықты көрсету, жақсы тәрбиеленген адам сияқты әрекет ету. Бұл саяхаттауды айтарлықтай жеңілдетеді.","Бұл көбінесе бар болғаны дәл емес тереотип болғанымен, Парижде өмір сүрудің ең жақсы жолып, ең жақсы мінез-құлықты көрсету, жақсы тәрбиеленген адам сияқты әрекет ету, бұл саяхаттауды айтарлықтай жеңілдетеді.",бұл көбінесе бар болғаны дәл емес стереотип болғанымен парижде өмір сүрудің ең жақсы жолы ең жақсы мінез құлықты көрсету жақсы тәрбиеленген адам сияқты әрекет ету бұл саяхаттауды айтарлықтай жеңілдетеді,бұл көбінесе бар болғаны дәл емес тереотип болғанымен парижде өмір сүрудің ең жақсы жолып ең жақсы мінез құлықты көрсету жақсы тәрбиеленген адам сияқты әрекет ету бұл саяхаттауды айтарлықтай жеңілдетеді
1686,"Нәтижесінде, кедергіні  жеңу мақсатында бірлескен жұмысты ұйымдастыру процесі тапсырыс берушілердің қажеттіліктеріне қызмет ететін жаңа инновациялық процеске әкелуі мүмкін.",Нәтижесінде кедергіні жеңу мақсатында бірлескен жұмысты ұйымдастыру процесі тапсырыз берушілердің қажеттіліктеріне қызмет ететін жаңа инновациялық процеске әкелуі мүмкін.,нәтижесінде кедергіні жеңу мақсатында бірлескен жұмысты ұйымдастыру процесі тапсырыс берушілердің қажеттіліктеріне қызмет ететін жаңа инновациялық процеске әкелуі мүмкін,нәтижесінде кедергіні жеңу мақсатында бірлескен жұмысты ұйымдастыру процесі тапсырыз берушілердің қажеттіліктеріне қызмет ететін жаңа инновациялық процеске әкелуі мүмкін
1779,Бұл хабарландыру Трамп Түркия президенті Реджеп Тайып Ердоғанмен телефон арқылы сөйлескеннен кейін жасалды.,Бұл хабарландыру Трамп Түркия президенті Реджеттайып ердағанмен телефон арқылы сөлескеннен кейін жасалды.,бұл хабарландыру трамп түркия президенті реджеп тайып ердоғанмен телефон арқылы сөйлескеннен кейін жасалды,бұл хабарландыру трамп түркия президенті реджеттайып ердағанмен телефон арқылы сөлескеннен кейін жасалды
2004,"Дәл осы айда тағы бір ұшақ Мешхедтің ұшу-қону жолағын басып өтіп, қабырғаға соғылып он жеті адамды өлтірді.","Дәл осы айда тағы бір ұшақ мешкеттің шуқонау жалағын басып өтіп, қабырғаға соғылып, он жеті адамды өлтірді.",дәл осы айда тағы бір ұшақ мешхедтің ұшу қону жолағын басып өтіп қабырғаға соғылып он жеті адамды өлтірді,дәл осы айда тағы бір ұшақ мешкеттің шуқонау жалағын басып өтіп қабырғаға соғылып он жеті адамды өлтірді
1864,Кирчнер ханым Аргентина театрында өзінің президенттік сайлауға қатысу ниеті туралы жариялады. Ол 2005 жылғы Буэнос-Айрес провинциясының делегациясының мүшесі ретінде Сенат үшін науқанын бастау үшін дәл осы жерді пайдаланған.,Кертшінір Ханым Аргентина театрында өзінің президенттік сайлауға қатысуы неті туралы жариялады. Ол 2005 жылғы Буинасайрыс провинциясының делегациясының үшесі ретінде сенат үшін науғанын бастау үшін дәл осы жерде пайдаланған.,кирчнер ханым аргентина театрында өзінің президенттік сайлауға қатысу ниеті туралы жариялады ол 2005 жылғы буэнос айрес провинциясының делегациясының мүшесі ретінде сенат үшін науқанын бастау үшін дәл осы жерді пайдаланған,кертшінір ханым аргентина театрында өзінің президенттік сайлауға қатысуы неті туралы жариялады ол 2005 жылғы буинасайрыс провинциясының делегациясының үшесі ретінде сенат үшін науғанын бастау үшін дәл осы жерде пайдаланған
1764,"Келген адамдардың саны көп болғаны сонша, Сент Питер алаңындағы жерлеу процессиясына барлық адам қатыса алмады.","Келген адамдардың саны көп болғаны сонша, Сент-Питер алаңындағы жерлеу процесиясына барлығ адам қатысы алмады.",келген адамдардың саны көп болғаны сонша сент питер алаңындағы жерлеу процессиясына барлық адам қатыса алмады,келген адамдардың саны көп болғаны сонша сент питер алаңындағы жерлеу процесиясына барлығ адам қатысы алмады
1819,Ежелгі Қытайда әртүрлі уақыт мерзімдерін көрсетудің ерекше әдісі болды; Қытай тарихының әрбір кезеңі немесе билік басына келген әрбір отбасы ерекше династия болды.,Ежелгі Қытайда әртүрлі уақыт мерзімдерін көрсетудің ерекше әдісі болды. Қытай тарихының әрбір кезеңі немесе билік басына келгені әрбір отбасы ерекше династия болды.,ежелгі қытайда әртүрлі уақыт мерзімдерін көрсетудің ерекше әдісі болды қытай тарихының әрбір кезеңі немесе билік басына келген әрбір отбасы ерекше династия болды,ежелгі қытайда әртүрлі уақыт мерзімдерін көрсетудің ерекше әдісі болды қытай тарихының әрбір кезеңі немесе билік басына келгені әрбір отбасы ерекше династия болды
1761,Кейінірек дәретханаға сұранған егде жастағы әйелдің орнын фотографтар алмастырды. Мендоза атып тасталынды.,"Кейінірек дәретханаға сұранған елде жастағы әйелдің, орның фотографтар алмастырды «Мендоза» атып тасталынды.",кейінірек дәретханаға сұранған егде жастағы әйелдің орнын фотографтар алмастырды мендоза атып тасталынды,кейінірек дәретханаға сұранған елде жастағы әйелдің орның фотографтар алмастырды мендоза атып тасталынды
1714,"Жерсерік ғарышқа зымыранмен жіберілді. Ғалымдар ғарышта телескоптарды пайдаланады, өйткені жердің атмосферасы біраз жарық пен көріністі бұрмалайды.","Керсерік қарышқа зымыранымен жіберілді, халындар қарышта телескоптарды пайдаланады, өйткені жердің атмосферасы біраз жарық пен көрімісті бұрмалайды.",жерсерік ғарышқа зымыранмен жіберілді ғалымдар ғарышта телескоптарды пайдаланады өйткені жердің атмосферасы біраз жарық пен көріністі бұрмалайды,керсерік қарышқа зымыранымен жіберілді халындар қарышта телескоптарды пайдаланады өйткені жердің атмосферасы біраз жарық пен көрімісті бұрмалайды
1889,"Ол бізге пойызды, автокөлікті және басқа да көлік құралдарын алып келді.","Ол бізге пойызды, асты көлікті және басқа да көлік құралдарын алып келді.",ол бізге пойызды автокөлікті және басқа да көлік құралдарын алып келді,ол бізге пойызды асты көлікті және басқа да көлік құралдарын алып келді
1713,"Гома жеткілікті деңгейде қауіпсіз болғанмен, Гомадан тыс аймақтарға шығудан бұрын, Солтүстік Киву провинциясындағы соғыс жағдайын түсіну үшін аздап зерттеу жүргізген дұрыс.","Гома жеткілікті деңгейде қауіпсіз болғанмен, Гомадан тұлс аймақтарға шығудан бұрын Солтүстік Киву провинциясындағы соғыс жағдайын түсіну үшін аздап зерттеу жүргізген дұрыс.",гома жеткілікті деңгейде қауіпсіз болғанмен гомадан тыс аймақтарға шығудан бұрын солтүстік киву провинциясындағы соғыс жағдайын түсіну үшін аздап зерттеу жүргізген дұрыс,гома жеткілікті деңгейде қауіпсіз болғанмен гомадан тұлс аймақтарға шығудан бұрын солтүстік киву провинциясындағы соғыс жағдайын түсіну үшін аздап зерттеу жүргізген дұрыс
1944,"Бұл кейде адам көп болатын отбасылық жағажайлар, жағалауда көптеген дүкендері бар. Қауіпсіз жүзуге болады.","Бұл кейде адам көп болатын отбасылық жағажайлар, жағалауда көптеген дүкендері бар қауіпсіз жүзуге болады.",бұл кейде адам көп болатын отбасылық жағажайлар жағалауда көптеген дүкендері бар қауіпсіз жүзуге болады,бұл кейде адам көп болатын отбасылық жағажайлар жағалауда көптеген дүкендері бар қауіпсіз жүзуге болады
1830,Билеуші партия Оңтүстік батыс Африка халық ұйымы (SWAPO) парламенттік сайлауларда көптеген орынға ие болды.,Белеуші партия оңтүстік батыс Африка Халық ұйымы SWAPO Парламенттік сайлауларда көптеген орынға ие болды.,билеуші партия оңтүстік батыс африка халық ұйымы swapo парламенттік сайлауларда көптеген орынға ие болды,белеуші партия оңтүстік батыс африка халық ұйымы swapo парламенттік сайлауларда көптеген орынға ие болды
1954,"Тәртіпті қорғаушылары, доппен жұмыс істеу дағдылары және тамаша командалық жұмысы оларды ерекше бөліп көрсетті және бұл ең күшті команда болатыны анық еді.","Тәртіпті қорғаушылары, доп пен жұмыс істеу дағдылары және тамаша командалық жұмысы оларды ерекше бөліп көрсетті және бұл ең күшті командағы болатына анық еді.",тәртіпті қорғаушылары доппен жұмыс істеу дағдылары және тамаша командалық жұмысы оларды ерекше бөліп көрсетті және бұл ең күшті команда болатыны анық еді,тәртіпті қорғаушылары доп пен жұмыс істеу дағдылары және тамаша командалық жұмысы оларды ерекше бөліп көрсетті және бұл ең күшті командағы болатына анық еді
1796,Бұл шөгінді жыныстар жабайы жануарлардың мекені болған құмқайырларды және жағажайларды жасауға қажет болды.,Бұл шогынды жаныстар жабайы жануарлардың мекені болған құм қайырларды және жағажайларды жасауға қажет болды.,бұл шөгінді жыныстар жабайы жануарлардың мекені болған құмқайырларды және жағажайларды жасауға қажет болды,бұл шогынды жаныстар жабайы жануарлардың мекені болған құм қайырларды және жағажайларды жасауға қажет болды
1934,Әдетте сіз туристердің және сатушылардың дыбысын әрқашан естисіз. Дыбыс пен жарықтан тұратын хикая дәл хикая кітабы сияқты болады.,Әдетте сіз туристердің және сатушылардың дыбысын әрқашан естисіз. Дыбыспен жарықтан тұратын хикая дәл хикая кітәбі сияқты болады.,әдетте сіз туристердің және сатушылардың дыбысын әрқашан естисіз дыбыс пен жарықтан тұратын хикая дәл хикая кітабы сияқты болады,әдетте сіз туристердің және сатушылардың дыбысын әрқашан естисіз дыбыспен жарықтан тұратын хикая дәл хикая кітәбі сияқты болады
1795,"1988 жылдан бері сайлау жәшіктері мөлдір болуы керек, сонда дауыс берушілер мен бақылаушылар дауыс беру басталған кезде ешқандай хатқалталар жоқ екеніне және тиісті түрде есептелген және рұқсат етілген сайлаушылардың хатқалталарынан басқа хатқалталар қосылмағанына куәгер бола алады.",1988 жылдан бері сайлау жәшіктері мөлдір болуы керек. Сонда дауыс берушілермен бақылаушылар дауыс беру басталған кезде ешқандай қатқалталар жоқ екеніне және тиісті төрде ерсептелген және рұқсат етілген сайлаушылардың хатқалталарынан басқа хатқалталар қосылмағанына көәгер бола алады.,1988 жылдан бері сайлау жәшіктері мөлдір болуы керек сонда дауыс берушілер мен бақылаушылар дауыс беру басталған кезде ешқандай хатқалталар жоқ екеніне және тиісті түрде есептелген және рұқсат етілген сайлаушылардың хатқалталарынан басқа хатқалталар қосылмағанына куәгер бола алады,1988 жылдан бері сайлау жәшіктері мөлдір болуы керек сонда дауыс берушілермен бақылаушылар дауыс беру басталған кезде ешқандай қатқалталар жоқ екеніне және тиісті төрде ерсептелген және рұқсат етілген сайлаушылардың хатқалталарынан басқа хатқалталар қосылмағанына көәгер бола алады
1826,"Апаттан соң Гибсон ауруханаға жеткізілді, бірақ аз уақыт өтпей қайтыс болды.","Абаттың соң Гипсың алруханаға жеткісілді, бірақ аз уақыт өтпей қайтыс болды.",апаттан соң гибсон ауруханаға жеткізілді бірақ аз уақыт өтпей қайтыс болды,абаттың соң гипсың алруханаға жеткісілді бірақ аз уақыт өтпей қайтыс болды
1771,"Негізгі сахналардағы музыка аяқталғанымен, фестивальдің түннің кеш уақытына дейін музыканы ойнатуды жалғастыратын бөліктері болуы мүмкін екенін есте сақтаңыз.","Негізгі сақналардағы музыка аяқталғанымен, фестивальдың түнің кеш уақытына дейін музыканы ойнатуды жалғастыратын бөліктері болуы мүмкін екенін есте сақтаңыз.",негізгі сахналардағы музыка аяқталғанымен фестивальдің түннің кеш уақытына дейін музыканы ойнатуды жалғастыратын бөліктері болуы мүмкін екенін есте сақтаңыз,негізгі сақналардағы музыка аяқталғанымен фестивальдың түнің кеш уақытына дейін музыканы ойнатуды жалғастыратын бөліктері болуы мүмкін екенін есте сақтаңыз
1733,Оның 78 ұсынысының біріншісі — Ирактың шекарасын дұшпандық араласудан қорғау және көршілерімен дипломатиялық қатынастарды қайта орнату үшін осы жылдың соңына дейін  жаңа дипломатиялық бастама қолға алынуы керек.,Оның 78-і жаңа депломатиалық біріншісі Ирактың шекарасын дұшпандық арылысудан қорғау және көршілер мен дипломатиалық қатынастарды қайта орнату үшін осы жылдың соңына дейін жаңа дипломатиалық бастама қолға алынуы керек.,оның 78 ұсынысының біріншісі ирактың шекарасын дұшпандық араласудан қорғау және көршілерімен дипломатиялық қатынастарды қайта орнату үшін осы жылдың соңына дейін жаңа дипломатиялық бастама қолға алынуы керек,оның 78 і жаңа депломатиалық біріншісі ирактың шекарасын дұшпандық арылысудан қорғау және көршілер мен дипломатиалық қатынастарды қайта орнату үшін осы жылдың соңына дейін жаңа дипломатиалық бастама қолға алынуы керек
1984,"Сондай-ақ массалық көлікке иелік жолдарда апаттардың көбірек болуына әкеледі, бұл зақымдалған денелерді жөндеу үшін денсаулық сақтау саласында жаңа әдістерді ойлап табуға әкеледі.",Шондай-ақ массалық көлікке иелік жолдарда апаттардың көбірек болуына әкеледі. Бұл зақымдалған денелерді жөндеу үшін денсаулық сақтау саласында жаңа әдістерді ойлап табуға әкеледі.,сондай ақ массалық көлікке иелік жолдарда апаттардың көбірек болуына әкеледі бұл зақымдалған денелерді жөндеу үшін денсаулық сақтау саласында жаңа әдістерді ойлап табуға әкеледі,шондай ақ массалық көлікке иелік жолдарда апаттардың көбірек болуына әкеледі бұл зақымдалған денелерді жөндеу үшін денсаулық сақтау саласында жаңа әдістерді ойлап табуға әкеледі
1983,"Өркениет сөзі латынның «civilis» сөзінен шыққан, азаматтық деген мағынаны білдіретін, ол азамат деген мағынаны білдіретін, латынша «civis» сөзімен байланысты, ал қала немесе қала-мемлекет деген мағынаны білдіретін «civitas» сөзі де бар, сонымен бірге бұл белгілі бір деңгейде қоғамның көлемін анықтайды.","Өркенийе сөзі латынның цивилис сөзінен шыққан, «азаматтық» деген мағынаны білдіретін. Ол азамат деген мағынаны білдіретін, латынша цивис сөзімен байланысты, ал қала немесе қала мемлекет деген мағынаны білдіретін цивитас сөзіде бар.Сонымен бірге, бұл белгілі бір деңгейте қоғамның көлемін анықтайды.",өркениет сөзі латынның civilis сөзінен шыққан азаматтық деген мағынаны білдіретін ол азамат деген мағынаны білдіретін латынша civis сөзімен байланысты ал қала немесе қала мемлекет деген мағынаны білдіретін civitas сөзі де бар сонымен бірге бұл белгілі бір деңгейде қоғамның көлемін анықтайды,өркенийе сөзі латынның цивилис сөзінен шыққан азаматтық деген мағынаны білдіретін ол азамат деген мағынаны білдіретін латынша цивис сөзімен байланысты ал қала немесе қала мемлекет деген мағынаны білдіретін цивитас сөзіде бар сонымен бірге бұл белгілі бір деңгейте қоғамның көлемін анықтайды
1842,"Динозавр қауырсынында рахис деп аталатын жақсы дамыған білік жоқ, бірақ қауырсынның басқа ерекшеліктері бар — кертіктер мен шоқша сақалдар — зерттеушілер рахис туралы олардың кейінірек эволюциялық болған деген қорытындыға келді.","Денозавр қауірсынында рахез деп аталатын жақсы дамыған білік жоқ, бірақ қауірсының басқа ерекшеліктері бар. Кертіктер мен шоқша сақалдар терттеушілер рахис туралы олардың кейінірек эволюциялық болған деген қорытындыға келді.",динозавр қауырсынында рахис деп аталатын жақсы дамыған білік жоқ бірақ қауырсынның басқа ерекшеліктері бар кертіктер мен шоқша сақалдар зерттеушілер рахис туралы олардың кейінірек эволюциялық болған деген қорытындыға келді,денозавр қауірсынында рахез деп аталатын жақсы дамыған білік жоқ бірақ қауірсының басқа ерекшеліктері бар кертіктер мен шоқша сақалдар терттеушілер рахис туралы олардың кейінірек эволюциялық болған деген қорытындыға келді
1739,Меккенің солтүстігіндегі таулардың біріндегі шыңда орналасқан үңгір әлемнің қалған бөліктерінен толығымен оқшауланған.,Меккенің солтүстігіндегі таулардың біріндегі шыңда орналасқан үңгір әлемнің қалған бөліктерінен толығымен оқшауланған.,меккенің солтүстігіндегі таулардың біріндегі шыңда орналасқан үңгір әлемнің қалған бөліктерінен толығымен оқшауланған,меккенің солтүстігіндегі таулардың біріндегі шыңда орналасқан үңгір әлемнің қалған бөліктерінен толығымен оқшауланған
1966,Комиссия қазан айында басталған кең тараған режимге қарсы наразылықтарға Мартеллидің жауабы болды.,Гомиссия қазан айында басталған кең тараған режимге қарсы нарызылық тарға марталейдің жауабы болды.,комиссия қазан айында басталған кең тараған режимге қарсы наразылықтарға мартеллидің жауабы болды,гомиссия қазан айында басталған кең тараған режимге қарсы нарызылық тарға марталейдің жауабы болды
1681,"Дегенмен ол жалғыз емес, эксперименттер өткізу және эксперимент ықтимал гипотезалардың біреуін немесе бірнешеуін жою үшін пайдаланылатын сынақ болып табылады. Сұрақтар қою және бақылаулар жасау да ғылыми зерттеуді бағыттайды.","Дегенмен ол жалғыз емес, эксперименттер өткізу және эксперимент ықтимал гипотезалардың біреуін немесе бірнешеуін жою үшін пайдаланылатын сынақ болып табылады, сұрақтар қою және бақылаулар жасауды ғылым езерттеуді бағыттайды.",дегенмен ол жалғыз емес эксперименттер өткізу және эксперимент ықтимал гипотезалардың біреуін немесе бірнешеуін жою үшін пайдаланылатын сынақ болып табылады сұрақтар қою және бақылаулар жасау да ғылыми зерттеуді бағыттайды,дегенмен ол жалғыз емес эксперименттер өткізу және эксперимент ықтимал гипотезалардың біреуін немесе бірнешеуін жою үшін пайдаланылатын сынақ болып табылады сұрақтар қою және бақылаулар жасауды ғылым езерттеуді бағыттайды
1898,"«Ол [Уэльс] бізге әуел бастан-ақ өтірік айтты. Біріншіден, бұл заңды себептермен болғандай әрекет ету арқылы. Екіншіден, өзінің өнерін жойғанға дейін бізге құлақ салғандай бола қалу арқылы».",Ол өлсі «бізге әуе» бастан ақ өтірігі атты. Бірінші тен бұл заңды себептермен болғандай әрекет ету арқылы. Екінші ден өзінің өнерін жойғанға дейін бізге құлақ салғандай бола қалу арқылы.,ол уэльс бізге әуел бастан ақ өтірік айтты біріншіден бұл заңды себептермен болғандай әрекет ету арқылы екіншіден өзінің өнерін жойғанға дейін бізге құлақ салғандай бола қалу арқылы,ол өлсі бізге әуе бастан ақ өтірігі атты бірінші тен бұл заңды себептермен болғандай әрекет ету арқылы екінші ден өзінің өнерін жойғанға дейін бізге құлақ салғандай бола қалу арқылы
2004,"Дәл осы айда тағы бір ұшақ Мешхедтің ұшу-қону жолағын басып өтіп, қабырғаға соғылып он жеті адамды өлтірді.","Дәл осы айда тағы бір ұшақ мешхеттің ұшы қоны жолағын басу өтіп, қабырғаға соғылып, 17 адамды өлтірді.",дәл осы айда тағы бір ұшақ мешхедтің ұшу қону жолағын басып өтіп қабырғаға соғылып он жеті адамды өлтірді,дәл осы айда тағы бір ұшақ мешхеттің ұшы қоны жолағын басу өтіп қабырғаға соғылып 17 адамды өлтірді
1698,Әлемдегі барлық нәрсе материядан тұрады. Материяның барлығы атомдар деп аталатын кішкентай бөлшектерден тұрады.,Әлемдегі барлық нәрсе материядан тұрады. Материяның барлығы атомдар деп аталатын кішкен тейбөлшектерден тұрады.,әлемдегі барлық нәрсе материядан тұрады материяның барлығы атомдар деп аталатын кішкентай бөлшектерден тұрады,әлемдегі барлық нәрсе материядан тұрады материяның барлығы атомдар деп аталатын кішкен тейбөлшектерден тұрады
1712,1966 жылдан бері Сундарбан жабайы жануарлар қорығы болған. Есептеулер бойынша қазіргі уақыта бұл аумақта 400 корольдік бенгал жолбарысы және шамамен 30 000 дақты бұғы бар.,1966 жылдан бері сундар барн жабайы жануарлары қорғы болған. Есептелері бойынша қазіргі уақытта бұл аумақта 400 корольдік бенгал жолбарысы және шамамен 30 мыңындай дақты бұғы бар.,1966 жылдан бері сундарбан жабайы жануарлар қорығы болған есептеулер бойынша қазіргі уақыта бұл аумақта 400 корольдік бенгал жолбарысы және шамамен 30 000 дақты бұғы бар,1966 жылдан бері сундар барн жабайы жануарлары қорғы болған есептелері бойынша қазіргі уақытта бұл аумақта 400 корольдік бенгал жолбарысы және шамамен 30 мыңындай дақты бұғы бар
1914,Жиырмасыншы ғасырдағы зерттеу генетикалық вариацияның екі пулы бар екенін көрсетті: жасырын және көрінетін.,20 ғасырдағы зерттеу генетикылық вариацияның екі полы бар екенін көрсетті жасырын және көрінетін.,жиырмасыншы ғасырдағы зерттеу генетикалық вариацияның екі пулы бар екенін көрсетті жасырын және көрінетін,20 ғасырдағы зерттеу генетикылық вариацияның екі полы бар екенін көрсетті жасырын және көрінетін
1664,"Екі құрғақ ұнтақты араластырыңыз, содан кейін таза, ылғалды қолдармен оларды қысып, шарик жасаңыз.","Екі құрғақ ұнтақты арластырыңыз, содан кейін таза, ылғалды қолдармен, оларды қысып шарик жасаңыз.",екі құрғақ ұнтақты араластырыңыз содан кейін таза ылғалды қолдармен оларды қысып шарик жасаңыз,екі құрғақ ұнтақты арластырыңыз содан кейін таза ылғалды қолдармен оларды қысып шарик жасаңыз
1821,Ми патологиялары мен іс-қимыл арасындағы байланыс ғалымдарды олардың зерттеулерінде қолдайды.,"Ми патологияларымен іс-қимыл арасындағы байланыс, ғалымдарды олардың зерттеулерінде қолдайды.",ми патологиялары мен іс қимыл арасындағы байланыс ғалымдарды олардың зерттеулерінде қолдайды,ми патологияларымен іс қимыл арасындағы байланыс ғалымдарды олардың зерттеулерінде қолдайды
1779,Бұл хабарландыру Трамп Түркия президенті Реджеп Тайып Ердоғанмен телефон арқылы сөйлескеннен кейін жасалды.,Бұл хабарландыру Трамп Түркия президенті Режептай Бердуғамен телефон арқылы сөйлескеннен кейін жасалды.,бұл хабарландыру трамп түркия президенті реджеп тайып ердоғанмен телефон арқылы сөйлескеннен кейін жасалды,бұл хабарландыру трамп түркия президенті режептай бердуғамен телефон арқылы сөйлескеннен кейін жасалды
1705,"1940 жылы 15 тамызда одақтастар оңтүстік Францияға басып кірді, бұл шапқыншылық «Дракон операциясы» деген атауға ие болды.",1940 жылы 15 тамызды ұдақтастар Оңтүстік Францияға басып кірді. Бұл шапқыншылық Дракон операциясы деген атауға ие болды.,1940 жылы 15 тамызда одақтастар оңтүстік францияға басып кірді бұл шапқыншылық дракон операциясы деген атауға ие болды,1940 жылы 15 тамызды ұдақтастар оңтүстік францияға басып кірді бұл шапқыншылық дракон операциясы деген атауға ие болды
1962,pН деңгейі химиялық құрамдағы сутегі (рН ішіндегі H) иондарының мөлшерімен көрсетіледі.,Пияж деңгейі химиялық құрамдағы су тегі пияж ішіндегі аш иондарының мөлшері мен көрсетіледі.,pн деңгейі химиялық құрамдағы сутегі рн ішіндегі h иондарының мөлшерімен көрсетіледі,пияж деңгейі химиялық құрамдағы су тегі пияж ішіндегі аш иондарының мөлшері мен көрсетіледі
1980,"Өкінішке орай, жол қозғалысы ағынын зерттеу қиын, өйткені жүргізушінің мінез-құлқын жүз пайыз сенімділікпен болжау мүмкін емес.","Өкінішке орай, жол қозғалысы ағынын дертеу қиын, өйткені жүргізішінің мүнез-құлқын 100 пайы семнімділікпен жолдау мүмкін емес.",өкінішке орай жол қозғалысы ағынын зерттеу қиын өйткені жүргізушінің мінез құлқын жүз пайыз сенімділікпен болжау мүмкін емес,өкінішке орай жол қозғалысы ағынын дертеу қиын өйткені жүргізішінің мүнез құлқын 100 пайы семнімділікпен жолдау мүмкін емес
1789,"Басқа аталымдар қатарына «Үздік фильм», «Режиссер», «Операторлық жұмыс», «Костюмдер дизайны», «Фильмді монтаждау», «Түпнұсқа саундтрек», «Қойылым дизайны», «Дыбысты редакциялау», «Дыбысты араластыру» және «Түпнұсқа сценарий» жатады.",Басқа аталымдар қатарына үздік фильм режиссер оператарлық жұмыс костюмдер дизайны фильмді монтаждау түпнұсқа саунттрек қойлым дизайны дыбысты редакциялау дыбысты аралас тұру және түпнұсқа сценария жатады.,басқа аталымдар қатарына үздік фильм режиссер операторлық жұмыс костюмдер дизайны фильмді монтаждау түпнұсқа саундтрек қойылым дизайны дыбысты редакциялау дыбысты араластыру және түпнұсқа сценарий жатады,басқа аталымдар қатарына үздік фильм режиссер оператарлық жұмыс костюмдер дизайны фильмді монтаждау түпнұсқа саунттрек қойлым дизайны дыбысты редакциялау дыбысты аралас тұру және түпнұсқа сценария жатады
1721,"1963 жылы тоған салынғаннан кейін, тасындылардың жайылуына себеп болатын маусымдық су тасқыны тоқтатылды.",1963 жылы тоған салынғаннан кейін тасындылардың жайылына себеп болатын маусымдық су тасқына тоқтатылды.,1963 жылы тоған салынғаннан кейін тасындылардың жайылуына себеп болатын маусымдық су тасқыны тоқтатылды,1963 жылы тоған салынғаннан кейін тасындылардың жайылына себеп болатын маусымдық су тасқына тоқтатылды
1793,"Егер сіз ауыл жолдарында көлікпен жүруге дағдыланбаған болсаңыз, мынаған дайын болыңыз: тік еңістер, тар жолдар және кенет бұрылыстар басым болады.","Егер сіз ауыл жолдарында көлікмен жүруге дағдыланбаған болсаңыз, наған дайын болыңыз. Тік еңістер, тар жолдар және кенет бұрлыстар басым болады.",егер сіз ауыл жолдарында көлікпен жүруге дағдыланбаған болсаңыз мынаған дайын болыңыз тік еңістер тар жолдар және кенет бұрылыстар басым болады,егер сіз ауыл жолдарында көлікмен жүруге дағдыланбаған болсаңыз наған дайын болыңыз тік еңістер тар жолдар және кенет бұрлыстар басым болады
1768,Кешеннің жиектеріндегі ғимараттардың көпшілігі туристерге басында қалай пайда болғаны туралы жақсырақ түсінік беру үшін қайта соғылды.,Кешеннің жиектеріндегі ғимараттардың көпшілігі туристерге басында қалай пайда болғаны туралы жақсырақ түсінік беру үшін қайтаса оғылды.,кешеннің жиектеріндегі ғимараттардың көпшілігі туристерге басында қалай пайда болғаны туралы жақсырақ түсінік беру үшін қайта соғылды,кешеннің жиектеріндегі ғимараттардың көпшілігі туристерге басында қалай пайда болғаны туралы жақсырақ түсінік беру үшін қайтаса оғылды
1792,Бұл химиялық рН деп аталады. Қызыл қырыққабат шырынын пайдаланып индикатор жасай аласыз.,"Бұл химиялық pH деп аталады, қызыл қырқырқа бат шырынын пайдаланып индигатыр жасай аласыз.",бұл химиялық рн деп аталады қызыл қырыққабат шырынын пайдаланып индикатор жасай аласыз,бұл химиялық ph деп аталады қызыл қырқырқа бат шырынын пайдаланып индигатыр жасай аласыз
1868,"Спектрдің екінші жағында адам бейтаныс адамға айналады, ол топ орындайтын барлық әрекеттерді өзгертіп, оны өз бетінше жасау керек деп санайды.","Спектрдің екінші жағында адам бейтаныс адамға айналады, ол топ орындайтын барлық ракеттерді өзгертіп, оны өз бетінше жасау керек деп санайды.",спектрдің екінші жағында адам бейтаныс адамға айналады ол топ орындайтын барлық әрекеттерді өзгертіп оны өз бетінше жасау керек деп санайды,спектрдің екінші жағында адам бейтаныс адамға айналады ол топ орындайтын барлық ракеттерді өзгертіп оны өз бетінше жасау керек деп санайды
1773,Ұйқының үзілуі — қалыпты ұйқы кезеңінде мақсатпен оянудың және кейінірек қысқа уақытқа (10-60 минут) ұйықтау процесі.,Ұйқының үзілуі қалыпты ұйқы кезеңінде мақсатпен оянудың және кейінірек қысқа уақытта 16 минут ұйықтау процесі.,ұйқының үзілуі қалыпты ұйқы кезеңінде мақсатпен оянудың және кейінірек қысқа уақытқа 10 60 минут ұйықтау процесі,ұйқының үзілуі қалыпты ұйқы кезеңінде мақсатпен оянудың және кейінірек қысқа уақытта 16 минут ұйықтау процесі
1911,"Осы сияқты, шенген визаңыз болса, шенгенге мүше елдердің әрқайсысына визаға бөлек өтінім беру қажет болмайды, осылайша сіз уақытты, ақшаны үнемдейсіз және құжаттармен жұмыс азырақ болады.","Осы сияқты шеңген визаңыз болса, шеңгенген мүше елдер нәрқайсына визаға бөлек өтінім беру қажет болмайды. Ослайша, сіз уақытты ақшаны үнемдейсіз және құжаттармен жұмыс азырық болат.",осы сияқты шенген визаңыз болса шенгенге мүше елдердің әрқайсысына визаға бөлек өтінім беру қажет болмайды осылайша сіз уақытты ақшаны үнемдейсіз және құжаттармен жұмыс азырақ болады,осы сияқты шеңген визаңыз болса шеңгенген мүше елдер нәрқайсына визаға бөлек өтінім беру қажет болмайды ослайша сіз уақытты ақшаны үнемдейсіз және құжаттармен жұмыс азырық болат
1710,"Өткен аптада METI ұйымы оған Apple компаниясы қызып кетудің 34 қосымша инциденті туралы хабарлағанын жариялады, Apple компаниясы оларды «ауыр емес» деп атады.","Өткен аптада MaitI ұйымы оған Apple компаниясы қызып кетудің 34 қосымша инциденті туралы қабарлаған жариялады, Apple компаниясы оларды ауреместе батады.",өткен аптада meti ұйымы оған apple компаниясы қызып кетудің 34 қосымша инциденті туралы хабарлағанын жариялады apple компаниясы оларды ауыр емес деп атады,өткен аптада maiti ұйымы оған apple компаниясы қызып кетудің 34 қосымша инциденті туралы қабарлаған жариялады apple компаниясы оларды ауреместе батады
1963,"Дымқыл киімді үтіктеу киімнің кебуіне көмектеседі. Көп қонақ үйлерде, тіпті бөлмеде болмаса да, ала тұруға болатын үтік және үтіктеу тақтасы болады.","Дымқыл киімді үтіктеу киімнің кебуіне көмектеседі. Көп қонақ үйлерде тіпті бөлме де болмаса да, ала тұруға болатын үтік және үтіктеу тақтасы болады.",дымқыл киімді үтіктеу киімнің кебуіне көмектеседі көп қонақ үйлерде тіпті бөлмеде болмаса да ала тұруға болатын үтік және үтіктеу тақтасы болады,дымқыл киімді үтіктеу киімнің кебуіне көмектеседі көп қонақ үйлерде тіпті бөлме де болмаса да ала тұруға болатын үтік және үтіктеу тақтасы болады
1834,"Сонымен қатар солтүстігінде бүкіл әлемге әйгілі Мариан ғажабының орны болған, Фатимадағы Әйел ғибадатханасына барыңыз.",Сонымен қатар солтүстігінде бүкін әлемге әйгілі Мариан ғажабының орыны болған. Фотемадағы әйел ғибадатханасына барыңыз.,сонымен қатар солтүстігінде бүкіл әлемге әйгілі мариан ғажабының орны болған фатимадағы әйел ғибадатханасына барыңыз,сонымен қатар солтүстігінде бүкін әлемге әйгілі мариан ғажабының орыны болған фотемадағы әйел ғибадатханасына барыңыз
1932,"Басталғаннан бес минуттан кейін жел күшее бастайды, бір минуттан кейін, жел 70 км/сағ жылдамдығына жетеді... содан кейін жаңбыр келді, бірақ тамшыларының қатты және үлкен болғаны сонша, теріңізге ине сияқты шаншылады, содан кейін аспаннан бұршақ жауды, адамдар үрейленіп, айқайлады және бір бірінің үстінен өтіп жатты.","Басталғаннан 5 минуттан кейін жел күшее бастайды, бір минуттан кейін жел 70 км-сағат жылдамдығына жетеді. Содан кейін жанбір келді, бірақ тамшыларының қатты және үлкен болған сонша теріңізге ине сияқты шаншылады. Содан кейін аспаннанБұр шақ жауды, адамдар үриленіп, айқайлады және бір-бірінің үстінен етіп, өтіп жатты.",басталғаннан бес минуттан кейін жел күшее бастайды бір минуттан кейін жел 70 км сағ жылдамдығына жетеді содан кейін жаңбыр келді бірақ тамшыларының қатты және үлкен болғаны сонша теріңізге ине сияқты шаншылады содан кейін аспаннан бұршақ жауды адамдар үрейленіп айқайлады және бір бірінің үстінен өтіп жатты,басталғаннан 5 минуттан кейін жел күшее бастайды бір минуттан кейін жел 70 км сағат жылдамдығына жетеді содан кейін жанбір келді бірақ тамшыларының қатты және үлкен болған сонша теріңізге ине сияқты шаншылады содан кейін аспаннанбұр шақ жауды адамдар үриленіп айқайлады және бір бірінің үстінен етіп өтіп жатты
1783,"Аймақтық және маусымдық ауа райы құбылыстары қарлы борандарды, мұзды борандарды және шаң дауылдарын қамтиды.","Аймақтық және маусымдық ауа-райы қобылыстары, қарлы борандарды, мұзды борандарды және шаң дауылдарын қамтиды.",аймақтық және маусымдық ауа райы құбылыстары қарлы борандарды мұзды борандарды және шаң дауылдарын қамтиды,аймақтық және маусымдық ауа райы қобылыстары қарлы борандарды мұзды борандарды және шаң дауылдарын қамтиды
1831,"Плитвиц көлдері ұлттық паркін қалың орман жапқан. Орман негізінен қайың, шырша және майқарағай ағаштарынан тұрады. Орманда альпылық және жерортатеңіздік өсімдіктер аралас өседі.","Плитвиц көлдері ұлттық паркын қалың орман жапқан. Орман негізінен қайын, шырша және май қарағай қаштарынан тұрады, орманда албалық және жер орта теңізді көсімдіктер арала сөседі.",плитвиц көлдері ұлттық паркін қалың орман жапқан орман негізінен қайың шырша және майқарағай ағаштарынан тұрады орманда альпылық және жерортатеңіздік өсімдіктер аралас өседі,плитвиц көлдері ұлттық паркын қалың орман жапқан орман негізінен қайын шырша және май қарағай қаштарынан тұрады орманда албалық және жер орта теңізді көсімдіктер арала сөседі
1912,Кішірек аралдардың көпшілігі тәуелсіз ұлттар болып табылады немесе Франциямен байланысты және қымбат жағажай курорттары ретінде белгілі.,Кішірек аралдардың көпшілігі тәуелсіз ұлттар болып табылады немесе Франция мен байланысты және қымбат жағажай курорттары ретінде белгілі.,кішірек аралдардың көпшілігі тәуелсіз ұлттар болып табылады немесе франциямен байланысты және қымбат жағажай курорттары ретінде белгілі,кішірек аралдардың көпшілігі тәуелсіз ұлттар болып табылады немесе франция мен байланысты және қымбат жағажай курорттары ретінде белгілі
1923,Әскерилерге және азаматтарға қажет заттардың қамтамасыз етілуін тоқтатқан бұл стратегия тиімді болып шықты. Дегенмен бұл блокада өткен екі ғасырдағы бірнеше халықаралық келісімде жазылған жалпы қабылданған халықаралық заңды бұзды.,"Әскерилерге және азаматтарға қажеттаттардың қамтамасы етілуін тоқтатқан бұл стратегия тиімді болып шықды, дегенмен бұл бұлакада өткен екі ғасырдағы бірнеше халықаралық келісімде жазылған жалпы қабылдаған халықаралық заңды бұзды.",әскерилерге және азаматтарға қажет заттардың қамтамасыз етілуін тоқтатқан бұл стратегия тиімді болып шықты дегенмен бұл блокада өткен екі ғасырдағы бірнеше халықаралық келісімде жазылған жалпы қабылданған халықаралық заңды бұзды,әскерилерге және азаматтарға қажеттаттардың қамтамасы етілуін тоқтатқан бұл стратегия тиімді болып шықды дегенмен бұл бұлакада өткен екі ғасырдағы бірнеше халықаралық келісімде жазылған жалпы қабылдаған халықаралық заңды бұзды
1879,"Жаңа бірдеңе пайда боғланда, пернетақта неге айналатыны туралы болжамдар жасауға ғана болады.","Жаңа бірдеңе пайда болғыланда, Бернетақта неге айналатыны туралы болжамдар жасауға ғана болады.",жаңа бірдеңе пайда боғланда пернетақта неге айналатыны туралы болжамдар жасауға ғана болады,жаңа бірдеңе пайда болғыланда бернетақта неге айналатыны туралы болжамдар жасауға ғана болады
1815,Атомдық бомба көп протондар мен нейтрондар арқылы ядро ​​құру үшін энергия алуы принципі бойынша жұмыс істейді.,Атомдық бомба көп протондар мен нейтрондар арқылы ядра құру үшін энергия алуы принципі бойынша жұмыс істейді.,атомдық бомба көп протондар мен нейтрондар арқылы ядро ​​құру үшін энергия алуы принципі бойынша жұмыс істейді,атомдық бомба көп протондар мен нейтрондар арқылы ядра құру үшін энергия алуы принципі бойынша жұмыс істейді
1762,"Бұл ауру шошқаларда болады, содан кейін ол масалар арқылы адамдарға өтеді.",Бұл ауру шұзқаларда болады. Содан кейін ол масалар арқылы адамдарғы өтеді.,бұл ауру шошқаларда болады содан кейін ол масалар арқылы адамдарға өтеді,бұл ауру шұзқаларда болады содан кейін ол масалар арқылы адамдарғы өтеді
1673,"Тәуелсіздік үшін соғыс кезінде он үш штат алдымен әлсіз орталық үкіметін құрды, Конфедерация баптары бойынша Конгресс оның жалғыз құрамдасы еді.",Тәуелсіздік үшін соғыс кезінде 13 ұштат алдымен әлсіз орталық үкіметін құрды. Конфидрация баптар бойынша конгрессоның жалғыз құрамдасы еді.,тәуелсіздік үшін соғыс кезінде он үш штат алдымен әлсіз орталық үкіметін құрды конфедерация баптары бойынша конгресс оның жалғыз құрамдасы еді,тәуелсіздік үшін соғыс кезінде 13 ұштат алдымен әлсіз орталық үкіметін құрды конфидрация баптар бойынша конгрессоның жалғыз құрамдасы еді
1958,"Бұл қала елдің қалған қалаларынан өте ерекше, өйткені онда африкандықтан ерекшеліктерден гөрі араб ерекшеліктері көбірек.","Бұл қала елдің қалған қалаларынын өте ерекше, өйткені онда африкандықтан ерекшеліктерден бөрі араб ерекшеліктері көбірек.",бұл қала елдің қалған қалаларынан өте ерекше өйткені онда африкандықтан ерекшеліктерден гөрі араб ерекшеліктері көбірек,бұл қала елдің қалған қалаларынын өте ерекше өйткені онда африкандықтан ерекшеліктерден бөрі араб ерекшеліктері көбірек
1979,"Фолкленд аралының ресми валютасы - Фолкленд фунты (FKP), оның құны Британдық бір фунтқа (GBP) теңестірілген.",Folklad аралның ресми валютасы Folklad фунтты FKP оның құны британдақ бір фунтқа GPP теңестірілген.,фолкленд аралының ресми валютасы фолкленд фунты fkp оның құны британдық бір фунтқа gbp теңестірілген,folklad аралның ресми валютасы folklad фунтты fkp оның құны британдақ бір фунтқа gpp теңестірілген
1689,"Еуропа — салыстырмалы түрде шағын, бірақ көп тәуелсіз елдері бар континент. Қалыпты жағдайларда, бірнеше ел арқылы саяхаттасаңыз, визаға өтінімдер беру және бірнеше рет төлқұжатты тексеруден өту керектігін білдіретін еді.","Еуропа салыстырмалы түрде шағын, бірақ көп тәуелсіз елдері бар континент. Қалыпты жағдайларда бірнеше ел арқылы саяхаттасаңыз, визаға өтінімдер беру және бірнеше рет төл құжатты тексеруден өту керектігін білдіретін еді.",еуропа салыстырмалы түрде шағын бірақ көп тәуелсіз елдері бар континент қалыпты жағдайларда бірнеше ел арқылы саяхаттасаңыз визаға өтінімдер беру және бірнеше рет төлқұжатты тексеруден өту керектігін білдіретін еді,еуропа салыстырмалы түрде шағын бірақ көп тәуелсіз елдері бар континент қалыпты жағдайларда бірнеше ел арқылы саяхаттасаңыз визаға өтінімдер беру және бірнеше рет төл құжатты тексеруден өту керектігін білдіретін еді
1958,"Бұл қала елдің қалған қалаларынан өте ерекше, өйткені онда африкандықтан ерекшеліктерден гөрі араб ерекшеліктері көбірек.","Бұл қала елдің қалған қалаларынан өте ерекше, өткені онда Африкандықтан ерекшіліктерден гөрі Араб ерекшіліктері көбірек.",бұл қала елдің қалған қалаларынан өте ерекше өйткені онда африкандықтан ерекшеліктерден гөрі араб ерекшеліктері көбірек,бұл қала елдің қалған қалаларынан өте ерекше өткені онда африкандықтан ерекшіліктерден гөрі араб ерекшіліктері көбірек
1803,"Сіздің қолыңыздағы ылғал сыртқы қабаттармен өзара әрекетке түсіп, біртүрлі сезіледі және қорғаныс қабығын түзеді.",Сіздің қолыңыздағы ұлғал сыртқа қабаттармен өзірі әрекетке түсі бір түрлі сезіледі және қорғаныс қабығын түзеді.,сіздің қолыңыздағы ылғал сыртқы қабаттармен өзара әрекетке түсіп біртүрлі сезіледі және қорғаныс қабығын түзеді,сіздің қолыңыздағы ұлғал сыртқа қабаттармен өзірі әрекетке түсі бір түрлі сезіледі және қорғаныс қабығын түзеді
1702,Бар болғаны екі аптада американдықтар және еркін француз күштері оңтүстік Францияны босатты және Германияға қарай бұрылып жатты.,Бар болғаны екі аптада американдықтар және еркін француз күштері оңтүстік Франциянып осатты және Германияға қарай бұрылып жатты.,бар болғаны екі аптада американдықтар және еркін француз күштері оңтүстік францияны босатты және германияға қарай бұрылып жатты,бар болғаны екі аптада американдықтар және еркін француз күштері оңтүстік франциянып осатты және германияға қарай бұрылып жатты
1900,"іс жүзінде, тіпті адам оның бар екенін білсе де, оны табу оңай емес. Үңгірге түскеннен кейін толығымен оқшауланасыз.","Іс жүзінде тіпті адам оның бар екенін білсе де, оны табу оңай емес, үңгілге түскеннен кейін толығымен оқшауланасыз.",іс жүзінде тіпті адам оның бар екенін білсе де оны табу оңай емес үңгірге түскеннен кейін толығымен оқшауланасыз,іс жүзінде тіпті адам оның бар екенін білсе де оны табу оңай емес үңгілге түскеннен кейін толығымен оқшауланасыз
1873,"Ер адамдардан бас тартқанда берік болыңыз және өз пікіріңізден таймаңыз (мәдени айырмашылықтар болсын-болмасын, бұл дұрыс емес!).","Ер адамдардан бас тартқанда берік болуыңыз және өз бікіріңізден таймаңыз, мәдени айыромашылықтар болмасын бұл дұрыс емес.",ер адамдардан бас тартқанда берік болыңыз және өз пікіріңізден таймаңыз мәдени айырмашылықтар болсын болмасын бұл дұрыс емес,ер адамдардан бас тартқанда берік болуыңыз және өз бікіріңізден таймаңыз мәдени айыромашылықтар болмасын бұл дұрыс емес
1858,БҰҰ аурулар бойынша сарапшысы Даниель Лантанның айтуы бойынша аурудың өршуіне бейбітшілдер себеп болған болуы мүмкін.,Бір кеналттар ұйымы аурулар бойынша сарапшысы Даниэль Ландтаның айты ұбайынша аурудың өршуіне бейбітшілдер себеп болған болуы мүмкін.,бұұ аурулар бойынша сарапшысы даниель лантанның айтуы бойынша аурудың өршуіне бейбітшілдер себеп болған болуы мүмкін,бір кеналттар ұйымы аурулар бойынша сарапшысы даниэль ландтаның айты ұбайынша аурудың өршуіне бейбітшілдер себеп болған болуы мүмкін
1793,"Егер сіз ауыл жолдарында көлікпен жүруге дағдыланбаған болсаңыз, мынаған дайын болыңыз: тік еңістер, тар жолдар және кенет бұрылыстар басым болады.",Егер сіз ауыл жолдарында көлікпен жүруге дағдыланбаған болсаңыз? Мынаған дайын болыңыз? Дік еңістер тар жолдар және кенет бұрылдыздар басым болады?,егер сіз ауыл жолдарында көлікпен жүруге дағдыланбаған болсаңыз мынаған дайын болыңыз тік еңістер тар жолдар және кенет бұрылыстар басым болады,егер сіз ауыл жолдарында көлікпен жүруге дағдыланбаған болсаңыз мынаған дайын болыңыз дік еңістер тар жолдар және кенет бұрылдыздар басым болады
1787,Блоггинг — бірлесіп жұмыс істеуге шабыттандыратын және оқушыларды дәстүрлі мектеп күнінен кеңейтуге ынталандыратын құрал.,Блогенг бірлесіп жұмыс істеуге шабыттандыратын және уқушыларды дәстүрлі мектеп күнінен кеңейтуге ынталандыратын құрал.,блоггинг бірлесіп жұмыс істеуге шабыттандыратын және оқушыларды дәстүрлі мектеп күнінен кеңейтуге ынталандыратын құрал,блогенг бірлесіп жұмыс істеуге шабыттандыратын және уқушыларды дәстүрлі мектеп күнінен кеңейтуге ынталандыратын құрал
1727,Баспанасыз балалар тастап кеткенге немесе қашып кеткенге дейін балаларға қарсы зорлық-зомбылықты көрген немесе жанжарақатын алған болуы мүмкін.,Баспанасыз балалар тастап кеткен немесе қашып кеткенде дейін балаларғы қарсыз зорлық зонбылықты көрген немесе жанжарлықты алған болуы мүмкін.,баспанасыз балалар тастап кеткенге немесе қашып кеткенге дейін балаларға қарсы зорлық зомбылықты көрген немесе жанжарақатын алған болуы мүмкін,баспанасыз балалар тастап кеткен немесе қашып кеткенде дейін балаларғы қарсыз зорлық зонбылықты көрген немесе жанжарлықты алған болуы мүмкін
1807,"Итальян тілі мемлекетте жұмыс істейтіндердің көпшілігі қолданатын күнделікті тілі, ал латын тілі діни рәсімдерде жиі қолданылады.","Итальян тілі мемлекетте жұмыс істейтінде дүң көпшілігі қолданатын күнжелікті тілі, алылатын тілі діни рәсімдерге жиі қолданылды.",итальян тілі мемлекетте жұмыс істейтіндердің көпшілігі қолданатын күнделікті тілі ал латын тілі діни рәсімдерде жиі қолданылады,итальян тілі мемлекетте жұмыс істейтінде дүң көпшілігі қолданатын күнжелікті тілі алылатын тілі діни рәсімдерге жиі қолданылды
1681,"Дегенмен ол жалғыз емес, эксперименттер өткізу және эксперимент ықтимал гипотезалардың біреуін немесе бірнешеуін жою үшін пайдаланылатын сынақ болып табылады. Сұрақтар қою және бақылаулар жасау да ғылыми зерттеуді бағыттайды.","Дегенмен ол жалғыз емес, экспериментер өткізу және эксперимент ықтимал кипотезаларының біреуін немесе бірнеше үйін жойу үшін пайдаланатын сынақ полып тауылады. Сұрақтар қою және бақылаулар жасауда ғылмези ртеуді бақтайды.",дегенмен ол жалғыз емес эксперименттер өткізу және эксперимент ықтимал гипотезалардың біреуін немесе бірнешеуін жою үшін пайдаланылатын сынақ болып табылады сұрақтар қою және бақылаулар жасау да ғылыми зерттеуді бағыттайды,дегенмен ол жалғыз емес экспериментер өткізу және эксперимент ықтимал кипотезаларының біреуін немесе бірнеше үйін жойу үшін пайдаланатын сынақ полып тауылады сұрақтар қою және бақылаулар жасауда ғылмези ртеуді бақтайды
1690,"USOC ұйымының атлеттердің және клубтардың әрі олардың спорт түрлерінің мүдделеріне лицензиядан айыру орнына, ұйымымызда мағыналы өзгеріс жасау арқылы жақсырақ қызмет көрсетуге болатынымен келіседі.",У соқ ұйымының атлеттерінің және клубтардың әрі олардың спорт түрлерінің мүделеріне лицензиядың айыру ордона ұйымдастырды мағыналу өзгеріс жасалу арқылы жақсырақ қызмет көрсетуге болатынымен келісейді.,usoc ұйымының атлеттердің және клубтардың әрі олардың спорт түрлерінің мүдделеріне лицензиядан айыру орнына ұйымымызда мағыналы өзгеріс жасау арқылы жақсырақ қызмет көрсетуге болатынымен келіседі,у соқ ұйымының атлеттерінің және клубтардың әрі олардың спорт түрлерінің мүделеріне лицензиядың айыру ордона ұйымдастырды мағыналу өзгеріс жасалу арқылы жақсырақ қызмет көрсетуге болатынымен келісейді
1727,Баспанасыз балалар тастап кеткенге немесе қашып кеткенге дейін балаларға қарсы зорлық-зомбылықты көрген немесе жанжарақатын алған болуы мүмкін.,Баспанасыз балалар тастап кеткенге немесе қашып кеткенге дейін балаларға қарсы зорлық зонбылықты көрген немесе жан жарақатын алған болуы мүмкін.,баспанасыз балалар тастап кеткенге немесе қашып кеткенге дейін балаларға қарсы зорлық зомбылықты көрген немесе жанжарақатын алған болуы мүмкін,баспанасыз балалар тастап кеткенге немесе қашып кеткенге дейін балаларға қарсы зорлық зонбылықты көрген немесе жан жарақатын алған болуы мүмкін
1691,"Кейбір маршруттарда үлкенірек компаниялардың өз ұшақтары бар, бірақ басқа маршруттарда және кішірек фирмаларда мәселе болған.","Кейбір машұрыттарда үлкенірек компаниялардың гөз шақтары бар, бірақ басқа машұрыттарда және кішірек фирмаларда мәселе болған.",кейбір маршруттарда үлкенірек компаниялардың өз ұшақтары бар бірақ басқа маршруттарда және кішірек фирмаларда мәселе болған,кейбір машұрыттарда үлкенірек компаниялардың гөз шақтары бар бірақ басқа машұрыттарда және кішірек фирмаларда мәселе болған
1686,"Нәтижесінде, кедергіні  жеңу мақсатында бірлескен жұмысты ұйымдастыру процесі тапсырыс берушілердің қажеттіліктеріне қызмет ететін жаңа инновациялық процеске әкелуі мүмкін.",Нәтижесінде кедергінің жеңу мақсатында бірлескен жұмысты ұйымдасыру процессі тапсырыс берушілердің қажеттіліктеріне қызмет ететін жаңа инновациялық процеске әкелуі мүмкін.,нәтижесінде кедергіні жеңу мақсатында бірлескен жұмысты ұйымдастыру процесі тапсырыс берушілердің қажеттіліктеріне қызмет ететін жаңа инновациялық процеске әкелуі мүмкін,нәтижесінде кедергінің жеңу мақсатында бірлескен жұмысты ұйымдасыру процессі тапсырыс берушілердің қажеттіліктеріне қызмет ететін жаңа инновациялық процеске әкелуі мүмкін
1723,"Бұл портта 1889 жылы әскери-теңіз флоттарының қайғылы қарама-қарсы келуі болған. Германияның, АҚШ-тың және Британияның жеті кемесі порттан кетуден бас тартқан.",Бұл портта 1889 жылы әскери-теңіз фоттарының қайғылы қарама-қарсы келуі болған. Германияның АҚШ-тың және Британияның жеті кемесі порттан кетуден бас тартқан.,бұл портта 1889 жылы әскери теңіз флоттарының қайғылы қарама қарсы келуі болған германияның ақш тың және британияның жеті кемесі порттан кетуден бас тартқан,бұл портта 1889 жылы әскери теңіз фоттарының қайғылы қарама қарсы келуі болған германияның ақш тың және британияның жеті кемесі порттан кетуден бас тартқан
1998,"Олардың қабыршақтары мен тырнақтары бар аяқтары бар, олар жұмыртқалайды және олар тиранозавр сияқты екі артқы аяғында жүреді.","Олардың қабыршақтары мен тырнақтары бар, аяқтары бар. Олар жұмыртқылайды және олар тераназап ырсияқты екі арққы аяғында жүледі.",олардың қабыршақтары мен тырнақтары бар аяқтары бар олар жұмыртқалайды және олар тиранозавр сияқты екі артқы аяғында жүреді,олардың қабыршақтары мен тырнақтары бар аяқтары бар олар жұмыртқылайды және олар тераназап ырсияқты екі арққы аяғында жүледі
1978,«Спрингбокс» үшін бұл қатара бес ойындық жеңіліспен аяқталды.,Спринкбокс үшін бұл қатара пес ойындық жеңісбен аяқталды.,спрингбокс үшін бұл қатара бес ойындық жеңіліспен аяқталды,спринкбокс үшін бұл қатара пес ойындық жеңісбен аяқталды
1751,Дебатты «Катрина» дауылының салдарынан көмек пен реконструкцияға жұмсауға қатысты даулар тудырды; кейбір қаржылық консерваторлар мұны әзілдеп «Буштың Жаңа Орлеандағы мәмілесі» деп атады.,Деп атты Катрина дауылының салдарынан Көмек пен реконструкцияға жұмсалға қатысты даулар тудырды. Кейбір қаржылық консерваторлар мұны әзіл деп буштың жаңа арлеандағы мәмілесі деп атады.,дебатты катрина дауылының салдарынан көмек пен реконструкцияға жұмсауға қатысты даулар тудырды кейбір қаржылық консерваторлар мұны әзілдеп буштың жаңа орлеандағы мәмілесі деп атады,деп атты катрина дауылының салдарынан көмек пен реконструкцияға жұмсалға қатысты даулар тудырды кейбір қаржылық консерваторлар мұны әзіл деп буштың жаңа арлеандағы мәмілесі деп атады
1893,"Сундарбандар - әлемдегі ең үлкен жағалаудағы мангр тоғайының белдеуі, жағалаудан Бангладеш пен Үндістанның ішкі аудандарына дейін 80 км (50 миль) созылып жатыр.",Сумдарбандар әлемдегі ең үлкен жағалаудағы мангр тоғайының белдеуі жағалаудың бангладешпен Үндістанның ішкі аудандарында дейін 80 км немесе елу миль созылып жатыр.,сундарбандар әлемдегі ең үлкен жағалаудағы мангр тоғайының белдеуі жағалаудан бангладеш пен үндістанның ішкі аудандарына дейін 80 км 50 миль созылып жатыр,сумдарбандар әлемдегі ең үлкен жағалаудағы мангр тоғайының белдеуі жағалаудың бангладешпен үндістанның ішкі аудандарында дейін 80 км немесе елу миль созылып жатыр
1975,Ватикан қаласы халқының саны — шамамен 800. Бұл — дүние жүзіндегі ең шағын тәуелсіз ел және халық саны ең аз ел.,"Ватикан қаласы халықының саны шамамен 800, бұл дүние жүзіндегі ең шағын тәуелсіз ел және халық саны ең аз ел.",ватикан қаласы халқының саны шамамен 800 бұл дүние жүзіндегі ең шағын тәуелсіз ел және халық саны ең аз ел,ватикан қаласы халықының саны шамамен 800 бұл дүние жүзіндегі ең шағын тәуелсіз ел және халық саны ең аз ел
1801,Гонконг аспанын безендіретін ғимараттар тобы Виктория Харбор суларының қатысуымен айқын көрінетін жарқыраған жолақ диаграммасымен салыстырылды.,Гонгконг аспанын безендіретін гимараттар тобы Викторияқ Харбор суларының қатысуымен аяқын көрінетін жарқыраған жолақ диаграмасымен салыстырылады.,гонконг аспанын безендіретін ғимараттар тобы виктория харбор суларының қатысуымен айқын көрінетін жарқыраған жолақ диаграммасымен салыстырылды,гонгконг аспанын безендіретін гимараттар тобы викторияқ харбор суларының қатысуымен аяқын көрінетін жарқыраған жолақ диаграмасымен салыстырылады
1868,"Спектрдің екінші жағында адам бейтаныс адамға айналады, ол топ орындайтын барлық әрекеттерді өзгертіп, оны өз бетінше жасау керек деп санайды.","Спектірдің екінші жағытда адам бейтаныс адама айналды, ол топ орындайтын барлық әрекеттерді өзгердіп, оны өз бетінше жасау керек деп санайды.",спектрдің екінші жағында адам бейтаныс адамға айналады ол топ орындайтын барлық әрекеттерді өзгертіп оны өз бетінше жасау керек деп санайды,спектірдің екінші жағытда адам бейтаныс адама айналды ол топ орындайтын барлық әрекеттерді өзгердіп оны өз бетінше жасау керек деп санайды
1730,"Автобустар күні бойы ауданаралық автовокзалдан (өзеннің бойымен) шығады, дегенмен көбісі, әсіресе шығысқа және Джакарға/Бумтангқа бет алғандары 06:30 және 07: 30 аралығында шығады.","Автобустар күні бойы ауданаралық автавагзалдан, өзенің бойымен шығады, дегенмен көбісі әсіресе шығысқа және жакарға бумтаң қа бет алғандары 630 және 730 аралғында шығады.",автобустар күні бойы ауданаралық автовокзалдан өзеннің бойымен шығады дегенмен көбісі әсіресе шығысқа және джакарға бумтангқа бет алғандары 06 30 және 07 30 аралығында шығады,автобустар күні бойы ауданаралық автавагзалдан өзенің бойымен шығады дегенмен көбісі әсіресе шығысқа және жакарға бумтаң қа бет алғандары 630 және 730 аралғында шығады
1781,"Мадагаскар — қазіргі уақытта ең үлкені әрі жабайы табиғатына келгенде, өздігінен континент болып табылады.",Мадагаскар кәзіргі уақытта ең үлкен әрі жабайы табиғаттықа келденде өздігінен континент болып табылады.,мадагаскар қазіргі уақытта ең үлкені әрі жабайы табиғатына келгенде өздігінен континент болып табылады,мадагаскар кәзіргі уақытта ең үлкен әрі жабайы табиғаттықа келденде өздігінен континент болып табылады
1945,Касабланка — бүкіл Мароккодағы шоппинг жасау ең қызық емес жерлердің бірі.,Касабланка — бүкіл маруккадағы шоппинг жасау ең қызық емес жерлердің бірі.,касабланка бүкіл мароккодағы шоппинг жасау ең қызық емес жерлердің бірі,касабланка бүкіл маруккадағы шоппинг жасау ең қызық емес жерлердің бірі
1792,Бұл химиялық рН деп аталады. Қызыл қырыққабат шырынын пайдаланып индикатор жасай аласыз.,"Бұл химиялық пияж де паталады, қызыл 40 қабат шырынын пайдаланып индикатор жасай аласыз.",бұл химиялық рн деп аталады қызыл қырыққабат шырынын пайдаланып индикатор жасай аласыз,бұл химиялық пияж де паталады қызыл 40 қабат шырынын пайдаланып индикатор жасай аласыз
1925,"Жасалған жұмыс көбіне теориялық болды, бірақ Мерген галактикасына қатысты жасалатын бақылауларды симуляциялау үшін бағдарлама жазылды.","Жасалған жұмыс көбіне теориялық болды, бірақ мерген галактикасына қатысты жасалатын бақылауларды симуляциялау үшін бағдарлама жазылды.",жасалған жұмыс көбіне теориялық болды бірақ мерген галактикасына қатысты жасалатын бақылауларды симуляциялау үшін бағдарлама жазылды,жасалған жұмыс көбіне теориялық болды бірақ мерген галактикасына қатысты жасалатын бақылауларды симуляциялау үшін бағдарлама жазылды
1764,"Келген адамдардың саны көп болғаны сонша, Сент Питер алаңындағы жерлеу процессиясына барлық адам қатыса алмады.","Келген адамдардың саны көп болғаны сонша, Сент-Питер аланындағы жерлеу процесиясына барлығ адам қатыса алмады.",келген адамдардың саны көп болғаны сонша сент питер алаңындағы жерлеу процессиясына барлық адам қатыса алмады,келген адамдардың саны көп болғаны сонша сент питер аланындағы жерлеу процесиясына барлығ адам қатыса алмады
1871,"Таяу Шығыстың климаты жылы болғандықтан, үй аса маңызды болмаған.",Таяу шығыстың климаты жұғы болғандықтан и аса маңызды болмаған.,таяу шығыстың климаты жылы болғандықтан үй аса маңызды болмаған,таяу шығыстың климаты жұғы болғандықтан и аса маңызды болмаған
1919,"Қала Африкадағы ең арзан тау горилласы саудасының орталығы болумен қатар, Ньирагонго жанартауына шығуда негізгі қала қызметін атқарады.",Қала Африкадағы ең арзан Тау Гориласы саудасының орталығы болумен қадар Нирагонга жаңартауына шығуда негізгі қала қызметін атқарады.,қала африкадағы ең арзан тау горилласы саудасының орталығы болумен қатар ньирагонго жанартауына шығуда негізгі қала қызметін атқарады,қала африкадағы ең арзан тау гориласы саудасының орталығы болумен қадар нирагонга жаңартауына шығуда негізгі қала қызметін атқарады
1891,"Лакша Сингх ""чхаппан бхог"" (елу алты дегенді білдіреді) өлеңін ұсынды. Ол әнді әнші Раджу Ханделвалмен бірге орындады.",Лакшы Синк Чыхаппан Пхок елу 6 дегенді білдіреді өленің өленің ұсынды. Ол әнді әнші Раджу Хандел Ванлимен біргеу мұрындады.,лакша сингх чхаппан бхог елу алты дегенді білдіреді өлеңін ұсынды ол әнді әнші раджу ханделвалмен бірге орындады,лакшы синк чыхаппан пхок елу 6 дегенді білдіреді өленің өленің ұсынды ол әнді әнші раджу хандел ванлимен біргеу мұрындады
1924,"Әйелдер отыратын тобындағы төрт шаңғышы өз жарыстарын аяқтай алмады, ал Giant Slalom жарысындағы жалпы 117 шаңғышының 45-і жарыста орын алмады.","Әйелдер отыратын тобындағы төрт шаңғышы өз жарыстарын аяқтай алмады, ал Джайэн Дслэлом жарысындағы жалпы 117 шаңғышының 45-бесі жарыста орын алмады.",әйелдер отыратын тобындағы төрт шаңғышы өз жарыстарын аяқтай алмады ал giant slalom жарысындағы жалпы 117 шаңғышының 45 і жарыста орын алмады,әйелдер отыратын тобындағы төрт шаңғышы өз жарыстарын аяқтай алмады ал джайэн дслэлом жарысындағы жалпы 117 шаңғышының 45 бесі жарыста орын алмады
1787,Блоггинг — бірлесіп жұмыс істеуге шабыттандыратын және оқушыларды дәстүрлі мектеп күнінен кеңейтуге ынталандыратын құрал.,Блогинг — бірлесі жұмыс істеуге шабыттандыратын және боқушыларды дәстүрлі мектеп күнін кеңейтуге ымталандыратын құрал.,блоггинг бірлесіп жұмыс істеуге шабыттандыратын және оқушыларды дәстүрлі мектеп күнінен кеңейтуге ынталандыратын құрал,блогинг бірлесі жұмыс істеуге шабыттандыратын және боқушыларды дәстүрлі мектеп күнін кеңейтуге ымталандыратын құрал
1916,"Көп неміс пісірілген өнімдерінде сонымен бірге бадам, орман жаңғақтары және басқа ағаш жаңғақтары болады. Танымал торттар жиі қою кофенің саптыаяғымен өте жақсы желінеді.","Көп неміс бесірілген өнімдерінде, сонымен бірге, бадам, орман жаңғақтары және басқа ағаз жаңғақтары болады. Танымал торттар жиі қою кофенің сапта аяғымен өте жақсы желінеді.",көп неміс пісірілген өнімдерінде сонымен бірге бадам орман жаңғақтары және басқа ағаш жаңғақтары болады танымал торттар жиі қою кофенің саптыаяғымен өте жақсы желінеді,көп неміс бесірілген өнімдерінде сонымен бірге бадам орман жаңғақтары және басқа ағаз жаңғақтары болады танымал торттар жиі қою кофенің сапта аяғымен өте жақсы желінеді
1998,"Олардың қабыршақтары мен тырнақтары бар аяқтары бар, олар жұмыртқалайды және олар тиранозавр сияқты екі артқы аяғында жүреді.","Олардың қабір шықтары мен тырынақтары бар, аяқтары бар. Олар жұмыртқалайды және олар теряназавыр сияқты екі ғатқы аяғында жүреді.",олардың қабыршақтары мен тырнақтары бар аяқтары бар олар жұмыртқалайды және олар тиранозавр сияқты екі артқы аяғында жүреді,олардың қабір шықтары мен тырынақтары бар аяқтары бар олар жұмыртқалайды және олар теряназавыр сияқты екі ғатқы аяғында жүреді
1764,"Келген адамдардың саны көп болғаны сонша, Сент Питер алаңындағы жерлеу процессиясына барлық адам қатыса алмады.","Келген адамдардың саны көп болғаны, сонша Сент-Питер алаңындағы жерлеу процесиясына барлық адам қатысы албады.",келген адамдардың саны көп болғаны сонша сент питер алаңындағы жерлеу процессиясына барлық адам қатыса алмады,келген адамдардың саны көп болғаны сонша сент питер алаңындағы жерлеу процесиясына барлық адам қатысы албады
1688,"Теңіз әскери күштерінің жұмысы дәстүр бойынша елдің адамдарды және тауарларды жылжыту қабілетін сақтау, сонымен бірге жаудың өз адамдары мен тауарларын жылжыту қабілетіне кедергі жасау болатын.","Теңіз әскери күштерінің жұмысы дәстір бойынша елдің адамдарда және тауарларды жылжыту қабілетін сақтау, сонымен бірге жаудың өз адамдары мен тауарларын жылжыту қабілетіне кедергі жасау болатын.",теңіз әскери күштерінің жұмысы дәстүр бойынша елдің адамдарды және тауарларды жылжыту қабілетін сақтау сонымен бірге жаудың өз адамдары мен тауарларын жылжыту қабілетіне кедергі жасау болатын,теңіз әскери күштерінің жұмысы дәстір бойынша елдің адамдарда және тауарларды жылжыту қабілетін сақтау сонымен бірге жаудың өз адамдары мен тауарларын жылжыту қабілетіне кедергі жасау болатын
1714,"Жерсерік ғарышқа зымыранмен жіберілді. Ғалымдар ғарышта телескоптарды пайдаланады, өйткені жердің атмосферасы біраз жарық пен көріністі бұрмалайды.","Жерсерік ғарышқа зымыранмен жіберілді, ғалымдар ғарышта телескоптарды пайдаланады, өйткені жердің атмосферасы біраз жарық пен көріністі бұрмалайды.",жерсерік ғарышқа зымыранмен жіберілді ғалымдар ғарышта телескоптарды пайдаланады өйткені жердің атмосферасы біраз жарық пен көріністі бұрмалайды,жерсерік ғарышқа зымыранмен жіберілді ғалымдар ғарышта телескоптарды пайдаланады өйткені жердің атмосферасы біраз жарық пен көріністі бұрмалайды
1771,"Негізгі сахналардағы музыка аяқталғанымен, фестивальдің түннің кеш уақытына дейін музыканы ойнатуды жалғастыратын бөліктері болуы мүмкін екенін есте сақтаңыз.","Негізгі сақналардағы музыка аяқталғанымен, фестивальдің түннің кеш уақытына дейін музыканы ойнатуды жалғастыратын бөліктері болуы мүмкінекенін есте сақтаңыз.",негізгі сахналардағы музыка аяқталғанымен фестивальдің түннің кеш уақытына дейін музыканы ойнатуды жалғастыратын бөліктері болуы мүмкін екенін есте сақтаңыз,негізгі сақналардағы музыка аяқталғанымен фестивальдің түннің кеш уақытына дейін музыканы ойнатуды жалғастыратын бөліктері болуы мүмкінекенін есте сақтаңыз
1805,"Scotturb 403 автобусы Синтраға қалыпты түрде қатынап отырады да, Рока мүйісінде тоқтайды.","Скарттарп 403 автобусы Синтраға қалыпты түрде қатына отқады да, Роккам есінде тоқтайды.",scotturb 403 автобусы синтраға қалыпты түрде қатынап отырады да рока мүйісінде тоқтайды,скарттарп 403 автобусы синтраға қалыпты түрде қатына отқады да роккам есінде тоқтайды
2008,Балидегі күн тәртібіндегі басқа тақырыптарға әлемнің қалған ормандарын сақтау және дамушы елдерге азырақ ластайтын жолмен өсуіне көмектесу үшін технологияларды бөлісу кіреді.,Балейдегі күн тәртібіндегі басқа тақырыптарға әлемнің қалған ормандарын сақтау және дамушы елдерге азырақ ластайтын жолменусуіне көмектесу үшін технологияларды бөлісуі кіреді.,балидегі күн тәртібіндегі басқа тақырыптарға әлемнің қалған ормандарын сақтау және дамушы елдерге азырақ ластайтын жолмен өсуіне көмектесу үшін технологияларды бөлісу кіреді,балейдегі күн тәртібіндегі басқа тақырыптарға әлемнің қалған ормандарын сақтау және дамушы елдерге азырақ ластайтын жолменусуіне көмектесу үшін технологияларды бөлісуі кіреді
1871,"Таяу Шығыстың климаты жылы болғандықтан, үй аса маңызды болмаған.",Таяу шығыстың климаты жылы болғандығдың и аса маңызды болмыған.,таяу шығыстың климаты жылы болғандықтан үй аса маңызды болмаған,таяу шығыстың климаты жылы болғандығдың и аса маңызды болмыған
1710,"Өткен аптада METI ұйымы оған Apple компаниясы қызып кетудің 34 қосымша инциденті туралы хабарлағанын жариялады, Apple компаниясы оларды «ауыр емес» деп атады.",Өткен аптада меті ұйымы оған Apple компаниясы қызып кетудің 34 қосымша инциденті туралық хабарлағанын жариялады. Apple компаниясы оларды ауыр емес деп атады.,өткен аптада meti ұйымы оған apple компаниясы қызып кетудің 34 қосымша инциденті туралы хабарлағанын жариялады apple компаниясы оларды ауыр емес деп атады,өткен аптада меті ұйымы оған apple компаниясы қызып кетудің 34 қосымша инциденті туралық хабарлағанын жариялады apple компаниясы оларды ауыр емес деп атады
1981,"Бар болғаны кеме экскурсиялары арқылы жағаға барсаңыз, сізге бөлек виза қажет болмайды (2009 жылдан).","Бар болғаны кеме экскурсиялары арқылы жағаға барсаңыз, сізге бөлек виза қажет болмайды, 2009 жылдан.",бар болғаны кеме экскурсиялары арқылы жағаға барсаңыз сізге бөлек виза қажет болмайды 2009 жылдан,бар болғаны кеме экскурсиялары арқылы жағаға барсаңыз сізге бөлек виза қажет болмайды 2009 жылдан
1805,"Scotturb 403 автобусы Синтраға қалыпты түрде қатынап отырады да, Рока мүйісінде тоқтайды.","Скот тіріп 403 автобусы синтраға қалыпты түрде қатынап отырады да, Роком үйсінде тоқтайды.",scotturb 403 автобусы синтраға қалыпты түрде қатынап отырады да рока мүйісінде тоқтайды,скот тіріп 403 автобусы синтраға қалыпты түрде қатынап отырады да роком үйсінде тоқтайды
1871,"Таяу Шығыстың климаты жылы болғандықтан, үй аса маңызды болмаған.",Каял шығыстың климаты жылы болғандықтан и аса маңызды болмаған.,таяу шығыстың климаты жылы болғандықтан үй аса маңызды болмаған,каял шығыстың климаты жылы болғандықтан и аса маңызды болмаған
1663,"Кочамо алқабы – Чилидегі өрмелеу үшін баратын негізгі жер. Ол Оңтүстік Американың Йосемитесі ретінде белгілі, оның әртүрлі гранит үлкен қабырғалары және жартастары бар.","Кочамо алқабы чилидегі өрмелеу үшін баратын негізгі жер. Ол оңтүстік Американың Йосиметесі ретінде белгілі, оның әртүрлі гранит үлкен қабырғалары және жартастары бар.",кочамо алқабы чилидегі өрмелеу үшін баратын негізгі жер ол оңтүстік американың йосемитесі ретінде белгілі оның әртүрлі гранит үлкен қабырғалары және жартастары бар,кочамо алқабы чилидегі өрмелеу үшін баратын негізгі жер ол оңтүстік американың йосиметесі ретінде белгілі оның әртүрлі гранит үлкен қабырғалары және жартастары бар
1992,"«Сафари» терминінің кең таралған мағынасы Африканың таң қалдыратын жабайы табиғатын, әсіресе саваннаны көруге жер бетімен саяхаттауды білдіреді.","Сафари терминінің кеңтаралған мағынасы Африканың таң қалдыратын жабайы табиғатын, әсіресе сабананы көруге жербетмен саяхаттауды білдіреді.",сафари терминінің кең таралған мағынасы африканың таң қалдыратын жабайы табиғатын әсіресе саваннаны көруге жер бетімен саяхаттауды білдіреді,сафари терминінің кеңтаралған мағынасы африканың таң қалдыратын жабайы табиғатын әсіресе сабананы көруге жербетмен саяхаттауды білдіреді
1941,Бұл жұптар баласы үшін асырап алу жоспарын жасауды таңдауы мүмкін.,Бұл жұптар баласы үшін асырап алу жоспарын жасауды таңдауы мүмкін.,бұл жұптар баласы үшін асырап алу жоспарын жасауды таңдауы мүмкін,бұл жұптар баласы үшін асырап алу жоспарын жасауды таңдауы мүмкін
1935,"Алайда, бұл дұрыс емес. Құжаттың артында белгілі бір мәлімет жазылған болса да, ол қазынаға жеткізетін карта емес.","Алайды бұл дұрыс емес, құжаттың артында белгілі бір мәлімет жазылған болса да, ол қазынаға жеткізетін карта емес.",алайда бұл дұрыс емес құжаттың артында белгілі бір мәлімет жазылған болса да ол қазынаға жеткізетін карта емес,алайды бұл дұрыс емес құжаттың артында белгілі бір мәлімет жазылған болса да ол қазынаға жеткізетін карта емес
1783,"Аймақтық және маусымдық ауа райы құбылыстары қарлы борандарды, мұзды борандарды және шаң дауылдарын қамтиды.","Аймақтық және маусымдақ ауа райы құбылостары қарлы, борандарды, мұзды, борандарды және шаң дауылдарын қамтиды.",аймақтық және маусымдық ауа райы құбылыстары қарлы борандарды мұзды борандарды және шаң дауылдарын қамтиды,аймақтық және маусымдақ ауа райы құбылостары қарлы борандарды мұзды борандарды және шаң дауылдарын қамтиды
1880,Осылайша қарындаш шыққан кезде көп адамдарға жақсы дос болды.,Осыл айша қарында шыққан кезде көп адамдарға жақсы дос болды.,осылайша қарындаш шыққан кезде көп адамдарға жақсы дос болды,осыл айша қарында шыққан кезде көп адамдарға жақсы дос болды
1817,Шенген аймағы бұл тұрғыдан бір ел сияқты жұмыс істейді.,Шынген аймақы бұл тұрғыдан бір ел сияқты жұмыс істейді.,шенген аймағы бұл тұрғыдан бір ел сияқты жұмыс істейді,шынген аймақы бұл тұрғыдан бір ел сияқты жұмыс істейді
1825,"Әрекетке жақын болғыңыз келсе, музыкаға жақын кемпинг учаскесін алу үшін ерте тұруыңыз керек.","Рекетке жақын болғыңыз келсе, музыкаға жақын кемпингу жаскесін ауы үшін ерте тұруыңыз керек.",әрекетке жақын болғыңыз келсе музыкаға жақын кемпинг учаскесін алу үшін ерте тұруыңыз керек,рекетке жақын болғыңыз келсе музыкаға жақын кемпингу жаскесін ауы үшін ерте тұруыңыз керек
1792,Бұл химиялық рН деп аталады. Қызыл қырыққабат шырынын пайдаланып индикатор жасай аласыз.,"Бұл химиялық пиаш деп аталады, қызыл қырқыркабат шұрының пайдаланып, индикатер жасай аласыз.",бұл химиялық рн деп аталады қызыл қырыққабат шырынын пайдаланып индикатор жасай аласыз,бұл химиялық пиаш деп аталады қызыл қырқыркабат шұрының пайдаланып индикатер жасай аласыз
1743,Технологиялық детерминизмнің көптеген түсініктемелері екі жалпы пікірге ие: технология мәдени немесе саяси әсерден тыс өз бетінше дамиды және технология өз кезегінде өз ерекшеліктері бар қоғамдарға әсерін тигізеді.,"Технологиялық детерминизмінің көптегін түсініктемелері екі жалпы пікірге ие, технология мәдени немесе саяси әсерден тыс өз бетінже дамиді және технология өз кезегінде өз ерекшеліктері бар қоғамдарға әсерінтегізеді.",технологиялық детерминизмнің көптеген түсініктемелері екі жалпы пікірге ие технология мәдени немесе саяси әсерден тыс өз бетінше дамиды және технология өз кезегінде өз ерекшеліктері бар қоғамдарға әсерін тигізеді,технологиялық детерминизмінің көптегін түсініктемелері екі жалпы пікірге ие технология мәдени немесе саяси әсерден тыс өз бетінже дамиді және технология өз кезегінде өз ерекшеліктері бар қоғамдарға әсерінтегізеді
2007,АҚШ Инженерлер корпусы 6 дюйм жаңбырдың жаууы бұрын зақымдалған бөгеттерді бұзуы мүмкін деп болжады.,АҚШ инженерлер корпусы 6 Дю жаңбырдың жауы бұрын зақымдалған бөгеттерді бұзуы мүмкін деп болжады.,ақш инженерлер корпусы 6 дюйм жаңбырдың жаууы бұрын зақымдалған бөгеттерді бұзуы мүмкін деп болжады,ақш инженерлер корпусы 6 дю жаңбырдың жауы бұрын зақымдалған бөгеттерді бұзуы мүмкін деп болжады
1737,Арыстандар ең көп қатысым жасайтын мысықтар. Олар прайдтар деп аталатын үлкен топтарда өмір сүреді.,Арыстандар ең көп қатысым — жасайтын мысықтар. Олар прайттары деп аталатын үлген топтарыда өмір сүреді.,арыстандар ең көп қатысым жасайтын мысықтар олар прайдтар деп аталатын үлкен топтарда өмір сүреді,арыстандар ең көп қатысым жасайтын мысықтар олар прайттары деп аталатын үлген топтарыда өмір сүреді
1682,"Оны кім жазғанын ешкім дәл білмегенімен, өмірінің басында үлкен пергамент құжат (оның өлшемі: 29¾ дюйм х 24½ дюйм) сақтау үшін оралғаны белгілі.","Оны кім жазғанын ешкім дәл білмегенмен, өмірінің басында үлкен пергамент құжат, оның өлшемі 29.4 дюйм 29.2 дюйм сақтал үшін оралғаны белкілі.",оны кім жазғанын ешкім дәл білмегенімен өмірінің басында үлкен пергамент құжат оның өлшемі 293 4 дюйм х 241 2 дюйм сақтау үшін оралғаны белгілі,оны кім жазғанын ешкім дәл білмегенмен өмірінің басында үлкен пергамент құжат оның өлшемі 29 4 дюйм 29 2 дюйм сақтал үшін оралғаны белкілі
1990,"Сондай-ақ блогтар оқушылардың жазуын жақсартуға көмектеседі. Оқушылар блог тәжірибесін көбінесе немқұрайлы грамматикамен және емлемен бастағанымен, аудиторияның болуы әдетте бұл жағдайды өзгертеді.","Сондай-ақ блогтар оқушылардың жазуын жақсартуға көмектеседі. Оқушылар блогта жүрбесін көбінесен емқұрайлы грамматика мен және емілемен бастағанымен, аудиторияның болуы әдетте бұл жағдайды өзгертеді.",сондай ақ блогтар оқушылардың жазуын жақсартуға көмектеседі оқушылар блог тәжірибесін көбінесе немқұрайлы грамматикамен және емлемен бастағанымен аудиторияның болуы әдетте бұл жағдайды өзгертеді,сондай ақ блогтар оқушылардың жазуын жақсартуға көмектеседі оқушылар блогта жүрбесін көбінесен емқұрайлы грамматика мен және емілемен бастағанымен аудиторияның болуы әдетте бұл жағдайды өзгертеді
1894,"Карри — бұл шөптер мен дәмдеуіштер, сонымен қатап ет немесе көкөністер қосылатын тағам.","Карри, бұл шептер мен дәмдеуіштер, соныммен қатап, ет немесе көністер қосылатын тағам.",карри бұл шөптер мен дәмдеуіштер сонымен қатап ет немесе көкөністер қосылатын тағам,карри бұл шептер мен дәмдеуіштер соныммен қатап ет немесе көністер қосылатын тағам
1814,"Сутегі иондары, бұл олардан электрондары алынып тасталған протондар болып табылады (өйткені сутегі атомдары бір протон мен бір электроннан тұрады).","Сутегі иондары бұл олардан электрондары алынып тасталған протондар болып табылады, өйткені сутегі атомдары бір протон мен бір электроннан тұрады.",сутегі иондары бұл олардан электрондары алынып тасталған протондар болып табылады өйткені сутегі атомдары бір протон мен бір электроннан тұрады,сутегі иондары бұл олардан электрондары алынып тасталған протондар болып табылады өйткені сутегі атомдары бір протон мен бір электроннан тұрады
1760,"Мозасавр өз заманының ең жоғары жыртқышы болған, сондықтан ол басқа мозасаврлардан басқа ештеңеден қорықпаған.","Муза савр — өзаманның ең жоғарғы жарқыша болған. Сондықтан, ол басқа саврлардың басқа ештеңеден қорықпаған.",мозасавр өз заманының ең жоғары жыртқышы болған сондықтан ол басқа мозасаврлардан басқа ештеңеден қорықпаған,муза савр өзаманның ең жоғарғы жарқыша болған сондықтан ол басқа саврлардың басқа ештеңеден қорықпаған
1947,"Әскерлер келмей тұрып, Гаитиде 1800 жылдан бері бұл ауруға қатысты мәселелер болмаған.","Әскерлер келмей тұрып, Гаитиде 1800 жылдан бері бұл ауруға қатысты мәселелер болмаған.",әскерлер келмей тұрып гаитиде 1800 жылдан бері бұл ауруға қатысты мәселелер болмаған,әскерлер келмей тұрып гаитиде 1800 жылдан бері бұл ауруға қатысты мәселелер болмаған
1960,"Оның жасы 20-да болғаны хабарланды. Өз мәлімдемесінде Бибер былай деді: «ол жерде болмағаныммен әрі осы қайғылы апатқа тікелей қатысты болмағаныммен, мен құрбанның отбасы туралы ойлаймын және оларға дұғалар арнаймын.","Оның жасы жиырмада болғаны хабарланды, өз мәлімдемесінде Бибер былай деді. Ол жерде болмағанын мен әрі осы қайғалап атқа тікелей қатысты болмағанымені мен мейн құрбанның отбасы туралы ойлаймын және оларға дұғалар айнармаймын.Ант-ант-ант-ан-ан-ан-ан-ан-ан-ан-ан-ан-ан-ан-ан-ан-ан-ан-ан-ан-ан-ан-ан-ан-ан-ан-ан-ан-ан-ан-ан-ан-ан-ан-ан-ан-ан-ан-ан-ан-ан-ан-ан-ан-ан-ан-ан-ан-ан-ан-ан-ан-ан-ан-ан-ан-ан-ан-ан-ан-ан-ан-ан-ан-ан-ан-ан-ан-ан-ан-ан-ан-ан-ан-ан-ан-ан-ан-ан-ан-ан-ан-ан-ан-ан-ан-ан-ан-ан-ан-ан-ан-ан-ан-ан-ан-ан-ан-ан-ан-ан-ан-ан-ан-ан-ан-ан-ан-ан-ан-ан-ан-ан-ан-ан-ан-ан-ан-ан-ан-ан-ан-ан-ан-ан-ан-ан-ан-ан-ан-ан-ан-ан-ан-ан-ан-ан-ан-ан-ан-ан-ан-ан-ан-ан-ан-ан-ан-ан-ан-ан-ан-ан-ан-ан-ан-ан-ан-ан-ан-ан-ан-ан-ан-ан-ан-ан-ан-ан-ан-ан-ан-ан-ан-ан-ан-ан-ан-ан-ан-ан-ан-ан-ан-ан-ан-ан-ан-ан-ан-ан-ан-ан-ан-ан-ан-ан-ан-ан-ан-ан-ан-ан-ан-ан-ан-ан-ан-ан-ан-ан-ан-ан-ан-ан-ан-ан-ан-ан-ан-",оның жасы 20 да болғаны хабарланды өз мәлімдемесінде бибер былай деді ол жерде болмағаныммен әрі осы қайғылы апатқа тікелей қатысты болмағаныммен мен құрбанның отбасы туралы ойлаймын және оларға дұғалар арнаймын,оның жасы жиырмада болғаны хабарланды өз мәлімдемесінде бибер былай деді ол жерде болмағанын мен әрі осы қайғалап атқа тікелей қатысты болмағанымені мен мейн құрбанның отбасы туралы ойлаймын және оларға дұғалар айнармаймын ант ант ант ан ан ан ан ан ан ан ан ан ан ан ан ан ан ан ан ан ан ан ан ан ан ан ан ан ан ан ан ан ан ан ан ан ан ан ан ан ан ан ан ан ан ан ан ан ан ан ан ан ан ан ан ан ан ан ан ан ан ан ан ан ан ан ан ан ан ан ан ан ан ан ан ан ан ан ан ан ан ан ан ан ан ан ан ан ан ан ан ан ан ан ан ан ан ан ан ан ан ан ан ан ан ан ан ан ан ан ан ан ан ан ан ан ан ан ан ан ан ан ан ан ан ан ан ан ан ан ан ан ан ан ан ан ан ан ан ан ан ан ан ан ан ан ан ан ан ан ан ан ан ан ан ан ан ан ан ан ан ан ан ан ан ан ан ан ан ан ан ан ан ан ан ан ан ан ан ан ан ан ан ан ан ан ан ан ан ан ан ан ан ан ан ан ан ан ан ан ан ан ан ан ан ан ан ан ан ан ан ан ан ан ан ан ан ан ан ан
1827,"Жер қыртысының қалыңдығы жақын жағында шамамен 70 км, ал алыс жағында 100 км.","Жер қыртысының қалындығы жақын жағында шамамен 70 км, ал алыс шағында 100 км.",жер қыртысының қалыңдығы жақын жағында шамамен 70 км ал алыс жағында 100 км,жер қыртысының қалындығы жақын жағында шамамен 70 км ал алыс шағында 100 км
1845,Күймеде олар айқайлап жатқан және король мен патшайымға қоқан-лоққыларды айқайлап айтып жатқан адамдар тобы қоршаған күйде Парижге қайтып оралды.,Күймеде олар айқайлап жатқан және король мен патшайымға қоған лоқыларды айқайлап айтып жатқан адамдар тобы қоршаған күйде Парижге қайтып оралды.,күймеде олар айқайлап жатқан және король мен патшайымға қоқан лоққыларды айқайлап айтып жатқан адамдар тобы қоршаған күйде парижге қайтып оралды,күймеде олар айқайлап жатқан және король мен патшайымға қоған лоқыларды айқайлап айтып жатқан адамдар тобы қоршаған күйде парижге қайтып оралды
1722,53 жастағы Куомо өзінің губернатор лауазымына осы жылдың басында келді және өткен айда бір жынысты некені заңдастырушы заң жобасына қол қойды.,Елюш жастағы Куамо өзінің губернаторлауызымына осы жылдың басында келді және өткен айда бір жынысты некені заңдастырушы заң жобасына қол қойды.,53 жастағы куомо өзінің губернатор лауазымына осы жылдың басында келді және өткен айда бір жынысты некені заңдастырушы заң жобасына қол қойды,елюш жастағы куамо өзінің губернаторлауызымына осы жылдың басында келді және өткен айда бір жынысты некені заңдастырушы заң жобасына қол қойды
1745,"Өсімдіктер табиғи жағдайда жақсы көрінеді, сондықтан олардың «бір данасын» да алып тастамаңыз.","Өсімдіктер табиғи жағдайды жақсы көрінеді, сондықтан олардың бірданасында ауыптастамаңыз.",өсімдіктер табиғи жағдайда жақсы көрінеді сондықтан олардың бір данасын да алып тастамаңыз,өсімдіктер табиғи жағдайды жақсы көрінеді сондықтан олардың бірданасында ауыптастамаңыз
1753,"Бұл көбінесе бар болғаны дәл емес стереотип болғанымен, Парижде өмір сүрудің ең жақсы жолы – ең жақсы мінез-құлықты көрсету, жақсы тәрбиеленген адам сияқты әрекет ету. Бұл саяхаттауды айтарлықтай жеңілдетеді.","Бұл көбінесе бар болғаны дәл емес терятип болғанымен, Парижде өмір сүрудің ең жақсы жолы ең жақсы мінез-құлықты көрсету жақсы тәрбейленген, адам сияқты әрекет ету, бұл саяхаттауды айтарлықтай жеңілдетеді.",бұл көбінесе бар болғаны дәл емес стереотип болғанымен парижде өмір сүрудің ең жақсы жолы ең жақсы мінез құлықты көрсету жақсы тәрбиеленген адам сияқты әрекет ету бұл саяхаттауды айтарлықтай жеңілдетеді,бұл көбінесе бар болғаны дәл емес терятип болғанымен парижде өмір сүрудің ең жақсы жолы ең жақсы мінез құлықты көрсету жақсы тәрбейленген адам сияқты әрекет ету бұл саяхаттауды айтарлықтай жеңілдетеді
1941,Бұл жұптар баласы үшін асырап алу жоспарын жасауды таңдауы мүмкін.,Бұл жұптар баласы үшін асырап алу жоспарын жасқалды таңдауы мүмкін.,бұл жұптар баласы үшін асырап алу жоспарын жасауды таңдауы мүмкін,бұл жұптар баласы үшін асырап алу жоспарын жасқалды таңдауы мүмкін
1702,Бар болғаны екі аптада американдықтар және еркін француз күштері оңтүстік Францияны босатты және Германияға қарай бұрылып жатты.,Бар болғаны екі аптада американдықтар және еркім француз күштері оңтүстік франциянып босатты және германияға қарай бұрылып жатты.,бар болғаны екі аптада американдықтар және еркін француз күштері оңтүстік францияны босатты және германияға қарай бұрылып жатты,бар болғаны екі аптада американдықтар және еркім француз күштері оңтүстік франциянып босатты және германияға қарай бұрылып жатты
1941,Бұл жұптар баласы үшін асырап алу жоспарын жасауды таңдауы мүмкін.,"Бұл жұптар баласы үшін асырап, алу жоспарын жасауды таңдауы мүмкін.",бұл жұптар баласы үшін асырап алу жоспарын жасауды таңдауы мүмкін,бұл жұптар баласы үшін асырап алу жоспарын жасауды таңдауы мүмкін
1748,Өрт сөндіру бөлімшелері өртті кешкі сағат 11:35-ке дейін сөндірді.,Өрт сөндіру бөлімшелері өрттік кешкі сағат 11-35-ке дейін сөндірді.,өрт сөндіру бөлімшелері өртті кешкі сағат 11 35 ке дейін сөндірді,өрт сөндіру бөлімшелері өрттік кешкі сағат 11 35 ке дейін сөндірді
1840,"Италияның көптеген қалаларында және әлемдегі басқа да қалаларда, әсіресе Польшада, соған ұқсас қондырмалар орнатылды және бұған көптеген адамдар куә болды.","Италияның көптеген қалаларында және әлемдегі басқа да қалаларда, әсіресе полшада, соған қысас қондырмалар орнатылды және бұған көптеген адамдар куә болды.",италияның көптеген қалаларында және әлемдегі басқа да қалаларда әсіресе польшада соған ұқсас қондырмалар орнатылды және бұған көптеген адамдар куә болды,италияның көптеген қалаларында және әлемдегі басқа да қалаларда әсіресе полшада соған қысас қондырмалар орнатылды және бұған көптеген адамдар куә болды
1977,"Прайдтар бірден үшке дейін туыс ересек еркек арыстаннан, сондай-ақ отыз аналық пен абданнан тұрады.","Прайттар бірден үшке дейін туыс ересегі еркек арыстаннан, сондай-ақ 30 аналық пен абдананан тұрады.",прайдтар бірден үшке дейін туыс ересек еркек арыстаннан сондай ақ отыз аналық пен абданнан тұрады,прайттар бірден үшке дейін туыс ересегі еркек арыстаннан сондай ақ 30 аналық пен абдананан тұрады
1885,"22:00-23: 00 аралығында (MDT), аулада тұрған сотталғандай өрт шығарды.",22.00-23.00 аралғында Мдти аулада тұрған сотталған дай өрт шығарды.,22 00 23 00 аралығында mdt аулада тұрған сотталғандай өрт шығарды,22 00 23 00 аралғында мдти аулада тұрған сотталған дай өрт шығарды
1786,Бұл кристалдардың құрылымы инфрақызыл спектроскопиямен (FTIR) салыстырғанда әсер етілген үй жануарларының зәрінде кездесетін кристалдармен бірдей.,Бұл кристалдардың құрылымына инфрақызыл спектроскопия мен FTR салыстырығында әсер етілген үй жонуарларының зәрінде кездесетін кристалдарымен бірдей.,бұл кристалдардың құрылымы инфрақызыл спектроскопиямен ftir салыстырғанда әсер етілген үй жануарларының зәрінде кездесетін кристалдармен бірдей,бұл кристалдардың құрылымына инфрақызыл спектроскопия мен ftr салыстырығында әсер етілген үй жонуарларының зәрінде кездесетін кристалдарымен бірдей
1810,Калифорния губернаторы Арнольд Шварценеггер кәмелетке толмағандарға зорлық-зомбылық контенті бар видео ойындарды сатуға немесе жалға беруге тыйым салатын заңға қол қойды.,Калифорния губернаторы Арнольд Шварсинекр комплитке толмағандарға арналғын зонбылық контенті бар видео ойындарды сатуға немесе жалға веруге тиым салатын заңға қол қойды.,калифорния губернаторы арнольд шварценеггер кәмелетке толмағандарға зорлық зомбылық контенті бар видео ойындарды сатуға немесе жалға беруге тыйым салатын заңға қол қойды,калифорния губернаторы арнольд шварсинекр комплитке толмағандарға арналғын зонбылық контенті бар видео ойындарды сатуға немесе жалға веруге тиым салатын заңға қол қойды
1838,Гизадағы Ұлы Пирамида - жеті ғажайыптың ішіндегі бүгінгі күнге дейін сақталып қалған жалғыз ғажап.,"Гизадағы ол пирамида жеті ғажайыптың ішіндегі бүгінгі күнге дейін сақталып, алған жалғыз ғажап.",гизадағы ұлы пирамида жеті ғажайыптың ішіндегі бүгінгі күнге дейін сақталып қалған жалғыз ғажап,гизадағы ол пирамида жеті ғажайыптың ішіндегі бүгінгі күнге дейін сақталып алған жалғыз ғажап
1935,"Алайда, бұл дұрыс емес. Құжаттың артында белгілі бір мәлімет жазылған болса да, ол қазынаға жеткізетін карта емес.","Алайда бұл дұрыс емес, құжоттың артында белгілі бір мәлімет жазылған болса да, ол қазынаға жеткізетінің картай емес.",алайда бұл дұрыс емес құжаттың артында белгілі бір мәлімет жазылған болса да ол қазынаға жеткізетін карта емес,алайда бұл дұрыс емес құжоттың артында белгілі бір мәлімет жазылған болса да ол қазынаға жеткізетінің картай емес
1799,"Сәрсенбі күнгі оқиғадан басқа, Карпанедо чемпионаттағы екі жеке жарыста қатысты.",Сәрсенбі күнгі оқиғадан басқа корпонета чемпионаттағы екі жеке жарыста қатысты.,сәрсенбі күнгі оқиғадан басқа карпанедо чемпионаттағы екі жеке жарыста қатысты,сәрсенбі күнгі оқиғадан басқа корпонета чемпионаттағы екі жеке жарыста қатысты
1748,Өрт сөндіру бөлімшелері өртті кешкі сағат 11:35-ке дейін сөндірді.,Өрт сөндіру бөлімшілері өрттік кешкі сағат 11-35 кейін сөндірді.,өрт сөндіру бөлімшелері өртті кешкі сағат 11 35 ке дейін сөндірді,өрт сөндіру бөлімшілері өрттік кешкі сағат 11 35 кейін сөндірді
1821,Ми патологиялары мен іс-қимыл арасындағы байланыс ғалымдарды олардың зерттеулерінде қолдайды.,"Ми патологияларымен іс-қимылар астындағы байланыс, ғалымдарды олардың зерттеулерімде қолдайды.",ми патологиялары мен іс қимыл арасындағы байланыс ғалымдарды олардың зерттеулерінде қолдайды,ми патологияларымен іс қимылар астындағы байланыс ғалымдарды олардың зерттеулерімде қолдайды
1921,"Екінші жағынан, мұзды және қарлы жағдайлар көп елдерде қалыпты болып табылады және жол қозғалысы көбінесе жыл бойы үздіксіз болады.",Екінші жағынан мұздық және қарлы жағдайлар көбелерде қалыпты болып табылады және жол қозалысы көбінесе жол бойы үздіксіз болады.,екінші жағынан мұзды және қарлы жағдайлар көп елдерде қалыпты болып табылады және жол қозғалысы көбінесе жыл бойы үздіксіз болады,екінші жағынан мұздық және қарлы жағдайлар көбелерде қалыпты болып табылады және жол қозалысы көбінесе жол бойы үздіксіз болады
1844,Айдың беті тау жынысы мен шаңнан тұрады. Айдың сыртқы қабаты қабық деп аталады.,Айдың беті тағжынысымен шаңынам тұрады. Айдың сыртқы қабаты «қабық» деп аталады.,айдың беті тау жынысы мен шаңнан тұрады айдың сыртқы қабаты қабық деп аталады,айдың беті тағжынысымен шаңынам тұрады айдың сыртқы қабаты қабық деп аталады
1719,"Қаһарлы ауа-райы - ауыр зақым келтіретін, қоғамдық құрылымға қатты қалал келтіретін және адам өлімдеріне себеп болуы мүмкін болған кез-келген қауіпті ауа-райының құбылыстарына айтылатын ұғым.",Қаһарлы ауа райы ауыры зақым келтіретін қоғамдық құрылымға қаттық қалал келтіретін және адам өлімдеріне себеп болуы мүмкін болған кез-келген қауіпті ауа райының құбылыстарына айтылатын ұғым.,қаһарлы ауа райы ауыр зақым келтіретін қоғамдық құрылымға қатты қалал келтіретін және адам өлімдеріне себеп болуы мүмкін болған кез келген қауіпті ауа райының құбылыстарына айтылатын ұғым,қаһарлы ауа райы ауыры зақым келтіретін қоғамдық құрылымға қаттық қалал келтіретін және адам өлімдеріне себеп болуы мүмкін болған кез келген қауіпті ауа райының құбылыстарына айтылатын ұғым
1884,Атап айтқанда адамның бетіндегі микро өзгерістерді түсіндіру арқылы оның өтірік айтуын анықтауға болады.,Атап айтқанда адамның бетіндегі микро өзгерістерді түсіндіру арқылы оның өтірік айтуын анықтауға болады.,атап айтқанда адамның бетіндегі микро өзгерістерді түсіндіру арқылы оның өтірік айтуын анықтауға болады,атап айтқанда адамның бетіндегі микро өзгерістерді түсіндіру арқылы оның өтірік айтуын анықтауға болады
1808,"Соғыс аяқталғаннан кейін екі жылда, бұрынғы одақтастар енді жаулар болды және суық соғыс басталды.","Соғыс аяқталғаннан кейін екі жылда бұрынғы отақтастар енді жаулар болып, болды және суық соғыс басталды.",соғыс аяқталғаннан кейін екі жылда бұрынғы одақтастар енді жаулар болды және суық соғыс басталды,соғыс аяқталғаннан кейін екі жылда бұрынғы отақтастар енді жаулар болып болды және суық соғыс басталды
1803,"Сіздің қолыңыздағы ылғал сыртқы қабаттармен өзара әрекетке түсіп, біртүрлі сезіледі және қорғаныс қабығын түзеді.","Сіздің қолыңыздағы ұлғал сыртқы баттар мен өзері әрекетке түсіп, бір түрлі сезіледі және қорғаныс қабығын түзеді.",сіздің қолыңыздағы ылғал сыртқы қабаттармен өзара әрекетке түсіп біртүрлі сезіледі және қорғаныс қабығын түзеді,сіздің қолыңыздағы ұлғал сыртқы баттар мен өзері әрекетке түсіп бір түрлі сезіледі және қорғаныс қабығын түзеді
1892,"Бұл – Британдық отарлаушылардың өз меншігі ретінде басып алған орны, сондықтан егер сіз аумақтың отаршылдықта болғанының дәлелдерін іздесеңіз, бұл – бастамаңыз үшін қолайлы орын.","Бұл британдық отарлаушылардың өзменшігі ретінде басып алған орны. Сондықтан егер сіз аумақтың отаршылдықта болғанының дәлелдерін іздесеңіз, бұл бастамаңыз үшін қолайлы орын.",бұл британдық отарлаушылардың өз меншігі ретінде басып алған орны сондықтан егер сіз аумақтың отаршылдықта болғанының дәлелдерін іздесеңіз бұл бастамаңыз үшін қолайлы орын,бұл британдық отарлаушылардың өзменшігі ретінде басып алған орны сондықтан егер сіз аумақтың отаршылдықта болғанының дәлелдерін іздесеңіз бұл бастамаңыз үшін қолайлы орын
1735,"Америка Құрама Штаттарындағы Принстон университетінің және Швециядағы Упсала университетінің зерттеушілері бар болғаны екі буында жаңа түрдің пайда болғанын мәлімдеді, дегенмен бұл процесс Дарвиннің шұбар шымшығын, Геоспиза шұбар шымшығын және иммигрант кактус шұбар шымшығын (Geospiza conirostris) будандастыруға байланысты бұл процесс әлдеқайда ұзағыраққа созылады деп есептеліп келген.","Америка Құрама Штаттарындағы Принстон университетінің және Швециядағы упсалы университетінің зертеушілері бар болғаны екі бұында жаңа түрдің пайда болғанын мәлімдеді, дегенмен бұл процес Дарвиннің шыбаршым шығым, Геоспиза шыбаршым шығын және иммигрант коктус шыбаршым шығын геоспиза. Конеростес, бұдандастыруқа байланысты бұл процес әлдеқайда ұзағырақ қасозылады деп есептеліп келген.",америка құрама штаттарындағы принстон университетінің және швециядағы упсала университетінің зерттеушілері бар болғаны екі буында жаңа түрдің пайда болғанын мәлімдеді дегенмен бұл процесс дарвиннің шұбар шымшығын геоспиза шұбар шымшығын және иммигрант кактус шұбар шымшығын geospiza conirostris будандастыруға байланысты бұл процесс әлдеқайда ұзағыраққа созылады деп есептеліп келген,америка құрама штаттарындағы принстон университетінің және швециядағы упсалы университетінің зертеушілері бар болғаны екі бұында жаңа түрдің пайда болғанын мәлімдеді дегенмен бұл процес дарвиннің шыбаршым шығым геоспиза шыбаршым шығын және иммигрант коктус шыбаршым шығын геоспиза конеростес бұдандастыруқа байланысты бұл процес әлдеқайда ұзағырақ қасозылады деп есептеліп келген
1964,"Қазірге дейін әйгілі ""25 Данлэп парақтары"" құжаттың ең көне көшірмелері болып табылады. Түпнұсқалық қолжазба көшірмесі сақталмаған.","Қазірге дейін айырле 25 Данлеп парақтары құжаттың еңкөне көшірмелер болып табылады, тіп нұсқалық қолжазба көшірмесі сақталмаған.",қазірге дейін әйгілі 25 данлэп парақтары құжаттың ең көне көшірмелері болып табылады түпнұсқалық қолжазба көшірмесі сақталмаған,қазірге дейін айырле 25 данлеп парақтары құжаттың еңкөне көшірмелер болып табылады тіп нұсқалық қолжазба көшірмесі сақталмаған
1878,Шіркеудің орталық билігі мың жылдар бойы Римде болған және бұл қуат пен ақшаның шоғырлануы көп адамдарда бұл принциптің ұсталынып жатқаны туралы сұрақтың туындауына әкелді.,"Шіркеудің орталық бейлігі, мың жылдар бойы римде болған және бұл қуат пен ақшаның шоғырлануы көп адамдарда бұл принциптің ұсталынып жатқаны туралы сұрақтың туындауына әкелді.",шіркеудің орталық билігі мың жылдар бойы римде болған және бұл қуат пен ақшаның шоғырлануы көп адамдарда бұл принциптің ұсталынып жатқаны туралы сұрақтың туындауына әкелді,шіркеудің орталық бейлігі мың жылдар бойы римде болған және бұл қуат пен ақшаның шоғырлануы көп адамдарда бұл принциптің ұсталынып жатқаны туралы сұрақтың туындауына әкелді
1994,"Егер сіз романдық тілді білсеңіз, сізге португал тілін үйрену оңайырақ болатынын айтпай-ақ қойса да болады.","Егер сіз рамандық тілді білсеңіз, сізге португал тілін үйрену оңайырақ болатынын айтпайық қойсады болады.",егер сіз романдық тілді білсеңіз сізге португал тілін үйрену оңайырақ болатынын айтпай ақ қойса да болады,егер сіз рамандық тілді білсеңіз сізге португал тілін үйрену оңайырақ болатынын айтпайық қойсады болады
1811,"802.11n стандарты 2,4 Ггц және 5,0 Ггц жиіліктерінде жұмыс істейді.",802.11n стандартты 2x34 ГГГерц және 5 ГГГц желіктерінде жұмыс істейді.,802 11n стандарты 2 4 ггц және 5 0 ггц жиіліктерінде жұмыс істейді,802 11n стандартты 2x34 гггерц және 5 гггц желіктерінде жұмыс істейді
1804,Гаитидегі әділет және демократия институты БҰҰ Непал бейбітшіл батальоны өздері байқамай ауруды Гаитиге әкелген деп пайымдайтын тәуелсіз зерттеулерді көрсетті.,Гаитидегі әдлет және Демократия институты бір Кеналтариман Непалл ойынша бейбітшіл батальоны өздер байғамай ауыруды Гаитиге әкелген деп пайымдайтын тәуелсіз зерттеулерді көрсетті.,гаитидегі әділет және демократия институты бұұ непал бейбітшіл батальоны өздері байқамай ауруды гаитиге әкелген деп пайымдайтын тәуелсіз зерттеулерді көрсетті,гаитидегі әдлет және демократия институты бір кеналтариман непалл ойынша бейбітшіл батальоны өздер байғамай ауыруды гаитиге әкелген деп пайымдайтын тәуелсіз зерттеулерді көрсетті
1746,Өсімдіктер күн сәулесінен фотосинтез арқылы қуат алады. Олар сонымен қатар көлеңе береді.,Өсімдіктер күн сәулесінен фотосинтіс арқылы қуат алады. Олар сонымен қатар көлеңе береді.,өсімдіктер күн сәулесінен фотосинтез арқылы қуат алады олар сонымен қатар көлеңе береді,өсімдіктер күн сәулесінен фотосинтіс арқылы қуат алады олар сонымен қатар көлеңе береді
1899,Мұхаммед өзінің күнделікті өмірінен тыс мәселелерге қатты қызығатын. Ол ойлану үшін «Нұр» (жарық) тауындағы «Хира» ретінде белгілі болған үңгірге жиі баратын.,"Мұхаммед өзінің күнжелікті өміріннен тыс мәселерге қатты қызығатын. Ол ойлану үшін Нур, Жарқ, Тауындағы Хира ретінде белгілі болған өңгірге жиі баратын.",мұхаммед өзінің күнделікті өмірінен тыс мәселелерге қатты қызығатын ол ойлану үшін нұр жарық тауындағы хира ретінде белгілі болған үңгірге жиі баратын,мұхаммед өзінің күнжелікті өміріннен тыс мәселерге қатты қызығатын ол ойлану үшін нур жарқ тауындағы хира ретінде белгілі болған өңгірге жиі баратын
1919,"Қала Африкадағы ең арзан тау горилласы саудасының орталығы болумен қатар, Ньирагонго жанартауына шығуда негізгі қала қызметін атқарады.",Қала Африкадағы ең арзан Тау Гориласы саудасының орталығы болумен қатар Ниерагонга жаңартауына шығудан негізгі қала қызметін атқарады.,қала африкадағы ең арзан тау горилласы саудасының орталығы болумен қатар ньирагонго жанартауына шығуда негізгі қала қызметін атқарады,қала африкадағы ең арзан тау гориласы саудасының орталығы болумен қатар ниерагонга жаңартауына шығудан негізгі қала қызметін атқарады
1731,Архипелагтар мен көлдерде сізге яхта қажет емес.,Архипелагтар мен көлдерде сізге яқта қажет емес.,архипелагтар мен көлдерде сізге яхта қажет емес,архипелагтар мен көлдерде сізге яқта қажет емес
1683,"Мұнда осы уақытқа дейін осында өмір сүрген көптеген ерлер мен әйелдер, сондай-ақ жақындары қаза болған немесе соңғы демі қалғанша қызмет еткен еврей, еврей емес тірі адамдар көп.","Мұнда осы уақытқа дейін осында өмір сірген көптеген ерлер мен әйелдер, сондай-ақ жақындары қаза болған немесе соңғы демі қалғанша қызмет еткен еврий-еврий емес түрі адамдар көп.",мұнда осы уақытқа дейін осында өмір сүрген көптеген ерлер мен әйелдер сондай ақ жақындары қаза болған немесе соңғы демі қалғанша қызмет еткен еврей еврей емес тірі адамдар көп,мұнда осы уақытқа дейін осында өмір сірген көптеген ерлер мен әйелдер сондай ақ жақындары қаза болған немесе соңғы демі қалғанша қызмет еткен еврий еврий емес түрі адамдар көп
1935,"Алайда, бұл дұрыс емес. Құжаттың артында белгілі бір мәлімет жазылған болса да, ол қазынаға жеткізетін карта емес.","Алайда, бұл дұрыс емес. Құжаттың артында белгілі бір мәлімет жазылған болса да, бұл қазынаға жеткізетін карта емес.",алайда бұл дұрыс емес құжаттың артында белгілі бір мәлімет жазылған болса да ол қазынаға жеткізетін карта емес,алайда бұл дұрыс емес құжаттың артында белгілі бір мәлімет жазылған болса да бұл қазынаға жеткізетін карта емес
1865,Санкт-Петербургтегі круиздерге қаладағы уақыт кіреді. Круиз жолаушылары виза режиміндегі талаптардан азат етілген (талаптарды көріп шығыңыз).,Санкт-Петербургтегі круиздерге қаладағы уақыт кіреді. Круиз жолаушылары визерей жеміндегі талаптардан азат етілген. Талаптарды көріп шығынңыз.,санкт петербургтегі круиздерге қаладағы уақыт кіреді круиз жолаушылары виза режиміндегі талаптардан азат етілген талаптарды көріп шығыңыз,санкт петербургтегі круиздерге қаладағы уақыт кіреді круиз жолаушылары визерей жеміндегі талаптардан азат етілген талаптарды көріп шығынңыз
1997,Алайда туберкулезбен ауыратын адамдардың бүкіл тобындағы XDR-ТБ пайызы әлі де төмен болып көрінеді; Оңтүстік Африкада әрбір сәтте жалпы 330 000 адамның 6 мыңы ауру жұқтырады.,"Алайда төбір күлесбен ауыратын адамдардың бүкіл тобыындағы 2DR-TB пайызы әлі де төмен болып көрінеді, Оңтүстік Африкада әрбіл сетте жалпы 330 000 адамның 6000 ауру жоқтырады.",алайда туберкулезбен ауыратын адамдардың бүкіл тобындағы xdr тб пайызы әлі де төмен болып көрінеді оңтүстік африкада әрбір сәтте жалпы 330 000 адамның 6 мыңы ауру жұқтырады,алайда төбір күлесбен ауыратын адамдардың бүкіл тобыындағы 2dr tb пайызы әлі де төмен болып көрінеді оңтүстік африкада әрбіл сетте жалпы 330 000 адамның 6000 ауру жоқтырады
1870,Көріністер пирамидаларда көрсетіледі және әртүрлі пирамидалар жанады.,Көрінстер пирамидаларда көрсетіледі және әртүрлі пирамидалар жанады.,көріністер пирамидаларда көрсетіледі және әртүрлі пирамидалар жанады,көрінстер пирамидаларда көрсетіледі және әртүрлі пирамидалар жанады
1713,"Гома жеткілікті деңгейде қауіпсіз болғанмен, Гомадан тыс аймақтарға шығудан бұрын, Солтүстік Киву провинциясындағы соғыс жағдайын түсіну үшін аздап зерттеу жүргізген дұрыс.","Гома жеткілікті деңгейде қауіпсіз болғанмен, Гомадан тыс аймақтарда шығудан бұрын Солтүстік Киуу провинциясындағы соғыс жағдайын түсіну үшін аз даб зерттеу жүргізген дұрыс.",гома жеткілікті деңгейде қауіпсіз болғанмен гомадан тыс аймақтарға шығудан бұрын солтүстік киву провинциясындағы соғыс жағдайын түсіну үшін аздап зерттеу жүргізген дұрыс,гома жеткілікті деңгейде қауіпсіз болғанмен гомадан тыс аймақтарда шығудан бұрын солтүстік киуу провинциясындағы соғыс жағдайын түсіну үшін аз даб зерттеу жүргізген дұрыс
1958,"Бұл қала елдің қалған қалаларынан өте ерекше, өйткені онда африкандықтан ерекшеліктерден гөрі араб ерекшеліктері көбірек.","Бұл қала елдің қалған қалаларынын өте ерекше, өткені онда афикандықтан ерекшеліктерден гөрі араб ерекшеліктері көбірек.",бұл қала елдің қалған қалаларынан өте ерекше өйткені онда африкандықтан ерекшеліктерден гөрі араб ерекшеліктері көбірек,бұл қала елдің қалған қалаларынын өте ерекше өткені онда афикандықтан ерекшеліктерден гөрі араб ерекшеліктері көбірек
1927,"Ангел (2006), «Континуум» тәсілін ұйымдардың өнімділіктің жоғарырақ деңгейіне жетуіне көмектесу үшін пайдаланылатын әдіс ретінде түсіндіреді.",Ангел 2006 континュум тәсілін ұйымдардың өнімділіктің жоғарырақ деңгейіне жетуіне көмектесу үшін пайдаланатын әдіс ретінде түсіндіреді.,ангел 2006 континуум тәсілін ұйымдардың өнімділіктің жоғарырақ деңгейіне жетуіне көмектесу үшін пайдаланылатын әдіс ретінде түсіндіреді,ангел 2006 континュум тәсілін ұйымдардың өнімділіктің жоғарырақ деңгейіне жетуіне көмектесу үшін пайдаланатын әдіс ретінде түсіндіреді
1895,Грек тілін білу азайғаннан кейін батыс өзінің грек философиялық және ғылыми түбірлерінен бөлініп кеткенін тапты.,Грек тілін білу — азайғаннан кейін батыс өзінің грек философиялық және ғылыми төрлерінен бөлініп кеткенін тапты.,грек тілін білу азайғаннан кейін батыс өзінің грек философиялық және ғылыми түбірлерінен бөлініп кеткенін тапты,грек тілін білу азайғаннан кейін батыс өзінің грек философиялық және ғылыми төрлерінен бөлініп кеткенін тапты
1670,"""Олардың температуралық сипаттамалары жер бетіндегі тұрақты температураны сақтайтын үлкен үңгірлер сияқты тұрақты емес, бірақ бұл олардың жердегі терең үңгірлерге сәйкес келеді"", - деді Глен Кушинг, АҚШ геологиялық қызметі (USGS) астрогеология тобы және Аризона штатының Флагстафф қаласында орналасқан Солтүстік Аризона университетінің мүшесі Глен Кушинг.","«Олардың температуралық сипаттамалары жеріпетіндегі тұрақты температураны сақтайтын үлкен үңгірлер сияқты тұрақты емес, бірақ». Бұл олардың жердегі терең үңгірлерге сәйкес келеді, деді Гленн Кушинг АҚШ геологиялық қызметі USGS астрилогиялы тобы және Аризонасштатының Флакс Стафх қаласында орналасқан Солтүстік Аризонна университетінің үшесі Гленн Кушинг.",олардың температуралық сипаттамалары жер бетіндегі тұрақты температураны сақтайтын үлкен үңгірлер сияқты тұрақты емес бірақ бұл олардың жердегі терең үңгірлерге сәйкес келеді деді глен кушинг ақш геологиялық қызметі usgs астрогеология тобы және аризона штатының флагстафф қаласында орналасқан солтүстік аризона университетінің мүшесі глен кушинг,олардың температуралық сипаттамалары жеріпетіндегі тұрақты температураны сақтайтын үлкен үңгірлер сияқты тұрақты емес бірақ бұл олардың жердегі терең үңгірлерге сәйкес келеді деді гленн кушинг ақш геологиялық қызметі usgs астрилогиялы тобы және аризонасштатының флакс стафх қаласында орналасқан солтүстік аризонна университетінің үшесі гленн кушинг
1753,"Бұл көбінесе бар болғаны дәл емес стереотип болғанымен, Парижде өмір сүрудің ең жақсы жолы – ең жақсы мінез-құлықты көрсету, жақсы тәрбиеленген адам сияқты әрекет ету. Бұл саяхаттауды айтарлықтай жеңілдетеді.",Бұл көбінесе бар болғаны дәл емес тереотип болғаны мен Парижде өмір сүрудің ең жақсы жоға ең жақсы мінез-құлықты көрсету жақсы тәрбеленген адам сияқты әрекет ету бұл саяхаттаудың айтарлықтай жеңілдіктеді.,бұл көбінесе бар болғаны дәл емес стереотип болғанымен парижде өмір сүрудің ең жақсы жолы ең жақсы мінез құлықты көрсету жақсы тәрбиеленген адам сияқты әрекет ету бұл саяхаттауды айтарлықтай жеңілдетеді,бұл көбінесе бар болғаны дәл емес тереотип болғаны мен парижде өмір сүрудің ең жақсы жоға ең жақсы мінез құлықты көрсету жақсы тәрбеленген адам сияқты әрекет ету бұл саяхаттаудың айтарлықтай жеңілдіктеді
1887,"Лиггинс ауруханада жұмыс істей бастағанда, бос уақытында мерзімінен бұрын босануды зерттей бастады.","Лигинс ауруханада жұмыс істей бастағанда, бос уақытында мерзімінен бұрын босануды зерттею астады.",лиггинс ауруханада жұмыс істей бастағанда бос уақытында мерзімінен бұрын босануды зерттей бастады,лигинс ауруханада жұмыс істей бастағанда бос уақытында мерзімінен бұрын босануды зерттею астады
1687,Сегрегация және рекомбинация әр буында екі пул арасында вариацияларды араластырып отырады.,Сегрегация және рекомбинация әрбуында екі пул арасында вариацияларды араластырып отырады.,сегрегация және рекомбинация әр буында екі пул арасында вариацияларды араластырып отырады,сегрегация және рекомбинация әрбуында екі пул арасында вариацияларды араластырып отырады
1725,Ертеректе шығындарды азайту және функционалдылық факторларына байланысты бүкіл әлемде шығарылған ASUS Eee компьютері 2007 жылғы Тайбэй АТ айлығының өзекті тақырыбына айналды.,Ертеректе шығындарды азайту және функционалдық факторларға байланысты бүкіл әлемде шығарылған ASUS E-Computer 27 жылы Тайбей AD айлығының мөзекті тақырыбына айналды.,ертеректе шығындарды азайту және функционалдылық факторларына байланысты бүкіл әлемде шығарылған asus eee компьютері 2007 жылғы тайбэй ат айлығының өзекті тақырыбына айналды,ертеректе шығындарды азайту және функционалдық факторларға байланысты бүкіл әлемде шығарылған asus e computer 27 жылы тайбей ad айлығының мөзекті тақырыбына айналды
1838,Гизадағы Ұлы Пирамида - жеті ғажайыптың ішіндегі бүгінгі күнге дейін сақталып қалған жалғыз ғажап.,"Ғизада Ұлы пирамида жеті ғажайыптың ішіндегі бүгінгі күнде дейінсі ұқталып, қалған жалғызы ғажап.",гизадағы ұлы пирамида жеті ғажайыптың ішіндегі бүгінгі күнге дейін сақталып қалған жалғыз ғажап,ғизада ұлы пирамида жеті ғажайыптың ішіндегі бүгінгі күнде дейінсі ұқталып қалған жалғызы ғажап
1856,Финляндия — керемет қайықпен баратын жер. «Мың көлдің жерінде» көлдерде және жағалаудағы архипелагтарда мыңдаған аралдар да бар.,"Финлянде керемет қайықпен баратын жер. Мың көлдің жерінде, көлдерде және жағалаудағы архипелагтарда мыңдаған аралдарда бар.",финляндия керемет қайықпен баратын жер мың көлдің жерінде көлдерде және жағалаудағы архипелагтарда мыңдаған аралдар да бар,финлянде керемет қайықпен баратын жер мың көлдің жерінде көлдерде және жағалаудағы архипелагтарда мыңдаған аралдарда бар
1942,Біз үйлерімізді өсімдіктерден жасаймыз және киімдерді өсімдіктерден жасаймыз. Біз жейтін тамақтардың көпшілігі өсімдіктер болып табылады. Өсімдіктерсіз жануарлар тірі қалмайтын еді.,Біз үйлерімізі өсімдіктерден жасаймыз және киімдерді өсімдіктерден жасаймыз. Біз жетін тамақтардың көпшілігі өсімдіктер болып табылады. өсімдіктерсіз жануарлар тірі қалмайтын еді.,біз үйлерімізді өсімдіктерден жасаймыз және киімдерді өсімдіктерден жасаймыз біз жейтін тамақтардың көпшілігі өсімдіктер болып табылады өсімдіктерсіз жануарлар тірі қалмайтын еді,біз үйлерімізі өсімдіктерден жасаймыз және киімдерді өсімдіктерден жасаймыз біз жетін тамақтардың көпшілігі өсімдіктер болып табылады өсімдіктерсіз жануарлар тірі қалмайтын еді
1785,"Құрылыс ағаштары - бұл оқыту әдісі емес, жаңа компьютерлік бағдарламаны пайдалану немесе жаңа жобаны бастау секілді жаңа оқу тәжірибесінен өтіп жатқан жеке тұлғаларға қолдау көрсететін көмек түрі.",Құрылыс ағаштары бұл оқыту әдісі емес жаңа компьютерлік бағдарламаны пайдалану немесе жаңа жобаны бастау секілді жаңа оқу тәжірбесінен өтіп жатқан жеке тұлғаларға қолләу көрсететін өмек түрі.,құрылыс ағаштары бұл оқыту әдісі емес жаңа компьютерлік бағдарламаны пайдалану немесе жаңа жобаны бастау секілді жаңа оқу тәжірибесінен өтіп жатқан жеке тұлғаларға қолдау көрсететін көмек түрі,құрылыс ағаштары бұл оқыту әдісі емес жаңа компьютерлік бағдарламаны пайдалану немесе жаңа жобаны бастау секілді жаңа оқу тәжірбесінен өтіп жатқан жеке тұлғаларға қолләу көрсететін өмек түрі
1934,Әдетте сіз туристердің және сатушылардың дыбысын әрқашан естисіз. Дыбыс пен жарықтан тұратын хикая дәл хикая кітабы сияқты болады.,"Әдетте сіз туристердің және сатушылардың дыбысын әрқашан естесіз, дыбыспен жарықтан тұратын хикая тәл хикая кітіп сияқты болады.",әдетте сіз туристердің және сатушылардың дыбысын әрқашан естисіз дыбыс пен жарықтан тұратын хикая дәл хикая кітабы сияқты болады,әдетте сіз туристердің және сатушылардың дыбысын әрқашан естесіз дыбыспен жарықтан тұратын хикая тәл хикая кітіп сияқты болады
1675,"Барлық зат есімдер, сонымен бірге «сіз» дегенді білдіретін «Sie» сөзі, тіпті сөйлемнің ортасында да бас әріптен басталады.","Барлық зат есімдер сонымен бірге сіз дегенді білдіретін си ис өзі, тіпті сөйлемнің ортасында да бас арыптен басталады.",барлық зат есімдер сонымен бірге сіз дегенді білдіретін sie сөзі тіпті сөйлемнің ортасында да бас әріптен басталады,барлық зат есімдер сонымен бірге сіз дегенді білдіретін си ис өзі тіпті сөйлемнің ортасында да бас арыптен басталады
1945,Касабланка — бүкіл Мароккодағы шоппинг жасау ең қызық емес жерлердің бірі.,Қасабланка бүкіл Морокадағы шоппинг жасау ең қызық емес жерлердің бірі.,касабланка бүкіл мароккодағы шоппинг жасау ең қызық емес жерлердің бірі,қасабланка бүкіл морокадағы шоппинг жасау ең қызық емес жерлердің бірі
1837,Реконструкция әрекеттерін либералдық сынау реконструкция келісімшарттарын солай деп саналатын Вашингтон инсайдерлеріне беруге баса көңіл бөлді.,Реконструкция әрекеттерін либералдық сынау реконструкция келімші сүскелесім шарттарын солай деп саналатын Вашингтон инсайдерлеріне беруге баса көңіл бөлді.,реконструкция әрекеттерін либералдық сынау реконструкция келісімшарттарын солай деп саналатын вашингтон инсайдерлеріне беруге баса көңіл бөлді,реконструкция әрекеттерін либералдық сынау реконструкция келімші сүскелесім шарттарын солай деп саналатын вашингтон инсайдерлеріне беруге баса көңіл бөлді
1973,"Бірақ экватордан бар болғаны бірнеше градус солтүстікте орналасқан «жоғары тропиктерде» орналасқандықтан, жылуға (әрқашан) және қатты күнге (аспан анық кезде, сирегірек) шыдауыңыз керек болады.","Бірақ Экватордан бар болғаны бірнеше градус солтүстікке орналасқан, жоғарғы тропиктерде орналысқандықтан жылуа әрқашан және қатты күнге аспан анық кезде сирегірек шыдауыңыз керек болады.",бірақ экватордан бар болғаны бірнеше градус солтүстікте орналасқан жоғары тропиктерде орналасқандықтан жылуға әрқашан және қатты күнге аспан анық кезде сирегірек шыдауыңыз керек болады,бірақ экватордан бар болғаны бірнеше градус солтүстікке орналасқан жоғарғы тропиктерде орналысқандықтан жылуа әрқашан және қатты күнге аспан анық кезде сирегірек шыдауыңыз керек болады
1827,"Жер қыртысының қалыңдығы жақын жағында шамамен 70 км, ал алыс жағында 100 км.","Чер қыртысының қалындығы жағында шамамен 70 км, ал ұшағында 100 км.",жер қыртысының қалыңдығы жақын жағында шамамен 70 км ал алыс жағында 100 км,чер қыртысының қалындығы жағында шамамен 70 км ал ұшағында 100 км
1854,Көліктің өзі сол күні шамамен 12:00 GMT уақытында апат орнынан әкетілген.,Көліктің өзі сол күні шамамен 12.00 жиімте уақытында апат орнынан әкетілген.,көліктің өзі сол күні шамамен 12 00 gmt уақытында апат орнынан әкетілген,көліктің өзі сол күні шамамен 12 00 жиімте уақытында апат орнынан әкетілген
1708,Хьюн қызметтен кетуді сұранды және оны кабинетте Эд Дэви МП ауыстырады. Норман Лэмб МП Дэви босатып жатқан Бизнес министрі жұмысын алады деп күтілуде.,"Хюін қызметтен кетуі сұрында және оны кабинетте Ed Devin MP ауыстырады, норман лэмп Дэви босатып жатқан бизнес-министрі жұмысын алады деп күтілуде.",хьюн қызметтен кетуді сұранды және оны кабинетте эд дэви мп ауыстырады норман лэмб мп дэви босатып жатқан бизнес министрі жұмысын алады деп күтілуде,хюін қызметтен кетуі сұрында және оны кабинетте ed devin mp ауыстырады норман лэмп дэви босатып жатқан бизнес министрі жұмысын алады деп күтілуде
1985,"Бұл альптық стильдегі шаңғы туризмімен немесе альпинизммен байланысты (бірақ әдетте байланысты болмайды), соңғысы тік еңістіктерде өткізіледі және қатты шаңғы мен аяқ киімді қажет етеді.","Бұл алыптық стильдегі шаңғы туризмнен немесе альпинизмні байланысты, бірақ адетте байланысты болмайды. Соң қысы тік еңістіктерде өткізіледі және қатты шаңғымен аяқ киімді қажет етеді.",бұл альптық стильдегі шаңғы туризмімен немесе альпинизммен байланысты бірақ әдетте байланысты болмайды соңғысы тік еңістіктерде өткізіледі және қатты шаңғы мен аяқ киімді қажет етеді,бұл алыптық стильдегі шаңғы туризмнен немесе альпинизмні байланысты бірақ адетте байланысты болмайды соң қысы тік еңістіктерде өткізіледі және қатты шаңғымен аяқ киімді қажет етеді
1750,Сондай-ақ бұл ашу құстар қауырсындарының эволюциясына көрініс береді.,Сондай-ақ бұл ашу құстар қауырсындарының эволюциясына көрінісп береді.,сондай ақ бұл ашу құстар қауырсындарының эволюциясына көрініс береді,сондай ақ бұл ашу құстар қауырсындарының эволюциясына көрінісп береді
1992,"«Сафари» терминінің кең таралған мағынасы Африканың таң қалдыратын жабайы табиғатын, әсіресе саваннаны көруге жер бетімен саяхаттауды білдіреді.","Софари терминінің кең таралған мағынасы, Африканың таң қалдыратын жабайы табиғатын әсіресе Саваннаны көруге Жер бетімен саяхаттауды білдіреді.",сафари терминінің кең таралған мағынасы африканың таң қалдыратын жабайы табиғатын әсіресе саваннаны көруге жер бетімен саяхаттауды білдіреді,софари терминінің кең таралған мағынасы африканың таң қалдыратын жабайы табиғатын әсіресе саваннаны көруге жер бетімен саяхаттауды білдіреді
1940,"Барлығын назарға ала отырып, егер біздің ата-бабаларымыз өздерінің ""қоректену мәселесін"" бүгінде саваннадағы шимпанзелер қолданатын әдіспен шешкен болса таң қалмауымыз керек.","Барлығын назарға ала отырып, егер біздің ата-бабаларымыз өздерінің қоректену мәселесін бүгінде саваннадағы шимпанзелер қолданатын әдіспен шешкен болса, таң қалмауыңыз керек.",барлығын назарға ала отырып егер біздің ата бабаларымыз өздерінің қоректену мәселесін бүгінде саваннадағы шимпанзелер қолданатын әдіспен шешкен болса таң қалмауымыз керек,барлығын назарға ала отырып егер біздің ата бабаларымыз өздерінің қоректену мәселесін бүгінде саваннадағы шимпанзелер қолданатын әдіспен шешкен болса таң қалмауыңыз керек
1704,1990 жылы ол шөл құмдары қаупіне байланысты қауіп төніп тұрған әлемдік мұралар тізіміне қосылды.,1990 жылы ол шөлқұмдары қаупіне байланысты қауіп төніп тұрған әлемдік мұралар тізіміне қосылды.,1990 жылы ол шөл құмдары қаупіне байланысты қауіп төніп тұрған әлемдік мұралар тізіміне қосылды,1990 жылы ол шөлқұмдары қаупіне байланысты қауіп төніп тұрған әлемдік мұралар тізіміне қосылды
1906,«Бұл қоштасу болайын деп тұрған жоқ. Бұл — бір тараудың жабылуы және жаңасының ашылуы».,Бұл қоштасу болайын деп тұрған жоқ. Бұл бір тараудың жабылуы және жаңасының ашылуы.,бұл қоштасу болайын деп тұрған жоқ бұл бір тараудың жабылуы және жаңасының ашылуы,бұл қоштасу болайын деп тұрған жоқ бұл бір тараудың жабылуы және жаңасының ашылуы
1817,Шенген аймағы бұл тұрғыдан бір ел сияқты жұмыс істейді.,Шеңген аймаға бұл тұрғыдан бір ел сияқты жұмыс істейді.,шенген аймағы бұл тұрғыдан бір ел сияқты жұмыс істейді,шеңген аймаға бұл тұрғыдан бір ел сияқты жұмыс істейді
1695,"Қарапайым танымал түскі ас, әсіресе жазда – Па амб Оли: зәйтүн майы, қызанақ және ірімшік, тунец, т.б. сияқты кез келген қолжетімді дәмдеуіштер қосылған нан.","Қарапайым, танымал түскі ас әсіресі Жазда PAMB оли-зайтын майы қызанақ және үрімшек туне т.с. тағыбаса сияқты кез-келген қолжетімді дәмдеуіштер қосылғаннан.",қарапайым танымал түскі ас әсіресе жазда па амб оли зәйтүн майы қызанақ және ірімшік тунец т б сияқты кез келген қолжетімді дәмдеуіштер қосылған нан,қарапайым танымал түскі ас әсіресі жазда pamb оли зайтын майы қызанақ және үрімшек туне т с тағыбаса сияқты кез келген қолжетімді дәмдеуіштер қосылғаннан
1738,Сондай-ақ ол суға кірген кез келген нәрсеге шабуылдайтын; тіпті тиранозавр сияқты алып динозавр да оған тең келмейтін.,Сондай-ақ ол суға кірген кез-келген нәрсеге шабуылдайтын діпті тираназабр сияқты алып диназабрда оған теңгелмейтін.,сондай ақ ол суға кірген кез келген нәрсеге шабуылдайтын тіпті тиранозавр сияқты алып динозавр да оған тең келмейтін,сондай ақ ол суға кірген кез келген нәрсеге шабуылдайтын діпті тираназабр сияқты алып диназабрда оған теңгелмейтін
1898,"«Ол [Уэльс] бізге әуел бастан-ақ өтірік айтты. Біріншіден, бұл заңды себептермен болғандай әрекет ету арқылы. Екіншіден, өзінің өнерін жойғанға дейін бізге құлақ салғандай бола қалу арқылы».","Ол «Уельс» бізге әуел бастанақ өтірік айтты. Біріншіден бұл заңды себептермен болғандай әрекет ету арқылы, екіншіден өзінің өнерін жойғанға дейін бізге құлақ салғандай бола қалу арқылы.",ол уэльс бізге әуел бастан ақ өтірік айтты біріншіден бұл заңды себептермен болғандай әрекет ету арқылы екіншіден өзінің өнерін жойғанға дейін бізге құлақ салғандай бола қалу арқылы,ол уельс бізге әуел бастанақ өтірік айтты біріншіден бұл заңды себептермен болғандай әрекет ету арқылы екіншіден өзінің өнерін жойғанға дейін бізге құлақ салғандай бола қалу арқылы
1808,"Соғыс аяқталғаннан кейін екі жылда, бұрынғы одақтастар енді жаулар болды және суық соғыс басталды.",Соғыс аяқталғаннан кейін екі жылда бұрынғы одақтастар енді жаулап бұлды және суық соғыс басталды.,соғыс аяқталғаннан кейін екі жылда бұрынғы одақтастар енді жаулар болды және суық соғыс басталды,соғыс аяқталғаннан кейін екі жылда бұрынғы одақтастар енді жаулап бұлды және суық соғыс басталды
1876,Солтүстік Мариан аралдарындағы төтенше жағдай қызметі елде ешқандай зақым келтіретін жағдайлар орын алмады деп хабарлайды.,Солтүстік Мариан аралдарындағы төтенше жағдай қызметі елде ешқандай зақым келтіретін жағдайлар орын алмады деп хабарлайды.,солтүстік мариан аралдарындағы төтенше жағдай қызметі елде ешқандай зақым келтіретін жағдайлар орын алмады деп хабарлайды,солтүстік мариан аралдарындағы төтенше жағдай қызметі елде ешқандай зақым келтіретін жағдайлар орын алмады деп хабарлайды
1809,"Жолдарды орнында ұстау үшін шпалдар айтарлықтай ерте енгізілді. Алайда, бірте-бірте, жолдың үстінде темір бөлік болса, жолдар тиімдірек болатыны түсінілді.","Жолдарды орында ұстау үшін ұшпалдар айтарлықтай ерте еңгізілді, алайда бірте бірте жолдың үстінде темір бөліп болса, жолдар тиімдірек болатына түсінілді.",жолдарды орнында ұстау үшін шпалдар айтарлықтай ерте енгізілді алайда бірте бірте жолдың үстінде темір бөлік болса жолдар тиімдірек болатыны түсінілді,жолдарды орында ұстау үшін ұшпалдар айтарлықтай ерте еңгізілді алайда бірте бірте жолдың үстінде темір бөліп болса жолдар тиімдірек болатына түсінілді
1873,"Ер адамдардан бас тартқанда берік болыңыз және өз пікіріңізден таймаңыз (мәдени айырмашылықтар болсын-болмасын, бұл дұрыс емес!).","Ер адамдардан бас тартқан да берік болыңыз және өз бігіріңізден таймаңыз, Мадini айырмашылықтар болсын болмасын бұл дұрыс емес.",ер адамдардан бас тартқанда берік болыңыз және өз пікіріңізден таймаңыз мәдени айырмашылықтар болсын болмасын бұл дұрыс емес,ер адамдардан бас тартқан да берік болыңыз және өз бігіріңізден таймаңыз мадini айырмашылықтар болсын болмасын бұл дұрыс емес
1816,"Үйленген, екі ересек баласы бар Дюваль хикаяны тыңдаған Миллерге үлкен әсер қалдырмады.",Үйленген екі ересек баласы бар Дюэль хикаяны тыңдаған мелерге үлкен әсер қалдырмады.,үйленген екі ересек баласы бар дюваль хикаяны тыңдаған миллерге үлкен әсер қалдырмады,үйленген екі ересек баласы бар дюэль хикаяны тыңдаған мелерге үлкен әсер қалдырмады
1723,"Бұл портта 1889 жылы әскери-теңіз флоттарының қайғылы қарама-қарсы келуі болған. Германияның, АҚШ-тың және Британияның жеті кемесі порттан кетуден бас тартқан.",Бұл портта 1889 жылы әскери-теңіз флоттарының қайғылы қарама-қарсы келуі болған. Германияның АҚШ-тың және Британияның жеті кемесі порттан кетуден бас тартқан.,бұл портта 1889 жылы әскери теңіз флоттарының қайғылы қарама қарсы келуі болған германияның ақш тың және британияның жеті кемесі порттан кетуден бас тартқан,бұл портта 1889 жылы әскери теңіз флоттарының қайғылы қарама қарсы келуі болған германияның ақш тың және британияның жеті кемесі порттан кетуден бас тартқан
1861,"Нәтижесінде, орындаушылар сахнада каннабисті шекті және театрдың өзі аудиоторияны қосылуға шақырды.",Нәтижесінде орындаушылар сахына да канабисті шекті және театрдың өзі аудиоторияны қосылуға шақырды.,нәтижесінде орындаушылар сахнада каннабисті шекті және театрдың өзі аудиоторияны қосылуға шақырды,нәтижесінде орындаушылар сахына да канабисті шекті және театрдың өзі аудиоторияны қосылуға шақырды
1972,"Көп адам оларды динозаврлар деп ойламайды, өйткені олардың қауырсындары бар және ұша алады.","Көп адам оларды динозабрлар деп ойламайды, өйткені олардың қауірсындары бар және ұша алады.",көп адам оларды динозаврлар деп ойламайды өйткені олардың қауырсындары бар және ұша алады,көп адам оларды динозабрлар деп ойламайды өйткені олардың қауірсындары бар және ұша алады
1814,"Сутегі иондары, бұл олардан электрондары алынып тасталған протондар болып табылады (өйткені сутегі атомдары бір протон мен бір электроннан тұрады).",Сутегі иондары. Бұл олардан электрондары алынып тастылған протондар болып табылады. өйткені сутегі атомдар бір протон мен бір электроннан тұрады.,сутегі иондары бұл олардан электрондары алынып тасталған протондар болып табылады өйткені сутегі атомдары бір протон мен бір электроннан тұрады,сутегі иондары бұл олардан электрондары алынып тастылған протондар болып табылады өйткені сутегі атомдар бір протон мен бір электроннан тұрады
1696,"Университеттегі зерттеушілердің айтуынша, екі қосылыс бір-бірімен реакцияға түсіп, бүйрек қызметін тоқтата алатын кристалдар құрады.","Университеттегі зерттеушілердің айтуынша екі қосылыс бір бірмен ряксаға түсіп, бюре қызметін тоқтата алатын кристалдар құрады.",университеттегі зерттеушілердің айтуынша екі қосылыс бір бірімен реакцияға түсіп бүйрек қызметін тоқтата алатын кристалдар құрады,университеттегі зерттеушілердің айтуынша екі қосылыс бір бірмен ряксаға түсіп бюре қызметін тоқтата алатын кристалдар құрады
1919,"Қала Африкадағы ең арзан тау горилласы саудасының орталығы болумен қатар, Ньирагонго жанартауына шығуда негізгі қала қызметін атқарады.",Қала Африкадағы ең арзан Тау Гориласы саудасының орталығы болымен қатар Нирагонга жаңартауына шығудан негізгі қала қызметін атқарады.,қала африкадағы ең арзан тау горилласы саудасының орталығы болумен қатар ньирагонго жанартауына шығуда негізгі қала қызметін атқарады,қала африкадағы ең арзан тау гориласы саудасының орталығы болымен қатар нирагонга жаңартауына шығудан негізгі қала қызметін атқарады
1953,Кейіннен ол жатқан ауруханадан Кэмбридждегі Адденбрук ауруханасына жатқызылды.,Кейіннен ол жатқан ауруханадан Кембридждегі Аденбрук ауруханасына жатқызылды.,кейіннен ол жатқан ауруханадан кэмбридждегі адденбрук ауруханасына жатқызылды,кейіннен ол жатқан ауруханадан кембридждегі аденбрук ауруханасына жатқызылды
1940,"Барлығын назарға ала отырып, егер біздің ата-бабаларымыз өздерінің ""қоректену мәселесін"" бүгінде саваннадағы шимпанзелер қолданатын әдіспен шешкен болса таң қалмауымыз керек.","Барлығын назарға ала отырып, егер біздің ата-бабаларымыз өздерінің қоректену мәселесін бүгінде саваннадағы шымпанзелер қолданатын әдіспен шешкен болса, таң қалмаумыз керек.",барлығын назарға ала отырып егер біздің ата бабаларымыз өздерінің қоректену мәселесін бүгінде саваннадағы шимпанзелер қолданатын әдіспен шешкен болса таң қалмауымыз керек,барлығын назарға ала отырып егер біздің ата бабаларымыз өздерінің қоректену мәселесін бүгінде саваннадағы шымпанзелер қолданатын әдіспен шешкен болса таң қалмаумыз керек
1907,Соғыс басталғаннан кейін жуық арада Ұлыбритания Германияны әскери-теңіз қоршауына алды.,Соғыс басталғаннан кейін Жуық арада Ұлыбритания Германияны әскери теңіз қоршауына алды.,соғыс басталғаннан кейін жуық арада ұлыбритания германияны әскери теңіз қоршауына алды,соғыс басталғаннан кейін жуық арада ұлыбритания германияны әскери теңіз қоршауына алды
1824,"Мысырлық өлілер алқабындағы Гиза үстіртінде немесе «Гиза некрополисінде» бірнеше пирамида (олардың ішінде ұлы пирамида ең үлкені болып табылады), бірнеше шағын саркофаг, бірнеше храм және ұлы Сфинкс бар.","Мысырлық өлілер алқабындағы гиза, үстіртінде немесе гиза некрополесінде бірнеше пирамида олардың ішінде олы пирамида ең үлкені болып табылады, бірнеше шағын сарқалфак, бірнеше храм және ұлы свинкспар.",мысырлық өлілер алқабындағы гиза үстіртінде немесе гиза некрополисінде бірнеше пирамида олардың ішінде ұлы пирамида ең үлкені болып табылады бірнеше шағын саркофаг бірнеше храм және ұлы сфинкс бар,мысырлық өлілер алқабындағы гиза үстіртінде немесе гиза некрополесінде бірнеше пирамида олардың ішінде олы пирамида ең үлкені болып табылады бірнеше шағын сарқалфак бірнеше храм және ұлы свинкспар
1749,Оны «вичи» француздар билеген. Бұл 1940 жылы немістермен бейбіт келісім жасасқан және  соғысудың орнына жаулаушылармен бірге жұмыс істеген француздар болды.,Оны Витчи француздар билеген. Бұл мың дорыс қарғын шылан емістер мен бейбіт келісім жасасқан және соқсутың оғорынына жалаушылармен бірге жұмыс істеген француздар болды.,оны вичи француздар билеген бұл 1940 жылы немістермен бейбіт келісім жасасқан және соғысудың орнына жаулаушылармен бірге жұмыс істеген француздар болды,оны витчи француздар билеген бұл мың дорыс қарғын шылан емістер мен бейбіт келісім жасасқан және соқсутың оғорынына жалаушылармен бірге жұмыс істеген француздар болды
2008,Балидегі күн тәртібіндегі басқа тақырыптарға әлемнің қалған ормандарын сақтау және дамушы елдерге азырақ ластайтын жолмен өсуіне көмектесу үшін технологияларды бөлісу кіреді.,Валейдегі күн тәртібіндегі басқа тағырыптарға әлемнің қалған ормандарын сақтау және дамушы елдерге азырақ ластайтын жылмен өсуіне көміктесу үшін технологияларды бөлісуі кіреді.,балидегі күн тәртібіндегі басқа тақырыптарға әлемнің қалған ормандарын сақтау және дамушы елдерге азырақ ластайтын жолмен өсуіне көмектесу үшін технологияларды бөлісу кіреді,валейдегі күн тәртібіндегі басқа тағырыптарға әлемнің қалған ормандарын сақтау және дамушы елдерге азырақ ластайтын жылмен өсуіне көміктесу үшін технологияларды бөлісуі кіреді
1718,Антиквариат болып табылатын бұйымдар үшін ортақ анықтама берілмеген. Кейбір салық органдары 100 жастан асқан бұймыдарды антиквариат деп атайды.,Антиквариат болып табылатын бұйымдар үшін ортақ анықтама берілмеген кейбір салық органдары 100 астан асқан бұйымдарды антиквариат деп атайды.,антиквариат болып табылатын бұйымдар үшін ортақ анықтама берілмеген кейбір салық органдары 100 жастан асқан бұймыдарды антиквариат деп атайды,антиквариат болып табылатын бұйымдар үшін ортақ анықтама берілмеген кейбір салық органдары 100 астан асқан бұйымдарды антиквариат деп атайды
1910,"Париждіктер біртүрлілігі, дөрекілік және менмендігімен ерекшеленеді.",Париждіктер бір түрлілігі — дөрекілік және менмендігімен ерекшеленеді.,париждіктер біртүрлілігі дөрекілік және менмендігімен ерекшеленеді,париждіктер бір түрлілігі дөрекілік және менмендігімен ерекшеленеді
1752,"Нәтижесінде балықтың екі түрі жойылып кетті, ал қалған екеуіне жойылып кету қаупі төнді, оның ішінде бүкір балық та бар.","Нәтижесінде балықтың екі түрі жойылып кетті, ал қалған екеуіне жойылып кету қауіпі төнді, оның ішінде бүкір балықта бар.",нәтижесінде балықтың екі түрі жойылып кетті ал қалған екеуіне жойылып кету қаупі төнді оның ішінде бүкір балық та бар,нәтижесінде балықтың екі түрі жойылып кетті ал қалған екеуіне жойылып кету қауіпі төнді оның ішінде бүкір балықта бар
1693,"Бірақ, капитан қақпасын жоғалтудан кейін Үндістан ойынды аяқтау үшін бар болғаны 36 рет жүгірді, 7 рет қақпаны жоғалтты.","Бірақ капитан қақпасын жоғалдыудан кейін Үндістан ойынды аяқтау үшін бар болғаны отсалды рет жүгірді, жеті рет қақпаны жоғалтты.",бірақ капитан қақпасын жоғалтудан кейін үндістан ойынды аяқтау үшін бар болғаны 36 рет жүгірді 7 рет қақпаны жоғалтты,бірақ капитан қақпасын жоғалдыудан кейін үндістан ойынды аяқтау үшін бар болғаны отсалды рет жүгірді жеті рет қақпаны жоғалтты
1781,"Мадагаскар — қазіргі уақытта ең үлкені әрі жабайы табиғатына келгенде, өздігінен континент болып табылады.",Мадагаскар кәзіргі уақытта ең үлкен әрі жабайы табиғаттына келіненде өздігінен континент болып табылады.,мадагаскар қазіргі уақытта ең үлкені әрі жабайы табиғатына келгенде өздігінен континент болып табылады,мадагаскар кәзіргі уақытта ең үлкен әрі жабайы табиғаттына келіненде өздігінен континент болып табылады
1885,"22:00-23: 00 аралығында (MDT), аулада тұрған сотталғандай өрт шығарды.",22.00 23.00 аралығында Мдети аулада тұрған сотталғандай өрт шығарды.,22 00 23 00 аралығында mdt аулада тұрған сотталғандай өрт шығарды,22 00 23 00 аралығында мдети аулада тұрған сотталғандай өрт шығарды
1900,"іс жүзінде, тіпті адам оның бар екенін білсе де, оны табу оңай емес. Үңгірге түскеннен кейін толығымен оқшауланасыз.","Іс жүзінде тіпті адам оның бар екенін біліседе, оны табу оңай емес. Үңгірге түскеннен кейін толығымен оқшауланасыз.",іс жүзінде тіпті адам оның бар екенін білсе де оны табу оңай емес үңгірге түскеннен кейін толығымен оқшауланасыз,іс жүзінде тіпті адам оның бар екенін біліседе оны табу оңай емес үңгірге түскеннен кейін толығымен оқшауланасыз
1723,"Бұл портта 1889 жылы әскери-теңіз флоттарының қайғылы қарама-қарсы келуі болған. Германияның, АҚШ-тың және Британияның жеті кемесі порттан кетуден бас тартқан.",Бұл портта 1889 жылы әскери-теңіз флоттарының қайғылы қарама-ғарсы Келуі болған. Германияның АҚШ-тың және Британияның жеті кемесі Порттан кетуден бас тартқан.,бұл портта 1889 жылы әскери теңіз флоттарының қайғылы қарама қарсы келуі болған германияның ақш тың және британияның жеті кемесі порттан кетуден бас тартқан,бұл портта 1889 жылы әскери теңіз флоттарының қайғылы қарама ғарсы келуі болған германияның ақш тың және британияның жеті кемесі порттан кетуден бас тартқан
1888,"Елге оралу шогы мәдени шоктан (мұнда бастапқы фаза өте аз) гөрі тезірек пайда болады, ол ұзаққа созылады және одан да ауыр болуы мүмкін.","Елге оралу — шоғы мәдениеті шықтан, мұнда бастапқы фаза өте аз. Гөрі тезірек пайда болады, ол ұзаққа созылады және оданды ауыр болуы мүмкін.",елге оралу шогы мәдени шоктан мұнда бастапқы фаза өте аз гөрі тезірек пайда болады ол ұзаққа созылады және одан да ауыр болуы мүмкін,елге оралу шоғы мәдениеті шықтан мұнда бастапқы фаза өте аз гөрі тезірек пайда болады ол ұзаққа созылады және оданды ауыр болуы мүмкін
2001,"Саяхаттаушыларға өз аумағына әсер ететін ауыр ауа райының кез келген қаупі туралы хабардар болу туралы кеңес беріледі, өйткені олар барлық саяхаттау туралы жоспарларға әсер етуі мүмкін.","Саяхаттаушыларға өз аумағына әсер ететін ауыр ауыр айының кез келген қаупі туралы қавардар болу туралы кеңес беріледі, өйткені олар барлық саяхаттау туралы жоспарларға әсер етуі мүмкін.",саяхаттаушыларға өз аумағына әсер ететін ауыр ауа райының кез келген қаупі туралы хабардар болу туралы кеңес беріледі өйткені олар барлық саяхаттау туралы жоспарларға әсер етуі мүмкін,саяхаттаушыларға өз аумағына әсер ететін ауыр ауыр айының кез келген қаупі туралы қавардар болу туралы кеңес беріледі өйткені олар барлық саяхаттау туралы жоспарларға әсер етуі мүмкін
2003,"Гонконгтың ең жақсы көрінісін тамашалау үшін аралдан шығып, Коулун жағалауына қарай бет бұрыңыз.","Гонгконгтің ең жақсы көрінсін тамашалау үшін аралдан шығып, Колон жағалауына қарайбет бұрыңыз.",гонконгтың ең жақсы көрінісін тамашалау үшін аралдан шығып коулун жағалауына қарай бет бұрыңыз,гонгконгтің ең жақсы көрінсін тамашалау үшін аралдан шығып колон жағалауына қарайбет бұрыңыз
1956,Тауарларды тасымалдау үшін кемелерді пайдалану әзірше адамдардың және тауарлардың үлкен мөлшерлерін мұхиттарда жылжытудың ең тиімді жолы болып табылады.,Тауарларды тасымалдау үшін кемелерді пайдалану әзірше адамдардың және тауарлардың үлкен мөлшерлерін мұхиттарда жылжытудың ең тиімді жолы болып табылады.,тауарларды тасымалдау үшін кемелерді пайдалану әзірше адамдардың және тауарлардың үлкен мөлшерлерін мұхиттарда жылжытудың ең тиімді жолы болып табылады,тауарларды тасымалдау үшін кемелерді пайдалану әзірше адамдардың және тауарлардың үлкен мөлшерлерін мұхиттарда жылжытудың ең тиімді жолы болып табылады
1806,"Ең шарықтаған кезінде жарықтық ластану қазіргі кездегідей проблема болмағандықтан, олар қазіргі уақытқа қарағанда оңай жетуге болатын қалаларда немесе кампустарда орналасқан.","Ең шарықтаған кезінде жарықтық ластану казіргі кездегідей проблемі болмағандықтан, олар қазіргі уақытқа қарағанды оңай жетуге болатын қалаларда немесе компустарда орналасқан.",ең шарықтаған кезінде жарықтық ластану қазіргі кездегідей проблема болмағандықтан олар қазіргі уақытқа қарағанда оңай жетуге болатын қалаларда немесе кампустарда орналасқан,ең шарықтаған кезінде жарықтық ластану казіргі кездегідей проблемі болмағандықтан олар қазіргі уақытқа қарағанды оңай жетуге болатын қалаларда немесе компустарда орналасқан
1699,"Бақылаушылардың бірі Бішкекті ""анархия күйіне батуда"" деп бейнелеген, өйткені қылмыскерлер тобы көшені аралап, дүкендердегі халықтық тұтыну тауарларын тонауды бастаған.","Бақылаушылардың бірі бішкекті анархия көне батуда деп бейнеленген, өйткені қылмыскерлер тобы көшені аралап, дүкендердегі халықтық тұтыну тауарларын тонауды бастаған.",бақылаушылардың бірі бішкекті анархия күйіне батуда деп бейнелеген өйткені қылмыскерлер тобы көшені аралап дүкендердегі халықтық тұтыну тауарларын тонауды бастаған,бақылаушылардың бірі бішкекті анархия көне батуда деп бейнеленген өйткені қылмыскерлер тобы көшені аралап дүкендердегі халықтық тұтыну тауарларын тонауды бастаған
1969,Ол негізгі тақырыптың ең тиімді орны сызықтардың қиылысуында деп айтады. Бұл кескінді тігінен және көлденеңінен үштіктерге бөледі (мысалды қараңыз).,"Ол негізгі тақырыптың ең тиімді орны сызықтардың қиылысуында деп айтады, бұл кескінді тігінен және көлдененіңін іштіктерге бөледі, мысалды қараңыз.",ол негізгі тақырыптың ең тиімді орны сызықтардың қиылысуында деп айтады бұл кескінді тігінен және көлденеңінен үштіктерге бөледі мысалды қараңыз,ол негізгі тақырыптың ең тиімді орны сызықтардың қиылысуында деп айтады бұл кескінді тігінен және көлдененіңін іштіктерге бөледі мысалды қараңыз
1703,Мартелли кеше тоғыз мүшеден тұратын жаңа уақытша сайлау кеңесінің (CEP) алдында ант берді.,Мортелли кеше 9 мүшеден тұратын жаңа уақытша сайлау кеңесінің CR алдында антперді.,мартелли кеше тоғыз мүшеден тұратын жаңа уақытша сайлау кеңесінің cep алдында ант берді,мортелли кеше 9 мүшеден тұратын жаңа уақытша сайлау кеңесінің cr алдында антперді
1971,"Қатты жел, бұршақ, артық жауын-шашын және өрттер, сонымен бірге найзағайлар, торнадолар, судағы құйындар және циклондар ауар ауа райының түрлері мен әсерлері болып табылады.","Қатты жел, біршақ, арттық, жауын-шашын және өрттер, сонымен бірге найзалайлар, торнадолар, судалы құйындар және циклондар, ауар, ауарайын түрлері мен әсерлері болып табылады.",қатты жел бұршақ артық жауын шашын және өрттер сонымен бірге найзағайлар торнадолар судағы құйындар және циклондар ауар ауа райының түрлері мен әсерлері болып табылады,қатты жел біршақ арттық жауын шашын және өрттер сонымен бірге найзалайлар торнадолар судалы құйындар және циклондар ауар ауарайын түрлері мен әсерлері болып табылады
1982,"Әйелдер: Өздерінің шынайы отбасы жағдайына қарамастан, әйел жынысты саяхатшыларға тұрмыс құрған деп айтуға кеңес беріледі.",Әйелдер өздерінің шынайы отбасы жағдайына қарамастан әйел шынысты саяхаршыларға тұрымыс құрған деп айтуға кеңес беріледі.,әйелдер өздерінің шынайы отбасы жағдайына қарамастан әйел жынысты саяхатшыларға тұрмыс құрған деп айтуға кеңес беріледі,әйелдер өздерінің шынайы отбасы жағдайына қарамастан әйел шынысты саяхаршыларға тұрымыс құрған деп айтуға кеңес беріледі
1717,Су асты топологиясына байланысты кері ағын бірнеше тереңірек учаскелерде шоғырланған және онда терең суға жылдам ағын пайда болуы мүмкін.,Тұс уасты топологиясына байланысты Кера ағын бірнеше тереңірек жаскілерде шоғырланған және онда терең суға жылданғы мағын пайда болуы мүмкін.,су асты топологиясына байланысты кері ағын бірнеше тереңірек учаскелерде шоғырланған және онда терең суға жылдам ағын пайда болуы мүмкін,тұс уасты топологиясына байланысты кера ағын бірнеше тереңірек жаскілерде шоғырланған және онда терең суға жылданғы мағын пайда болуы мүмкін
1875,Мұхиттарға құйылатын планета өзендеріндегі судың толықтай 20 пайызы Амазонкадан келеді.,Мұхиттарыға құйылатын планеті өзендеріндегі судын толықтай жиырма пайызы Амазонкадан келеді.,мұхиттарға құйылатын планета өзендеріндегі судың толықтай 20 пайызы амазонкадан келеді,мұхиттарыға құйылатын планеті өзендеріндегі судын толықтай жиырма пайызы амазонкадан келеді
1664,"Екі құрғақ ұнтақты араластырыңыз, содан кейін таза, ылғалды қолдармен оларды қысып, шарик жасаңыз.","Екі құрға құнтақты араластырыңыз, содан кейін таза ұлғалды қолдармен оларады қысып, шарик жасаңыз.",екі құрғақ ұнтақты араластырыңыз содан кейін таза ылғалды қолдармен оларды қысып шарик жасаңыз,екі құрға құнтақты араластырыңыз содан кейін таза ұлғалды қолдармен оларады қысып шарик жасаңыз
1779,Бұл хабарландыру Трамп Түркия президенті Реджеп Тайып Ердоғанмен телефон арқылы сөйлескеннен кейін жасалды.,"Бұл хабарландыру Трамп, Туркия президенті Реджип Тайып ердоған мен телефон арқылы сөйлескедін жасалды.",бұл хабарландыру трамп түркия президенті реджеп тайып ердоғанмен телефон арқылы сөйлескеннен кейін жасалды,бұл хабарландыру трамп туркия президенті реджип тайып ердоған мен телефон арқылы сөйлескедін жасалды
1917,Римде әртүрлі орындарда адамдардың салтанатты рәсімді көруі үшін бірнеше үлкен теледидар экрандары орнатылды.,Римде әртүрлі орындарды адамдардың салтанатты рәсімді көру үшін бірнеше үлкен теледидар екрандары орынатылды.,римде әртүрлі орындарда адамдардың салтанатты рәсімді көруі үшін бірнеше үлкен теледидар экрандары орнатылды,римде әртүрлі орындарды адамдардың салтанатты рәсімді көру үшін бірнеше үлкен теледидар екрандары орынатылды
1676,"Барлық Оңтүстік Африка ұлттық саябақтарындағыдай, саябаққа кіруде экологиялық салым және кіру ақысы төленеді.",Барлық Оңтүстік Африка Ұлттық саябақтарындағдай саябаққа күруле экологиялық салым және кіру ақысы төлінеді.,барлық оңтүстік африка ұлттық саябақтарындағыдай саябаққа кіруде экологиялық салым және кіру ақысы төленеді,барлық оңтүстік африка ұлттық саябақтарындағдай саябаққа күруле экологиялық салым және кіру ақысы төлінеді
1889,"Ол бізге пойызды, автокөлікті және басқа да көлік құралдарын алып келді.","Ол бізге пойызды, автокөлікті және басқа да көлік құралдарын алып келді.",ол бізге пойызды автокөлікті және басқа да көлік құралдарын алып келді,ол бізге пойызды автокөлікті және басқа да көлік құралдарын алып келді
1661,"Ол қысқартулар үшін санды белгілемеді, олар Қытайдың экономикалық нәтижесі негізінде жасалатынын айтты.",Олар қысқартулар үшін санды белгілемеді. Олар қытайтың экономикалық нәтижесі негізінде жасалатынын айтты.,ол қысқартулар үшін санды белгілемеді олар қытайдың экономикалық нәтижесі негізінде жасалатынын айтты,олар қысқартулар үшін санды белгілемеді олар қытайтың экономикалық нәтижесі негізінде жасалатынын айтты
1749,Оны «вичи» француздар билеген. Бұл 1940 жылы немістермен бейбіт келісім жасасқан және  соғысудың орнына жаулаушылармен бірге жұмыс істеген француздар болды.,Оны Вичи француздар билеген. Бұл 1940 жылы немстермен бейбіт келісім жасасқан және соқсудың орынына жаулаушылармен бірге жұмыс істеген француздар болды.,оны вичи француздар билеген бұл 1940 жылы немістермен бейбіт келісім жасасқан және соғысудың орнына жаулаушылармен бірге жұмыс істеген француздар болды,оны вичи француздар билеген бұл 1940 жылы немстермен бейбіт келісім жасасқан және соқсудың орынына жаулаушылармен бірге жұмыс істеген француздар болды
1925,"Жасалған жұмыс көбіне теориялық болды, бірақ Мерген галактикасына қатысты жасалатын бақылауларды симуляциялау үшін бағдарлама жазылды.","Жасалған жұмыс көбіне теориялық болды, бірақ мерген галактикасына қатысты жасаланатын бақылауларды симуляциялау үшін бағларлама жазылады.",жасалған жұмыс көбіне теориялық болды бірақ мерген галактикасына қатысты жасалатын бақылауларды симуляциялау үшін бағдарлама жазылды,жасалған жұмыс көбіне теориялық болды бірақ мерген галактикасына қатысты жасаланатын бақылауларды симуляциялау үшін бағларлама жазылады
1829,Жоғары салық салынатын елдерге жол тартатын саяхатшылар кейде әсіресе алкогольді ішімдіктер мен темекі сияқты өнімдерге айтарлықтай ақша үнемдей алады.,Жоғары салық салынатын елдерге жол тартатын саяхатшылар кейде әсіресе алкогольді ішімдіктер мен теме кіс яқты өнімдерге айтарлықтай ақша үнімдей алады.,жоғары салық салынатын елдерге жол тартатын саяхатшылар кейде әсіресе алкогольді ішімдіктер мен темекі сияқты өнімдерге айтарлықтай ақша үнемдей алады,жоғары салық салынатын елдерге жол тартатын саяхатшылар кейде әсіресе алкогольді ішімдіктер мен теме кіс яқты өнімдерге айтарлықтай ақша үнімдей алады
1818,Адамдар үйіне оралған саяхатшылар үшін шыдамдылық пен түсіністік қажет екенін түсінбеуі мүмкін.,Адамдар үйіне оралған саяхасшылар үшін ұштамдылық пен түсіністік қажа декенін түсінбеуі мүмкін.,адамдар үйіне оралған саяхатшылар үшін шыдамдылық пен түсіністік қажет екенін түсінбеуі мүмкін,адамдар үйіне оралған саяхасшылар үшін ұштамдылық пен түсіністік қажа декенін түсінбеуі мүмкін
2006,"Кальций және калий сияқты элементтер металдар болып саналады. Әрине, күміс және алтын сияқты металдар да бар.","Кальций және калли сияқты элементтер металдар болып саналады, әріне күміз және алтын сияқты металдарды бар.",кальций және калий сияқты элементтер металдар болып саналады әрине күміс және алтын сияқты металдар да бар,кальций және калли сияқты элементтер металдар болып саналады әріне күміз және алтын сияқты металдарды бар
1672,Матаның тым ыстық болуына жол бермеңіз (бұл қысқаруға немесе күюіне себеп болуы мүмкін).,Матаның тым ыстық болуына жол бермеңіз. Бұл қысқаруа немесе күйюіне себеп болуы мүмкін.,матаның тым ыстық болуына жол бермеңіз бұл қысқаруға немесе күюіне себеп болуы мүмкін,матаның тым ыстық болуына жол бермеңіз бұл қысқаруа немесе күйюіне себеп болуы мүмкін
1822,Марокко сұлтаны қаланы Дару Аль-Бадиа деп қайта салды және оған Касабланка деген атауды осында сауда базаларын жасаған испандық саудагерлер берді.,Марукка султаны қаланы «Дару» «Альбадия» деп «қайта салды» және оған «Касабланка» деген атауды осында сауда базарларын жасаған испандық саудагерлер берді.,марокко сұлтаны қаланы дару аль бадиа деп қайта салды және оған касабланка деген атауды осында сауда базаларын жасаған испандық саудагерлер берді,марукка султаны қаланы дару альбадия деп қайта салды және оған касабланка деген атауды осында сауда базарларын жасаған испандық саудагерлер берді
1981,"Бар болғаны кеме экскурсиялары арқылы жағаға барсаңыз, сізге бөлек виза қажет болмайды (2009 жылдан).","Бар болғана кеме экскурсиялары арқылы жағаға барсаңыз, сізге бөлеп биза қажет болмайды, 2009 жылдан.",бар болғаны кеме экскурсиялары арқылы жағаға барсаңыз сізге бөлек виза қажет болмайды 2009 жылдан,бар болғана кеме экскурсиялары арқылы жағаға барсаңыз сізге бөлеп биза қажет болмайды 2009 жылдан
1926,"Аристотельдің ғылымның барлық мәселелеріне, оның ішінде психологияға көзқарасы қабылданды.","Аристотельдің ғылымның барлық мәселелеріне, оның ішінде психологияға көз қарасы қабылданды.",аристотельдің ғылымның барлық мәселелеріне оның ішінде психологияға көзқарасы қабылданды,аристотельдің ғылымның барлық мәселелеріне оның ішінде психологияға көз қарасы қабылданды
1846,Сондықтан бұл пішімнің арақатынасы (ең қарапайым бүтін санның қатынасын алу үшін он екіге бөлу) 3:2 деп айтылады.,"Сондықтан, бұл пішімнің арақатынасы, ең қарапайым бүтін саның қатынасын ауы үшін он екі гепіл, үште екі деп айтылады.",сондықтан бұл пішімнің арақатынасы ең қарапайым бүтін санның қатынасын алу үшін он екіге бөлу 3 2 деп айтылады,сондықтан бұл пішімнің арақатынасы ең қарапайым бүтін саның қатынасын ауы үшін он екі гепіл үште екі деп айтылады
1739,Меккенің солтүстігіндегі таулардың біріндегі шыңда орналасқан үңгір әлемнің қалған бөліктерінен толығымен оқшауланған.,Меккенің солтүстігіндегі таулардың біріндегі шыңда орналасқан үңгір әлемнің қалған бөліктерінен толығымен оқшауланған.,меккенің солтүстігіндегі таулардың біріндегі шыңда орналасқан үңгір әлемнің қалған бөліктерінен толығымен оқшауланған,меккенің солтүстігіндегі таулардың біріндегі шыңда орналасқан үңгір әлемнің қалған бөліктерінен толығымен оқшауланған
1804,Гаитидегі әділет және демократия институты БҰҰ Непал бейбітшіл батальоны өздері байқамай ауруды Гаитиге әкелген деп пайымдайтын тәуелсіз зерттеулерді көрсетті.,Гаитидегі әділет және демократия институты бұ Ұ непал бейбітшілік батальоны өздері байқамай ауруды Гаитиге әкелген деп пайымдайтын тәуелсіз зерттеулерді көрсетті.,гаитидегі әділет және демократия институты бұұ непал бейбітшіл батальоны өздері байқамай ауруды гаитиге әкелген деп пайымдайтын тәуелсіз зерттеулерді көрсетті,гаитидегі әділет және демократия институты бұ ұ непал бейбітшілік батальоны өздері байқамай ауруды гаитиге әкелген деп пайымдайтын тәуелсіз зерттеулерді көрсетті
1983,"Өркениет сөзі латынның «civilis» сөзінен шыққан, азаматтық деген мағынаны білдіретін, ол азамат деген мағынаны білдіретін, латынша «civis» сөзімен байланысты, ал қала немесе қала-мемлекет деген мағынаны білдіретін «civitas» сөзі де бар, сонымен бірге бұл белгілі бір деңгейде қоғамның көлемін анықтайды.","Өркене етсөзі латынның цивилес сөзінен шыққан, азаматтық деген мағынаны білдіретін, ол азамат деген мағынаны білдіретін латынша цивис өзімен байланысты, ал қала немесе қаламемілі кеттеген мағынаны білдіретін цивита сөзі де бар, сонымен бірге бұл белгілі бір деңгейде қоғамның көлеміне анықтайды.",өркениет сөзі латынның civilis сөзінен шыққан азаматтық деген мағынаны білдіретін ол азамат деген мағынаны білдіретін латынша civis сөзімен байланысты ал қала немесе қала мемлекет деген мағынаны білдіретін civitas сөзі де бар сонымен бірге бұл белгілі бір деңгейде қоғамның көлемін анықтайды,өркене етсөзі латынның цивилес сөзінен шыққан азаматтық деген мағынаны білдіретін ол азамат деген мағынаны білдіретін латынша цивис өзімен байланысты ал қала немесе қаламемілі кеттеген мағынаны білдіретін цивита сөзі де бар сонымен бірге бұл белгілі бір деңгейде қоғамның көлеміне анықтайды
1974,Сол принцип бойынша ер адамдар тізелерін жауып тұратын шалбар кию керек.,Сол принцип бойынша ер адамдар тізелерін жауып тұратын шалбаркүйу керек.,сол принцип бойынша ер адамдар тізелерін жауып тұратын шалбар кию керек,сол принцип бойынша ер адамдар тізелерін жауып тұратын шалбаркүйу керек
1693,"Бірақ, капитан қақпасын жоғалтудан кейін Үндістан ойынды аяқтау үшін бар болғаны 36 рет жүгірді, 7 рет қақпаны жоғалтты.",Бірақ капитан қақпасын жоғалтудан кейін Үндістан ойында аяқтау үшін бар болғаны 36-лет жүгілді жетіред қақпаны жоғалтты.,бірақ капитан қақпасын жоғалтудан кейін үндістан ойынды аяқтау үшін бар болғаны 36 рет жүгірді 7 рет қақпаны жоғалтты,бірақ капитан қақпасын жоғалтудан кейін үндістан ойында аяқтау үшін бар болғаны 36 лет жүгілді жетіред қақпаны жоғалтты
1815,Атомдық бомба көп протондар мен нейтрондар арқылы ядро ​​құру үшін энергия алуы принципі бойынша жұмыс істейді.,"Атомдық бомба көп протондар мен нейтрондар арқылы, ядра құры үшін энергия алуы принципі бойынша жұмыс істейді.",атомдық бомба көп протондар мен нейтрондар арқылы ядро ​​құру үшін энергия алуы принципі бойынша жұмыс істейді,атомдық бомба көп протондар мен нейтрондар арқылы ядра құры үшін энергия алуы принципі бойынша жұмыс істейді
1742,Гонконг аралы Гонконгтың аумағына өз атауын береді және көптеген туристер басты назар аударатын орын болып табылады.,Гонконг аралы Гонконгтің аумағына өзат ауын береді және көптеген туристер бастын азар аударатын орын болып табылады.,гонконг аралы гонконгтың аумағына өз атауын береді және көптеген туристер басты назар аударатын орын болып табылады,гонконг аралы гонконгтің аумағына өзат ауын береді және көптеген туристер бастын азар аударатын орын болып табылады
1738,Сондай-ақ ол суға кірген кез келген нәрсеге шабуылдайтын; тіпті тиранозавр сияқты алып динозавр да оған тең келмейтін.,Сондай-ақ ол суға кірген кез келген нәрсеге шабуылдайтын тіпті тероназавр сияқты алып динозаврда оған тең келмейтін.,сондай ақ ол суға кірген кез келген нәрсеге шабуылдайтын тіпті тиранозавр сияқты алып динозавр да оған тең келмейтін,сондай ақ ол суға кірген кез келген нәрсеге шабуылдайтын тіпті тероназавр сияқты алып динозаврда оған тең келмейтін
1848,Кеше Түркияның Газиантеп қаласындағы полиция штаб-пәтерінде бомба қойылған көлік жарылысы нәтижесінде екі полиция қызметкері қаза тапты және жиырмадан артық адам жарақат алды.,Кеше Түркияның Газиян Теп қаласындағы полиция штаб пәтерінде бомба қойылған көрлік жарызысы нәчесінде екі полиция қызметкері қаза тапты және жиырмадан артық адам жарақат алды.,кеше түркияның газиантеп қаласындағы полиция штаб пәтерінде бомба қойылған көлік жарылысы нәтижесінде екі полиция қызметкері қаза тапты және жиырмадан артық адам жарақат алды,кеше түркияның газиян теп қаласындағы полиция штаб пәтерінде бомба қойылған көрлік жарызысы нәчесінде екі полиция қызметкері қаза тапты және жиырмадан артық адам жарақат алды
1921,"Екінші жағынан, мұзды және қарлы жағдайлар көп елдерде қалыпты болып табылады және жол қозғалысы көбінесе жыл бойы үздіксіз болады.","Екінші жағынан, мұзды және қарлы жағдайлар көп елдерде қалыпты болып табылады және жол қозғалысы көбінесе жыл бойы үздіксіз болады.",екінші жағынан мұзды және қарлы жағдайлар көп елдерде қалыпты болып табылады және жол қозғалысы көбінесе жыл бойы үздіксіз болады,екінші жағынан мұзды және қарлы жағдайлар көп елдерде қалыпты болып табылады және жол қозғалысы көбінесе жыл бойы үздіксіз болады
2007,АҚШ Инженерлер корпусы 6 дюйм жаңбырдың жаууы бұрын зақымдалған бөгеттерді бұзуы мүмкін деп болжады.,АҚШ инженерлер корпусы алты дүйім жаңбырдың жауы бұрын зақымданылған бөгеттерді бұзуы мүмкін деп болжады.,ақш инженерлер корпусы 6 дюйм жаңбырдың жаууы бұрын зақымдалған бөгеттерді бұзуы мүмкін деп болжады,ақш инженерлер корпусы алты дүйім жаңбырдың жауы бұрын зақымданылған бөгеттерді бұзуы мүмкін деп болжады
1675,"Барлық зат есімдер, сонымен бірге «сіз» дегенді білдіретін «Sie» сөзі, тіпті сөйлемнің ортасында да бас әріптен басталады.",Барлық затесімдер сонымен бірге сіз дегенді білдіретін сиі сөзі тіпті сөйлемнің ортасында да басарыптен басталады.,барлық зат есімдер сонымен бірге сіз дегенді білдіретін sie сөзі тіпті сөйлемнің ортасында да бас әріптен басталады,барлық затесімдер сонымен бірге сіз дегенді білдіретін сиі сөзі тіпті сөйлемнің ортасында да басарыптен басталады
1849,"Егер сіз ""Ұлт қазынасы"" фильмін көрген болсаңыз, онда қазына картасы Тәуелсіздік декларациясының артында жазылған деп ойлауыңыз мүмкін.","Егер сіз ұл қазынасы фильмін көрген болсаңыз, онда қазына қартасы тәуелсіздік декларациясының артында жазылған деп ойлауыңыз мүмкін.",егер сіз ұлт қазынасы фильмін көрген болсаңыз онда қазына картасы тәуелсіздік декларациясының артында жазылған деп ойлауыңыз мүмкін,егер сіз ұл қазынасы фильмін көрген болсаңыз онда қазына қартасы тәуелсіздік декларациясының артында жазылған деп ойлауыңыз мүмкін
1860,Губернатордың кеңсесі жарақат алғандардың он тоғызы полиция қызметкері болғанын айтты.,Губернатордың кеңсесі жарақат алғандардың 19-ы полиция қызметкері болғанын айтты.,губернатордың кеңсесі жарақат алғандардың он тоғызы полиция қызметкері болғанын айтты,губернатордың кеңсесі жарақат алғандардың 19 ы полиция қызметкері болғанын айтты
1748,Өрт сөндіру бөлімшелері өртті кешкі сағат 11:35-ке дейін сөндірді.,Өрт сөндіру бөлімшелері өрттік ешкі сағат 11-35 кедейін сөндірді.,өрт сөндіру бөлімшелері өртті кешкі сағат 11 35 ке дейін сөндірді,өрт сөндіру бөлімшелері өрттік ешкі сағат 11 35 кедейін сөндірді
1791,Құрылыс орындарын граффити сызу арқылы бүлдірмеңіз.,Құрылс орындарын граффити сүзуі арқылы білдірмеңіз.,құрылыс орындарын граффити сызу арқылы бүлдірмеңіз,құрылс орындарын граффити сүзуі арқылы білдірмеңіз
1794,"Өркениет – бірге тұрып, бірге жұмыс істейтін қоғамдағы адамдардың айтарлықтай үлкен тобына қатысты ортақ мәдениет.","Өркениет бірге тұрып, бірге жұмыс істейтін қоғамдарды қоғамдағы адамдардың айтарлықтай үлкен тобына қатысты ортақ мәдениед.",өркениет бірге тұрып бірге жұмыс істейтін қоғамдағы адамдардың айтарлықтай үлкен тобына қатысты ортақ мәдениет,өркениет бірге тұрып бірге жұмыс істейтін қоғамдарды қоғамдағы адамдардың айтарлықтай үлкен тобына қатысты ортақ мәдениед
1947,"Әскерлер келмей тұрып, Гаитиде 1800 жылдан бері бұл ауруға қатысты мәселелер болмаған.","Әскерлер келмей тұрып, Гаитиде 18 жылдан бері бұл ауруға қатысты мәселелер болмаған.",әскерлер келмей тұрып гаитиде 1800 жылдан бері бұл ауруға қатысты мәселелер болмаған,әскерлер келмей тұрып гаитиде 18 жылдан бері бұл ауруға қатысты мәселелер болмаған
1936,"Пэрри түнгі сайлау алды жиналысының нәтижелерін бағалау үшін Техасқа оралатынын, өзі үшін осы жарыста алға жүретін жол бар-жоғын анықтайтынын мәлімдеді, бірақ кейінірек жарыста қалатынын және 21 қаңтардағы Оңтүстік Каролинадағы бастапқы сайлауға қатысатынын айтты.","Пери түнгі сайлау алды жиналысының нәтижелерін бағалау үшін Техасқа оралатынын өзі үшін осы жарыста алға жүретін жол бар жоғын анықтайтынын мәлімдеді, бірақ Кейнірек жарыста қалатынын және 21 қаңтардағы оңтүстік Королинадағы бастап қысайлық.зауға қатысатынын айтты.",пэрри түнгі сайлау алды жиналысының нәтижелерін бағалау үшін техасқа оралатынын өзі үшін осы жарыста алға жүретін жол бар жоғын анықтайтынын мәлімдеді бірақ кейінірек жарыста қалатынын және 21 қаңтардағы оңтүстік каролинадағы бастапқы сайлауға қатысатынын айтты,пери түнгі сайлау алды жиналысының нәтижелерін бағалау үшін техасқа оралатынын өзі үшін осы жарыста алға жүретін жол бар жоғын анықтайтынын мәлімдеді бірақ кейнірек жарыста қалатынын және 21 қаңтардағы оңтүстік королинадағы бастап қысайлық зауға қатысатынын айтты
1697,"Ол ауырғанды басатын қажет дәрі-дәрмектерді қабылдай алмады, өйткені олар Ойындарға қатысушылар үшін рұқсат етілмейді.","Ола орғанды басатын қажетті әрі дәрмектерді қабылды иалмады, өйткені олар ойындарға қатысушылар үшін рұқсат етілмеді.",ол ауырғанды басатын қажет дәрі дәрмектерді қабылдай алмады өйткені олар ойындарға қатысушылар үшін рұқсат етілмейді,ола орғанды басатын қажетті әрі дәрмектерді қабылды иалмады өйткені олар ойындарға қатысушылар үшін рұқсат етілмеді
1836,"Адамдар ежелден алтын, күміс және мыс сияқты негізгі химиялық элементтер туралы білді, өйткені олардың барлығын табиғатта табиғи түрде табуға болады және қарапайым құралдармен өндіру салыстырмалы түрде оңай.","Адамдар ежелден алтын күміс және мыс сияқты негізгі химиялық элементтер туралы білді, өйткені олардың барлығын табиғатта табиғи түрде табуға болады және қарапайым құралдармен өңдіру салыстырмалы түрде оңай.",адамдар ежелден алтын күміс және мыс сияқты негізгі химиялық элементтер туралы білді өйткені олардың барлығын табиғатта табиғи түрде табуға болады және қарапайым құралдармен өндіру салыстырмалы түрде оңай,адамдар ежелден алтын күміс және мыс сияқты негізгі химиялық элементтер туралы білді өйткені олардың барлығын табиғатта табиғи түрде табуға болады және қарапайым құралдармен өңдіру салыстырмалы түрде оңай
2002,Бұл ойыншыларға бейне ойындардағы әрекеттер мен қозғалыстарды құрылғыны ауада қозғалту арқылы басқаруға мүмкіндік береді.,Бұл ойыншыларға бейне ойындардағы әрекеттер мен қозғалыстарды құрылғыны ауады қозғалту арқылы басқаруға мүмкіндік береді.,бұл ойыншыларға бейне ойындардағы әрекеттер мен қозғалыстарды құрылғыны ауада қозғалту арқылы басқаруға мүмкіндік береді,бұл ойыншыларға бейне ойындардағы әрекеттер мен қозғалыстарды құрылғыны ауады қозғалту арқылы басқаруға мүмкіндік береді
1767,"Бұл солтүстік шұғыласын көрудің жақсы мүмкіндігін береді, өйткені аспан тәулік бойы азды-көпті күңгірт болады.","Бұл солтүстік шығыласын көрідің жағсы мүмкіндігін береді, өйткені аспан тәулік бойы азды-көпті күңгірт болады.",бұл солтүстік шұғыласын көрудің жақсы мүмкіндігін береді өйткені аспан тәулік бойы азды көпті күңгірт болады,бұл солтүстік шығыласын көрідің жағсы мүмкіндігін береді өйткені аспан тәулік бойы азды көпті күңгірт болады
1857,"Ол тағы былай деді: «дегенмен, олардан даму кезеңінен, жауапкершілігінен және мүмкіндіктерінен асатын міндеттемелерді қабылдауды сұрамау керек».","Ол тағы былай деді «Тегенмен, олардан дому кезіңінен, жауып кершілігінен және мүмкіндіктерінен асатын міндеттемелерді қабылдауды сұрамал керек».",ол тағы былай деді дегенмен олардан даму кезеңінен жауапкершілігінен және мүмкіндіктерінен асатын міндеттемелерді қабылдауды сұрамау керек,ол тағы былай деді тегенмен олардан дому кезіңінен жауып кершілігінен және мүмкіндіктерінен асатын міндеттемелерді қабылдауды сұрамал керек
1845,Күймеде олар айқайлап жатқан және король мен патшайымға қоқан-лоққыларды айқайлап айтып жатқан адамдар тобы қоршаған күйде Парижге қайтып оралды.,Күймеде олар айқайлап жатқан және король мен патшайымға қоқан локқыларды айқайлап айтып жатқан адамдар тобы қоршаған күйде Парижге қайтып оралды.,күймеде олар айқайлап жатқан және король мен патшайымға қоқан лоққыларды айқайлап айтып жатқан адамдар тобы қоршаған күйде парижге қайтып оралды,күймеде олар айқайлап жатқан және король мен патшайымға қоқан локқыларды айқайлап айтып жатқан адамдар тобы қоршаған күйде парижге қайтып оралды
1724,Ол шамамен 400 жылдан бастап салтанаттың эпицентріне ретінде белгілі болды және шамамен 1100 жылға дейін созылды.,"Ол шамамен 400 жылдан бастап, салтанаттың эпиценттерне рейтінде белгілі болды және шамамен 1100 жылға дейін созылды.",ол шамамен 400 жылдан бастап салтанаттың эпицентріне ретінде белгілі болды және шамамен 1100 жылға дейін созылды,ол шамамен 400 жылдан бастап салтанаттың эпиценттерне рейтінде белгілі болды және шамамен 1100 жылға дейін созылды
1895,Грек тілін білу азайғаннан кейін батыс өзінің грек философиялық және ғылыми түбірлерінен бөлініп кеткенін тапты.,Грек тілін білу азайғаннан кейін батыс өзінің грек философиялық және ғылыми тібірлерінен бөлініп кеткенін тапты.,грек тілін білу азайғаннан кейін батыс өзінің грек философиялық және ғылыми түбірлерінен бөлініп кеткенін тапты,грек тілін білу азайғаннан кейін батыс өзінің грек философиялық және ғылыми тібірлерінен бөлініп кеткенін тапты
1928,"1976 жылда, Мачу Пикчудың отыз пайызы қалпына келтірілді және реставрация бүгінге дейні жалғасуда.",1976 жылда Мачу Пикчудың отыз пайызы қалпына келтірілді және реставрация бүгінге дейін жалғасуды.,1976 жылда мачу пикчудың отыз пайызы қалпына келтірілді және реставрация бүгінге дейні жалғасуда,1976 жылда мачу пикчудың отыз пайызы қалпына келтірілді және реставрация бүгінге дейін жалғасуды
1886,"Ежелгі мәдениеттер мен тайпалар сүтке, жүнге, етке және терілерге оңай қол жеткізу үшін оларды өсіре бастады.","Ежелгі мәдениттер мен тайпалар сүтке, жүнге, етке және терлерге оңай қол жеткіз үшін оларды өсіреп бастады.",ежелгі мәдениеттер мен тайпалар сүтке жүнге етке және терілерге оңай қол жеткізу үшін оларды өсіре бастады,ежелгі мәдениттер мен тайпалар сүтке жүнге етке және терлерге оңай қол жеткіз үшін оларды өсіреп бастады
1972,"Көп адам оларды динозаврлар деп ойламайды, өйткені олардың қауырсындары бар және ұша алады.","Көп адам оларды динозаврларды бойламайды, өйткені олардың қауірсындары бар және ұша алады.",көп адам оларды динозаврлар деп ойламайды өйткені олардың қауырсындары бар және ұша алады,көп адам оларды динозаврларды бойламайды өйткені олардың қауірсындары бар және ұша алады
1782,Сондай-ақ әр династиялар арасында бөлінген провинциялардың тұрақсыз дәуірі болды. Осы кезеңдердің ең танымалсы — Хань мен Цзинь династияларының арасында 60 жыл бойы болған Үш патшалық дәуірі еді.,"Сондай-ақ әр династиялар арасында бөлінген провинциялардың тұрақсыз дәуірі болды, осы кезеңдердің ең танмалсы Ханмин Цинь династияларының арасында 60 шыл бойы болған үш патшалық дәуірі еді.",сондай ақ әр династиялар арасында бөлінген провинциялардың тұрақсыз дәуірі болды осы кезеңдердің ең танымалсы хань мен цзинь династияларының арасында 60 жыл бойы болған үш патшалық дәуірі еді,сондай ақ әр династиялар арасында бөлінген провинциялардың тұрақсыз дәуірі болды осы кезеңдердің ең танмалсы ханмин цинь династияларының арасында 60 шыл бойы болған үш патшалық дәуірі еді
1879,"Жаңа бірдеңе пайда боғланда, пернетақта неге айналатыны туралы болжамдар жасауға ғана болады.","Жаңа бірдеңе пайда болғында, Пернетақта неге айналатыны туралы болжамдар жасалға ғана болады.",жаңа бірдеңе пайда боғланда пернетақта неге айналатыны туралы болжамдар жасауға ғана болады,жаңа бірдеңе пайда болғында пернетақта неге айналатыны туралы болжамдар жасалға ғана болады
1950,Солтүстікке қарай және жақын арада Синтра деген романтикалық және еліктіретін қаласы орналасқан және ол Лорд Байрон оның ғажайыптарын қызық әңгімелегеннен кейін шетелдіктерге әйгілі болды.,Сол түстікке қарай және жақын арада синтрадеген романтикылық және еліктіретін қаласы орналасқан және ол Лорд Байрон оның жағайыптарын қызық әңгімелегенненген шетелдіктерге әйгілі болды.,солтүстікке қарай және жақын арада синтра деген романтикалық және еліктіретін қаласы орналасқан және ол лорд байрон оның ғажайыптарын қызық әңгімелегеннен кейін шетелдіктерге әйгілі болды,сол түстікке қарай және жақын арада синтрадеген романтикылық және еліктіретін қаласы орналасқан және ол лорд байрон оның жағайыптарын қызық әңгімелегенненген шетелдіктерге әйгілі болды
1725,Ертеректе шығындарды азайту және функционалдылық факторларына байланысты бүкіл әлемде шығарылған ASUS Eee компьютері 2007 жылғы Тайбэй АТ айлығының өзекті тақырыбына айналды.,Ертеректе шығындарды ұзайту және функционалдылық факторларына байланысты бүкіл әлемде шығарылған ASUS IIE компьютері 2007 жылғы Тайбей AT айлығының өзекті тақырыбына айналды.,ертеректе шығындарды азайту және функционалдылық факторларына байланысты бүкіл әлемде шығарылған asus eee компьютері 2007 жылғы тайбэй ат айлығының өзекті тақырыбына айналды,ертеректе шығындарды ұзайту және функционалдылық факторларына байланысты бүкіл әлемде шығарылған asus iie компьютері 2007 жылғы тайбей at айлығының өзекті тақырыбына айналды
1920,"Әдетте, қонақтарды жақсы көңіл-күйде ұстау және іште ұстау үшін оларда арнайы тамақ, сусын және ойын-сауық ұсыныстары болады.",Әдетте қонақтарда жақсы көңілкүйде ұстау және істе ұстау үшін оларда арнайы тамақ сусын және ойын-саулық сыныстары болады.,әдетте қонақтарды жақсы көңіл күйде ұстау және іште ұстау үшін оларда арнайы тамақ сусын және ойын сауық ұсыныстары болады,әдетте қонақтарда жақсы көңілкүйде ұстау және істе ұстау үшін оларда арнайы тамақ сусын және ойын саулық сыныстары болады
1915,Гома қаласында бода-бода (мотоцикл-такси) қызметінен пайдалануыңызға болады. Қалыпты (жергілікті) бағасы қысқа сапар үшін  шамамен 500 Конго франкіне тең.,"Гома қаласында, Boda Boda мотоцикл такси қызметінен пайдалауынңын оңызға болады, қалыпты жергілікті бағасы қысқа сапар үшін шамамен 500 қонға франкине тең.",гома қаласында бода бода мотоцикл такси қызметінен пайдалануыңызға болады қалыпты жергілікті бағасы қысқа сапар үшін шамамен 500 конго франкіне тең,гома қаласында boda boda мотоцикл такси қызметінен пайдалауынңын оңызға болады қалыпты жергілікті бағасы қысқа сапар үшін шамамен 500 қонға франкине тең
1928,"1976 жылда, Мачу Пикчудың отыз пайызы қалпына келтірілді және реставрация бүгінге дейні жалғасуда.",1976 жылда матчу Пикчудың 30 пайызы қалпына келтірілді және рестабрация бүгінге дейіні жалғасуда.,1976 жылда мачу пикчудың отыз пайызы қалпына келтірілді және реставрация бүгінге дейні жалғасуда,1976 жылда матчу пикчудың 30 пайызы қалпына келтірілді және рестабрация бүгінге дейіні жалғасуда
1989,Сондай-ақ ол көп елдердің банкнота басу қалыптарын нақыштауға қатысты. Оның жақындағы жұмыс мысалдарына Канаданың жаңа $5 және $100 банкноталарындағы премьер-министр портреттері кіреді.,"Сондай-ақ ол көп елдердің банкнота басу қалыптарын нақыштауға қатысты, оның жақындағы жұмыс мысалдарына Канаданың жаңа без доллар және 100 доллар банкноталарындағы премьер-министр парттереттері кіреді.",сондай ақ ол көп елдердің банкнота басу қалыптарын нақыштауға қатысты оның жақындағы жұмыс мысалдарына канаданың жаңа 5 және 100 банкноталарындағы премьер министр портреттері кіреді,сондай ақ ол көп елдердің банкнота басу қалыптарын нақыштауға қатысты оның жақындағы жұмыс мысалдарына канаданың жаңа без доллар және 100 доллар банкноталарындағы премьер министр парттереттері кіреді
1676,"Барлық Оңтүстік Африка ұлттық саябақтарындағыдай, саябаққа кіруде экологиялық салым және кіру ақысы төленеді.",Барлық Оңтүстік Африка ұлттық саябақтарындағыдай саябаққа кіруде экологиялық салым және кіру ақысы төлінеді.,барлық оңтүстік африка ұлттық саябақтарындағыдай саябаққа кіруде экологиялық салым және кіру ақысы төленеді,барлық оңтүстік африка ұлттық саябақтарындағыдай саябаққа кіруде экологиялық салым және кіру ақысы төлінеді
1857,"Ол тағы былай деді: «дегенмен, олардан даму кезеңінен, жауапкершілігінен және мүмкіндіктерінен асатын міндеттемелерді қабылдауды сұрамау керек».","Ол тағы былай деді:「Дегенмен, олардан даму кезеңінен, жағып кершілігінен және мүмкіндіктерінен асатын міндеттемелерді қабылдауды сұрамау керек».",ол тағы былай деді дегенмен олардан даму кезеңінен жауапкершілігінен және мүмкіндіктерінен асатын міндеттемелерді қабылдауды сұрамау керек,ол тағы былай деді дегенмен олардан даму кезеңінен жағып кершілігінен және мүмкіндіктерінен асатын міндеттемелерді қабылдауды сұрамау керек
1761,Кейінірек дәретханаға сұранған егде жастағы әйелдің орнын фотографтар алмастырды. Мендоза атып тасталынды.,Кейінірек дәретханаға сұраңған егде жостағы әйелдің орнын фотографтар алмастырды мен доса атып тасталымды.,кейінірек дәретханаға сұранған егде жастағы әйелдің орнын фотографтар алмастырды мендоза атып тасталынды,кейінірек дәретханаға сұраңған егде жостағы әйелдің орнын фотографтар алмастырды мен доса атып тасталымды
1831,"Плитвиц көлдері ұлттық паркін қалың орман жапқан. Орман негізінен қайың, шырша және майқарағай ағаштарынан тұрады. Орманда альпылық және жерортатеңіздік өсімдіктер аралас өседі.","Флидвикс көлдері Ұлттық паркын қалын орман жапқан. Орман негізінен қайын, шырша және майқарағай ағаштарынан тұрады. Орманда аліпылық және жерурта теңіздік өсімдіктер араласы өседі.",плитвиц көлдері ұлттық паркін қалың орман жапқан орман негізінен қайың шырша және майқарағай ағаштарынан тұрады орманда альпылық және жерортатеңіздік өсімдіктер аралас өседі,флидвикс көлдері ұлттық паркын қалын орман жапқан орман негізінен қайын шырша және майқарағай ағаштарынан тұрады орманда аліпылық және жерурта теңіздік өсімдіктер араласы өседі
1904,"Дегенмен, баяу коммуникация арналарына байланысты, батыстағы стильдер 25-30 жылға қалып отырады.",Дегенмен баяу коммуникация арналарына байланысты батыстағы стильдер 25-30 жылға қалып отырады.,дегенмен баяу коммуникация арналарына байланысты батыстағы стильдер 25 30 жылға қалып отырады,дегенмен баяу коммуникация арналарына байланысты батыстағы стильдер 25 30 жылға қалып отырады
1915,Гома қаласында бода-бода (мотоцикл-такси) қызметінен пайдалануыңызға болады. Қалыпты (жергілікті) бағасы қысқа сапар үшін  шамамен 500 Конго франкіне тең.,"Гома қаласында бода-бода, мотосикл такси қызметінен пайдалануыңызға болады, қалыпты жергілікті бағасы қысқа саппар үшін шамамен 500 Гонга Франкнеттиң.",гома қаласында бода бода мотоцикл такси қызметінен пайдалануыңызға болады қалыпты жергілікті бағасы қысқа сапар үшін шамамен 500 конго франкіне тең,гома қаласында бода бода мотосикл такси қызметінен пайдалануыңызға болады қалыпты жергілікті бағасы қысқа саппар үшін шамамен 500 гонга франкнеттиң
1826,"Апаттан соң Гибсон ауруханаға жеткізілді, бірақ аз уақыт өтпей қайтыс болды.","Абаттан соң Гипсон ауруханаға жеткізілді, бірақ аз уақыт өтпе қайтыс болды.",апаттан соң гибсон ауруханаға жеткізілді бірақ аз уақыт өтпей қайтыс болды,абаттан соң гипсон ауруханаға жеткізілді бірақ аз уақыт өтпе қайтыс болды
1872,Мау қозғалысы ұйымдастырған тәуелсіздік үшін күрес кезінде қаладағы бейбіт жиналыс нәтижесінде жоғары дәрежелі көсем Тупуа Тамасесе Леалофи III өліміне әкеліп соқты.,"Мау қазғалсы ұйымдастырған тәуелсіздік үшін күріс кезінде қаладағы бейбіт жиналыс нәтижесінде жоғары дәріжерілі көсем, тупуа, тамасеса, леология үшінші өлімінен әкеліп соқты.",мау қозғалысы ұйымдастырған тәуелсіздік үшін күрес кезінде қаладағы бейбіт жиналыс нәтижесінде жоғары дәрежелі көсем тупуа тамасесе леалофи iii өліміне әкеліп соқты,мау қазғалсы ұйымдастырған тәуелсіздік үшін күріс кезінде қаладағы бейбіт жиналыс нәтижесінде жоғары дәріжерілі көсем тупуа тамасеса леология үшінші өлімінен әкеліп соқты
1908,Бұл – кейбір етістіктер мен толықтауыштарды ажыратудың маңызды жолы.,Бұл кейбір етістіктер мен толықтауыштарды ажыратудың маңызды жола.,бұл кейбір етістіктер мен толықтауыштарды ажыратудың маңызды жолы,бұл кейбір етістіктер мен толықтауыштарды ажыратудың маңызды жола
1740,Пирамида дыбыс және жарық шоуы балаларға арналған аумақтағы ең қызық нәрселердің бірі болып табылады.,Пирамида — дыбыс және жарық шоуы балаларға арналғанын аумақтағы ең қызық нәселердің бірі болып табылады.,пирамида дыбыс және жарық шоуы балаларға арналған аумақтағы ең қызық нәрселердің бірі болып табылады,пирамида дыбыс және жарық шоуы балаларға арналғанын аумақтағы ең қызық нәселердің бірі болып табылады
1837,Реконструкция әрекеттерін либералдық сынау реконструкция келісімшарттарын солай деп саналатын Вашингтон инсайдерлеріне беруге баса көңіл бөлді.,Реконструкция әрекеттерін либералдық сынау реконструкция келімсі жағыкс-келесім шарттарын солай деп саналатын Вашинктон инсайдерлеріне беруге баса көңіл бөлді.,реконструкция әрекеттерін либералдық сынау реконструкция келісімшарттарын солай деп саналатын вашингтон инсайдерлеріне беруге баса көңіл бөлді,реконструкция әрекеттерін либералдық сынау реконструкция келімсі жағыкс келесім шарттарын солай деп саналатын вашинктон инсайдерлеріне беруге баса көңіл бөлді
1978,«Спрингбокс» үшін бұл қатара бес ойындық жеңіліспен аяқталды.,Спринг-бокс үшін бұл қатара бес ойындық жеңіліспен аяқталды.,спрингбокс үшін бұл қатара бес ойындық жеңіліспен аяқталды,спринг бокс үшін бұл қатара бес ойындық жеңіліспен аяқталды
1987,Апат биік таулы жерлерде орын алған және дұшпандық мағынадағы өрттің салдарынан болған деп болжануда.,Апат биек тәулы жерлерде орын алған және дұшпандық мағынын ағдағы өрттің салдарынан болған деп болжалынды.,апат биік таулы жерлерде орын алған және дұшпандық мағынадағы өрттің салдарынан болған деп болжануда,апат биек тәулы жерлерде орын алған және дұшпандық мағынын ағдағы өрттің салдарынан болған деп болжалынды
1848,Кеше Түркияның Газиантеп қаласындағы полиция штаб-пәтерінде бомба қойылған көлік жарылысы нәтижесінде екі полиция қызметкері қаза тапты және жиырмадан артық адам жарақат алды.,"Кеше, Туркияның газион теп қаласындағы полиция штаб пәтерінде бомба қоюған көлік жарылысы нәтижесінде екі полиция қызметкері қаза тапты және жиірмадан артық адам жарақат алды.",кеше түркияның газиантеп қаласындағы полиция штаб пәтерінде бомба қойылған көлік жарылысы нәтижесінде екі полиция қызметкері қаза тапты және жиырмадан артық адам жарақат алды,кеше туркияның газион теп қаласындағы полиция штаб пәтерінде бомба қоюған көлік жарылысы нәтижесінде екі полиция қызметкері қаза тапты және жиірмадан артық адам жарақат алды
1720,"Ыстық шоколад Бельгия стандарттарына сәйкес келеді. Жеміс шырындары қымбат болғанымен, бірақ өте керемет.","Астық шығалат Бельгия стандарттарына сәйкес келеді. Жеміс шырындары қымбат болғанымен, бірақ өте керемет.",ыстық шоколад бельгия стандарттарына сәйкес келеді жеміс шырындары қымбат болғанымен бірақ өте керемет,астық шығалат бельгия стандарттарына сәйкес келеді жеміс шырындары қымбат болғанымен бірақ өте керемет
1955,"Шашыраңқы склероз – ми, жұлын және ми жүйкесінен тұратын орталық жүйке жүйесіне әсер ететін ауру.",Шашыранқы скелероз ми жұлын және ми жүйкесінен тұратын орталық жүйке жүйесіне әсер ететінін ауру.,шашыраңқы склероз ми жұлын және ми жүйкесінен тұратын орталық жүйке жүйесіне әсер ететін ауру,шашыранқы скелероз ми жұлын және ми жүйкесінен тұратын орталық жүйке жүйесіне әсер ететінін ауру
1809,"Жолдарды орнында ұстау үшін шпалдар айтарлықтай ерте енгізілді. Алайда, бірте-бірте, жолдың үстінде темір бөлік болса, жолдар тиімдірек болатыны түсінілді.","Жолдарды орнында ұстау үшін шпалдар айтарлықтай ерте енгізілді, алайда бірте бірте жолтың үстінде темір бөлік болса, жолдар тиімдірек полатыны түсінілді.",жолдарды орнында ұстау үшін шпалдар айтарлықтай ерте енгізілді алайда бірте бірте жолдың үстінде темір бөлік болса жолдар тиімдірек болатыны түсінілді,жолдарды орнында ұстау үшін шпалдар айтарлықтай ерте енгізілді алайда бірте бірте жолтың үстінде темір бөлік болса жолдар тиімдірек полатыны түсінілді
1775,"Бейне жазып алуды пайдалану бірнеше миллисекунд жалғасатын микро қимылдарды, бет бұлшық еттерінің қимылдарын түсіндіруде маңызды жаңалықтардың ашылуына себеп болды.",Бейне жазып алуды пайдалану бірнеше меле секунд жалғасатын микро қымылдарды бейт бұл шық еттерінің қимылдарын түсіндіруде маңызды жаңалықтардың ашылуына себеп болды.,бейне жазып алуды пайдалану бірнеше миллисекунд жалғасатын микро қимылдарды бет бұлшық еттерінің қимылдарын түсіндіруде маңызды жаңалықтардың ашылуына себеп болды,бейне жазып алуды пайдалану бірнеше меле секунд жалғасатын микро қымылдарды бейт бұл шық еттерінің қимылдарын түсіндіруде маңызды жаңалықтардың ашылуына себеп болды
1697,"Ол ауырғанды басатын қажет дәрі-дәрмектерді қабылдай алмады, өйткені олар Ойындарға қатысушылар үшін рұқсат етілмейді.","Ол ауырғанды басатын қажет-дәрі дәрмектерді қабылдай алмады, өйткені олар ойындарға қатысушылар үшін рұқсат етілмейді.",ол ауырғанды басатын қажет дәрі дәрмектерді қабылдай алмады өйткені олар ойындарға қатысушылар үшін рұқсат етілмейді,ол ауырғанды басатын қажет дәрі дәрмектерді қабылдай алмады өйткені олар ойындарға қатысушылар үшін рұқсат етілмейді
1966,Комиссия қазан айында басталған кең тараған режимге қарсы наразылықтарға Мартеллидің жауабы болды.,Комиссия қазаң айында басталған кең тараған режимге қарсы наразылықтарғы Мартеллидің жауабы болды.,комиссия қазан айында басталған кең тараған режимге қарсы наразылықтарға мартеллидің жауабы болды,комиссия қазаң айында басталған кең тараған режимге қарсы наразылықтарғы мартеллидің жауабы болды
1768,Кешеннің жиектеріндегі ғимараттардың көпшілігі туристерге басында қалай пайда болғаны туралы жақсырақ түсінік беру үшін қайта соғылды.,Кешенің жектеріндегі ғимараттардың көпшілігі туристерке басында қалай пайда болғанын туралы жақсырақ сүнік беру үшін қайта соғылды.,кешеннің жиектеріндегі ғимараттардың көпшілігі туристерге басында қалай пайда болғаны туралы жақсырақ түсінік беру үшін қайта соғылды,кешенің жектеріндегі ғимараттардың көпшілігі туристерке басында қалай пайда болғанын туралы жақсырақ сүнік беру үшін қайта соғылды
1933,"Әрі-беріден соң, мұнда көптеген кішкентай мысықтар (соның ішінде жоғалған үй мысықтары) бар. Олар құрт-құмырсқа, кеміргіштер, кесіртке сияқты көптеген шағын жыртқыш аңдарды және құстарды жейді.","Әрберден соң, мұнда көптеген кішкент аймысықтар, соның ішінде жоғалған аймысықтара бар. Олар қорыт құмырсқа, кеміргіштер, кесіртке, сияқты көптеген шағын жыртқы шағындарды және құстарды жейді.",әрі беріден соң мұнда көптеген кішкентай мысықтар соның ішінде жоғалған үй мысықтары бар олар құрт құмырсқа кеміргіштер кесіртке сияқты көптеген шағын жыртқыш аңдарды және құстарды жейді,әрберден соң мұнда көптеген кішкент аймысықтар соның ішінде жоғалған аймысықтара бар олар қорыт құмырсқа кеміргіштер кесіртке сияқты көптеген шағын жыртқы шағындарды және құстарды жейді
1665,Жылыстаған мәліметтерге сәйкес құжат 1967 жылғы Таяу Шығыс соғысына дейінгі шекаралары негізінде Палестина қалайтын шекаралар дауына қатысты болады.,Жылыстаған мәліметтерге сәйкес құжат 1967 жылғы Таяушығыс соғысына дейінгі шекаралар негізінде Полестина қалайтын шекаралар дауына қатысты болады.,жылыстаған мәліметтерге сәйкес құжат 1967 жылғы таяу шығыс соғысына дейінгі шекаралары негізінде палестина қалайтын шекаралар дауына қатысты болады,жылыстаған мәліметтерге сәйкес құжат 1967 жылғы таяушығыс соғысына дейінгі шекаралар негізінде полестина қалайтын шекаралар дауына қатысты болады
1832,"Танымал спорт түрлеріне футбол, баскетбол, волейбол, су полосы, семсерлесу, регби, велоспорт, шайбалы хоккей, роликті хоккей және F1 автоспорты кіреді.","Танымал спорт түрлеріне футбол, баскетбол, валибол, су боласы семсерлесу, регби, виласпорт, шайбалық айкей, роликті хайкей және F1 автоспорты кіреді.",танымал спорт түрлеріне футбол баскетбол волейбол су полосы семсерлесу регби велоспорт шайбалы хоккей роликті хоккей және f1 автоспорты кіреді,танымал спорт түрлеріне футбол баскетбол валибол су боласы семсерлесу регби виласпорт шайбалық айкей роликті хайкей және f1 автоспорты кіреді
1662,Қорытпалар негізінен екі немесе одан да көп металдардың қоспасы болып табылады. Периодты кестеде көптеген элементтер бар екенін ұмытпаңыз.,Қорытпалар негізінен екі немесе одан да көп металдардың қоспасы болып табылады. Периодты кестеде көптеген элементтер бар екенін ұмытпаңыз.,қорытпалар негізінен екі немесе одан да көп металдардың қоспасы болып табылады периодты кестеде көптеген элементтер бар екенін ұмытпаңыз,қорытпалар негізінен екі немесе одан да көп металдардың қоспасы болып табылады периодты кестеде көптеген элементтер бар екенін ұмытпаңыз
1959,"Бәрібір билік органдарынан кеңес алыңыз, барлық белгілерді ескеріңіз және қауіпсіздік туралы ескертулерге ерекше көңіл бөліңіз.","Бәрібір билік органдарынан кеңес алыңыз, барлық белгілерді ескеріңіз және қауіпсіздік туралы ескер төлерге ерекше көңіл бөліңіз.",бәрібір билік органдарынан кеңес алыңыз барлық белгілерді ескеріңіз және қауіпсіздік туралы ескертулерге ерекше көңіл бөліңіз,бәрібір билік органдарынан кеңес алыңыз барлық белгілерді ескеріңіз және қауіпсіздік туралы ескер төлерге ерекше көңіл бөліңіз
1790,"Оның жұмысы соншалықты танылған сапалы және егжей-тегжейлі болғандықтан, филателистер арасында өте аз «үй иелері атауларының » бірі болып есептеледі. Кейбіреулер өзінің жұмысын жалғыздықта жинауға маманданған.","Оның жұмысы соншалықты танылған сапалы және екжи тек жері болғандықтан, филотилестер арасында өте аз үй иелері атауларының бірі болып есептеледі. Кейбіреулер өзінің жұмысын жағыздықта жинауға маманданған.",оның жұмысы соншалықты танылған сапалы және егжей тегжейлі болғандықтан филателистер арасында өте аз үй иелері атауларының бірі болып есептеледі кейбіреулер өзінің жұмысын жалғыздықта жинауға маманданған,оның жұмысы соншалықты танылған сапалы және екжи тек жері болғандықтан филотилестер арасында өте аз үй иелері атауларының бірі болып есептеледі кейбіреулер өзінің жұмысын жағыздықта жинауға маманданған
1782,Сондай-ақ әр династиялар арасында бөлінген провинциялардың тұрақсыз дәуірі болды. Осы кезеңдердің ең танымалсы — Хань мен Цзинь династияларының арасында 60 жыл бойы болған Үш патшалық дәуірі еді.,"Сондай-ақ әр династиялар арасында бөлінген провинциялардың тұрақсыз дәуірі болды. Осы кезеңдердің ең танымалсы, Ханмен Цзинь династияларының арасында 60 шыл бойы болған үш патшалық дәуір еді.",сондай ақ әр династиялар арасында бөлінген провинциялардың тұрақсыз дәуірі болды осы кезеңдердің ең танымалсы хань мен цзинь династияларының арасында 60 жыл бойы болған үш патшалық дәуірі еді,сондай ақ әр династиялар арасында бөлінген провинциялардың тұрақсыз дәуірі болды осы кезеңдердің ең танымалсы ханмен цзинь династияларының арасында 60 шыл бойы болған үш патшалық дәуір еді
1883,"Көпір астындағы тік аралық 15 метрді құрайды. Құрылыс 2011 жылдың тамыз айында аяқталды, ол 2017 жылдың наурыз айына дейін жол қозғалысына ашылмады.",Көпір астындағаттық аралық 15 метрді құрайды. Құрлас 2011 жылдың тамыз айында аяқталды. Ол 2017 жылдың наурыз айына дейін жол қозғалысына ашылмады.,көпір астындағы тік аралық 15 метрді құрайды құрылыс 2011 жылдың тамыз айында аяқталды ол 2017 жылдың наурыз айына дейін жол қозғалысына ашылмады,көпір астындағаттық аралық 15 метрді құрайды құрлас 2011 жылдың тамыз айында аяқталды ол 2017 жылдың наурыз айына дейін жол қозғалысына ашылмады
1690,"USOC ұйымының атлеттердің және клубтардың әрі олардың спорт түрлерінің мүдделеріне лицензиядан айыру орнына, ұйымымызда мағыналы өзгеріс жасау арқылы жақсырақ қызмет көрсетуге болатынымен келіседі.",USOC ұйымының атлеттердің және клубтардың әрі олардың спорт түрлерінің мүдделеріне пет сензиядан айру орнына ұйымымызда мағыналы өзгеріс жасау арқылы жақсырақ қызмет көрсетуге болатынымен келіседі.,usoc ұйымының атлеттердің және клубтардың әрі олардың спорт түрлерінің мүдделеріне лицензиядан айыру орнына ұйымымызда мағыналы өзгеріс жасау арқылы жақсырақ қызмет көрсетуге болатынымен келіседі,usoc ұйымының атлеттердің және клубтардың әрі олардың спорт түрлерінің мүдделеріне пет сензиядан айру орнына ұйымымызда мағыналы өзгеріс жасау арқылы жақсырақ қызмет көрсетуге болатынымен келіседі
1747,Жолдас балуандар да Лунаға құрмет көрсетті.,Жолдаз балуандар да Лунаға құрмет көрсетті.,жолдас балуандар да лунаға құрмет көрсетті,жолдаз балуандар да лунаға құрмет көрсетті
1798,"Алғашқы күндері шоу тек ұзақ уақыттан бері жұмыс істеп келе жатқан TogiNet Radio интернет радиосында, сөйлесу радиосына негізделген сайтта өткен.","Алғашқы күндері шоу тек ұзақ уақыттан бері жұңыс істеп келе жатқан Тогенет радио, интернет радиосында, сөйлесу радиосында негізделген сайтта өткен.",алғашқы күндері шоу тек ұзақ уақыттан бері жұмыс істеп келе жатқан toginet radio интернет радиосында сөйлесу радиосына негізделген сайтта өткен,алғашқы күндері шоу тек ұзақ уақыттан бері жұңыс істеп келе жатқан тогенет радио интернет радиосында сөйлесу радиосында негізделген сайтта өткен
1951,"2002 жылы Гома қаласының көптеген көшелерін, әсіресе қала орталығындағы көшелері Нирагонго жанартауынан аққан лавамен жойылды.",2012 жылы Гома қаласындағы көптеген көшелерін нәсіресі қала орталғындағы көшелері Нирагонға жанартауынан Аққанлабымен жәйелді.,2002 жылы гома қаласының көптеген көшелерін әсіресе қала орталығындағы көшелері нирагонго жанартауынан аққан лавамен жойылды,2012 жылы гома қаласындағы көптеген көшелерін нәсіресі қала орталғындағы көшелері нирагонға жанартауынан аққанлабымен жәйелді
2003,"Гонконгтың ең жақсы көрінісін тамашалау үшін аралдан шығып, Коулун жағалауына қарай бет бұрыңыз.","Гонконгтің ең жақсы көрінісін тамашалау үшін аралдан шығып, коулун жағалауына қарай бет бұрыңыз.",гонконгтың ең жақсы көрінісін тамашалау үшін аралдан шығып коулун жағалауына қарай бет бұрыңыз,гонконгтің ең жақсы көрінісін тамашалау үшін аралдан шығып коулун жағалауына қарай бет бұрыңыз
1976,"Орташа деңгейдегі батсмендер - Сачин Тендулкар мен Рахул Дравид жақсы өнер көрсетіп, жүздеген серіктестік қатынас жасады.","Орташа деңгейдегі батысмендер сачин тендолкар мен рахол дровид жақсу өнер көрсетіп, жүздеген серіктестік қатынас жасады.",орташа деңгейдегі батсмендер сачин тендулкар мен рахул дравид жақсы өнер көрсетіп жүздеген серіктестік қатынас жасады,орташа деңгейдегі батысмендер сачин тендолкар мен рахол дровид жақсу өнер көрсетіп жүздеген серіктестік қатынас жасады
1884,Атап айтқанда адамның бетіндегі микро өзгерістерді түсіндіру арқылы оның өтірік айтуын анықтауға болады.,Атап айтқанда адамның бетіндегі микро өзгерстерді түзіндіру арқылы оның өттірік айтуын анықтауға болады.,атап айтқанда адамның бетіндегі микро өзгерістерді түсіндіру арқылы оның өтірік айтуын анықтауға болады,атап айтқанда адамның бетіндегі микро өзгерстерді түзіндіру арқылы оның өттірік айтуын анықтауға болады
1842,"Динозавр қауырсынында рахис деп аталатын жақсы дамыған білік жоқ, бірақ қауырсынның басқа ерекшеліктері бар — кертіктер мен шоқша сақалдар — зерттеушілер рахис туралы олардың кейінірек эволюциялық болған деген қорытындыға келді.","Динозабр қауырсынында рахистеп аталатын жақсы дамыған білік жоқ, бірақ қауырсынының басқа ерекшеліктері бір. Кертіктер мен шоқша сақалдар, зерттеушілер рахис туралы олардың кейінірек эволюциялық болған деген қортынындыға еледі.",динозавр қауырсынында рахис деп аталатын жақсы дамыған білік жоқ бірақ қауырсынның басқа ерекшеліктері бар кертіктер мен шоқша сақалдар зерттеушілер рахис туралы олардың кейінірек эволюциялық болған деген қорытындыға келді,динозабр қауырсынында рахистеп аталатын жақсы дамыған білік жоқ бірақ қауырсынының басқа ерекшеліктері бір кертіктер мен шоқша сақалдар зерттеушілер рахис туралы олардың кейінірек эволюциялық болған деген қортынындыға еледі
1669,"Полиция басшысы Чандра Шехар Соланкидің айтуынша, сотталушылар сотта беттерін жауып қатысқан.","Полиция башшысы Чандра Шехар соланкидің айтуынша, сотта ұшылар, сотта беттерін жауып қатысқан.",полиция басшысы чандра шехар соланкидің айтуынша сотталушылар сотта беттерін жауып қатысқан,полиция башшысы чандра шехар соланкидің айтуынша сотта ұшылар сотта беттерін жауып қатысқан
1847,Оны Сингапур премьер-министрінің орынбасары Вонг Кан Сенг күтіп алды және ол Сингапурдың премьер-министрі Ли Сьен Лунмен сауда және терроризм мәселелерін талқылады.,Оны Сингапур премьер-министрінің орын басары Вонг Канцчанк күтіп алды және ол Сингапурдың премьер-министрі Лиссион Лунмен сауда және терроризм мәселілерін талқылады.,оны сингапур премьер министрінің орынбасары вонг кан сенг күтіп алды және ол сингапурдың премьер министрі ли сьен лунмен сауда және терроризм мәселелерін талқылады,оны сингапур премьер министрінің орын басары вонг канцчанк күтіп алды және ол сингапурдың премьер министрі лиссион лунмен сауда және терроризм мәселілерін талқылады
1666,"Сондай-ақ өзіңіздікінен басқа үкіметтерден кеңес алғыңыз келуі мүмкін, бірақ олардың кеңесі өз азаматтарына арналған.","Сондай-ақ өзіңіздікінен басқа үкіметтерден кеңес алғыңыз келуі мүмкін, бірақ олардың кеңесі өз азаматтарына арналған.",сондай ақ өзіңіздікінен басқа үкіметтерден кеңес алғыңыз келуі мүмкін бірақ олардың кеңесі өз азаматтарына арналған,сондай ақ өзіңіздікінен басқа үкіметтерден кеңес алғыңыз келуі мүмкін бірақ олардың кеңесі өз азаматтарына арналған
1867,Өсімдіктер адамдар тыныстайтын оттегіні жасайды және адамдар тыныспен шығаратын көміртегі диоксидін сіңіреді.,Өсімдіктер адамдар тыныстайтын оттегіні жасайды және адамдар тыныспен шығаратын көміртегі диаксидін сіңіреді.,өсімдіктер адамдар тыныстайтын оттегіні жасайды және адамдар тыныспен шығаратын көміртегі диоксидін сіңіреді,өсімдіктер адамдар тыныстайтын оттегіні жасайды және адамдар тыныспен шығаратын көміртегі диаксидін сіңіреді
1970,"Нақты білмесек те, оның тілі айыр болған болуы мүмкін. Оның диетасына мыналар кірген: тасбақалар, үлкен балық, басқа мозазаврлар кіреді. Ол тіпті каннибал болған болуы да мүмкін.","Нақты білмесекте оның тілі айыр болған болуы мүмкін. Оның де тәсінамналар кірген, таспақалар үлкен балық басқа мазаз азырлар кіреді, ол тіпті коньивал болған болуды мүмкін.",нақты білмесек те оның тілі айыр болған болуы мүмкін оның диетасына мыналар кірген тасбақалар үлкен балық басқа мозазаврлар кіреді ол тіпті каннибал болған болуы да мүмкін,нақты білмесекте оның тілі айыр болған болуы мүмкін оның де тәсінамналар кірген таспақалар үлкен балық басқа мазаз азырлар кіреді ол тіпті коньивал болған болуды мүмкін
1784,"Гренландия халқы сирек қоныстанды. Норвегиялық дастандарда олар Қызыл Эрик адам өлтіргені үшін Исландиядан қуылған, одан әрі батысқа қарай сапар шеккенде Гренландияны тауып, оны Гренландия деп атаған дейді.","Гренландия халқы Сирек қоныстанды, Норвегиялық тастандарда олар қызыл Эрик адам өлтірген үшін Исландиядан қуылған, одан әрі батысқа қарай сапаршеккенде Гренландияны тауып, оны Гренландия деп атаған дейді.",гренландия халқы сирек қоныстанды норвегиялық дастандарда олар қызыл эрик адам өлтіргені үшін исландиядан қуылған одан әрі батысқа қарай сапар шеккенде гренландияны тауып оны гренландия деп атаған дейді,гренландия халқы сирек қоныстанды норвегиялық тастандарда олар қызыл эрик адам өлтірген үшін исландиядан қуылған одан әрі батысқа қарай сапаршеккенде гренландияны тауып оны гренландия деп атаған дейді
1772,Осылайша нотация жай ғана белгі ретінде қосылған болуы мүмкін.,Усылайша нотация жай ғана белгі ретінде қосылған болуы мүмкін.,осылайша нотация жай ғана белгі ретінде қосылған болуы мүмкін,усылайша нотация жай ғана белгі ретінде қосылған болуы мүмкін
1727,Баспанасыз балалар тастап кеткенге немесе қашып кеткенге дейін балаларға қарсы зорлық-зомбылықты көрген немесе жанжарақатын алған болуы мүмкін.,"Бас панасыз балалар тастап кеткенге немесе қашып кеткенде дейін балаларға қарсы, зорлық зонбылықты көрген немесе жанжарлықты алған болуы мүмкін.",баспанасыз балалар тастап кеткенге немесе қашып кеткенге дейін балаларға қарсы зорлық зомбылықты көрген немесе жанжарақатын алған болуы мүмкін,бас панасыз балалар тастап кеткенге немесе қашып кеткенде дейін балаларға қарсы зорлық зонбылықты көрген немесе жанжарлықты алған болуы мүмкін
1706,"Дәстүрлірек шіркеулер Пасха демалыс күндері сенбі түні пасхалық таңғы ғибадатты өткізеді, жиналыстар жиі түн ортасында Мәсіхтің қайта тірілуін мерекелеуге айналады.","Дәс түрліірек шіркеулер пасқа демалыс күндері сенбі түні пасқалық таңғы ғибадатты өткізеді, жиналыстар жиі түн ортасында мәсіқтің қайта тірлуін мерекелеуге айналады.",дәстүрлірек шіркеулер пасха демалыс күндері сенбі түні пасхалық таңғы ғибадатты өткізеді жиналыстар жиі түн ортасында мәсіхтің қайта тірілуін мерекелеуге айналады,дәс түрліірек шіркеулер пасқа демалыс күндері сенбі түні пасқалық таңғы ғибадатты өткізеді жиналыстар жиі түн ортасында мәсіқтің қайта тірлуін мерекелеуге айналады
1930,"Алты тұтқын, соның ішінде балалар және қариялар, сонымен бірге филиппиндік фотографтар ерте жіберілді.","Алты тұтқын, соның ішінде балалар және қариялар, сонымен бірге пилипиндік фотографтар ерде жіберілді.",алты тұтқын соның ішінде балалар және қариялар сонымен бірге филиппиндік фотографтар ерте жіберілді,алты тұтқын соның ішінде балалар және қариялар сонымен бірге пилипиндік фотографтар ерде жіберілді
1882,"Ғалымдар ғаламшарлар, әсіресе, жер қалай құралғанын түсінеміз деп үміттенеді, өйткені кометалар жермен ұзақ уақыт бұрын соқтығысқан.","Ғалымдар, ғаламшарлар әсір-әсер жер қалай құралғанын түзіне мүздеп үміттенеді, өйткені кометалар жермен ұзақ уақыт бұрын соқтықысқан.",ғалымдар ғаламшарлар әсіресе жер қалай құралғанын түсінеміз деп үміттенеді өйткені кометалар жермен ұзақ уақыт бұрын соқтығысқан,ғалымдар ғаламшарлар әсір әсер жер қалай құралғанын түзіне мүздеп үміттенеді өйткені кометалар жермен ұзақ уақыт бұрын соқтықысқан
1936,"Пэрри түнгі сайлау алды жиналысының нәтижелерін бағалау үшін Техасқа оралатынын, өзі үшін осы жарыста алға жүретін жол бар-жоғын анықтайтынын мәлімдеді, бірақ кейінірек жарыста қалатынын және 21 қаңтардағы Оңтүстік Каролинадағы бастапқы сайлауға қатысатынын айтты.","Перри түңгі сайлау алды жиналысының нәтижелерін бағалау үшін текасқа оралатынын, өзі үшін осы жарыста алға жүретін жол бар жоғын анықтайтын мәлімдеді, бірақ кейінірек жарыста қалатын және 21 қаңтардағы оңысты Каралинадағы бастапқы сайлауға қатысатынын айтты.",пэрри түнгі сайлау алды жиналысының нәтижелерін бағалау үшін техасқа оралатынын өзі үшін осы жарыста алға жүретін жол бар жоғын анықтайтынын мәлімдеді бірақ кейінірек жарыста қалатынын және 21 қаңтардағы оңтүстік каролинадағы бастапқы сайлауға қатысатынын айтты,перри түңгі сайлау алды жиналысының нәтижелерін бағалау үшін текасқа оралатынын өзі үшін осы жарыста алға жүретін жол бар жоғын анықтайтын мәлімдеді бірақ кейінірек жарыста қалатын және 21 қаңтардағы оңысты каралинадағы бастапқы сайлауға қатысатынын айтты
1903,"Барлық қолжетімді ресурстар ұйымның функционалдық бөлімдерінде тиімді пайдаланылғанда, жасампаздық пен өнертапқыштық бола алады.",Бардық қолжетімді ресурстар ұйымының функциалдық бөлімдеріне тиімді пайдаланғанында жаспамаздық пен өнертапқышдық бола алады.,барлық қолжетімді ресурстар ұйымның функционалдық бөлімдерінде тиімді пайдаланылғанда жасампаздық пен өнертапқыштық бола алады,бардық қолжетімді ресурстар ұйымының функциалдық бөлімдеріне тиімді пайдаланғанында жаспамаздық пен өнертапқышдық бола алады
1906,«Бұл қоштасу болайын деп тұрған жоқ. Бұл — бір тараудың жабылуы және жаңасының ашылуы».,Бұл қоштасы болайын деп тұрған жоқ. Бұл бір тараудың жабылуы және жаңасының ашылуы.,бұл қоштасу болайын деп тұрған жоқ бұл бір тараудың жабылуы және жаңасының ашылуы,бұл қоштасы болайын деп тұрған жоқ бұл бір тараудың жабылуы және жаңасының ашылуы
1773,Ұйқының үзілуі — қалыпты ұйқы кезеңінде мақсатпен оянудың және кейінірек қысқа уақытқа (10-60 минут) ұйықтау процесі.,Ойқынның үзілуі қалыпты ойқы кезініңде мақсатпен ойаннудың және кейінірек қысқа уақытқа 10-60 минут ойықтау процесі.,ұйқының үзілуі қалыпты ұйқы кезеңінде мақсатпен оянудың және кейінірек қысқа уақытқа 10 60 минут ұйықтау процесі,ойқынның үзілуі қалыпты ойқы кезініңде мақсатпен ойаннудың және кейінірек қысқа уақытқа 10 60 минут ойықтау процесі
1878,Шіркеудің орталық билігі мың жылдар бойы Римде болған және бұл қуат пен ақшаның шоғырлануы көп адамдарда бұл принциптің ұсталынып жатқаны туралы сұрақтың туындауына әкелді.,Шіркеудің орталық билігі 1000 жылдар бойы римде болған және бұл қуат пен ақшаның шоғырлануы көп адамдарды бұл принциптің ұсталынып жатқан туралы сырақтың туындауына әкелді.,шіркеудің орталық билігі мың жылдар бойы римде болған және бұл қуат пен ақшаның шоғырлануы көп адамдарда бұл принциптің ұсталынып жатқаны туралы сұрақтың туындауына әкелді,шіркеудің орталық билігі 1000 жылдар бойы римде болған және бұл қуат пен ақшаның шоғырлануы көп адамдарды бұл принциптің ұсталынып жатқан туралы сырақтың туындауына әкелді
1835,"Цунами туралы ескерту берілмеді және Джакартаның геофизика агенттігінің деректеріне сай, цунами туралы ескерту берілмейді, өйткені жер сілкінісі 6,5 магнитудасы талабына сай болмады.","Цунами туралы ескертуі берілмеді және Жакартаның геофизгі агенттігінің деректеріне сай, цунами туралы ескертуі берілмейді, өйткені жер сілкінісі, алтыдаль ес магнитуда сұталабына сай болмады.",цунами туралы ескерту берілмеді және джакартаның геофизика агенттігінің деректеріне сай цунами туралы ескерту берілмейді өйткені жер сілкінісі 6 5 магнитудасы талабына сай болмады,цунами туралы ескертуі берілмеді және жакартаның геофизгі агенттігінің деректеріне сай цунами туралы ескертуі берілмейді өйткені жер сілкінісі алтыдаль ес магнитуда сұталабына сай болмады
1687,Сегрегация және рекомбинация әр буында екі пул арасында вариацияларды араластырып отырады.,Сиггигация және рекомбинация әрбуында-2 пол арасында вариацияларды арарастырып отырады.,сегрегация және рекомбинация әр буында екі пул арасында вариацияларды араластырып отырады,сиггигация және рекомбинация әрбуында 2 пол арасында вариацияларды арарастырып отырады
1695,"Қарапайым танымал түскі ас, әсіресе жазда – Па амб Оли: зәйтүн майы, қызанақ және ірімшік, тунец, т.б. сияқты кез келген қолжетімді дәмдеуіштер қосылған нан.","Қарапайым танымал түскі ас әсіресе жазды Pai Amp Oli «зәйтінін-зәйтін» байы, қызанақ және үрмшік, тунитс тағыбар сқалары, сияқты кез келген қоз жетімді демдеуіштер қосылғаннан.",қарапайым танымал түскі ас әсіресе жазда па амб оли зәйтүн майы қызанақ және ірімшік тунец т б сияқты кез келген қолжетімді дәмдеуіштер қосылған нан,қарапайым танымал түскі ас әсіресе жазды pai amp oli зәйтінін зәйтін байы қызанақ және үрмшік тунитс тағыбар сқалары сияқты кез келген қоз жетімді демдеуіштер қосылғаннан
1765,"1537 жылы Асунсьон қаласының негізі салынғаннан бастап, Парагвай өзінің көптеген түпкілікті сипаты мен өзіндік ерекшелігін сақтай білді.","1573 жығы Асуань Сион қаласының негізгі салынған бастап, Парагвай өзінің көптеген түпкілікті сипатты мен өзіндік ерекшілігін сақтай білді.",1537 жылы асунсьон қаласының негізі салынғаннан бастап парагвай өзінің көптеген түпкілікті сипаты мен өзіндік ерекшелігін сақтай білді,1573 жығы асуань сион қаласының негізгі салынған бастап парагвай өзінің көптеген түпкілікті сипатты мен өзіндік ерекшілігін сақтай білді
1816,"Үйленген, екі ересек баласы бар Дюваль хикаяны тыңдаған Миллерге үлкен әсер қалдырмады.",Үйленген екі ересек баласы бар Дювальхикаяның тыңдаған мелгелге үлкенін әсері қалдырмады.,үйленген екі ересек баласы бар дюваль хикаяны тыңдаған миллерге үлкен әсер қалдырмады,үйленген екі ересек баласы бар дювальхикаяның тыңдаған мелгелге үлкенін әсері қалдырмады
1711,Бұл теориялар белгілі бір адамдарды қалайтын нәрселерін не қалаттыратынын және қоршаған ортасындағы қандай нәрселер белгілі бір әрекеттерді істеткізетінін немесе істеткізбейтінін қарастырады.,Бұл теориялар белгілі бір адамдарды қалайтын нәрселерін не қалаттыратынын және қоршыған ортасындағы қандай нәрселер белгілі бір әрекеттерді істеткізетінін немесе істеткізбейтінін қарастырады.,бұл теориялар белгілі бір адамдарды қалайтын нәрселерін не қалаттыратынын және қоршаған ортасындағы қандай нәрселер белгілі бір әрекеттерді істеткізетінін немесе істеткізбейтінін қарастырады,бұл теориялар белгілі бір адамдарды қалайтын нәрселерін не қалаттыратынын және қоршыған ортасындағы қандай нәрселер белгілі бір әрекеттерді істеткізетінін немесе істеткізбейтінін қарастырады
1866,"Біріншіден, шабандоздардың көпшілігі өкшесі және тегіс, айтарлықтай енсіз табаны бар салт жүріске арналған етікті киеді.","Біріншіден шабандоздардың көпшілігі, өкшесі және тегіз айтарлықтай енсіз табаны бар сал жүріске арналған етікті кейді.",біріншіден шабандоздардың көпшілігі өкшесі және тегіс айтарлықтай енсіз табаны бар салт жүріске арналған етікті киеді,біріншіден шабандоздардың көпшілігі өкшесі және тегіз айтарлықтай енсіз табаны бар сал жүріске арналған етікті кейді
1969,Ол негізгі тақырыптың ең тиімді орны сызықтардың қиылысуында деп айтады. Бұл кескінді тігінен және көлденеңінен үштіктерге бөледі (мысалды қараңыз).,"Ол негізгі тақырыптың ең тиімді орны «сызықтардың қиылсуында» деп айтады. Бұл кескінді тігінен және көл денеңін үштіктерге бөледі, нысалды қараңыз.",ол негізгі тақырыптың ең тиімді орны сызықтардың қиылысуында деп айтады бұл кескінді тігінен және көлденеңінен үштіктерге бөледі мысалды қараңыз,ол негізгі тақырыптың ең тиімді орны сызықтардың қиылсуында деп айтады бұл кескінді тігінен және көл денеңін үштіктерге бөледі нысалды қараңыз
1899,Мұхаммед өзінің күнделікті өмірінен тыс мәселелерге қатты қызығатын. Ол ойлану үшін «Нұр» (жарық) тауындағы «Хира» ретінде белгілі болған үңгірге жиі баратын.,"Мұханмед өзінің күнделікті өмірінен тыс мәселелерге қатты қызығатын. Ол ойлану үшін ныр, жарық, тауындағы хира ретінде белгілі болған өңгірге жиі баратын.",мұхаммед өзінің күнделікті өмірінен тыс мәселелерге қатты қызығатын ол ойлану үшін нұр жарық тауындағы хира ретінде белгілі болған үңгірге жиі баратын,мұханмед өзінің күнделікті өмірінен тыс мәселелерге қатты қызығатын ол ойлану үшін ныр жарық тауындағы хира ретінде белгілі болған өңгірге жиі баратын
1985,"Бұл альптық стильдегі шаңғы туризмімен немесе альпинизммен байланысты (бірақ әдетте байланысты болмайды), соңғысы тік еңістіктерде өткізіледі және қатты шаңғы мен аяқ киімді қажет етеді.","Бұл альптық стильдегі шаңғы туризмі мен немесе альпинизмі мен байланысты, бірақ әдетте байланысты болмайды, соңғысы тік еңістіктерде өткізіледі және қатты шаңғымен аяқ киімді қажет етеді.",бұл альптық стильдегі шаңғы туризмімен немесе альпинизммен байланысты бірақ әдетте байланысты болмайды соңғысы тік еңістіктерде өткізіледі және қатты шаңғы мен аяқ киімді қажет етеді,бұл альптық стильдегі шаңғы туризмі мен немесе альпинизмі мен байланысты бірақ әдетте байланысты болмайды соңғысы тік еңістіктерде өткізіледі және қатты шаңғымен аяқ киімді қажет етеді
1963,"Дымқыл киімді үтіктеу киімнің кебуіне көмектеседі. Көп қонақ үйлерде, тіпті бөлмеде болмаса да, ала тұруға болатын үтік және үтіктеу тақтасы болады.","Дымқыл киімді үтіктеу киімнің кейбуіне көмектеседі. Көп қонақ үйлерде тіпті бөлме де болмаса да, ала тұруға болатын үтік және үтіктеу тақтасы болады.",дымқыл киімді үтіктеу киімнің кебуіне көмектеседі көп қонақ үйлерде тіпті бөлмеде болмаса да ала тұруға болатын үтік және үтіктеу тақтасы болады,дымқыл киімді үтіктеу киімнің кейбуіне көмектеседі көп қонақ үйлерде тіпті бөлме де болмаса да ала тұруға болатын үтік және үтіктеу тақтасы болады
1961,"Қатысым жасаудың маңыздылығын иллюстрациялау үшін пайдаланылатын ең жиі кездесетін әдістердің бірі – өсіп жатқанында елемеу, бәле немесе әдейі қиянат жасау себепті ересектер қатысым жасауға үйретпеген балалардың бірнеше бақытсыз жағдайын салу.",Қатысым жасаудың маңыздылығын иллюстрациялау үшін пайдаланылатын ең жиі кездесетін әдістердің бірі өсіп жатқанында елемеу бәле немесе әдейі қияна жасау себепті ересектер қатысым жасауға үйретпеген балалардың бірнеше бақытсыз жығдайын салу.Антаран,қатысым жасаудың маңыздылығын иллюстрациялау үшін пайдаланылатын ең жиі кездесетін әдістердің бірі өсіп жатқанында елемеу бәле немесе әдейі қиянат жасау себепті ересектер қатысым жасауға үйретпеген балалардың бірнеше бақытсыз жағдайын салу,қатысым жасаудың маңыздылығын иллюстрациялау үшін пайдаланылатын ең жиі кездесетін әдістердің бірі өсіп жатқанында елемеу бәле немесе әдейі қияна жасау себепті ересектер қатысым жасауға үйретпеген балалардың бірнеше бақытсыз жығдайын салу антаран
1974,Сол принцип бойынша ер адамдар тізелерін жауып тұратын шалбар кию керек.,Сол принцип бойынша ер адамдар дзелерін жауіп тұратын шалуар кеуі керек.,сол принцип бойынша ер адамдар тізелерін жауып тұратын шалбар кию керек,сол принцип бойынша ер адамдар дзелерін жауіп тұратын шалуар кеуі керек
1978,«Спрингбокс» үшін бұл қатара бес ойындық жеңіліспен аяқталды.,Спринг бокс үшін бұл қатара бе соиндіқ жеңіліспен аяқталды.,спрингбокс үшін бұл қатара бес ойындық жеңіліспен аяқталды,спринг бокс үшін бұл қатара бе соиндіқ жеңіліспен аяқталды
1722,53 жастағы Куомо өзінің губернатор лауазымына осы жылдың басында келді және өткен айда бір жынысты некені заңдастырушы заң жобасына қол қойды.,53 жастағы куымы өзінің губернаторлау азымына осы жылдың басында келді және өткен айда бір жынысты некені заңдастырушы заң жобасына қонғойды.,53 жастағы куомо өзінің губернатор лауазымына осы жылдың басында келді және өткен айда бір жынысты некені заңдастырушы заң жобасына қол қойды,53 жастағы куымы өзінің губернаторлау азымына осы жылдың басында келді және өткен айда бір жынысты некені заңдастырушы заң жобасына қонғойды
1775,"Бейне жазып алуды пайдалану бірнеше миллисекунд жалғасатын микро қимылдарды, бет бұлшық еттерінің қимылдарын түсіндіруде маңызды жаңалықтардың ашылуына себеп болды.","Бейне жазып алуды пайдалану бірнеше мелесекун жалғасатын микроқ ғимылдарды, бет бұл шықеттерін ғимылдарын түсіндіруде маңызды жаңалықтардың ашылуына себеп болды.",бейне жазып алуды пайдалану бірнеше миллисекунд жалғасатын микро қимылдарды бет бұлшық еттерінің қимылдарын түсіндіруде маңызды жаңалықтардың ашылуына себеп болды,бейне жазып алуды пайдалану бірнеше мелесекун жалғасатын микроқ ғимылдарды бет бұл шықеттерін ғимылдарын түсіндіруде маңызды жаңалықтардың ашылуына себеп болды
1661,"Ол қысқартулар үшін санды белгілемеді, олар Қытайдың экономикалық нәтижесі негізінде жасалатынын айтты.","Ол қысқартулар үшін санды белгілемеді, олар Қытайдың экономикалық нәтижесі негізінде жасалатынын айтты.",ол қысқартулар үшін санды белгілемеді олар қытайдың экономикалық нәтижесі негізінде жасалатынын айтты,ол қысқартулар үшін санды белгілемеді олар қытайдың экономикалық нәтижесі негізінде жасалатынын айтты
1769,Мысырлықтар б.д.д. үшінші ғасырда соққан Ұлы Пирамида қайтыс болған перғауынның құрметіне соғылған көп үлкен пирамида құрылымдарының біреуі еді.,Мысырлықтар біздің дәуірімізге дейінгі шүнші ғасырда соққан Ұлыпирамида қайтыс болған қырғауынның құрметіне соғылған көп үлкен пирамидау құрылымдарының біребі еді.,мысырлықтар б д д үшінші ғасырда соққан ұлы пирамида қайтыс болған перғауынның құрметіне соғылған көп үлкен пирамида құрылымдарының біреуі еді,мысырлықтар біздің дәуірімізге дейінгі шүнші ғасырда соққан ұлыпирамида қайтыс болған қырғауынның құрметіне соғылған көп үлкен пирамидау құрылымдарының біребі еді
1988,1920 жылары азаматтардың және елдердің көпшілігі пацифисті және изоляционистік көзқарастарды ұстанатын.,1920 жылары азаматтардың және елдердің көпшілігі пацифисті және изоляционистік көз қарастарды ұстанатын.,1920 жылары азаматтардың және елдердің көпшілігі пацифисті және изоляционистік көзқарастарды ұстанатын,1920 жылары азаматтардың және елдердің көпшілігі пацифисті және изоляционистік көз қарастарды ұстанатын
1993,Атлант мұхитының оныншы атау берілген дауыл маусымы «Субтропиктік дауыл Джерри» бүгін Атлант мұхитында пайда болды.,Атлант мұхитының 10 атау берілген дауыл маусымы субтропиктік дауыл жерри бүгін Атлант мұхитында пайда болды.,атлант мұхитының оныншы атау берілген дауыл маусымы субтропиктік дауыл джерри бүгін атлант мұхитында пайда болды,атлант мұхитының 10 атау берілген дауыл маусымы субтропиктік дауыл жерри бүгін атлант мұхитында пайда болды
1939,"Революциядан кейін жұмыс орындары барлық ерлер үшін ашық болып, олардың табысқа жетуіне мүмкін берді.","Революциядан кейін жұмыс урындары барлық ерлер үшін ашық болып, олардың табысқа жетуіне мүмкін берді.",революциядан кейін жұмыс орындары барлық ерлер үшін ашық болып олардың табысқа жетуіне мүмкін берді,революциядан кейін жұмыс урындары барлық ерлер үшін ашық болып олардың табысқа жетуіне мүмкін берді
1726,Далаға сапарлар кез келген сынып бөлмесінің үлкен бөлігі болып табылады. Мұғалім оқушыларды автобуспен бару мүмкін емес жерлерге апарғысы келетіні айтарлықтай жиі боалды.,Далаған сапарлар кез келігені сынып бөлмесінің үлкен бөлігі болып табылады. Мұғалім оқушыларды автобу спен бару мүмкін емесіз жерлерге апарғысы келетін айтарлықтай жүйе болады.,далаға сапарлар кез келген сынып бөлмесінің үлкен бөлігі болып табылады мұғалім оқушыларды автобуспен бару мүмкін емес жерлерге апарғысы келетіні айтарлықтай жиі боалды,далаған сапарлар кез келігені сынып бөлмесінің үлкен бөлігі болып табылады мұғалім оқушыларды автобу спен бару мүмкін емесіз жерлерге апарғысы келетін айтарлықтай жүйе болады
1709,Бұл есеп жетекшінің Иракқа қатысты ағымдағы саясатының әрбір аспектісін қатты сынайды және бағытты дереу өзгертуге шақырады.,Бұл есеп жетекшінің ираққа қатысты ағымдағы саясаттың әрбірі әспектесін қатты сындай және бағытты дүре өзгертуге шығарады.,бұл есеп жетекшінің иракқа қатысты ағымдағы саясатының әрбір аспектісін қатты сынайды және бағытты дереу өзгертуге шақырады,бұл есеп жетекшінің ираққа қатысты ағымдағы саясаттың әрбірі әспектесін қатты сындай және бағытты дүре өзгертуге шығарады
1853,"Джанкарло Фисичелла көлігін басқаруды жоғалтып, жарысты старттан кейін көп ұзамай аяқтады.","Жанн Карло Фитичелла көлігін басқаруты жоғалды, жарысты старттан кейін көтзанай аяқтады.",джанкарло фисичелла көлігін басқаруды жоғалтып жарысты старттан кейін көп ұзамай аяқтады,жанн карло фитичелла көлігін басқаруты жоғалды жарысты старттан кейін көтзанай аяқтады
1864,Кирчнер ханым Аргентина театрында өзінің президенттік сайлауға қатысу ниеті туралы жариялады. Ол 2005 жылғы Буэнос-Айрес провинциясының делегациясының мүшесі ретінде Сенат үшін науқанын бастау үшін дәл осы жерді пайдаланған.,"Киршинерханын, Оргентина театрында өзінің президенттік сайлауға қатысуын еті туралы жариялады. Ол 2005 жылғы BNSIROS провинциясының делегациясының мүшесі ретінде сенат үшін науқанын бастау үшін дәл осы жерде пайдаланған.",кирчнер ханым аргентина театрында өзінің президенттік сайлауға қатысу ниеті туралы жариялады ол 2005 жылғы буэнос айрес провинциясының делегациясының мүшесі ретінде сенат үшін науқанын бастау үшін дәл осы жерді пайдаланған,киршинерханын оргентина театрында өзінің президенттік сайлауға қатысуын еті туралы жариялады ол 2005 жылғы bnsiros провинциясының делегациясының мүшесі ретінде сенат үшін науқанын бастау үшін дәл осы жерде пайдаланған
1923,Әскерилерге және азаматтарға қажет заттардың қамтамасыз етілуін тоқтатқан бұл стратегия тиімді болып шықты. Дегенмен бұл блокада өткен екі ғасырдағы бірнеше халықаралық келісімде жазылған жалпы қабылданған халықаралық заңды бұзды.,"Әскерилерге және азаматтарға қажет заттардың қамтамасыз етілуін тоқтатқан, бұл стратегия тимді олып шықты, дегенмен бұл блокада өткен екі ғазырдағы бірнеше халхаралық келісімді жазылған жалпы қабылданған халхаралық заңды бұзды.",әскерилерге және азаматтарға қажет заттардың қамтамасыз етілуін тоқтатқан бұл стратегия тиімді болып шықты дегенмен бұл блокада өткен екі ғасырдағы бірнеше халықаралық келісімде жазылған жалпы қабылданған халықаралық заңды бұзды,әскерилерге және азаматтарға қажет заттардың қамтамасыз етілуін тоқтатқан бұл стратегия тимді олып шықты дегенмен бұл блокада өткен екі ғазырдағы бірнеше халхаралық келісімді жазылған жалпы қабылданған халхаралық заңды бұзды
1938,"Аурухана инфекцияны бақылау хаттамасын орындады, соның ішінде басқаларды жұқтырудың алдын алу үшін науқасты басқалардан бөлді.","Аурухана инфекцияны бақылау хаттамасын орындады, соның ішінде басқаларды жұқтырудың алдын алу үшін науқасты басқалардан бөлді.",аурухана инфекцияны бақылау хаттамасын орындады соның ішінде басқаларды жұқтырудың алдын алу үшін науқасты басқалардан бөлді,аурухана инфекцияны бақылау хаттамасын орындады соның ішінде басқаларды жұқтырудың алдын алу үшін науқасты басқалардан бөлді
1953,Кейіннен ол жатқан ауруханадан Кэмбридждегі Адденбрук ауруханасына жатқызылды.,Кейіннен ол жатқан ауруханадан Кеймбридждегі Аденбрук ауруханасына жатқызылды.,кейіннен ол жатқан ауруханадан кэмбридждегі адденбрук ауруханасына жатқызылды,кейіннен ол жатқан ауруханадан кеймбридждегі аденбрук ауруханасына жатқызылды
1696,"Университеттегі зерттеушілердің айтуынша, екі қосылыс бір-бірімен реакцияға түсіп, бүйрек қызметін тоқтата алатын кристалдар құрады.",Университеттегі зерттеушілердің айтуынша екі қолсылыс бір-бірімен рексаға түсіп бүйрек қызметін тоқтаты алатын кристалдар құрады.,университеттегі зерттеушілердің айтуынша екі қосылыс бір бірімен реакцияға түсіп бүйрек қызметін тоқтата алатын кристалдар құрады,университеттегі зерттеушілердің айтуынша екі қолсылыс бір бірімен рексаға түсіп бүйрек қызметін тоқтаты алатын кристалдар құрады
1762,"Бұл ауру шошқаларда болады, содан кейін ол масалар арқылы адамдарға өтеді.","Бұл ауру шошқаларда болады, содан кейін ол массалар арқылы адамдарға өтеді.",бұл ауру шошқаларда болады содан кейін ол масалар арқылы адамдарға өтеді,бұл ауру шошқаларда болады содан кейін ол массалар арқылы адамдарға өтеді
1819,Ежелгі Қытайда әртүрлі уақыт мерзімдерін көрсетудің ерекше әдісі болды; Қытай тарихының әрбір кезеңі немесе билік басына келген әрбір отбасы ерекше династия болды.,Ежелгі Қытайда әртүрлі уақыт мерзімдерін көрсетудің ерекше әдісі болды. Қытай тарихының әрбір кезеңі немесе билік басына келкен әрі ротбасы ерекше династия болды.,ежелгі қытайда әртүрлі уақыт мерзімдерін көрсетудің ерекше әдісі болды қытай тарихының әрбір кезеңі немесе билік басына келген әрбір отбасы ерекше династия болды,ежелгі қытайда әртүрлі уақыт мерзімдерін көрсетудің ерекше әдісі болды қытай тарихының әрбір кезеңі немесе билік басына келкен әрі ротбасы ерекше династия болды
1766,"Кейбір атомдардың ядролары тұрақсыз, яғни, олар аз ғана түрткенде немесе мүлде түртпегенде бөлінуге бейім.","Кейбір атомдардың ядроулары тұрақсыз, яғни олар аз ғана түрткенде немесе мүлде түртпегенде бөлінуге бейім.",кейбір атомдардың ядролары тұрақсыз яғни олар аз ғана түрткенде немесе мүлде түртпегенде бөлінуге бейім,кейбір атомдардың ядроулары тұрақсыз яғни олар аз ғана түрткенде немесе мүлде түртпегенде бөлінуге бейім
1986,"Нағыз «көзге көрінбейтін топтың» (Ларсон мен Лафасто, 1989, 109 бет) болуы да виртууалды топтың бірегей компоненті болып табылады.",Нағыс көзге көрінбейтін топтың La Faz To 1989 199-бүді болуды виртуолды топтың бірегей компоненті болып табылады.,нағыз көзге көрінбейтін топтың ларсон мен лафасто 1989 109 бет болуы да виртууалды топтың бірегей компоненті болып табылады,нағыс көзге көрінбейтін топтың la faz to 1989 199 бүді болуды виртуолды топтың бірегей компоненті болып табылады
1931,"Бұл қызмет көбінесе кеме қатынасы, соның ішінде серуендеу кемелері, сондай-ақ қашықтағы мәліметтер мен дауыстық қажеттіліктері бар экспедициялар арқылы пайдаланылады.","Бұл қызмет көбінесе кеме қатынасы, соның ішінде серуендеу кемелері, сондай-ақ қашықтағы мәліметтер мен дауыстық қажеттіліктері бар экспедициялары арқылы пайдаланылады.",бұл қызмет көбінесе кеме қатынасы соның ішінде серуендеу кемелері сондай ақ қашықтағы мәліметтер мен дауыстық қажеттіліктері бар экспедициялар арқылы пайдаланылады,бұл қызмет көбінесе кеме қатынасы соның ішінде серуендеу кемелері сондай ақ қашықтағы мәліметтер мен дауыстық қажеттіліктері бар экспедициялары арқылы пайдаланылады
1707,Ол Оңтүстік Африканың негізгі көрнекі жерлерінің бірі болып табылады және Оңтүстік Африка ұлттық парктерінің (SANParks) жетекшісі болып есептеледі.,Ол Оңтүстік Африканың негізгі көрнекі жерлерінің бірі болып табылады және Оңтүстік Африка ұлттық парктерінің Санпаркс жетекшісі болып есептеледі.,ол оңтүстік африканың негізгі көрнекі жерлерінің бірі болып табылады және оңтүстік африка ұлттық парктерінің sanparks жетекшісі болып есептеледі,ол оңтүстік африканың негізгі көрнекі жерлерінің бірі болып табылады және оңтүстік африка ұлттық парктерінің санпаркс жетекшісі болып есептеледі
2000,"Солтүстік Балтық теңізінен қыста өтсеңіз, кабинадағы орынды қарастырыңыз, өйткені мұз арқылы өту ең көп әсер етілетін адамдар үшін айтарлықтай жаман шуды тудырады.","Солтүстік Балтық теңізінен қыста өтсеңіз, кабинадағы орынды қарастырыңыз, өйткені мұз арқылы өтін ең көп әсер етілетін адамдар үшін айтарлықтай жаман шуды тудырады.",солтүстік балтық теңізінен қыста өтсеңіз кабинадағы орынды қарастырыңыз өйткені мұз арқылы өту ең көп әсер етілетін адамдар үшін айтарлықтай жаман шуды тудырады,солтүстік балтық теңізінен қыста өтсеңіз кабинадағы орынды қарастырыңыз өйткені мұз арқылы өтін ең көп әсер етілетін адамдар үшін айтарлықтай жаман шуды тудырады
1858,БҰҰ аурулар бойынша сарапшысы Даниель Лантанның айтуы бойынша аурудың өршуіне бейбітшілдер себеп болған болуы мүмкін.,Бір кенұктар ұйма аурулар бойынша сарапшысы Дениял Ландтан айтуы бойынша аурудың өршуіне бейбетшілдер себеп болған болуы мүмкін.,бұұ аурулар бойынша сарапшысы даниель лантанның айтуы бойынша аурудың өршуіне бейбітшілдер себеп болған болуы мүмкін,бір кенұктар ұйма аурулар бойынша сарапшысы дениял ландтан айтуы бойынша аурудың өршуіне бейбетшілдер себеп болған болуы мүмкін
1822,Марокко сұлтаны қаланы Дару Аль-Бадиа деп қайта салды және оған Касабланка деген атауды осында сауда базаларын жасаған испандық саудагерлер берді.,Марукка солтаны қаланы дару «альбодия» деп қайта салды және оған «касабыланка» деген атауды осында сауда базаларын жасаған испандық саудыгерлер берді.,марокко сұлтаны қаланы дару аль бадиа деп қайта салды және оған касабланка деген атауды осында сауда базаларын жасаған испандық саудагерлер берді,марукка солтаны қаланы дару альбодия деп қайта салды және оған касабыланка деген атауды осында сауда базаларын жасаған испандық саудыгерлер берді
1996,Австралиялық Митчелл Горли ерлердің тұрып тұратын Super-G жарысында он бірінші болып мәреге жетті. Чех бәсекелес Олдрич Джелинек ерлердің отыратын Super-G жарысында он алтыншы болып мәреге жетті.,"Австралиялық Мичел Горли ерлердің тұрып тұратын супержарысында 11-ші болып мәреге жетті, чех бәсекерде Солдриджиелник ә ерлердің отыратын супержарысында 16-ші болып мәреге жетті.",австралиялық митчелл горли ерлердің тұрып тұратын super g жарысында он бірінші болып мәреге жетті чех бәсекелес олдрич джелинек ерлердің отыратын super g жарысында он алтыншы болып мәреге жетті,австралиялық мичел горли ерлердің тұрып тұратын супержарысында 11 ші болып мәреге жетті чех бәсекерде солдриджиелник ә ерлердің отыратын супержарысында 16 ші болып мәреге жетті
1699,"Бақылаушылардың бірі Бішкекті ""анархия күйіне батуда"" деп бейнелеген, өйткені қылмыскерлер тобы көшені аралап, дүкендердегі халықтық тұтыну тауарларын тонауды бастаған.","Бақылаушылардың бірі бішкетті анархия күйіне батуда деп бейнелеген, өйткені қылмыскерлер тобы көшені аралап, түкендердегі халықтық тұтынуы тауарларын тауарларын тонауды бастаған.",бақылаушылардың бірі бішкекті анархия күйіне батуда деп бейнелеген өйткені қылмыскерлер тобы көшені аралап дүкендердегі халықтық тұтыну тауарларын тонауды бастаған,бақылаушылардың бірі бішкетті анархия күйіне батуда деп бейнелеген өйткені қылмыскерлер тобы көшені аралап түкендердегі халықтық тұтынуы тауарларын тауарларын тонауды бастаған
1967,"Лейтон премьер-министрмен кездесу кезінде консерваторлардың экологиялық заңына өзгерістер енгізуді сұрады, сондай-ақ консервативті партияның экологиялық заңын ""мұқият және толығымен қайта жазуды"" сұрады.","Лейтон премьер-министр мең кездесу кезінде консерваторлардың экологиялық заңына өзгерістер енгізуді сұрады, сондай-ақ консервативті партияның экологиялық заңын мұхят және толғымен қайта жазуды сұрады.",лейтон премьер министрмен кездесу кезінде консерваторлардың экологиялық заңына өзгерістер енгізуді сұрады сондай ақ консервативті партияның экологиялық заңын мұқият және толығымен қайта жазуды сұрады,лейтон премьер министр мең кездесу кезінде консерваторлардың экологиялық заңына өзгерістер енгізуді сұрады сондай ақ консервативті партияның экологиялық заңын мұхят және толғымен қайта жазуды сұрады
1825,"Әрекетке жақын болғыңыз келсе, музыкаға жақын кемпинг учаскесін алу үшін ерте тұруыңыз керек.","Әрекетке жақын болдыңыз келсе, музыкаға жақын кемпинг кучасқысын алу үшін ерте тұруыңыз керек.",әрекетке жақын болғыңыз келсе музыкаға жақын кемпинг учаскесін алу үшін ерте тұруыңыз керек,әрекетке жақын болдыңыз келсе музыкаға жақын кемпинг кучасқысын алу үшін ерте тұруыңыз керек
1890,Заманауи зерттеу телескоптарының көпшілігі қолайлы атмосфералық жағдайлар бар қашықтағы аумақтардағы алып қондырғылар болып табылады.,"Заманауи зерттеу телескоптарының көпшілігі қолайлы атмосфералық жағдайлар бар қашықтағы аумақтарды алып, қондырғылар болып табылады.",заманауи зерттеу телескоптарының көпшілігі қолайлы атмосфералық жағдайлар бар қашықтағы аумақтардағы алып қондырғылар болып табылады,заманауи зерттеу телескоптарының көпшілігі қолайлы атмосфералық жағдайлар бар қашықтағы аумақтарды алып қондырғылар болып табылады
1756,АҚШ президенті Дональд Трамп жексенбі күні кешкі баспасөз хатшысы арқылы жасаған мәлімдемесінде АҚШ қарушы күштерін Сириядан алып шығуы туралы мәлімдеді.,АҚШ президенті Дональд Трамп жексенбі күні кешкі баспасөз хатшысы арқылы жасаған мәлем демесінде АҚШ қарушы күштерін Сириядан алып шығуы туралы мәлімдеді.,ақш президенті дональд трамп жексенбі күні кешкі баспасөз хатшысы арқылы жасаған мәлімдемесінде ақш қарушы күштерін сириядан алып шығуы туралы мәлімдеді,ақш президенті дональд трамп жексенбі күні кешкі баспасөз хатшысы арқылы жасаған мәлем демесінде ақш қарушы күштерін сириядан алып шығуы туралы мәлімдеді
1781,"Мадагаскар — қазіргі уақытта ең үлкені әрі жабайы табиғатына келгенде, өздігінен континент болып табылады.",Мадагаскар кәзіргі уақытта ең үлкен әр жабайы табиғатына келгенде өздігінен континент болып табылады.,мадагаскар қазіргі уақытта ең үлкені әрі жабайы табиғатына келгенде өздігінен континент болып табылады,мадагаскар кәзіргі уақытта ең үлкен әр жабайы табиғатына келгенде өздігінен континент болып табылады
1915,Гома қаласында бода-бода (мотоцикл-такси) қызметінен пайдалануыңызға болады. Қалыпты (жергілікті) бағасы қысқа сапар үшін  шамамен 500 Конго франкіне тең.,"Гома қаласында Boda Boda Motorcycle Taxi қызметінен пайдаланыңызға болады, қалыпты жергілікті бағасы қысқа сапарүшін шамамен 500 Congo Fancinet teң.",гома қаласында бода бода мотоцикл такси қызметінен пайдалануыңызға болады қалыпты жергілікті бағасы қысқа сапар үшін шамамен 500 конго франкіне тең,гома қаласында boda boda motorcycle taxi қызметінен пайдаланыңызға болады қалыпты жергілікті бағасы қысқа сапарүшін шамамен 500 congo fancinet teң
1933,"Әрі-беріден соң, мұнда көптеген кішкентай мысықтар (соның ішінде жоғалған үй мысықтары) бар. Олар құрт-құмырсқа, кеміргіштер, кесіртке сияқты көптеген шағын жыртқыш аңдарды және құстарды жейді.","Әрі беріден соң, мұнда көптеген кішкентай мысықтар, соның ішінде жоғалған үй мысықтарай бар. Олар қорытқымырсқа, кеміргіштер, кесірке сияқты көптеген шағын жыртқы шаңдарды және құстарды жиді.",әрі беріден соң мұнда көптеген кішкентай мысықтар соның ішінде жоғалған үй мысықтары бар олар құрт құмырсқа кеміргіштер кесіртке сияқты көптеген шағын жыртқыш аңдарды және құстарды жейді,әрі беріден соң мұнда көптеген кішкентай мысықтар соның ішінде жоғалған үй мысықтарай бар олар қорытқымырсқа кеміргіштер кесірке сияқты көптеген шағын жыртқы шаңдарды және құстарды жиді
1851,"Үзілмелі ағыстар жағаға, рифтерге соғылатын толқындардың кері ағыны болып табылады.",Үзілмелі ағыстар жағаға рифтерге соғылатын толқындардың кері ағыны болып табылады.,үзілмелі ағыстар жағаға рифтерге соғылатын толқындардың кері ағыны болып табылады,үзілмелі ағыстар жағаға рифтерге соғылатын толқындардың кері ағыны болып табылады
1692,"Жапонияның ядролық агенттігінің хабарлауынша, зауытта радиоактивті цезий мен йод анықталған.","Жапонияның ядыролық агенттігінің қабарлауынша, сауытта радиотективті сезимен және ұхалын.",жапонияның ядролық агенттігінің хабарлауынша зауытта радиоактивті цезий мен йод анықталған,жапонияның ядыролық агенттігінің қабарлауынша сауытта радиотективті сезимен және ұхалын
1763,"Дәл ай жерді тартып, судың көтерілуіне әкелетіндей, Құс жолы да Мерген галактикасына күш түсіреді.","Дәл ай жерді тартып, судың көтерілуіне әкелетіндей, құс жолыдәм мерген галатикасына күшт сіреді.",дәл ай жерді тартып судың көтерілуіне әкелетіндей құс жолы да мерген галактикасына күш түсіреді,дәл ай жерді тартып судың көтерілуіне әкелетіндей құс жолыдәм мерген галатикасына күшт сіреді
1680,"Жақсы атлет жолбарыс өрмелей (бірақ жақсы емес), жүзе, үлкен қашықтықтарға секіре және күшті адамнан бес есе көбірек күшпен тартыла алады.","Жақсы атлет жолбарыс өрмелей, бірақ жақсы емес, жүзе үлкен қашықтықтарға, секіре және күшті адамнан бесесе көбірек күшпен тартлы алады.",жақсы атлет жолбарыс өрмелей бірақ жақсы емес жүзе үлкен қашықтықтарға секіре және күшті адамнан бес есе көбірек күшпен тартыла алады,жақсы атлет жолбарыс өрмелей бірақ жақсы емес жүзе үлкен қашықтықтарға секіре және күшті адамнан бесесе көбірек күшпен тартлы алады
1737,Арыстандар ең көп қатысым жасайтын мысықтар. Олар прайдтар деп аталатын үлкен топтарда өмір сүреді.,Арыстандар ең көп қатысым жасайтын мысықтар. Олар прайттар деп аталатын үлкен топтарда өмір сүреді.,арыстандар ең көп қатысым жасайтын мысықтар олар прайдтар деп аталатын үлкен топтарда өмір сүреді,арыстандар ең көп қатысым жасайтын мысықтар олар прайттар деп аталатын үлкен топтарда өмір сүреді
1933,"Әрі-беріден соң, мұнда көптеген кішкентай мысықтар (соның ішінде жоғалған үй мысықтары) бар. Олар құрт-құмырсқа, кеміргіштер, кесіртке сияқты көптеген шағын жыртқыш аңдарды және құстарды жейді.","Әрі беріден соң, мұнда көптеген кішкентай мысықтар, соның ішінде жоғалған ұйы мысықтары бар. Олар құртқұмырсқа, кеміргіштер, кесіртке сияқты көптеген шағын жұртқыш аңдарды және құстарды жейді.",әрі беріден соң мұнда көптеген кішкентай мысықтар соның ішінде жоғалған үй мысықтары бар олар құрт құмырсқа кеміргіштер кесіртке сияқты көптеген шағын жыртқыш аңдарды және құстарды жейді,әрі беріден соң мұнда көптеген кішкентай мысықтар соның ішінде жоғалған ұйы мысықтары бар олар құртқұмырсқа кеміргіштер кесіртке сияқты көптеген шағын жұртқыш аңдарды және құстарды жейді
1822,Марокко сұлтаны қаланы Дару Аль-Бадиа деп қайта салды және оған Касабланка деген атауды осында сауда базаларын жасаған испандық саудагерлер берді.,Морокко солтаны қаланы дару «Альбодия» деп «қайта» салды және оған «касабланка» деген аталды осында салда базаларын жасаған испандық саудагерлер берді.,марокко сұлтаны қаланы дару аль бадиа деп қайта салды және оған касабланка деген атауды осында сауда базаларын жасаған испандық саудагерлер берді,морокко солтаны қаланы дару альбодия деп қайта салды және оған касабланка деген аталды осында салда базаларын жасаған испандық саудагерлер берді
1904,"Дегенмен, баяу коммуникация арналарына байланысты, батыстағы стильдер 25-30 жылға қалып отырады.","Дегенмен, баяу коммуникация арналарына байланысты батыстағы стильдер 25-30 жылға қалып отырады.",дегенмен баяу коммуникация арналарына байланысты батыстағы стильдер 25 30 жылға қалып отырады,дегенмен баяу коммуникация арналарына байланысты батыстағы стильдер 25 30 жылға қалып отырады
1952,"Жоғары ендіктерде немесе тау асуларының үстімен өтетін кез келген адам қардың, мұздың немесе аяздың мүмкін болған температурасын ескеруі қажет.","Жоғары ендіктерде немесе тау асуларының үстімен өтетін кез келген адам қардың, мұздың немесе аяздың мүмкін болған температурасын ескеруі қажет.",жоғары ендіктерде немесе тау асуларының үстімен өтетін кез келген адам қардың мұздың немесе аяздың мүмкін болған температурасын ескеруі қажет,жоғары ендіктерде немесе тау асуларының үстімен өтетін кез келген адам қардың мұздың немесе аяздың мүмкін болған температурасын ескеруі қажет
1770,"Бұл орынды болып көрінеді, өйткені Жердің қозғалғаны сезілмейді, солай емес пе?","Бұл орынды болып көрнеді, өйткені жердің қозғалғаны сезілмейді, солай емеспе.",бұл орынды болып көрінеді өйткені жердің қозғалғаны сезілмейді солай емес пе,бұл орынды болып көрнеді өйткені жердің қозғалғаны сезілмейді солай емеспе
1694,"Балалар асырап алған ата-анаға көп себептермен беріледі: салақтық, қиянат ету және тіпті ақша талап ету.","Балалар асырап алған ата-анаға көп себептермен беріледі. Салақтық, қиянат, ету және тіпті ақшаталап ету.",балалар асырап алған ата анаға көп себептермен беріледі салақтық қиянат ету және тіпті ақша талап ету,балалар асырап алған ата анаға көп себептермен беріледі салақтық қиянат ету және тіпті ақшаталап ету
1801,Гонконг аспанын безендіретін ғимараттар тобы Виктория Харбор суларының қатысуымен айқын көрінетін жарқыраған жолақ диаграммасымен салыстырылды.,"Гонконг аспанын безендіретін ғимараттар тобы Виктория харбор суларының қатысуымен, айқын көрінетін жарқыраған жолақ диаграммасымен салыстырылды.",гонконг аспанын безендіретін ғимараттар тобы виктория харбор суларының қатысуымен айқын көрінетін жарқыраған жолақ диаграммасымен салыстырылды,гонконг аспанын безендіретін ғимараттар тобы виктория харбор суларының қатысуымен айқын көрінетін жарқыраған жолақ диаграммасымен салыстырылды
1918,Сундарбан ЮНЕСКО-ның әлемдік мұра орны деп жарияланды. Үндістан территориясындағы орманның бөлігі Сундарбан ұлттық паркі деп аталады.,Сундарбан ЮНІСК-ның әлемдік мұра орна деп жарияланды. Үндістан территориясындағы орманның бөлігі Сундарбан ұлттық парки деп аталады.,сундарбан юнеско ның әлемдік мұра орны деп жарияланды үндістан территориясындағы орманның бөлігі сундарбан ұлттық паркі деп аталады,сундарбан юніск ның әлемдік мұра орна деп жарияланды үндістан территориясындағы орманның бөлігі сундарбан ұлттық парки деп аталады
1986,"Нағыз «көзге көрінбейтін топтың» (Ларсон мен Лафасто, 1989, 109 бет) болуы да виртууалды топтың бірегей компоненті болып табылады.",Нағыз көзге көрінбейтін топтың Ларсон-Менлафасто 1989-109 бет бұл ада виртуалды топтың бірегей компаниянта болып табылады.,нағыз көзге көрінбейтін топтың ларсон мен лафасто 1989 109 бет болуы да виртууалды топтың бірегей компоненті болып табылады,нағыз көзге көрінбейтін топтың ларсон менлафасто 1989 109 бет бұл ада виртуалды топтың бірегей компаниянта болып табылады
1926,"Аристотельдің ғылымның барлық мәселелеріне, оның ішінде психологияға көзқарасы қабылданды.","Аристотикің ғылымның барлық мәселелеріне, оның ішінде психологияға көз қарасы қабылданды.",аристотельдің ғылымның барлық мәселелеріне оның ішінде психологияға көзқарасы қабылданды,аристотикің ғылымның барлық мәселелеріне оның ішінде психологияға көз қарасы қабылданды
1948,Үш патшалық ежелгі Қытайдың тарихындағы ең қанқұйлы дәуірлердің бірі болған. Мыңдаған адам Сианьдағы үлкен сарайдағы ең жоғары орынға отыру үшін соғысқанда өлді.,Үш патшалық ежелгі Қытайдың тарихындағы ең қан құйыбуды өрлердің бірі болған. Мыңдаған адан циайындағы үлкен сарайдағы ең жоғар орынға отыру үшін соғысқанда өлді.,үш патшалық ежелгі қытайдың тарихындағы ең қанқұйлы дәуірлердің бірі болған мыңдаған адам сианьдағы үлкен сарайдағы ең жоғары орынға отыру үшін соғысқанда өлді,үш патшалық ежелгі қытайдың тарихындағы ең қан құйыбуды өрлердің бірі болған мыңдаған адан циайындағы үлкен сарайдағы ең жоғар орынға отыру үшін соғысқанда өлді
1678,Оливер Сакс өзінің «Президенттің сөзі» деген мақаласында мидың зақымдануы салдарынан сөзді түсінбейтін адамдар соған қарамастан шынайылықты қалай бағалай алатыны көрсетілген.,Оливер Сакс өзінің президенттің сөзі деген мақаласында мейдің зақымдан олы салдарынан сөзді түсінбейтін адамдар соған қарамастан шынайлықты ғалай бағалай алатыны көрсетілген.,оливер сакс өзінің президенттің сөзі деген мақаласында мидың зақымдануы салдарынан сөзді түсінбейтін адамдар соған қарамастан шынайылықты қалай бағалай алатыны көрсетілген,оливер сакс өзінің президенттің сөзі деген мақаласында мейдің зақымдан олы салдарынан сөзді түсінбейтін адамдар соған қарамастан шынайлықты ғалай бағалай алатыны көрсетілген
1709,Бұл есеп жетекшінің Иракқа қатысты ағымдағы саясатының әрбір аспектісін қатты сынайды және бағытты дереу өзгертуге шақырады.,Бұл есеп жетекшінің ираққа қатысты ағымдағы саясатынның әрбір аспектісім қатты сынайды және бағытты дере өзгертуге шақырады.,бұл есеп жетекшінің иракқа қатысты ағымдағы саясатының әрбір аспектісін қатты сынайды және бағытты дереу өзгертуге шақырады,бұл есеп жетекшінің ираққа қатысты ағымдағы саясатынның әрбір аспектісім қатты сынайды және бағытты дере өзгертуге шақырады
1801,Гонконг аспанын безендіретін ғимараттар тобы Виктория Харбор суларының қатысуымен айқын көрінетін жарқыраған жолақ диаграммасымен салыстырылды.,"Гонконг аспанын безендіретін қимараттар тобы Виктория Харбор суларының қатысуымен, айқын көрінетін жарқыраған жолақ диаграмасымен салыстырылды.",гонконг аспанын безендіретін ғимараттар тобы виктория харбор суларының қатысуымен айқын көрінетін жарқыраған жолақ диаграммасымен салыстырылды,гонконг аспанын безендіретін қимараттар тобы виктория харбор суларының қатысуымен айқын көрінетін жарқыраған жолақ диаграмасымен салыстырылды
1772,Осылайша нотация жай ғана белгі ретінде қосылған болуы мүмкін.,Осылайша натация жайғана белгі ретінде қосылған болуы мүмкін.,осылайша нотация жай ғана белгі ретінде қосылған болуы мүмкін,осылайша натация жайғана белгі ретінде қосылған болуы мүмкін
1856,Финляндия — керемет қайықпен баратын жер. «Мың көлдің жерінде» көлдерде және жағалаудағы архипелагтарда мыңдаған аралдар да бар.,"Финлянда — керемет қайықпен баратын жер. Мұң көлдің жерінде, көлдерде және жағылаудағы архипилоктарда мыңдаған аралдар да бар.",финляндия керемет қайықпен баратын жер мың көлдің жерінде көлдерде және жағалаудағы архипелагтарда мыңдаған аралдар да бар,финлянда керемет қайықпен баратын жер мұң көлдің жерінде көлдерде және жағылаудағы архипилоктарда мыңдаған аралдар да бар
1840,"Италияның көптеген қалаларында және әлемдегі басқа да қалаларда, әсіресе Польшада, соған ұқсас қондырмалар орнатылды және бұған көптеген адамдар куә болды.",Италияның көптеген қаралалық қалаларында және әлемдегі басқа да қалаларда әсіресе Польшады соған ұқсас қондырмалар орнатылды және бұған көптеген адамдар куә болды.,италияның көптеген қалаларында және әлемдегі басқа да қалаларда әсіресе польшада соған ұқсас қондырмалар орнатылды және бұған көптеген адамдар куә болды,италияның көптеген қаралалық қалаларында және әлемдегі басқа да қалаларда әсіресе польшады соған ұқсас қондырмалар орнатылды және бұған көптеген адамдар куә болды
1724,Ол шамамен 400 жылдан бастап салтанаттың эпицентріне ретінде белгілі болды және шамамен 1100 жылға дейін созылды.,"Ол шамамен 400 жылдан бастап, салтанаттың эпиценттеріні ретінде белгілі болды және шамамен 11 жылға дейін сөзылды.",ол шамамен 400 жылдан бастап салтанаттың эпицентріне ретінде белгілі болды және шамамен 1100 жылға дейін созылды,ол шамамен 400 жылдан бастап салтанаттың эпиценттеріні ретінде белгілі болды және шамамен 11 жылға дейін сөзылды
1785,"Құрылыс ағаштары - бұл оқыту әдісі емес, жаңа компьютерлік бағдарламаны пайдалану немесе жаңа жобаны бастау секілді жаңа оқу тәжірибесінен өтіп жатқан жеке тұлғаларға қолдау көрсететін көмек түрі.","Құрылыс ағаштары бұл оқуды әдісі немес, жаңы компьютерлік бағдарламаның пайдалануы немесе жаңа жобаның бастау секілді жаңа оқу тәжірбесінен өтіп жатқан жеке тұлғаларға қолдау – көрсететін көмектірі.",құрылыс ағаштары бұл оқыту әдісі емес жаңа компьютерлік бағдарламаны пайдалану немесе жаңа жобаны бастау секілді жаңа оқу тәжірибесінен өтіп жатқан жеке тұлғаларға қолдау көрсететін көмек түрі,құрылыс ағаштары бұл оқуды әдісі немес жаңы компьютерлік бағдарламаның пайдалануы немесе жаңа жобаның бастау секілді жаңа оқу тәжірбесінен өтіп жатқан жеке тұлғаларға қолдау көрсететін көмектірі
1796,Бұл шөгінді жыныстар жабайы жануарлардың мекені болған құмқайырларды және жағажайларды жасауға қажет болды.,"Бұл шөгінді жыныстар жабайы жануарлардың мекені болған, құм қайырларды және жағажайларды жасауға қажет болды.",бұл шөгінді жыныстар жабайы жануарлардың мекені болған құмқайырларды және жағажайларды жасауға қажет болды,бұл шөгінді жыныстар жабайы жануарлардың мекені болған құм қайырларды және жағажайларды жасауға қажет болды
1914,Жиырмасыншы ғасырдағы зерттеу генетикалық вариацияның екі пулы бар екенін көрсетті: жасырын және көрінетін.,20 ғасырдағы зерттеу генетикалық вариацияның екі полу бар айкенін көрсетті жасырын және көрінетін.,жиырмасыншы ғасырдағы зерттеу генетикалық вариацияның екі пулы бар екенін көрсетті жасырын және көрінетін,20 ғасырдағы зерттеу генетикалық вариацияның екі полу бар айкенін көрсетті жасырын және көрінетін
1988,1920 жылары азаматтардың және елдердің көпшілігі пацифисті және изоляционистік көзқарастарды ұстанатын.,1920 жылары азаматтардың және елдердің көпшілігі пацифисті және изоляциястық көзқарастарды ұстанатын.,1920 жылары азаматтардың және елдердің көпшілігі пацифисті және изоляционистік көзқарастарды ұстанатын,1920 жылары азаматтардың және елдердің көпшілігі пацифисті және изоляциястық көзқарастарды ұстанатын
1741,"Солтүстікте ары қарай орналасқан үлкен аумақтарда халық өте сирек қоныстанған, ал кейбіреулері елсіз дерлік жабайы жерлер.","Солтүстікте Ары-Харай орналасқан үлкен аумақтарда халық өте сирек қоныстанған, ал кейбіреулері елсіз дерлік жабайы жерлер.",солтүстікте ары қарай орналасқан үлкен аумақтарда халық өте сирек қоныстанған ал кейбіреулері елсіз дерлік жабайы жерлер,солтүстікте ары харай орналасқан үлкен аумақтарда халық өте сирек қоныстанған ал кейбіреулері елсіз дерлік жабайы жерлер
1897,"Аймақ солтүстігінде Сахельмен шекаралас, ал оңтүстігі мен батысында Атлант мұхитымен шектеседі.","Аймақ солтүстігінде сәхелмен шекараласы, ал оңтүстігі мен батысында Атлант мұхитымен шектеседі.",аймақ солтүстігінде сахельмен шекаралас ал оңтүстігі мен батысында атлант мұхитымен шектеседі,аймақ солтүстігінде сәхелмен шекараласы ал оңтүстігі мен батысында атлант мұхитымен шектеседі
1943,"Алаңдаушылық неғұрлым төменірек болса, өмір күші соғұрлым позитивтеі болады. Әр адамда абсолютті тыныштық пен ризашылықты табу мүмкіндігі бар.","Алаңдаушылық негұрылым төменірек болса, өмір күше соғғырылым позитивте болады. Әр адамда абсолютті тыныштық пен ризашылықты табуы мүмкіндегі бар.",алаңдаушылық неғұрлым төменірек болса өмір күші соғұрлым позитивтеі болады әр адамда абсолютті тыныштық пен ризашылықты табу мүмкіндігі бар,алаңдаушылық негұрылым төменірек болса өмір күше соғғырылым позитивте болады әр адамда абсолютті тыныштық пен ризашылықты табуы мүмкіндегі бар
1962,pН деңгейі химиялық құрамдағы сутегі (рН ішіндегі H) иондарының мөлшерімен көрсетіледі.,"Пияш деңгейі химиялық құрамдағы сутегі, пияш ішіндегі аш иондарының мөлшері мен көрсетіледі.",pн деңгейі химиялық құрамдағы сутегі рн ішіндегі h иондарының мөлшерімен көрсетіледі,пияш деңгейі химиялық құрамдағы сутегі пияш ішіндегі аш иондарының мөлшері мен көрсетіледі
1874,"Кейбір адамдар оныкі дұрыс деп ойлады, бірақ көп адам қарама-қарсы нәрсеге сенді; күн жүйесі, соның ішінде күн (және тіпті басқа жұлдыздар) жерді айналды деп ойлады.","Кейбір адамдар он күд дұрыс деп ойлады, бірақ көп адам қарама-қарысы нәрсеге сенді, күн жүйесі соның ішінде күн және тіпті басқа жылдыздар жерді айналды деп ойлады.",кейбір адамдар оныкі дұрыс деп ойлады бірақ көп адам қарама қарсы нәрсеге сенді күн жүйесі соның ішінде күн және тіпті басқа жұлдыздар жерді айналды деп ойлады,кейбір адамдар он күд дұрыс деп ойлады бірақ көп адам қарама қарысы нәрсеге сенді күн жүйесі соның ішінде күн және тіпті басқа жылдыздар жерді айналды деп ойлады
1818,Адамдар үйіне оралған саяхатшылар үшін шыдамдылық пен түсіністік қажет екенін түсінбеуі мүмкін.,Адамдар үйіне оралған саяхатшылар үшін шыдамдылық пен түсіністі қажетегенін түсінбеу мүмкін.,адамдар үйіне оралған саяхатшылар үшін шыдамдылық пен түсіністік қажет екенін түсінбеуі мүмкін,адамдар үйіне оралған саяхатшылар үшін шыдамдылық пен түсіністі қажетегенін түсінбеу мүмкін
1855,"Арыстандар прайды қасқырлар мен иттер сияқты әрекет етеді, олар арыстандарға (бірақ басқа үлкен мысықтарға ұқсамайды) ұқсас жануарлар, сонымен қатар олар өз олжалары үшін өте қауіпті.","Арыстандар прұайды, қасқырлар мен иттер сияқты әрекеттер ерекет етеді. Олар арыстандарға бірақ басқа үлкенің сықтарға ұқсамайды. ұқсас жанарлар санымен қатар олар өз олжалары үшін өте қаулыпте.",арыстандар прайды қасқырлар мен иттер сияқты әрекет етеді олар арыстандарға бірақ басқа үлкен мысықтарға ұқсамайды ұқсас жануарлар сонымен қатар олар өз олжалары үшін өте қауіпті,арыстандар прұайды қасқырлар мен иттер сияқты әрекеттер ерекет етеді олар арыстандарға бірақ басқа үлкенің сықтарға ұқсамайды ұқсас жанарлар санымен қатар олар өз олжалары үшін өте қаулыпте
1706,"Дәстүрлірек шіркеулер Пасха демалыс күндері сенбі түні пасхалық таңғы ғибадатты өткізеді, жиналыстар жиі түн ортасында Мәсіхтің қайта тірілуін мерекелеуге айналады.","Дәстүрілірек, шіркеулер пасқа демалыс күндері сенбі түні пасқалық таңғы ғибадатты өткізеді. Жиналыстар жиі түн ортасында мәсықтың қайта түрлуін мерекелеуге айналады.",дәстүрлірек шіркеулер пасха демалыс күндері сенбі түні пасхалық таңғы ғибадатты өткізеді жиналыстар жиі түн ортасында мәсіхтің қайта тірілуін мерекелеуге айналады,дәстүрілірек шіркеулер пасқа демалыс күндері сенбі түні пасқалық таңғы ғибадатты өткізеді жиналыстар жиі түн ортасында мәсықтың қайта түрлуін мерекелеуге айналады
1896,"АҚШ гимнастикасы және АҚШ Олимпиада комитеті бір мақсатты көздейді - гимнастика және басқа да спорт түрлерін барынша қауіпсіз етіп, спортшылардың өз армандарын орындауды қауіпсіз, позитивті және мүмкіндіктерге толы ортада жүзеге асыруын қамтамасыз ету.","Ағыш гимнастикасы және АҚШ Олимпиада комитеті бір мақсатты көзейді. Гимнастика және басқада спорт түрлерін барымша қауіпсіз етіп, спортшылардың өз армандарын орындауды қауіпсіз, позитивті және мүмкіндіктерге толы ортадай жүзеге асыруын қамтамасыз ету.",ақш гимнастикасы және ақш олимпиада комитеті бір мақсатты көздейді гимнастика және басқа да спорт түрлерін барынша қауіпсіз етіп спортшылардың өз армандарын орындауды қауіпсіз позитивті және мүмкіндіктерге толы ортада жүзеге асыруын қамтамасыз ету,ағыш гимнастикасы және ақш олимпиада комитеті бір мақсатты көзейді гимнастика және басқада спорт түрлерін барымша қауіпсіз етіп спортшылардың өз армандарын орындауды қауіпсіз позитивті және мүмкіндіктерге толы ортадай жүзеге асыруын қамтамасыз ету
1875,Мұхиттарға құйылатын планета өзендеріндегі судың толықтай 20 пайызы Амазонкадан келеді.,Мұхиттарға құйылатын планета өзендеріндегі судың толықтай жиырма пайызы амазонкодан келеді.,мұхиттарға құйылатын планета өзендеріндегі судың толықтай 20 пайызы амазонкадан келеді,мұхиттарға құйылатын планета өзендеріндегі судың толықтай жиырма пайызы амазонкодан келеді
1943,"Алаңдаушылық неғұрлым төменірек болса, өмір күші соғұрлым позитивтеі болады. Әр адамда абсолютті тыныштық пен ризашылықты табу мүмкіндігі бар.","Алаңдаушылық неғұрым төменірек болса, өмір құшы соғырылым позитивті болады, әр адамды абсолютті тыныштық пен резашылықты табуы мүмкіндігі бар.",алаңдаушылық неғұрлым төменірек болса өмір күші соғұрлым позитивтеі болады әр адамда абсолютті тыныштық пен ризашылықты табу мүмкіндігі бар,алаңдаушылық неғұрым төменірек болса өмір құшы соғырылым позитивті болады әр адамды абсолютті тыныштық пен резашылықты табуы мүмкіндігі бар
1770,"Бұл орынды болып көрінеді, өйткені Жердің қозғалғаны сезілмейді, солай емес пе?","Бұл орынды болып көрінеді, өйткені жердің қозғалғаны сезілмейді — солай емеспе.",бұл орынды болып көрінеді өйткені жердің қозғалғаны сезілмейді солай емес пе,бұл орынды болып көрінеді өйткені жердің қозғалғаны сезілмейді солай емеспе
2006,"Кальций және калий сияқты элементтер металдар болып саналады. Әрине, күміс және алтын сияқты металдар да бар.","Кальцизи және кали сияқты елементтер металдар болып саналады, әрине күміз және алтын сияқты металдарды бар.",кальций және калий сияқты элементтер металдар болып саналады әрине күміс және алтын сияқты металдар да бар,кальцизи және кали сияқты елементтер металдар болып саналады әрине күміз және алтын сияқты металдарды бар
1713,"Гома жеткілікті деңгейде қауіпсіз болғанмен, Гомадан тыс аймақтарға шығудан бұрын, Солтүстік Киву провинциясындағы соғыс жағдайын түсіну үшін аздап зерттеу жүргізген дұрыс.","Гома жеткілікті деңгейде қауіпсіз болғанмен, Гомадан тыс аймақтарға шығудан бұрын Солтүстік Киво провинциясындағы соғыс жағдайын түсіну үшін аздап зерттеу жүргізген дұрыс.",гома жеткілікті деңгейде қауіпсіз болғанмен гомадан тыс аймақтарға шығудан бұрын солтүстік киву провинциясындағы соғыс жағдайын түсіну үшін аздап зерттеу жүргізген дұрыс,гома жеткілікті деңгейде қауіпсіз болғанмен гомадан тыс аймақтарға шығудан бұрын солтүстік киво провинциясындағы соғыс жағдайын түсіну үшін аздап зерттеу жүргізген дұрыс
1902,Алдымен ол Грейт-Ярмуттегі Джеймс Пейджет ауруханасына түсті.,Алдымену Grid яруметтегі Джеймспейд жет ауруханасына түсті.,алдымен ол грейт ярмуттегі джеймс пейджет ауруханасына түсті,алдымену grid яруметтегі джеймспейд жет ауруханасына түсті
1877,Қазіргі сенатор және Аргентинаның бірінші ханымы Кристина Фернандес де Киршнер өзінің президенттік кандидатурасын кеше кешкі уақытта Буэнос-Айрестен 50 шақырым (31 миль) қашықтықта орналасқан Ла-Плата қаласында жариялады.,Қазіргі синатор және Оргентинаның бірінші Ханнем Кристина Фернандыз д. Киршнер өзінің президенттік кандидатурасын кеше кешкі уақытта Буэніс айрыстен 50 жақырым 31 миль қашықтықта орналасқан Ла Плата қаласында жариялады.,қазіргі сенатор және аргентинаның бірінші ханымы кристина фернандес де киршнер өзінің президенттік кандидатурасын кеше кешкі уақытта буэнос айрестен 50 шақырым 31 миль қашықтықта орналасқан ла плата қаласында жариялады,қазіргі синатор және оргентинаның бірінші ханнем кристина фернандыз д киршнер өзінің президенттік кандидатурасын кеше кешкі уақытта буэніс айрыстен 50 жақырым 31 миль қашықтықта орналасқан ла плата қаласында жариялады
1736,Роландо Мендоза M16 мылтығымен туристтерге оқ жаудырды.,Роландо мен доза M16 мылтығымен туристерге оқ жаудырды.,роландо мендоза m16 мылтығымен туристтерге оқ жаудырды,роландо мен доза m16 мылтығымен туристерге оқ жаудырды
1685,"Мысалы, дүние жүзіндегі ең жиі кездесетін фотография түсіру пішімі болып 35 мм табылады. Ол аналогтық пленка дәуірі бітіп жатқанда басым пленка өлшемі болатын.","Мысалы, дүние жүзіндегі ең жиі кездесетін фотография түсіруі пішімі болып, 35 мм табылады. Ол аналықтық пленка дәуіра бітіп жатқанда басын пленка өлшемі болатын.",мысалы дүние жүзіндегі ең жиі кездесетін фотография түсіру пішімі болып 35 мм табылады ол аналогтық пленка дәуірі бітіп жатқанда басым пленка өлшемі болатын,мысалы дүние жүзіндегі ең жиі кездесетін фотография түсіруі пішімі болып 35 мм табылады ол аналықтық пленка дәуіра бітіп жатқанда басын пленка өлшемі болатын
1675,"Барлық зат есімдер, сонымен бірге «сіз» дегенді білдіретін «Sie» сөзі, тіпті сөйлемнің ортасында да бас әріптен басталады.","Барлық зат есімдер, сонымен бірге сіз дегенді білдіретін сие сөзі тіпті сөйлемнің ортасында да бас айрыптен басталады.",барлық зат есімдер сонымен бірге сіз дегенді білдіретін sie сөзі тіпті сөйлемнің ортасында да бас әріптен басталады,барлық зат есімдер сонымен бірге сіз дегенді білдіретін сие сөзі тіпті сөйлемнің ортасында да бас айрыптен басталады
1967,"Лейтон премьер-министрмен кездесу кезінде консерваторлардың экологиялық заңына өзгерістер енгізуді сұрады, сондай-ақ консервативті партияның экологиялық заңын ""мұқият және толығымен қайта жазуды"" сұрады.","Лейтін премьер-министр мен кездесу кезінде консерваторлардың экологиялық заңына өзгерістер енгізуді ұсырады, сондай-ақ консервативті партияның экологиялық заңы мұқият және толығымен қайта жазуды ұқсырады.",лейтон премьер министрмен кездесу кезінде консерваторлардың экологиялық заңына өзгерістер енгізуді сұрады сондай ақ консервативті партияның экологиялық заңын мұқият және толығымен қайта жазуды сұрады,лейтін премьер министр мен кездесу кезінде консерваторлардың экологиялық заңына өзгерістер енгізуді ұсырады сондай ақ консервативті партияның экологиялық заңы мұқият және толығымен қайта жазуды ұқсырады
1760,"Мозасавр өз заманының ең жоғары жыртқышы болған, сондықтан ол басқа мозасаврлардан басқа ештеңеден қорықпаған.","Мозасавыр өз заманның ең жоғары жыртқышы болған, сондықтан ол басқа мозасавырлардың басқа ештеңеден қорықпаған.",мозасавр өз заманының ең жоғары жыртқышы болған сондықтан ол басқа мозасаврлардан басқа ештеңеден қорықпаған,мозасавыр өз заманның ең жоғары жыртқышы болған сондықтан ол басқа мозасавырлардың басқа ештеңеден қорықпаған
1946,"Күшін жою ережелері әр түрлі болып келеді, бірақ наурыз айының ақырынан бастап коронавирустық негіздегі көптеген жою ережелері Олимпиада жоспарланған 2020 жылдың шілде айына дейін қолданылмайды.","Қүшін жою ережелері әртүрлі болып келеді, бірақ наурыз айының ақырыннан бастап коронавирустық негіздегі көптеген жою ережелері Олимпиада жоспарланған 2020 жылдың шілде айына дейін қолданылмайды.",күшін жою ережелері әр түрлі болып келеді бірақ наурыз айының ақырынан бастап коронавирустық негіздегі көптеген жою ережелері олимпиада жоспарланған 2020 жылдың шілде айына дейін қолданылмайды,қүшін жою ережелері әртүрлі болып келеді бірақ наурыз айының ақырыннан бастап коронавирустық негіздегі көптеген жою ережелері олимпиада жоспарланған 2020 жылдың шілде айына дейін қолданылмайды
1819,Ежелгі Қытайда әртүрлі уақыт мерзімдерін көрсетудің ерекше әдісі болды; Қытай тарихының әрбір кезеңі немесе билік басына келген әрбір отбасы ерекше династия болды.,Ежелгі Қытайда әртүрлі уақыт мерзімдерін көрсетудің ерекше әдісі болды. Қытай тарихының әрбір кезеңі немесе бейлік басына келген әрбір отбасы ерекше династия болады.,ежелгі қытайда әртүрлі уақыт мерзімдерін көрсетудің ерекше әдісі болды қытай тарихының әрбір кезеңі немесе билік басына келген әрбір отбасы ерекше династия болды,ежелгі қытайда әртүрлі уақыт мерзімдерін көрсетудің ерекше әдісі болды қытай тарихының әрбір кезеңі немесе бейлік басына келген әрбір отбасы ерекше династия болады
1667,Жалпы алғанда менеджерлер бұрынғы әріптестеріне басшылық ете бастағанда екі түрлі қылық пайда болуы мүмкін. Бір жағынан алдыңғы «әріптестердің бірі» (немесе құрбылардың) болып қалуға тырысады.,"Жалпы алғанда, менеджерлер бұрынғы әріптестеріне басшылық ете бастағанда екотерлік қылық пайда болуы мүмкін. Бір жағынан алдыңғы әріптестердің бірі немесе құрбылардың болып қалуға тырсады.",жалпы алғанда менеджерлер бұрынғы әріптестеріне басшылық ете бастағанда екі түрлі қылық пайда болуы мүмкін бір жағынан алдыңғы әріптестердің бірі немесе құрбылардың болып қалуға тырысады,жалпы алғанда менеджерлер бұрынғы әріптестеріне басшылық ете бастағанда екотерлік қылық пайда болуы мүмкін бір жағынан алдыңғы әріптестердің бірі немесе құрбылардың болып қалуға тырсады
1844,Айдың беті тау жынысы мен шаңнан тұрады. Айдың сыртқы қабаты қабық деп аталады.,Айдың беті тау жынысымен шаңынан тұрады. Айдың сыртқа қабаты қабық деп аталады.,айдың беті тау жынысы мен шаңнан тұрады айдың сыртқы қабаты қабық деп аталады,айдың беті тау жынысымен шаңынан тұрады айдың сыртқа қабаты қабық деп аталады
1986,"Нағыз «көзге көрінбейтін топтың» (Ларсон мен Лафасто, 1989, 109 бет) болуы да виртууалды топтың бірегей компоненті болып табылады.","Нағыз көзге көрінбейтін топтың Ларсинмен Лафасто 1989-109 үшпет, болуыда виртуалды топтың бірегей компоненті болып табылады.",нағыз көзге көрінбейтін топтың ларсон мен лафасто 1989 109 бет болуы да виртууалды топтың бірегей компоненті болып табылады,нағыз көзге көрінбейтін топтың ларсинмен лафасто 1989 109 үшпет болуыда виртуалды топтың бірегей компоненті болып табылады
1783,"Аймақтық және маусымдық ауа райы құбылыстары қарлы борандарды, мұзды борандарды және шаң дауылдарын қамтиды.","Аймақтық және маусымдық ауа райы құбылыстары, қарлы, борандарды, мызды, борандарды және шаңдауылдарынын қамтиды.",аймақтық және маусымдық ауа райы құбылыстары қарлы борандарды мұзды борандарды және шаң дауылдарын қамтиды,аймақтық және маусымдық ауа райы құбылыстары қарлы борандарды мызды борандарды және шаңдауылдарынын қамтиды
1910,"Париждіктер біртүрлілігі, дөрекілік және менмендігімен ерекшеленеді.",Париждіктер бір түрлілігі дөрекілік және менмендігімен ерекшелінеді.,париждіктер біртүрлілігі дөрекілік және менмендігімен ерекшеленеді,париждіктер бір түрлілігі дөрекілік және менмендігімен ерекшелінеді
1968,"Кейбір круиздердің кітапшаларында Германияның Берлин қаласы көрсетілген. Жоғарыдағы картадан көргеніңіздей, Берлин теңізге жақын орналаспаған және қалаға бару круиздің бағасына кірмейді.","Кейбір круиздердің кітапшаларында Германияның Берлин қаласы көрсетілген, жоғардағы картадан көргеніңіздей Берлин теңізке жақын орналаспаған және қалаға бару круиздің бағасына кірмейді.",кейбір круиздердің кітапшаларында германияның берлин қаласы көрсетілген жоғарыдағы картадан көргеніңіздей берлин теңізге жақын орналаспаған және қалаға бару круиздің бағасына кірмейді,кейбір круиздердің кітапшаларында германияның берлин қаласы көрсетілген жоғардағы картадан көргеніңіздей берлин теңізке жақын орналаспаған және қалаға бару круиздің бағасына кірмейді
1841,"Жоғарыдағы ашық, әдемі аспаннан және көптеген қоршаған таулардан басқа ештеңе көрінбейді. Үңгір ішінен бұл дүниенің өте аз бөлігін көруге немесе естуге болады.","Жоғардағы ашық, әдемі аспаннан және көптеген қоршаған тауларған басқы ештеңе көрінбейді, үңгір ішінен бұл дүниенін өте аз бөлігін көріге немесе естуге болады.",жоғарыдағы ашық әдемі аспаннан және көптеген қоршаған таулардан басқа ештеңе көрінбейді үңгір ішінен бұл дүниенің өте аз бөлігін көруге немесе естуге болады,жоғардағы ашық әдемі аспаннан және көптеген қоршаған тауларған басқы ештеңе көрінбейді үңгір ішінен бұл дүниенін өте аз бөлігін көріге немесе естуге болады
1833,Философия ғұламасы Аристотель әрбір заттың төрт элементтің біреуінен немесе бірнешесінен жасалған деген теория құрған.,Философия ғыламасы Аристотель әрбір заттың төрт элементтің біреуінен немесе бірнеше сінін жасалған деген теория құрған.,философия ғұламасы аристотель әрбір заттың төрт элементтің біреуінен немесе бірнешесінен жасалған деген теория құрған,философия ғыламасы аристотель әрбір заттың төрт элементтің біреуінен немесе бірнеше сінін жасалған деген теория құрған
1757,"Тек ұрықтық жасушалардағы мутация балаларға өтуі мүмкін, ал басқа орындағы мутация жасушалар өлімге немесе қатерлі ісікке әкелуі мүмкін.","Кек ұрықтық жасушалардағы мутация балаларға өтуі мүмкін, ал басқа орындағы мутация жасушалар өлімге немесе қатерлі сүке әкелуі мүмкін.",тек ұрықтық жасушалардағы мутация балаларға өтуі мүмкін ал басқа орындағы мутация жасушалар өлімге немесе қатерлі ісікке әкелуі мүмкін,кек ұрықтық жасушалардағы мутация балаларға өтуі мүмкін ал басқа орындағы мутация жасушалар өлімге немесе қатерлі сүке әкелуі мүмкін
1913,"Жолбарыстың ақыруы арыстанның бар күшімен ақыруына ұқсамайды, ол ақырып қатты айтқан сөздерге көбірек ұқсайды.","Жол барыстын ақыруы арыстанның бар күшімен ақыруына ұқсамайды, ол ақырып қатта етқан сөздерге көбірек ұқсайды.",жолбарыстың ақыруы арыстанның бар күшімен ақыруына ұқсамайды ол ақырып қатты айтқан сөздерге көбірек ұқсайды,жол барыстын ақыруы арыстанның бар күшімен ақыруына ұқсамайды ол ақырып қатта етқан сөздерге көбірек ұқсайды
1771,"Негізгі сахналардағы музыка аяқталғанымен, фестивальдің түннің кеш уақытына дейін музыканы ойнатуды жалғастыратын бөліктері болуы мүмкін екенін есте сақтаңыз.","Негізгі сахналардағы музыка аяқталғанымен, фестивальдың түннің кеш уақытына дейін музыканы ойнатуды жалғастыратын бөліктері болуы мүмкін екенін есте сақтаңыз.",негізгі сахналардағы музыка аяқталғанымен фестивальдің түннің кеш уақытына дейін музыканы ойнатуды жалғастыратын бөліктері болуы мүмкін екенін есте сақтаңыз,негізгі сахналардағы музыка аяқталғанымен фестивальдың түннің кеш уақытына дейін музыканы ойнатуды жалғастыратын бөліктері болуы мүмкін екенін есте сақтаңыз
1959,"Бәрібір билік органдарынан кеңес алыңыз, барлық белгілерді ескеріңіз және қауіпсіздік туралы ескертулерге ерекше көңіл бөліңіз.","Бәрібір билік органдарынан кеңес алыңыз, барлық белгілерді ескеріңіз және қауіпсіздік туралы ескертулерге ерекше көңіл бөліңіз.",бәрібір билік органдарынан кеңес алыңыз барлық белгілерді ескеріңіз және қауіпсіздік туралы ескертулерге ерекше көңіл бөліңіз,бәрібір билік органдарынан кеңес алыңыз барлық белгілерді ескеріңіз және қауіпсіздік туралы ескертулерге ерекше көңіл бөліңіз
1693,"Бірақ, капитан қақпасын жоғалтудан кейін Үндістан ойынды аяқтау үшін бар болғаны 36 рет жүгірді, 7 рет қақпаны жоғалтты.",Бірақ капитан қақпасын жоғалтудан кейін Үндістан ойынды аяқтау үшін бар болғана 36 рет шүгірді жеті рет қақпаны жоғалыпты.,бірақ капитан қақпасын жоғалтудан кейін үндістан ойынды аяқтау үшін бар болғаны 36 рет жүгірді 7 рет қақпаны жоғалтты,бірақ капитан қақпасын жоғалтудан кейін үндістан ойынды аяқтау үшін бар болғана 36 рет шүгірді жеті рет қақпаны жоғалыпты
1734,Ғалымдар қара материя басқа қара материяға қарапайым материя сияқты әсер етеді деп тұжырымдай алды.,Ғалымдыр қара материя басқа қара материяға қарапайым материя сияқты әсер етеді деп тұжымдай алды.,ғалымдар қара материя басқа қара материяға қарапайым материя сияқты әсер етеді деп тұжырымдай алды,ғалымдыр қара материя басқа қара материяға қарапайым материя сияқты әсер етеді деп тұжымдай алды
1672,Матаның тым ыстық болуына жол бермеңіз (бұл қысқаруға немесе күюіне себеп болуы мүмкін).,Матаның тұм ыстық болуына жол бермеңіз. Бұл қысқаруға немесе күйуіне себеп болуы мүмкін.,матаның тым ыстық болуына жол бермеңіз бұл қысқаруға немесе күюіне себеп болуы мүмкін,матаның тұм ыстық болуына жол бермеңіз бұл қысқаруға немесе күйуіне себеп болуы мүмкін
1906,«Бұл қоштасу болайын деп тұрған жоқ. Бұл — бір тараудың жабылуы және жаңасының ашылуы».,Бұл қоштасу болай әндіп тұрған жоқ? Бұл бір тараудың жабылуы және жаңасының ашылуы?,бұл қоштасу болайын деп тұрған жоқ бұл бір тараудың жабылуы және жаңасының ашылуы,бұл қоштасу болай әндіп тұрған жоқ бұл бір тараудың жабылуы және жаңасының ашылуы
1963,"Дымқыл киімді үтіктеу киімнің кебуіне көмектеседі. Көп қонақ үйлерде, тіпті бөлмеде болмаса да, ала тұруға болатын үтік және үтіктеу тақтасы болады.","Бұмқыл киімді үтіктеу киімнің кейбуіне көміктеседі. Көп қонақ үйлерде тіпті бөлме де болмаса да, ала тұрға болатын үтік және үтіктеу тақтасы болады.",дымқыл киімді үтіктеу киімнің кебуіне көмектеседі көп қонақ үйлерде тіпті бөлмеде болмаса да ала тұруға болатын үтік және үтіктеу тақтасы болады,бұмқыл киімді үтіктеу киімнің кейбуіне көміктеседі көп қонақ үйлерде тіпті бөлме де болмаса да ала тұрға болатын үтік және үтіктеу тақтасы болады
1870,Көріністер пирамидаларда көрсетіледі және әртүрлі пирамидалар жанады.,Көріністер пирамидаларда көрсетіледі және әртүрлі пирамидалар жанады.,көріністер пирамидаларда көрсетіледі және әртүрлі пирамидалар жанады,көріністер пирамидаларда көрсетіледі және әртүрлі пирамидалар жанады
1744,"Россби нөмірі неғұрлым кішірек болса, жұлдыздың магниттену инверсиясына қатысты белсенділігі азырақ болады.","Росби нөмірі неғырлым кішірек болса, жұлдыздың магниттену инверциясына қатысты белсенділігі азырақ болады.",россби нөмірі неғұрлым кішірек болса жұлдыздың магниттену инверсиясына қатысты белсенділігі азырақ болады,росби нөмірі неғырлым кішірек болса жұлдыздың магниттену инверциясына қатысты белсенділігі азырақ болады
1705,"1940 жылы 15 тамызда одақтастар оңтүстік Францияға басып кірді, бұл шапқыншылық «Дракон операциясы» деген атауға ие болды.",1940 жылы 15 тамызда одақтастар оңтүстік Францияға басып кірді. Бұл шаққын жылық «Дракон операциясы» деген атауға ие болды.,1940 жылы 15 тамызда одақтастар оңтүстік францияға басып кірді бұл шапқыншылық дракон операциясы деген атауға ие болды,1940 жылы 15 тамызда одақтастар оңтүстік францияға басып кірді бұл шаққын жылық дракон операциясы деген атауға ие болды
1660,"Романтизмде Гете, Фихте, Шлегель сияқты жазушылардан алынған мәдени детерминизмнің үлкен элементі болды.","Романтизмде, гиоты, фихты, шілегер сияқты жазушылардан алынған мәдени детерминизмнің үлкен элементі болды.",романтизмде гете фихте шлегель сияқты жазушылардан алынған мәдени детерминизмнің үлкен элементі болды,романтизмде гиоты фихты шілегер сияқты жазушылардан алынған мәдени детерминизмнің үлкен элементі болды
2000,"Солтүстік Балтық теңізінен қыста өтсеңіз, кабинадағы орынды қарастырыңыз, өйткені мұз арқылы өту ең көп әсер етілетін адамдар үшін айтарлықтай жаман шуды тудырады.","Солтүстік балттық теңізінен қыста – өтсеңіз, кабинадағы орынды қарастырыңыз, өткені мыз арқылы өтуі ең көп әсер етілетін адамдар үшін айтарлықтай жауман шуды тудырады.",солтүстік балтық теңізінен қыста өтсеңіз кабинадағы орынды қарастырыңыз өйткені мұз арқылы өту ең көп әсер етілетін адамдар үшін айтарлықтай жаман шуды тудырады,солтүстік балттық теңізінен қыста өтсеңіз кабинадағы орынды қарастырыңыз өткені мыз арқылы өтуі ең көп әсер етілетін адамдар үшін айтарлықтай жауман шуды тудырады
1800,Бұл көпір 2017 жылдың қыркүйек айында толығымен жұмыс істейді деп жоспарланған. Бұл жылда бразилиялық кеден бекеттері аяқталады деп күтілуде.,"Бұл көпір 2017 жылдың құрғиек айында толығымен жұмыс істейді деп жоспарланған, бұл жылда бразилиялық кейден бекеттері аяқталады деп күтілуде.",бұл көпір 2017 жылдың қыркүйек айында толығымен жұмыс істейді деп жоспарланған бұл жылда бразилиялық кеден бекеттері аяқталады деп күтілуде,бұл көпір 2017 жылдың құрғиек айында толығымен жұмыс істейді деп жоспарланған бұл жылда бразилиялық кейден бекеттері аяқталады деп күтілуде
1711,Бұл теориялар белгілі бір адамдарды қалайтын нәрселерін не қалаттыратынын және қоршаған ортасындағы қандай нәрселер белгілі бір әрекеттерді істеткізетінін немесе істеткізбейтінін қарастырады.,Бұл теориялар белгілі бір адамдарды қалайтын нәрселерін не қалаттыратынын және қоршаған ортасындағы қандай нәрселер белгілі бір әрекеттерді істеткізетінін немесе істеткізбейтінін қарастырады.,бұл теориялар белгілі бір адамдарды қалайтын нәрселерін не қалаттыратынын және қоршаған ортасындағы қандай нәрселер белгілі бір әрекеттерді істеткізетінін немесе істеткізбейтінін қарастырады,бұл теориялар белгілі бір адамдарды қалайтын нәрселерін не қалаттыратынын және қоршаған ортасындағы қандай нәрселер белгілі бір әрекеттерді істеткізетінін немесе істеткізбейтінін қарастырады
1790,"Оның жұмысы соншалықты танылған сапалы және егжей-тегжейлі болғандықтан, филателистер арасында өте аз «үй иелері атауларының » бірі болып есептеледі. Кейбіреулер өзінің жұмысын жалғыздықта жинауға маманданған.","Оның жұмысы соншалықты танылған сапалы және екжи текжейлі болғандықтан, филотистер арасында өте аз үй иелері атауларының бірі болып есептеледі. Кейбіреулер өзінің жұмысын жалғыздықта жинауға маманданған.",оның жұмысы соншалықты танылған сапалы және егжей тегжейлі болғандықтан филателистер арасында өте аз үй иелері атауларының бірі болып есептеледі кейбіреулер өзінің жұмысын жалғыздықта жинауға маманданған,оның жұмысы соншалықты танылған сапалы және екжи текжейлі болғандықтан филотистер арасында өте аз үй иелері атауларының бірі болып есептеледі кейбіреулер өзінің жұмысын жалғыздықта жинауға маманданған
1715,"Метродағы жүйелі хабарландырулар тек каталан тілінді жасалады, бірақ автоматтандырылған жүйе жоспарланбаған үзілістерді көп тілде жариялайды: испан, ағылшын, француз, араб және жапон.","Метродағы жүйелі хабарландырулар теқ каталан тілінді жасалады, бірақ автоматтандырылған жүйе жоспарламбаған үзілістерді көп тілде жариялайды, испан АҚШн Француз Арап және Жапон.",метродағы жүйелі хабарландырулар тек каталан тілінді жасалады бірақ автоматтандырылған жүйе жоспарланбаған үзілістерді көп тілде жариялайды испан ағылшын француз араб және жапон,метродағы жүйелі хабарландырулар теқ каталан тілінді жасалады бірақ автоматтандырылған жүйе жоспарламбаған үзілістерді көп тілде жариялайды испан ақшн француз арап және жапон
1869,"Оның ұзын жақтарында 70-тен астам ұстарадай өткір тістер және аузының үстіңгі жағында қосымша тістер жинағы болған, бұл оған кезіккен әрбір жануардың одан қашып кете алмайтынын білдіреді.","Оның ұзын жақтарында 70-тен астам ұстарадай өткіртістер және аузының үстінгі жағында қосымша тістер жинағы болған, бұл оған кезеккен әрбір жануардың одан қашып кете алмайтынын білдіреді.",оның ұзын жақтарында 70 тен астам ұстарадай өткір тістер және аузының үстіңгі жағында қосымша тістер жинағы болған бұл оған кезіккен әрбір жануардың одан қашып кете алмайтынын білдіреді,оның ұзын жақтарында 70 тен астам ұстарадай өткіртістер және аузының үстінгі жағында қосымша тістер жинағы болған бұл оған кезеккен әрбір жануардың одан қашып кете алмайтынын білдіреді
1847,Оны Сингапур премьер-министрінің орынбасары Вонг Кан Сенг күтіп алды және ол Сингапурдың премьер-министрі Ли Сьен Лунмен сауда және терроризм мәселелерін талқылады.,Оны Сингапур премьер-министрінің орынбасары Бонг Кан Сенг кітіп алды және ол Сингапурдың премьер-министрі Ли Сиен Лунмен сауда және терроризм мәселелерін талқылады.,оны сингапур премьер министрінің орынбасары вонг кан сенг күтіп алды және ол сингапурдың премьер министрі ли сьен лунмен сауда және терроризм мәселелерін талқылады,оны сингапур премьер министрінің орынбасары бонг кан сенг кітіп алды және ол сингапурдың премьер министрі ли сиен лунмен сауда және терроризм мәселелерін талқылады
1900,"іс жүзінде, тіпті адам оның бар екенін білсе де, оны табу оңай емес. Үңгірге түскеннен кейін толығымен оқшауланасыз.","Үс жүзінде тіпті адам оның бар екенін білседе оны табу оңай емес, үңгірге түскеннен кейін толығымен оқшауланысыз.",іс жүзінде тіпті адам оның бар екенін білсе де оны табу оңай емес үңгірге түскеннен кейін толығымен оқшауланасыз,үс жүзінде тіпті адам оның бар екенін білседе оны табу оңай емес үңгірге түскеннен кейін толығымен оқшауланысыз
1808,"Соғыс аяқталғаннан кейін екі жылда, бұрынғы одақтастар енді жаулар болды және суық соғыс басталды.",Суық саяқталғаннан кейін екі жылда бұрынғы отақтастар енді жаулар болды және суық соғыс басталды.,соғыс аяқталғаннан кейін екі жылда бұрынғы одақтастар енді жаулар болды және суық соғыс басталды,суық саяқталғаннан кейін екі жылда бұрынғы отақтастар енді жаулар болды және суық соғыс басталды
1977,"Прайдтар бірден үшке дейін туыс ересек еркек арыстаннан, сондай-ақ отыз аналық пен абданнан тұрады.",Прайттар бірден үшке дейін туыз ересек еркек арыстаннан сондай-ақ отыз аналық пен абдаманан тұрады.,прайдтар бірден үшке дейін туыс ересек еркек арыстаннан сондай ақ отыз аналық пен абданнан тұрады,прайттар бірден үшке дейін туыз ересек еркек арыстаннан сондай ақ отыз аналық пен абдаманан тұрады
1904,"Дегенмен, баяу коммуникация арналарына байланысты, батыстағы стильдер 25-30 жылға қалып отырады.","Дегенмен, баяу коммуникация араларына байланысты батыстағы стильдер 25-30 жылға қалып отырады.",дегенмен баяу коммуникация арналарына байланысты батыстағы стильдер 25 30 жылға қалып отырады,дегенмен баяу коммуникация араларына байланысты батыстағы стильдер 25 30 жылға қалып отырады
1880,Осылайша қарындаш шыққан кезде көп адамдарға жақсы дос болды.,Осылайша қарында шыққан кезде көп адамдарға жақсы дос болды.,осылайша қарындаш шыққан кезде көп адамдарға жақсы дос болды,осылайша қарында шыққан кезде көп адамдарға жақсы дос болды
1769,Мысырлықтар б.д.д. үшінші ғасырда соққан Ұлы Пирамида қайтыс болған перғауынның құрметіне соғылған көп үлкен пирамида құрылымдарының біреуі еді.,Мысырлықтар біздің дәуірімізге дейінгі үшінші ғасырда соққан ұлып терамида қайтис болған фергауынның құрметіне соғылған көп өлкен пирамида құрылымдарының біреуі еді.,мысырлықтар б д д үшінші ғасырда соққан ұлы пирамида қайтыс болған перғауынның құрметіне соғылған көп үлкен пирамида құрылымдарының біреуі еді,мысырлықтар біздің дәуірімізге дейінгі үшінші ғасырда соққан ұлып терамида қайтис болған фергауынның құрметіне соғылған көп өлкен пирамида құрылымдарының біреуі еді
1704,1990 жылы ол шөл құмдары қаупіне байланысты қауіп төніп тұрған әлемдік мұралар тізіміне қосылды.,1990 жылы ол шөл құмдары қауіпіне байланысты қауіп төніп тұрған әлемдік мұралар тізіміне қосылды.,1990 жылы ол шөл құмдары қаупіне байланысты қауіп төніп тұрған әлемдік мұралар тізіміне қосылды,1990 жылы ол шөл құмдары қауіпіне байланысты қауіп төніп тұрған әлемдік мұралар тізіміне қосылды
1918,Сундарбан ЮНЕСКО-ның әлемдік мұра орны деп жарияланды. Үндістан территориясындағы орманның бөлігі Сундарбан ұлттық паркі деп аталады.,Сундарбан Юниасканың әлемдік мұра орны деп жарияланады. Үндістан территориясындағы орманның бөлігі Сундарбан Ұлттық паркі деп аталады.,сундарбан юнеско ның әлемдік мұра орны деп жарияланды үндістан территориясындағы орманның бөлігі сундарбан ұлттық паркі деп аталады,сундарбан юниасканың әлемдік мұра орны деп жарияланады үндістан территориясындағы орманның бөлігі сундарбан ұлттық паркі деп аталады
1718,Антиквариат болып табылатын бұйымдар үшін ортақ анықтама берілмеген. Кейбір салық органдары 100 жастан асқан бұймыдарды антиквариат деп атайды.,Антиквариат болып табылатын бұйымдар үшін ортақ анықтама берілмеген. Кейбір салық органдары жүз жастан асқан бұймыдарды антиквариат деп атайды.,антиквариат болып табылатын бұйымдар үшін ортақ анықтама берілмеген кейбір салық органдары 100 жастан асқан бұймыдарды антиквариат деп атайды,антиквариат болып табылатын бұйымдар үшін ортақ анықтама берілмеген кейбір салық органдары жүз жастан асқан бұймыдарды антиквариат деп атайды
1684,Апиа - Самоаның астанасы. Бұл қала Уполу аралында орналасқан және оның халқы 40 000-нан сәл төмен.,Апиа Самоаның астанасы. Бұл қала Уполу аралымда орналасқан және оның халқы қырық мыңнан сәлтумен.,апиа самоаның астанасы бұл қала уполу аралында орналасқан және оның халқы 40 000 нан сәл төмен,апиа самоаның астанасы бұл қала уполу аралымда орналасқан және оның халқы қырық мыңнан сәлтумен
1949,Энтомологтар «жәндік» терминін осы жәндіктер тобы үшін ресми мағынада пайдаланады.,Интомолоктар жәндік терминін осы жәндіктер тобы үшін ресми мағынада пайдаланады.,энтомологтар жәндік терминін осы жәндіктер тобы үшін ресми мағынада пайдаланады,интомолоктар жәндік терминін осы жәндіктер тобы үшін ресми мағынада пайдаланады
1999,"1960 жылдары Бжезинский Джон Кеннедидің кеңесшісі болып, содан кейін Линдон Б. Джонсон әкімшілігінде жұмыс істеді.","1960 жылдарды биженски Джон Кенидидің кеңешісі болып, содан кейін Линдон Б и Джонсон әкімшілігіне жұмыс істеде.",1960 жылдары бжезинский джон кеннедидің кеңесшісі болып содан кейін линдон б джонсон әкімшілігінде жұмыс істеді,1960 жылдарды биженски джон кенидидің кеңешісі болып содан кейін линдон б и джонсон әкімшілігіне жұмыс істеде
1991,Еуропалық тарихтың осы кезеңінде бай және қуатты болған католик шіркеуі қатаң бақылауға алынды.,Еуропалық тарихтың осы кезеңінде бай және қуатты болған католик шіркеуі қатаң бақылауға алынды.,еуропалық тарихтың осы кезеңінде бай және қуатты болған католик шіркеуі қатаң бақылауға алынды,еуропалық тарихтың осы кезеңінде бай және қуатты болған католик шіркеуі қатаң бақылауға алынды
1692,"Жапонияның ядролық агенттігінің хабарлауынша, зауытта радиоактивті цезий мен йод анықталған.","Жапонияның ядрлық агенттігінің хабарлауынша, зағуытта радиоактивті цези мен Йот анықталған.",жапонияның ядролық агенттігінің хабарлауынша зауытта радиоактивті цезий мен йод анықталған,жапонияның ядрлық агенттігінің хабарлауынша зағуытта радиоактивті цези мен йот анықталған
1667,Жалпы алғанда менеджерлер бұрынғы әріптестеріне басшылық ете бастағанда екі түрлі қылық пайда болуы мүмкін. Бір жағынан алдыңғы «әріптестердің бірі» (немесе құрбылардың) болып қалуға тырысады.,Жалпы алғанда менеджерлер бұрынғы әріптестеріне басшылық ете бастағанда екі түрлі құлық пайда болуы мүмкін. Бір жағынан алдыңғы әріптестердің бірі немесе құрыбылардың болып қалуға тұрысады.,жалпы алғанда менеджерлер бұрынғы әріптестеріне басшылық ете бастағанда екі түрлі қылық пайда болуы мүмкін бір жағынан алдыңғы әріптестердің бірі немесе құрбылардың болып қалуға тырысады,жалпы алғанда менеджерлер бұрынғы әріптестеріне басшылық ете бастағанда екі түрлі құлық пайда болуы мүмкін бір жағынан алдыңғы әріптестердің бірі немесе құрыбылардың болып қалуға тұрысады
1704,1990 жылы ол шөл құмдары қаупіне байланысты қауіп төніп тұрған әлемдік мұралар тізіміне қосылды.,1990 жылы ол шөлқұмдары қауіпіне байланысты қауіп төніп тұрған әлемдік маралар тізіміне қосылды.,1990 жылы ол шөл құмдары қаупіне байланысты қауіп төніп тұрған әлемдік мұралар тізіміне қосылды,1990 жылы ол шөлқұмдары қауіпіне байланысты қауіп төніп тұрған әлемдік маралар тізіміне қосылды
2004,"Дәл осы айда тағы бір ұшақ Мешхедтің ұшу-қону жолағын басып өтіп, қабырғаға соғылып он жеті адамды өлтірді.","Дәл осайда тағы бұрышақ. Мешхаттің ішу қону жолағын басып өтіп, қабырғаға соғылы бонжеті адамды өлтірді.",дәл осы айда тағы бір ұшақ мешхедтің ұшу қону жолағын басып өтіп қабырғаға соғылып он жеті адамды өлтірді,дәл осайда тағы бұрышақ мешхаттің ішу қону жолағын басып өтіп қабырғаға соғылы бонжеті адамды өлтірді
1852,"Блогтарды тиісті түрде қолдану студенттердің аналитикалық және критикалық ойлауын әлдеқайда күшейтуі мүмкін. Интернет материалдарына белсенді түрде жауап беру арқылы олар басқа адамдардың жазбаларына қатысты өздерінің позициясын айқындай алады, сондай-ақ нақты бір мәселелер бойынша өздерінің көзқарастарын білдіре алады (Oravec, 2002).","Блогтарды тис түрде қолдану студенттердің аналитикалық және критикалық ойлауын әлді қайда күшедуі мүмкін, интернет материалдарына белсенді түрде жауап беру арқылы олар басқа адамдардың жазбаларына қатысты өздерінің позициясын айқындай алады, сондай-ақ нақты бір мәсілілер бойынша өздерінің көзғарыстарын білдіре алады. Оравек, 2.2.",блогтарды тиісті түрде қолдану студенттердің аналитикалық және критикалық ойлауын әлдеқайда күшейтуі мүмкін интернет материалдарына белсенді түрде жауап беру арқылы олар басқа адамдардың жазбаларына қатысты өздерінің позициясын айқындай алады сондай ақ нақты бір мәселелер бойынша өздерінің көзқарастарын білдіре алады oravec 2002,блогтарды тис түрде қолдану студенттердің аналитикалық және критикалық ойлауын әлді қайда күшедуі мүмкін интернет материалдарына белсенді түрде жауап беру арқылы олар басқа адамдардың жазбаларына қатысты өздерінің позициясын айқындай алады сондай ақ нақты бір мәсілілер бойынша өздерінің көзғарыстарын білдіре алады оравек 2 2
1907,Соғыс басталғаннан кейін жуық арада Ұлыбритания Германияны әскери-теңіз қоршауына алды.,Соғыс басталғанны әнкейін Жоғарада Ұлыбритания Германияны әскери теңіз қоршауына алды.,соғыс басталғаннан кейін жуық арада ұлыбритания германияны әскери теңіз қоршауына алды,соғыс басталғанны әнкейін жоғарада ұлыбритания германияны әскери теңіз қоршауына алды
1805,"Scotturb 403 автобусы Синтраға қалыпты түрде қатынап отырады да, Рока мүйісінде тоқтайды.","Скат Чор 400 ұш автоусы, Стинтрақға қалыпты түрде қатына ботырады да, Роком есінде тоқтайды.",scotturb 403 автобусы синтраға қалыпты түрде қатынап отырады да рока мүйісінде тоқтайды,скат чор 400 ұш автоусы стинтрақға қалыпты түрде қатына ботырады да роком есінде тоқтайды
1760,"Мозасавр өз заманының ең жоғары жыртқышы болған, сондықтан ол басқа мозасаврлардан басқа ештеңеден қорықпаған.","Мазасабр өз заманның ең жоғарға дұрсықшы болған, сондықтан ол басқа мазасабрлардан басқа ештеңеден қорықпаған.",мозасавр өз заманының ең жоғары жыртқышы болған сондықтан ол басқа мозасаврлардан басқа ештеңеден қорықпаған,мазасабр өз заманның ең жоғарға дұрсықшы болған сондықтан ол басқа мазасабрлардан басқа ештеңеден қорықпаған
1741,"Солтүстікте ары қарай орналасқан үлкен аумақтарда халық өте сирек қоныстанған, ал кейбіреулері елсіз дерлік жабайы жерлер.","Солтүстікте арықарай орналасқан үлкен аумақтарда халық өте сирек қоныстанған, ал кейбіреулері елсіз дерлік жабайешерлер.",солтүстікте ары қарай орналасқан үлкен аумақтарда халық өте сирек қоныстанған ал кейбіреулері елсіз дерлік жабайы жерлер,солтүстікте арықарай орналасқан үлкен аумақтарда халық өте сирек қоныстанған ал кейбіреулері елсіз дерлік жабайешерлер
1700,"Күңгірт жерлердің асты жұқа, ал жарық жерлердің асты қалың тау жынысынан тұрады.","Күңгірт жерлердің асты жақа, ау жарық жерлердің асты қалынтау жұмыстан тұрады.",күңгірт жерлердің асты жұқа ал жарық жерлердің асты қалың тау жынысынан тұрады,күңгірт жерлердің асты жақа ау жарық жерлердің асты қалынтау жұмыстан тұрады
1674,"Кейбір аумақтарда суды бір минут бойы қайнату жеткілікті, ал басқаларында бірнеше минут қажет.","Кейбір аумақтарда суды бір минутты бойы қайнату жеткілікті, ал басқаларында бірнеше минутқа жет.",кейбір аумақтарда суды бір минут бойы қайнату жеткілікті ал басқаларында бірнеше минут қажет,кейбір аумақтарда суды бір минутты бойы қайнату жеткілікті ал басқаларында бірнеше минутқа жет
1797,Әр адам қоғамға қатысады және көлік жүйелерін пайдаланады. Әркім дерлік көлік жүйелері туралы шағымданады.,"Әр адам қоғамға қатысады және көлік жүйелерін пайдаланады, әркімдерлік көлік жүйелері туралы шағымданады.",әр адам қоғамға қатысады және көлік жүйелерін пайдаланады әркім дерлік көлік жүйелері туралы шағымданады,әр адам қоғамға қатысады және көлік жүйелерін пайдаланады әркімдерлік көлік жүйелері туралы шағымданады
1770,"Бұл орынды болып көрінеді, өйткені Жердің қозғалғаны сезілмейді, солай емес пе?","Бұл орынды болып көрінеді, өйткені жердің қозғалғаны сезілмейді, сола емесбе.",бұл орынды болып көрінеді өйткені жердің қозғалғаны сезілмейді солай емес пе,бұл орынды болып көрінеді өйткені жердің қозғалғаны сезілмейді сола емесбе
1729,"Мысалы, Солтүстік Каролина штатындағы Беннет мектебінің студенттері жыл сайын штат астанасына сапары туралы веб-сайтын жасайды, бұл веб-сайт жыл сайын қайта жасалады, бірақ ескі нұсқалар альбом ретінде онлайн сақталады.","Мысалы, солтүстік Каролинна штатындағы Беннип мектебін студентері жыл сайын штат астанасына сапары туралы веб-сайтын жасайды. Бұл веб-сайын жыл сайын қайта жасалады, бірақ ескі нұсқалар альбом ретінде онлайн сақталады.",мысалы солтүстік каролина штатындағы беннет мектебінің студенттері жыл сайын штат астанасына сапары туралы веб сайтын жасайды бұл веб сайт жыл сайын қайта жасалады бірақ ескі нұсқалар альбом ретінде онлайн сақталады,мысалы солтүстік каролинна штатындағы беннип мектебін студентері жыл сайын штат астанасына сапары туралы веб сайтын жасайды бұл веб сайын жыл сайын қайта жасалады бірақ ескі нұсқалар альбом ретінде онлайн сақталады
1799,"Сәрсенбі күнгі оқиғадан басқа, Карпанедо чемпионаттағы екі жеке жарыста қатысты.","Сәрсенбі күңгі оқиғадан басқа, Карпаниядау чемпионаттағы екі жеке жарыста қатысты.",сәрсенбі күнгі оқиғадан басқа карпанедо чемпионаттағы екі жеке жарыста қатысты,сәрсенбі күңгі оқиғадан басқа карпаниядау чемпионаттағы екі жеке жарыста қатысты
1755,Бір бомба генерал-губернатор кеңсесінің сыртында жарылды.,Бір бомба генерал генерал гембурнатор кенсесінін сыртында жарылды.,бір бомба генерал губернатор кеңсесінің сыртында жарылды,бір бомба генерал генерал гембурнатор кенсесінін сыртында жарылды
1757,"Тек ұрықтық жасушалардағы мутация балаларға өтуі мүмкін, ал басқа орындағы мутация жасушалар өлімге немесе қатерлі ісікке әкелуі мүмкін.","Тек ұрықтық жасушалардағы мутация балаларға өтуі мүмкін, ал басқа орындағы мутация жасушалар өлімге немесе қатерлі ісікке әкелуі мүмкін.",тек ұрықтық жасушалардағы мутация балаларға өтуі мүмкін ал басқа орындағы мутация жасушалар өлімге немесе қатерлі ісікке әкелуі мүмкін,тек ұрықтық жасушалардағы мутация балаларға өтуі мүмкін ал басқа орындағы мутация жасушалар өлімге немесе қатерлі ісікке әкелуі мүмкін
1909,"Виртуалды топтар кәдімгі топтар сияқты бірдей жоғары сапа стандарттарын ұстанады, дегенмен мұнда кішігірім айырмашылықтар бар.","Виртуалды топтар кәдімгі топтар сияқты бірдейі жоғары сапа стандарттарыныстанады, дегенмен мұнда кішігірі майырмашылықтар бар.",виртуалды топтар кәдімгі топтар сияқты бірдей жоғары сапа стандарттарын ұстанады дегенмен мұнда кішігірім айырмашылықтар бар,виртуалды топтар кәдімгі топтар сияқты бірдейі жоғары сапа стандарттарыныстанады дегенмен мұнда кішігірі майырмашылықтар бар
1859,Орта ғасырлардың соңына қарай Батыс Еуропа өз стилін дамыта бастады. Бұл уақыттағы кірескерлердің нәтижесіндегі ең үлкен дамуларының бірі болып адамдардың киімін жабу үшін түймелерді пайдалануы табылады.,Ортағасырлардың соңына қарай Батсиуропа өз стиліндамта бастады. Бұл уақыттағы кіріскерлердің нәтшесіндегі ең үлкен дамуларының бірі болып адамдардың кейімін жабу үшін түймелерді пайдалануы табылады.,орта ғасырлардың соңына қарай батыс еуропа өз стилін дамыта бастады бұл уақыттағы кірескерлердің нәтижесіндегі ең үлкен дамуларының бірі болып адамдардың киімін жабу үшін түймелерді пайдалануы табылады,ортағасырлардың соңына қарай батсиуропа өз стиліндамта бастады бұл уақыттағы кіріскерлердің нәтшесіндегі ең үлкен дамуларының бірі болып адамдардың кейімін жабу үшін түймелерді пайдалануы табылады
1700,"Күңгірт жерлердің асты жұқа, ал жарық жерлердің асты қалың тау жынысынан тұрады.","Күңгір жерлердің асты жықа, ал жалрық жерлердің асты қалың талжыңысынан тұрады.",күңгірт жерлердің асты жұқа ал жарық жерлердің асты қалың тау жынысынан тұрады,күңгір жерлердің асты жықа ал жалрық жерлердің асты қалың талжыңысынан тұрады
1684,Апиа - Самоаның астанасы. Бұл қала Уполу аралында орналасқан және оның халқы 40 000-нан сәл төмен.,Апиа Самоның астанасы. Бұл қала Упову аралында орналысқан және оның халықып қырықманнан сәлтөмен.,апиа самоаның астанасы бұл қала уполу аралында орналасқан және оның халқы 40 000 нан сәл төмен,апиа самоның астанасы бұл қала упову аралында орналысқан және оның халықып қырықманнан сәлтөмен
1937,"Дегенмен, бұл жоспарлар бір түнде дерлік ескіріп кетті. Кеңес Одағының қызыл әскернің 800 000 сарбазы келіп, Ригадағы бейбітшілік туралы келісімді, кеңес-поляк агрессия жасамау туралы пактісін және басқа халықаралық (екі жақты және көп жақты) келісімдерді бұза отырып Польшаның шығыс аймақтарына басып кіргеннен кейін Беларус және Украина фронттарын жасады.","Дегенмен, бұл бұлын жоспарлар бір түнде дерлік ескіріп кетті. Кеңес одағының қызыл әскерінің 800 000 сарбазы келіп, ригадағы бейбітшілік туралы келісімді, кеңес поляк агрессия жасамау туралы пақтысын және басқа халықаралық екіржақты және көп жақты келісімдерді бұза отырып,Поршаның шығыс аймақтарына басып, кіргенінен кейін Беларус және Украина фронттарын жасады.",дегенмен бұл жоспарлар бір түнде дерлік ескіріп кетті кеңес одағының қызыл әскернің 800 000 сарбазы келіп ригадағы бейбітшілік туралы келісімді кеңес поляк агрессия жасамау туралы пактісін және басқа халықаралық екі жақты және көп жақты келісімдерді бұза отырып польшаның шығыс аймақтарына басып кіргеннен кейін беларус және украина фронттарын жасады,дегенмен бұл бұлын жоспарлар бір түнде дерлік ескіріп кетті кеңес одағының қызыл әскерінің 800 000 сарбазы келіп ригадағы бейбітшілік туралы келісімді кеңес поляк агрессия жасамау туралы пақтысын және басқа халықаралық екіржақты және көп жақты келісімдерді бұза отырып поршаның шығыс аймақтарына басып кіргенінен кейін беларус және украина фронттарын жасады
1776,"Бір түн ішінде 150-ден 200-ге дейін көшірмелер жасалып, олар қазір «Dunlap broadsides» ретінде белгілі.",Бір түн ішінде 150-де-250ге дейін көшірмелер жасалы пол қазір Дунлап-Броуд-Сайт сіретінде белгілі.,бір түн ішінде 150 ден 200 ге дейін көшірмелер жасалып олар қазір dunlap broadsides ретінде белгілі,бір түн ішінде 150 де 250ге дейін көшірмелер жасалы пол қазір дунлап броуд сайт сіретінде белгілі
2005,Бірақ құстарда динозаврдікіне ұқсайтын көп нәрселер әлі де бар.,"Бірақ құстарды динозаврды кіне ұқсайтын көп нәрселері ді, әлі де бар.",бірақ құстарда динозаврдікіне ұқсайтын көп нәрселер әлі де бар,бірақ құстарды динозаврды кіне ұқсайтын көп нәрселері ді әлі де бар
2001,"Саяхаттаушыларға өз аумағына әсер ететін ауыр ауа райының кез келген қаупі туралы хабардар болу туралы кеңес беріледі, өйткені олар барлық саяхаттау туралы жоспарларға әсер етуі мүмкін.","Саяхаттаушыларға өз аумағына әсер ететін ауыр ауа райынын кез келген қаупі туралы хабардар болу туралы кеңес беріледі, өйткені олар барлық саяхаттау туралы жоспарларға әсер етуі мүмкін.",саяхаттаушыларға өз аумағына әсер ететін ауыр ауа райының кез келген қаупі туралы хабардар болу туралы кеңес беріледі өйткені олар барлық саяхаттау туралы жоспарларға әсер етуі мүмкін,саяхаттаушыларға өз аумағына әсер ететін ауыр ауа райынын кез келген қаупі туралы хабардар болу туралы кеңес беріледі өйткені олар барлық саяхаттау туралы жоспарларға әсер етуі мүмкін
1666,"Сондай-ақ өзіңіздікінен басқа үкіметтерден кеңес алғыңыз келуі мүмкін, бірақ олардың кеңесі өз азаматтарына арналған.","Сондай-ақ өзіңіздікінен насқа үкіметтерден кеңес алғыңыз келуі мүмкін, бірақ олардың кеңесі өз азаматтарына арналған.",сондай ақ өзіңіздікінен басқа үкіметтерден кеңес алғыңыз келуі мүмкін бірақ олардың кеңесі өз азаматтарына арналған,сондай ақ өзіңіздікінен насқа үкіметтерден кеңес алғыңыз келуі мүмкін бірақ олардың кеңесі өз азаматтарына арналған
1769,Мысырлықтар б.д.д. үшінші ғасырда соққан Ұлы Пирамида қайтыс болған перғауынның құрметіне соғылған көп үлкен пирамида құрылымдарының біреуі еді.,Мысырлықтар біздің заманымызға дейінгі үшінші ғасырда соққан Ұлы пирамида қайтыс болған перғалының құрметіне сауылған көп үлкен пирамида құруымдарының біреуеді.,мысырлықтар б д д үшінші ғасырда соққан ұлы пирамида қайтыс болған перғауынның құрметіне соғылған көп үлкен пирамида құрылымдарының біреуі еді,мысырлықтар біздің заманымызға дейінгі үшінші ғасырда соққан ұлы пирамида қайтыс болған перғалының құрметіне сауылған көп үлкен пирамида құруымдарының біреуеді
