id,ref,hyp,ref_norm,hyp_norm
1904,"However, due to the slow communication channels, styles in the west could lag behind by 25 to 30 year.",however due to the slow communication channels styles in the west could lag behind by f to t years,however due to the slow communication channels styles in the west could lag behind by 25 to 30 year,however due to the slow communication channels styles in the west could lag behind by f to t years
1675,"All nouns, alongside the word Sie for you, always begin with a capital letter, even in the middle of a sentence.",all nowns alongside the world's say for you always begin with a capital letter even in the middle of a sentence,all nouns alongside the word sie for you always begin with a capital letter even in the middle of a sentence,all nowns alongside the world s say for you always begin with a capital letter even in the middle of a sentence
1950,To the north and within easy reach is the romantic and fascinating town of Sintra and which was made famous to foreigners after a glowing account of its splendours recorded by Lord Byron.,to the north and within easy reach is a romantic and fascinating town of cintra and which was made famous to foreigners after a glowing account of its splendures recorded by lord byron,to the north and within easy reach is the romantic and fascinating town of sintra and which was made famous to foreigners after a glowing account of its splendours recorded by lord byron,to the north and within easy reach is a romantic and fascinating town of cintra and which was made famous to foreigners after a glowing account of its splendures recorded by lord byron
1728,The cabbage juice changes color depending on how acidic or basic (alkaline) the chemical is.,the cabig juse changes color depending on how astitic basic alcoline the chemical is,the cabbage juice changes color depending on how acidic or basic alkaline the chemical is,the cabig juse changes color depending on how astitic basic alcoline the chemical is
1972,Many people don't think about them as dinosaurs because they have feathers and can fly.,many people don't think about them as dinosors because they have feathers and can fly,many people don t think about them as dinosaurs because they have feathers and can fly,many people don t think about them as dinosors because they have feathers and can fly
1938,"The hospital has followed protocol for infection control, including separating the patient from others to prevent possible infection of others.",the hospitle has followed protocol for infection control including separating the patient from others to prevent possible infection of others,the hospital has followed protocol for infection control including separating the patient from others to prevent possible infection of others,the hospitle has followed protocol for infection control including separating the patient from others to prevent possible infection of others
1876,The Northern Marianas emergency management office said that there were no damages reported in the nation.,the northern mariana's emergency management office said that there were no damages reported in the nation,the northern marianas emergency management office said that there were no damages reported in the nation,the northern mariana s emergency management office said that there were no damages reported in the nation
1914,Twentieth century research has shown that there are two pools of genetic variation: hidden and expressed.,twentieth century research has shown that there are two pules of genetic variation hidden and expressed,twentieth century research has shown that there are two pools of genetic variation hidden and expressed,twentieth century research has shown that there are two pules of genetic variation hidden and expressed
1846,The aspect ratio of this format (dividing by twelve to obtain the simplest whole-number ratio) is therefore said to be 3:2.,the aspect ratio of this format dividing by twv to obtain the simplest whole number ratio is therefore said to be free to two,the aspect ratio of this format dividing by twelve to obtain the simplest whole number ratio is therefore said to be 3 2,the aspect ratio of this format dividing by twv to obtain the simplest whole number ratio is therefore said to be free to two
1806,"As light pollution in their heyday was not the kind of problem it is today, they are usually located in cities or at campuses, easier to reach than those built in modern times.",as light pollution in their hayday was not the kind of problem it is today they are usually located in cities or at campuses easier to reach than those built in modern times,as light pollution in their heyday was not the kind of problem it is today they are usually located in cities or at campuses easier to reach than those built in modern times,as light pollution in their hayday was not the kind of problem it is today they are usually located in cities or at campuses easier to reach than those built in modern times
1776,"Through the night between 150 and 200 copies were made, now known as ""Dunlap broadsides"".",the night between ot and  copies were made now known as dunlap broadsizes,through the night between 150 and 200 copies were made now known as dunlap broadsides,the night between ot and copies were made now known as dunlap broadsizes
1729,"For example, each year students from Bennet School in North Carolina design a website about their trip to the State Capital, each year the website gets remodeled, but old versions are kept online to serve as a scrapbook.",for example each year students from bennett school ind north carolina designe a website about their trip to the state capital each year the website gets remodeled but old versions are kept on line to serve as a scrap book,for example each year students from bennet school in north carolina design a website about their trip to the state capital each year the website gets remodeled but old versions are kept online to serve as a scrapbook,for example each year students from bennett school ind north carolina designe a website about their trip to the state capital each year the website gets remodeled but old versions are kept on line to serve as a scrap book
1855,"Lion prides act much like packs of wolves or dogs, animals surprisingly similar to lions (but not other big cats) in behavior, and also very deadly to their prey.",lion prize acts much like packs of wolves or dogs animals surprisingly similar to lions but not other big cats in behaviour and also very deadly to their prey,lion prides act much like packs of wolves or dogs animals surprisingly similar to lions but not other big cats in behavior and also very deadly to their prey,lion prize acts much like packs of wolves or dogs animals surprisingly similar to lions but not other big cats in behaviour and also very deadly to their prey
1919,The city is also the base to climb the Nyiragongo volcano along with some of the cheapest Mountain Gorilla tracking in Africa.,the city is also the base to climb the niraigango volcano along with some of the cheapest mountain gerilla trafficking in africa,the city is also the base to climb the nyiragongo volcano along with some of the cheapest mountain gorilla tracking in africa,the city is also the base to climb the niraigango volcano along with some of the cheapest mountain gerilla trafficking in africa
1802,The Internet combines elements of both mass and interpersonal communication.,the internet combines elements of both mass and interpersonal communication,the internet combines elements of both mass and interpersonal communication,the internet combines elements of both mass and interpersonal communication
1711,These theories look at what it is about certain people that make them want the things that they do and what things in their environment will make them do or not do certain things.,these fellis look at what it is about certain people that make them want the things that they do and what things in their environment will make them do or not do certain things,these theories look at what it is about certain people that make them want the things that they do and what things in their environment will make them do or not do certain things,these fellis look at what it is about certain people that make them want the things that they do and what things in their environment will make them do or not do certain things
1685,"For example, the most common still image photography format in the world is 35mm, which was the dominant film size at the close of the analog film era.",for example the most common still image photography format in the world is  mm which was the dominant film size at the close of the analogue film era,for example the most common still image photography format in the world is 35mm which was the dominant film size at the close of the analog film era,for example the most common still image photography format in the world is mm which was the dominant film size at the close of the analogue film era
1992,"The term safari in popular use refers to overland travel to view the stunning African wildlife, particularly on savanna.",the term stafari and popular loose refers to overland travel to view the stunning african wiildlife particularly on savanna,the term safari in popular use refers to overland travel to view the stunning african wildlife particularly on savanna,the term stafari and popular loose refers to overland travel to view the stunning african wiildlife particularly on savanna
2005,But there are a lot of things about birds that still look like a dinosaur.,but they are a lot of things about boards that still wook like a dian sor,but there are a lot of things about birds that still look like a dinosaur,but they are a lot of things about boards that still wook like a dian sor
1982,"Women: It is recommended that any women travellers say that they are married, regardless of actual marital status.",women is recommended that any women travellers say that they are married regardless of actual merital status,women it is recommended that any women travellers say that they are married regardless of actual marital status,women is recommended that any women travellers say that they are married regardless of actual merital status
1674,"In some areas boiling water for a minute is enough, in others several minutes are needed.",in some areas boiling water for a minute is enough and other several minutes are needed,in some areas boiling water for a minute is enough in others several minutes are needed,in some areas boiling water for a minute is enough and other several minutes are needed
1952,"Anyone who's going to drive at high latitudes or over mountain passes should consider the possibility of snow, ice, or freezing temperatures.",anyone who is going to drive at hat lititudes or over mountain passes should consider the possibility of snow ice or freezing temperatures,anyone who s going to drive at high latitudes or over mountain passes should consider the possibility of snow ice or freezing temperatures,anyone who is going to drive at hat lititudes or over mountain passes should consider the possibility of snow ice or freezing temperatures
1752,"As a result, two fish species have become extinct, and two others have become endangered, including the humpback chub.",as a result two fish species have become extinct and two others have become endangered including the hump back chub,as a result two fish species have become extinct and two others have become endangered including the humpback chub,as a result two fish species have become extinct and two others have become endangered including the hump back chub
1749,"It was ruled by the ""Vichy"" French. These were French people who had made peace with the Germans in 1940 and worked with the invaders instead of fighting them.",it was ruled by the viki french these were french people who had made peace with the germans in f and worked with the invaders instead of fighting them,it was ruled by the vichy french these were french people who had made peace with the germans in 1940 and worked with the invaders instead of fighting them,it was ruled by the viki french these were french people who had made peace with the germans in f and worked with the invaders instead of fighting them
1705,"On 15 August 1940, the Allies invaded southern France, the invasion was called ""Operation Dragoon"".",on august f f the allies invaded southern france and the invasion was called operation dragoon,on 15 august 1940 the allies invaded southern france the invasion was called operation dragoon,on august f f the allies invaded southern france and the invasion was called operation dragoon
1662,Alloys are basically a mixture of two or more metals. Don't forget that there are many elements on the periodic table.,alloys are basically a mixure of two or more metals don't forget there are many elements on the piriety of   table,alloys are basically a mixture of two or more metals don t forget that there are many elements on the periodic table,alloys are basically a mixure of two or more metals don t forget there are many elements on the piriety of table
1729,"For example, each year students from Bennet School in North Carolina design a website about their trip to the State Capital, each year the website gets remodeled, but old versions are kept online to serve as a scrapbook.",for example each year students from bennet school in north carolina design a website about their trip to a state capital each year the website gets remodeled but old resions are kept on line to serve as a scrap book,for example each year students from bennet school in north carolina design a website about their trip to the state capital each year the website gets remodeled but old versions are kept online to serve as a scrapbook,for example each year students from bennet school in north carolina design a website about their trip to a state capital each year the website gets remodeled but old resions are kept on line to serve as a scrap book
1790,"His work is of such recognized quality and detail that he is one of the very few ""household names"" among philatelists. Some specialize in collecting his work alone.",his work is of such recognized quality and detail that he is one of the very few household names among philatelliss som specialized in collecting his work alone,his work is of such recognized quality and detail that he is one of the very few household names among philatelists some specialize in collecting his work alone,his work is of such recognized quality and detail that he is one of the very few household names among philatelliss som specialized in collecting his work alone
1858,"Danielle Lantagne, a UN expert on the disease, stated the outbreak was likely caused by the peacekeepers.",daniel lantigi a un expert on the disease stated that outbreak was likely caused by the peacekeepers,danielle lantagne a un expert on the disease stated the outbreak was likely caused by the peacekeepers,daniel lantigi a un expert on the disease stated that outbreak was likely caused by the peacekeepers
1789,"The other nominations include Best Picture, Director, Cinematography, Costume Design, Film-editing, Original Score, Production Design, Sound Editing, Sound Mixing and Original Screenplay.",the other nominations include best picture director senmatography coson design film edding original score production design solnd edding sound mixing and original screen play,the other nominations include best picture director cinematography costume design film editing original score production design sound editing sound mixing and original screenplay,the other nominations include best picture director senmatography coson design film edding original score production design solnd edding sound mixing and original screen play
1909,"Virtual teams are held to the same standards of excellence as conventional teams, but there are subtle differences.",virtual teams are held to the same standard of excellence as conventional teams but there are subtle differences,virtual teams are held to the same standards of excellence as conventional teams but there are subtle differences,virtual teams are held to the same standard of excellence as conventional teams but there are subtle differences
1897,"In the north the region is bounded by the Sahel, and in the south and west by the Atlantic Ocean.",in the north the region is bounded by the sahel and in the south and west by the atlantic ocean,in the north the region is bounded by the sahel and in the south and west by the atlantic ocean,in the north the region is bounded by the sahel and in the south and west by the atlantic ocean
1680,"A well rounded athlete, the tiger can climb (though not well), swim, leap great distances and pull with five times the force of a strong human.",a well-rounded athlete the tiger can climb though not well swim leap great distances and pull with five times the force of a strong human,a well rounded athlete the tiger can climb though not well swim leap great distances and pull with five times the force of a strong human,a well rounded athlete the tiger can climb though not well swim leap great distances and pull with five times the force of a strong human
1953,He was subsequently relocated to Addenbrooke's Hospital in Cambridge.,he was subsequently relocated to edinbrook's hospital in cambridge,he was subsequently relocated to addenbrooke s hospital in cambridge,he was subsequently relocated to edinbrook s hospital in cambridge
1740,The pyramid sound and light show is one of the most interesting things in the area for kids.,the pyramid's sound and light show is one of the most interesting things in the area for kids,the pyramid sound and light show is one of the most interesting things in the area for kids,the pyramid s sound and light show is one of the most interesting things in the area for kids
1717,"Due to the underwater topology the return flow is concentrated at a few deeper sections, and a fast current to deep water may form there.",due to the underwater topology the return flow is concentrated at a few deeper sections and a fast current to deep water may form there,due to the underwater topology the return flow is concentrated at a few deeper sections and a fast current to deep water may form there,due to the underwater topology the return flow is concentrated at a few deeper sections and a fast current to deep water may form there
1987,"The crash occurred high up in mountainous terrain, and is believed to have been the result of hostile fire.",the crash occurred high up in mountainous terrain and is valuv to have been the result of hostile fire,the crash occurred high up in mountainous terrain and is believed to have been the result of hostile fire,the crash occurred high up in mountainous terrain and is valuv to have been the result of hostile fire
1990,"Blogs can also help improve student writing. While students often begin their blog experience with sloppy grammar and spelling, the presence of an audience generally changes that.",blogs can also help improve student writing while students often begin their blog experience with sloppy grammar and spelling the presence of an audious generally changeestep,blogs can also help improve student writing while students often begin their blog experience with sloppy grammar and spelling the presence of an audience generally changes that,blogs can also help improve student writing while students often begin their blog experience with sloppy grammar and spelling the presence of an audious generally changeestep
1908,This is an important way to distinguish between some verbs and objects.,this is an important way to distinguish between some verbs and objects,this is an important way to distinguish between some verbs and objects,this is an important way to distinguish between some verbs and objects
1752,"As a result, two fish species have become extinct, and two others have become endangered, including the humpback chub.",as a result two fish species have become extinct and two others have become endangered including the humpback chub,as a result two fish species have become extinct and two others have become endangered including the humpback chub,as a result two fish species have become extinct and two others have become endangered including the humpback chub
2005,But there are a lot of things about birds that still look like a dinosaur.,but there are a lot of things about birds that still look like a vinos sorc,but there are a lot of things about birds that still look like a dinosaur,but there are a lot of things about birds that still look like a vinos sorc
1678,"Oliver Sacks, in his paper The President's Speech, indicated how people who are unable to understand speech because of brain damage are nevertheless able to assess sincerity accurately.",oliver sax and his paper o the president's speech indicated how people who are unable to understand speech because of brain damage are nevertheless able to assess sincerity accurately,oliver sacks in his paper the president s speech indicated how people who are unable to understand speech because of brain damage are nevertheless able to assess sincerity accurately,oliver sax and his paper o the president s speech indicated how people who are unable to understand speech because of brain damage are nevertheless able to assess sincerity accurately
1701,"Goats seem to have been first domesticated roughly 10,000 years ago in the Zagros Mountains of Iran.",goats seem to have been first domesticated roughly ten thousand years ago in the zagros mountains of iran,goats seem to have been first domesticated roughly 10 000 years ago in the zagros mountains of iran,goats seem to have been first domesticated roughly ten thousand years ago in the zagros mountains of iran
2001,Travellers are strongly advised to be aware of any risk of severe weather affecting their area as they may affect any travel plans.,travellers are strongly advised to be aware of any risk of suver weather affecting their area as they may affect any travel plans,travellers are strongly advised to be aware of any risk of severe weather affecting their area as they may affect any travel plans,travellers are strongly advised to be aware of any risk of suver weather affecting their area as they may affect any travel plans
1991,"During this period of European history, the Catholic Church, which had become rich and powerful, came under scrutiny.",during this period of european history the catholic church which had become rich and powerful came under scrutiny,during this period of european history the catholic church which had become rich and powerful came under scrutiny,during this period of european history the catholic church which had become rich and powerful came under scrutiny
1895,"As knowledge of Greek declined, the West found itself cut off from its Greek philosophical and scientific roots.",as novels of greek declined the west found itself cut off from its greek philosophical and scientific roots,as knowledge of greek declined the west found itself cut off from its greek philosophical and scientific roots,as novels of greek declined the west found itself cut off from its greek philosophical and scientific roots
1710,"Last week, METI announced that Apple had informed it of 34 additional overheating incidents, which the company called ""non-serious.""",last week m medi announced that apple had informed it of f additional overheating incidents which the company called non serius,last week meti announced that apple had informed it of 34 additional overheating incidents which the company called non serious,last week m medi announced that apple had informed it of f additional overheating incidents which the company called non serius
1975,Vatican City's population is around 800. It is the smallest independent country in the world and the country with the lowest population.,vatican city population is around e it is the smallest independent country in the world and the population,vatican city s population is around 800 it is the smallest independent country in the world and the country with the lowest population,vatican city population is around e it is the smallest independent country in the world and the population
1864,"Mrs. Kirchner announced her intention to run for president at the Argentine Theatre, the same location she used to start her 2005 campaign for the Senate as member of the Buenos Aires province delegation.",mrs kurthner announced her intention to run for president at the argentine teader the same location she used to start her tf campaign for the senate as member of the buenos are's province delegation,mrs kirchner announced her intention to run for president at the argentine theatre the same location she used to start her 2005 campaign for the senate as member of the buenos aires province delegation,mrs kurthner announced her intention to run for president at the argentine teader the same location she used to start her tf campaign for the senate as member of the buenos are s province delegation
1720,The hot chocolate is up to Belgian standards. Fruit juices are pricey but excellent.,the hot chocolate is up to belgian standards fruit uses are pricey but excellent,the hot chocolate is up to belgian standards fruit juices are pricey but excellent,the hot chocolate is up to belgian standards fruit uses are pricey but excellent
1723,"The harbor was the site of an infamous naval standoff in 1889 when seven ships from Germany, the US, and Britain refused to leave the harbor.",the harbour was the sit of an infamous naval standoff in  when seven ships from germany the us and britain refused to leave the harbour,the harbor was the site of an infamous naval standoff in 1889 when seven ships from germany the us and britain refused to leave the harbor,the harbour was the sit of an infamous naval standoff in when seven ships from germany the us and britain refused to leave the harbour
1769,"Built by the Egyptians in the third century BCE, the Great Pyramid is one of many large pyramid structures built to honor dead Pharaoh.",built by the egyptians in the third century bce the gray pyramid is one of many large pyramid structures built to honor dead pharo,built by the egyptians in the third century bce the great pyramid is one of many large pyramid structures built to honor dead pharaoh,built by the egyptians in the third century bce the gray pyramid is one of many large pyramid structures built to honor dead pharo
1794,"A civilization is a singular culture shared by a significant large group of people who live and work co-operatively, a society.",a civilization is a singular culture shared by a significant large group of people who live and work co-operatively a society,a civilization is a singular culture shared by a significant large group of people who live and work co operatively a society,a civilization is a singular culture shared by a significant large group of people who live and work co operatively a society
1950,To the north and within easy reach is the romantic and fascinating town of Sintra and which was made famous to foreigners after a glowing account of its splendours recorded by Lord Byron.,to the north and within easy reach is the romantic and fascinating town of cintra and which was made famous to foreigners after a glowing account of its splendours recorded by lord bryan,to the north and within easy reach is the romantic and fascinating town of sintra and which was made famous to foreigners after a glowing account of its splendours recorded by lord byron,to the north and within easy reach is the romantic and fascinating town of cintra and which was made famous to foreigners after a glowing account of its splendours recorded by lord bryan
1855,"Lion prides act much like packs of wolves or dogs, animals surprisingly similar to lions (but not other big cats) in behavior, and also very deadly to their prey.",lion prides act much like packs of wolves or dogs animals surprisingly similar to lions but not other big cats in behaviour and also very deadly to their prey,lion prides act much like packs of wolves or dogs animals surprisingly similar to lions but not other big cats in behavior and also very deadly to their prey,lion prides act much like packs of wolves or dogs animals surprisingly similar to lions but not other big cats in behaviour and also very deadly to their prey
1882,"Scientists hope to understand how planets form, especially how the Earth formed, since comets collided with the Earth long ago.",scienceis hope to understand how planets form especially how the earth forms since commets collided with the earth long ago,scientists hope to understand how planets form especially how the earth formed since comets collided with the earth long ago,scienceis hope to understand how planets form especially how the earth forms since commets collided with the earth long ago
1890,Most modern research telescopes are enormous facilities in remote areas with favorable atmospheric conditions.,most modern research telescopes are enormous facilities in remote areas with favorable atmospheric conditions,most modern research telescopes are enormous facilities in remote areas with favorable atmospheric conditions,most modern research telescopes are enormous facilities in remote areas with favorable atmospheric conditions
1849,"If you have watched the movie National Treasure, you may think a treasure map was written on the back of the Declaration of Independence.",if you ave watched the movi national treasure you may think a treasuremap was written on the back of the declaration of independence,if you have watched the movie national treasure you may think a treasure map was written on the back of the declaration of independence,if you ave watched the movi national treasure you may think a treasuremap was written on the back of the declaration of independence
1893,"The Sundarbans are the largest littoral mangrove belt in the world, stretching 80 km (50 mi) into the Bangladeshi and Indian hinterland from the coast.",the sundarbans are the largest litoral mangrove bell in the world stretching e km f miles into the bangladeshi and indian hinterland from the coast,the sundarbans are the largest littoral mangrove belt in the world stretching 80 km 50 mi into the bangladeshi and indian hinterland from the coast,the sundarbans are the largest litoral mangrove bell in the world stretching e km f miles into the bangladeshi and indian hinterland from the coast
1667,"Generally speaking, two behaviors can emerge as managers begin to lead their former peers. One end of the spectrum is trying to remain “one of the guys” (or gals).",generally speaking two behaviors can emerge as managers begin to lead their former peers one end of the spectrum is trying to remain one of the guis or gallows,generally speaking two behaviors can emerge as managers begin to lead their former peers one end of the spectrum is trying to remain one of the guys or gals,generally speaking two behaviors can emerge as managers begin to lead their former peers one end of the spectrum is trying to remain one of the guis or gallows
1814,Hydrogen ions are protons that had their electrons stripped off them (since Hydrogen atoms consist of one proton and one electron).,hydrogen ians are protons that have their electrons stripped off them since hydrogen atoms consist of one proton and one electron,hydrogen ions are protons that had their electrons stripped off them since hydrogen atoms consist of one proton and one electron,hydrogen ians are protons that have their electrons stripped off them since hydrogen atoms consist of one proton and one electron
1893,"The Sundarbans are the largest littoral mangrove belt in the world, stretching 80 km (50 mi) into the Bangladeshi and Indian hinterland from the coast.",the sundarbans are the largest littoral mangrove bell in the world stretching  km  mies into the bangladeshi and indian hinterland from the coast,the sundarbans are the largest littoral mangrove belt in the world stretching 80 km 50 mi into the bangladeshi and indian hinterland from the coast,the sundarbans are the largest littoral mangrove bell in the world stretching km mies into the bangladeshi and indian hinterland from the coast
1999,"Throughout 1960s, Brzezinski worked for John F. Kennedy as his advisor and then the Lyndon B. Johnson administration.",throughout s brozinski worked for john ff kennedy as his adviser in then the london be johnson administration,throughout 1960s brzezinski worked for john f kennedy as his advisor and then the lyndon b johnson administration,throughout s brozinski worked for john ff kennedy as his adviser in then the london be johnson administration
1722,"Cuomo, 53, began his governorship earlier this year and signed a bill last month legalizing same-sex marriage.",kuomo f began his governorship earlier this year and signed a bill last month legalizing same sex marriage,cuomo 53 began his governorship earlier this year and signed a bill last month legalizing same sex marriage,kuomo f began his governorship earlier this year and signed a bill last month legalizing same sex marriage
1778,Television reports show white smoke coming from the plant.,television reports show white smoke coming from the planet,television reports show white smoke coming from the plant,television reports show white smoke coming from the planet
1830,"The ruling party, South West Africa People's Organisation (SWAPO), also retained a majority in the parliamentary elections.",ruling party south-west africa people's organization also retained a majority in the parliamentary elections,the ruling party south west africa people s organisation swapo also retained a majority in the parliamentary elections,ruling party south west africa people s organization also retained a majority in the parliamentary elections
1841,"Nothing can be seen other than the clear, beautiful sky above and the many surrounding mountains. Very little of this world can be seen or heard from inside the cave.",nothing can be seen other than the clear beautiful sky above and the many surrounding mountains very little of the swerld can be seen or heard from inside the cave,nothing can be seen other than the clear beautiful sky above and the many surrounding mountains very little of this world can be seen or heard from inside the cave,nothing can be seen other than the clear beautiful sky above and the many surrounding mountains very little of the swerld can be seen or heard from inside the cave
1866,"First, most riders wear riding boots with a heel and a smooth, quite narrow, sole.",first most riders wearing riding boots with a heel and a smooth quite narrow soul,first most riders wear riding boots with a heel and a smooth quite narrow sole,first most riders wearing riding boots with a heel and a smooth quite narrow soul
1712,"Since 1966 the Sundarbans have been a wildlife sanctuary, and it is estimated that there are now 400 Royal Bengal tigers and about 30,000 spotted deer in the area.",since  the sun darbans have been a wild life sanctuary and it is estimated there are now f royal bengal tigers and about tz spotted deer in the area,since 1966 the sundarbans have been a wildlife sanctuary and it is estimated that there are now 400 royal bengal tigers and about 30 000 spotted deer in the area,since the sun darbans have been a wild life sanctuary and it is estimated there are now f royal bengal tigers and about tz spotted deer in the area
1831,"The Plitvice Lakes national park is heavily forested, mainly with beech, spruce, and fir trees, and features a mixture of Alpine and Mediterranean vegetation.",the plidvice lake's national park is heavily forested mainly with beach spruce and fur trees and features a mixture of alpine and mediterranean vegetation,the plitvice lakes national park is heavily forested mainly with beech spruce and fir trees and features a mixture of alpine and mediterranean vegetation,the plidvice lake s national park is heavily forested mainly with beach spruce and fur trees and features a mixture of alpine and mediterranean vegetation
1939,Also after the Revolution occupations were open to all male applicants allowing the most ambitious and successful to succeed.,also after the revolution occupations were open sfalmale applicants allowing the most ambitious and successful to succeed,also after the revolution occupations were open to all male applicants allowing the most ambitious and successful to succeed,also after the revolution occupations were open sfalmale applicants allowing the most ambitious and successful to succeed
1870,The scenes are displayed on the pyramids and the different pyramids are lit up.,the scenes are displayed on the pyramids and the different pyramids are lit up,the scenes are displayed on the pyramids and the different pyramids are lit up,the scenes are displayed on the pyramids and the different pyramids are lit up
1941,These couples may choose to make an adoption plan for their baby.,these couples may choose to make an adoption plan for their baby,these couples may choose to make an adoption plan for their baby,these couples may choose to make an adoption plan for their baby
1911,"Similarly, by having a Schengen visa, you do not need to apply for visas to each of the Schengen member countries separately, hence saving time, money and paperwork.",similarly by having a shegan visa you do not need to apply for visas to each of the shingen member countries separately hence saving time money and paper work,similarly by having a schengen visa you do not need to apply for visas to each of the schengen member countries separately hence saving time money and paperwork,similarly by having a shegan visa you do not need to apply for visas to each of the shingen member countries separately hence saving time money and paper work
1698,Everything in the Universe is made of matter. All matter is made of tiny particles called atoms.,everything in the universe is made of matter all matter is made of tiny particles called atoms,everything in the universe is made of matter all matter is made of tiny particles called atoms,everything in the universe is made of matter all matter is made of tiny particles called atoms
1750,The find also grants insight into the evolution of feathers in birds.,the fine also grats inside into the evolution of feathers and birds,the find also grants insight into the evolution of feathers in birds,the fine also grats inside into the evolution of feathers and birds
1803,"The moisture on your hands will react with the outer layers, which will feel funny and form a sort of shell.",the moisture on your hands will react with the ouror layers which will feel funny and form a sort of shell,the moisture on your hands will react with the outer layers which will feel funny and form a sort of shell,the moisture on your hands will react with the ouror layers which will feel funny and form a sort of shell
1792,This is called a chemical's pH. You can make an indicator using red cabbage juice.,this is called a chemical's ph you can make an indicator using red cabbage juice,this is called a chemical s ph you can make an indicator using red cabbage juice,this is called a chemical s ph you can make an indicator using red cabbage juice
1757,"Only mutations in germ-line cells can be passed on to children, while mutations elsewhere can cause cell-death or cancer.",only mutations in germline cells can be passed on to children while mutations elsewhere can cause cell death or cancer,only mutations in germ line cells can be passed on to children while mutations elsewhere can cause cell death or cancer,only mutations in germline cells can be passed on to children while mutations elsewhere can cause cell death or cancer
1860,The governor's office said nineteen of the injured were police officers.,the governor's office said ninteen of the injured were police officers,the governor s office said nineteen of the injured were police officers,the governor s office said ninteen of the injured were police officers
1798,"In its early days, the show was featured solely at the long-running internet radio site TogiNet Radio, a site focused on talk radio.",in its early days the show was featured solely at the long running internet radio site tokinet radio a site focusd on talk radio,in its early days the show was featured solely at the long running internet radio site toginet radio a site focused on talk radio,in its early days the show was featured solely at the long running internet radio site tokinet radio a site focusd on talk radio
1824,"The Giza Plateau, or ""Giza Necropolis"" in the Egyptian Valley of the Dead contains several pyramids (of which the great pyramid is the largest), several small tombs, several temples, and the great Sphinx.",the guis e plateau or gisanaqrapolis in the egyptian valley of the dead contains several pyramids of which the great pyramid is the largest several tombs several temples and the great spinx,the giza plateau or giza necropolis in the egyptian valley of the dead contains several pyramids of which the great pyramid is the largest several small tombs several temples and the great sphinx,the guis e plateau or gisanaqrapolis in the egyptian valley of the dead contains several pyramids of which the great pyramid is the largest several tombs several temples and the great spinx
1941,These couples may choose to make an adoption plan for their baby.,these couples may choose to make an adoption plan for their baby,these couples may choose to make an adoption plan for their baby,these couples may choose to make an adoption plan for their baby
1896,"USA Gymnastics and the USOC have the same goal — making the sport of gymnastics, and others, as safe as possible for athletes to follow their dreams in a safe, positive and empowered environment.",usa gymnastics and the usoc have the same goal making the sport of gymnastics and others are safe as possible for athletes to follow their dreams in a safe positive and empowered environment,usa gymnastics and the usoc have the same goal making the sport of gymnastics and others as safe as possible for athletes to follow their dreams in a safe positive and empowered environment,usa gymnastics and the usoc have the same goal making the sport of gymnastics and others are safe as possible for athletes to follow their dreams in a safe positive and empowered environment
1955,"MS is a disease that affects the central nervous system, which is made up of the brain, the spinal cord and the optic nerve.",ms is a disease that affects the central nervou system which is made up of the brain the spinal cord and the optic nerve,ms is a disease that affects the central nervous system which is made up of the brain the spinal cord and the optic nerve,ms is a disease that affects the central nervou system which is made up of the brain the spinal cord and the optic nerve
1881,Sharing a field trip virtually is also a great way to reflect a on a trip and share experiences with future classes.,sharing of field trip virtually is also a great way to reflect on a trip and share experiences with future classes,sharing a field trip virtually is also a great way to reflect a on a trip and share experiences with future classes,sharing of field trip virtually is also a great way to reflect on a trip and share experiences with future classes
1797,Everyone participates in society and uses transportation systems. Almost everyone complains about transportation systems.,everyone participates in society and uses transportation systems almost everyone complainments about transportation systems,everyone participates in society and uses transportation systems almost everyone complains about transportation systems,everyone participates in society and uses transportation systems almost everyone complainments about transportation systems
1899,Muhammad was deeply interested in matters beyond this mundane life. He used to frequent a cave that became known as “Hira‘” on the Mountain of “Noor” (light) for contemplation.,muhammad was deeply interested in matters beyond this mondain life he used to frequent a cave that became known as hero on the mounain of nor light for contemplation,muhammad was deeply interested in matters beyond this mundane life he used to frequent a cave that became known as hira on the mountain of noor light for contemplation,muhammad was deeply interested in matters beyond this mondain life he used to frequent a cave that became known as hero on the mounain of nor light for contemplation
1691,"On some routes, the larger companies have their own planes, but for other routes and smaller firms there was a problem.",on some routs the larger companies have their own plans but for other routs and smaller farms there was a problem,on some routes the larger companies have their own planes but for other routes and smaller firms there was a problem,on some routs the larger companies have their own plans but for other routs and smaller farms there was a problem
1801,The parade of buildings that make the Hong Kong skyline has been likened to a glittering bar chart that is made apparent by the presence of the waters of Victoria Harbour.,the parade of buildings that make the hong kong skyline has been liken to a glittering bar chart that is made apparent by the presence of the waters of victoria harbor,the parade of buildings that make the hong kong skyline has been likened to a glittering bar chart that is made apparent by the presence of the waters of victoria harbour,the parade of buildings that make the hong kong skyline has been liken to a glittering bar chart that is made apparent by the presence of the waters of victoria harbor
1846,The aspect ratio of this format (dividing by twelve to obtain the simplest whole-number ratio) is therefore said to be 3:2.,the aspect ratio of this format dividing by tw to obtain the simplest whole number ratio is therefore said to be t to t,the aspect ratio of this format dividing by twelve to obtain the simplest whole number ratio is therefore said to be 3 2,the aspect ratio of this format dividing by tw to obtain the simplest whole number ratio is therefore said to be t to t
1732,"The age where the events took place is commonly referred as the High Middle Ages the period of European history in the 11th, 12th, and 13th centuries (AD 1000–1300).",the age where the events took place is commonly referred as the high middle ages the period of european history in the elvth twlvth and tieeth centuries ad,the age where the events took place is commonly referred as the high middle ages the period of european history in the 11th 12th and 13th centuries ad 1000 1300,the age where the events took place is commonly referred as the high middle ages the period of european history in the elvth twlvth and tieeth centuries ad
1969,It states that the most effective place for the main subject is at the intersection of lines dividing the image into thirds vertically and horizontally (see example).,it states that the most affective place for the main subject is at the intersection of lines dividing the image into ers vertically and horizontally s,it states that the most effective place for the main subject is at the intersection of lines dividing the image into thirds vertically and horizontally see example,it states that the most affective place for the main subject is at the intersection of lines dividing the image into ers vertically and horizontally s
1722,"Cuomo, 53, began his governorship earlier this year and signed a bill last month legalizing same-sex marriage.",quomo f began his governr ship eater this year and signed a bill last month legalizing same sex marriage,cuomo 53 began his governorship earlier this year and signed a bill last month legalizing same sex marriage,quomo f began his governr ship eater this year and signed a bill last month legalizing same sex marriage
1668,"It may also be beneficial for one to buy a Wild Card, which provides entry to either selections of parks in South Africa or all of the South African National Parks.",it may also be beneficial for one to buy a wild card which provides entry to either selections of parks in south africa or all of the south african national parks,it may also be beneficial for one to buy a wild card which provides entry to either selections of parks in south africa or all of the south african national parks,it may also be beneficial for one to buy a wild card which provides entry to either selections of parks in south africa or all of the south african national parks
2004,"The same month saw another airliner overrun a runway at Mashhad and strike a wall, killing seventeen.",the same month saw another airliner overrun a runway at mashad and strigle wall killing s,the same month saw another airliner overrun a runway at mashhad and strike a wall killing seventeen,the same month saw another airliner overrun a runway at mashad and strigle wall killing s
1750,The find also grants insight into the evolution of feathers in birds.,the fine also grants insight into the evolution of feathers and birds,the find also grants insight into the evolution of feathers in birds,the fine also grants insight into the evolution of feathers and birds
1760,"Mosasaurus was the apex predator of its time, so it feared nothing, except other mosasaurs.",masaserus was the apex predator of its time so it feared nothing except other mosaserus,mosasaurus was the apex predator of its time so it feared nothing except other mosasaurs,masaserus was the apex predator of its time so it feared nothing except other mosaserus
1930,"Six hostages, including the children and elderly, were released early, as were the Filipino photographers.",six sousages including the children elderly were released early as were the philippino photographers,six hostages including the children and elderly were released early as were the filipino photographers,six sousages including the children elderly were released early as were the philippino photographers
1799,"Beyond Wednesday's event, Carpanedo competed in two individual races at the Championships.",beyond one sasdy ben carpanado competed in two individual races at championships,beyond wednesday s event carpanedo competed in two individual races at the championships,beyond one sasdy ben carpanado competed in two individual races at championships
1867,"Plants make oxygen which humans breathe, and they take in carbon-dioxide which humans exhale (that is, breathe out).",plants make oxygen which humans breath and they take in carbon dioxide which humans exhal is breath out,plants make oxygen which humans breathe and they take in carbon dioxide which humans exhale that is breathe out,plants make oxygen which humans breath and they take in carbon dioxide which humans exhal is breath out
2008,"Other subjects on the agenda in Bali include saving the world's remaining forests, and sharing technologies to help developing nations grow in less-polluting ways.",other subjects on the agenda and boly include saving the world's remaining forests and sharing technologies to help developing nations grow in less polluting ways,other subjects on the agenda in bali include saving the world s remaining forests and sharing technologies to help developing nations grow in less polluting ways,other subjects on the agenda and boly include saving the world s remaining forests and sharing technologies to help developing nations grow in less polluting ways
1821,The correlation between brain pathology and behaviour supports scientists in their research.,the correlation between brain pathology and behavior supports scientists and their research,the correlation between brain pathology and behaviour supports scientists in their research,the correlation between brain pathology and behavior supports scientists and their research
1779,The announcement was made after Trump had a phone conversation with Turkish President Recep Tayyip Erdoğan.,the announcement was made after trump had a phone conversation with turkish president rz dipu dan,the announcement was made after trump had a phone conversation with turkish president recep tayyip erdoğan,the announcement was made after trump had a phone conversation with turkish president rz dipu dan
1911,"Similarly, by having a Schengen visa, you do not need to apply for visas to each of the Schengen member countries separately, hence saving time, money and paperwork.",similarly by having a shenjen visa you do not need to apply for visas to each of the shenjen member countries separately hend saving time money and people work,similarly by having a schengen visa you do not need to apply for visas to each of the schengen member countries separately hence saving time money and paperwork,similarly by having a shenjen visa you do not need to apply for visas to each of the shenjen member countries separately hend saving time money and people work
1807,Italian is also the everyday language used by most of those who work in the state while Latin is often used in religious ceremonies.,italian is also the every day language used by most of those who work in the state while latin is often used in religious ceremonies,italian is also the everyday language used by most of those who work in the state while latin is often used in religious ceremonies,italian is also the every day language used by most of those who work in the state while latin is often used in religious ceremonies
1980,"Unfortunately, studying traffic flow is difficult because driver behavior cannot be predicted with one-hundred percent certainty.",unfortunately stining traffic flow is difficult because driver behavior cannot be predicted with opcent certainty,unfortunately studying traffic flow is difficult because driver behavior cannot be predicted with one hundred percent certainty,unfortunately stining traffic flow is difficult because driver behavior cannot be predicted with opcent certainty
1660,"Romanticism had a large element of cultural determinism, drawn from writers such as Goethe, Fichte, and Schlegel.",romanticism had a large element of cultural determinism drawn from writers such as goath fitched and shlagl,romanticism had a large element of cultural determinism drawn from writers such as goethe fichte and schlegel,romanticism had a large element of cultural determinism drawn from writers such as goath fitched and shlagl
1680,"A well rounded athlete, the tiger can climb (though not well), swim, leap great distances and pull with five times the force of a strong human.",a well rounded athlit the tugo can climb though not well swim leap great distances and pull with five times the forest of a strong human,a well rounded athlete the tiger can climb though not well swim leap great distances and pull with five times the force of a strong human,a well rounded athlit the tugo can climb though not well swim leap great distances and pull with five times the forest of a strong human
1825,If you want to be close to the action you're going to have to get in early to get a camping site close to the music.,if you want to be close to the action yer goig t have to get in early to get a camping site close to the music,if you want to be close to the action you re going to have to get in early to get a camping site close to the music,if you want to be close to the action yer goig t have to get in early to get a camping site close to the music
1671,Congress began funding the obscenity initiative in fiscal 2005 and specified that the FBI must devote 10 agents to adult pornography.,congress began funding the obsinity initiative ind fiscal tf and specified that the fbi must devote ten agents to adult pornography,congress began funding the obscenity initiative in fiscal 2005 and specified that the fbi must devote 10 agents to adult pornography,congress began funding the obsinity initiative ind fiscal tf and specified that the fbi must devote ten agents to adult pornography
1889,"It has brought us the train, the car, and many other transportation devices.",it has brought us the train the car and many other transportation devices,it has brought us the train the car and many other transportation devices,it has brought us the train the car and many other transportation devices
1808,"With two years of the end of the war, the former allies were now enemies and the Cold War began.",with two years of the end of the war the former allies were now enemies and the cold war began,with two years of the end of the war the former allies were now enemies and the cold war began,with two years of the end of the war the former allies were now enemies and the cold war began
1756,"Late on Sunday, the United States President Donald Trump, in a statement delivered via the press secretary, announced US troops would be leaving Syria.",late on sunday the united states president donald trump and a statement delivered via the press secretary announced us troops would be leaving syria,late on sunday the united states president donald trump in a statement delivered via the press secretary announced us troops would be leaving syria,late on sunday the united states president donald trump and a statement delivered via the press secretary announced us troops would be leaving syria
1845,"In a carriage, they traveled back to Paris surrounded by a mob of people screaming and shouting threats against the King and Queen.",in a carriage they travele back to paris surrounded by a mob of people screaming and shouning freds against the king and queen,in a carriage they traveled back to paris surrounded by a mob of people screaming and shouting threats against the king and queen,in a carriage they travele back to paris surrounded by a mob of people screaming and shouning freds against the king and queen
1713,"While Goma is reasonably safe, any visits outside of Goma should be researched to understand the state of the fighting that persists in the North Kivu province.",while goma is reasonably safe any visits outside of goma should be researched to understand the state of the fighting that persists in the north kivu province,while goma is reasonably safe any visits outside of goma should be researched to understand the state of the fighting that persists in the north kivu province,while goma is reasonably safe any visits outside of goma should be researched to understand the state of the fighting that persists in the north kivu province
1849,"If you have watched the movie National Treasure, you may think a treasure map was written on the back of the Declaration of Independence.",if you have watched the movi national treasure you my think a treasuremap was written on the back of the declaration of independence,if you have watched the movie national treasure you may think a treasure map was written on the back of the declaration of independence,if you have watched the movi national treasure you my think a treasuremap was written on the back of the declaration of independence
1780,"With Kundalini Yoga the Kundalini energy (enlightenment energy) is awakened through yoga postures, breathing exercises, mantras and visualizations.",with kodali yoga the kodali energy enlightnment energy is awakened through yoga pastures breathing exercises monstros and visualizations,with kundalini yoga the kundalini energy enlightenment energy is awakened through yoga postures breathing exercises mantras and visualizations,with kodali yoga the kodali energy enlightnment energy is awakened through yoga pastures breathing exercises monstros and visualizations
1792,This is called a chemical's pH. You can make an indicator using red cabbage juice.,this is called a chemical spge you can make an indicator using red cabbage juce,this is called a chemical s ph you can make an indicator using red cabbage juice,this is called a chemical spge you can make an indicator using red cabbage juce
1984,"Mass car ownership also leads to a higher incidence of accidents on the roads, which leads to the invention of new techniques in healthcare for repairing damaged bodies.",mass car ownership also leads to a higher incident of accidents on the road which leads to the invention of new techniques and healthcare for repairing damaged bodies,mass car ownership also leads to a higher incidence of accidents on the roads which leads to the invention of new techniques in healthcare for repairing damaged bodies,mass car ownership also leads to a higher incident of accidents on the road which leads to the invention of new techniques and healthcare for repairing damaged bodies
1728,The cabbage juice changes color depending on how acidic or basic (alkaline) the chemical is.,the cabige use changes colors depending on how a citic or basic acaline e chemical is,the cabbage juice changes color depending on how acidic or basic alkaline the chemical is,the cabige use changes colors depending on how a citic or basic acaline e chemical is
1884,"In particular, it is claimed that one can detect whether a person is lying by interpreting micro-expressions correctly.",in particular it is claimed that one can detect whether a prison is lying by interpreting micro expressions correctly,in particular it is claimed that one can detect whether a person is lying by interpreting micro expressions correctly,in particular it is claimed that one can detect whether a prison is lying by interpreting micro expressions correctly
1664,"Swirl the two dry powders together and then, with clean wet hands, squeeze them into a ball.",swirl the two dry powers together and then with queen wet hands squeeze them into a ball,swirl the two dry powders together and then with clean wet hands squeeze them into a ball,swirl the two dry powers together and then with queen wet hands squeeze them into a ball
1917,Several large television screens were installed in various places in Rome to let the people watch the ceremony.,several large television screens were installed in various places in rome to let the people watch the ceremony,several large television screens were installed in various places in rome to let the people watch the ceremony,several large television screens were installed in various places in rome to let the people watch the ceremony
1786,The composition of these crystals matches those found in the urine of affected pets when compared by infrared spectroscopy (FTIR).,the composition of these crystals matches those found in urin of affected pets when compared by infarid spectroscopy ftir,the composition of these crystals matches those found in the urine of affected pets when compared by infrared spectroscopy ftir,the composition of these crystals matches those found in urin of affected pets when compared by infarid spectroscopy ftir
1978,"For the Springboks, it ended a five-match losing streak.",for the spring box it ended a five match losing streak,for the springboks it ended a five match losing streak,for the spring box it ended a five match losing streak
1803,"The moisture on your hands will react with the outer layers, which will feel funny and form a sort of shell.",the moisture on your hands will react with the outer layers which will feel funny and form a sort of shelw,the moisture on your hands will react with the outer layers which will feel funny and form a sort of shell,the moisture on your hands will react with the outer layers which will feel funny and form a sort of shelw
1741,Large areas further north are quite sparsely populated and some is nearly uninhabited wilderness.,large areas further north are quite sparcely populated and some is nearly uninhabited wilderness,large areas further north are quite sparsely populated and some is nearly uninhabited wilderness,large areas further north are quite sparcely populated and some is nearly uninhabited wilderness
1736,Rolando Mendoza fired his M16 rifle at the tourists.,olando mendosa fire his emn's s rifl at the tourist,rolando mendoza fired his m16 rifle at the tourists,olando mendosa fire his emn s s rifl at the tourist
1860,The governor's office said nineteen of the injured were police officers.,the governor's offices in n of the injurad work police officers,the governor s office said nineteen of the injured were police officers,the governor s offices in n of the injurad work police officers
1704,"In 1990, it was added to the list of world heritage sites in danger, due to the threat of desert sands.",in  it was added to the list of world heritage sites and danger due to the threat of desert sands,in 1990 it was added to the list of world heritage sites in danger due to the threat of desert sands,in it was added to the list of world heritage sites and danger due to the threat of desert sands
2007,The U.S. Corps of Engineers estimated that 6 inches of rainfall could breach the previously damaged levees.,the us corp of engineers estimated that six inches of rainfall could breach the previously damaged levies,the u s corps of engineers estimated that 6 inches of rainfall could breach the previously damaged levees,the us corp of engineers estimated that six inches of rainfall could breach the previously damaged levies
1741,Large areas further north are quite sparsely populated and some is nearly uninhabited wilderness.,large areas further north are quite sparcely populated and sume is nearly uninhabited wilderness,large areas further north are quite sparsely populated and some is nearly uninhabited wilderness,large areas further north are quite sparcely populated and sume is nearly uninhabited wilderness
1765,"Since the foundation of Asunción in 1537, Paraguay has managed to keep a lot of its indigenous character and identity.",since the foundation of assunsion in f paraguay has managed to keep a lot of its indigenous character and identity,since the foundation of asunción in 1537 paraguay has managed to keep a lot of its indigenous character and identity,since the foundation of assunsion in f paraguay has managed to keep a lot of its indigenous character and identity
1755,One bomb exploded outside the governor general's office.,one bomb exploide outside the governor general's office,one bomb exploded outside the governor general s office,one bomb exploide outside the governor general s office
1906,"""This is not going to be goodbye. This is the closing of one chapter and the opening of a new one.""",this is not going to be goodby this is the closing of one chapter and the opening of a new one,this is not going to be goodbye this is the closing of one chapter and the opening of a new one,this is not going to be goodby this is the closing of one chapter and the opening of a new one
1939,Also after the Revolution occupations were open to all male applicants allowing the most ambitious and successful to succeed.,also after revolution occupants were open to old male applicants allowing the most ambitious and successful to succeed,also after the revolution occupations were open to all male applicants allowing the most ambitious and successful to succeed,also after revolution occupants were open to old male applicants allowing the most ambitious and successful to succeed
1940,"All things considered, we should not be surprised if our own ancestors solved their ""protein problem"" in somewhat the same way that chimps on the savanna do today.",all things considered we should not be surprised if our own ancestors solved their protein problem and somewhat the way that chimps on savana do today,all things considered we should not be surprised if our own ancestors solved their protein problem in somewhat the same way that chimps on the savanna do today,all things considered we should not be surprised if our own ancestors solved their protein problem and somewhat the way that chimps on savana do today
1858,"Danielle Lantagne, a UN expert on the disease, stated the outbreak was likely caused by the peacekeepers.",daniel letange a un expert on the disease stated the outbreak was likely caused by peacekeepers,danielle lantagne a un expert on the disease stated the outbreak was likely caused by the peacekeepers,daniel letange a un expert on the disease stated the outbreak was likely caused by peacekeepers
1998,"They have feet with scales and claws, they lay eggs, and they walk on their two back legs like a T-Rex.",they have feet with scales and claws they lay eggs and they walk on their two back legs like a two rex,they have feet with scales and claws they lay eggs and they walk on their two back legs like a t rex,they have feet with scales and claws they lay eggs and they walk on their two back legs like a two rex
1690,"We agree with the USOC's statement that the interests of our athletes and clubs, and their sport, may be better served by moving forward with meaningful change within our organization, rather than decertification.",we agree with the usoc's statement that the interests of our athletes and clubs and their sport may be better served by moving forward with meaningful change within our organization rather than the sertification,we agree with the usoc s statement that the interests of our athletes and clubs and their sport may be better served by moving forward with meaningful change within our organization rather than decertification,we agree with the usoc s statement that the interests of our athletes and clubs and their sport may be better served by moving forward with meaningful change within our organization rather than the sertification
1805,"Scotturb Bus 403 travels regularly to Sintra, stopping at Cabo da Roca.",skott turbus f zeo free travels regularly to cintra stopping at kabo da roka,scotturb bus 403 travels regularly to sintra stopping at cabo da roca,skott turbus f zeo free travels regularly to cintra stopping at kabo da roka
1853,Giancarlo Fisichella lost control of his car and ended the race very soon after the start.,jn carlo vistichella lost control of his car and ended the rays very soon after the start,giancarlo fisichella lost control of his car and ended the race very soon after the start,jn carlo vistichella lost control of his car and ended the rays very soon after the start
1749,"It was ruled by the ""Vichy"" French. These were French people who had made peace with the Germans in 1940 and worked with the invaders instead of fighting them.",it was ruled by the visi french these were french people who made peace with the germans in ft and worked with the invaders instead of fighting them,it was ruled by the vichy french these were french people who had made peace with the germans in 1940 and worked with the invaders instead of fighting them,it was ruled by the visi french these were french people who made peace with the germans in ft and worked with the invaders instead of fighting them
1928,"By 1976, thirty percent of Machu Picchu had been restored and restoration continues till today.",by  tpct of machu picchu has been restored and restoration continues till today,by 1976 thirty percent of machu picchu had been restored and restoration continues till today,by tpct of machu picchu has been restored and restoration continues till today
1961,"One of the most common methods used to illustrate the importance of socialization is to draw upon the few unfortunate cases of children who were, through neglect, misfortune, or wilful abuse, not socialized by adults while they were growing up.",whate of the most common methods used to illustrate the importance of socialisations is to draw upon the unfortunate cases of children who were through neglect misfortune or wilful abuse not socialized by adult while they were growing up,one of the most common methods used to illustrate the importance of socialization is to draw upon the few unfortunate cases of children who were through neglect misfortune or wilful abuse not socialized by adults while they were growing up,whate of the most common methods used to illustrate the importance of socialisations is to draw upon the unfortunate cases of children who were through neglect misfortune or wilful abuse not socialized by adult while they were growing up
2004,"The same month saw another airliner overrun a runway at Mashhad and strike a wall, killing seventeen.",the same month saw another airliner overrun a runway at mashland and strike a wall killing s,the same month saw another airliner overrun a runway at mashhad and strike a wall killing seventeen,the same month saw another airliner overrun a runway at mashland and strike a wall killing s
1666,"You may also wish to consult the advice of governments other than your own, but their advice is designed for their citizens.",you may also wish to consult the advice of governments other than your own but their advice is designed for their citizens,you may also wish to consult the advice of governments other than your own but their advice is designed for their citizens,you may also wish to consult the advice of governments other than your own but their advice is designed for their citizens
1687,Segregation and recombination shuffle variation back and forth between the two pools with each generation.,segregation and recombination shuffle variation back and forth between the two poles with each generation,segregation and recombination shuffle variation back and forth between the two pools with each generation,segregation and recombination shuffle variation back and forth between the two poles with each generation
1773,Sleep interruption is the process of purposefully awakening during your normal sleep period and falling asleep a short time later (10–60 minutes).,sleep interruption is the process of purposely awakening during your normal sleep period and following asleep a short time later ten to sixty minutes,sleep interruption is the process of purposefully awakening during your normal sleep period and falling asleep a short time later 10 60 minutes,sleep interruption is the process of purposely awakening during your normal sleep period and following asleep a short time later ten to sixty minutes
1970,"We don't know for sure, but it may have had a forked tongue. Its diet included turtles, large fish, other mosasaurs, and it may even have been a cannibal.",we don't know for sure but it may have had a forked tongue is diet included turtles large fists other mosasers and it may even have been a cannibal,we don t know for sure but it may have had a forked tongue its diet included turtles large fish other mosasaurs and it may even have been a cannibal,we don t know for sure but it may have had a forked tongue is diet included turtles large fists other mosasers and it may even have been a cannibal
1862,NextGen is a system the FAA claims would allow aircraft to fly shorter routes and save millions of gallons of fuel each year and cut carbon emissions.,next gin is a system the faa claims would allow aircraft to fly shorter routs and save millions of gallons of fuel each year and cut carbon emissions,nextgen is a system the faa claims would allow aircraft to fly shorter routes and save millions of gallons of fuel each year and cut carbon emissions,next gin is a system the faa claims would allow aircraft to fly shorter routs and save millions of gallons of fuel each year and cut carbon emissions
1903,"When all available resources are effectively used across the functional departments of an organization, creativity and ingenuity can transpire.",when all available resources are effectively used across the functional departments of an organization creativity and ingenuity can transpire,when all available resources are effectively used across the functional departments of an organization creativity and ingenuity can transpire,when all available resources are effectively used across the functional departments of an organization creativity and ingenuity can transpire
1695,"A simple popular dinner, especially during the summer, is the Pa amb Oli: Bread with olive oil, tomato, and any available condiments such as cheese, tunafish, etc.",a simple popular dinner especially during the summer is the pm oli bread with olive oil tomato and any available condiments such as cheese tuni fish etc,a simple popular dinner especially during the summer is the pa amb oli bread with olive oil tomato and any available condiments such as cheese tunafish etc,a simple popular dinner especially during the summer is the pm oli bread with olive oil tomato and any available condiments such as cheese tuni fish etc
1921,"On the other hand, icy and snowy conditions are normal in many countries, and traffic goes on mostly uninterrupted all year round.",on the other hand icy and snowy conditions are normal in many countries and the traffic goes on most inerrupted all year round,on the other hand icy and snowy conditions are normal in many countries and traffic goes on mostly uninterrupted all year round,on the other hand icy and snowy conditions are normal in many countries and the traffic goes on most inerrupted all year round
1923,"The strategy proved effective, cutting off vital military and civilian supplies, although this blockade violated generally accepted international law codified by several international agreements of the past two centuries.",the strategy pproved effective cutting off vital military and civilian supplies although this blockade violated generally accepted international law codified by several international agreements of the past two centuries,the strategy proved effective cutting off vital military and civilian supplies although this blockade violated generally accepted international law codified by several international agreements of the past two centuries,the strategy pproved effective cutting off vital military and civilian supplies although this blockade violated generally accepted international law codified by several international agreements of the past two centuries
2003,"To get the best views of Hong Kong, leave the island and head for the Kowloon waterfront opposite.",to get the best views of hong kong leave the island and head for the colloon water front opposite,to get the best views of hong kong leave the island and head for the kowloon waterfront opposite,to get the best views of hong kong leave the island and head for the colloon water front opposite
1694,"Children are placed in Foster Care for a wide variety of reasons that range from neglect, to abuse, and even to extortion.",children are placed in foster care for a wide variety of reasons that range from neglect to abuse and even to extortion,children are placed in foster care for a wide variety of reasons that range from neglect to abuse and even to extortion,children are placed in foster care for a wide variety of reasons that range from neglect to abuse and even to extortion
1823,Traffic Flow is the study of the movement of individual drivers and vehicles between two points and the interactions they make with one another.,traffic flow is a study of the movement of individual drivers and vehicles between two points and the interactions they make with one another,traffic flow is the study of the movement of individual drivers and vehicles between two points and the interactions they make with one another,traffic flow is a study of the movement of individual drivers and vehicles between two points and the interactions they make with one another
1822,The Moroccan sultan rebuilt the city as Daru l-Badya and it was given the name Casablanca by Spanish traders who established trading bases there.,the marakan sultan rebuilt e city as daru aibadja and it was given the name kasablanka by spanish traders who established trading bases there,the moroccan sultan rebuilt the city as daru l badya and it was given the name casablanca by spanish traders who established trading bases there,the marakan sultan rebuilt e city as daru aibadja and it was given the name kasablanka by spanish traders who established trading bases there
1943,"The lower the tension, the more positive the life force present. Every person has the potential to find absolute peace and contentment.",the lower detention the more positive the life force present every person has the potential tefind absolute peace and contentment,the lower the tension the more positive the life force present every person has the potential to find absolute peace and contentment,the lower detention the more positive the life force present every person has the potential tefind absolute peace and contentment
1956,Using ships to transport goods is by far the most efficient way to move large amounts of people and goods across oceans.,using ships to transport goods is by far the most efficient way to move large amounts of people and goods across oceans,using ships to transport goods is by far the most efficient way to move large amounts of people and goods across oceans,using ships to transport goods is by far the most efficient way to move large amounts of people and goods across oceans
1719,"Severe weather is the generic term for any dangerous weather phenomenon with the potential to cause damage, serious social disruption, or loss of human life.",severe weather is the generic term for any dangerous weather phenomenon with the potential to cause damage serious social disruption or loss of human life,severe weather is the generic term for any dangerous weather phenomenon with the potential to cause damage serious social disruption or loss of human life,severe weather is the generic term for any dangerous weather phenomenon with the potential to cause damage serious social disruption or loss of human life
1689,"Europe is a continent that is relatively small but with many independent countries. Under normal circumstances, travelling through multiple countries would mean having to go through visa applications and passport control multiple times.",europe is a continent that is relatively small but with many independent countries under normal circumstances travelling through multiple countries with mean having to go through visa applications and passport control multiple times,europe is a continent that is relatively small but with many independent countries under normal circumstances travelling through multiple countries would mean having to go through visa applications and passport control multiple times,europe is a continent that is relatively small but with many independent countries under normal circumstances travelling through multiple countries with mean having to go through visa applications and passport control multiple times
1810,California Governor Arnold Schwarzenegger signed into law a bill that bans the sale or rental of violent video games to minors.,california governor arnold sworzoneger signed into law a bill that bans the sale or rental of violent videogames to minors,california governor arnold schwarzenegger signed into law a bill that bans the sale or rental of violent video games to minors,california governor arnold sworzoneger signed into law a bill that bans the sale or rental of violent videogames to minors
1778,Television reports show white smoke coming from the plant.,television reports show white smoke coming from the plant,television reports show white smoke coming from the plant,television reports show white smoke coming from the plant
2006,"Elements like calcium and potassium are considered metals. Of course, there are also metals like silver and gold.",elements like calsium and potasium are considered metals of course there are also metals like silver and gold,elements like calcium and potassium are considered metals of course there are also metals like silver and gold,elements like calsium and potasium are considered metals of course there are also metals like silver and gold
1805,"Scotturb Bus 403 travels regularly to Sintra, stopping at Cabo da Roca.",scopward buz borrow three travers regularly to centra stopping at cabo de roka,scotturb bus 403 travels regularly to sintra stopping at cabo da roca,scopward buz borrow three travers regularly to centra stopping at cabo de roka
1890,Most modern research telescopes are enormous facilities in remote areas with favorable atmospheric conditions.,most modern research telescopes are enormous facilities in remote areas with favourable atmospheric conditions,most modern research telescopes are enormous facilities in remote areas with favorable atmospheric conditions,most modern research telescopes are enormous facilities in remote areas with favourable atmospheric conditions
1782,Also between each dynasty was an unstable age of divided provinces. The best-known of these periods was the Three Kingdoms epoch taking place for 60 years between the Han and the Jin Dynasty.,also between each dynasty was an unstable age of divided provinces the best none of these periods was the three kingdom's epoch taking place for s years between the han and the jin dynasty,also between each dynasty was an unstable age of divided provinces the best known of these periods was the three kingdoms epoch taking place for 60 years between the han and the jin dynasty,also between each dynasty was an unstable age of divided provinces the best none of these periods was the three kingdom s epoch taking place for s years between the han and the jin dynasty
1784,"Greenland was settled sparsely. In the Norse sagas they say that Erik the Red was exiled from Iceland for murder, and when travelling further west, found Greenland and named it Greenland.",greenland was settled sparcely in the north sagas they say that ericteret was exiled from iceland for murder and whent travelling further west roun greenland and named it greenland,greenland was settled sparsely in the norse sagas they say that erik the red was exiled from iceland for murder and when travelling further west found greenland and named it greenland,greenland was settled sparcely in the north sagas they say that ericteret was exiled from iceland for murder and whent travelling further west roun greenland and named it greenland
1949,The term bug is used by entomologists in a formal sense for this group of insects.,the term bug is used by entomologist in a formal sense for this group of insects,the term bug is used by entomologists in a formal sense for this group of insects,the term bug is used by entomologist in a formal sense for this group of insects
1683,"There are still many men and women alive who survived their time here, and many more who had loved ones who were murdered or worked to death there, Jews and non-Jews alike.",there are still many men and women alive who survive their time here and many more who had loved ones who were murdered or worked to death there jews and non jews alike,there are still many men and women alive who survived their time here and many more who had loved ones who were murdered or worked to death there jews and non jews alike,there are still many men and women alive who survive their time here and many more who had loved ones who were murdered or worked to death there jews and non jews alike
1919,The city is also the base to climb the Nyiragongo volcano along with some of the cheapest Mountain Gorilla tracking in Africa.,the city is also the base to climb the nirogango volcano along with some of the cheapest mountain garilla trafficking in africa,the city is also the base to climb the nyiragongo volcano along with some of the cheapest mountain gorilla tracking in africa,the city is also the base to climb the nirogango volcano along with some of the cheapest mountain garilla trafficking in africa
1791,Do not deface the site by marking or scratching graffiti into structures.,do not deface the type by marking or scratching graffeting into structures,do not deface the site by marking or scratching graffiti into structures,do not deface the type by marking or scratching graffeting into structures
1693,"But, after losing the captain's wicket India only made 36 runs loosing 7 wickets to end the innings.",but after losing the captain's wicket india only made ts runs losing seven wickets to en the winnings,but after losing the captain s wicket india only made 36 runs loosing 7 wickets to end the innings,but after losing the captain s wicket india only made ts runs losing seven wickets to en the winnings
1885,"Between 10:00-11:00 pm MDT, a fire was started by the inmates in the yard.",between t  el p m mountain time a fire was started by the inmages in the yard,between 10 00 11 00 pm mdt a fire was started by the inmates in the yard,between t el p m mountain time a fire was started by the inmages in the yard
1772,"So, it is likely that the notation was added simply as a label.",so it is likely that the notation was added simply as a label,so it is likely that the notation was added simply as a label,so it is likely that the notation was added simply as a label
1998,"They have feet with scales and claws, they lay eggs, and they walk on their two back legs like a T-Rex.",they have feet with scales and claws they lay eggs and they walk on their two back legs like a two recks,they have feet with scales and claws they lay eggs and they walk on their two back legs like a t rex,they have feet with scales and claws they lay eggs and they walk on their two back legs like a two recks
1857,"He added that ""they should not, however, be asked to take on obligations that go beyond their development stage, responsibility and capabilities.""",he added they should not however be asked to take on obligations that go beyond their development stage responsibility and capabilities,he added that they should not however be asked to take on obligations that go beyond their development stage responsibility and capabilities,he added they should not however be asked to take on obligations that go beyond their development stage responsibility and capabilities
1761,The photographers later took the place of an aged lady as she needed the lavatory. Mendoza was gunned down.,the photographers later took the place of an aged lady as she needed the laboratory mendosa was gone down,the photographers later took the place of an aged lady as she needed the lavatory mendoza was gunned down,the photographers later took the place of an aged lady as she needed the laboratory mendosa was gone down
1702,In just two weeks the Americans and Free French forces had liberated southern France and were turning towards Germany.,in just two weeks the americans and free french forces had liberated southern france and were turning towards germany,in just two weeks the americans and free french forces had liberated southern france and were turning towards germany,in just two weeks the americans and free french forces had liberated southern france and were turning towards germany
1746,Plants make their food from the sun by photosynthesis. They also provide shade.,plants make their food from the sun by photosymphesis they also provide shade,plants make their food from the sun by photosynthesis they also provide shade,plants make their food from the sun by photosymphesis they also provide shade
1907,"Soon after the outbreak of hostilities, Britain initiated a naval blockade of Germany.",soon after the atbreak of hostilities britain initiated a naval blockade of germany,soon after the outbreak of hostilities britain initiated a naval blockade of germany,soon after the atbreak of hostilities britain initiated a naval blockade of germany
1769,"Built by the Egyptians in the third century BCE, the Great Pyramid is one of many large pyramid structures built to honor dead Pharaoh.",built by the egyptians in the third century bce the great pyramid is one of the many large pyramid structures built to honor ded paro,built by the egyptians in the third century bce the great pyramid is one of many large pyramid structures built to honor dead pharaoh,built by the egyptians in the third century bce the great pyramid is one of the many large pyramid structures built to honor ded paro
1788,USA Gymnastics supports the United States Olympic Committee's letter and accepts the absolute need of the Olympic family to promote a safe environment for all of our athletes.,usa gymnastics supports the united states olympic committee's letter and accepts the absolute need of the olympic family to promote a safe environment for all of our athletes,usa gymnastics supports the united states olympic committee s letter and accepts the absolute need of the olympic family to promote a safe environment for all of our athletes,usa gymnastics supports the united states olympic committee s letter and accepts the absolute need of the olympic family to promote a safe environment for all of our athletes
1801,The parade of buildings that make the Hong Kong skyline has been likened to a glittering bar chart that is made apparent by the presence of the waters of Victoria Harbour.,the parade of buildings that make the hong kong skyline has been likened to a glittering bar-chard that is made apparent by the presence of the waters of victoria harbor,the parade of buildings that make the hong kong skyline has been likened to a glittering bar chart that is made apparent by the presence of the waters of victoria harbour,the parade of buildings that make the hong kong skyline has been likened to a glittering bar chard that is made apparent by the presence of the waters of victoria harbor
1861,"As a result, the performers smoke cannabis joints on stage, and the theatre itself is encouraging the audience to join in.",as a result the performer smoke cannibis joins on stage an the theatre itself is encouraging the audience to join in,as a result the performers smoke cannabis joints on stage and the theatre itself is encouraging the audience to join in,as a result the performer smoke cannibis joins on stage an the theatre itself is encouraging the audience to join in
1996,Australia's Mitchell Gourley finished eleventh in the men's standing Super-G. Czech competitor Oldrich Jelinek finished sixteenth in the men's sitting Super-G.,australia's mitchel gallery finished the elvnth in the men's standing super-g chet's competitor olrick jucklin finished sth in the men's sitting super-ge,australia s mitchell gourley finished eleventh in the men s standing super g czech competitor oldrich jelinek finished sixteenth in the men s sitting super g,australia s mitchel gallery finished the elvnth in the men s standing super g chet s competitor olrick jucklin finished sth in the men s sitting super ge
1697,He has been unable to take the drugs needed to overcome his pain as they are banned from the Games.,he has been unable to take the drugs needed to overcome his pain as they are banned from the games,he has been unable to take the drugs needed to overcome his pain as they are banned from the games,he has been unable to take the drugs needed to overcome his pain as they are banned from the games
1962,The pH level is indicated by the amount of Hydrogen (the H in pH) ions in the tested chemical.,the ph level is indicated by the amount of hydrogen the hnd ph ions and the tested chemical,the ph level is indicated by the amount of hydrogen the h in ph ions in the tested chemical,the ph level is indicated by the amount of hydrogen the hnd ph ions and the tested chemical
1847,He was greeted by Singapore's Deputy Prime Minister Wong Kan Seng and discussed trade and terrorism issues with the Singapore Prime Minister Lee Hsien Loong.,he was greeted by singapore's deputy prime minister wang kin sang and discussed trade and terrorism issues with the singapore prime minister lee hasin long,he was greeted by singapore s deputy prime minister wong kan seng and discussed trade and terrorism issues with the singapore prime minister lee hsien loong,he was greeted by singapore s deputy prime minister wang kin sang and discussed trade and terrorism issues with the singapore prime minister lee hasin long
1932,"Five minutes into the display a wind starts rolling in, about a minute later, the wind is reaching 70km/h... then the rain comes, but so hard and so large that it slaps your skin like a needle, then hail fell from the sky, people panicking and screaming and running over each other.",five minutes into the display a wind starts rolling in about a minute later the wind is reaching svt kim pe hour then the rain comes but so hard and so large that it slaps your skin like a needle then hill fell from the sky people panicking and screaming and running over each other,five minutes into the display a wind starts rolling in about a minute later the wind is reaching 70km h then the rain comes but so hard and so large that it slaps your skin like a needle then hail fell from the sky people panicking and screaming and running over each other,five minutes into the display a wind starts rolling in about a minute later the wind is reaching svt kim pe hour then the rain comes but so hard and so large that it slaps your skin like a needle then hill fell from the sky people panicking and screaming and running over each other
1850,"This will allow it to be backwards compatible with 802.11a, 802.11b and 802.11g, provided that the base station has dual radios.",this will allow it to be backwards compatible with   a  b and  g provided that the based station has duel radios,this will allow it to be backwards compatible with 802 11a 802 11b and 802 11g provided that the base station has dual radios,this will allow it to be backwards compatible with a b and g provided that the based station has duel radios
1700,It is thinner under the maria and thicker under the highlands.,it is thinner under the maria and thicker under the highlands,it is thinner under the maria and thicker under the highlands,it is thinner under the maria and thicker under the highlands
1727,Feral children may have experienced severe child abuse or trauma before being abandoned or running away.,farol children may have experienced severe child abuse or tramo before being abandoned or running away,feral children may have experienced severe child abuse or trauma before being abandoned or running away,farol children may have experienced severe child abuse or tramo before being abandoned or running away
1984,"Mass car ownership also leads to a higher incidence of accidents on the roads, which leads to the invention of new techniques in healthcare for repairing damaged bodies.",mass car ownership also leads to a higher incident of accidents on the roads which leads to the invention of new techniques and healthcare for repairing damaged bodies,mass car ownership also leads to a higher incidence of accidents on the roads which leads to the invention of new techniques in healthcare for repairing damaged bodies,mass car ownership also leads to a higher incident of accidents on the roads which leads to the invention of new techniques and healthcare for repairing damaged bodies
1853,Giancarlo Fisichella lost control of his car and ended the race very soon after the start.,gon carlo visichela lost control of his car and ended the race very soon after the start,giancarlo fisichella lost control of his car and ended the race very soon after the start,gon carlo visichela lost control of his car and ended the race very soon after the start
1694,"Children are placed in Foster Care for a wide variety of reasons that range from neglect, to abuse, and even to extortion.",children are placed in foster care for a wide variety of reasons that range from neglect to abuse and even to extortion,children are placed in foster care for a wide variety of reasons that range from neglect to abuse and even to extortion,children are placed in foster care for a wide variety of reasons that range from neglect to abuse and even to extortion
1878,The central authority of the church had been in Rome for over a thousand years and this concentration of power and money led many to question whether this tenet was being met.,the central authority of the church had been in rome for over a thousand years and this concentration of power and money led maney to question whether this tenant was being met,the central authority of the church had been in rome for over a thousand years and this concentration of power and money led many to question whether this tenet was being met,the central authority of the church had been in rome for over a thousand years and this concentration of power and money led maney to question whether this tenant was being met
1692,"According to Japan's nuclear agency, radioactive caesium and iodine has been identified at the plant.",according to japan's nuclear agency radioactive casium and iodine has been identified at the plant,according to japan s nuclear agency radioactive caesium and iodine has been identified at the plant,according to japan s nuclear agency radioactive casium and iodine has been identified at the plant
1797,Everyone participates in society and uses transportation systems. Almost everyone complains about transportation systems.,everyone participates in society and uses transportation systems almost everyone complains about transportation systems,everyone participates in society and uses transportation systems almost everyone complains about transportation systems,everyone participates in society and uses transportation systems almost everyone complains about transportation systems
1912,"Most of the smaller islands are independent nations, or associated with France, and known as luxury beach resorts.",most of the smaller islands are independent nations or associated with france and known as luxury beach resorts,most of the smaller islands are independent nations or associated with france and known as luxury beach resorts,most of the smaller islands are independent nations or associated with france and known as luxury beach resorts
1711,These theories look at what it is about certain people that make them want the things that they do and what things in their environment will make them do or not do certain things.,these theories look at what it is about certain people that make them want the things that they do and what things in their environment will make them do or not do certain things,these theories look at what it is about certain people that make them want the things that they do and what things in their environment will make them do or not do certain things,these theories look at what it is about certain people that make them want the things that they do and what things in their environment will make them do or not do certain things
1913,"The tiger's roar is not like the full-voiced roar of a lion, but more like a sentence of snarly, shouted words.",the tiger's roar is not like the full-forced roar of a lion but more like a sentence of a snarly shouted words,the tiger s roar is not like the full voiced roar of a lion but more like a sentence of snarly shouted words,the tiger s roar is not like the full forced roar of a lion but more like a sentence of a snarly shouted words
1787,"Blogging is a tool that inspires collaboration, and encourages students to extend learning well beyond the traditional school day.",blogging is a tool that inspires collaboration and encourages students to extend learning well beyond the traditional school day,blogging is a tool that inspires collaboration and encourages students to extend learning well beyond the traditional school day,blogging is a tool that inspires collaboration and encourages students to extend learning well beyond the traditional school day
1977,"Prides are made up of one to three related adult males, along with as many as thirty females and cubs.",prides are made up of on to t related adult males along with as many as tty females and cubs,prides are made up of one to three related adult males along with as many as thirty females and cubs,prides are made up of on to t related adult males along with as many as tty females and cubs
1667,"Generally speaking, two behaviors can emerge as managers begin to lead their former peers. One end of the spectrum is trying to remain “one of the guys” (or gals).",generally speaking two behaviors can emerge as managers begin to lead their former peers one end of the spectrum is trying to remain one of the guis or gows,generally speaking two behaviors can emerge as managers begin to lead their former peers one end of the spectrum is trying to remain one of the guys or gals,generally speaking two behaviors can emerge as managers begin to lead their former peers one end of the spectrum is trying to remain one of the guis or gows
1669,Police superintendent Chandra Shekhar Solanki said the accused appeared in court with covered faces.,police superintendent chandra shikar solanki said that accused appeared in court with covered faces,police superintendent chandra shekhar solanki said the accused appeared in court with covered faces,police superintendent chandra shikar solanki said that accused appeared in court with covered faces
1838,The Great Pyramid at Giza is the only one of the seven wonders that is still standing today.,the great pyramid aguiza is one of the seven wonders that ire still standing today,the great pyramid at giza is the only one of the seven wonders that is still standing today,the great pyramid aguiza is one of the seven wonders that ire still standing today
1832,"Popular sports include football, basketball, volleyball, water-polo, fencing, rugby, cycling, ice hockey, roller hockey and F1 motor racing.",bopular sports include football baskeball volleyball water bollow fensing rugby cycling ice howkey roller howky and fi motor raising,popular sports include football basketball volleyball water polo fencing rugby cycling ice hockey roller hockey and f1 motor racing,bopular sports include football baskeball volleyball water bollow fensing rugby cycling ice howkey roller howky and fi motor raising
1991,"During this period of European history, the Catholic Church, which had become rich and powerful, came under scrutiny.",during this period of european history the catholic church which had become rich and powerful came under scrutiny,during this period of european history the catholic church which had become rich and powerful came under scrutiny,during this period of european history the catholic church which had become rich and powerful came under scrutiny
1776,"Through the night between 150 and 200 copies were made, now known as ""Dunlap broadsides"".",through the night between f and t copies were made now known as bunlap broadsides,through the night between 150 and 200 copies were made now known as dunlap broadsides,through the night between f and t copies were made now known as bunlap broadsides
1809,"Crossties were introduced fairly early to hold the tracks in place. Gradually, however, it was realised that tracks would be more efficient if they had a stip of iron on the top.",crossties were introduced fairly early to hold the tracks in place gradually however it was realized that tracks would be more efficient if they had a stip of iron on the top,crossties were introduced fairly early to hold the tracks in place gradually however it was realised that tracks would be more efficient if they had a stip of iron on the top,crossties were introduced fairly early to hold the tracks in place gradually however it was realized that tracks would be more efficient if they had a stip of iron on the top
1693,"But, after losing the captain's wicket India only made 36 runs loosing 7 wickets to end the innings.",but after losing the captain's wicket india only made t runs losing seven wickens to end the indings,but after losing the captain s wicket india only made 36 runs loosing 7 wickets to end the innings,but after losing the captain s wicket india only made t runs losing seven wickens to end the indings
1878,The central authority of the church had been in Rome for over a thousand years and this concentration of power and money led many to question whether this tenet was being met.,the sential authority of the church has been in rome for over a thousand years and this concentration of power and money led to many to question whether this tenant was being met,the central authority of the church had been in rome for over a thousand years and this concentration of power and money led many to question whether this tenet was being met,the sential authority of the church has been in rome for over a thousand years and this concentration of power and money led to many to question whether this tenant was being met
1730,"Buses depart the inter-district bus station (across the river) throughout the day, though most, especially those heading to the east and Jakar/Bumthang leave between 06:30 and 07:30.",buss depart the inner district bus station across the river throughout the day though most especially those heading to the east in jakar butang leave between st and s,buses depart the inter district bus station across the river throughout the day though most especially those heading to the east and jakar bumthang leave between 06 30 and 07 30,buss depart the inner district bus station across the river throughout the day though most especially those heading to the east in jakar butang leave between st and s
1696,"The two compounds react with one another to form crystals that may block kidney function, researchers at the university said.",the two compounds react with one another to form crystals that may block kidney function researchers at the university said,the two compounds react with one another to form crystals that may block kidney function researchers at the university said,the two compounds react with one another to form crystals that may block kidney function researchers at the university said
1695,"A simple popular dinner, especially during the summer, is the Pa amb Oli: Bread with olive oil, tomato, and any available condiments such as cheese, tunafish, etc.",a simple popular gimmer especially during the summer is paam oli bread with olive oil tomato on any available continments such as shees tuny fish etc,a simple popular dinner especially during the summer is the pa amb oli bread with olive oil tomato and any available condiments such as cheese tunafish etc,a simple popular gimmer especially during the summer is paam oli bread with olive oil tomato on any available continments such as shees tuny fish etc
1739,"Resting on the top of one of the mountains north of Mecca, the cave is completely isolated from the rest of the world.",resting on the top of one of the mountains north of mecka the cave is closely isolated from the rest of the world,resting on the top of one of the mountains north of mecca the cave is completely isolated from the rest of the world,resting on the top of one of the mountains north of mecka the cave is closely isolated from the rest of the world
1758,The archipelago lies 120 km north of the Peninsula. The largest is King George Island with the settlement of Villa Las Estrellas.,the archipelago lies o kiomeees north of the peninsula the largest is king george island with the settlement of vialus astreus,the archipelago lies 120 km north of the peninsula the largest is king george island with the settlement of villa las estrellas,the archipelago lies o kiomeees north of the peninsula the largest is king george island with the settlement of vialus astreus
1699,"Bishkek was described as sinking into a state of ""anarchy"" by one observer, as gangs of people roamed the streets and plundered stores of consumer goods.",bishkeck was described as sinking into a state of anarchy by one observer as gangs of people roame the streets and plundered stores of consumer goods,bishkek was described as sinking into a state of anarchy by one observer as gangs of people roamed the streets and plundered stores of consumer goods,bishkeck was described as sinking into a state of anarchy by one observer as gangs of people roame the streets and plundered stores of consumer goods
1842,"Because the dinosaur feathers do not have a well-developed shaft, called a rachis, but do have other features of feathers — barbs and barbules — the researchers inferred the rachis was likely a later evolutionary development that these other features.",because the danis or feathers do not have a well-developed shaft called erakis but do have other features of feathers barbs and barbules tho researches rinferred the rusis was likely a later evolutionary development that these other features,because the dinosaur feathers do not have a well developed shaft called a rachis but do have other features of feathers barbs and barbules the researchers inferred the rachis was likely a later evolutionary development that these other features,because the danis or feathers do not have a well developed shaft called erakis but do have other features of feathers barbs and barbules tho researches rinferred the rusis was likely a later evolutionary development that these other features
1836,"People have known about basic chemical elements such as gold, silver, and copper from antiquity, as these can all be discovered in nature in native form and are relatively simple to mine with primitive tools.",people have known about based economical elements such as gold silver and copper from antiquity as these can all be discovered in nature in native form and are relatively simple to mind with primitive tools,people have known about basic chemical elements such as gold silver and copper from antiquity as these can all be discovered in nature in native form and are relatively simple to mine with primitive tools,people have known about based economical elements such as gold silver and copper from antiquity as these can all be discovered in nature in native form and are relatively simple to mind with primitive tools
1975,Vatican City's population is around 800. It is the smallest independent country in the world and the country with the lowest population.,the vatican city population is around e it is the smallest independent country in the world and a country with the lowest population,vatican city s population is around 800 it is the smallest independent country in the world and the country with the lowest population,the vatican city population is around e it is the smallest independent country in the world and a country with the lowest population
1738,It also attacked anything that entered the water; even a giant dinosaur such as T. rex would be no match for it.,it also attacked anything that entered the water even a giant dinosaur such as t rex would be no match for it,it also attacked anything that entered the water even a giant dinosaur such as t rex would be no match for it,it also attacked anything that entered the water even a giant dinosaur such as t rex would be no match for it
1935,"However, that is not true. Although there is something written on the back of the document, it is not a treasure map.",however that is not true although there is something written on the back of the document it is not a treasure map,however that is not true although there is something written on the back of the document it is not a treasure map,however that is not true although there is something written on the back of the document it is not a treasure map
1889,"It has brought us the train, the car, and many other transportation devices.",it has brought us to train the car and many other transportation devices,it has brought us the train the car and many other transportation devices,it has brought us to train the car and many other transportation devices
1865,Saint Petersburg cruises include time in town. Cruise passengers are exempted from visa requirements (check the terms).,saint petersburg cruises include timan town whose passengers are axempted from visa requirements check the terms,saint petersburg cruises include time in town cruise passengers are exempted from visa requirements check the terms,saint petersburg cruises include timan town whose passengers are axempted from visa requirements check the terms
1848,"A car bomb detonated at police headquarters in Gaziantep, Turkey yesterday morning killed two police officers and injured more than twenty other people.",a car bomb detonated at police headquarters and gasentep turkey yesterday morning killed two police officers and injured more than twenty other people,a car bomb detonated at police headquarters in gaziantep turkey yesterday morning killed two police officers and injured more than twenty other people,a car bomb detonated at police headquarters and gasentep turkey yesterday morning killed two police officers and injured more than twenty other people
1838,The Great Pyramid at Giza is the only one of the seven wonders that is still standing today.,the great pyramid egiza is the only one of the seven wonders that ir still standing today,the great pyramid at giza is the only one of the seven wonders that is still standing today,the great pyramid egiza is the only one of the seven wonders that ir still standing today
1718,There is no universal definition for which manufactured items are antiques. Some tax agencies define goods older than 100 years as antiques.,there is no universal definition for which manufactured items are antiques some tax agencies define goods older than o years as antiques,there is no universal definition for which manufactured items are antiques some tax agencies define goods older than 100 years as antiques,there is no universal definition for which manufactured items are antiques some tax agencies define goods older than o years as antiques
1828,A search of the Internet for 'Hostile environment course' will probably provide the address of a local company.,a search of the internet for hostile environment course will probably provide the address of a local company,a search of the internet for hostile environment course will probably provide the address of a local company,a search of the internet for hostile environment course will probably provide the address of a local company
1740,The pyramid sound and light show is one of the most interesting things in the area for kids.,the pyrbin sound and light show is one of the most interesting things in the area for kids,the pyramid sound and light show is one of the most interesting things in the area for kids,the pyrbin sound and light show is one of the most interesting things in the area for kids
1701,"Goats seem to have been first domesticated roughly 10,000 years ago in the Zagros Mountains of Iran.",goats seem to have been first domesticated roughly ten thousand years ago in the zagros mountains of iran,goats seem to have been first domesticated roughly 10 000 years ago in the zagros mountains of iran,goats seem to have been first domesticated roughly ten thousand years ago in the zagros mountains of iran
1721,"After the dam was built in 1963, the seasonal floods that would spread sediment throughout the river were halted.",after the damn was built in  the season of floods that wouldh spread settlement throughout the river were halted,after the dam was built in 1963 the seasonal floods that would spread sediment throughout the river were halted,after the damn was built in the season of floods that wouldh spread settlement throughout the river were halted
1699,"Bishkek was described as sinking into a state of ""anarchy"" by one observer, as gangs of people roamed the streets and plundered stores of consumer goods.",bishkek was described as sinking into a state of anarchy by one observer as gings of people roam the street and plungered stores of consumer goods,bishkek was described as sinking into a state of anarchy by one observer as gangs of people roamed the streets and plundered stores of consumer goods,bishkek was described as sinking into a state of anarchy by one observer as gings of people roam the street and plungered stores of consumer goods
1854,The vehicle itself was taken away from the scene of the accident at approximately 1200 GMT on the same day.,the vehicle itself was taken away from the scene of the accident at approximately  gmt on the same day,the vehicle itself was taken away from the scene of the accident at approximately 1200 gmt on the same day,the vehicle itself was taken away from the scene of the accident at approximately gmt on the same day
1896,"USA Gymnastics and the USOC have the same goal — making the sport of gymnastics, and others, as safe as possible for athletes to follow their dreams in a safe, positive and empowered environment.",us gymnastics and the uso c have the same goal making the sport of gymnastics and others as safe as possible for athletes to follow the dreams in a safe positive and empowered environment,usa gymnastics and the usoc have the same goal making the sport of gymnastics and others as safe as possible for athletes to follow their dreams in a safe positive and empowered environment,us gymnastics and the uso c have the same goal making the sport of gymnastics and others as safe as possible for athletes to follow the dreams in a safe positive and empowered environment
1746,Plants make their food from the sun by photosynthesis. They also provide shade.,plants make their food from the sun by photosynthesis they also provide shade,plants make their food from the sun by photosynthesis they also provide shade,plants make their food from the sun by photosynthesis they also provide shade
1796,"This sediment was necessary for creating sandbars and beaches, which served as wildlife habitats.",this settiment was necessary for creating side bars and beaches which served as wild life habitats,this sediment was necessary for creating sandbars and beaches which served as wildlife habitats,this settiment was necessary for creating side bars and beaches which served as wild life habitats
1843,"Professor Pamela Ferguson of the University of Dundee notes ""journalists do seem to be walking a dangerous line if publishing photos etc of suspects.""",professor pamilla ferguson of the university of dunde notes journalists do seem to be walking a dangerous lime if publishing photos etc of sukspecks,professor pamela ferguson of the university of dundee notes journalists do seem to be walking a dangerous line if publishing photos etc of suspects,professor pamilla ferguson of the university of dunde notes journalists do seem to be walking a dangerous lime if publishing photos etc of sukspecks
1683,"There are still many men and women alive who survived their time here, and many more who had loved ones who were murdered or worked to death there, Jews and non-Jews alike.",there are still many men and women alive who survive their time here and many more who had loved ones who were murdered or worked to death to their jews or non jews alike,there are still many men and women alive who survived their time here and many more who had loved ones who were murdered or worked to death there jews and non jews alike,there are still many men and women alive who survive their time here and many more who had loved ones who were murdered or worked to death to their jews or non jews alike
1764,The number of people present was so large that it was not possible for everybody to gain access to the funeral in St. Peter's Square.,the number of people present was so large that it was not possible for everybody to gain access to the funeral in snt peter's square,the number of people present was so large that it was not possible for everybody to gain access to the funeral in st peter s square,the number of people present was so large that it was not possible for everybody to gain access to the funeral in snt peter s square
1904,"However, due to the slow communication channels, styles in the west could lag behind by 25 to 30 year.",however due to the slow communication channels stols in the west could lag behind by f to t year,however due to the slow communication channels styles in the west could lag behind by 25 to 30 year,however due to the slow communication channels stols in the west could lag behind by f to t year
1698,Everything in the Universe is made of matter. All matter is made of tiny particles called atoms.,everything in the universe is made of matter all matter is made of tiny particles called animal,everything in the universe is made of matter all matter is made of tiny particles called atoms,everything in the universe is made of matter all matter is made of tiny particles called animal
1851,"Rip currents are the returning flow from waves breaking off the beach, often at a reef or similar.",roop currents are the returning flow from waves breaking off the beach often at a reaf or similar,rip currents are the returning flow from waves breaking off the beach often at a reef or similar,roop currents are the returning flow from waves breaking off the beach often at a reaf or similar
1700,It is thinner under the maria and thicker under the highlands.,it is thinner under the maria and thicker under the highlands,it is thinner under the maria and thicker under the highlands,it is thinner under the maria and thicker under the highlands
1907,"Soon after the outbreak of hostilities, Britain initiated a naval blockade of Germany.",soon after the outbreak of hostilities britain initiated a naval blockade of germany,soon after the outbreak of hostilities britain initiated a naval blockade of germany,soon after the outbreak of hostilities britain initiated a naval blockade of germany
1813,"Barcelona's official languages are Catalan and Spanish. About a half prefer to speak Catalan, a vast majority understands it, and virtually everyone knows Spanish.",barcelona's official languages are catalon and spanish about half preferred to speak catalan a vast majority understands it and virtually everyone knows spanish,barcelona s official languages are catalan and spanish about a half prefer to speak catalan a vast majority understands it and virtually everyone knows spanish,barcelona s official languages are catalon and spanish about half preferred to speak catalan a vast majority understands it and virtually everyone knows spanish
1996,Australia's Mitchell Gourley finished eleventh in the men's standing Super-G. Czech competitor Oldrich Jelinek finished sixteenth in the men's sitting Super-G.,australia's mitchel gorly finished elvnth in the mens standing super-g check competitor oldrich de lenik finished sth in the mens sitting super g,australia s mitchell gourley finished eleventh in the men s standing super g czech competitor oldrich jelinek finished sixteenth in the men s sitting super g,australia s mitchel gorly finished elvnth in the mens standing super g check competitor oldrich de lenik finished sth in the mens sitting super g
1915,You can use boda-boda (motorcycle taxi) to get around Goma. The normal (local) price is ~500 Congolese Francs for the short ride.,you can use boda boda moracycle taxi to get around goma the normal local price is f kgles francs for the short ride,you can use boda boda motorcycle taxi to get around goma the normal local price is 500 congolese francs for the short ride,you can use boda boda moracycle taxi to get around goma the normal local price is f kgles francs for the short ride
1721,"After the dam was built in 1963, the seasonal floods that would spread sediment throughout the river were halted.",after the dam was built in  the seasonal floods that would spread sediment throughout the river were halted,after the dam was built in 1963 the seasonal floods that would spread sediment throughout the river were halted,after the dam was built in the seasonal floods that would spread sediment throughout the river were halted
1910,"Parisians have a reputation for being egocentric, rude and arrogant.",parisians have a reputation for being egocentric rude and arrogant,parisians have a reputation for being egocentric rude and arrogant,parisians have a reputation for being egocentric rude and arrogant
1954,"Their disciplined defence, ball handling skills and excellent team work made them stand out and it was clear that this was the team to beat.",their disciplined defence ball handling skills and excellent team work made them stand out and it was clear that this was the team to beat,their disciplined defence ball handling skills and excellent team work made them stand out and it was clear that this was the team to beat,their disciplined defence ball handling skills and excellent team work made them stand out and it was clear that this was the team to beat
1993,"The tenth named storm of the Atlantic Hurricane season, Subtropical Storm Jerry, formed in the Atlantic Ocean today.",the tensioning storm of the atlantic hurricane season seld tropic storm jerry formed in the atlantic ocean today,the tenth named storm of the atlantic hurricane season subtropical storm jerry formed in the atlantic ocean today,the tensioning storm of the atlantic hurricane season seld tropic storm jerry formed in the atlantic ocean today
1981,If you only go ashore using shipboard excursions you will not need a separate visa (as of 2009).,if you only go ashore using shipwar excursions you will not need a separate visa as o n,if you only go ashore using shipboard excursions you will not need a separate visa as of 2009,if you only go ashore using shipwar excursions you will not need a separate visa as o n
1967,"Layton had asked for changes to the conservatives' environmental bill during the meeting with the PM, asking for a ""thorough and complete rewriting"" of the Conservative party's environmental bill.",leyghton had asked for changes to the conservatives environmental bill during the meeting with the pm asking for a thorough and complete re-writing of the conservatives party environmental bill,layton had asked for changes to the conservatives environmental bill during the meeting with the pm asking for a thorough and complete rewriting of the conservative party s environmental bill,leyghton had asked for changes to the conservatives environmental bill during the meeting with the pm asking for a thorough and complete re writing of the conservatives party environmental bill
1837,Liberal criticism of the reconstruction effort has focused on the awarding of reconstruction contracts to perceived Washington insiders.,liberal criticism of the reconstruction effort has focused on the awarding of reconstruction contracts to perceive washington inciders,liberal criticism of the reconstruction effort has focused on the awarding of reconstruction contracts to perceived washington insiders,liberal criticism of the reconstruction effort has focused on the awarding of reconstruction contracts to perceive washington inciders
2009,"The most readily accessible plant resources would have been the proteins accessible in leaves and legumes, but these are hard for primates like us to digest unless they are cooked.",the most radily accessible plant resources would have been the protin successible in leaves and lagoons but these are hard for primates like us to digest unless they are cooked,the most readily accessible plant resources would have been the proteins accessible in leaves and legumes but these are hard for primates like us to digest unless they are cooked,the most radily accessible plant resources would have been the protin successible in leaves and lagoons but these are hard for primates like us to digest unless they are cooked
1964,The 25 Dunlap broadsides still known to exist are the oldest surviving copies of the document. The original handwritten copy has not survived.,the f dunlet broadsides still known to exist are the oldest surviving copies of the document the original handwritten copy has not survived,the 25 dunlap broadsides still known to exist are the oldest surviving copies of the document the original handwritten copy has not survived,the f dunlet broadsides still known to exist are the oldest surviving copies of the document the original handwritten copy has not survived
1933,"Finally, there are many small cats (including loose pet cats) that eat the far more numerous small prey like insects, rodents, lizards, and birds.",finally there are many small cats including loose peck cats that eat the far more numerous small prey like insects roadens lizards and birds,finally there are many small cats including loose pet cats that eat the far more numerous small prey like insects rodents lizards and birds,finally there are many small cats including loose peck cats that eat the far more numerous small prey like insects roadens lizards and birds
1877,"Current senator and Argentine First Lady Cristina Fernandez de Kirchner announced her presidential candidacy yesterday evening in La Plata, a city 50 kilometers (31 miles) away from Buenos Aires.",current senetor and argentine first lady christina fernandez de kursener announced her presidential candidasy yesterday evening in la plata a city f kims o miles away from bueno's arrays,current senator and argentine first lady cristina fernandez de kirchner announced her presidential candidacy yesterday evening in la plata a city 50 kilometers 31 miles away from buenos aires,current senetor and argentine first lady christina fernandez de kursener announced her presidential candidasy yesterday evening in la plata a city f kims o miles away from bueno s arrays
1944,These are sometimes-crowded family beaches with a good range of shops lining the shore. Swimming is safe.,these are sometimes crowded family beaches with a good range of shops lining the shore swimming is safe,these are sometimes crowded family beaches with a good range of shops lining the shore swimming is safe,these are sometimes crowded family beaches with a good range of shops lining the shore swimming is safe
1731,In the archipelagos and lakes you do not necessarily need a yacht.,in the archipelagos and lakes you do not necessarily need a yacht,in the archipelagos and lakes you do not necessarily need a yacht,in the archipelagos and lakes you do not necessarily need a yacht
1835,"No tsunami warning has been issued, and according to the Jakarta geophysics agency, no tsunami warning will be issued because the quake did not meet the magnitude 6.5 requirement.",no tsunami warning has been issued and according to the jacarda geophysics agency no tsunami warning will be issued because the quake did not meet the magnitude f requirement,no tsunami warning has been issued and according to the jakarta geophysics agency no tsunami warning will be issued because the quake did not meet the magnitude 6 5 requirement,no tsunami warning has been issued and according to the jacarda geophysics agency no tsunami warning will be issued because the quake did not meet the magnitude f requirement
1817,"The Schengen zone, however, works somewhat like one country in this respect.",the shengen zone however works somewhat likes one country in this respect,the schengen zone however works somewhat like one country in this respect,the shengen zone however works somewhat likes one country in this respect
1773,Sleep interruption is the process of purposefully awakening during your normal sleep period and falling asleep a short time later (10–60 minutes).,sleep interruption is the process of purposely awaking during your normal sleep period and folling asleep a short time later ten to sxt minutes,sleep interruption is the process of purposefully awakening during your normal sleep period and falling asleep a short time later 10 60 minutes,sleep interruption is the process of purposely awaking during your normal sleep period and folling asleep a short time later ten to sxt minutes
1677,"Today, the only insects that cannot fold back their wings are dragon flies and mayflies.",today the only insects that cannot fold back their wings are dragon flies and may flies,today the only insects that cannot fold back their wings are dragon flies and mayflies,today the only insects that cannot fold back their wings are dragon flies and may flies
1926,"Accepted were Aristotle's views on all matters of science, including psychology.",accepted were aristotle's views on all matters of science including physiology,accepted were aristotle s views on all matters of science including psychology,accepted were aristotle s views on all matters of science including physiology
1978,"For the Springboks, it ended a five-match losing streak.",for the springbox it ended a five match losing streak,for the springboks it ended a five match losing streak,for the springbox it ended a five match losing streak
1938,"The hospital has followed protocol for infection control, including separating the patient from others to prevent possible infection of others.",the hospitle has followed protocol for infection control including separating the patient from others to prevent possible infection of others,the hospital has followed protocol for infection control including separating the patient from others to prevent possible infection of others,the hospitle has followed protocol for infection control including separating the patient from others to prevent possible infection of others
1854,The vehicle itself was taken away from the scene of the accident at approximately 1200 GMT on the same day.,the vehicle itself was taken away from the scene of the accident approximately  gmt on the same day,the vehicle itself was taken away from the scene of the accident at approximately 1200 gmt on the same day,the vehicle itself was taken away from the scene of the accident approximately gmt on the same day
1873,"Be firm in turning down men, and don't be afraid to stand your ground (cultural differences or not, it doesn't make it ok!).",be firm in turning down men and you'll be afraid to stand your ground cultural differencons ar not  doesn't make it ocay,be firm in turning down men and don t be afraid to stand your ground cultural differences or not it doesn t make it ok,be firm in turning down men and you ll be afraid to stand your ground cultural differencons ar not doesn t make it ocay
1775,"The use of video recording has led to important discoveries in the interpretation of micro-expressions, facial movements which last a few milliseconds.",the use of bio recording has led to important discoveries in the interpretation of micro expressions facial movements which last a few middles seconds,the use of video recording has led to important discoveries in the interpretation of micro expressions facial movements which last a few milliseconds,the use of bio recording has led to important discoveries in the interpretation of micro expressions facial movements which last a few middles seconds
1937,"However, these plans were rendered obsolete nearly overnight, when over 800,000 soldiers from the Soviet's Union Red Army entered and created the Belarussian and Ukrainian fronts after invading the eastern regions of Poland in violation of the Riga Peace Treaty, the Soviet-Polish Non-Aggression Pact, and other international treaties, both bilateral and multilateral.",however these plans were rendered obsolete nearly over night when over ez soldiers from the soviets union red army entered and created the bellas russian and ukrainian fronts after invading the eastern regions of poland in violation of the rigo peace treaty the soviet polish non aggression pact and other international treaties both bilateral and multilateral,however these plans were rendered obsolete nearly overnight when over 800 000 soldiers from the soviet s union red army entered and created the belarussian and ukrainian fronts after invading the eastern regions of poland in violation of the riga peace treaty the soviet polish non aggression pact and other international treaties both bilateral and multilateral,however these plans were rendered obsolete nearly over night when over ez soldiers from the soviets union red army entered and created the bellas russian and ukrainian fronts after invading the eastern regions of poland in violation of the rigo peace treaty the soviet polish non aggression pact and other international treaties both bilateral and multilateral
1946,"Cancellation policies vary, but as of late March most coronavirus-based cancellation policies don't extend to July 2020, when the Olympics had been scheduled.",cancellation policies vary but is of late march most coronal virus based cancellation policies don't extend to july t when the olympics have been scheduled,cancellation policies vary but as of late march most coronavirus based cancellation policies don t extend to july 2020 when the olympics had been scheduled,cancellation policies vary but is of late march most coronal virus based cancellation policies don t extend to july t when the olympics have been scheduled
2002,This will allow players to control actions and movements in video games by moving the device through the air.,this will allow players to control actions and movements and video ganes by moving the device through the air,this will allow players to control actions and movements in video games by moving the device through the air,this will allow players to control actions and movements and video ganes by moving the device through the air
1875,A full 20 percent of the water that pours out of the planet's rivers into the oceans comes from the Amazon.,a full toint per cent of the warier that pours out of the plinace rivers into the oceans comes from the amazon,a full 20 percent of the water that pours out of the planet s rivers into the oceans comes from the amazon,a full toint per cent of the warier that pours out of the plinace rivers into the oceans comes from the amazon
1989,"He was also engaged in engraving banknotes for many countries, recent examples of his work including the Prime Ministerial portraits on the front of the new Canadian $5 and $100 bills.",he was also engaged in engraving banknotes for many countries recent examples of his work including the prime ministrial portraits on the front of the new canadian f n bills,he was also engaged in engraving banknotes for many countries recent examples of his work including the prime ministerial portraits on the front of the new canadian 5 and 100 bills,he was also engaged in engraving banknotes for many countries recent examples of his work including the prime ministrial portraits on the front of the new canadian f n bills
1976,"Middle order batsmen, Sachin Tendulkar and Rahul Dravid, performed well and made a hundred-run partnership.",middle order batsmen sech in tukdul car and rakkul dravid performed well and made  run partnership,middle order batsmen sachin tendulkar and rahul dravid performed well and made a hundred run partnership,middle order batsmen sech in tukdul car and rakkul dravid performed well and made run partnership
1762,"The disease is carried by pigs, which then migrates to humans through mosquitos.",the disease is carried by pigs which then migrates to humans through mosquitoes,the disease is carried by pigs which then migrates to humans through mosquitos,the disease is carried by pigs which then migrates to humans through mosquitoes
1988,"During the 1920s, the prevailing attitudes of most citizens and nations was that of pacifism and isolation.",during the's the prevailing attitude of most citizens and nations was that of passivism and isolation,during the 1920s the prevailing attitudes of most citizens and nations was that of pacifism and isolation,during the s the prevailing attitude of most citizens and nations was that of passivism and isolation
1922,"There are of course Christian theological explanations for this tradition, but it may well be a pre-Christian Spring and Fertility ritual.",there are course christian theological explanations for this tradition but it may wbe a pre-christian spring and fertility ritual,there are of course christian theological explanations for this tradition but it may well be a pre christian spring and fertility ritual,there are course christian theological explanations for this tradition but it may wbe a pre christian spring and fertility ritual
1716,"Entertainment news website TMZ understands the photographer stopped his vehicle on the other side of Sepulveda Boulevard and attempted to take pictures of the police stop before crossing the road and continuing, prompting the California Highway Patrol police officer conducting the traffic stop to order him back across, twice.",entertainment news website tmz understands the photographer stopped his vehicle on the other side of supupfer ta bolevard and attempted to take pictures that the police stopped before crossing the road and continuing prompting the california highway patrol police officer conducting the traffic stop to order him back across twice,entertainment news website tmz understands the photographer stopped his vehicle on the other side of sepulveda boulevard and attempted to take pictures of the police stop before crossing the road and continuing prompting the california highway patrol police officer conducting the traffic stop to order him back across twice,entertainment news website tmz understands the photographer stopped his vehicle on the other side of supupfer ta bolevard and attempted to take pictures that the police stopped before crossing the road and continuing prompting the california highway patrol police officer conducting the traffic stop to order him back across twice
1948,The Three Kingdoms was one of the bloodiest eras in Ancient China’s history thousands of people died fighting to sit in the highest seat in the grand palace at Xi’an.,the three kingdoms was one of the bloodiest eras in ancient china's history thousands of people died fighting to sit in the highest sea in the grand palace at zaian,the three kingdoms was one of the bloodiest eras in ancient china s history thousands of people died fighting to sit in the highest seat in the grand palace at xi an,the three kingdoms was one of the bloodiest eras in ancient china s history thousands of people died fighting to sit in the highest sea in the grand palace at zaian
2009,"The most readily accessible plant resources would have been the proteins accessible in leaves and legumes, but these are hard for primates like us to digest unless they are cooked.",the most readily accessible plant resources would have been the proteins accessible in leaves and legooms but these are hard for primates like us to digest unless they are cooked,the most readily accessible plant resources would have been the proteins accessible in leaves and legumes but these are hard for primates like us to digest unless they are cooked,the most readily accessible plant resources would have been the proteins accessible in leaves and legooms but these are hard for primates like us to digest unless they are cooked
1786,The composition of these crystals matches those found in the urine of affected pets when compared by infrared spectroscopy (FTIR).,the composition of these crystals matches tho spand in the uran of affected pantlen compared by infranred spectroscopy,the composition of these crystals matches those found in the urine of affected pets when compared by infrared spectroscopy ftir,the composition of these crystals matches tho spand in the uran of affected pantlen compared by infranred spectroscopy
1708,Huhne has resigned and he will be replaced in the Cabinet by Ed Davey MP. Norman Lamb MP is expected to take the Business Minister job Davey is vacating.,huhne has resigned and he will be replaced in the cabinet by e davy mp norman lamb mp is expected to take the business ministry job davy is vacany,huhne has resigned and he will be replaced in the cabinet by ed davey mp norman lamb mp is expected to take the business minister job davey is vacating,huhne has resigned and he will be replaced in the cabinet by e davy mp norman lamb mp is expected to take the business ministry job davy is vacany
1847,He was greeted by Singapore's Deputy Prime Minister Wong Kan Seng and discussed trade and terrorism issues with the Singapore Prime Minister Lee Hsien Loong.,he was greeted by singapore's deputy prime minister wang kan seng and discussed trade and terrorism issues with the singapore prime minister lie hassin long,he was greeted by singapore s deputy prime minister wong kan seng and discussed trade and terrorism issues with the singapore prime minister lee hsien loong,he was greeted by singapore s deputy prime minister wang kan seng and discussed trade and terrorism issues with the singapore prime minister lie hassin long
1816,"Duvall, who is married with two adult children, did not leave a big impression on Miller, to whom the story was related.",duval who was married with two adult children did not leave a big impression on miller to whom the story was related,duvall who is married with two adult children did not leave a big impression on miller to whom the story was related,duval who was married with two adult children did not leave a big impression on miller to whom the story was related
1724,Its renown for being an epicenter of luxury began in about 400 A.D. and lasted up until about 1100 A.D.,as re now for being an apishcenter of luxury began in about f and lasted up until about,its renown for being an epicenter of luxury began in about 400 a d and lasted up until about 1100 a d,as re now for being an apishcenter of luxury began in about f and lasted up until about
1815,The fission bomb works on the principle that it takes energy to put together a nucleus with many protons and neutrons.,the fusion bom works on the principle that it takes  energy to put together anuclius with many protons and neutrons,the fission bomb works on the principle that it takes energy to put together a nucleus with many protons and neutrons,the fusion bom works on the principle that it takes energy to put together anuclius with many protons and neutrons
1771,"Remember that even though music on the main stages may have finished, there may be sections of the festival that will keep playing music until late into the night.",remember that even though music on the main stages may have finished there may be sections of the festival that will keep playing music until late into the night,remember that even though music on the main stages may have finished there may be sections of the festival that will keep playing music until late into the night,remember that even though music on the main stages may have finished there may be sections of the festival that will keep playing music until late into the night
1743,"Most interpretations of technological determinism share two general ideas: that the development of technology itself follows a path largely beyond cultural or political influence, and that technology in turn has ""effects"" on societies that are inherent, rather than socially conditioned.",most interpretations of technilogical determinism share two general ideas that the development of technology itself follows the path largely beyond cultural or political influence and that technology in turn has effects on society that are inherent rather than socially conditioned,most interpretations of technological determinism share two general ideas that the development of technology itself follows a path largely beyond cultural or political influence and that technology in turn has effects on societies that are inherent rather than socially conditioned,most interpretations of technilogical determinism share two general ideas that the development of technology itself follows the path largely beyond cultural or political influence and that technology in turn has effects on society that are inherent rather than socially conditioned
1706,"More traditional churches often hold an Easter Vigil on Saturday night during the Easter weekend, with the congregations often breaking into celebration at the stroke of midnight to celebrate Christ's resurrection.",more traditional churches often hold in easter vigil on saturday night during the easter weekend wirh the congregations often breaking into celebration at the stroke of midnight to celebrate crisis resurrection,more traditional churches often hold an easter vigil on saturday night during the easter weekend with the congregations often breaking into celebration at the stroke of midnight to celebrate christ s resurrection,more traditional churches often hold in easter vigil on saturday night during the easter weekend wirh the congregations often breaking into celebration at the stroke of midnight to celebrate crisis resurrection
1748,Fire rescue crews eventually doused the fire by 11:35 pm.,fire rescue creis eventually doubts the fire by el tf p m,fire rescue crews eventually doused the fire by 11 35 pm,fire rescue creis eventually doubts the fire by el tf p m
1957,"He referred to the rumors as ""political chatter and silliness"".",he referred to the rumors as political chatter and silliness,he referred to the rumors as political chatter and silliness,he referred to the rumors as political chatter and silliness
1804,The Haitian Institute for Justice and Democracy has referenced independent studies that suggest the Nepalese UN peacekeeping battalion unknowingly brought the disease to Haiti.,the hatian institute for justice and democracy has referenced independenc studies that suggestd nepoles un peacekeeping battalion and knowingly brought the disease to hati,the haitian institute for justice and democracy has referenced independent studies that suggest the nepalese un peacekeeping battalion unknowingly brought the disease to haiti,the hatian institute for justice and democracy has referenced independenc studies that suggestd nepoles un peacekeeping battalion and knowingly brought the disease to hati
1760,"Mosasaurus was the apex predator of its time, so it feared nothing, except other mosasaurs.",mosasarus was the apex prayer of its time so it feared nothing except other moasarus,mosasaurus was the apex predator of its time so it feared nothing except other mosasaurs,mosasarus was the apex prayer of its time so it feared nothing except other moasarus
1852,"Appropriate use of blogs ""can empower students to become more analytical and critical; through actively responding to Internet materials, students can define their positions in the context of others' writings as well as outline their own perspectives on particular issues (Oravec, 2002).",appropriate use of blogs can empower students to become more analytical and critical through actively responding to intornet materials students can define their positions in the context of others writing as well outline with their perspectives on particular issues aractive,appropriate use of blogs can empower students to become more analytical and critical through actively responding to internet materials students can define their positions in the context of others writings as well as outline their own perspectives on particular issues oravec 2002,appropriate use of blogs can empower students to become more analytical and critical through actively responding to intornet materials students can define their positions in the context of others writing as well outline with their perspectives on particular issues aractive
1993,"The tenth named storm of the Atlantic Hurricane season, Subtropical Storm Jerry, formed in the Atlantic Ocean today.",the tenth name storm of the atlantic hurricane season sell-tropic storm jerry formed in the atlantic ocean today,the tenth named storm of the atlantic hurricane season subtropical storm jerry formed in the atlantic ocean today,the tenth name storm of the atlantic hurricane season sell tropic storm jerry formed in the atlantic ocean today
1720,The hot chocolate is up to Belgian standards. Fruit juices are pricey but excellent.,the hot choccolate is up to belgian standards fruit uises are pricy but excellent,the hot chocolate is up to belgian standards fruit juices are pricey but excellent,the hot choccolate is up to belgian standards fruit uises are pricy but excellent
1916,"Many German baked goods also feature almonds, hazelnuts, and other tree nuts. Popular cakes often pair particularly well with a cup of strong coffee.",many german big goods are feature almons hazelnuts and other trenuts popular cakes often pair particularly well with a cup of strong coffee,many german baked goods also feature almonds hazelnuts and other tree nuts popular cakes often pair particularly well with a cup of strong coffee,many german big goods are feature almons hazelnuts and other trenuts popular cakes often pair particularly well with a cup of strong coffee
1995,"Virtual Scaffolds are internalized in the software and are meant to question, prompt, and explain procedures that may have been to challenging for the student to handle alone.",virtual scaffolds are internalized in the software and are ment to question prompt and explain procedures at may have been too challenging for the student to handle alone,virtual scaffolds are internalized in the software and are meant to question prompt and explain procedures that may have been to challenging for the student to handle alone,virtual scaffolds are internalized in the software and are ment to question prompt and explain procedures at may have been too challenging for the student to handle alone
1957,"He referred to the rumors as ""political chatter and silliness"".",he referred to the rumors as political chatter and silliness,he referred to the rumors as political chatter and silliness,he referred to the rumors as political chatter and silliness
1758,The archipelago lies 120 km north of the Peninsula. The largest is King George Island with the settlement of Villa Las Estrellas.,the archipelago lies  kim north of peninsula the largest isking georch island with the settlement of villa las astrelas,the archipelago lies 120 km north of the peninsula the largest is king george island with the settlement of villa las estrellas,the archipelago lies kim north of peninsula the largest isking georch island with the settlement of villa las astrelas
1832,"Popular sports include football, basketball, volleyball, water-polo, fencing, rugby, cycling, ice hockey, roller hockey and F1 motor racing.",popular sports include football basketball volleyball water pullow fencing rugby cycling icehawkey roller hawky and fo motor racing,popular sports include football basketball volleyball water polo fencing rugby cycling ice hockey roller hockey and f1 motor racing,popular sports include football basketball volleyball water pullow fencing rugby cycling icehawkey roller hawky and fo motor racing
1877,"Current senator and Argentine First Lady Cristina Fernandez de Kirchner announced her presidential candidacy yesterday evening in La Plata, a city 50 kilometers (31 miles) away from Buenos Aires.",current senator and argentin forst lady christina fernandes de kursiner announced her presidential candidacy yesterday evening in la plata is stadyd f km  miles away from winocides,current senator and argentine first lady cristina fernandez de kirchner announced her presidential candidacy yesterday evening in la plata a city 50 kilometers 31 miles away from buenos aires,current senator and argentin forst lady christina fernandes de kursiner announced her presidential candidacy yesterday evening in la plata is stadyd f km miles away from winocides
1870,The scenes are displayed on the pyramids and the different pyramids are lit up.,the scenes are displayed on the pyramids and the different pyramids are lit up,the scenes are displayed on the pyramids and the different pyramids are lit up,the scenes are displayed on the pyramids and the different pyramids are lit up
1810,California Governor Arnold Schwarzenegger signed into law a bill that bans the sale or rental of violent video games to minors.,california governor honoured swartsneger signed into law a builld that bands the sale or rental of violent video games to minors,california governor arnold schwarzenegger signed into law a bill that bans the sale or rental of violent video games to minors,california governor honoured swartsneger signed into law a builld that bands the sale or rental of violent video games to minors
1843,"Professor Pamela Ferguson of the University of Dundee notes ""journalists do seem to be walking a dangerous line if publishing photos etc of suspects.""",professor pamilla fergusson of the university of dundy notes journalists do seem to be walking a dangerous line if publishing photos etc of suspects,professor pamela ferguson of the university of dundee notes journalists do seem to be walking a dangerous line if publishing photos etc of suspects,professor pamilla fergusson of the university of dundy notes journalists do seem to be walking a dangerous line if publishing photos etc of suspects
1697,He has been unable to take the drugs needed to overcome his pain as they are banned from the Games.,he has been unable to take the drugs needed to overcome his pain as they are banned from the games,he has been unable to take the drugs needed to overcome his pain as they are banned from the games,he has been unable to take the drugs needed to overcome his pain as they are banned from the games
1685,"For example, the most common still image photography format in the world is 35mm, which was the dominant film size at the close of the analog film era.",for example the most common still image photography format in the world is  mm which was the dominant film size at the close of the analog film erra,for example the most common still image photography format in the world is 35mm which was the dominant film size at the close of the analog film era,for example the most common still image photography format in the world is mm which was the dominant film size at the close of the analog film erra
1834,"Also to the north visit the great Sanctuary of Our Lady of Fatima (Shrine), a place of worldwide famous Marian apparitions.",also to the north wis the great sanctuary of our lady of fatima schrein a place of worldwide famous marian apparitions,also to the north visit the great sanctuary of our lady of fatima shrine a place of worldwide famous marian apparitions,also to the north wis the great sanctuary of our lady of fatima schrein a place of worldwide famous marian apparitions
1679,Aerosmith have cancelled their remaining concerts on their tour.,arasmith had cancelled their remaining concerts on their tour,aerosmith have cancelled their remaining concerts on their tour,arasmith had cancelled their remaining concerts on their tour
1742,Hong Kong Island gives the territory of Hong Kong its name and is the place that many tourists regard as the main focus.,hong kong island gives the territory of hong kong its name and is a place that many tourists regard as the main focus,hong kong island gives the territory of hong kong its name and is the place that many tourists regard as the main focus,hong kong island gives the territory of hong kong its name and is a place that many tourists regard as the main focus
1727,Feral children may have experienced severe child abuse or trauma before being abandoned or running away.,farol children may have experienced severe child abuse or trama before being abandoned or running away,feral children may have experienced severe child abuse or trauma before being abandoned or running away,farol children may have experienced severe child abuse or trama before being abandoned or running away
1751,"The debate was sparked by controversy over spending on relief and reconstruction in the wake Hurricane Katrina; which some fiscal conservatives have humorously labeled ""Bush's New Orleans Deal.""",the debate was sparked by controversy over spending on relief and reconstruction in the wake of hurricane catrina which some fiscal conservatives have humorously labelled bushes new orlen's deal,the debate was sparked by controversy over spending on relief and reconstruction in the wake hurricane katrina which some fiscal conservatives have humorously labeled bush s new orleans deal,the debate was sparked by controversy over spending on relief and reconstruction in the wake of hurricane catrina which some fiscal conservatives have humorously labelled bushes new orlen s deal
1734,The scientists were able to conclude that the dark matter affect other dark matter in the same way regular matter does.,the scientists were able to conclude that dark matter affect other dark matter in the same way regular matter does,the scientists were able to conclude that the dark matter affect other dark matter in the same way regular matter does,the scientists were able to conclude that dark matter affect other dark matter in the same way regular matter does
1716,"Entertainment news website TMZ understands the photographer stopped his vehicle on the other side of Sepulveda Boulevard and attempted to take pictures of the police stop before crossing the road and continuing, prompting the California Highway Patrol police officer conducting the traffic stop to order him back across, twice.",entertainment news website tm z understands the photographer stopped his vehicle on the other side of st palvida bolevard and attempted to take pictures of the police stop before crossing the road and continuing prompting the california highway patrol police officer conducting the traffic stop to order him back across twice,entertainment news website tmz understands the photographer stopped his vehicle on the other side of sepulveda boulevard and attempted to take pictures of the police stop before crossing the road and continuing prompting the california highway patrol police officer conducting the traffic stop to order him back across twice,entertainment news website tm z understands the photographer stopped his vehicle on the other side of st palvida bolevard and attempted to take pictures of the police stop before crossing the road and continuing prompting the california highway patrol police officer conducting the traffic stop to order him back across twice
1899,Muhammad was deeply interested in matters beyond this mundane life. He used to frequent a cave that became known as “Hira‘” on the Mountain of “Noor” (light) for contemplation.,muhammed was deeply interested in matters beyond this mondaine life he used to frequent a cave that became known as hera on the mountain of nor light for contemplation,muhammad was deeply interested in matters beyond this mundane life he used to frequent a cave that became known as hira on the mountain of noor light for contemplation,muhammed was deeply interested in matters beyond this mondaine life he used to frequent a cave that became known as hera on the mountain of nor light for contemplation
1898,"""He [Wales] basically lied to us from the start. First, by acting as if this was for legal reasons. Second, by pretending he was listening to us, right up to his art deletion.""",he wales basically lied to us from the start first by acting as if this was for legal reasons second by pretending he was listening to us right up to his art deletion,he wales basically lied to us from the start first by acting as if this was for legal reasons second by pretending he was listening to us right up to his art deletion,he wales basically lied to us from the start first by acting as if this was for legal reasons second by pretending he was listening to us right up to his art deletion
1664,"Swirl the two dry powders together and then, with clean wet hands, squeeze them into a ball.",swelw the true dry powders together and then with clean whet hands squeeze them into a ball,swirl the two dry powders together and then with clean wet hands squeeze them into a ball,swelw the true dry powders together and then with clean whet hands squeeze them into a ball
1789,"The other nominations include Best Picture, Director, Cinematography, Costume Design, Film-editing, Original Score, Production Design, Sound Editing, Sound Mixing and Original Screenplay.",the other nominations include best picture director senematography costume design film editing original score production design sound editing sound mixing and original screen play,the other nominations include best picture director cinematography costume design film editing original score production design sound editing sound mixing and original screenplay,the other nominations include best picture director senematography costume design film editing original score production design sound editing sound mixing and original screen play
1811,The 802.11n standard operates on both the 2.4Ghz and 5.0Ghz frequencies.,the ado el n standard operates on both the tf ghc and f z ghc frequencies,the 802 11n standard operates on both the 2 4ghz and 5 0ghz frequencies,the ado el n standard operates on both the tf ghc and f z ghc frequencies
1958,"The city is in stark contrast to the rest of the country's cities, because it has more of an Arabic flair than of an African.",the city his in start contracts to the rest of the country cities because it is more of an arabic flar than of an african,the city is in stark contrast to the rest of the country s cities because it has more of an arabic flair than of an african,the city his in start contracts to the rest of the country cities because it is more of an arabic flar than of an african
1894,"A curry is a dish based on herbs and spices, together with either meat or vegetables.",a curry is a dish based on herbs and spices together with either meat or vegetable,a curry is a dish based on herbs and spices together with either meat or vegetables,a curry is a dish based on herbs and spices together with either meat or vegetable
1944,These are sometimes-crowded family beaches with a good range of shops lining the shore. Swimming is safe.,these are sometimes crowded family beaches with a good range of shops linding the shore swinning safe,these are sometimes crowded family beaches with a good range of shops lining the shore swimming is safe,these are sometimes crowded family beaches with a good range of shops linding the shore swinning safe
1804,The Haitian Institute for Justice and Democracy has referenced independent studies that suggest the Nepalese UN peacekeeping battalion unknowingly brought the disease to Haiti.,the hatian institute for justice and democracy has reference independent studies that suggests that the nepale's un peace-keeping battalion unknowingly brought the disease to hati,the haitian institute for justice and democracy has referenced independent studies that suggest the nepalese un peacekeeping battalion unknowingly brought the disease to haiti,the hatian institute for justice and democracy has reference independent studies that suggests that the nepale s un peace keeping battalion unknowingly brought the disease to hati
1985,"It is related to but usually not involving alpine style ski touring or mountaineering, the latter ones done in steep terrain and requiring much stiffer skis and boots.",it is related to but usually not involving alpine style ski touring or mountaineering the latter one's done in steep terrain and requiring much stiffer skis and boots,it is related to but usually not involving alpine style ski touring or mountaineering the latter ones done in steep terrain and requiring much stiffer skis and boots,it is related to but usually not involving alpine style ski touring or mountaineering the latter one s done in steep terrain and requiring much stiffer skis and boots
1886,"Ancient cultures and tribes began to keep them for easy access to milk, hair, meat, and skins.",ancient culturs and tribes begin to keep them for easy access to milk hair meat and skins,ancient cultures and tribes began to keep them for easy access to milk hair meat and skins,ancient culturs and tribes begin to keep them for easy access to milk hair meat and skins
1687,Segregation and recombination shuffle variation back and forth between the two pools with each generation.,segregation and recombination shuffle variation back and forth between the two pools with each generation,segregation and recombination shuffle variation back and forth between the two pools with each generation,segregation and recombination shuffle variation back and forth between the two pools with each generation
1674,"In some areas boiling water for a minute is enough, in others several minutes are needed.",in some areas boiling water for a minute is enough and other several minutes are needed,in some areas boiling water for a minute is enough in others several minutes are needed,in some areas boiling water for a minute is enough and other several minutes are needed
1793,"If you're not used to driving on country roads, keep your wits about you: steep grades, narrow lanes, and sharp curves predominate.",if you're not used to driving on country roads keep your wits about you steep grades narrow lanes and sharp curves predominate,if you re not used to driving on country roads keep your wits about you steep grades narrow lanes and sharp curves predominate,if you re not used to driving on country roads keep your wits about you steep grades narrow lanes and sharp curves predominate
1753,"While this is often only an inaccurate stereotype, the best way to get along in Paris still is to be on your best behavior, acting like someone who is ""bien élevé"" (well brought up). It will make getting about considerably easier.",while this is often only an accurate stereotype the best way to get along in paris still is to be on your best behaviour i feen like some one who is been avel well brought off it will make getting about considerably easier,while this is often only an inaccurate stereotype the best way to get along in paris still is to be on your best behavior acting like someone who is bien élevé well brought up it will make getting about considerably easier,while this is often only an accurate stereotype the best way to get along in paris still is to be on your best behaviour i feen like some one who is been avel well brought off it will make getting about considerably easier
1856,"Finland is a great boating destination. The ""Land of a thousand lakes"" has thousands of islands too, in the lakes and in the coastal archipelagos.",finland is a great boating destination the land of a thousand lakes has thousands of islands to in the lakes and in the coastal archipelagoes,finland is a great boating destination the land of a thousand lakes has thousands of islands too in the lakes and in the coastal archipelagos,finland is a great boating destination the land of a thousand lakes has thousands of islands to in the lakes and in the coastal archipelagoes
1818,People may not anticipate that patience and understanding are also necessary for travellers returning home.,people may not anticipate that patiencs and understanding are also necessary for travellers returning home,people may not anticipate that patience and understanding are also necessary for travellers returning home,people may not anticipate that patiencs and understanding are also necessary for travellers returning home
1820,"People now write messages on computer screens, never having to come close to a sharpener.",people now write messages on computer screens never having to come close to a sharpener,people now write messages on computer screens never having to come close to a sharpener,people now write messages on computer screens never having to come close to a sharpener
1959,"Still, take advice from authorities, obey all signs, and pay close attention to safety warnings.",still take advice from the authorities abeil signs and pay close attention to safety warnings,still take advice from authorities obey all signs and pay close attention to safety warnings,still take advice from the authorities abeil signs and pay close attention to safety warnings
1812,"While one experimental vaccine appears able to reduce Ebola mortality, up until now, no drugs have been clearly demonstrated suitable for treating existing infection.",while one experimental vaccine appears to be able to reduce e bullof mortality up until now no drugs have been clearly demonstrated suitable for treating existing iffection,while one experimental vaccine appears able to reduce ebola mortality up until now no drugs have been clearly demonstrated suitable for treating existing infection,while one experimental vaccine appears to be able to reduce e bullof mortality up until now no drugs have been clearly demonstrated suitable for treating existing iffection
1719,"Severe weather is the generic term for any dangerous weather phenomenon with the potential to cause damage, serious social disruption, or loss of human life.",severe weather is a genary term for any dangerous weather phenomenon with the potential to cause damage serious social disrupt or loss of human life,severe weather is the generic term for any dangerous weather phenomenon with the potential to cause damage serious social disruption or loss of human life,severe weather is a genary term for any dangerous weather phenomenon with the potential to cause damage serious social disrupt or loss of human life
1932,"Five minutes into the display a wind starts rolling in, about a minute later, the wind is reaching 70km/h... then the rain comes, but so hard and so large that it slaps your skin like a needle, then hail fell from the sky, people panicking and screaming and running over each other.",five minutes into the display a wind stars rolling in about a minute later the wind is reaching seventy kioms per hour then the rain comes but so hard and so large that it slaps your skin like a needle then hail fill from the sky people panicking and screaming and running over each other,five minutes into the display a wind starts rolling in about a minute later the wind is reaching 70km h then the rain comes but so hard and so large that it slaps your skin like a needle then hail fell from the sky people panicking and screaming and running over each other,five minutes into the display a wind stars rolling in about a minute later the wind is reaching seventy kioms per hour then the rain comes but so hard and so large that it slaps your skin like a needle then hail fill from the sky people panicking and screaming and running over each other
1936,"Perry stated that he would ""return to Texas to assess the results of tonight's caucus, determine whether there is a path forward for myself in this race"", but later said that he would remain in the race and compete in the January 21 South Carolina primary.",perry stated that he would return to texas to assess the results of tonight's coucas determining whether there is a path forward for myself in this race but letters said that he would remain in the race and compete of the january o south carolina primary,perry stated that he would return to texas to assess the results of tonight s caucus determine whether there is a path forward for myself in this race but later said that he would remain in the race and compete in the january 21 south carolina primary,perry stated that he would return to texas to assess the results of tonight s coucas determining whether there is a path forward for myself in this race but letters said that he would remain in the race and compete of the january o south carolina primary
1948,The Three Kingdoms was one of the bloodiest eras in Ancient China’s history thousands of people died fighting to sit in the highest seat in the grand palace at Xi’an.,the three kingdoms was one of the bloodiest aras innation china's history thousands of people died fighting to sit in the highest seat in the grand palace a zion,the three kingdoms was one of the bloodiest eras in ancient china s history thousands of people died fighting to sit in the highest seat in the grand palace at xi an,the three kingdoms was one of the bloodiest aras innation china s history thousands of people died fighting to sit in the highest seat in the grand palace a zion
1979,The official Falklands currency is the Falkland pound (FKP) whose value is set equivalent to that of one British pound (GBP).,the official falkland's currency is a falkland pound fkp whose value is set equivalent to that of a british pound gpp,the official falklands currency is the falkland pound fkp whose value is set equivalent to that of one british pound gbp,the official falkland s currency is a falkland pound fkp whose value is set equivalent to that of a british pound gpp
1670,"Their thermal behavior is not as steady as large caves on Earth that often maintain a fairly constant temperature, but it is consistent with these being deep holes in the ground,"" said Glen Cushing of the United States Geological Survey (USGS) Astrogeology Team and of Northern Arizona University located in Flagstaff, Arizona.",their firmal behaviour is not as steady as large caves on earth that often maintain a fairly causing temperature but itis consistent with these being deep holes in the ground set lanquishing of united states geological survey astrogeology team and of northern arizona university located in flagstaff arizona,their thermal behavior is not as steady as large caves on earth that often maintain a fairly constant temperature but it is consistent with these being deep holes in the ground said glen cushing of the united states geological survey usgs astrogeology team and of northern arizona university located in flagstaff arizona,their firmal behaviour is not as steady as large caves on earth that often maintain a fairly causing temperature but itis consistent with these being deep holes in the ground set lanquishing of united states geological survey astrogeology team and of northern arizona university located in flagstaff arizona
1965,"They are almost all sandy beaches with safe swimming, and most have shade provided by pohutukawa trees.",ther are almost all sandy beaches with safe swimming and most have shade provided by pahutua trees,they are almost all sandy beaches with safe swimming and most have shade provided by pohutukawa trees,ther are almost all sandy beaches with safe swimming and most have shade provided by pahutua trees
1986,"The presence of a true “invisible team” (Larson and LaFasto, 1989, p109) is also a unique component of a virtual team.",the presence of the true invisible team larsenin lofasto  page  is also a unique component of a virtual team,the presence of a true invisible team larson and lafasto 1989 p109 is also a unique component of a virtual team,the presence of the true invisible team larsenin lofasto page is also a unique component of a virtual team
1771,"Remember that even though music on the main stages may have finished, there may be sections of the festival that will keep playing music until late into the night.",remember that even though music on the main stages may have finished there may be sections of the festival that will keep playing music until late into the night,remember that even though music on the main stages may have finished there may be sections of the festival that will keep playing music until late into the night,remember that even though music on the main stages may have finished there may be sections of the festival that will keep playing music until late into the night
1945,Casablanca is one of the least interesting places to shop in all of Morocco.,casablanca is one of the least interesting places to shop in all of morocco,casablanca is one of the least interesting places to shop in all of morocco,casablanca is one of the least interesting places to shop in all of morocco
1777,"Ottawa is Canada's charming, bilingual capital and features an array of art galleries and museums that showcase Canada's past and present.",otawa is candidats charming by linqual capital and features an array of art galleries and museums that show-case candidats past and present,ottawa is canada s charming bilingual capital and features an array of art galleries and museums that showcase canada s past and present,otawa is candidats charming by linqual capital and features an array of art galleries and museums that show case candidats past and present
2008,"Other subjects on the agenda in Bali include saving the world's remaining forests, and sharing technologies to help developing nations grow in less-polluting ways.",other subjects on the agenda in body include saving the world's remaining forest and sharing technologies to help developing nations growing in less pulluting ways,other subjects on the agenda in bali include saving the world s remaining forests and sharing technologies to help developing nations grow in less polluting ways,other subjects on the agenda in body include saving the world s remaining forest and sharing technologies to help developing nations growing in less pulluting ways
1673,"During the Revolutionary War, the thirteen states first formed a weak central government—with the Congress being its only component—under the Articles of Confederation.",during the revolutionary war the tn states first formed a weak central government with the congress being its only component under the articles of confederation,during the revolutionary war the thirteen states first formed a weak central government with the congress being its only component under the articles of confederation,during the revolutionary war the tn states first formed a weak central government with the congress being its only component under the articles of confederation
1872,"During the struggle for independence organised by the Mau movement, a peaceful gathering in the town resulted in the killing of the paramount chief Tupua Tamasese Lealofi III.",during the struggle for independence organized by the mao movement a peaceful gathering in the town resulted in the killing of a paramount chief tupua tamasese leolopi  ihid,during the struggle for independence organised by the mau movement a peaceful gathering in the town resulted in the killing of the paramount chief tupua tamasese lealofi iii,during the struggle for independence organized by the mao movement a peaceful gathering in the town resulted in the killing of a paramount chief tupua tamasese leolopi ihid
1949,The term bug is used by entomologists in a formal sense for this group of insects.,the term buok is used by entomologist an a formal sense for this group of insects,the term bug is used by entomologists in a formal sense for this group of insects,the term buok is used by entomologist an a formal sense for this group of insects
1968,"Some cruises feature Berlin, Germany in the brochures. As you can see from the map above Berlin is no where near the sea and a visit to the city is not included in the price of the cruise.",some cruises feature berlin germany and the brochers as you can see from the map above berlin is nowhere near the sea and a visit to the city is not included in the price of the creise,some cruises feature berlin germany in the brochures as you can see from the map above berlin is no where near the sea and a visit to the city is not included in the price of the cruise,some cruises feature berlin germany and the brochers as you can see from the map above berlin is nowhere near the sea and a visit to the city is not included in the price of the creise
1983,"The word civilization comes from the Latin civilis, meaning civil, related to the Latin civis, meaning citizen, and civitas, meaning city or city-state, and that also somehow defines the size of the society.",the word civilization comes from the latin civilist manbein civil related to the latin civis meaning citizen and sivitas meaning city or city state and that also somehow defines the size of society,the word civilization comes from the latin civilis meaning civil related to the latin civis meaning citizen and civitas meaning city or city state and that also somehow defines the size of the society,the word civilization comes from the latin civilist manbein civil related to the latin civis meaning citizen and sivitas meaning city or city state and that also somehow defines the size of society
1951,"In 2002 Goma was destroyed by lava from the Nyiragongo volcano which buried most of the town’s streets, particularly the town centre.",in ti goma was destroyed by lava from the niragango volcano which buried most of the towns streets particularly the towns senter,in 2002 goma was destroyed by lava from the nyiragongo volcano which buried most of the town s streets particularly the town centre,in ti goma was destroyed by lava from the niragango volcano which buried most of the towns streets particularly the towns senter
1845,"In a carriage, they traveled back to Paris surrounded by a mob of people screaming and shouting threats against the King and Queen.",in a carriage they traveld back to paris surrounded by a mob of people screaming and shouting frets against the king and queen,in a carriage they traveled back to paris surrounded by a mob of people screaming and shouting threats against the king and queen,in a carriage they traveld back to paris surrounded by a mob of people screaming and shouting frets against the king and queen
1820,"People now write messages on computer screens, never having to come close to a sharpener.",people now write messages on computer screens never having to come close to a sharpener,people now write messages on computer screens never having to come close to a sharpener,people now write messages on computer screens never having to come close to a sharpener
1972,Many people don't think about them as dinosaurs because they have feathers and can fly.,ho many people don't think about them as dinosaurs because they have feathers and can fly,many people don t think about them as dinosaurs because they have feathers and can fly,ho many people don t think about them as dinosaurs because they have feathers and can fly
1924,"Four skiers in the women's sitting group failed to finish their runs, and 45 of the 117 total skiers in the Giant Slalom failed to rank in the race.",four skeers in the women' siting group failed to finish their runs and forty five of the one seventeen total skers in the giant slydlom failed to rank in the race,four skiers in the women s sitting group failed to finish their runs and 45 of the 117 total skiers in the giant slalom failed to rank in the race,four skeers in the women siting group failed to finish their runs and forty five of the one seventeen total skers in the giant slydlom failed to rank in the race
1990,"Blogs can also help improve student writing. While students often begin their blog experience with sloppy grammar and spelling, the presence of an audience generally changes that.",blog can also improve student writing wil smins often begin their blog experience with sloppy grimmer and spelling the presence of an audience generally changes that,blogs can also help improve student writing while students often begin their blog experience with sloppy grammar and spelling the presence of an audience generally changes that,blog can also improve student writing wil smins often begin their blog experience with sloppy grimmer and spelling the presence of an audience generally changes that
1759,"Dr. Malar Balasubramanian, 29, was found in Blue Ash, Ohio, a suburb approximately 15 miles north of Cincinnati lying on the ground beside the road in a T-shirt and underwear in an apparently heavily medicated state.",dr mela balasubramanian  was found in blue ash ohio a suburb approximately f miles north of sincinati lying on the ground beside the road in a teashirt and underweare in an apparently heavily medicated state,dr malar balasubramanian 29 was found in blue ash ohio a suburb approximately 15 miles north of cincinnati lying on the ground beside the road in a t shirt and underwear in an apparently heavily medicated state,dr mela balasubramanian was found in blue ash ohio a suburb approximately f miles north of sincinati lying on the ground beside the road in a teashirt and underweare in an apparently heavily medicated state
1689,"Europe is a continent that is relatively small but with many independent countries. Under normal circumstances, travelling through multiple countries would mean having to go through visa applications and passport control multiple times.",european is te continent that is relative small but with many independent countries under normal circumstances travelling through multiple countries would mean havy to go through visa application and passport control multiple times,europe is a continent that is relatively small but with many independent countries under normal circumstances travelling through multiple countries would mean having to go through visa applications and passport control multiple times,european is te continent that is relative small but with many independent countries under normal circumstances travelling through multiple countries would mean havy to go through visa application and passport control multiple times
1882,"Scientists hope to understand how planets form, especially how the Earth formed, since comets collided with the Earth long ago.",sciences hope to understand how planets form especially how the earth form since comments collided with the earth long ago,scientists hope to understand how planets form especially how the earth formed since comets collided with the earth long ago,sciences hope to understand how planets form especially how the earth form since comments collided with the earth long ago
1673,"During the Revolutionary War, the thirteen states first formed a weak central government—with the Congress being its only component—under the Articles of Confederation.",during the revolutionary war the t states first formed a weak's central government with the congress being its only component under the articles of confederation,during the revolutionary war the thirteen states first formed a weak central government with the congress being its only component under the articles of confederation,during the revolutionary war the t states first formed a weak s central government with the congress being its only component under the articles of confederation
1714,The satellite was sent into space by a rocket. Scientists use telescopes in space because the Earth’s atmosphere distorts some of our light and view.,the satellite was sent into space by a rocket scientists used telescopes in space because the earth's atmosphere distords some of our light and view,the satellite was sent into space by a rocket scientists use telescopes in space because the earth s atmosphere distorts some of our light and view,the satellite was sent into space by a rocket scientists used telescopes in space because the earth s atmosphere distords some of our light and view
1688,"The job of navies has traditionally been to ensure that your country maintains the ability to move your people and goods, while at the same time, interfering with your enemy's ability to move his people and goods.",the job of navis has traditionally been to ensure that your country maintains the ability to move your people and goods while at the same time interfering with your enemy's ability to move his people and goods,the job of navies has traditionally been to ensure that your country maintains the ability to move your people and goods while at the same time interfering with your enemy s ability to move his people and goods,the job of navis has traditionally been to ensure that your country maintains the ability to move your people and goods while at the same time interfering with your enemy s ability to move his people and goods
1777,"Ottawa is Canada's charming, bilingual capital and features an array of art galleries and museums that showcase Canada's past and present.",otowa is candidas charming bylinqual capital and features an array of artgalleries and museums that show case canadas past and present,ottawa is canada s charming bilingual capital and features an array of art galleries and museums that showcase canada s past and present,otowa is candidas charming bylinqual capital and features an array of artgalleries and museums that show case canadas past and present
1784,"Greenland was settled sparsely. In the Norse sagas they say that Erik the Red was exiled from Iceland for murder, and when travelling further west, found Greenland and named it Greenland.",greenland was settled sparcely in the north sagas they saw that eric the red was exiled from iceland for murder and went travelling further west found greenland and named i greenland,greenland was settled sparsely in the norse sagas they say that erik the red was exiled from iceland for murder and when travelling further west found greenland and named it greenland,greenland was settled sparcely in the north sagas they saw that eric the red was exiled from iceland for murder and went travelling further west found greenland and named i greenland
1865,Saint Petersburg cruises include time in town. Cruise passengers are exempted from visa requirements (check the terms).,sint petersburg cruises include timantown cruise passengers are exempted from visa requirements check the terms,saint petersburg cruises include time in town cruise passengers are exempted from visa requirements check the terms,sint petersburg cruises include timantown cruise passengers are exempted from visa requirements check the terms
1702,In just two weeks the Americans and Free French forces had liberated southern France and were turning towards Germany.,in just two weeks the americans and free french forces had liberated southern france and were turning towards germany,in just two weeks the americans and free french forces had liberated southern france and were turning towards germany,in just two weeks the americans and free french forces had liberated southern france and were turning towards germany
1663,"Cochamó Valley - Chile's premier climbing destination, known as the Yosemite of South America, with a variety of granite big walls and crags.",chokamo valley chile's premiere climbing destination known as the yosemity of south america with a variety of granate big walls and crags,cochamó valley chile s premier climbing destination known as the yosemite of south america with a variety of granite big walls and crags,chokamo valley chile s premiere climbing destination known as the yosemity of south america with a variety of granate big walls and crags
1982,"Women: It is recommended that any women travellers say that they are married, regardless of actual marital status.",women it is recommended that any women travellers say they are married regardless of actual merital status,women it is recommended that any women travellers say that they are married regardless of actual marital status,women it is recommended that any women travellers say they are married regardless of actual merital status
1710,"Last week, METI announced that Apple had informed it of 34 additional overheating incidents, which the company called ""non-serious.""",last week medy announced that apple had informed it of f additional overheating incidents which the company called non serius,last week meti announced that apple had informed it of 34 additional overheating incidents which the company called non serious,last week medy announced that apple had informed it of f additional overheating incidents which the company called non serius
1933,"Finally, there are many small cats (including loose pet cats) that eat the far more numerous small prey like insects, rodents, lizards, and birds.",finally there are many small cats including loose pet cats that eat the far more numerous small prey like insects roadans lizzards and birds,finally there are many small cats including loose pet cats that eat the far more numerous small prey like insects rodents lizards and birds,finally there are many small cats including loose pet cats that eat the far more numerous small prey like insects roadans lizzards and birds
1863,"The center of Tibetan meditation is the Deity Yoga. Through the visualization of various deities the energy channels are cleaned, the chakras are activated and the enlightenment consciousness is created.",the centr of tibetton meditation is the deity ilga through the visualization of various deitis the energy channels are cleaned the shackras are activated and the enlightenment consciousness is created,the center of tibetan meditation is the deity yoga through the visualization of various deities the energy channels are cleaned the chakras are activated and the enlightenment consciousness is created,the centr of tibetton meditation is the deity ilga through the visualization of various deitis the energy channels are cleaned the shackras are activated and the enlightenment consciousness is created
1922,"There are of course Christian theological explanations for this tradition, but it may well be a pre-Christian Spring and Fertility ritual.",there are of course christian theological explanations for this tradition but it may well be a pre-christian spring and fertility ritual,there are of course christian theological explanations for this tradition but it may well be a pre christian spring and fertility ritual,there are of course christian theological explanations for this tradition but it may well be a pre christian spring and fertility ritual
1676,"As with all South African National Parks, there are daily conservation and entry fees for the park.",as with all south african national parks there are daily conservation and entry fees for the park,as with all south african national parks there are daily conservation and entry fees for the park,as with all south african national parks there are daily conservation and entry fees for the park
1767,"This offers a good opportunity to see the Aurora borealis, as the sky will be dark more or less around the clock.",this offers a good opportunity to see the arora borelis as the sky will be dark more or less around the clock,this offers a good opportunity to see the aurora borealis as the sky will be dark more or less around the clock,this offers a good opportunity to see the arora borelis as the sky will be dark more or less around the clock
1929,"Del Potro had the early advantage in the second set, but this too required a tie break after reaching 6-6.",del poltro has the early advantage in the second sep but this is too required a tie break after reaching six to six,del potro had the early advantage in the second set but this too required a tie break after reaching 6 6,del poltro has the early advantage in the second sep but this is too required a tie break after reaching six to six
1672,"Be careful not to allow fabric to become too hot (which can cause shrinkage, or in extreme cases, scorch).",be careful not to allow fabric to become too hot which can cause shrinkage or in extreme cases scorch,be careful not to allow fabric to become too hot which can cause shrinkage or in extreme cases scorch,be careful not to allow fabric to become too hot which can cause shrinkage or in extreme cases scorch
1920,"They usually have special food, drink and entertainment offers, to keep guests in a good mood, and keep them at the premise.",they usually have special food drink and entertainment offers to keep guests in a good mood and to keep them at the premise,they usually have special food drink and entertainment offers to keep guests in a good mood and keep them at the premise,they usually have special food drink and entertainment offers to keep guests in a good mood and to keep them at the premise
1884,"In particular, it is claimed that one can detect whether a person is lying by interpreting micro-expressions correctly.",in particular it is claimed that one can detect whether a person is lying by interpreting micro expressions correctly,in particular it is claimed that one can detect whether a person is lying by interpreting micro expressions correctly,in particular it is claimed that one can detect whether a person is lying by interpreting micro expressions correctly
1665,"The document, according to the leak, will refer to the borders dispute, which Palestine wants based on the borders before the 1967 Mideast War.",a document according to the leake will refer to the borders' dispute which palestine wants based on the borders before the  mid-east war,the document according to the leak will refer to the borders dispute which palestine wants based on the borders before the 1967 mideast war,a document according to the leake will refer to the borders dispute which palestine wants based on the borders before the mid east war
1765,"Since the foundation of Asunción in 1537, Paraguay has managed to keep a lot of its indigenous character and identity.",since the foundation of ansunsion in fs paraguay has managed to keep a lot of its indigenous character and identity,since the foundation of asunción in 1537 paraguay has managed to keep a lot of its indigenous character and identity,since the foundation of ansunsion in fs paraguay has managed to keep a lot of its indigenous character and identity
1879,One can only wonder what the keyboard will become when something newer comes along.,one can only wonder what the keyboard will become when something knew where it comes along,one can only wonder what the keyboard will become when something newer comes along,one can only wonder what the keyboard will become when something knew where it comes along
1976,"Middle order batsmen, Sachin Tendulkar and Rahul Dravid, performed well and made a hundred-run partnership.",middle order batsmen setchin tedu car and rakkul dravit performed well and made  run partnership,middle order batsmen sachin tendulkar and rahul dravid performed well and made a hundred run partnership,middle order batsmen setchin tedu car and rakkul dravit performed well and made run partnership
1970,"We don't know for sure, but it may have had a forked tongue. Its diet included turtles, large fish, other mosasaurs, and it may even have been a cannibal.",we don't know for sure but it may have had a forkd tongue is int include turtles large fish other mosasors and hey may even have been a cannibal,we don t know for sure but it may have had a forked tongue its diet included turtles large fish other mosasaurs and it may even have been a cannibal,we don t know for sure but it may have had a forkd tongue is int include turtles large fish other mosasors and hey may even have been a cannibal
1745,"Plants look their best when in a natural environment, so resist the temptation to remove even ""just one"" specimen.",plants look their bests when in a natural environment so resist the temptation to remove even just one specimen,plants look their best when in a natural environment so resist the temptation to remove even just one specimen,plants look their bests when in a natural environment so resist the temptation to remove even just one specimen
1977,"Prides are made up of one to three related adult males, along with as many as thirty females and cubs.",prides are made up of one of two three related adult males along with as many as thirty females and cubs,prides are made up of one to three related adult males along with as many as thirty females and cubs,prides are made up of one of two three related adult males along with as many as thirty females and cubs
1770,"This seems sensible, because the Earth doesn't feel as if it's moving, does it?",this seems sensible because the earth doesn't feel as if it's moving does it,this seems sensible because the earth doesn t feel as if it s moving does it,this seems sensible because the earth doesn t feel as if it s moving does it
1806,"As light pollution in their heyday was not the kind of problem it is today, they are usually located in cities or at campuses, easier to reach than those built in modern times.",as light pollution an their hayday was not the kind of problem it is today they are usually located in cities or at campuses easier to reach than those built in modern times,as light pollution in their heyday was not the kind of problem it is today they are usually located in cities or at campuses easier to reach than those built in modern times,as light pollution an their hayday was not the kind of problem it is today they are usually located in cities or at campuses easier to reach than those built in modern times
1744,"The smaller the Rossby number, the less active the star with respect to magnetic reversals.",the small er the raspe number the less act ive the star with respect to magnetic reversals,the smaller the rossby number the less active the star with respect to magnetic reversals,the small er the raspe number the less act ive the star with respect to magnetic reversals
1869,"Its long jaws were studded with more than 70 razor-sharp teeth, along with an extra set in the roof of its mouth, meaning that there was no escape for anything that crossed its path.",his long jaws were studded with more than seventy raser sharp teeth along with an ecte set in the roof of its mouth meaning that there was no escape for anything that crossed hits path,its long jaws were studded with more than 70 razor sharp teeth along with an extra set in the roof of its mouth meaning that there was no escape for anything that crossed its path,his long jaws were studded with more than seventy raser sharp teeth along with an ecte set in the roof of its mouth meaning that there was no escape for anything that crossed hits path
1841,"Nothing can be seen other than the clear, beautiful sky above and the many surrounding mountains. Very little of this world can be seen or heard from inside the cave.",nothing can be seen other than the clear beautiful sky above in the many surrounding mountains very little of this world can be seen or heard from inside the cave,nothing can be seen other than the clear beautiful sky above and the many surrounding mountains very little of this world can be seen or heard from inside the cave,nothing can be seen other than the clear beautiful sky above in the many surrounding mountains very little of this world can be seen or heard from inside the cave
1986,"The presence of a true “invisible team” (Larson and LaFasto, 1989, p109) is also a unique component of a virtual team.",the presence of a true invisible team larsina la faso  pge on is also a unique component of a virtual team,the presence of a true invisible team larson and lafasto 1989 p109 is also a unique component of a virtual team,the presence of a true invisible team larsina la faso pge on is also a unique component of a virtual team
1926,"Accepted were Aristotle's views on all matters of science, including psychology.",accepted were aristotle's views on all matters of science including psychology,accepted were aristotle s views on all matters of science including psychology,accepted were aristotle s views on all matters of science including psychology
1840,"In many other cities of Italy and in the rest of the world, particularly in Poland, similar setups were made, which were viewed by a great number of people.",in many other cities of italy and in the rest of the world particularly in poland similar set ups were made which were viewed by a great number of people,in many other cities of italy and in the rest of the world particularly in poland similar setups were made which were viewed by a great number of people,in many other cities of italy and in the rest of the world particularly in poland similar set ups were made which were viewed by a great number of people
1964,The 25 Dunlap broadsides still known to exist are the oldest surviving copies of the document. The original handwritten copy has not survived.,the f dunlap broad sides still known to exist are the oldest surviving copies of the document the original handrianing copiing has not survived,the 25 dunlap broadsides still known to exist are the oldest surviving copies of the document the original handwritten copy has not survived,the f dunlap broad sides still known to exist are the oldest surviving copies of the document the original handrianing copiing has not survived
1774,"On the outlying islands credit cards will probably not be accepted, although British and United States currency may be taken; check with the owners in advance to determine what is an acceptable payment method.",in the outlying islands credit cards will probably not be accepted although british and the united states currancy may be taken check with the owners in advance to determine what is an acceptable payment method,on the outlying islands credit cards will probably not be accepted although british and united states currency may be taken check with the owners in advance to determine what is an acceptable payment method,in the outlying islands credit cards will probably not be accepted although british and the united states currancy may be taken check with the owners in advance to determine what is an acceptable payment method
2003,"To get the best views of Hong Kong, leave the island and head for the Kowloon waterfront opposite.",to get the best views of hong kong leave the island and head for the koloon water front opposite,to get the best views of hong kong leave the island and head for the kowloon waterfront opposite,to get the best views of hong kong leave the island and head for the koloon water front opposite
1859,towards the end of the Middle Ages western Europe began to develop their own style. one of the biggest developments of the time as a result of the crusades people began to use buttons to fasten clothing.,toward the end of the middle ages western europe began to develop their own style one of the biggest developments of the time as a result of the crusads people began to use buttons to fasten clothing,towards the end of the middle ages western europe began to develop their own style one of the biggest developments of the time as a result of the crusades people began to use buttons to fasten clothing,toward the end of the middle ages western europe began to develop their own style one of the biggest developments of the time as a result of the crusads people began to use buttons to fasten clothing
1842,"Because the dinosaur feathers do not have a well-developed shaft, called a rachis, but do have other features of feathers — barbs and barbules — the researchers inferred the rachis was likely a later evolutionary development that these other features.",because the dinos or feathers do not have a well-developed shaft called rakes but do have other features of heavers barbs and barbuls the researchers inferred the raikis was likely a later evolutionary development that these other features,because the dinosaur feathers do not have a well developed shaft called a rachis but do have other features of feathers barbs and barbules the researchers inferred the rachis was likely a later evolutionary development that these other features,because the dinos or feathers do not have a well developed shaft called rakes but do have other features of heavers barbs and barbuls the researchers inferred the raikis was likely a later evolutionary development that these other features
1887,While he was working at the hospital Liggins began to investigate premature labor during his spare time.,while he was working at the hospital ligans begin to investigate premature labor during his spared time,while he was working at the hospital liggins began to investigate premature labor during his spare time,while he was working at the hospital ligans begin to investigate premature labor during his spared time
1830,"The ruling party, South West Africa People's Organisation (SWAPO), also retained a majority in the parliamentary elections.",the ruling party southwest africa people's organization swapo also retained a majority in the parliamentary elections,the ruling party south west africa people s organisation swapo also retained a majority in the parliamentary elections,the ruling party southwest africa people s organization swapo also retained a majority in the parliamentary elections
1900,"In fact, it is not easy to find at all even if one knew it existed. Once inside the cave, it is a total isolation.",in fact it is not easy to find at all even i on new it existed once inside the cave it is a total isolation,in fact it is not easy to find at all even if one knew it existed once inside the cave it is a total isolation,in fact it is not easy to find at all even i on new it existed once inside the cave it is a total isolation
1873,"Be firm in turning down men, and don't be afraid to stand your ground (cultural differences or not, it doesn't make it ok!).",be firm in turning down men and don't be afraid to stand your ground cultural differences or not and doesn't make it oky,be firm in turning down men and don t be afraid to stand your ground cultural differences or not it doesn t make it ok,be firm in turning down men and don t be afraid to stand your ground cultural differences or not and doesn t make it oky
1735,"Researchers from Princeton University in the United States and Uppsala University in Sweden reported the new species evolved in just two generations, though this process had been believed to take much longer, due to breeding between an endemic Darwin finch, Geospiza fortes, and the immigrant cactus finch, Geospiza conirostris.",researchers from princent university in the united states and apsala university in sweden reported the new species involved in just two generations though this process has  believed to take much longer due to the breeding between an endemic darwin finch giospiza fortes and the immigrant cactas finch giospiza conirostris,researchers from princeton university in the united states and uppsala university in sweden reported the new species evolved in just two generations though this process had been believed to take much longer due to breeding between an endemic darwin finch geospiza fortes and the immigrant cactus finch geospiza conirostris,researchers from princent university in the united states and apsala university in sweden reported the new species involved in just two generations though this process has believed to take much longer due to the breeding between an endemic darwin finch giospiza fortes and the immigrant cactas finch giospiza conirostris
1725,"ASUS Eee PC, earlier launched world-wide for cost-saving and functionality factors, became a hot topic in 2007 Taipei IT Month.",asis epc earlier launched world wide for cost saving functionality factors became a hot topic in ts tipei it month,asus eee pc earlier launched world wide for cost saving and functionality factors became a hot topic in 2007 taipei it month,asis epc earlier launched world wide for cost saving functionality factors became a hot topic in ts tipei it month
1868,"At the other end of the spectrum, one morphs into an unrecognizable individual that feels he or she must change everything the team has been doing and make it their own.",at the other end of the spectrum one morse into an unrecognisable individual that feels he or she must change everything the team has been doing and make it their own,at the other end of the spectrum one morphs into an unrecognizable individual that feels he or she must change everything the team has been doing and make it their own,at the other end of the spectrum one morse into an unrecognisable individual that feels he or she must change everything the team has been doing and make it their own
1981,If you only go ashore using shipboard excursions you will not need a separate visa (as of 2009).,if you only go ashore using ship bor excursions you will not need a separate visa as of tn,if you only go ashore using shipboard excursions you will not need a separate visa as of 2009,if you only go ashore using ship bor excursions you will not need a separate visa as of tn
1942,"We make our houses from plants and make clothes from plants. Most foods that we eat are plants. Without plants, animals could not survive.",we make our houses from plants and make clothes from plants most foods that we eat our plants without plants animals could not survive,we make our houses from plants and make clothes from plants most foods that we eat are plants without plants animals could not survive,we make our houses from plants and make clothes from plants most foods that we eat our plants without plants animals could not survive
1918,The Sundarbans has been declared a UNESCO World Heritage Site. The part of the forest within Indian territory is called Sundarbans National Park.,the sundarbens has been declared a unesco world heritage site the part of the forest with in indian territory is called sundarbens national park,the sundarbans has been declared a unesco world heritage site the part of the forest within indian territory is called sundarbans national park,the sundarbens has been declared a unesco world heritage site the part of the forest with in indian territory is called sundarbens national park
1925,"The work done was mostly theoretical, but the program was written to simulate observations made of the Sagittarius galaxy.",the work done was mostly theoretical but the programme was written to simulate observations made of the sajutarius galaxy,the work done was mostly theoretical but the program was written to simulate observations made of the sagittarius galaxy,the work done was mostly theoretical but the programme was written to simulate observations made of the sajutarius galaxy
1955,"MS is a disease that affects the central nervous system, which is made up of the brain, the spinal cord and the optic nerve.",ms is a disease that affects the sentral nervous system which is made up of the brain the spinal cord and the optic nerve,ms is a disease that affects the central nervous system which is made up of the brain the spinal cord and the optic nerve,ms is a disease that affects the sentral nervous system which is made up of the brain the spinal cord and the optic nerve
1857,"He added that ""they should not, however, be asked to take on obligations that go beyond their development stage, responsibility and capabilities.""",he added that they should not however be asked to take on obligations that go beyond their development stage responsibility and capabilities,he added that they should not however be asked to take on obligations that go beyond their development stage responsibility and capabilities,he added that they should not however be asked to take on obligations that go beyond their development stage responsibility and capabilities
1965,"They are almost all sandy beaches with safe swimming, and most have shade provided by pohutukawa trees.",they are almost all sandy beaches with safe swimming and most have shade provided by pohikan trees,they are almost all sandy beaches with safe swimming and most have shade provided by pohutukawa trees,they are almost all sandy beaches with safe swimming and most have shade provided by pohikan trees
1840,"In many other cities of Italy and in the rest of the world, particularly in Poland, similar setups were made, which were viewed by a great number of people.",in many other cities of italy and in the rest of the world particularly in poland similar setuts were made which were viewed by a great number of people,in many other cities of italy and in the rest of the world particularly in poland similar setups were made which were viewed by a great number of people,in many other cities of italy and in the rest of the world particularly in poland similar setuts were made which were viewed by a great number of people
1814,Hydrogen ions are protons that had their electrons stripped off them (since Hydrogen atoms consist of one proton and one electron).,hydrogen ions are protons that had their electrons stripped off them since hydrogen atoms consist of one proton and one electron,hydrogen ions are protons that had their electrons stripped off them since hydrogen atoms consist of one proton and one electron,hydrogen ions are protons that had their electrons stripped off them since hydrogen atoms consist of one proton and one electron
1905,"The capital of Moldova is Chişinău. The local language is Romanian, but Russian is widely used.",the capital of moldova is chisinau the local language is romanian but russian is widely used,the capital of moldova is chişinău the local language is romanian but russian is widely used,the capital of moldova is chisinau the local language is romanian but russian is widely used
1959,"Still, take advice from authorities, obey all signs, and pay close attention to safety warnings.",still take advice from authorities obey all siencs and plato's attention to safety warnings,still take advice from authorities obey all signs and pay close attention to safety warnings,still take advice from authorities obey all siencs and plato s attention to safety warnings
1766,Some atoms have unstable nuclei which means that they tend to break apart with little or no nudging.,some atoms have unstable nuclear which means that they tend to break apart with little or no nudging,some atoms have unstable nuclei which means that they tend to break apart with little or no nudging,some atoms have unstable nuclear which means that they tend to break apart with little or no nudging
1768,Most of the buildings on the edges of the complex have been rebuilt in order to give tourists a better idea of how they originally appeared.,most of the buildings on the edges of the complex have been rebuilt in order to give tourists a better idea of how they originally appeared,most of the buildings on the edges of the complex have been rebuilt in order to give tourists a better idea of how they originally appeared,most of the buildings on the edges of the complex have been rebuilt in order to give tourists a better idea of how they originally appeared
1908,This is an important way to distinguish between some verbs and objects.,this is an important way to distinguish between some verbs and objeks,this is an important way to distinguish between some verbs and objects,this is an important way to distinguish between some verbs and objeks
1891,"Lakkha Singh presented the chhappan bhog bhajan as well. Singer, Raju Khandelwal was accompanying him.",lak hasing presented the chappan ba bajan as well singer raju kandel wal was accompanying him,lakkha singh presented the chhappan bhog bhajan as well singer raju khandelwal was accompanying him,lak hasing presented the chappan ba bajan as well singer raju kandel wal was accompanying him
1753,"While this is often only an inaccurate stereotype, the best way to get along in Paris still is to be on your best behavior, acting like someone who is ""bien élevé"" (well brought up). It will make getting about considerably easier.",while it is often an inaccurate stereotype the best way to get along in paris is is still beyond your best behaviour acting like somebody who is a beyond iliv well brought up it will make geting about considerably easier,while this is often only an inaccurate stereotype the best way to get along in paris still is to be on your best behavior acting like someone who is bien élevé well brought up it will make getting about considerably easier,while it is often an inaccurate stereotype the best way to get along in paris is is still beyond your best behaviour acting like somebody who is a beyond iliv well brought up it will make geting about considerably easier
1793,"If you're not used to driving on country roads, keep your wits about you: steep grades, narrow lanes, and sharp curves predominate.",if you're not used to driving on country roads keep your wits about you steep grades narrow lanes and sharp curves predominate,if you re not used to driving on country roads keep your wits about you steep grades narrow lanes and sharp curves predominate,if you re not used to driving on country roads keep your wits about you steep grades narrow lanes and sharp curves predominate
1684,"Apia is the capital of Samoa. The town is on the island of Upolu and has a population of just under 40,000.",apia is he capital samoa the town is on the island of upolu and has a population of just und fz,apia is the capital of samoa the town is on the island of upolu and has a population of just under 40 000,apia is he capital samoa the town is on the island of upolu and has a population of just und fz
1960,"He was reportedly aged in his 20s. In a statement, Bieber said ""[w]hile I was not present nor directly involved with this tragic accident, my thoughts and prayers are with the family of the victim.""",he was reportedly aged in his twenti's and a statement beber said while i was not present nor directly involved with this tragic accident my thoughts and prayers are with the family of the victim,he was reportedly aged in his 20s in a statement bieber said w hile i was not present nor directly involved with this tragic accident my thoughts and prayers are with the family of the victim,he was reportedly aged in his twenti s and a statement beber said while i was not present nor directly involved with this tragic accident my thoughts and prayers are with the family of the victim
1924,"Four skiers in the women's sitting group failed to finish their runs, and 45 of the 117 total skiers in the Giant Slalom failed to rank in the race.",four skiers in the woman's sitting group failed to finish their runs and f of the s total skiers in the giant slauman failed to rank in the race,four skiers in the women s sitting group failed to finish their runs and 45 of the 117 total skiers in the giant slalom failed to rank in the race,four skiers in the woman s sitting group failed to finish their runs and f of the s total skiers in the giant slauman failed to rank in the race
1718,There is no universal definition for which manufactured items are antiques. Some tax agencies define goods older than 100 years as antiques.,there is no universal definition for which manufactured items are antiques some tax agencies define goods older than a years as antiques,there is no universal definition for which manufactured items are antiques some tax agencies define goods older than 100 years as antiques,there is no universal definition for which manufactured items are antiques some tax agencies define goods older than a years as antiques
1862,NextGen is a system the FAA claims would allow aircraft to fly shorter routes and save millions of gallons of fuel each year and cut carbon emissions.,next janner the system the fia claims would allow aircraft to fleshwarter rounts and save millions of gallons of cuol each year and cut carbon emissions,nextgen is a system the faa claims would allow aircraft to fly shorter routes and save millions of gallons of fuel each year and cut carbon emissions,next janner the system the fia claims would allow aircraft to fleshwarter rounts and save millions of gallons of cuol each year and cut carbon emissions
1756,"Late on Sunday, the United States President Donald Trump, in a statement delivered via the press secretary, announced US troops would be leaving Syria.",late on sunday the united states president donald trump in a statement delivered via the press secretary announced us troops would be leaving syria,late on sunday the united states president donald trump in a statement delivered via the press secretary announced us troops would be leaving syria,late on sunday the united states president donald trump in a statement delivered via the press secretary announced us troops would be leaving syria
1779,The announcement was made after Trump had a phone conversation with Turkish President Recep Tayyip Erdoğan.,the announcement was made after trump had a phone conversation with turkish president recept talip erodong,the announcement was made after trump had a phone conversation with turkish president recep tayyip erdoğan,the announcement was made after trump had a phone conversation with turkish president recept talip erodong
1969,It states that the most effective place for the main subject is at the intersection of lines dividing the image into thirds vertically and horizontally (see example).,it states that the most effective place for the main subject is at the intersection of lines dividing the images into thirds vertically and horizontally c,it states that the most effective place for the main subject is at the intersection of lines dividing the image into thirds vertically and horizontally see example,it states that the most effective place for the main subject is at the intersection of lines dividing the images into thirds vertically and horizontally c
1883,"The vertical clearance under the bridge is 15 meters. Construction was completed in August 2011, it didn't open to traffic until March 2017.",the vertical clearance under the bridge is f meteres construction was completed in august tt it didn't open a traffic until march t,the vertical clearance under the bridge is 15 meters construction was completed in august 2011 it didn t open to traffic until march 2017,the vertical clearance under the bridge is f meteres construction was completed in august tt it didn t open a traffic until march t
1839,Think of the skiing route as of a similar hiking route.,think of the skiing rout as of a similar hiking rout,think of the skiing route as of a similar hiking route,think of the skiing rout as of a similar hiking rout
1818,People may not anticipate that patience and understanding are also necessary for travellers returning home.,people may not anticipate that patience and understanding are also necessary for travellers returning home,people may not anticipate that patience and understanding are also necessary for travellers returning home,people may not anticipate that patience and understanding are also necessary for travellers returning home
1963,"Ironing damp clothes can help them dry. Many hotels have an iron and ironing board available for loan, even if one is not present in the room.",ironing damp clothes can help them dry many hotels have an iron and ironing board available for loan even if one is not present in the room,ironing damp clothes can help them dry many hotels have an iron and ironing board available for loan even if one is not present in the room,ironing damp clothes can help them dry many hotels have an iron and ironing board available for loan even if one is not present in the room
1754,There may be more maria on the near side because the crust is thinner. It was easier for lava to rise up to the surface.,there may be more maria on the near side because the crust is thinner it was easy for lava to rise up to the surface,there may be more maria on the near side because the crust is thinner it was easier for lava to rise up to the surface,there may be more maria on the near side because the crust is thinner it was easy for lava to rise up to the surface
1963,"Ironing damp clothes can help them dry. Many hotels have an iron and ironing board available for loan, even if one is not present in the room.",ironing damp clothes can help them dry many hotels have an iron and ironing board available for alone even if one is not present in the room,ironing damp clothes can help them dry many hotels have an iron and ironing board available for loan even if one is not present in the room,ironing damp clothes can help them dry many hotels have an iron and ironing board available for alone even if one is not present in the room
1681,"It isn’t alone though, experimentation, and an experiment is a test that is used to eliminate one or more of the possible hypotheses, asking questions, and making observations also guide scientific research.",it isn't alone though experimentation and an experiment is a test that is used to eliminate one or more of the possible hypothesis asking questions and making observations also guide scientific research,it isn t alone though experimentation and an experiment is a test that is used to eliminate one or more of the possible hypotheses asking questions and making observations also guide scientific research,it isn t alone though experimentation and an experiment is a test that is used to eliminate one or more of the possible hypothesis asking questions and making observations also guide scientific research
1871,"In the warm climate of the Middle East, the house was not so important.",in the warm climate of the middle-east the house was not so important,in the warm climate of the middle east the house was not so important,in the warm climate of the middle east the house was not so important
1947,"Prior to the arrival of troops, Haiti had not encountered problems related to the disease since the 1800s.",prior to the arrival of troops haiti had not encountered problems related to the disease since the ds,prior to the arrival of troops haiti had not encountered problems related to the disease since the 1800s,prior to the arrival of troops haiti had not encountered problems related to the disease since the ds
1894,"A curry is a dish based on herbs and spices, together with either meat or vegetables.",a curry is a dish based on herbs and spices together with either meat or vegetables,a curry is a dish based on herbs and spices together with either meat or vegetables,a curry is a dish based on herbs and spices together with either meat or vegetables
1696,"The two compounds react with one another to form crystals that may block kidney function, researchers at the university said.",the two compouns react with one other to form crystals at mad block kinny function researchers said as the university said,the two compounds react with one another to form crystals that may block kidney function researchers at the university said,the two compouns react with one other to form crystals at mad block kinny function researchers said as the university said
1712,"Since 1966 the Sundarbans have been a wildlife sanctuary, and it is estimated that there are now 400 Royal Bengal tigers and about 30,000 spotted deer in the area.",since  the sundar bons have been a wild life sanctuary and is estimated that there are now f royal bengal tigers and about tz spotted deer in the area,since 1966 the sundarbans have been a wildlife sanctuary and it is estimated that there are now 400 royal bengal tigers and about 30 000 spotted deer in the area,since the sundar bons have been a wild life sanctuary and is estimated that there are now f royal bengal tigers and about tz spotted deer in the area
1679,Aerosmith have cancelled their remaining concerts on their tour.,arlsmith have cancelled thei remaining concerts on their tour,aerosmith have cancelled their remaining concerts on their tour,arlsmith have cancelled thei remaining concerts on their tour
1807,Italian is also the everyday language used by most of those who work in the state while Latin is often used in religious ceremonies.,italian is also the everyday language used by most of those who work in the state while latin is often used in religious ceremonies,italian is also the everyday language used by most of those who work in the state while latin is often used in religious ceremonies,italian is also the everyday language used by most of those who work in the state while latin is often used in religious ceremonies
1815,The fission bomb works on the principle that it takes energy to put together a nucleus with many protons and neutrons.,the vision bomb works on the principle that it takes energy to put together a nucleaus with many protons and neutrons,the fission bomb works on the principle that it takes energy to put together a nucleus with many protons and neutrons,the vision bomb works on the principle that it takes energy to put together a nucleaus with many protons and neutrons
1762,"The disease is carried by pigs, which then migrates to humans through mosquitos.",the disease is carried by pigs which then migrates to humans through mosquitoes,the disease is carried by pigs which then migrates to humans through mosquitos,the disease is carried by pigs which then migrates to humans through mosquitoes
1824,"The Giza Plateau, or ""Giza Necropolis"" in the Egyptian Valley of the Dead contains several pyramids (of which the great pyramid is the largest), several small tombs, several temples, and the great Sphinx.",the gizza plateau or gizza necropolise in the egyptian valley of the dead contains several pyramids of which the great pyramid is the largest several small tunes several temples and the great spinks,the giza plateau or giza necropolis in the egyptian valley of the dead contains several pyramids of which the great pyramid is the largest several small tombs several temples and the great sphinx,the gizza plateau or gizza necropolise in the egyptian valley of the dead contains several pyramids of which the great pyramid is the largest several small tunes several temples and the great spinks
1935,"However, that is not true. Although there is something written on the back of the document, it is not a treasure map.",however that is not true although there is something written on the back of the document it is not a treasure map,however that is not true although there is something written on the back of the document it is not a treasure map,however that is not true although there is something written on the back of the document it is not a treasure map
1947,"Prior to the arrival of troops, Haiti had not encountered problems related to the disease since the 1800s.",prior to the arrival of troops haiti had not encountered problems related to the disease since the s,prior to the arrival of troops haiti had not encountered problems related to the disease since the 1800s,prior to the arrival of troops haiti had not encountered problems related to the disease since the s
1800,"The bridge is scheduled to be fully operational in September 2017, when the Brazilian customs checkpoints are expected to be finished.",the bridge is scheduled to be fully operational in september tts when the brazilian custom checke points are expected to be finished,the bridge is scheduled to be fully operational in september 2017 when the brazilian customs checkpoints are expected to be finished,the bridge is scheduled to be fully operational in september tts when the brazilian custom checke points are expected to be finished
1678,"Oliver Sacks, in his paper The President's Speech, indicated how people who are unable to understand speech because of brain damage are nevertheless able to assess sincerity accurately.",oliver sax in his paper the president speech indicated how people who are unabled to understand speech because of brain damage are nevertheless able to assess sincerity accurately,oliver sacks in his paper the president s speech indicated how people who are unable to understand speech because of brain damage are nevertheless able to assess sincerity accurately,oliver sax in his paper the president speech indicated how people who are unabled to understand speech because of brain damage are nevertheless able to assess sincerity accurately
1795,"Since 1988, ballot boxes must be transparent so that voters and observers can witness that no envelopes are present at the start of the vote and that no envelopes are added except those of the duly counted and authorized voters.",since  ballotboxes must be transferred so that the voters and observers can witness that no envelopes are present at the start of the vote and that no envelopes are added except those of the duly counted and authorized voters,since 1988 ballot boxes must be transparent so that voters and observers can witness that no envelopes are present at the start of the vote and that no envelopes are added except those of the duly counted and authorized voters,since ballotboxes must be transferred so that the voters and observers can witness that no envelopes are present at the start of the vote and that no envelopes are added except those of the duly counted and authorized voters
1708,Huhne has resigned and he will be replaced in the Cabinet by Ed Davey MP. Norman Lamb MP is expected to take the Business Minister job Davey is vacating.,huhny as resigned and he will be replaced in the cabinet by d davy np norman lamb np is expected to take the business minister job davy is vacating,huhne has resigned and he will be replaced in the cabinet by ed davey mp norman lamb mp is expected to take the business minister job davey is vacating,huhny as resigned and he will be replaced in the cabinet by d davy np norman lamb np is expected to take the business minister job davy is vacating
1885,"Between 10:00-11:00 pm MDT, a fire was started by the inmates in the yard.",between   el pm mdt a fire was started by the inmates in the yard,between 10 00 11 00 pm mdt a fire was started by the inmates in the yard,between el pm mdt a fire was started by the inmates in the yard
1852,"Appropriate use of blogs ""can empower students to become more analytical and critical; through actively responding to Internet materials, students can define their positions in the context of others' writings as well as outline their own perspectives on particular issues (Oravec, 2002).",appropriate use of blogs can empower students to become more analytical and critical through actively responding to internet materials students can define their positions in the context of other writings as well as outlining their own perspectives on particular issues orvek i,appropriate use of blogs can empower students to become more analytical and critical through actively responding to internet materials students can define their positions in the context of others writings as well as outline their own perspectives on particular issues oravec 2002,appropriate use of blogs can empower students to become more analytical and critical through actively responding to internet materials students can define their positions in the context of other writings as well as outlining their own perspectives on particular issues orvek i
1973,"But being placed in the ""high tropics"" just a few degrees north of equator you will need to deal with both heat (always) and strong sun (when the sky is clear, more rarely).",but being placed in the high tropics just a few degrees north of equator you will need to deal with both heat always and strong sun when the sky is clear more rarely,but being placed in the high tropics just a few degrees north of equator you will need to deal with both heat always and strong sun when the sky is clear more rarely,but being placed in the high tropics just a few degrees north of equator you will need to deal with both heat always and strong sun when the sky is clear more rarely
1668,"It may also be beneficial for one to buy a Wild Card, which provides entry to either selections of parks in South Africa or all of the South African National Parks.",it may also be beneficial for one to buy a wild card which provides entrigus to either selections of parks in south africa or all of the south african national parks,it may also be beneficial for one to buy a wild card which provides entry to either selections of parks in south africa or all of the south african national parks,it may also be beneficial for one to buy a wild card which provides entrigus to either selections of parks in south africa or all of the south african national parks
1828,A search of the Internet for 'Hostile environment course' will probably provide the address of a local company.,a search of the internet for hostile environment course will probably provide the address of a local company,a search of the internet for hostile environment course will probably provide the address of a local company,a search of the internet for hostile environment course will probably provide the address of a local company
1909,"Virtual teams are held to the same standards of excellence as conventional teams, but there are subtle differences.",ritual teams are held to the same standard of excellent ans conventional teams but there are sevral differences,virtual teams are held to the same standards of excellence as conventional teams but there are subtle differences,ritual teams are held to the same standard of excellent ans conventional teams but there are sevral differences
1895,"As knowledge of Greek declined, the West found itself cut off from its Greek philosophical and scientific roots.",as knowledge of greek declined the west found itself cut off from its greek philosophical and scientific routs,as knowledge of greek declined the west found itself cut off from its greek philosophical and scientific roots,as knowledge of greek declined the west found itself cut off from its greek philosophical and scientific routs
1902,He was initially hospitalised in the James Paget Hospital in Great Yarmouth.,he was initially hospitalized in the jane's paget hospital in great yarmouth,he was initially hospitalised in the james paget hospital in great yarmouth,he was initially hospitalized in the jane s paget hospital in great yarmouth
1905,"The capital of Moldova is Chişinău. The local language is Romanian, but Russian is widely used.",the capital of mondova is chishinov the local language is romanian but russian is widely used,the capital of moldova is chişinău the local language is romanian but russian is widely used,the capital of mondova is chishinov the local language is romanian but russian is widely used
1819,Ancient China had a unique way of showing different time periods; each stage of China or each family that was in power was a distinctive dynasty.,ancient china had a unique way of showing different time periods each stage of china or each family that was in power was a distinctive dynasty,ancient china had a unique way of showing different time periods each stage of china or each family that was in power was a distinctive dynasty,ancient china had a unique way of showing different time periods each stage of china or each family that was in power was a distinctive dynasty
1971,"High winds, hail, excessive precipitation, and wildfires are forms and effects of severe weather, as are thunderstorms, tornadoes, waterspouts, and cyclones.",high wind's hail excesses precipitation and wildfires are forms in effects of severe weather as are thunderstorms tornadoes water spouts and cyclones,high winds hail excessive precipitation and wildfires are forms and effects of severe weather as are thunderstorms tornadoes waterspouts and cyclones,high wind s hail excesses precipitation and wildfires are forms in effects of severe weather as are thunderstorms tornadoes water spouts and cyclones
1826,"After the accident occurred, Gibson was transported to a hospital but died shortly afterwards.",after the accident occurred gibson was transported to a hospital but died shortly afterwards,after the accident occurred gibson was transported to a hospital but died shortly afterwards,after the accident occurred gibson was transported to a hospital but died shortly afterwards
1672,"Be careful not to allow fabric to become too hot (which can cause shrinkage, or in extreme cases, scorch).",be careful not to allow fabric to become too hot which can cause shrinkage or in extreme cases scorch,be careful not to allow fabric to become too hot which can cause shrinkage or in extreme cases scorch,be careful not to allow fabric to become too hot which can cause shrinkage or in extreme cases scorch
1902,He was initially hospitalised in the James Paget Hospital in Great Yarmouth.,he was initially hospitalized in the james pagent hospital in great yar mouth,he was initially hospitalised in the james paget hospital in great yarmouth,he was initially hospitalized in the james pagent hospital in great yar mouth
1936,"Perry stated that he would ""return to Texas to assess the results of tonight's caucus, determine whether there is a path forward for myself in this race"", but later said that he would remain in the race and compete in the January 21 South Carolina primary.",perry stated that he would return to texas to assess the results of tonight's caucas determine whether is a passh forward for myself in this race but later said that he would remain in the race and compete in the january  south carolina primary,perry stated that he would return to texas to assess the results of tonight s caucus determine whether there is a path forward for myself in this race but later said that he would remain in the race and compete in the january 21 south carolina primary,perry stated that he would return to texas to assess the results of tonight s caucas determine whether is a passh forward for myself in this race but later said that he would remain in the race and compete in the january south carolina primary
1775,"The use of video recording has led to important discoveries in the interpretation of micro-expressions, facial movements which last a few milliseconds.",the use of video recording has led to important discoveries in the interpretation of microl expressions facial movements which lasts a few mills seconds,the use of video recording has led to important discoveries in the interpretation of micro expressions facial movements which last a few milliseconds,the use of video recording has led to important discoveries in the interpretation of microl expressions facial movements which lasts a few mills seconds
1954,"Their disciplined defence, ball handling skills and excellent team work made them stand out and it was clear that this was the team to beat.",their disciplined defence ball handling skills and excellent teamwork made them stand out and it was clear that this was the best team to beat,their disciplined defence ball handling skills and excellent team work made them stand out and it was clear that this was the team to beat,their disciplined defence ball handling skills and excellent teamwork made them stand out and it was clear that this was the best team to beat
1802,The Internet combines elements of both mass and interpersonal communication.,the internet combines elements of both mass and interpersonal communication,the internet combines elements of both mass and interpersonal communication,the internet combines elements of both mass and interpersonal communication
1866,"First, most riders wear riding boots with a heel and a smooth, quite narrow, sole.",first most riters were riting boots with e heel on a smooth quite narrow soul,first most riders wear riding boots with a heel and a smooth quite narrow sole,first most riters were riting boots with e heel on a smooth quite narrow soul
1798,"In its early days, the show was featured solely at the long-running internet radio site TogiNet Radio, a site focused on talk radio.",in its early days the show was featured solely at the long running internet radio site togginet radio a site focused on talg radio,in its early days the show was featured solely at the long running internet radio site toginet radio a site focused on talk radio,in its early days the show was featured solely at the long running internet radio site togginet radio a site focused on talg radio
1874,"Some people thought he was right but many people believed the opposite; that the Solar System moved around the Earth, including the Sun (and even the other stars).",some people thought he was right but many people believe the opposite that the solar system moved through round the earth including the sun and even the other stars,some people thought he was right but many people believed the opposite that the solar system moved around the earth including the sun and even the other stars,some people thought he was right but many people believe the opposite that the solar system moved through round the earth including the sun and even the other stars
2000,"If crossing the Northern Baltic in winter, check the cabin location, as going through ice causes quite horrible noise for those most affected.",if crossing the northern baltic in winter check the cabin location as going through ice causes quite horrible noises for those most affected,if crossing the northern baltic in winter check the cabin location as going through ice causes quite horrible noise for those most affected,if crossing the northern baltic in winter check the cabin location as going through ice causes quite horrible noises for those most affected
2007,The U.S. Corps of Engineers estimated that 6 inches of rainfall could breach the previously damaged levees.,the us corpsiv engineers estimated that six inches of railfal could breach the previously damaged levis,the u s corps of engineers estimated that 6 inches of rainfall could breach the previously damaged levees,the us corpsiv engineers estimated that six inches of railfal could breach the previously damaged levis
1772,"So, it is likely that the notation was added simply as a label.",so it is likely that the notation was added simply as a label,so it is likely that the notation was added simply as a label,so it is likely that the notation was added simply as a label
1671,Congress began funding the obscenity initiative in fiscal 2005 and specified that the FBI must devote 10 agents to adult pornography.,congress began funding the absinity initiative in fiscal f and specified that the fbi must devote ten agents to adult pornography,congress began funding the obscenity initiative in fiscal 2005 and specified that the fbi must devote 10 agents to adult pornography,congress began funding the absinity initiative in fiscal f and specified that the fbi must devote ten agents to adult pornography
1742,Hong Kong Island gives the territory of Hong Kong its name and is the place that many tourists regard as the main focus.,hong kong island gives the territory of hong kong its name and is a place that many tourists regard as the main focus,hong kong island gives the territory of hong kong its name and is the place that many tourists regard as the main focus,hong kong island gives the territory of hong kong its name and is a place that many tourists regard as the main focus
1940,"All things considered, we should not be surprised if our own ancestors solved their ""protein problem"" in somewhat the same way that chimps on the savanna do today.",all things considered we should not be surprised if our own ancestors solve their protein problem in somewhat the same way that chimps on the savanna do today,all things considered we should not be surprised if our own ancestors solved their protein problem in somewhat the same way that chimps on the savanna do today,all things considered we should not be surprised if our own ancestors solve their protein problem in somewhat the same way that chimps on the savanna do today
1763,"Just like the moon exerts a pull on the earth, causing tides, so does the Milky Way exert a force on the Sagittarius galaxy.",just like the moon experts a pull on the earth causing tide so does a milky way exert a force on the sagetarious galaxy,just like the moon exerts a pull on the earth causing tides so does the milky way exert a force on the sagittarius galaxy,just like the moon experts a pull on the earth causing tide so does a milky way exert a force on the sagetarious galaxy
1791,Do not deface the site by marking or scratching graffiti into structures.,do not deface the site by marking or scratching graffiti into structures,do not deface the site by marking or scratching graffiti into structures,do not deface the site by marking or scratching graffiti into structures
1761,The photographers later took the place of an aged lady as she needed the lavatory. Mendoza was gunned down.,the photographers later took the place of an aged lady as she needed the lavatory mendosa was gun down,the photographers later took the place of an aged lady as she needed the lavatory mendoza was gunned down,the photographers later took the place of an aged lady as she needed the lavatory mendosa was gun down
1781,"Madagascar is by far the biggest, and a continent on its own when it comes to wildlife.",madagascar is by far the biggest and a continent on its own when it comes to wildlife,madagascar is by far the biggest and a continent on its own when it comes to wildlife,madagascar is by far the biggest and a continent on its own when it comes to wildlife
1665,"The document, according to the leak, will refer to the borders dispute, which Palestine wants based on the borders before the 1967 Mideast War.",the document according to the league will refer to the border's dispute which palestine once based on the borders before the  mid east war,the document according to the leak will refer to the borders dispute which palestine wants based on the borders before the 1967 mideast war,the document according to the league will refer to the border s dispute which palestine once based on the borders before the mid east war
1717,"Due to the underwater topology the return flow is concentrated at a few deeper sections, and a fast current to deep water may form there.",due to the underwater topology the return flow was concentrated at a few deeper sections and a gras current to deep water may form there,due to the underwater topology the return flow is concentrated at a few deeper sections and a fast current to deep water may form there,due to the underwater topology the return flow was concentrated at a few deeper sections and a gras current to deep water may form there
1714,The satellite was sent into space by a rocket. Scientists use telescopes in space because the Earth’s atmosphere distorts some of our light and view.,the satellight was sent into space by a rocket scientists used telescopes in space because the earth atmosphere distorts some of our light and view,the satellite was sent into space by a rocket scientists use telescopes in space because the earth s atmosphere distorts some of our light and view,the satellight was sent into space by a rocket scientists used telescopes in space because the earth atmosphere distorts some of our light and view
1971,"High winds, hail, excessive precipitation, and wildfires are forms and effects of severe weather, as are thunderstorms, tornadoes, waterspouts, and cyclones.",high winds hail excessive precipitation and welfires are forms and effects of severe weather as are thunderstorms tornadoes water spounts and cyclones,high winds hail excessive precipitation and wildfires are forms and effects of severe weather as are thunderstorms tornadoes waterspouts and cyclones,high winds hail excessive precipitation and welfires are forms and effects of severe weather as are thunderstorms tornadoes water spounts and cyclones
1796,"This sediment was necessary for creating sandbars and beaches, which served as wildlife habitats.",this settilment was necessary for creating sandbars and beaches which served as wildlife habitats,this sediment was necessary for creating sandbars and beaches which served as wildlife habitats,this settilment was necessary for creating sandbars and beaches which served as wildlife habitats
1914,Twentieth century research has shown that there are two pools of genetic variation: hidden and expressed.,tth century research has shown that there are two pos of genetic variation hidden and expressed,twentieth century research has shown that there are two pools of genetic variation hidden and expressed,tth century research has shown that there are two pos of genetic variation hidden and expressed
1861,"As a result, the performers smoke cannabis joints on stage, and the theatre itself is encouraging the audience to join in.",as a result the performer smoke candibysh joints on stage and the theatre itself is encouraging the audience to join in,as a result the performers smoke cannabis joints on stage and the theatre itself is encouraging the audience to join in,as a result the performer smoke candibysh joints on stage and the theatre itself is encouraging the audience to join in
1670,"Their thermal behavior is not as steady as large caves on Earth that often maintain a fairly constant temperature, but it is consistent with these being deep holes in the ground,"" said Glen Cushing of the United States Geological Survey (USGS) Astrogeology Team and of Northern Arizona University located in Flagstaff, Arizona.",their thermal behaviour is not as steady as large caves on earth that often maintain a fairly constant temperature but it is consistent with these being depolles in the ground said glynncushing of the united states geological survey usgs astreology team and of northern arizona university located in flagstaff arizona,their thermal behavior is not as steady as large caves on earth that often maintain a fairly constant temperature but it is consistent with these being deep holes in the ground said glen cushing of the united states geological survey usgs astrogeology team and of northern arizona university located in flagstaff arizona,their thermal behaviour is not as steady as large caves on earth that often maintain a fairly constant temperature but it is consistent with these being depolles in the ground said glynncushing of the united states geological survey usgs astreology team and of northern arizona university located in flagstaff arizona
1788,USA Gymnastics supports the United States Olympic Committee's letter and accepts the absolute need of the Olympic family to promote a safe environment for all of our athletes.,usa gymnastics supports the united states olympic commitites letter and accepts the absolute need of the olympic family to promote a safe environment for all of our athletes,usa gymnastics supports the united states olympic committee s letter and accepts the absolute need of the olympic family to promote a safe environment for all of our athletes,usa gymnastics supports the united states olympic commitites letter and accepts the absolute need of the olympic family to promote a safe environment for all of our athletes
1927,"Angel (2006), explains the Continuum approach as a method being used to help organizations reach a higher level of performance.",angel is explains a continuing approach as the method being used to help organizations reach a higher level of performance,angel 2006 explains the continuum approach as a method being used to help organizations reach a higher level of performance,angel is explains a continuing approach as the method being used to help organizations reach a higher level of performance
1703,Martelly swore in a new Provisional Electoral Council (CEP) of nine members yesterday.,martellis wore in a new provisional electorial council of nin members yesterday,martelly swore in a new provisional electoral council cep of nine members yesterday,martellis wore in a new provisional electorial council of nin members yesterday
1879,One can only wonder what the keyboard will become when something newer comes along.,one can only wonder what the keybort will become when something newer comes alone,one can only wonder what the keyboard will become when something newer comes along,one can only wonder what the keybort will become when something newer comes alone
1737,"Lions are the most social cats, living in large groups called prides.",lions are the most social cats living in large groups called prides,lions are the most social cats living in large groups called prides,lions are the most social cats living in large groups called prides
1901,"Although AI has a strong connotation of science fiction, AI forms a very important branch of computer science, dealing with behavior, learning and intelligent adaptation in a machine.",although ai has a strong connotation of science fiction ai forms a very important branch of computer silens dealing with behavior learning and intelligent adaptation in te machine,although ai has a strong connotation of science fiction ai forms a very important branch of computer science dealing with behavior learning and intelligent adaptation in a machine,although ai has a strong connotation of science fiction ai forms a very important branch of computer silens dealing with behavior learning and intelligent adaptation in te machine
1952,"Anyone who's going to drive at high latitudes or over mountain passes should consider the possibility of snow, ice, or freezing temperatures.",anyone who is going to drive at high latitudes or over mountain passes should consider the possibility of snow ice or freezing temperatures,anyone who s going to drive at high latitudes or over mountain passes should consider the possibility of snow ice or freezing temperatures,anyone who is going to drive at high latitudes or over mountain passes should consider the possibility of snow ice or freezing temperatures
1900,"In fact, it is not easy to find at all even if one knew it existed. Once inside the cave, it is a total isolation.",in fact it is not easy to find at all even if one knew it existed once inside the cave it is a total isolation,in fact it is not easy to find at all even if one knew it existed once inside the cave it is a total isolation,in fact it is not easy to find at all even if one knew it existed once inside the cave it is a total isolation
1967,"Layton had asked for changes to the conservatives' environmental bill during the meeting with the PM, asking for a ""thorough and complete rewriting"" of the Conservative party's environmental bill.",leyton had asked for changes to the conservative's environmental bill during the meeting with the pm asking for a thorough and complete rewriting of the conservative party's environmental bill,layton had asked for changes to the conservatives environmental bill during the meeting with the pm asking for a thorough and complete rewriting of the conservative party s environmental bill,leyton had asked for changes to the conservative s environmental bill during the meeting with the pm asking for a thorough and complete rewriting of the conservative party s environmental bill
1663,"Cochamó Valley - Chile's premier climbing destination, known as the Yosemite of South America, with a variety of granite big walls and crags.",kachemo valley chile's from mere climbing destination known as the yosmite of south america with a variety of granite big walls and crags,cochamó valley chile s premier climbing destination known as the yosemite of south america with a variety of granite big walls and crags,kachemo valley chile s from mere climbing destination known as the yosmite of south america with a variety of granite big walls and crags
1888,"Re-entry shock comes on sooner than culture shock (there's less of a honeymoon phase), lasts longer, and can be more severe.",re-entry shock comes on sooner than culture shock there's less of a honey move phase last longer and can be even more severe,re entry shock comes on sooner than culture shock there s less of a honeymoon phase lasts longer and can be more severe,re entry shock comes on sooner than culture shock there s less of a honey move phase last longer and can be even more severe
1800,"The bridge is scheduled to be fully operational in September 2017, when the Brazilian customs checkpoints are expected to be finished.",the bridge is schedule to be fully operational in september s when the brazilian customs check points are expected to be finished,the bridge is scheduled to be fully operational in september 2017 when the brazilian customs checkpoints are expected to be finished,the bridge is schedule to be fully operational in september s when the brazilian customs check points are expected to be finished
1764,The number of people present was so large that it was not possible for everybody to gain access to the funeral in St. Peter's Square.,the number of people present was so large that it was not possible for everybody to gain access to the funeral in sint peters square,the number of people present was so large that it was not possible for everybody to gain access to the funeral in st peter s square,the number of people present was so large that it was not possible for everybody to gain access to the funeral in sint peters square
1766,Some atoms have unstable nuclei which means that they tend to break apart with little or no nudging.,some atoms have unstable nucleli which means that they tend to brk p break apart with little or no nudging,some atoms have unstable nuclei which means that they tend to break apart with little or no nudging,some atoms have unstable nucleli which means that they tend to brk p break apart with little or no nudging
1897,"In the north the region is bounded by the Sahel, and in the south and west by the Atlantic Ocean.",in the north the region is bounded by the sahil and in the south and west by the atlantic ocean,in the north the region is bounded by the sahel and in the south and west by the atlantic ocean,in the north the region is bounded by the sahil and in the south and west by the atlantic ocean
1821,The correlation between brain pathology and behaviour supports scientists in their research.,the correlation between brain pathology and behavior supports scientists and their research,the correlation between brain pathology and behaviour supports scientists in their research,the correlation between brain pathology and behavior supports scientists and their research
1953,He was subsequently relocated to Addenbrooke's Hospital in Cambridge.,he was subsequently re-located to edinbrg's hospital in cambridge,he was subsequently relocated to addenbrooke s hospital in cambridge,he was subsequently re located to edinbrg s hospital in cambridge
1973,"But being placed in the ""high tropics"" just a few degrees north of equator you will need to deal with both heat (always) and strong sun (when the sky is clear, more rarely).",but being placed in the high tropics just a few degrees north of the equator you will need to deal with both heat always and strong sund when the sky is clear more rarely,but being placed in the high tropics just a few degrees north of equator you will need to deal with both heat always and strong sun when the sky is clear more rarely,but being placed in the high tropics just a few degrees north of the equator you will need to deal with both heat always and strong sund when the sky is clear more rarely
1985,"It is related to but usually not involving alpine style ski touring or mountaineering, the latter ones done in steep terrain and requiring much stiffer skis and boots.",it is related to but usually not involving alpine style ski touring or mountaineerings the latter ones done in steep terrain and requiring mushsiffer skis and boots,it is related to but usually not involving alpine style ski touring or mountaineering the latter ones done in steep terrain and requiring much stiffer skis and boots,it is related to but usually not involving alpine style ski touring or mountaineerings the latter ones done in steep terrain and requiring mushsiffer skis and boots
1781,"Madagascar is by far the biggest, and a continent on its own when it comes to wildlife.",madagascar is by far the biggest and a continent on is own when it comes to wild life,madagascar is by far the biggest and a continent on its own when it comes to wildlife,madagascar is by far the biggest and a continent on is own when it comes to wild life
1675,"All nouns, alongside the word Sie for you, always begin with a capital letter, even in the middle of a sentence.",all nowns alongside the word s for u always begin with e capital letter even in the middle of a sentence,all nouns alongside the word sie for you always begin with a capital letter even in the middle of a sentence,all nowns alongside the word s for u always begin with e capital letter even in the middle of a sentence
1726,Field trips are a large part of any classroom. Quite often a teacher would love to take her students places to which a bus trip is not an option.,filtrips are a large part of any class room quite often a teacher would love to take her student's places to which a bus trip is not an option,field trips are a large part of any classroom quite often a teacher would love to take her students places to which a bus trip is not an option,filtrips are a large part of any class room quite often a teacher would love to take her student s places to which a bus trip is not an option
1921,"On the other hand, icy and snowy conditions are normal in many countries, and traffic goes on mostly uninterrupted all year round.",on the other hand icy and snowy conditions are normal in many countries and traffic goes on mostly uninterrupted all year round,on the other hand icy and snowy conditions are normal in many countries and traffic goes on mostly uninterrupted all year round,on the other hand icy and snowy conditions are normal in many countries and traffic goes on mostly uninterrupted all year round
1715,"Regular announcements in the Metro are made only in Catalan, but unplanned disruptions are announced by an automated system in a wide variety of languages including Spanish, English, French, Arabic and Japanese.",regular announcements in the metro are made only in catallan but unpannd disruptions are announced by an automated system in a wade variety of languages including spanish english french arabic and japanese,regular announcements in the metro are made only in catalan but unplanned disruptions are announced by an automated system in a wide variety of languages including spanish english french arabic and japanese,regular announcements in the metro are made only in catallan but unpannd disruptions are announced by an automated system in a wade variety of languages including spanish english french arabic and japanese
1856,"Finland is a great boating destination. The ""Land of a thousand lakes"" has thousands of islands too, in the lakes and in the coastal archipelagos.",finland is a great boating destination the land ofe thousand lakes has thousands of islends two in the lakes and in the coastal archipelagoes,finland is a great boating destination the land of a thousand lakes has thousands of islands too in the lakes and in the coastal archipelagos,finland is a great boating destination the land ofe thousand lakes has thousands of islends two in the lakes and in the coastal archipelagoes
1869,"Its long jaws were studded with more than 70 razor-sharp teeth, along with an extra set in the roof of its mouth, meaning that there was no escape for anything that crossed its path.",its long jaws were studded with more than seventy raiser sharp teeth along with an extra set in the roof of its mouth meaning that it was no escape for anything that crossed its path,its long jaws were studded with more than 70 razor sharp teeth along with an extra set in the roof of its mouth meaning that there was no escape for anything that crossed its path,its long jaws were studded with more than seventy raiser sharp teeth along with an extra set in the roof of its mouth meaning that it was no escape for anything that crossed its path
1844,The surface of the Moon is made of rocks and dust. The outer layer of the Moon is called the crust.,the surface of the moon is made of rocks and dust the outer layer of the moon is called the crust,the surface of the moon is made of rocks and dust the outer layer of the moon is called the crust,the surface of the moon is made of rocks and dust the outer layer of the moon is called the crust
1951,"In 2002 Goma was destroyed by lava from the Nyiragongo volcano which buried most of the town’s streets, particularly the town centre.",in ttt goma was destroyed by lava from the nirangogo volcano which buried most of the town streets particularly the towns center,in 2002 goma was destroyed by lava from the nyiragongo volcano which buried most of the town s streets particularly the town centre,in ttt goma was destroyed by lava from the nirangogo volcano which buried most of the town streets particularly the towns center
1738,It also attacked anything that entered the water; even a giant dinosaur such as T. rex would be no match for it.,it also attacked anything that entered the water even a giant dinosaur such as t wrecks would be no match for it,it also attacked anything that entered the water even a giant dinosaur such as t rex would be no match for it,it also attacked anything that entered the water even a giant dinosaur such as t wrecks would be no match for it
1661,"He did not set a figure for the cuts, saying they will be made based on China's economic output.",he did not set a figure for the cuts saying they will be made based on china's economic output,he did not set a figure for the cuts saying they will be made based on china s economic output,he did not set a figure for the cuts saying they will be made based on china s economic output
1983,"The word civilization comes from the Latin civilis, meaning civil, related to the Latin civis, meaning citizen, and civitas, meaning city or city-state, and that also somehow defines the size of the society.",the word civilization comes from the latin civilists meaning civil related to the latin sivis meaning citizen and sivitas meaning city or city state and that also somehow defines the size os a society,the word civilization comes from the latin civilis meaning civil related to the latin civis meaning citizen and civitas meaning city or city state and that also somehow defines the size of the society,the word civilization comes from the latin civilists meaning civil related to the latin sivis meaning citizen and sivitas meaning city or city state and that also somehow defines the size os a society
1745,"Plants look their best when in a natural environment, so resist the temptation to remove even ""just one"" specimen.",plants lookd their best when in a natural environment so resist the temtation to remove even just one specimen,plants look their best when in a natural environment so resist the temptation to remove even just one specimen,plants lookd their best when in a natural environment so resist the temtation to remove even just one specimen
1863,"The center of Tibetan meditation is the Deity Yoga. Through the visualization of various deities the energy channels are cleaned, the chakras are activated and the enlightenment consciousness is created.",the centr of tipita meditation is he did oga through the visilization of various dides the energy channels are cleand the shockers are activated and the enlightment consciensness is created,the center of tibetan meditation is the deity yoga through the visualization of various deities the energy channels are cleaned the chakras are activated and the enlightenment consciousness is created,the centr of tipita meditation is he did oga through the visilization of various dides the energy channels are cleand the shockers are activated and the enlightment consciensness is created
1960,"He was reportedly aged in his 20s. In a statement, Bieber said ""[w]hile I was not present nor directly involved with this tragic accident, my thoughts and prayers are with the family of the victim.""",he was reportedly aged in his twenties in a statement beber said while i was not present nor directly involved with this tragic accident my thoughts and prayers are with the family of the victim,he was reportedly aged in his 20s in a statement bieber said w hile i was not present nor directly involved with this tragic accident my thoughts and prayers are with the family of the victim,he was reportedly aged in his twenties in a statement beber said while i was not present nor directly involved with this tragic accident my thoughts and prayers are with the family of the victim
1901,"Although AI has a strong connotation of science fiction, AI forms a very important branch of computer science, dealing with behavior, learning and intelligent adaptation in a machine.",although ai has a strong connotation of science fiction ai forms a very important branch of computer science dealing with behaviour learning and intelligent adaptation in a machine,although ai has a strong connotation of science fiction ai forms a very important branch of computer science dealing with behavior learning and intelligent adaptation in a machine,although ai has a strong connotation of science fiction ai forms a very important branch of computer science dealing with behaviour learning and intelligent adaptation in a machine
1886,"Ancient cultures and tribes began to keep them for easy access to milk, hair, meat, and skins.",ancient cultures and tribes began to keep them for easy access to milk hair meat and skins,ancient cultures and tribes began to keep them for easy access to milk hair meat and skins,ancient cultures and tribes began to keep them for easy access to milk hair meat and skins
1989,"He was also engaged in engraving banknotes for many countries, recent examples of his work including the Prime Ministerial portraits on the front of the new Canadian $5 and $100 bills.",he was also engaged in engraving banknotes for many countries recent examples of his work include the prime ministerial portraids on the front of the new canadian f and  dll bill,he was also engaged in engraving banknotes for many countries recent examples of his work including the prime ministerial portraits on the front of the new canadian 5 and 100 bills,he was also engaged in engraving banknotes for many countries recent examples of his work include the prime ministerial portraids on the front of the new canadian f and dll bill
1910,"Parisians have a reputation for being egocentric, rude and arrogant.",parisians have a reputation for being egocentric rude in arrogant,parisians have a reputation for being egocentric rude and arrogant,parisians have a reputation for being egocentric rude in arrogant
1724,Its renown for being an epicenter of luxury began in about 400 A.D. and lasted up until about 1100 A.D.,its renown for being at the center of luxury began in about f ad and lasted up until about e ad,its renown for being an epicenter of luxury began in about 400 a d and lasted up until about 1100 a d,its renown for being at the center of luxury began in about f ad and lasted up until about e ad
1817,"The Schengen zone, however, works somewhat like one country in this respect.",the shengeng zone however works somewhat like one country in this respect,the schengen zone however works somewhat like one country in this respect,the shengeng zone however works somewhat like one country in this respect
1997,"However, the percentage of XDR-TB in the entire group of people with tuberculosis still seems to be low; 6,000 of the total 330,000 people infected at any particular moment in South Africa.",however the percentage of xdr-tb in the entire group of people with tuberculosis still seems to be low sixtusnd of the total ttz people infected at any particular moment in south africa,however the percentage of xdr tb in the entire group of people with tuberculosis still seems to be low 6 000 of the total 330 000 people infected at any particular moment in south africa,however the percentage of xdr tb in the entire group of people with tuberculosis still seems to be low sixtusnd of the total ttz people infected at any particular moment in south africa
1892,"This is the place the British colonisers took as their own and so if you are looking for evidence of the territory's colonial past, this is a good place to start.",this is the place the british colonizers took as their own and so if you are looking for evidence of the territori's colonial past this is a good place to start,this is the place the british colonisers took as their own and so if you are looking for evidence of the territory s colonial past this is a good place to start,this is the place the british colonizers took as their own and so if you are looking for evidence of the territori s colonial past this is a good place to start
1833,"Aristotle, a philosopher, theorised that everything is made up of a mixture of one or more of four elements. They were earth, water, air, and fire.",aristotle philosopher theorized that everything is made up of a mixture of one or more o four elements that were earth water air and fire,aristotle a philosopher theorised that everything is made up of a mixture of one or more of four elements they were earth water air and fire,aristotle philosopher theorized that everything is made up of a mixture of one or more o four elements that were earth water air and fire
1931,"The service is frequently used by shipping, including pleasure craft, as well as expeditions who have remote data and voice needs.",the service is frequently used by shipping including pleasurecraft as well as expeditions who have remote data and voice needs,the service is frequently used by shipping including pleasure craft as well as expeditions who have remote data and voice needs,the service is frequently used by shipping including pleasurecraft as well as expeditions who have remote data and voice needs
2001,Travellers are strongly advised to be aware of any risk of severe weather affecting their area as they may affect any travel plans.,travellers are strongly advised to be aware of any risk of severe weather affecting their area as they may affect any travel plans,travellers are strongly advised to be aware of any risk of severe weather affecting their area as they may affect any travel plans,travellers are strongly advised to be aware of any risk of severe weather affecting their area as they may affect any travel plans
1819,Ancient China had a unique way of showing different time periods; each stage of China or each family that was in power was a distinctive dynasty.,ancient china had a unique way of showing different periods each stage of china or each family that was in power was a distinctive dynasty,ancient china had a unique way of showing different time periods each stage of china or each family that was in power was a distinctive dynasty,ancient china had a unique way of showing different periods each stage of china or each family that was in power was a distinctive dynasty
1754,There may be more maria on the near side because the crust is thinner. It was easier for lava to rise up to the surface.,there may be more maria on the near side because the crust is thinner it was easier for lava to rise up to the surface,there may be more maria on the near side because the crust is thinner it was easier for lava to rise up to the surface,there may be more maria on the near side because the crust is thinner it was easier for lava to rise up to the surface
1662,Alloys are basically a mixture of two or more metals. Don't forget that there are many elements on the periodic table.,alloys are basically a mixture of two or more metals don't forget there are many elements on the periodic table,alloys are basically a mixture of two or more metals don t forget that there are many elements on the periodic table,alloys are basically a mixture of two or more metals don t forget there are many elements on the periodic table
1785,Scaffolding is not a method of learning but rather an aid that provides support to individuals whom are undergoing a new learning experience such as using a new computer program or beginning a new project.,scaffolding is not a method of learning but rather an aid that provides support to individuals whom are undergoing a new learning experience such as using a new computer program or beginning a new project,scaffolding is not a method of learning but rather an aid that provides support to individuals whom are undergoing a new learning experience such as using a new computer program or beginning a new project,scaffolding is not a method of learning but rather an aid that provides support to individuals whom are undergoing a new learning experience such as using a new computer program or beginning a new project
1898,"""He [Wales] basically lied to us from the start. First, by acting as if this was for legal reasons. Second, by pretending he was listening to us, right up to his art deletion.""",he wails basically lie to us from the start first by acting as if this was for legal reasons second by pretending he was listening to us right up to his art deletion,he wales basically lied to us from the start first by acting as if this was for legal reasons second by pretending he was listening to us right up to his art deletion,he wails basically lie to us from the start first by acting as if this was for legal reasons second by pretending he was listening to us right up to his art deletion
1872,"During the struggle for independence organised by the Mau movement, a peaceful gathering in the town resulted in the killing of the paramount chief Tupua Tamasese Lealofi III.",during the struggle for independence organized by the mau movement a peaceful gathering in the town resulted in the killing of paramount chief tuba tubusial  ihid,during the struggle for independence organised by the mau movement a peaceful gathering in the town resulted in the killing of the paramount chief tupua tamasese lealofi iii,during the struggle for independence organized by the mau movement a peaceful gathering in the town resulted in the killing of paramount chief tuba tubusial ihid
1799,"Beyond Wednesday's event, Carpanedo competed in two individual races at the Championships.",beyond wednesday's event carpinido competed in two individual races at the championships,beyond wednesday s event carpanedo competed in two individual races at the championships,beyond wednesday s event carpinido competed in two individual races at the championships
1974,"Along the same line, men are required to wear trousers covering the knees.",along the same line men are required to wear trousers covering the knees,along the same line men are required to wear trousers covering the knees,along the same line men are required to wear trousers covering the knees
1962,The pH level is indicated by the amount of Hydrogen (the H in pH) ions in the tested chemical.,the ph level is indicated by the amount of hydrogen  n ph ions in the tested chemical,the ph level is indicated by the amount of hydrogen the h in ph ions in the tested chemical,the ph level is indicated by the amount of hydrogen n ph ions in the tested chemical
1731,In the archipelagos and lakes you do not necessarily need a yacht.,in the archipelagos and lakes you do not necessarily need a yacht,in the archipelagos and lakes you do not necessarily need a yacht,in the archipelagos and lakes you do not necessarily need a yacht
1871,"In the warm climate of the Middle East, the house was not so important.",in the warm climate of the middle east the house was not so important,in the warm climate of the middle east the house was not so important,in the warm climate of the middle east the house was not so important
1835,"No tsunami warning has been issued, and according to the Jakarta geophysics agency, no tsunami warning will be issued because the quake did not meet the magnitude 6.5 requirement.",no tsunami warning has been issued and according to the jekara geophysic agency no tsunami warning will be issued because the quake did not meet the magniture f requirements,no tsunami warning has been issued and according to the jakarta geophysics agency no tsunami warning will be issued because the quake did not meet the magnitude 6 5 requirement,no tsunami warning has been issued and according to the jekara geophysic agency no tsunami warning will be issued because the quake did not meet the magniture f requirements
1707,It is one of the main attractions of South Africa and it is considered the flagship of South African National Parks (SANParks).,it's one of the main attractions of south africa and it's considered the flagship of south african national parks sand parks,it is one of the main attractions of south africa and it is considered the flagship of south african national parks sanparks,it s one of the main attractions of south africa and it s considered the flagship of south african national parks sand parks
1906,"""This is not going to be goodbye. This is the closing of one chapter and the opening of a new one.""",this is not going to be good-bye this is going to be the closing of one chapter in the opening of a new one,this is not going to be goodbye this is the closing of one chapter and the opening of a new one,this is not going to be good bye this is going to be the closing of one chapter in the opening of a new one
1787,"Blogging is a tool that inspires collaboration, and encourages students to extend learning well beyond the traditional school day.",blogging is a tool that inspires collaboration and encourages students to extend learning well beyond the traditional school day,blogging is a tool that inspires collaboration and encourages students to extend learning well beyond the traditional school day,blogging is a tool that inspires collaboration and encourages students to extend learning well beyond the traditional school day
1703,Martelly swore in a new Provisional Electoral Council (CEP) of nine members yesterday.,martelli's for in a new provisional electoral cancer of nine members yesterday,martelly swore in a new provisional electoral council cep of nine members yesterday,martelli s for in a new provisional electoral cancer of nine members yesterday
1713,"While Goma is reasonably safe, any visits outside of Goma should be researched to understand the state of the fighting that persists in the North Kivu province.",while goma is reasonably safe any visits outside of goma should be researched to understand the state of the fighting that persists in the north kivu province,while goma is reasonably safe any visits outside of goma should be researched to understand the state of the fighting that persists in the north kivu province,while goma is reasonably safe any visits outside of goma should be researched to understand the state of the fighting that persists in the north kivu province
1966,The commission was Martelly's response to widespread anti-regime protests that started in October.,the commission was martilly's response to widespread anti regime protest that started in october,the commission was martelly s response to widespread anti regime protests that started in october,the commission was martilly s response to widespread anti regime protest that started in october
1880,"Thus, the pencil was a good friend to many people when it came out.",thus the pincil was good friend to many people when it came out,thus the pencil was a good friend to many people when it came out,thus the pincil was good friend to many people when it came out
1794,"A civilization is a singular culture shared by a significant large group of people who live and work co-operatively, a society.",a civilization is a singular culture shared by a significant large group of people who live and work co-operatively a society,a civilization is a singular culture shared by a significant large group of people who live and work co operatively a society,a civilization is a singular culture shared by a significant large group of people who live and work co operatively a society
1837,Liberal criticism of the reconstruction effort has focused on the awarding of reconstruction contracts to perceived Washington insiders.,liberal criticism of the reconstruction effort has focused on the awarding of reconstruction contracts to perceive washington inciders,liberal criticism of the reconstruction effort has focused on the awarding of reconstruction contracts to perceived washington insiders,liberal criticism of the reconstruction effort has focused on the awarding of reconstruction contracts to perceive washington inciders
1875,A full 20 percent of the water that pours out of the planet's rivers into the oceans comes from the Amazon.,a full t per cent of the water that pours out the planets rivers into the oceans comes from the amazon,a full 20 percent of the water that pours out of the planet s rivers into the oceans comes from the amazon,a full t per cent of the water that pours out the planets rivers into the oceans comes from the amazon
1992,"The term safari in popular use refers to overland travel to view the stunning African wildlife, particularly on savanna.",the tern safari and popular use refers to overland travel to view the stunny african wildlife particularly on savanna,the term safari in popular use refers to overland travel to view the stunning african wildlife particularly on savanna,the tern safari and popular use refers to overland travel to view the stunny african wildlife particularly on savanna
1812,"While one experimental vaccine appears able to reduce Ebola mortality, up until now, no drugs have been clearly demonstrated suitable for treating existing infection.",while one experimental vaccine appears to help to reduce e bolla mortality up until now no drugs have been clearly demonstrated suitable for training existing infection,while one experimental vaccine appears able to reduce ebola mortality up until now no drugs have been clearly demonstrated suitable for treating existing infection,while one experimental vaccine appears to help to reduce e bolla mortality up until now no drugs have been clearly demonstrated suitable for training existing infection
1782,Also between each dynasty was an unstable age of divided provinces. The best-known of these periods was the Three Kingdoms epoch taking place for 60 years between the Han and the Jin Dynasty.,also between each dynasty was an unstable age of dibidin provinces the best nune of these periods was the three kingdom's epoch taking place for s years between the han and the jin dynasty,also between each dynasty was an unstable age of divided provinces the best known of these periods was the three kingdoms epoch taking place for 60 years between the han and the jin dynasty,also between each dynasty was an unstable age of dibidin provinces the best nune of these periods was the three kingdom s epoch taking place for s years between the han and the jin dynasty
1704,"In 1990, it was added to the list of world heritage sites in danger, due to the threat of desert sands.",in  it was added to the list of world heritage sites and danger due to the threat of desert sands,in 1990 it was added to the list of world heritage sites in danger due to the threat of desert sands,in it was added to the list of world heritage sites and danger due to the threat of desert sands
1686,"As a result, the process of an organization working together to overcome an obstacle can lead to a new innovative process to serve the customer's need.",as a result the process of an organization working together to overcome an obstacle can lead to a new innovative process to serve the customers needs,as a result the process of an organization working together to overcome an obstacle can lead to a new innovative process to serve the customer s need,as a result the process of an organization working together to overcome an obstacle can lead to a new innovative process to serve the customers needs
1747,Fellow wrestlers also paid tribute to Luna.,fellow restors also paid tribute to luna,fellow wrestlers also paid tribute to luna,fellow restors also paid tribute to luna
1755,One bomb exploded outside the governor general's office.,one bomb exploded outside the governor's general's office,one bomb exploded outside the governor general s office,one bomb exploded outside the governor s general s office
1692,"According to Japan's nuclear agency, radioactive caesium and iodine has been identified at the plant.",a cori japan's nuclear agency radioactive caseum and iadin has been identified at the plant,according to japan s nuclear agency radioactive caesium and iodine has been identified at the plant,a cori japan s nuclear agency radioactive caseum and iadin has been identified at the plant
1831,"The Plitvice Lakes national park is heavily forested, mainly with beech, spruce, and fir trees, and features a mixture of Alpine and Mediterranean vegetation.",the plitvice lakes national park is heavily forest mainly with beach spruce and fir trees and features a mixture of alpine and mediterranean vegetation,the plitvice lakes national park is heavily forested mainly with beech spruce and fir trees and features a mixture of alpine and mediterranean vegetation,the plitvice lakes national park is heavily forest mainly with beach spruce and fir trees and features a mixture of alpine and mediterranean vegetation
1790,"His work is of such recognized quality and detail that he is one of the very few ""household names"" among philatelists. Some specialize in collecting his work alone.",his work is hus such recognized quality and detail that he is one of the very few household names among philatellis son specialized in gliting his work alone,his work is of such recognized quality and detail that he is one of the very few household names among philatelists some specialize in collecting his work alone,his work is hus such recognized quality and detail that he is one of the very few household names among philatellis son specialized in gliting his work alone
1669,Police superintendent Chandra Shekhar Solanki said the accused appeared in court with covered faces.,police superintendent shanra shankhar solenski said the accuse appeared in court with covered faces,police superintendent chandra shekhar solanki said the accused appeared in court with covered faces,police superintendent shanra shankhar solenski said the accuse appeared in court with covered faces
1892,"This is the place the British colonisers took as their own and so if you are looking for evidence of the territory's colonial past, this is a good place to start.",this is the place the british colonizers took as their own and so if you are looking for evidence of the territori's colonial pass this is a good place to start,this is the place the british colonisers took as their own and so if you are looking for evidence of the territory s colonial past this is a good place to start,this is the place the british colonizers took as their own and so if you are looking for evidence of the territori s colonial pass this is a good place to start
1816,"Duvall, who is married with two adult children, did not leave a big impression on Miller, to whom the story was related.",deval who as marrito two adull children did not leave a big impression on miller to whom the story was related,duvall who is married with two adult children did not leave a big impression on miller to whom the story was related,deval who as marrito two adull children did not leave a big impression on miller to whom the story was related
1979,The official Falklands currency is the Falkland pound (FKP) whose value is set equivalent to that of one British pound (GBP).,the official falklin currency is the falklin pound whose value is set equivalent to that of one british pound,the official falklands currency is the falkland pound fkp whose value is set equivalent to that of one british pound gbp,the official falklin currency is the falklin pound whose value is set equivalent to that of one british pound
1823,Traffic Flow is the study of the movement of individual drivers and vehicles between two points and the interactions they make with one another.,traffic flow is the study of the movement of individual drivers and vehicles between two points and the interactions they make with one another,traffic flow is the study of the movement of individual drivers and vehicles between two points and the interactions they make with one another,traffic flow is the study of the movement of individual drivers and vehicles between two points and the interactions they make with one another
1770,"This seems sensible, because the Earth doesn't feel as if it's moving, does it?",this seems sensible because the earth does not feel us to fits moving does it,this seems sensible because the earth doesn t feel as if it s moving does it,this seems sensible because the earth does not feel us to fits moving does it
1833,"Aristotle, a philosopher, theorised that everything is made up of a mixture of one or more of four elements. They were earth, water, air, and fire.",aristotle a philosopher theorized that everything is made up of a mixture of one or more of four elements they were earth water air and fire,aristotle a philosopher theorised that everything is made up of a mixture of one or more of four elements they were earth water air and fire,aristotle a philosopher theorized that everything is made up of a mixture of one or more of four elements they were earth water air and fire
1874,"Some people thought he was right but many people believed the opposite; that the Solar System moved around the Earth, including the Sun (and even the other stars).",some people thought he was rite but many people believe the opposite but the soler systam moved around the earth including the sun and even other stars,some people thought he was right but many people believed the opposite that the solar system moved around the earth including the sun and even the other stars,some people thought he was rite but many people believe the opposite but the soler systam moved around the earth including the sun and even other stars
1783,"Regional and seasonal severe weather phenomena include blizzards, snowstorms, ice storms, and dust storms.",regional and seasonal severe weather phenomenon include glizzards storms ice storms and dust storms,regional and seasonal severe weather phenomena include blizzards snowstorms ice storms and dust storms,regional and seasonal severe weather phenomenon include glizzards storms ice storms and dust storms
1759,"Dr. Malar Balasubramanian, 29, was found in Blue Ash, Ohio, a suburb approximately 15 miles north of Cincinnati lying on the ground beside the road in a T-shirt and underwear in an apparently heavily medicated state.",dr milar balastumbramian n was found in blue asho hio a suburb approximately f miles north of sintanali lying on the ground beside the road in a teacherd an underwhere an apparently heavily medicated state,dr malar balasubramanian 29 was found in blue ash ohio a suburb approximately 15 miles north of cincinnati lying on the ground beside the road in a t shirt and underwear in an apparently heavily medicated state,dr milar balastumbramian n was found in blue asho hio a suburb approximately f miles north of sintanali lying on the ground beside the road in a teacherd an underwhere an apparently heavily medicated state
1829,"Travellers bound for countries with heavy taxation can sometimes save a considerable amount of money, especially on products such as alcoholic beverages and tobacco.",travellers bound for countries with heavy taxation can sometimes save a considerable amount of money especially on products such as alcoholic beverages and tobacco,travellers bound for countries with heavy taxation can sometimes save a considerable amount of money especially on products such as alcoholic beverages and tobacco,travellers bound for countries with heavy taxation can sometimes save a considerable amount of money especially on products such as alcoholic beverages and tobacco
1732,"The age where the events took place is commonly referred as the High Middle Ages the period of European history in the 11th, 12th, and 13th centuries (AD 1000–1300).",the age where the events took place is commonly referred as the high middle ages the period of european history in the elt tt nd tth centuries ad ot,the age where the events took place is commonly referred as the high middle ages the period of european history in the 11th 12th and 13th centuries ad 1000 1300,the age where the events took place is commonly referred as the high middle ages the period of european history in the elt tt nd tth centuries ad ot
1876,The Northern Marianas emergency management office said that there were no damages reported in the nation.,the northern mariana's emergency management office said that there were no damages reported in the nation,the northern marianas emergency management office said that there were no damages reported in the nation,the northern mariana s emergency management office said that there were no damages reported in the nation
1844,The surface of the Moon is made of rocks and dust. The outer layer of the Moon is called the crust.,the surface of the moon is made of rocks and dust the outer layer of the moon is called the crest,the surface of the moon is made of rocks and dust the outer layer of the moon is called the crust,the surface of the moon is made of rocks and dust the outer layer of the moon is called the crest
1661,"He did not set a figure for the cuts, saying they will be made based on China's economic output.",he did not set a figure for the cuts saying they will be made based on china's economic output,he did not set a figure for the cuts saying they will be made based on china s economic output,he did not set a figure for the cuts saying they will be made based on china s economic output
1920,"They usually have special food, drink and entertainment offers, to keep guests in a good mood, and keep them at the premise.",they usually have special food drink and entertainment offers to keep guests in a good mood and keep them at the premise,they usually have special food drink and entertainment offers to keep guests in a good mood and keep them at the premise,they usually have special food drink and entertainment offers to keep guests in a good mood and keep them at the premise
1783,"Regional and seasonal severe weather phenomena include blizzards, snowstorms, ice storms, and dust storms.",regional and seasonal severe weather phenomena include blizzard snowstorms ice storms and dut storms,regional and seasonal severe weather phenomena include blizzards snowstorms ice storms and dust storms,regional and seasonal severe weather phenomena include blizzard snowstorms ice storms and dut storms
1748,Fire rescue crews eventually doused the fire by 11:35 pm.,fire rescue creis eventually doubts the fire by x p m,fire rescue crews eventually doused the fire by 11 35 pm,fire rescue creis eventually doubts the fire by x p m
1707,It is one of the main attractions of South Africa and it is considered the flagship of South African National Parks (SANParks).,it is one of the main attractions of south africa and is considered the flagship of south african national parks sands parks,it is one of the main attractions of south africa and it is considered the flagship of south african national parks sanparks,it is one of the main attractions of south africa and is considered the flagship of south african national parks sands parks
1677,"Today, the only insects that cannot fold back their wings are dragon flies and mayflies.",today the only insects that cannot fold back their wings are dragon flies and may flies,today the only insects that cannot fold back their wings are dragon flies and mayflies,today the only insects that cannot fold back their wings are dragon flies and may flies
1851,"Rip currents are the returning flow from waves breaking off the beach, often at a reef or similar.",rip currents are the returning flow from waves breaking off the sea often at a reef or similar,rip currents are the returning flow from waves breaking off the beach often at a reef or similar,rip currents are the returning flow from waves breaking off the sea often at a reef or similar
1915,You can use boda-boda (motorcycle taxi) to get around Goma. The normal (local) price is ~500 Congolese Francs for the short ride.,you can use boda boda morocycle taxi to get around goma the normal lokal price is f condolis francs for the short ride,you can use boda boda motorcycle taxi to get around goma the normal local price is 500 congolese francs for the short ride,you can use boda boda morocycle taxi to get around goma the normal lokal price is f condolis francs for the short ride
1848,"A car bomb detonated at police headquarters in Gaziantep, Turkey yesterday morning killed two police officers and injured more than twenty other people.",a carbon deinated a police headquarters in gasiansep turkey yesterday morning killed two police officers and injured more than twenty other people,a car bomb detonated at police headquarters in gaziantep turkey yesterday morning killed two police officers and injured more than twenty other people,a carbon deinated a police headquarters in gasiansep turkey yesterday morning killed two police officers and injured more than twenty other people
1747,Fellow wrestlers also paid tribute to Luna.,fellow-wrestlers also paid tribute to luna,fellow wrestlers also paid tribute to luna,fellow wrestlers also paid tribute to luna
1942,"We make our houses from plants and make clothes from plants. Most foods that we eat are plants. Without plants, animals could not survive.",we make our houses from plants and make clothes from plants most foots tat we eat our plants without plants animals could not survive,we make our houses from plants and make clothes from plants most foods that we eat are plants without plants animals could not survive,we make our houses from plants and make clothes from plants most foots tat we eat our plants without plants animals could not survive
1931,"The service is frequently used by shipping, including pleasure craft, as well as expeditions who have remote data and voice needs.",the service is frequently used by shipping including pressurecraft as well as expeditions who have remote data and voice needs,the service is frequently used by shipping including pleasure craft as well as expeditions who have remote data and voice needs,the service is frequently used by shipping including pressurecraft as well as expeditions who have remote data and voice needs
1733,First among its 78 recommendations is that a new diplomatic initiative should be taken before the end of this year to secure Iraq’s borders against hostile interventions and to re-establish diplomatic relations with its neighbors.,first among its s recommendations is that a new diplomatic initiative should be taken before the end of this year to secure or iraqs borers against hostile interventions and to re-establish diplomatic relations with its neighbors,first among its 78 recommendations is that a new diplomatic initiative should be taken before the end of this year to secure iraq s borders against hostile interventions and to re establish diplomatic relations with its neighbors,first among its s recommendations is that a new diplomatic initiative should be taken before the end of this year to secure or iraqs borers against hostile interventions and to re establish diplomatic relations with its neighbors
1715,"Regular announcements in the Metro are made only in Catalan, but unplanned disruptions are announced by an automated system in a wide variety of languages including Spanish, English, French, Arabic and Japanese.",regular allowncements in the metro are made only in catalon but unplannd desruptions are announced by an automated system in a wide variety of languages including spanish english french arabic and japanese,regular announcements in the metro are made only in catalan but unplanned disruptions are announced by an automated system in a wide variety of languages including spanish english french arabic and japanese,regular allowncements in the metro are made only in catalon but unplannd desruptions are announced by an automated system in a wide variety of languages including spanish english french arabic and japanese
1980,"Unfortunately, studying traffic flow is difficult because driver behavior cannot be predicted with one-hundred percent certainty.",unfortunately studying traffic flow is difficult because driver behaviour cannot be predicted with o pct certainty,unfortunately studying traffic flow is difficult because driver behavior cannot be predicted with one hundred percent certainty,unfortunately studying traffic flow is difficult because driver behaviour cannot be predicted with o pct certainty
1934,Usually you always here the sound of tourists and vendors. The story of the sound and light is just like a story book.,usually you always hear the sound of tourists inventors the story of the sound in light is just like a story book,usually you always here the sound of tourists and vendors the story of the sound and light is just like a story book,usually you always hear the sound of tourists inventors the story of the sound in light is just like a story book
1757,"Only mutations in germ-line cells can be passed on to children, while mutations elsewhere can cause cell-death or cancer.",only mutations an germ-line cells can be passed on to children while mutations elsewhere can cause sull death or cancer,only mutations in germ line cells can be passed on to children while mutations elsewhere can cause cell death or cancer,only mutations an germ line cells can be passed on to children while mutations elsewhere can cause sull death or cancer
1888,"Re-entry shock comes on sooner than culture shock (there's less of a honeymoon phase), lasts longer, and can be more severe.",ree intri shock comes on sooner than culturel shock thereis less of a honeymoon phase last longer and can be more severe,re entry shock comes on sooner than culture shock there s less of a honeymoon phase lasts longer and can be more severe,ree intri shock comes on sooner than culturel shock thereis less of a honeymoon phase last longer and can be more severe
1666,"You may also wish to consult the advice of governments other than your own, but their advice is designed for their citizens.",you may also wish to consult the advice of governments other than your own but their advice is designed for their citizens,you may also wish to consult the advice of governments other than your own but their advice is designed for their citizens,you may also wish to consult the advice of governments other than your own but their advice is designed for their citizens
1945,Casablanca is one of the least interesting places to shop in all of Morocco.,kasablanka is one of the least interesting places to shop in all of morocco,casablanca is one of the least interesting places to shop in all of morocco,kasablanka is one of the least interesting places to shop in all of morocco
1822,The Moroccan sultan rebuilt the city as Daru l-Badya and it was given the name Casablanca by Spanish traders who established trading bases there.,the morockan sultan rebuilt the city as daru ibadia and it was given the name costa blanka by spanish traders who establishing trading bases there,the moroccan sultan rebuilt the city as daru l badya and it was given the name casablanca by spanish traders who established trading bases there,the morockan sultan rebuilt the city as daru ibadia and it was given the name costa blanka by spanish traders who establishing trading bases there
1725,"ASUS Eee PC, earlier launched world-wide for cost-saving and functionality factors, became a hot topic in 2007 Taipei IT Month.",asus epc earlier launche worldwide for cost saving and functionality factors became a hot topic it ts tipit month,asus eee pc earlier launched world wide for cost saving and functionality factors became a hot topic in 2007 taipei it month,asus epc earlier launche worldwide for cost saving and functionality factors became a hot topic it ts tipit month
1961,"One of the most common methods used to illustrate the importance of socialization is to draw upon the few unfortunate cases of children who were, through neglect, misfortune, or wilful abuse, not socialized by adults while they were growing up.",one of the most common methods used to illustrate the importance of socialization is to draw upon the few unfortunate cases of children who were through neglect misfortune or wilful abuse not socialized by adults while they were growing up,one of the most common methods used to illustrate the importance of socialization is to draw upon the few unfortunate cases of children who were through neglect misfortune or wilful abuse not socialized by adults while they were growing up,one of the most common methods used to illustrate the importance of socialization is to draw upon the few unfortunate cases of children who were through neglect misfortune or wilful abuse not socialized by adults while they were growing up
1928,"By 1976, thirty percent of Machu Picchu had been restored and restoration continues till today.",by  tty per cent of machu picchu had been restored and restoration continues till today,by 1976 thirty percent of machu picchu had been restored and restoration continues till today,by tty per cent of machu picchu had been restored and restoration continues till today
1839,Think of the skiing route as of a similar hiking route.,think of the skiing rout as of a similar hiking rout,think of the skiing route as of a similar hiking route,think of the skiing rout as of a similar hiking rout
1913,"The tiger's roar is not like the full-voiced roar of a lion, but more like a sentence of snarly, shouted words.",the tiger's roar is not like the full-voiced roar of a lion but more like a sentence of snarly shouted words,the tiger s roar is not like the full voiced roar of a lion but more like a sentence of snarly shouted words,the tiger s roar is not like the full voiced roar of a lion but more like a sentence of snarly shouted words
1709,The Report is highly critical of almost every aspect of the present policy of the Executive towards Iraq and it urges an immediate change of direction.,the report is highly critical of almost every aspect of the present policy of the executive towards iraq and it urges an immediate change of direction,the report is highly critical of almost every aspect of the present policy of the executive towards iraq and it urges an immediate change of direction,the report is highly critical of almost every aspect of the present policy of the executive towards iraq and it urges an immediate change of direction
1660,"Romanticism had a large element of cultural determinism, drawn from writers such as Goethe, Fichte, and Schlegel.",romanticism had a large element of cultural determinism drawn from writers such as goath fitched and slagal,romanticism had a large element of cultural determinism drawn from writers such as goethe fichte and schlegel,romanticism had a large element of cultural determinism drawn from writers such as goath fitched and slagal
1958,"The city is in stark contrast to the rest of the country's cities, because it has more of an Arabic flair than of an African.",the city is in start contrast to the rest of the country cities because it has more of an arabic flar than of an african,the city is in stark contrast to the rest of the country s cities because it has more of an arabic flair than of an african,the city is in start contrast to the rest of the country cities because it has more of an arabic flar than of an african
1780,"With Kundalini Yoga the Kundalini energy (enlightenment energy) is awakened through yoga postures, breathing exercises, mantras and visualizations.",with kundolini yoga the kundolini energy enlightnment energy is awakened through yoga pasture's breathing exercises montruos and visualizations,with kundalini yoga the kundalini energy enlightenment energy is awakened through yoga postures breathing exercises mantras and visualizations,with kundolini yoga the kundolini energy enlightnment energy is awakened through yoga pasture s breathing exercises montruos and visualizations
1684,"Apia is the capital of Samoa. The town is on the island of Upolu and has a population of just under 40,000.",apia is the capital of samowa the town is on the island of apulu and has a population of just under fz,apia is the capital of samoa the town is on the island of upolu and has a population of just under 40 000,apia is the capital of samowa the town is on the island of apulu and has a population of just under fz
1733,First among its 78 recommendations is that a new diplomatic initiative should be taken before the end of this year to secure Iraq’s borders against hostile interventions and to re-establish diplomatic relations with its neighbors.,first among its se recommendations is that a new diplomatic initiative should be taken before the end of this year to secure iraq's borders against hostile interventions and to re-establish diplomatic relations with its neighbours,first among its 78 recommendations is that a new diplomatic initiative should be taken before the end of this year to secure iraq s borders against hostile interventions and to re establish diplomatic relations with its neighbors,first among its se recommendations is that a new diplomatic initiative should be taken before the end of this year to secure iraq s borders against hostile interventions and to re establish diplomatic relations with its neighbours
1795,"Since 1988, ballot boxes must be transparent so that voters and observers can witness that no envelopes are present at the start of the vote and that no envelopes are added except those of the duly counted and authorized voters.",since  ballod boxes must be transparent so that voers and observers can witness that no envelopes are present at the start of the vote and that no envelopes are added except those of the duly counted and autherized voters,since 1988 ballot boxes must be transparent so that voters and observers can witness that no envelopes are present at the start of the vote and that no envelopes are added except those of the duly counted and authorized voters,since ballod boxes must be transparent so that voers and observers can witness that no envelopes are present at the start of the vote and that no envelopes are added except those of the duly counted and autherized voters
1925,"The work done was mostly theoretical, but the program was written to simulate observations made of the Sagittarius galaxy.",the work done was mostly theoretical but the programme was written to simulate observations made of the sujutarious galaxy,the work done was mostly theoretical but the program was written to simulate observations made of the sagittarius galaxy,the work done was mostly theoretical but the programme was written to simulate observations made of the sujutarious galaxy
1968,"Some cruises feature Berlin, Germany in the brochures. As you can see from the map above Berlin is no where near the sea and a visit to the city is not included in the price of the cruise.",some cruises feature berlin germany and the brochers as you can sae from the map above berlin is nowhere near the sea and a visit to the city is not included in the price of the cruise,some cruises feature berlin germany in the brochures as you can see from the map above berlin is no where near the sea and a visit to the city is not included in the price of the cruise,some cruises feature berlin germany and the brochers as you can sae from the map above berlin is nowhere near the sea and a visit to the city is not included in the price of the cruise
1676,"As with all South African National Parks, there are daily conservation and entry fees for the park.",as with all south african national parks there are daily conservation and entry fees for the park,as with all south african national parks there are daily conservation and entry fees for the park,as with all south african national parks there are daily conservation and entry fees for the park
1994,"Needless to say, if you know a Romance language, it will be easier for you to learn Portuguese.",needless to say if you know a romance language it will be easier for you to learn portuguese,needless to say if you know a romance language it will be easier for you to learn portuguese,needless to say if you know a romance language it will be easier for you to learn portuguese
1688,"The job of navies has traditionally been to ensure that your country maintains the ability to move your people and goods, while at the same time, interfering with your enemy's ability to move his people and goods.",the job of navies has traditionally been to ensure that your country maintains the ability to move your people in goods while at the same time interfering their enemy's abilities to move his people in goods,the job of navies has traditionally been to ensure that your country maintains the ability to move your people and goods while at the same time interfering with your enemy s ability to move his people and goods,the job of navies has traditionally been to ensure that your country maintains the ability to move your people in goods while at the same time interfering their enemy s abilities to move his people in goods
1691,"On some routes, the larger companies have their own planes, but for other routes and smaller firms there was a problem.",on someroats the larger companies have their own plans but for other roots and smaller firms there was a problem,on some routes the larger companies have their own planes but for other routes and smaller firms there was a problem,on someroats the larger companies have their own plans but for other roots and smaller firms there was a problem
1881,Sharing a field trip virtually is also a great way to reflect a on a trip and share experiences with future classes.,sharing a field trip virtually is also a great way to reflect on a trip and share experiences with future classes,sharing a field trip virtually is also a great way to reflect a on a trip and share experiences with future classes,sharing a field trip virtually is also a great way to reflect on a trip and share experiences with future classes
1974,"Along the same line, men are required to wear trousers covering the knees.",along the same line men are required to wear trousers covering the knees,along the same line men are required to wear trousers covering the knees,along the same line men are required to wear trousers covering the knees
1859,towards the end of the Middle Ages western Europe began to develop their own style. one of the biggest developments of the time as a result of the crusades people began to use buttons to fasten clothing.,towards the end of the middle ages western europe began to develop their own style hone of the biggest developments of that time as a result of the crusades people began to use buttons to fasten their clothes,towards the end of the middle ages western europe began to develop their own style one of the biggest developments of the time as a result of the crusades people began to use buttons to fasten clothing,towards the end of the middle ages western europe began to develop their own style hone of the biggest developments of that time as a result of the crusades people began to use buttons to fasten their clothes
1868,"At the other end of the spectrum, one morphs into an unrecognizable individual that feels he or she must change everything the team has been doing and make it their own.",at the other end of the spectrum one morfs into an unrecognizable individual that fills he or she must change everything the team has been doing and make it their own,at the other end of the spectrum one morphs into an unrecognizable individual that feels he or she must change everything the team has been doing and make it their own,at the other end of the spectrum one morfs into an unrecognizable individual that fills he or she must change everything the team has been doing and make it their own
1827,The crust is about 70 km thick on the near side and 100 km thick on the far side.,the crust is about st km stick on the near side and  km stick on the far side,the crust is about 70 km thick on the near side and 100 km thick on the far side,the crust is about st km stick on the near side and km stick on the far side
1836,"People have known about basic chemical elements such as gold, silver, and copper from antiquity, as these can all be discovered in nature in native form and are relatively simple to mine with primitive tools.",people have known about basic chemical elements such as gold silver and copper from anticuity as these can all be discovered in nature and native form and are relatively simple to mind with primitive tools,people have known about basic chemical elements such as gold silver and copper from antiquity as these can all be discovered in nature in native form and are relatively simple to mine with primitive tools,people have known about basic chemical elements such as gold silver and copper from anticuity as these can all be discovered in nature and native form and are relatively simple to mind with primitive tools
1785,Scaffolding is not a method of learning but rather an aid that provides support to individuals whom are undergoing a new learning experience such as using a new computer program or beginning a new project.,scaffolding is not a method of learning but rather in aid that provides support to individuals whom are undergoing a new learning experience such as using a new computer programm or beginning a new project,scaffolding is not a method of learning but rather an aid that provides support to individuals whom are undergoing a new learning experience such as using a new computer program or beginning a new project,scaffolding is not a method of learning but rather in aid that provides support to individuals whom are undergoing a new learning experience such as using a new computer programm or beginning a new project
1768,Most of the buildings on the edges of the complex have been rebuilt in order to give tourists a better idea of how they originally appeared.,most of the buildings on the edge of the complex have been rebuilt in order to give tourist a better idea of how they originally appeared,most of the buildings on the edges of the complex have been rebuilt in order to give tourists a better idea of how they originally appeared,most of the buildings on the edge of the complex have been rebuilt in order to give tourist a better idea of how they originally appeared
1883,"The vertical clearance under the bridge is 15 meters. Construction was completed in August 2011, it didn't open to traffic until March 2017.",the vertical clearance under the bridge is f meters construction was completed in august t it didn't open to traffic until march ts,the vertical clearance under the bridge is 15 meters construction was completed in august 2011 it didn t open to traffic until march 2017,the vertical clearance under the bridge is f meters construction was completed in august t it didn t open to traffic until march ts
1686,"As a result, the process of an organization working together to overcome an obstacle can lead to a new innovative process to serve the customer's need.",as a result the process of an organization working together to overcome an obstacle can lead to a new innovative process to serve the customer's need,as a result the process of an organization working together to overcome an obstacle can lead to a new innovative process to serve the customer s need,as a result the process of an organization working together to overcome an obstacle can lead to a new innovative process to serve the customer s need
1867,"Plants make oxygen which humans breathe, and they take in carbon-dioxide which humans exhale (that is, breathe out).",plants make oxygen with human's breave and they take in carbon dioxide with human's xhale is breeve out,plants make oxygen which humans breathe and they take in carbon dioxide which humans exhale that is breathe out,plants make oxygen with human s breave and they take in carbon dioxide with human s xhale is breeve out
1682,"While no one knows for certain who wrote it, it is known that early in its life, the large parchment document (it measures 29¾ inches by 24½ inches) was rolled up for storage.",while no one knows for scernon who wroted it is known that early in its life the large parchment document it measures  inches by  inches was rolled up for storage,while no one knows for certain who wrote it it is known that early in its life the large parchment document it measures 293 4 inches by 241 2 inches was rolled up for storage,while no one knows for scernon who wroted it is known that early in its life the large parchment document it measures inches by inches was rolled up for storage
1681,"It isn’t alone though, experimentation, and an experiment is a test that is used to eliminate one or more of the possible hypotheses, asking questions, and making observations also guide scientific research.",it isn't alone though experimentation and an experiment is a test that ir use to eliminate one or more of the possible hypothesis asking questions and making observations also called scientific research,it isn t alone though experimentation and an experiment is a test that is used to eliminate one or more of the possible hypotheses asking questions and making observations also guide scientific research,it isn t alone though experimentation and an experiment is a test that ir use to eliminate one or more of the possible hypothesis asking questions and making observations also called scientific research
1813,"Barcelona's official languages are Catalan and Spanish. About a half prefer to speak Catalan, a vast majority understands it, and virtually everyone knows Spanish.",barcelona's official languages are catalan and spanish about a half preferd to speak catalan a vast majority understands it and virtually everyone knows spanish,barcelona s official languages are catalan and spanish about a half prefer to speak catalan a vast majority understands it and virtually everyone knows spanish,barcelona s official languages are catalan and spanish about a half preferd to speak catalan a vast majority understands it and virtually everyone knows spanish
1995,"Virtual Scaffolds are internalized in the software and are meant to question, prompt, and explain procedures that may have been to challenging for the student to handle alone.",virtual scaffolds are internalized in the software and are meant to question prompt in explain procedures that may have been too challenging for the student to handle alone,virtual scaffolds are internalized in the software and are meant to question prompt and explain procedures that may have been to challenging for the student to handle alone,virtual scaffolds are internalized in the software and are meant to question prompt in explain procedures that may have been too challenging for the student to handle alone
1737,"Lions are the most social cats, living in large groups called prides.",lions are the most social cats living in larch groups called prites,lions are the most social cats living in large groups called prides,lions are the most social cats living in larch groups called prites
1825,If you want to be close to the action you're going to have to get in early to get a camping site close to the music.,if you want to be close to the action you're going to have to get in early to get a camping site close to the music,if you want to be close to the action you re going to have to get in early to get a camping site close to the music,if you want to be close to the action you re going to have to get in early to get a camping site close to the music
