id,ref,hyp,ref_norm,hyp_norm
1819,"В древнем Китае использовали уникальный способ обозначения периодов времени; каждый этап Китая или каждая семья, находившаяся у власти, были особой династией.",В древнем китай использовали уникальный способ обозначения передов времени. Каждый этап китай или каждое семья находившаяся у власти. Были особо династии.,в древнем китае использовали уникальный способ обозначения периодов времени каждый этап китая или каждая семья находившаяся у власти были особой династией,в древнем китай использовали уникальный способ обозначения передов времени каждый этап китай или каждое семья находившаяся у власти были особо династии
1781,"Мадагаскар намного больше других и  является самобытным континентом в том, что касается дикой природы.","Модогаскар намного больше других и является самобытным континентом, в то, что касается дикой природы.",мадагаскар намного больше других и является самобытным континентом в том что касается дикой природы,модогаскар намного больше других и является самобытным континентом в то что касается дикой природы
1926,"Во всех научных вопросах, включая психологию, были приняты взгляды Аристотеля.",Во всех научных вопросах включая психологию были приняты взгляды рестотеля.,во всех научных вопросах включая психологию были приняты взгляды аристотеля,во всех научных вопросах включая психологию были приняты взгляды рестотеля
1917,"В различных местах Рима были установлены большие телевизионные экраны, с помощью которых люди могли наблюдать за церемонией.","В различных местах Рима были установлены большей, телевизионные экраны, с помощью которых люди могли наблюдать с ремонией.",в различных местах рима были установлены большие телевизионные экраны с помощью которых люди могли наблюдать за церемонией,в различных местах рима были установлены большей телевизионные экраны с помощью которых люди могли наблюдать с ремонией
1751,"Причиной дебатов стали разногласия относительно затрат на оказание материальной поддержки и восстановление зданий после урагана Катрина, который некоторые фискальные консерваторы в шутку назвали ""новоорлеанской сделкой Буша"".","Причиной дебатов стали разногласия относительно затратно оказания материальной поддержки и восстановления стани после урогана Катрина, который некоторые фискальные консерваторы в шутку назвали новарлянской сделкой Буши.",причиной дебатов стали разногласия относительно затрат на оказание материальной поддержки и восстановление зданий после урагана катрина который некоторые фискальные консерваторы в шутку назвали новоорлеанской сделкой буша,причиной дебатов стали разногласия относительно затратно оказания материальной поддержки и восстановления стани после урогана катрина который некоторые фискальные консерваторы в шутку назвали новарлянской сделкой буши
1704,"В 1990 году он был добавлен в список всемирного наследия, находящегося под угрозой из-за опасности со стороны песков пустыни.","В 1990 году он был добавлен в список в Семерного наследия, находящаяся под огроза из опасности со стороны писков пустыни.",в 1990 году он был добавлен в список всемирного наследия находящегося под угрозой из за опасности со стороны песков пустыни,в 1990 году он был добавлен в список в семерного наследия находящаяся под огроза из опасности со стороны писков пустыни
1692,"Согласно ядерному управлению Японии, на заводе были обнаружены радиоактивный цезий и йод.",Соклассной ядерному управлению Епонии на заводе были обнаружены радиоактивной цивей иют.,согласно ядерному управлению японии на заводе были обнаружены радиоактивный цезий и йод,соклассной ядерному управлению епонии на заводе были обнаружены радиоактивной цивей иют
1852,"Надлежащее использование блогов может дать учащимся возможность стать более аналитичными и критичными. Путём активного отклика на интернет-материалы учащиеся могут определять свою позицию в контексте чужих работ, а также излагать свои собственные взгляды на конкретные вопросы (Оравек, 2002).","На длижащее использование блогов может дать учащимся возможность стать более аналитичными и критичными. Путем активного отклика на интернет-материалы учащейся могут определять свою позицию в контексте, чужих работ, а также излагарь свой собственный эксклядный наканкетные вопросы.",надлежащее использование блогов может дать учащимся возможность стать более аналитичными и критичными путем активного отклика на интернет материалы учащиеся могут определять свою позицию в контексте чужих работ а также излагать свои собственные взгляды на конкретные вопросы оравек 2002,на длижащее использование блогов может дать учащимся возможность стать более аналитичными и критичными путем активного отклика на интернет материалы учащейся могут определять свою позицию в контексте чужих работ а также излагарь свой собственный эксклядный наканкетные вопросы
1757,"Только мутации в клетках зародышевой линии могут передаваться далее детям, в то время как мутации где-то ещё могут привести к гибели клеток или раку.","Только мутации в клетках зародашего линии могут передаваться далее, где это может привести гиблик леток или раку.",только мутации в клетках зародышевой линии могут передаваться далее детям в то время как мутации где то еще могут привести к гибели клеток или раку,только мутации в клетках зародашего линии могут передаваться далее где это может привести гиблик леток или раку
1791,"Не оскверняйте это место, нанося или выцарапывая граффити на объекты вокруг.","Не оскверняйте это место, но вся или выцироповая графитина объекта вокруг.",не оскверняйте это место нанося или выцарапывая граффити на объекты вокруг,не оскверняйте это место но вся или выцироповая графитина объекта вокруг
1903,"Когда все доступные ресурсы эффективно используются во всех функциональных подразделениях организации, то могут проявиться креативность и изобретательность.","Когда все доступные ресурсы эффективно используются в всех функциональных подразделения организации, то могут появиться креативность и изобретательность.",когда все доступные ресурсы эффективно используются во всех функциональных подразделениях организации то могут проявиться креативность и изобретательность,когда все доступные ресурсы эффективно используются в всех функциональных подразделения организации то могут появиться креативность и изобретательность
1725,"Серия ASUS Eee PC, ранее представленная во всём мире с ориентацией на такие факторы, как экономия средств и функциональность, стала горячей темой во время месяца информационных технологий в Тайбэе в 2007 году.","Серия ASUS и PC ранее представленная во всем мире сориноцией на такие факторы, как экономия средств и функциональность, стало горячей темы во время месяца информационных технологий в Тайбе 2007 году.",серия asus eee pc ранее представленная во всем мире с ориентацией на такие факторы как экономия средств и функциональность стала горячей темой во время месяца информационных технологий в тайбэе в 2007 году,серия asus и pc ранее представленная во всем мире сориноцией на такие факторы как экономия средств и функциональность стало горячей темы во время месяца информационных технологий в тайбе 2007 году
1762,"Переносчиками являются свиньи, от которых через комаров болезнь затем передаётся человеку.","Переночками являются свиньи, вот которых через кумуров болезть затем передается человеку.",переносчиками являются свиньи от которых через комаров болезнь затем передается человеку,переночками являются свиньи вот которых через кумуров болезть затем передается человеку
1668,"Также может быть выгодно купить Wild Card, которая позволяет посещать национальные парки ЮАР либо выборочно, либо все.","Также может быть выходным купить вилкар, которая позволяет посещать национальные парки и ор, либо выброшну, либо все.",также может быть выгодно купить wild card которая позволяет посещать национальные парки юар либо выборочно либо все,также может быть выходным купить вилкар которая позволяет посещать национальные парки и ор либо выброшну либо все
1757,"Только мутации в клетках зародышевой линии могут передаваться далее детям, в то время как мутации где-то ещё могут привести к гибели клеток или раку.",Только мутации в клетках зародышевые линии могут передаваться далее детям. В то время к мутации где-то еще могут привести гиблик лета к лираку.,только мутации в клетках зародышевой линии могут передаваться далее детям в то время как мутации где то еще могут привести к гибели клеток или раку,только мутации в клетках зародышевые линии могут передаваться далее детям в то время к мутации где то еще могут привести гиблик лета к лираку
1780,"Энергия кундалини (энергия просветления) в кундалини-йоге пробуждается через позы йоги, дыхательные упражнения, мантры и визуализации.","Анария Кундалини, Анария просветления. В Кундалини Йои пробуждается через позиеме, дыхательные упражнения, мантр и визолизации.",энергия кундалини энергия просветления в кундалини йоге пробуждается через позы йоги дыхательные упражнения мантры и визуализации,анария кундалини анария просветления в кундалини йои пробуждается через позиеме дыхательные упражнения мантр и визолизации
1822,"Султан Марокко перестроил город под названием Эд-Дар-эль-Бейда, а испанские торговцы, создавшие тут торговые базы, назвали его Касабланка.","Сультан Морока перестроил город по названием Эдар Эльбейда. Айспанский торговц, создавший тут торговый базов, назвали его Косабланка.",султан марокко перестроил город под названием эд дар эль бейда а испанские торговцы создавшие тут торговые базы назвали его касабланка,сультан морока перестроил город по названием эдар эльбейда айспанский торговц создавший тут торговый базов назвали его косабланка
1763,"Так же, как Луна притягивает Землю, при этом вызывая приливы, так и Млечный Путь воздействует на галактику в Стрельце.","Также как Луна претягивает землю, при этом вызывая приливы так и млеечный путь воздействует на галактику стрельцы.",так же как луна притягивает землю при этом вызывая приливы так и млечный путь воздействует на галактику в стрельце,также как луна претягивает землю при этом вызывая приливы так и млеечный путь воздействует на галактику стрельцы
1884,"В частности, утверждается, что можно определить, лжет ли человек, при помощи правильной интерпретации его микровыражений.","В частности, кто ожидается, что можно определить в жот лечеловек при помощи правильной интерпретации его микроворожений.",в частности утверждается что можно определить лжет ли человек при помощи правильной интерпретации его микровыражений,в частности кто ожидается что можно определить в жот лечеловек при помощи правильной интерпретации его микроворожений
1722,53-летний Куомо начал свою деятельность на посту губернатора в начале этого года и подписал законопроект о легализации однополых браков в прошлом месяце.,"50-3 лет никого начался в seu деятельность на постугубернатора. В начале этого года и подписался, законопроект олегализации на полых браков прошлом месяце.",53 летний куомо начал свою деятельность на посту губернатора в начале этого года и подписал законопроект о легализации однополых браков в прошлом месяце,50 3 лет никого начался в seu деятельность на постугубернатора в начале этого года и подписался законопроект олегализации на полых браков прошлом месяце
1768,"Большинство зданий по краям комплекса было перестроено, чтобы дать туристам более точное представление о том, как они выглядели изначально.","Большинство зданий по краям комплекса было перестроено, чтобы дать туристам более точное представление о том, как они выгляли изначально.",большинство зданий по краям комплекса было перестроено чтобы дать туристам более точное представление о том как они выглядели изначально,большинство зданий по краям комплекса было перестроено чтобы дать туристам более точное представление о том как они выгляли изначально
1891,Лаккха Сингх исполнил чхаппан бхог бхаджан.  Певец Раджу Кханделвал пел вместе с ним.,"Лак и синхис полнил чхапан Хоп хаджан, вец Раджу. Кханделвал пил вместе с ним.",лаккха сингх исполнил чхаппан бхог бхаджан певец раджу кханделвал пел вместе с ним,лак и синхис полнил чхапан хоп хаджан вец раджу кханделвал пил вместе с ним
1962,Показатель pH определяется степенью насыщенности ионами водорода (H в pH) исследуемого химического соединения.,Показатель пиаж определяется с крепими у насыщенности и онами водорода. Аж пиаж исследоваем его в ахимического соединения.,показатель ph определяется степенью насыщенности ионами водорода h в ph исследуемого химического соединения,показатель пиаж определяется с крепими у насыщенности и онами водорода аж пиаж исследоваем его в ахимического соединения
1861,"В результате актёры курят косяки с марихуаной на сцене, и сам театр поощряет публику присоединиться.",В результате актера куляет косики с морехоны на сцене и сам театр поощряет публику при сайдинице.,в результате актеры курят косяки с марихуаной на сцене и сам театр поощряет публику присоединиться,в результате актера куляет косики с морехоны на сцене и сам театр поощряет публику при сайдинице
1715,"Обычные объявления в метро делаются только на каталонском языке, но незапланированные перебои объявляются автоматизированной системой на самых разных языках, включая испанский, английский, французский, арабский и японский.","Обучные объявления в метро делаются только на католонском языке, но не запланированные перебои объявляются автоматизированные системы на самых разных языках, включая испанский англинский французский арабский и японский.",обычные объявления в метро делаются только на каталонском языке но незапланированные перебои объявляются автоматизированной системой на самых разных языках включая испанский английский французский арабский и японский,обучные объявления в метро делаются только на католонском языке но не запланированные перебои объявляются автоматизированные системы на самых разных языках включая испанский англинский французский арабский и японский
1882,"Учёные надеются понять, как образуются планеты, особенно то, как образовалась Земля, поскольку кометы сталкивались  с Землёй очень давно.","Ученые надеются понять, как образуется планета, особенно то, как образовалась земля поскольку кометы сталкивались землей очень давно.",ученые надеются понять как образуются планеты особенно то как образовалась земля поскольку кометы сталкивались с землей очень давно,ученые надеются понять как образуется планета особенно то как образовалась земля поскольку кометы сталкивались землей очень давно
1885,Между 10:00 и 11:00 вечера по горному времени заключенные устроили пожар во дворе.,"Между 10ю и 11 вечера, по горному времени, заключенные устроили пожар в одворе.",между 10 00 и 11 00 вечера по горному времени заключенные устроили пожар во дворе,между 10ю и 11 вечера по горному времени заключенные устроили пожар в одворе
1729,"Например, ежегодно учащиеся школы Беннет в Северной Каролине создают сайт о своём посещении столицы штата, и каждый год этот сайт обновляется, но доступ к старым версиям по-прежнему сохраняется — они служат памятным альбомом.","Например, ежегодную чащееся школу баннад все в尷尬 на коррине создают сайта с вами посещение столица штата. И каждый год этот сайт опновляется. Но доступ к старым версиям по прежнему сохраняется. Они служат памятным альбомом.",например ежегодно учащиеся школы беннет в северной каролине создают сайт о своем посещении столицы штата и каждый год этот сайт обновляется но доступ к старым версиям по прежнему сохраняется они служат памятным альбомом,например ежегодную чащееся школу баннад все в尷尬 на коррине создают сайта с вами посещение столица штата и каждый год этот сайт опновляется но доступ к старым версиям по прежнему сохраняется они служат памятным альбомом
1663,Долина Кочамо – главное направление в Чили для альпинизма. Она известна как Йосмит Южной Америки и имеет большое количество больших гранитных стен и скал.,"Дарина Качамма, главна направления в челель для альпинизма. Она известно, как ее смет, южной Америки, и имеет большое количество больших границных стен из кал.",долина кочамо главное направление в чили для альпинизма она известна как йосмит южной америки и имеет большое количество больших гранитных стен и скал,дарина качамма главна направления в челель для альпинизма она известно как ее смет южной америки и имеет большое количество больших границных стен из кал
1795,"Начиная с 1988 года урны для избирательных бюллетеней должны быть прозрачными, чтобы избиратели и наблюдатели могли убедиться в том, что в начале голосования внутри нет конвертов и что к ним не добавлены какие-либо другие конверты, кроме конвертов тех людей, которых допустили к участию в голосовании и голоса которых подсчитали надлежащим образом.","Ночиная с 1888 года, урнодля из бирательных билетений, должно быть прозрачными, чтобы избиратели и наблюдатели могли убилиться в том, что в начале голосования внутри нет конвертов. И что к ним не добавлены какие-либо другие конверты, кроме конвертов всех людей, которых допустили к участию в голосовании, И голоса, которых подсчитали над держащим образом.",начиная с 1988 года урны для избирательных бюллетеней должны быть прозрачными чтобы избиратели и наблюдатели могли убедиться в том что в начале голосования внутри нет конвертов и что к ним не добавлены какие либо другие конверты кроме конвертов тех людей которых допустили к участию в голосовании и голоса которых подсчитали надлежащим образом,ночиная с 1888 года урнодля из бирательных билетений должно быть прозрачными чтобы избиратели и наблюдатели могли убилиться в том что в начале голосования внутри нет конвертов и что к ним не добавлены какие либо другие конверты кроме конвертов всех людей которых допустили к участию в голосовании и голоса которых подсчитали над держащим образом
1943,"Чем ниже напряжение, тем более позитивна присутствующая в вас жизненная сила. Каждому человеку потенциально дано обрести абсолютные покой и чувство удовлетворения.","Чем ниже напряжение, тем более позитивно присутствующая ваше жизни наисила. Каждому человеку потенциально на дно обрести абсолютно и покой и чувство удовлетворения.",чем ниже напряжение тем более позитивна присутствующая в вас жизненная сила каждому человеку потенциально дано обрести абсолютные покой и чувство удовлетворения,чем ниже напряжение тем более позитивно присутствующая ваше жизни наисила каждому человеку потенциально на дно обрести абсолютно и покой и чувство удовлетворения
1836,"Людям с античных времен были известны основные химические элементы, такие как золото, серебро и медь, поскольку их все можно встретить в природе в чистом виде и относительно легко добывать с помощью примитивных орудий.","Людям сантичных времен были известны основные химические элементы. Такие как золото серебро иметь, поскольку их все можно встретить в природе в чистом виде и относительно легко добывать с помощью примитивных орудий.",людям с античных времен были известны основные химические элементы такие как золото серебро и медь поскольку их все можно встретить в природе в чистом виде и относительно легко добывать с помощью примитивных орудий,людям сантичных времен были известны основные химические элементы такие как золото серебро иметь поскольку их все можно встретить в природе в чистом виде и относительно легко добывать с помощью примитивных орудий
1776,"За ночь было изготовлено 150–200 копий, теперь известных как ""листовки Данлэпа"".",Зано же было изготовлено 150-200 копий. Теперь известных как листовки дан лопа.,за ночь было изготовлено 150 200 копий теперь известных как листовки данлэпа,зано же было изготовлено 150 200 копий теперь известных как листовки дан лопа
1698,"Все во вселенной состоит из материи. Вся материя состоит из мельчайших частиц, называемых атомами.","Все во Вселенной состоит из материи. Все материи состоит из мельчаших частиц, называемых атомами.",все во вселенной состоит из материи вся материя состоит из мельчайших частиц называемых атомами,все во вселенной состоит из материи все материи состоит из мельчаших частиц называемых атомами
1769,"Великая пирамида была возведена египтянами в третьем веке до нашей эры и является одним из множества больших пирамидальных сооружений, построенных, чтобы почтить память фараона.","Великая пирамента была возвести на эгиптянами в третьей инвеке до нашей эры и является одним из множеств в больших, пираментальных соружений построенных, чтобы почтить память фрауна.",великая пирамида была возведена египтянами в третьем веке до нашей эры и является одним из множества больших пирамидальных сооружений построенных чтобы почтить память фараона,великая пирамента была возвести на эгиптянами в третьей инвеке до нашей эры и является одним из множеств в больших пираментальных соружений построенных чтобы почтить память фрауна
1863,"Сердцем тибетской медитации считается Йога Божеств. Посредством визуализации разнообразных божеств чистятся энергетические каналы, запускаются чакры и достигается просветлённость сознания.","Серкцем тебецком медитации считается Йога Божеств, по средствам визуализации разнообразных Божеств, чистятся энергетические каналы, запускаются чайкры и достигаются просветлённые сознания.",сердцем тибетской медитации считается йога божеств посредством визуализации разнообразных божеств чистятся энергетические каналы запускаются чакры и достигается просветленность сознания,серкцем тебецком медитации считается йога божеств по средствам визуализации разнообразных божеств чистятся энергетические каналы запускаются чайкры и достигаются просветленные сознания
1809,"Шпалы начали применяться довольно давно для того, чтобы удерживать рельсы на месте. Однако впоследствии стало ясно, что пути были более эффективны при полосе из железа сверху.","Шпалы начали применяться довольно давно для того, чтобы удерживать резью на месте. Однако в последствии стало ясно, что пути были более эффективны при полосе изжли за сверху.",шпалы начали применяться довольно давно для того чтобы удерживать рельсы на месте однако впоследствии стало ясно что пути были более эффективны при полосе из железа сверху,шпалы начали применяться довольно давно для того чтобы удерживать резью на месте однако в последствии стало ясно что пути были более эффективны при полосе изжли за сверху
1781,"Мадагаскар намного больше других и  является самобытным континентом в том, что касается дикой природы.","Манда Госкар намного больше других и является самобытным континетом, что касается дикой природы.",мадагаскар намного больше других и является самобытным континентом в том что касается дикой природы,манда госкар намного больше других и является самобытным континетом что касается дикой природы
1825,"Если вы хотите находиться рядом со сценой, вам нужно приехать заранее, чтобы найти место для кемпинга вблизи от музыки.","Если вы хотите находиться рядом со сценой, вам нужно приехать за ранее, чтобы найти место для компенков в президент музыке.",если вы хотите находиться рядом со сценой вам нужно приехать заранее чтобы найти место для кемпинга вблизи от музыки,если вы хотите находиться рядом со сценой вам нужно приехать за ранее чтобы найти место для компенков в президент музыке
1855,"Львиные прайды ведут себя очень похоже со стаями волков или собак — животных, которые по повадкам удивительно похожи на львов (но не других крупных кошек) и тоже очень опасны для своих жертв.","Левиной прайды ведут себя очень похожа на волков или собак, животных, которые по поваткам удивительно похожа на левов. Но не других крупных кошек, и тоже очень опасный для своих жертв.",львиные прайды ведут себя очень похоже со стаями волков или собак животных которые по повадкам удивительно похожи на львов но не других крупных кошек и тоже очень опасны для своих жертв,левиной прайды ведут себя очень похожа на волков или собак животных которые по поваткам удивительно похожа на левов но не других крупных кошек и тоже очень опасный для своих жертв
1806,"Поскольку световое загрязнение в период их расцвета не было такой проблемой, как сегодня, они обычно расположены в городах или в кампусах, до которых легче добраться, чем до тех, которые построены в наше время.","Поскольку световое загрязление вперею, ты их рассвета не было такое проблема и как сегодня, они обычно расположены в кородах или в компусах, до которых легче добраться, чем до тех, которые построены в наше время.",поскольку световое загрязнение в период их расцвета не было такой проблемой как сегодня они обычно расположены в городах или в кампусах до которых легче добраться чем до тех которые построены в наше время,поскольку световое загрязление вперею ты их рассвета не было такое проблема и как сегодня они обычно расположены в кородах или в компусах до которых легче добраться чем до тех которые построены в наше время
1697,"Он не смог принять препараты, необходимые для облегчения боли, так как они запрещены в Играх.","Он не смог принять препараты необходимые для облегчения более, так как они запрещены в играх.",он не смог принять препараты необходимые для облегчения боли так как они запрещены в играх,он не смог принять препараты необходимые для облегчения более так как они запрещены в играх
1964,"25 листовок Данлэпа, известные на настоящее время, являются старейшими выжившими копиями документа. Оригинальная рукописная копия не дошла до нас.",25 ст. Дамлаба известнее на настоящие время и является старейшими выжившими копиями документа. Оригинальная руку песня не дошла до нас.,25 листовок данлэпа известные на настоящее время являются старейшими выжившими копиями документа оригинальная рукописная копия не дошла до нас,25 ст дамлаба известнее на настоящие время и является старейшими выжившими копиями документа оригинальная руку песня не дошла до нас
1900,"Ее очень нелегко обнаружить даже тому, кто знает о ее существовании. В пещере человек оказывается в полной изоляции.","Ее очень нелегко обнаружить, даже тому, кто знает ее существование. В пещере человека казывается в полной изоляции.",ее очень нелегко обнаружить даже тому кто знает о ее существовании в пещере человек оказывается в полной изоляции,ее очень нелегко обнаружить даже тому кто знает ее существование в пещере человека казывается в полной изоляции
1822,"Султан Марокко перестроил город под названием Эд-Дар-эль-Бейда, а испанские торговцы, создавшие тут торговые базы, назвали его Касабланка.","Султан Марокка перестроил город под названием Эт-Дар Эльпейта, а из панский торговцы создавшие тут торговые базы, назвали его кассоблонка.",султан марокко перестроил город под названием эд дар эль бейда а испанские торговцы создавшие тут торговые базы назвали его касабланка,султан марокка перестроил город под названием эт дар эльпейта а из панский торговцы создавшие тут торговые базы назвали его кассоблонка
1864,"Г-жа Киршнер объявила о своём намерении баллотироваться на пост президента в Аргентинском театре, в том же месте, где она начала свою предвыборную кампанию в Сенат в 2005 году в качестве члена делегации провинции Буэнос-Айрес.","Госпожа Киршнер объявила своё вномерение и балотироваться на пост президента Воргентинском театре. В том же месте, ввенана Челасвью предвыборную компанию в Сенаде 2005 году в качестве члена делегации провинции Бояна Сайрес.",г жа киршнер объявила о своем намерении баллотироваться на пост президента в аргентинском театре в том же месте где она начала свою предвыборную кампанию в сенат в 2005 году в качестве члена делегации провинции буэнос айрес,госпожа киршнер объявила свое вномерение и балотироваться на пост президента воргентинском театре в том же месте ввенана челасвью предвыборную компанию в сенаде 2005 году в качестве члена делегации провинции бояна сайрес
1794,"Цивилизация — это отдельная культура, носителями которой является достаточно большая группа людей, живущих и работающих вместе, общество.","Цивилизация — это отдельная культура, носителями, которые являются достаточно большая группа людей, живущих работающих вместе. Общество.",цивилизация это отдельная культура носителями которой является достаточно большая группа людей живущих и работающих вместе общество,цивилизация это отдельная культура носителями которые являются достаточно большая группа людей живущих работающих вместе общество
1865,Круизы в Санкт-Петербург включают прогулки по городу. Пассажиры круизов освобождены от визовых требований (уточните условия).,Курей из-за в Санкт-Петербург включают прогулки по городу. По сожирок Рызов освобождены от визовых требований. Уточните условие.,круизы в санкт петербург включают прогулки по городу пассажиры круизов освобождены от визовых требований уточните условия,курей из за в санкт петербург включают прогулки по городу по сожирок рызов освобождены от визовых требований уточните условие
1836,"Людям с античных времен были известны основные химические элементы, такие как золото, серебро и медь, поскольку их все можно встретить в природе в чистом виде и относительно легко добывать с помощью примитивных орудий.","Людям с анчичных времен были известны остальные химические элементы. Такие к вызову, то есть я люблю иметь поскольку их все можно встретить природе в чистом виде. Это действительно легко. Добавайте с помощью примитивных рудей.",людям с античных времен были известны основные химические элементы такие как золото серебро и медь поскольку их все можно встретить в природе в чистом виде и относительно легко добывать с помощью примитивных орудий,людям с анчичных времен были известны остальные химические элементы такие к вызову то есть я люблю иметь поскольку их все можно встретить природе в чистом виде это действительно легко добавайте с помощью примитивных рудей
1840,"Подобные площадки, которые посетило большое количество людей, были организованы во многих других городах Италии и в остальном мире, в частности в Польше.","Подубные площадки, которые посетило большое количество людей. Были организованы во многих других городах и талей и в остальном мире. В частности, в Польше.",подобные площадки которые посетило большое количество людей были организованы во многих других городах италии и в остальном мире в частности в польше,подубные площадки которые посетило большое количество людей были организованы во многих других городах и талей и в остальном мире в частности в польше
1687,Сегрегация и рекомбинация с каждым поколением тасуют вариации между двумя пулами.,Сегрегация и рекоменация с каждым поколением тасует вариацией между двумя пулами.,сегрегация и рекомбинация с каждым поколением тасуют вариации между двумя пулами,сегрегация и рекоменация с каждым поколением тасует вариацией между двумя пулами
1714,"Спутник был доставлен в космос ракетой. Ученые используют телескопы в космосе, потому что атмосфера Земли в некоторой степени искажает наш свет и обзор.","Спутник был доставлен в космос ракеты. Ученые используют юлитскопы в космосе, потому что атмосфера Земли в некоторой степени и скажет наш свет и отзор.",спутник был доставлен в космос ракетой ученые используют телескопы в космосе потому что атмосфера земли в некоторой степени искажает наш свет и обзор,спутник был доставлен в космос ракеты ученые используют юлитскопы в космосе потому что атмосфера земли в некоторой степени и скажет наш свет и отзор
2003,"Чтобыу видеть самые живописные места Гонконга, следует покинуть остров и направиться на побережье полуострова Цзюлун, что находится напротив.","Чтобы увидеть самый же в описании местагонконга следует покинуть остров и направиться на побережье и полустровать всю лун, что находится на против.",чтобыу видеть самые живописные места гонконга следует покинуть остров и направиться на побережье полуострова цзюлун что находится напротив,чтобы увидеть самый же в описании местагонконга следует покинуть остров и направиться на побережье и полустровать всю лун что находится на против
1710,"На прошлой недели Министерство экономики, труда и промышленности объявило, что Apple  проинформировала его о 34 дополнительных случаях перегрева, которые компания назвала ""несерьёзными"".","На прошлой неделе министерства экономики труда и промышленности объявило, что Apple про информировала его от 34,5-летних случаях перегрева, которые компания называла несередлёзными.",на прошлой недели министерство экономики труда и промышленности объявило что apple проинформировала его о 34 дополнительных случаях перегрева которые компания назвала несерьезными,на прошлой неделе министерства экономики труда и промышленности объявило что apple про информировала его от 34 5 летних случаях перегрева которые компания называла несередлезными
1800,"Согласно плану мост полностью войдёт в эксплуатацию  в сентябре 2017 года, когда бразильские пункты таможенной проверки, как ожидается, будут завершены.","Согласно плану, мост полностью идет в эксплуатацию сентября 2016 года. Когда образился пункт и там можно и проверки как ожидается, будут завершены.",согласно плану мост полностью войдет в эксплуатацию в сентябре 2017 года когда бразильские пункты таможенной проверки как ожидается будут завершены,согласно плану мост полностью идет в эксплуатацию сентября 2016 года когда образился пункт и там можно и проверки как ожидается будут завершены
1778,"В репортажах по телевидению сообщается  о белом дыме, идущем от завода.",В репортажах по телевизню сообщается обелым дыне и тучим от завода.,в репортажах по телевидению сообщается о белом дыме идущем от завода,в репортажах по телевизню сообщается обелым дыне и тучим от завода
1794,"Цивилизация — это отдельная культура, носителями которой является достаточно большая группа людей, живущих и работающих вместе, общество.","Цивилизация — это отдельная культура. На сикле мы, которая является бы достаточно большая группа людей, живущих и работающих вместе. Общиску.",цивилизация это отдельная культура носителями которой является достаточно большая группа людей живущих и работающих вместе общество,цивилизация это отдельная культура на сикле мы которая является бы достаточно большая группа людей живущих и работающих вместе общиску
1866,"Во-первых, большинство наездников носят сапоги для верховой езды с каблуком, имеющие гладкую и довольно тонкую подошву.","Во-первых, большинство наъездников, носятся поги для верховую езду из каблуком, имеющие галатку и довольно тонкую подушку.",во первых большинство наездников носят сапоги для верховой езды с каблуком имеющие гладкую и довольно тонкую подошву,во первых большинство наъездников носятся поги для верховую езду из каблуком имеющие галатку и довольно тонкую подушку
1721,"После строительства плотины в 1963 году сезонные паводки, распространявшие по реке отложения, прекратились.",После стрейдей стоплотины в 1963 году сезонные паватки распространявшие парики отложения прикортились.,после строительства плотины в 1963 году сезонные паводки распространявшие по реке отложения прекратились,после стрейдей стоплотины в 1963 году сезонные паватки распространявшие парики отложения прикортились
1687,Сегрегация и рекомбинация с каждым поколением тасуют вариации между двумя пулами.,"Сыгрегация рекомпинация с каждым поколением, то сутворяться и между двумя пулами.",сегрегация и рекомбинация с каждым поколением тасуют вариации между двумя пулами,сыгрегация рекомпинация с каждым поколением то сутворяться и между двумя пулами
1953,В последствие он был перемещён в госпиталь Адденбрук в Кембридже.,В последствии он был перемещен в госпиталь один брок в Кембринже.,в последствие он был перемещен в госпиталь адденбрук в кембридже,в последствии он был перемещен в госпиталь один брок в кембринже
1748,В результате бригады пожарных потушили пожар к 23:35.,"В результате, бригады пожарных потушили пожар к 23-35.",в результате бригады пожарных потушили пожар к 23 35,в результате бригады пожарных потушили пожар к 23 35
1762,"Переносчиками являются свиньи, от которых через комаров болезнь затем передаётся человеку.","Перенучеками являются свинь, от которых через комаров болезнят, за тем передаются человеку.",переносчиками являются свиньи от которых через комаров болезнь затем передается человеку,перенучеками являются свинь от которых через комаров болезнят за тем передаются человеку
1770,"Это кажется разумной идеей, потому что мы не чувствуем, что Земля движется, не так ли?","Это кажется разумный идея, потому что мы не чувствуем, что земля движется не так ли.",это кажется разумной идеей потому что мы не чувствуем что земля движется не так ли,это кажется разумный идея потому что мы не чувствуем что земля движется не так ли
1966,"Комиссия стала ответом Мартелли на массовые протесты против государственного режима, начавшиеся в октябре.","Комиссия стала ответом Марта Илина массовый протесту просягу Садарственного режима, начавшейся в аксювре.",комиссия стала ответом мартелли на массовые протесты против государственного режима начавшиеся в октябре,комиссия стала ответом марта илина массовый протесту просягу садарственного режима начавшейся в аксювре
1677,"Стрекозы и поденки являются единственными насекомыми, которые не могут складывать крылья назад.","Стрекозы и паденки являются единственными на секомами, которые не могут складывать крылья назад.",стрекозы и поденки являются единственными насекомыми которые не могут складывать крылья назад,стрекозы и паденки являются единственными на секомами которые не могут складывать крылья назад
1676,"Как и во всех южноафриканских национальных парках, в этом парке существует ежедневная плата за его охрану и посещение.","Как и во всех и жена-фриканских национальных парках, в этом парке существует и жидемная плата за его охрану и посещение.",как и во всех южноафриканских национальных парках в этом парке существует ежедневная плата за его охрану и посещение,как и во всех и жена фриканских национальных парках в этом парке существует и жидемная плата за его охрану и посещение
1736,Роландо Мендоса выстреливал из своей винтовки М16 в туристов.,Роландомин Доса быстрееливал из своей винтовки М16 в туристов.,роландо мендоса выстреливал из своей винтовки м16 в туристов,роландомин доса быстрееливал из своей винтовки м16 в туристов
1933,"И наконец, многие маленькие кошки (включая гуляющих домашних кошек), едят и охотятся на намного более многочисленных мелких животных, наподобие насекомых, грызунов, ящериц и птиц.","И на конец многие маленькие кошки включая гуляющих домашний кошек. Идят и охотится на намного более много численных мелких животных. На подобие на секомах, грузинов, ящелец и птиц.",и наконец многие маленькие кошки включая гуляющих домашних кошек едят и охотятся на намного более многочисленных мелких животных наподобие насекомых грызунов ящериц и птиц,и на конец многие маленькие кошки включая гуляющих домашний кошек идят и охотится на намного более много численных мелких животных на подобие на секомах грузинов ящелец и птиц
1924,"Четыре лыжницы в женской сидячей группе не смогли завершить свои заезды, и 45 из 117 лыжниц в гигантском слаломе не сумели занять места в гонке.",4 лыжницы в женской сидячей группе не смогли завершить свои заезды и 45 из 17 лыжницы в гигантском слалами не сумели занять места в гонке,четыре лыжницы в женской сидячей группе не смогли завершить свои заезды и 45 из 117 лыжниц в гигантском слаломе не сумели занять места в гонке,4 лыжницы в женской сидячей группе не смогли завершить свои заезды и 45 из 17 лыжницы в гигантском слалами не сумели занять места в гонке
1684,Апиа – столица Самоа. Город расположен на острове Уполу и имеет население чуть менее 40 000 жителей.,Опя столица самого города расположен на острове уполом и имеет население чуть менее 40 тысяч в пожителей.,апиа столица самоа город расположен на острове уполу и имеет население чуть менее 40 000 жителей,опя столица самого города расположен на острове уполом и имеет население чуть менее 40 тысяч в пожителей
2008,"Прочие вопросы в повестке дня на Бали включают в себя сохранение оставшихся в мире лесов и обмен технологиями, чтобы способствовать росту развивающихся стран с меньшими загрязняющими последствиями.","Впрочи вопросы в повестке дня на боли включают себя сохранение оставшихся в мире лесов и обмен технологиями, чтобы способствовать рост развивающихся стран с меньшими цикресняющими последствиями.",прочие вопросы в повестке дня на бали включают в себя сохранение оставшихся в мире лесов и обмен технологиями чтобы способствовать росту развивающихся стран с меньшими загрязняющими последствиями,впрочи вопросы в повестке дня на боли включают себя сохранение оставшихся в мире лесов и обмен технологиями чтобы способствовать рост развивающихся стран с меньшими цикресняющими последствиями
1807,"Итальянский язык также является повседневным языком для большинства людей, работающих в государстве, в то время как латынь зачастую используется в религиозных церемониях.","Итальянский язык также является по-вседневным языкам для большинства людей, в работающую в государстве. В то время как латын зачастую используется в религиях разных царемониях.",итальянский язык также является повседневным языком для большинства людей работающих в государстве в то время как латынь зачастую используется в религиозных церемониях,итальянский язык также является по вседневным языкам для большинства людей в работающую в государстве в то время как латын зачастую используется в религиях разных царемониях
1844,Поверхность Луны состоит из камней и пыли. Внешний слой Луны называется корой.,Поверхность с луны состоит из ко мне и пыли. В нежней слои луны называются корой.,поверхность луны состоит из камней и пыли внешний слой луны называется корой,поверхность с луны состоит из ко мне и пыли в нежней слои луны называются корой
1834,Севернее посетите также великий Храм Фатимской Богоматери (усыпальница) — место всемирно известных явлений Девы Марии.,"Все вернее по сути, так же великий храм в отимской богоматере, у запальница. Место всемирной известных явлений Девы Марии.",севернее посетите также великий храм фатимской богоматери усыпальница место всемирно известных явлений девы марии,все вернее по сути так же великий храм в отимской богоматере у запальница место всемирной известных явлений девы марии
1721,"После строительства плотины в 1963 году сезонные паводки, распространявшие по реке отложения, прекратились.",После строительства плотины в 1963 году сезонные павотки распространявшие перекетложения прекратились.,после строительства плотины в 1963 году сезонные паводки распространявшие по реке отложения прекратились,после строительства плотины в 1963 году сезонные павотки распространявшие перекетложения прекратились
1833,"Философ Аристотель считал, что всё состоит из смеси одного или нескольких из четырёх элементов. Это были земля, вода, воздух и огонь.","Филосов арестути считал, что все состоит из смесь и одного или несколько из четырех элементов. Это были земля, вода, воздух и огонь.",философ аристотель считал что все состоит из смеси одного или нескольких из четырех элементов это были земля вода воздух и огонь,филосов арестути считал что все состоит из смесь и одного или несколько из четырех элементов это были земля вода воздух и огонь
1770,"Это кажется разумной идеей, потому что мы не чувствуем, что Земля движется, не так ли?","Это кажется разумная идея, потому что мы не чувствуем, что земля движется не так ли.",это кажется разумной идеей потому что мы не чувствуем что земля движется не так ли,это кажется разумная идея потому что мы не чувствуем что земля движется не так ли
1666,"Возможно, вам также следует проконсультироваться с другими правительствами, помимо своего, но их рекомендации направлены на своих граждан.","Возможно вам также следует про консультироваться с другими правительствами. Поднимо своего, но их рекомендация направлены на свои граждан.",возможно вам также следует проконсультироваться с другими правительствами помимо своего но их рекомендации направлены на своих граждан,возможно вам также следует про консультироваться с другими правительствами поднимо своего но их рекомендация направлены на свои граждан
1875,"Целые 20 процентов воды, поступаемой из рек нашей планеты в океаны, текут из Амазонки.",Целые 20% воды поступаем из диреку. Наши планеты в океаны текут из омозонки.,целые 20 процентов воды поступаемой из рек нашей планеты в океаны текут из амазонки,целые 20 воды поступаем из диреку наши планеты в океаны текут из омозонки
1738,"Он также атаковал все, что входило в воду; даже гигантский динозавр, такой как тиранозавр, не сравнился бы с ним.","Он так же отоковал все, что входило в воду даже гигантский динозавр, такой как тиранозавр не сравнился бы с ним.",он также атаковал все что входило в воду даже гигантский динозавр такой как тиранозавр не сравнился бы с ним,он так же отоковал все что входило в воду даже гигантский динозавр такой как тиранозавр не сравнился бы с ним
1797,Каждый является членом общества и использует транспортные системы. Практически каждый жалуется на эти систем.,Каждый является членом общества использует транспортные системы практически каждый жаловится на эти системы.,каждый является членом общества и использует транспортные системы практически каждый жалуется на эти систем,каждый является членом общества использует транспортные системы практически каждый жаловится на эти системы
1782,"Кроме того между правлениями каждой династии царила раздробленность и нестабильность. Самой известной была эпоха Троецарствия, которая длилась 60 лет во время династий Хань и Цзинь.","Кроме того, между правлениями каждой династии царила раздробляность и не стабильность. Самое известное было эпоха троит сарствия, которое для 6-10 лет. Во время династии Хань и Дзин.",кроме того между правлениями каждой династии царила раздробленность и нестабильность самой известной была эпоха троецарствия которая длилась 60 лет во время династий хань и цзинь,кроме того между правлениями каждой династии царила раздробляность и не стабильность самое известное было эпоха троит сарствия которое для 6 10 лет во время династии хань и дзин
1902,Первоначально он был госпитализирован в госпитале Джеймса Педжета в Грейт-Ярмуте.,Первая начальна он был госпитализирован в госпитале James Apagreta в Грейт и Армуте.,первоначально он был госпитализирован в госпитале джеймса педжета в грейт ярмуте,первая начальна он был госпитализирован в госпитале james apagreta в грейт и армуте
1771,"Помните, что даже если музыка на главных сценах, может уже закончится, на фестивале могут быть участки, на которых будут продолжать играть музыку до поздней ночи.","Помните, что даже если музыка на главных сценах может уже закончиться, на фестивале могут быть участки, на которых будут продолжать играть музыку до поздней ночи.",помните что даже если музыка на главных сценах может уже закончится на фестивале могут быть участки на которых будут продолжать играть музыку до поздней ночи,помните что даже если музыка на главных сценах может уже закончиться на фестивале могут быть участки на которых будут продолжать играть музыку до поздней ночи
1709,В докладе содержится резкая критика почти каждого аспекта нынешней политики исполнительной власти в отношении Ирака и настоятельный призыв к незамедлительной смене курса.,"В докладе содержится резкая критика почти каждого аспекта нанишней политики, исполнительной власти в отношении рака и настоящие ли призыв к не замедлительной смейникурса.",в докладе содержится резкая критика почти каждого аспекта нынешней политики исполнительной власти в отношении ирака и настоятельный призыв к незамедлительной смене курса,в докладе содержится резкая критика почти каждого аспекта нанишней политики исполнительной власти в отношении рака и настоящие ли призыв к не замедлительной смейникурса
1777,"Оттава — это прелестная двуязычная столица Канады с огромным количеством художественных галерей и музеев, открывающих прошлое и настоящее Канады.",Оттого это прилестная двоязычная столица канады с огромным количеством художественной калерей и музеев открывающих прошлое и настоящие канады.,оттава это прелестная двуязычная столица канады с огромным количеством художественных галерей и музеев открывающих прошлое и настоящее канады,оттого это прилестная двоязычная столица канады с огромным количеством художественной калерей и музеев открывающих прошлое и настоящие канады
1950,"Сравнительно не далеко, к северу, расположен романтический и очаровательный городок Синтра, воспетый лордом Байроном и получивший после этого известность во всём мире.","Сорвительный недалеко к северу расположен романтический и очаровательный городок синтра, поспетый лордом Байраном и получивший после этого известность во всем мире.",сравнительно не далеко к северу расположен романтический и очаровательный городок синтра воспетый лордом байроном и получивший после этого известность во всем мире,сорвительный недалеко к северу расположен романтический и очаровательный городок синтра поспетый лордом байраном и получивший после этого известность во всем мире
1834,Севернее посетите также великий Храм Фатимской Богоматери (усыпальница) — место всемирно известных явлений Девы Марии.,"Северное посетите также великий храм в отимской богоматере, у Супальница. Место всемирные известные их явления Девомории.",севернее посетите также великий храм фатимской богоматери усыпальница место всемирно известных явлений девы марии,северное посетите также великий храм в отимской богоматере у супальница место всемирные известные их явления девомории
1697,"Он не смог принять препараты, необходимые для облегчения боли, так как они запрещены в Играх.","Он не смог принять препараты необходимы для облегчения более, так как они запрещены в играх.",он не смог принять препараты необходимые для облегчения боли так как они запрещены в играх,он не смог принять препараты необходимы для облегчения более так как они запрещены в играх
1737,"Львы — самые социальные кошки, живущие в больших группах, которые называются прайдами.","Львы самый социальный кошки живущий в больших группах, которые называются прайдами.",львы самые социальные кошки живущие в больших группах которые называются прайдами,львы самый социальный кошки живущий в больших группах которые называются прайдами
1798,"В начальный период своего существования это шоу транслировалось только на сайте давно существующего онлайн-радио TogiNet Radio, посвященного радиобеседам.","В начальной период своего существования, это шоу транслировалось только на сайте давно. Твыщего онлайн радио-тоги нет радио посвященного радио беседом.",в начальный период своего существования это шоу транслировалось только на сайте давно существующего онлайн радио toginet radio посвященного радиобеседам,в начальной период своего существования это шоу транслировалось только на сайте давно твыщего онлайн радио тоги нет радио посвященного радио беседом
1948,"Эпоха Троецарствия была одним из самых кровавых периодов в истории древнего Китая. Тысячи людей погибли, сражаясь за место на троне в большом дворце в Сиане.","А походрается, в стве была одним из самых кровавых переводов в истории древнего китае. Тысячи людей погибли сражая заместо натронии в большом дворце в сиане.",эпоха троецарствия была одним из самых кровавых периодов в истории древнего китая тысячи людей погибли сражаясь за место на троне в большом дворце в сиане,а походрается в стве была одним из самых кровавых переводов в истории древнего китае тысячи людей погибли сражая заместо натронии в большом дворце в сиане
1743,"Большинство воззрений на технологический детерминизм разделяют две общие идеи: что направление развития технологий практически неподвластно культурному или политическому влиянию и что, в свою очередь, ""воздействие"" технологий на общество обусловлено их собственными свойствами, а не обществом.","Большинство возрений на технологический дитерминизм разве две общие идеи, что направление развития технологии практически не подгласно культурному или политическому влиянию, что в свою очередь воздействие технологии на общество, або словами их собственными свойствами, а не лопестом.",большинство воззрений на технологический детерминизм разделяют две общие идеи что направление развития технологий практически неподвластно культурному или политическому влиянию и что в свою очередь воздействие технологий на общество обусловлено их собственными свойствами а не обществом,большинство возрений на технологический дитерминизм разве две общие идеи что направление развития технологии практически не подгласно культурному или политическому влиянию что в свою очередь воздействие технологии на общество або словами их собственными свойствами а не лопестом
1973,"Но, оказавшись в ""глубоких тропиках"" лишь в нескольких градусах к северу от экватора, вам придется справляться как с жарой (постоянно), так и с сильным солнцем (при безоблачном небе, реже).","Но оказавшись глубоких тропиков, лишь несколько градусов к северой текватера, вам придется справляться как с жарой, постоянно, так и сильным солнцем, приблизывочным небе реже.",но оказавшись в глубоких тропиках лишь в нескольких градусах к северу от экватора вам придется справляться как с жарой постоянно так и с сильным солнцем при безоблачном небе реже,но оказавшись глубоких тропиков лишь несколько градусов к северой текватера вам придется справляться как с жарой постоянно так и сильным солнцем приблизывочным небе реже
1672,Не подвергайте ткань воздействию слишком высокой температуры (что может привести к усадке или в очень редких случаях к ожогу).,"Не подвергайте ткань воздействию слишком высокотембратурой, что может привести к усадки или очень редкий случай кажугу.",не подвергайте ткань воздействию слишком высокой температуры что может привести к усадке или в очень редких случаях к ожогу,не подвергайте ткань воздействию слишком высокотембратурой что может привести к усадки или очень редкий случай кажугу
1856,"Финляндия — отличное место для лодочного туризма. В ""стране тысячи озёр"" также есть тысячи островов на озёрах и в прибрежных архипелагах.","Финляндия – отличная место для лодочного туризма. Странят тысяча зер, также есть тысяча островов на зерах и в прибрежных архипилагах.",финляндия отличное место для лодочного туризма в стране тысячи озер также есть тысячи островов на озерах и в прибрежных архипелагах,финляндия отличная место для лодочного туризма странят тысяча зер также есть тысяча островов на зерах и в прибрежных архипилагах
1705,"15 августа 1940 года союзники вторглись в южную часть Франции. Вторжение получило название ""Операция ""Драгун"""".",15 августа 1940 года союзники вторблис в Южную часть Франции. Вторжение получила название операции от дрогун.,15 августа 1940 года союзники вторглись в южную часть франции вторжение получило название операция драгун,15 августа 1940 года союзники вторблис в южную часть франции вторжение получила название операции от дрогун
1772,"Таким образом, вполне вероятно, что запись была добавлена просто как пометка.",В полнивере я отношту запись было добавлено просто как пометка.,таким образом вполне вероятно что запись была добавлена просто как пометка,в полнивере я отношту запись было добавлено просто как пометка
1841,Не видно ничего кроме чистого прекрасного неба над головой и множества окружающих гор. Из глубины пещеры можно видеть и слышать лишь очень малую часть этого мира.,"Не видно ничего, кроме чистого прекрасного неба над головой, и множество окружающих гор. Из глубины пещера можно видеть и слышать лишь очень малую часть этого мира.",не видно ничего кроме чистого прекрасного неба над головой и множества окружающих гор из глубины пещеры можно видеть и слышать лишь очень малую часть этого мира,не видно ничего кроме чистого прекрасного неба над головой и множество окружающих гор из глубины пещера можно видеть и слышать лишь очень малую часть этого мира
1781,"Мадагаскар намного больше других и  является самобытным континентом в том, что касается дикой природы.","Матогаскара намного больше других и является самобытным континетом, в том, что касается дикой природы.",мадагаскар намного больше других и является самобытным континентом в том что касается дикой природы,матогаскара намного больше других и является самобытным континетом в том что касается дикой природы
1895,"По мере того как знание греческого языка ухудшалось, Запад оказался отрезанным от своих философских и научных греческих корней.","По мере того, как знания греческого языка ухуршалась, запад оказался отрезанным от своих филосовских и научных греческих корней.",по мере того как знание греческого языка ухудшалось запад оказался отрезанным от своих философских и научных греческих корней,по мере того как знания греческого языка ухуршалась запад оказался отрезанным от своих филосовских и научных греческих корней
1906,"""Это не станет прощанием. Это закрытие одной главы и открытие новой.""",Это не станет прощанием. Это закрытие одной главы и открытие новый.,это не станет прощанием это закрытие одной главы и открытие новой,это не станет прощанием это закрытие одной главы и открытие новый
1854,Сам автомобиль убрали с места происшествия в тот же день примерно в 12:00 по Гринвичу.,Сам автомобиль убрали сместо происшествия в тот же день примерно в 12 часов по гренечу.,сам автомобиль убрали с места происшествия в тот же день примерно в 12 00 по гринвичу,сам автомобиль убрали сместо происшествия в тот же день примерно в 12 часов по гренечу
1782,"Кроме того между правлениями каждой династии царила раздробленность и нестабильность. Самой известной была эпоха Троецарствия, которая длилась 60 лет во время династий Хань и Цзинь.","Кроме того, между правлениями каждой династии царила раздробляность и не стабильность. Самое известное была эпоха троитсарствие, которое длилась 60 лет. Во время династихань и дзынь.",кроме того между правлениями каждой династии царила раздробленность и нестабильность самой известной была эпоха троецарствия которая длилась 60 лет во время династий хань и цзинь,кроме того между правлениями каждой династии царила раздробляность и не стабильность самое известное была эпоха троитсарствие которое длилась 60 лет во время династихань и дзынь
1677,"Стрекозы и поденки являются единственными насекомыми, которые не могут складывать крылья назад.","Столько из и подденки являются единственными секомами, которые не могут складывать крылья назад.",стрекозы и поденки являются единственными насекомыми которые не могут складывать крылья назад,столько из и подденки являются единственными секомами которые не могут складывать крылья назад
1777,"Оттава — это прелестная двуязычная столица Канады с огромным количеством художественных галерей и музеев, открывающих прошлое и настоящее Канады.",Оттава – это прилестная двоязычная столица-канада с огромным количеством художественной галерей и музеев. Открывающее прошлое и настоящая канада.,оттава это прелестная двуязычная столица канады с огромным количеством художественных галерей и музеев открывающих прошлое и настоящее канады,оттава это прилестная двоязычная столица канада с огромным количеством художественной галерей и музеев открывающее прошлое и настоящая канада
1742,"Территория Гонконга была названа в честь острова Гонконг, места, которое многие туристы считают главным объектом  своего внимания.","Тереторе Аганконга была названа в честь острова Ганконг, место, которая многитуристы считают главным объектом своего внимания.",территория гонконга была названа в честь острова гонконг места которое многие туристы считают главным объектом своего внимания,тереторе аганконга была названа в честь острова ганконг место которая многитуристы считают главным объектом своего внимания
1788,Федерация гимнастики США поддерживает письмо Олимпийского комитета США и соглашается с абсолютной необходимостью создания безопасной среды для всех наших спортсменов.,Федерация гимнастики США поддерживает письмо олим писька в комитетах США и соглашается с абсолютно необходимостью создания безопасности редей для всех наших спортменов.,федерация гимнастики сша поддерживает письмо олимпийского комитета сша и соглашается с абсолютной необходимостью создания безопасной среды для всех наших спортсменов,федерация гимнастики сша поддерживает письмо олим писька в комитетах сша и соглашается с абсолютно необходимостью создания безопасности редей для всех наших спортменов
1941,Эти пары могут выбрать  создание плана усыновления для своего ребёнка.,Эти пары могут выбрать создание плана усыновления для своего ребенка.,эти пары могут выбрать создание плана усыновления для своего ребенка,эти пары могут выбрать создание плана усыновления для своего ребенка
1666,"Возможно, вам также следует проконсультироваться с другими правительствами, помимо своего, но их рекомендации направлены на своих граждан.","Возможно, вам также следует проконсультироваться с другими. Провительствуем, помимо своего, но их рекомендации направлены на свои граждан.",возможно вам также следует проконсультироваться с другими правительствами помимо своего но их рекомендации направлены на своих граждан,возможно вам также следует проконсультироваться с другими провительствуем помимо своего но их рекомендации направлены на свои граждан
1688,"Работа моряков традиционно заключается в том, чтобы обеспечивать способность страны перемещать свои народ и товары, а также одновременно препятствовать возможности врага перемещать свои народ и товары.","Работом о реках страдиционно заключается в том, чтобы обеспечивать способность страны, примечать свои народ и товар, а также, на времена, препятствовать возможность Европе, примечать свои народы товар.",работа моряков традиционно заключается в том чтобы обеспечивать способность страны перемещать свои народ и товары а также одновременно препятствовать возможности врага перемещать свои народ и товары,работом о реках страдиционно заключается в том чтобы обеспечивать способность страны примечать свои народ и товар а также на времена препятствовать возможность европе примечать свои народы товар
1944,"Это иногда переполненные народом семейные пляжи с хорошим выбором магазинов, расположенных вдоль берега. Плавать безопасно.",Это иногда переполнен народом семейные пляжи с хорошим выбором магазинов в расположенных вдоль берег плавать безопасно.,это иногда переполненные народом семейные пляжи с хорошим выбором магазинов расположенных вдоль берега плавать безопасно,это иногда переполнен народом семейные пляжи с хорошим выбором магазинов в расположенных вдоль берег плавать безопасно
1814,"Ионы водорода — это протоны, от которых отделены электроны (атомы водорода состоят из одного протона и одного электрона).","И он в водорода – это протоны, от которых отделены электроны. А там и водорода состоят из одного протона и одного электрона.",ионы водорода это протоны от которых отделены электроны атомы водорода состоят из одного протона и одного электрона,и он в водорода это протоны от которых отделены электроны а там и водорода состоят из одного протона и одного электрона
1685,"Например, самый распространённый в мире формат для статических фотографий — 35 мм, и именно этот размер был доминирующим размером плёнки на закате аналоговой эры.",На примере самый распространенный в мире формата для статических фотографий 35 мм. И именно этот размер был доминирующим размером пленки на закате аналоговой Р.,например самый распространенный в мире формат для статических фотографий 35 мм и именно этот размер был доминирующим размером пленки на закате аналоговой эры,на примере самый распространенный в мире формата для статических фотографий 35 мм и именно этот размер был доминирующим размером пленки на закате аналоговой р
1813,"Официальными языками Барселоны являются каталанский и испанский. Примерно половина населения предпочитает разговаривать на каталанском, большинство понимают его, и практически все знают испанский.","официальным языком бросил он и является католанский из пански, примерно половина населения, предпочитает разговаривать на католанском, большинство понимает его и практически все знают из пански.",официальными языками барселоны являются каталанский и испанский примерно половина населения предпочитает разговаривать на каталанском большинство понимают его и практически все знают испанский,официальным языком бросил он и является католанский из пански примерно половина населения предпочитает разговаривать на католанском большинство понимает его и практически все знают из пански
1978,"Для ""Спрингбокс"" это прервало пятиматчевую серию поражений.",Для спринг бокс это прервало 5 мочего серию поражений.,для спрингбокс это прервало пятиматчевую серию поражений,для спринг бокс это прервало 5 мочего серию поражений
1824,"Плато Гиза, или же Некрополь Гизы, в египетской Долине Мёртвых, включает несколько пирамид (из которых Великая пирамида Гизы — самая большая), несколько небольших гробниц, несколько храмов и Большой сфинкс.","Плотогиза или женикрополь гизы в египетской долине мёртых включает несколько пирамид из которых великой пирамидогизы самая большая. В несколько небольшие гробниц, несколько храмов и большой сфингс.",плато гиза или же некрополь гизы в египетской долине мертвых включает несколько пирамид из которых великая пирамида гизы самая большая несколько небольших гробниц несколько храмов и большой сфинкс,плотогиза или женикрополь гизы в египетской долине мертых включает несколько пирамид из которых великой пирамидогизы самая большая в несколько небольшие гробниц несколько храмов и большой сфингс
1662,"Сплавы по существу представляют собой смесь двух или более металлов. Не забывайте, что в периодической таблице много элементов.","С плавы по существу представляются бы с месяц двух или более металлов. Не забывайте, что в периодически это близо много летов.",сплавы по существу представляют собой смесь двух или более металлов не забывайте что в периодической таблице много элементов,с плавы по существу представляются бы с месяц двух или более металлов не забывайте что в периодически это близо много летов
1879,"Можно только гадать, что станет с клавиатурой, с появлением более новых технологий.","Можно только гадать, что станет склавиатуры с появлением более новых технологий.",можно только гадать что станет с клавиатурой с появлением более новых технологий,можно только гадать что станет склавиатуры с появлением более новых технологий
1885,Между 10:00 и 11:00 вечера по горному времени заключенные устроили пожар во дворе.,Между 10 и 11 вечера по горному времени заключённую строле пожар в дворе.,между 10 00 и 11 00 вечера по горному времени заключенные устроили пожар во дворе,между 10 и 11 вечера по горному времени заключенную строле пожар в дворе
1829,"Путешественники, направляющиеся в страны с высоким налогообложением, могут иногда сэкономить значительную сумму, особенно на таких товарах, как спиртные напитки и табак.","Путешественники направляющиеся в страны с высоким налога обложениям могут иногда сэкономить значительную сумму, особенно на таких товарах, как спиртные напитки и табак.",путешественники направляющиеся в страны с высоким налогообложением могут иногда сэкономить значительную сумму особенно на таких товарах как спиртные напитки и табак,путешественники направляющиеся в страны с высоким налога обложениям могут иногда сэкономить значительную сумму особенно на таких товарах как спиртные напитки и табак
1905,"Столицей Молдовы является Кишинёв. Местный язык — румынский, но русский также широко распространён.","Столицы молодого является кишинеев, местный язык руминский, но русский также широко распространен.",столицей молдовы является кишинев местный язык румынский но русский также широко распространен,столицы молодого является кишинеев местный язык руминский но русский также широко распространен
1855,"Львиные прайды ведут себя очень похоже со стаями волков или собак — животных, которые по повадкам удивительно похожи на львов (но не других крупных кошек) и тоже очень опасны для своих жертв.","Ливинные прайдеры ведут себя очень похожи со стайми волков или собак, животных, которые по поваткам удивительно похожи на левов, но и не других крупных кошек, и тоже очень опасный для своих жертв.",львиные прайды ведут себя очень похоже со стаями волков или собак животных которые по повадкам удивительно похожи на львов но не других крупных кошек и тоже очень опасны для своих жертв,ливинные прайдеры ведут себя очень похожи со стайми волков или собак животных которые по поваткам удивительно похожи на левов но и не других крупных кошек и тоже очень опасный для своих жертв
1708,"Хьюн ушел в отставку, и в Кабинете министров его заменит член парламента Эд Дейви. Ожидается, что член парламента Норман Ламб займет принадлежащий Дейви пост Министра по делам бизнеса.","Хьюну шел в оставку и в кабинете министров его заменечки Анпорламента это David. А ожидается, что Членпорламента нормного ламба займет принадлежащий дайви пост министр по делам бизнеса.",хьюн ушел в отставку и в кабинете министров его заменит член парламента эд дейви ожидается что член парламента норман ламб займет принадлежащий дейви пост министра по делам бизнеса,хьюну шел в оставку и в кабинете министров его заменечки анпорламента это david а ожидается что членпорламента нормного ламба займет принадлежащий дайви пост министр по делам бизнеса
1899,"Мухаммед очень интересовался темами, не связанными с мирской жизнью. Он часто посещал пещеру, которая стала известна как ""Хира"" на горе ""Нур"" (свет) для размышлений.","Мухамят очень интересовался темами, несвязанными смирской жизнью. Он часто посещал пещер who racedалой известна как хира на горенную свет для размышлений.",мухаммед очень интересовался темами не связанными с мирской жизнью он часто посещал пещеру которая стала известна как хира на горе нур свет для размышлений,мухамят очень интересовался темами несвязанными смирской жизнью он часто посещал пещер who racedалой известна как хира на горенную свет для размышлений
1863,"Сердцем тибетской медитации считается Йога Божеств. Посредством визуализации разнообразных божеств чистятся энергетические каналы, запускаются чакры и достигается просветлённость сознания.","Серзам тебецкая медитация считается, ее габа жест. Посредственного визуализация разнообразных пожест, чистец энергетических каналы запускаются чакры и достигается просветленность сознания.",сердцем тибетской медитации считается йога божеств посредством визуализации разнообразных божеств чистятся энергетические каналы запускаются чакры и достигается просветленность сознания,серзам тебецкая медитация считается ее габа жест посредственного визуализация разнообразных пожест чистец энергетических каналы запускаются чакры и достигается просветленность сознания
1876,"Управление по чрезвычайным ситуациям Северных Марианских островов заявило, что в стране не было сообщений о причинённом ущербе.","Управление почте звучальным ситуациям северных морянских островов за ибило, что в стране не было сообщение о причине на мущербе.",управление по чрезвычайным ситуациям северных марианских островов заявило что в стране не было сообщений о причиненном ущербе,управление почте звучальным ситуациям северных морянских островов за ибило что в стране не было сообщение о причине на мущербе
1959,"Всё же следуйте рекомендациям органов власти, подчиняйтесь всем знакам и обратите пристальное внимание на предупреждения о безопасности.","Все же следуйте рекомендация Марганов власти, починиайтесь с энзнаком и обратите пристальное внимание на предупреждение обезопасности.",все же следуйте рекомендациям органов власти подчиняйтесь всем знакам и обратите пристальное внимание на предупреждения о безопасности,все же следуйте рекомендация марганов власти починиайтесь с энзнаком и обратите пристальное внимание на предупреждение обезопасности
1848,"Вчера утром возле главного полицейского управления Газиантепа (Турция) был подорван автомобиль, в результате чего погибли 2 полицейских и еще более 20 человек получили ранения.",Вчера утром возле главного полицейского управления газиан Тепа Турции был подорован автомобиль в результате чего погибли два полицейских и еще более 20 человек получили ранение.,вчера утром возле главного полицейского управления газиантепа турция был подорван автомобиль в результате чего погибли 2 полицейских и еще более 20 человек получили ранения,вчера утром возле главного полицейского управления газиан тепа турции был подорован автомобиль в результате чего погибли два полицейских и еще более 20 человек получили ранение
1949,"Термин ""жук"" используется энтомологами формально для обозначения группы насекомых.",термин жук используется. Энтомологами формально для обозначения группы на ськомах.,термин жук используется энтомологами формально для обозначения группы насекомых,термин жук используется энтомологами формально для обозначения группы на ськомах
1677,"Стрекозы и поденки являются единственными насекомыми, которые не могут складывать крылья назад.","Стрекозы и поденки являются единственными на секомами, которые не могут складывать крылья назад.",стрекозы и поденки являются единственными насекомыми которые не могут складывать крылья назад,стрекозы и поденки являются единственными на секомами которые не могут складывать крылья назад
1872,"Во время борьбы за независимость, организованной движением Мау, мирное собрание в городе привело к убийству верховного вождя Тупуа Тамсесе Леалофи III.","Вовремя борьбы за независимость организованной движения Мау. Мирная собрания в городе привилок убийства уверховного вождя, тупо там все селялов и третьего.",во время борьбы за независимость организованной движением мау мирное собрание в городе привело к убийству верховного вождя тупуа тамсесе леалофи iii,вовремя борьбы за независимость организованной движения мау мирная собрания в городе привилок убийства уверховного вождя тупо там все селялов и третьего
1842,"Так как у перьев динозавров отсутствует хорошо развитый стержень, называемый рахисом, но все же имеются другие отличительные черты — бородки и бородочки — исследователи пришли к выводу, что рахис, скорее всего, появился позднее путем эволюционного развития других отличительных черт.","Так как у переведенезаров отсутствует хорошо развитая стержень, называемый, рахи сам, но все же имеются другие отличительные черты, бородки и бородочки. Если вы дает ли пришли к выводу, что рахи скорее всего появился, поезне путем эволюционного развития других отличительных черт.",так как у перьев динозавров отсутствует хорошо развитый стержень называемый рахисом но все же имеются другие отличительные черты бородки и бородочки исследователи пришли к выводу что рахис скорее всего появился позднее путем эволюционного развития других отличительных черт,так как у переведенезаров отсутствует хорошо развитая стержень называемый рахи сам но все же имеются другие отличительные черты бородки и бородочки если вы дает ли пришли к выводу что рахи скорее всего появился поезне путем эволюционного развития других отличительных черт
1998,"У них лапы с чешуёй и когтями, они откладывают яйца и ходят на двух задних лапах как Ти-Рекс.",У них лапы с чушью и как тями. Они откладывают яйца и ходят на двух за них лапах как тирекс.,у них лапы с чешуей и когтями они откладывают яйца и ходят на двух задних лапах как ти рекс,у них лапы с чушью и как тями они откладывают яйца и ходят на двух за них лапах как тирекс
1688,"Работа моряков традиционно заключается в том, чтобы обеспечивать способность страны перемещать свои народ и товары, а также одновременно препятствовать возможности врага перемещать свои народ и товары.","Работа моряков тренил яцовно заключается в том, чтобы обеспечивать способные страны перемещать свои народ и товары, а также, да временно при пятствовать возможность и врага перемещать свои народ и товары.",работа моряков традиционно заключается в том чтобы обеспечивать способность страны перемещать свои народ и товары а также одновременно препятствовать возможности врага перемещать свои народ и товары,работа моряков тренил яцовно заключается в том чтобы обеспечивать способные страны перемещать свои народ и товары а также да временно при пятствовать возможность и врага перемещать свои народ и товары
1874,"Многие считали, что он прав, но многие верили в противоположное: что Солнечная система вращается вокруг Земли, включая Солнце (и даже другие звезды).","Многие считали, что он прав, но многие верили в противоположное, что солнечная система вращается вокруг земли, включая солнца и даже другие звезды.",многие считали что он прав но многие верили в противоположное что солнечная система вращается вокруг земли включая солнце и даже другие звезды,многие считали что он прав но многие верили в противоположное что солнечная система вращается вокруг земли включая солнца и даже другие звезды
1869,"Его длинные челюсти были усеяны более чем 70 острейшими зубами, вдобавок имелся дополнительный ряд на нёбе, так что тем, кто встречался на его пути, не было спасения.","Его длинные челюсти были усейны, более чем 7-хидесятью астрейшими зубами. Добавок имелся дополнительные ряд нанеби. Так что тем, кто встречался на его пути, не было спасение.",его длинные челюсти были усеяны более чем 70 острейшими зубами вдобавок имелся дополнительный ряд на небе так что тем кто встречался на его пути не было спасения,его длинные челюсти были усейны более чем 7 хидесятью астрейшими зубами добавок имелся дополнительные ряд нанеби так что тем кто встречался на его пути не было спасение
1739,Пещера располагается на вершине горы к северу от Мекки и полностью изолирована от остального мира.,Пещера располагается на вершине горы к северу отмейки и полностью экзалированат остального мира.,пещера располагается на вершине горы к северу от мекки и полностью изолирована от остального мира,пещера располагается на вершине горы к северу отмейки и полностью экзалированат остального мира
1984,"Массовое владение автомобилями также приводит к увеличению числа ДТП на дорогах, что приводит к изобретению в здравоохранении новых методов лечения полученных травм.","Масовое владение в тому биле мы также приводит к увеличению числа даты по нагрогах, что приводит к изобретению с ровохранения новых методов влечение полученных травм.",массовое владение автомобилями также приводит к увеличению числа дтп на дорогах что приводит к изобретению в здравоохранении новых методов лечения полученных травм,масовое владение в тому биле мы также приводит к увеличению числа даты по нагрогах что приводит к изобретению с ровохранения новых методов влечение полученных травм
1704,"В 1990 году он был добавлен в список всемирного наследия, находящегося под угрозой из-за опасности со стороны песков пустыни.","В 1990 году он был добавлен список семерного наследия, находящегося под угроза и запасности со стороны пусков пустыне.",в 1990 году он был добавлен в список всемирного наследия находящегося под угрозой из за опасности со стороны песков пустыни,в 1990 году он был добавлен список семерного наследия находящегося под угроза и запасности со стороны пусков пустыне
1691,"На некоторых маршрутах  у более крупных компаний есть свои собственные самолёты, но для других маршрутов и более мелких компаний с этим была проблема.","На некоторых маршрутах более крупных компаний есть свои собственные самолеты, но для других маршрутов и более мелких компаний с этим была проблема.",на некоторых маршрутах у более крупных компаний есть свои собственные самолеты но для других маршрутов и более мелких компаний с этим была проблема,на некоторых маршрутах более крупных компаний есть свои собственные самолеты но для других маршрутов и более мелких компаний с этим была проблема
1685,"Например, самый распространённый в мире формат для статических фотографий — 35 мм, и именно этот размер был доминирующим размером плёнки на закате аналоговой эры.","Например, самый распространенный в мире форма для статических фотографий 35 мм, и именно этот размер был доминирующим размером пленки на закате аналоговой Р.",например самый распространенный в мире формат для статических фотографий 35 мм и именно этот размер был доминирующим размером пленки на закате аналоговой эры,например самый распространенный в мире форма для статических фотографий 35 мм и именно этот размер был доминирующим размером пленки на закате аналоговой р
1850,"Это обеспечит его обратную совместимость с 802.11a, 802.11b и 802.11g при условии, что у базовой станции есть двойной приемник.","Это обеспечит его обратную совместимость с 8002-11A, 8002-11B и 8002-11G при условии, что у базовой станции есть в войной приемник.",это обеспечит его обратную совместимость с 802 11a 802 11b и 802 11g при условии что у базовой станции есть двойной приемник,это обеспечит его обратную совместимость с 8002 11a 8002 11b и 8002 11g при условии что у базовой станции есть в войной приемник
1851,"Отбойное течение — течение, создаваемое волнами, которые разбиваются о берег, или иногда об риф или что-то подобное.","От бой на течение, течение с создаваемой оволными, которые разбиваются оберик или иногда обрив или что-то подобное.",отбойное течение течение создаваемое волнами которые разбиваются о берег или иногда об риф или что то подобное,от бой на течение течение с создаваемой оволными которые разбиваются оберик или иногда обрив или что то подобное
1825,"Если вы хотите находиться рядом со сценой, вам нужно приехать заранее, чтобы найти место для кемпинга вблизи от музыки.","Если вы хотите находиться рядом со сцены, вам нужно приехать заранее, чтобы найти место для компенгов в Близи от музыки.",если вы хотите находиться рядом со сценой вам нужно приехать заранее чтобы найти место для кемпинга вблизи от музыки,если вы хотите находиться рядом со сцены вам нужно приехать заранее чтобы найти место для компенгов в близи от музыки
1724,Слава о нем как о центре роскоши пошла около 400 г. н. э. и продолжалась примерно до 1100 г. н. э.,Слава о нем как о центре роскоши пошла около 4-го года нашей Р и продолжалась примерно до тысячи сотого года нашей Р.,слава о нем как о центре роскоши пошла около 400 г н э и продолжалась примерно до 1100 г н э,слава о нем как о центре роскоши пошла около 4 го года нашей р и продолжалась примерно до тысячи сотого года нашей р
1871,В тёплом климате Ближнего Востока дом не имел особого значения.,В теплом климате в ближнем восток от дом не имел особо значение.,в теплом климате ближнего востока дом не имел особого значения,в теплом климате в ближнем восток от дом не имел особо значение
1665,"Документ, согласно утечке информации, будет касаться спора насчёт границ, которые Палестина хочет установить на основе тех, что существовали до начала Шестидневной войны 1967 года.","До коньянца главного сечки информации будет касаться споронащадграниц, который полистинок хочет установить на основе тех, что существовали до начала 6 дней вновальной тысячи вецой – 67 года.",документ согласно утечке информации будет касаться спора насчет границ которые палестина хочет установить на основе тех что существовали до начала шестидневной войны 1967 года,до коньянца главного сечки информации будет касаться споронащадграниц который полистинок хочет установить на основе тех что существовали до начала 6 дней вновальной тысячи вецой 67 года
1904,Однако из-за медленных каналов связи стили на западе могут отставать на 25-30 лет.,Однакая из-за медленно-канала в связи стиленно за подимугу-то отставать на 25-30 лет.,однако из за медленных каналов связи стили на западе могут отставать на 25 30 лет,однакая из за медленно канала в связи стиленно за подимугу то отставать на 25 30 лет
1808,"Через два года после окончания войны бывшие союзники стали врагами, и началась Холодная война.",Через два года после кончени войны бывшие союзники стали врагами началась холодная война.,через два года после окончания войны бывшие союзники стали врагами и началась холодная война,через два года после кончени войны бывшие союзники стали врагами началась холодная война
1672,Не подвергайте ткань воздействию слишком высокой температуры (что может привести к усадке или в очень редких случаях к ожогу).,"Не подвергайте ткань воздействовать слишком высокотемператоры, что может привести кусатки или в очень редкий случай кажу.",не подвергайте ткань воздействию слишком высокой температуры что может привести к усадке или в очень редких случаях к ожогу,не подвергайте ткань воздействовать слишком высокотемператоры что может привести кусатки или в очень редкий случай кажу
1804,"Гаитянский Институт Справедливости и Демократии сослался на независимое исследование, которое предполагает, что непальский миротворческий батальон ООН непреднамеренно завёз заболевание в Гаити.","Готянский институт справедливости и демократии со слалцы на независимые исследования, которые предполагают, что не пальцкий мертворский батальон он непреднамеренно загазаболевания в Гаите.",гаитянский институт справедливости и демократии сослался на независимое исследование которое предполагает что непальский миротворческий батальон оон непреднамеренно завез заболевание в гаити,готянский институт справедливости и демократии со слалцы на независимые исследования которые предполагают что не пальцкий мертворский батальон он непреднамеренно загазаболевания в гаите
1728,"Капустный сок меняет цвет в зависимости от того, насколько кислотным или щелочным является химическое вещество.","Капусный сок меняет цвет для 8 от того, насколько кислотным и лично являются химическое вещество.",капустный сок меняет цвет в зависимости от того насколько кислотным или щелочным является химическое вещество,капусный сок меняет цвет для 8 от того насколько кислотным и лично являются химическое вещество
1723,"Бухта была местом печально известного военно-морского противостояния в 1889 году, когда семь кораблей из Германии, США и Британии отказались покидать бухту.","Бухт был аместом печальный известного военно-морского противостояния в 1889 году, когда сим кораблей из Германии США и Британии отказались покидать бухту.",бухта была местом печально известного военно морского противостояния в 1889 году когда семь кораблей из германии сша и британии отказались покидать бухту,бухт был аместом печальный известного военно морского противостояния в 1889 году когда сим кораблей из германии сша и британии отказались покидать бухту
1882,"Учёные надеются понять, как образуются планеты, особенно то, как образовалась Земля, поскольку кометы сталкивались  с Землёй очень давно.","Ученые надеются, как образуются планеты. Особенно то, как образовалась земля, поскольку кометы сталкивались землей очень давно.",ученые надеются понять как образуются планеты особенно то как образовалась земля поскольку кометы сталкивались с землей очень давно,ученые надеются как образуются планеты особенно то как образовалась земля поскольку кометы сталкивались землей очень давно
1815,"Атомная бомба работает на том принципе, что для того, чтобы много протонов и нейтронов находились в одном ядре, необходима энергия.","Атомная буба работает на том принципе, что для того чтобы много протона и нейтронов находились в одном дедре не походима энергии.",атомная бомба работает на том принципе что для того чтобы много протонов и нейтронов находились в одном ядре необходима энергия,атомная буба работает на том принципе что для того чтобы много протона и нейтронов находились в одном дедре не походима энергии
1860,"Канцелярия губернатора сообщила, что 19 из раненных были офицерами полиции.","Консляря Губернат расаобщила, что 19 из раненных пыли официром и полиции.",канцелярия губернатора сообщила что 19 из раненных были офицерами полиции,консляря губернат расаобщила что 19 из раненных пыли официром и полиции
1890,Большинство современных исследовательских телескопов — это огромные сооружения в удаленных местах с благоприятными атмосферными условиями.,Большинство современных исследовательских телескопов — это огромные соружения в удаленных местах с блока приятными от мосверными условиями.,большинство современных исследовательских телескопов это огромные сооружения в удаленных местах с благоприятными атмосферными условиями,большинство современных исследовательских телескопов это огромные соружения в удаленных местах с блока приятными от мосверными условиями
1848,"Вчера утром возле главного полицейского управления Газиантепа (Турция) был подорван автомобиль, в результате чего погибли 2 полицейских и еще более 20 человек получили ранения.","Вчера утром возле главного полицейского управления газианта по Турции был подорова на автомобиль в результате чего погибли два полицейских и еще 2,20 человек получили ранение.",вчера утром возле главного полицейского управления газиантепа турция был подорван автомобиль в результате чего погибли 2 полицейских и еще более 20 человек получили ранения,вчера утром возле главного полицейского управления газианта по турции был подорова на автомобиль в результате чего погибли два полицейских и еще 2 20 человек получили ранение
1853,Джанкарло Физикелла потерял контроль над управлением своим автомобилем и завершил гонку вскоре после старта.,Джан Карла физикиала потерял контроль над управлением своими автомобилями и завершил гонку в скорей после старта.,джанкарло физикелла потерял контроль над управлением своим автомобилем и завершил гонку вскоре после старта,джан карла физикиала потерял контроль над управлением своими автомобилями и завершил гонку в скорей после старта
1734,"Ученые смогли сделать вывод, что темная материя воздействует на другую темную материю так же, как и в случае с обычной материей.","В ученой смогли сделать вывод, что темно материать, поезде и стручить на другую темно материю, так же как и в случае с обычной материи.",ученые смогли сделать вывод что темная материя воздействует на другую темную материю так же как и в случае с обычной материей,в ученой смогли сделать вывод что темно материать поезде и стручить на другую темно материю так же как и в случае с обычной материи
1961,"Одним из наиболее распространённых методов, используемых для иллюстрации важности социализации, является иллюстрация нескольких прискорбных случаев, когда дети из-за отсутствия должного внимания, неудачного стечения обстоятельств или умышленного жестокого обращения не контактировали со взрослыми во время своего взросления.","Одним из наиболее распространенных методов, используемых для элестрации важности, социализации является элестрация нескольких при скоробных случаях, когда дети из отсутствия должны во внимание неудачного сечения обстоялись или умышленного жестокого обращения, неконтактировали со взоросными во время своего взоросления.",одним из наиболее распространенных методов используемых для иллюстрации важности социализации является иллюстрация нескольких прискорбных случаев когда дети из за отсутствия должного внимания неудачного стечения обстоятельств или умышленного жестокого обращения не контактировали со взрослыми во время своего взросления,одним из наиболее распространенных методов используемых для элестрации важности социализации является элестрация нескольких при скоробных случаях когда дети из отсутствия должны во внимание неудачного сечения обстоялись или умышленного жестокого обращения неконтактировали со взоросными во время своего взоросления
1816,"Дюваль, который женат и имеет двух совершеннолетних детей, не произвел большого впечатления на Миллера, которому рассказали эту историю.","Дюваль, который женат имеет двух совершеннолетних детей, не призвал большого впечатления на милляра, которому рассказывали о этой истории.",дюваль который женат и имеет двух совершеннолетних детей не произвел большого впечатления на миллера которому рассказали эту историю,дюваль который женат имеет двух совершеннолетних детей не призвал большого впечатления на милляра которому рассказывали о этой истории
1837,"Либеральная критика усилий по восстановлению сосредоточивалась на том, что контракты на восстановительные работы отдавались предположительно имеющим связи с правительством.","Либиральные критика усилию по восстановлению сосредоточивалась на том, что контракты на восстановительной работы отдавались предположительно и меющим связи с правительством.",либеральная критика усилий по восстановлению сосредоточивалась на том что контракты на восстановительные работы отдавались предположительно имеющим связи с правительством,либиральные критика усилию по восстановлению сосредоточивалась на том что контракты на восстановительной работы отдавались предположительно и меющим связи с правительством
1917,"В различных местах Рима были установлены большие телевизионные экраны, с помощью которых люди могли наблюдать за церемонией.",В различных местах арима были установлены большей телевизионные экраны с помощью которых люди могли наблюдать за церемонией.,в различных местах рима были установлены большие телевизионные экраны с помощью которых люди могли наблюдать за церемонией,в различных местах арима были установлены большей телевизионные экраны с помощью которых люди могли наблюдать за церемонией
1957,"Он назвал эти слухи ""политической болтовнёй и глупостью"".",Он назвал эти слухи политической болтовнёи и глупостью.,он назвал эти слухи политической болтовней и глупостью,он назвал эти слухи политической болтовнеи и глупостью
1933,"И наконец, многие маленькие кошки (включая гуляющих домашних кошек), едят и охотятся на намного более многочисленных мелких животных, наподобие насекомых, грызунов, ящериц и птиц.","И наконец, многие маленькие кошки включая гуляющие домашних кошек. Идяты охотятся на много более много численных мелких животных, нападобенно секома, грозонов. Я сейчас рецептить.",и наконец многие маленькие кошки включая гуляющих домашних кошек едят и охотятся на намного более многочисленных мелких животных наподобие насекомых грызунов ящериц и птиц,и наконец многие маленькие кошки включая гуляющие домашних кошек идяты охотятся на много более много численных мелких животных нападобенно секома грозонов я сейчас рецептить
1699,"Бишкек был описан одним обозревателем как погружающийся в состояние анархии, поскольку группы людей бегали по улицам и грабили магазины с потребительскими товарами.","Пишкик было описано от него возривателем как погружающийся в состоянии онархии, поскольку группы людей бегали по улицам и грабили магазины с потребительским венталорами.",бишкек был описан одним обозревателем как погружающийся в состояние анархии поскольку группы людей бегали по улицам и грабили магазины с потребительскими товарами,пишкик было описано от него возривателем как погружающийся в состоянии онархии поскольку группы людей бегали по улицам и грабили магазины с потребительским венталорами
1760,"Мозазавр был самым грозным хищником своего времени, поэтому он не боялся никого кроме других мозазавров.","Моза завар был сам грозным хищником своего времени, поэтому он не боялся никого кроме других мозаза заваров.",мозазавр был самым грозным хищником своего времени поэтому он не боялся никого кроме других мозазавров,моза завар был сам грозным хищником своего времени поэтому он не боялся никого кроме других мозаза заваров
1854,Сам автомобиль убрали с места происшествия в тот же день примерно в 12:00 по Гринвичу.,Сам автомобиль убрали с места происшествия в тот же день примерно 12 часов пограничу.,сам автомобиль убрали с места происшествия в тот же день примерно в 12 00 по гринвичу,сам автомобиль убрали с места происшествия в тот же день примерно 12 часов пограничу
1997,"Однако, процент людей с туберкулёзом с множественной лекарственной устойчивостью в целой группе больных туберкулезом все еще кажется низким; 6000 от общего числа 330 000 зараженных в данный конкретный момент в ЮАР.","Однако процент людей с туперкулесом с множественной лекарственной устойчивостью в целый группе больных туперкулесов, все еще кажется низким. 6,000 от общего числа 3300 зараженных в данный конкретный момент в юр.",однако процент людей с туберкулезом с множественной лекарственной устойчивостью в целой группе больных туберкулезом все еще кажется низким 6000 от общего числа 330 000 зараженных в данный конкретный момент в юар,однако процент людей с туперкулесом с множественной лекарственной устойчивостью в целый группе больных туперкулесов все еще кажется низким 6 000 от общего числа 3300 зараженных в данный конкретный момент в юр
1846,"Соотношение сторон этого формата (поделенное на двенадцать, чтобы получить соотношение с небольшими целыми числами) поэтому принято за 3:2.","Садношение сторон этого формата подзеленная на 12, чтобы получить отношение с небольшими целыми числами. Поэтому принято за три кдву.",соотношение сторон этого формата поделенное на двенадцать чтобы получить соотношение с небольшими целыми числами поэтому принято за 3 2,садношение сторон этого формата подзеленная на 12 чтобы получить отношение с небольшими целыми числами поэтому принято за три кдву
1788,Федерация гимнастики США поддерживает письмо Олимпийского комитета США и соглашается с абсолютной необходимостью создания безопасной среды для всех наших спортсменов.,Федерация гимнастики США поддерживает письмо лимпийского комитета США и соглашается с абсолютно необходимостью создания безопасности Редей для всех наших спортменов.,федерация гимнастики сша поддерживает письмо олимпийского комитета сша и соглашается с абсолютной необходимостью создания безопасной среды для всех наших спортсменов,федерация гимнастики сша поддерживает письмо лимпийского комитета сша и соглашается с абсолютно необходимостью создания безопасности редей для всех наших спортменов
1693,"Однако после потери калитки капитана Индия совершила лишь 36 пробегов, потеряв 7 калиток для завершения иннингсов.","Однако после потеря колитки капитана Индия совершила лишь 36 пробегов, потеря всем колиток для завершения и нингсов.",однако после потери калитки капитана индия совершила лишь 36 пробегов потеряв 7 калиток для завершения иннингсов,однако после потеря колитки капитана индия совершила лишь 36 пробегов потеря всем колиток для завершения и нингсов
1661,"Он не назвал цифру для сокращений бюджетов, сказав, что они будут сделаны исходя из производительности экономики Китая.","Он не назвал цифру для сокращения бюджетов, сказав, что они будут сделаны исходя из производительности экономики китая.",он не назвал цифру для сокращений бюджетов сказав что они будут сделаны исходя из производительности экономики китая,он не назвал цифру для сокращения бюджетов сказав что они будут сделаны исходя из производительности экономики китая
1783,"К региональным и сезонным опасным явлениям погоды относятся метели, снежные бури, ледяные и пыльные бури.","Крыгиональным и сезоном опасными явлением погода относится митерия с нежной буре, ледяны и пульной буре.",к региональным и сезонным опасным явлениям погоды относятся метели снежные бури ледяные и пыльные бури,крыгиональным и сезоном опасными явлением погода относится митерия с нежной буре ледяны и пульной буре
1821,Взаимосвязь между патологией мозга и поведением используется учёными в их исследованиях.,За имасвязь между потологей и мозга и поведением используется ученными в их исследованиях.,взаимосвязь между патологией мозга и поведением используется учеными в их исследованиях,за имасвязь между потологей и мозга и поведением используется ученными в их исследованиях
1830,Правящая партия Организация народов Юго‑Западной Африки (СВАПО) также сохранила большинство на парламентских выборах.,В правящей партии организация народа Фьюга Западной Африке с ВАПУ также сохранила большинство на парламентских выборах.,правящая партия организация народов юго западной африки свапо также сохранила большинство на парламентских выборах,в правящей партии организация народа фьюга западной африке с вапу также сохранила большинство на парламентских выборах
1834,Севернее посетите также великий Храм Фатимской Богоматери (усыпальница) — место всемирно известных явлений Девы Марии.,"Северание посетить и также великий храм по тински богоматери, у Супадница. Место всемерной известных явлений Дево Мории.",севернее посетите также великий храм фатимской богоматери усыпальница место всемирно известных явлений девы марии,северание посетить и также великий храм по тински богоматери у супадница место всемерной известных явлений дево мории
1893,"Сундарбан — это крупнейший пояс прибрежных мангровых зарослей, простирающийся от берега на 80 км (50 миль) вглубь континента в Бангладеше и Индии.","Сундр Бан – это крупнейший поиспредорежных мангровых зарослей, простирающийся от берега на 80 километров 50 м. В глубоконтенента Банглудайша и Инди.",сундарбан это крупнейший пояс прибрежных мангровых зарослей простирающийся от берега на 80 км 50 миль вглубь континента в бангладеше и индии,сундр бан это крупнейший поиспредорежных мангровых зарослей простирающийся от берега на 80 километров 50 м в глубоконтенента банглудайша и инди
1799,"Помимо соревнований в среду, Карпендо принимал участие в двух индивидуальных соревнованиях на чемпионатах.","Помимо соревнований в среду, карпенда принимал участие двух индивидуальных соревнованиях в начем бенадах.",помимо соревнований в среду карпендо принимал участие в двух индивидуальных соревнованиях на чемпионатах,помимо соревнований в среду карпенда принимал участие двух индивидуальных соревнованиях в начем бенадах
1880,"Таким образом, карандаш стал хорошим другом для многих людей, когда появился.","Таким образом, карандаш стал хорошим другом для многих людей, когда появился.",таким образом карандаш стал хорошим другом для многих людей когда появился,таким образом карандаш стал хорошим другом для многих людей когда появился
1825,"Если вы хотите находиться рядом со сценой, вам нужно приехать заранее, чтобы найти место для кемпинга вблизи от музыки.","Если вы хотите находиться рядом с отцены, вам нужно приехать заранее, чтобы найти место для кампинга в близет музыке.",если вы хотите находиться рядом со сценой вам нужно приехать заранее чтобы найти место для кемпинга вблизи от музыки,если вы хотите находиться рядом с отцены вам нужно приехать заранее чтобы найти место для кампинга в близет музыке
1963,"Глажка влажной одежды помогает ей высохнуть. Многие отели предоставляют напрокат утюг и гладильную доску, даже если они отсутствуют в номере.",Глажка влажна одежда помогает в ее высохнуть. Многие актели продоставляют на прокату тюг и гладильную доску. Даже если они отсутствуют в номере.,глажка влажной одежды помогает ей высохнуть многие отели предоставляют напрокат утюг и гладильную доску даже если они отсутствуют в номере,глажка влажна одежда помогает в ее высохнуть многие актели продоставляют на прокату тюг и гладильную доску даже если они отсутствуют в номере
1732,"Эпоху, в которой происходили данные события, принято называть Высоким Средневековьем, периодом европейской истории, затрагивающим XI, XII и XIII века (1000–1300 гг. н. э.).","Эпоху, в которой происходили данные события, принято называть высоким средневековым, передом европейской истории затрагивающим один из 12 и 13 пивика, тыс. 14 годы нашей Р.",эпоху в которой происходили данные события принято называть высоким средневековьем периодом европейской истории затрагивающим xi xii и xiii века 1000 1300 гг н э,эпоху в которой происходили данные события принято называть высоким средневековым передом европейской истории затрагивающим один из 12 и 13 пивика тыс 14 годы нашей р
1839,"Представьте, что лыжный маршрут — это пешеходный маршрут.","Представьте, что лыжный маршрут, это пешеходный маршрут.",представьте что лыжный маршрут это пешеходный маршрут,представьте что лыжный маршрут это пешеходный маршрут
1859,"Собственные стили начали развиваться в Западной Европе к концу Средневековья. Одним из самых больших достижений того времени, благодаря крестовым походам, стало использование пуговиц для застегивания одежды.","Собственно и стили начали развиваться в западной Европе в концу с средневекове. Одним из самых больших достижений того времени, долго дря крестовым походам, стало использование пуговей с листёдивания одежды.",собственные стили начали развиваться в западной европе к концу средневековья одним из самых больших достижений того времени благодаря крестовым походам стало использование пуговиц для застегивания одежды,собственно и стили начали развиваться в западной европе в концу с средневекове одним из самых больших достижений того времени долго дря крестовым походам стало использование пуговей с листедивания одежды
1862,"NextGen — это система, которая, по заверению Федеральной авиационной администрации США, позволит самолетам летать по сокращенным маршрутам и ежегодно экономить миллионы галлонов топлива, а также снизить выбросы углерода.","Наxt-john это система, которая позаверененю федеральный авиационный администрации США, позволит самолетом летать по сокращенным маршрутам и ежегодно экономить миллионы голонов топлива. А также снизить выбросы углерода.",nextgen это система которая по заверению федеральной авиационной администрации сша позволит самолетам летать по сокращенным маршрутам и ежегодно экономить миллионы галлонов топлива а также снизить выбросы углерода,наxt john это система которая позаверененю федеральный авиационный администрации сша позволит самолетом летать по сокращенным маршрутам и ежегодно экономить миллионы голонов топлива а также снизить выбросы углерода
1855,"Львиные прайды ведут себя очень похоже со стаями волков или собак — животных, которые по повадкам удивительно похожи на львов (но не других крупных кошек) и тоже очень опасны для своих жертв.","Левиной прайды ведут себя очень похожи с остами волков или собак, животных, которые по поваткам удивительно похожи на львов, но не на других крупных кошек, и тоже очень опасный для своих жертв.",львиные прайды ведут себя очень похоже со стаями волков или собак животных которые по повадкам удивительно похожи на львов но не других крупных кошек и тоже очень опасны для своих жертв,левиной прайды ведут себя очень похожи с остами волков или собак животных которые по поваткам удивительно похожи на львов но не на других крупных кошек и тоже очень опасный для своих жертв
2005,"Но еще можно многое сказать о птицах, которые всё ещё выглядят как динозавры.","Но еще можно многое сказать оптицах, которые все еще выглядит как динозавры.",но еще можно многое сказать о птицах которые все еще выглядят как динозавры,но еще можно многое сказать оптицах которые все еще выглядит как динозавры
1887,"Когда Лиггинс работал в больнице, в свободное от работы время он начал расследовать случаи преждевременных родов.","Когда Лигин сработал в больнице, свободное отработав время, он начал расследовать случаи прежде племенных родов.",когда лиггинс работал в больнице в свободное от работы время он начал расследовать случаи преждевременных родов,когда лигин сработал в больнице свободное отработав время он начал расследовать случаи прежде племенных родов
1674,"В некоторых местах достаточно прокипятить воду в течение минуты, в других потребуется несколько минут.",В некоторых местах достаточно прокипить воду в течение минуты. В других потребуется несколько минут.,в некоторых местах достаточно прокипятить воду в течение минуты в других потребуется несколько минут,в некоторых местах достаточно прокипить воду в течение минуты в других потребуется несколько минут
1748,В результате бригады пожарных потушили пожар к 23:35.,В результате бригады пожарных потушили пожар 23-35,в результате бригады пожарных потушили пожар к 23 35,в результате бригады пожарных потушили пожар 23 35
1774,"На удалённых островах кредитные карты, возможно, не будут приниматься, хотя британскую и американскую валюту могут принять; заранее проясните с владельцами какой способ оплаты является приемлемым.","На удаленных островах кредитные карты возможно не будут приниматься, хотя британскую и американскую валюту могут принять. В заранее прознительство сладельцами какой способ оплаты является приемлемым.",на удаленных островах кредитные карты возможно не будут приниматься хотя британскую и американскую валюту могут принять заранее проясните с владельцами какой способ оплаты является приемлемым,на удаленных островах кредитные карты возможно не будут приниматься хотя британскую и американскую валюту могут принять в заранее прознительство сладельцами какой способ оплаты является приемлемым
1915,Вы можете по Гома на бода-бода (мототакси). Обычная (местная) цена 500 конголезских франков за короткую поездку.,"Вы можете погома на будубода, мата такси. Обычно местная. Цена 500 гн. франков за кротку по еску.",вы можете по гома на бода бода мототакси обычная местная цена 500 конголезских франков за короткую поездку,вы можете погома на будубода мата такси обычно местная цена 500 гн франков за кротку по еску
1765,С момента основания Асунсьона в 1537 Парагваю в основном удалось сохранить большую часть своего самобытного характера и идентичности.,"С момента основания осустьона в 1937 году, прогвая в основном удалось охранить больше участь своего суммобытного характера и дантичности.",с момента основания асунсьона в 1537 парагваю в основном удалось сохранить большую часть своего самобытного характера и идентичности,с момента основания осустьона в 1937 году прогвая в основном удалось охранить больше участь своего суммобытного характера и дантичности
1661,"Он не назвал цифру для сокращений бюджетов, сказав, что они будут сделаны исходя из производительности экономики Китая.","Он не назвал цифру для сокращений бюджетов. Сказал, что он не будут сделаны исходя из производительности экономики кетая.",он не назвал цифру для сокращений бюджетов сказав что они будут сделаны исходя из производительности экономики китая,он не назвал цифру для сокращений бюджетов сказал что он не будут сделаны исходя из производительности экономики кетая
1860,"Канцелярия губернатора сообщила, что 19 из раненных были офицерами полиции.","Конслярия губернатора сообщила, что 19 из раненных были офицерами полиции.",канцелярия губернатора сообщила что 19 из раненных были офицерами полиции,конслярия губернатора сообщила что 19 из раненных были офицерами полиции
1976,Отбивающие мячи среднего звена Сачин Тендулкар и Рахул Дравид хорошо выступили и заработали в тандеме результат в сто баллов.,"Отбивающие мещи среднего звена сочинтенду-кар и рахул-дровит, хорошо выступили из работливтандем и результат стабалов.",отбивающие мячи среднего звена сачин тендулкар и рахул дравид хорошо выступили и заработали в тандеме результат в сто баллов,отбивающие мещи среднего звена сочинтенду кар и рахул дровит хорошо выступили из работливтандем и результат стабалов
1667,"Как правило, могут проявляться два типа поведения когда менеджеры начинают руководить людьми, ранее равными им по статусу. Одна крайность спектра – это попытка оставаться ""своим парнем"" (или девушкой).","Как правило, могут проявляться два типа поведения, когда мы начинают руководить людьми ранние равными импостатусу. Однако, крайне спектра, это попытка оставаться своим парнем или девушкой.",как правило могут проявляться два типа поведения когда менеджеры начинают руководить людьми ранее равными им по статусу одна крайность спектра это попытка оставаться своим парнем или девушкой,как правило могут проявляться два типа поведения когда мы начинают руководить людьми ранние равными импостатусу однако крайне спектра это попытка оставаться своим парнем или девушкой
1884,"В частности, утверждается, что можно определить, лжет ли человек, при помощи правильной интерпретации его микровыражений.","В частности, утверждается, что можно определить лечеловек при помощи правильной интерпретации его микроворожений.",в частности утверждается что можно определить лжет ли человек при помощи правильной интерпретации его микровыражений,в частности утверждается что можно определить лечеловек при помощи правильной интерпретации его микроворожений
1810,"Губернатор Калифорнии Арнольд Шварценеггер подписал закон, запрещающий продажу или прокат видеоигр с применением насилия несовершеннолетним лицам.","Губернатор Калифорнии Армольд Шварц Негер подписал закон, запрещающий продажу или прокат видеоигрс применением насилия. Не совершенно летним лицам.",губернатор калифорнии арнольд шварценеггер подписал закон запрещающий продажу или прокат видеоигр с применением насилия несовершеннолетним лицам,губернатор калифорнии армольд шварц негер подписал закон запрещающий продажу или прокат видеоигрс применением насилия не совершенно летним лицам
1744,"Чем меньше число Россби, тем менее активна звезда по отношению к инверсиям магнитного поля.","Чем меньше число розби, тем менее активно звезда по отношению к инверсиям магнитного поля.",чем меньше число россби тем менее активна звезда по отношению к инверсиям магнитного поля,чем меньше число розби тем менее активно звезда по отношению к инверсиям магнитного поля
1818,"Для людей может быть неожиданным, что терпение и понимание необходимо проявлять и к путешественникам, вернувшимся домой.","Для людей может быть неожиданным, что терпение понимания не по диму проявлять и путешественников вернувшимся домой.",для людей может быть неожиданным что терпение и понимание необходимо проявлять и к путешественникам вернувшимся домой,для людей может быть неожиданным что терпение понимания не по диму проявлять и путешественников вернувшимся домой
1765,С момента основания Асунсьона в 1537 Парагваю в основном удалось сохранить большую часть своего самобытного характера и идентичности.,С момента основания осумсионов тысячи 500-37. Прогваю в основном удалось сохранить большую часть своего самобытного характера и динтичности.,с момента основания асунсьона в 1537 парагваю в основном удалось сохранить большую часть своего самобытного характера и идентичности,с момента основания осумсионов тысячи 500 37 прогваю в основном удалось сохранить большую часть своего самобытного характера и динтичности
1898,"""Он [Уэльс] по сути лгал нам с самого начала. Во-первых, действуя так, как будто это нужно было сделать по юридическим причинам. Во-вторых, делая вид, что слушает нас вплоть до своего удаления изображений.""","Он куэльс, посотил галном самого начала. Во-первых, действовать так, как будто это нужно было сделать по юридическим причинам. Во-вторых, дело вид, что слушает нас в плоте своего удаления изображений.",он уэльс по сути лгал нам с самого начала во первых действуя так как будто это нужно было сделать по юридическим причинам во вторых делая вид что слушает нас вплоть до своего удаления изображений,он куэльс посотил галном самого начала во первых действовать так как будто это нужно было сделать по юридическим причинам во вторых дело вид что слушает нас в плоте своего удаления изображений
1850,"Это обеспечит его обратную совместимость с 802.11a, 802.11b и 802.11g при условии, что у базовой станции есть двойной приемник.","Это обеспечит его обратно совместимость с 82-112A, 82-112A, 82A, 82A, 112A, 112A, 112A, 112A, 112A, 112A, 112A, 112A, 112A, 112A, 112A, 112A, 112A, 112A, 112A, 112A, 112A, 112A, 112A, 112A, 112A, 112A, 112A, 112A, 112A, 112A, 112A, 112A, 112A, 112A, 112A, 112A, 112A, 112A, 112A, 112A, 112A, 112A, 112A, 112A, 112A, 112A, 112A, 112A, 112A, 112A, 112A, 112A, 112A, 112A, 112A, 112A, 112A, 112A, 112A, 112A, 112A, 112A, 112A, 112A, 112A, 112A, 112A, 112A, 112A, 112A, 112A, 112A, 112A, 112A, 112A, 112A, 112A, 112A, 112A, 112A, 112A, 112A, 112A, 112A, 112A, 112A, 112A, 112A, 112A, 112A, 112A, 112A, 112A, 112A, 112A, 112A, 112A, 112A, 112A, 112A, 112A, 112A, 112A, 112A, 112A, 112A,",это обеспечит его обратную совместимость с 802 11a 802 11b и 802 11g при условии что у базовой станции есть двойной приемник,это обеспечит его обратно совместимость с 82 112a 82 112a 82a 82a 112a 112a 112a 112a 112a 112a 112a 112a 112a 112a 112a 112a 112a 112a 112a 112a 112a 112a 112a 112a 112a 112a 112a 112a 112a 112a 112a 112a 112a 112a 112a 112a 112a 112a 112a 112a 112a 112a 112a 112a 112a 112a 112a 112a 112a 112a 112a 112a 112a 112a 112a 112a 112a 112a 112a 112a 112a 112a 112a 112a 112a 112a 112a 112a 112a 112a 112a 112a 112a 112a 112a 112a 112a 112a 112a 112a 112a 112a 112a 112a 112a 112a 112a 112a 112a 112a 112a 112a 112a 112a 112a 112a 112a 112a 112a 112a 112a 112a 112a 112a 112a 112a
1976,Отбивающие мячи среднего звена Сачин Тендулкар и Рахул Дравид хорошо выступили и заработали в тандеме результат в сто баллов.,Обивающее мечи среднего звена сочин. Тен долгар и арху дровит хорошо выступили из работы. В тендейме результат в стопалов.,отбивающие мячи среднего звена сачин тендулкар и рахул дравид хорошо выступили и заработали в тандеме результат в сто баллов,обивающее мечи среднего звена сочин тен долгар и арху дровит хорошо выступили из работы в тендейме результат в стопалов
1777,"Оттава — это прелестная двуязычная столица Канады с огромным количеством художественных галерей и музеев, открывающих прошлое и настоящее Канады.",Оттава это прилестное двоязычное столицу канады. Согромным количеством художительных галерей и музеев. Открывающих. Прошло и настоящие канады.,оттава это прелестная двуязычная столица канады с огромным количеством художественных галерей и музеев открывающих прошлое и настоящее канады,оттава это прилестное двоязычное столицу канады согромным количеством художительных галерей и музеев открывающих прошло и настоящие канады
1970,"Нам точно не известно, но не исключается, что его язык был раздвоен. Он питался черепахами, большими рыбами, прочими мозазавры, а мог быть и каннибалом.","Нам точно неизвестно, но не исключается, что его язык был раздвое, он питался черепахами, большими рыбами, прочими, моза завры, а мог быть и конебалом.",нам точно не известно но не исключается что его язык был раздвоен он питался черепахами большими рыбами прочими мозазавры а мог быть и каннибалом,нам точно неизвестно но не исключается что его язык был раздвое он питался черепахами большими рыбами прочими моза завры а мог быть и конебалом
1748,В результате бригады пожарных потушили пожар к 23:35.,В результате бригады пожарных потушили пожар к 23-35,в результате бригады пожарных потушили пожар к 23 35,в результате бригады пожарных потушили пожар к 23 35
1701,"Козы, по-видимому, впервые были одомашнены около 10 000 лет назад в иранских горах Загрос.",Козы поведем ему впервые пыли о домашнины около 10 тысяч лет назад в Иранский Карак Загрес.,козы по видимому впервые были одомашнены около 10 000 лет назад в иранских горах загрос,козы поведем ему впервые пыли о домашнины около 10 тысяч лет назад в иранский карак загрес
1769,"Великая пирамида была возведена египтянами в третьем веке до нашей эры и является одним из множества больших пирамидальных сооружений, построенных, чтобы почтить память фараона.","Великая пирамита была возвести на египтянами в третьем веке до нашей эры. И является одним из множеств об больших пирамедальных сооружений построенных, чтобы почти тпамить в рауна.",великая пирамида была возведена египтянами в третьем веке до нашей эры и является одним из множества больших пирамидальных сооружений построенных чтобы почтить память фараона,великая пирамита была возвести на египтянами в третьем веке до нашей эры и является одним из множеств об больших пирамедальных сооружений построенных чтобы почти тпамить в рауна
1952,"Все, кто собирается ехать по высокоширотной области или по горным перевалам, должны учитывать возможность снега, льда или морозов.","Все, кто собирается ехать по высоко широтной области или по горным перевалам, должны учитывать возможность снега, льда и морозов.",все кто собирается ехать по высокоширотной области или по горным перевалам должны учитывать возможность снега льда или морозов,все кто собирается ехать по высоко широтной области или по горным перевалам должны учитывать возможность снега льда и морозов
1680,"Будучи всесторонне развитым атлетом, тигр может взбираться на деревья (хотя и не очень хорошо), плавать, прыгать на большие расстояния и тянуть с силой пяти крепких человек.","Будучи все сторонние разве там от летом, тигр может сбраться на деревья, хотя они очень хорошо. Плавать, прыгать на большие расстояния и тяну силы пяти крепких человек.",будучи всесторонне развитым атлетом тигр может взбираться на деревья хотя и не очень хорошо плавать прыгать на большие расстояния и тянуть с силой пяти крепких человек,будучи все сторонние разве там от летом тигр может сбраться на деревья хотя они очень хорошо плавать прыгать на большие расстояния и тяну силы пяти крепких человек
1671,"Конгресс начал финансировать инициативу по борьбе с развратом в 2005 налоговом году и определил, что ФБР должно выделить 10 агентов на борьбу со взрослой порнографией.","Конгресс начал финансировать и нацатируем его по борьбе с раз вратам в 2005-м налогом году. И я предидел, что ФБР одолжен выделить 10 гентов на борьбу со взрослой партнографии.",конгресс начал финансировать инициативу по борьбе с развратом в 2005 налоговом году и определил что фбр должно выделить 10 агентов на борьбу со взрослой порнографией,конгресс начал финансировать и нацатируем его по борьбе с раз вратам в 2005 м налогом году и я предидел что фбр одолжен выделить 10 гентов на борьбу со взрослой партнографии
1719,"Неблагоприятные метеоусловия — это общий термин для обозначения любого опасного явления погоды, способного причинить какой-либо ущерб, вызвать серьёзные социальные потрясения или привести к человеческим жертвам.",Не благоприятное иметью условия – это общий термин для обозначения любого опасного явления погоды. Способного причинить какой-либо ущерб вызвать серьезные социальные потрясения или привести к человеческим жертвам.,неблагоприятные метеоусловия это общий термин для обозначения любого опасного явления погоды способного причинить какой либо ущерб вызвать серьезные социальные потрясения или привести к человеческим жертвам,не благоприятное иметью условия это общий термин для обозначения любого опасного явления погоды способного причинить какой либо ущерб вызвать серьезные социальные потрясения или привести к человеческим жертвам
1712,"С 1966 года Сундарбан является заповедником дикой природы, и, по имеющимся подсчётам, на его территории в настоящее время обитают 400 бенгальских тигров и около 30 000 пятнистых оленей.","С 1996 года Сундарпан гибляется за повенником цикоприероды. И по-мейшимся по отчетам на его территории, в настоящие время, обитают 4 г. и около 30 тысяч пик не издыхалиний.",с 1966 года сундарбан является заповедником дикой природы и по имеющимся подсчетам на его территории в настоящее время обитают 400 бенгальских тигров и около 30 000 пятнистых оленей,с 1996 года сундарпан гибляется за повенником цикоприероды и по мейшимся по отчетам на его территории в настоящие время обитают 4 г и около 30 тысяч пик не издыхалиний
1745,"Растения выглядят лучше всего в своей естественной среде обитания, поэтому не поддавайтесь искушению взять хотя бы один экземпляр.",В растения выглядит лучше всего в своей естественной среде обитания. Поэтому не поддавайте с искушенью взять хотя бы один экземпляр.,растения выглядят лучше всего в своей естественной среде обитания поэтому не поддавайтесь искушению взять хотя бы один экземпляр,в растения выглядит лучше всего в своей естественной среде обитания поэтому не поддавайте с искушенью взять хотя бы один экземпляр
1951,"В 2002 году город Гома был разрушен лавой вулкана Ньирагонго, которая похоронила под собой большую часть городских улиц, особенно центральную часть города.","В 2000-м году город Глома был разрушен лавой Вулкана Нира Гломга, которая похоронила под собой большую часть грязких улиц, особенно центральную часть города.",в 2002 году город гома был разрушен лавой вулкана ньирагонго которая похоронила под собой большую часть городских улиц особенно центральную часть города,в 2000 м году город глома был разрушен лавой вулкана нира гломга которая похоронила под собой большую часть грязких улиц особенно центральную часть города
1754,"На видимой стороне может быть больше лунных морей, потому что там кора тоньше. Лаве было легче подняться на поверхность.","На видимости, ранее может быть больше лунных морей, потому что там коротонишь. Лави было легче подняться на поверхность.",на видимой стороне может быть больше лунных морей потому что там кора тоньше лаве было легче подняться на поверхность,на видимости ранее может быть больше лунных морей потому что там коротонишь лави было легче подняться на поверхность
1669,"Начальник полиции Чандра Шехар Соланки заявил, что обвиняемые были представлены перед судьями с закрытыми лицами.","Начальник полиции чандр ошибар саланки заявил, что ввеняемы были представлены перед судими закрытыми лицами.",начальник полиции чандра шехар соланки заявил что обвиняемые были представлены перед судьями с закрытыми лицами,начальник полиции чандр ошибар саланки заявил что ввеняемы были представлены перед судими закрытыми лицами
1755,Одна из бомб взорвалась возле офиса генерал-губернатора.,Одна из бомп взорвалась после офиса генерал губерната.,одна из бомб взорвалась возле офиса генерал губернатора,одна из бомп взорвалась после офиса генерал губерната
1887,"Когда Лиггинс работал в больнице, в свободное от работы время он начал расследовать случаи преждевременных родов.","Когда Леин сработал в больнице, субводные отработы время он начал расследовать с лучей прежде временных родов.",когда лиггинс работал в больнице в свободное от работы время он начал расследовать случаи преждевременных родов,когда леин сработал в больнице субводные отработы время он начал расследовать с лучей прежде временных родов
1875,"Целые 20 процентов воды, поступаемой из рек нашей планеты в океаны, текут из Амазонки.","Целый 20% воды поступаем из рек нашей планеты, вакиан, идти кут и с Amazonки.",целые 20 процентов воды поступаемой из рек нашей планеты в океаны текут из амазонки,целый 20 воды поступаем из рек нашей планеты вакиан идти кут и с amazonки
1665,"Документ, согласно утечке информации, будет касаться спора насчёт границ, которые Палестина хочет установить на основе тех, что существовали до начала Шестидневной войны 1967 года.","Документ согласно утечки информации будет касаться спорночат границ, который полистина хочет установить на основе тех, что существовали до начала шести ненавены тысяча девтожжсия седьмого года.",документ согласно утечке информации будет касаться спора насчет границ которые палестина хочет установить на основе тех что существовали до начала шестидневной войны 1967 года,документ согласно утечки информации будет касаться спорночат границ который полистина хочет установить на основе тех что существовали до начала шести ненавены тысяча девтожжсия седьмого года
1693,"Однако после потери калитки капитана Индия совершила лишь 36 пробегов, потеряв 7 калиток для завершения иннингсов.","Одна капусли потеря колитки капитана Индия совершила лишь 36 пробегов, потеря всем колита для завершения и ненгсов.",однако после потери калитки капитана индия совершила лишь 36 пробегов потеряв 7 калиток для завершения иннингсов,одна капусли потеря колитки капитана индия совершила лишь 36 пробегов потеря всем колита для завершения и ненгсов
1757,"Только мутации в клетках зародышевой линии могут передаваться далее детям, в то время как мутации где-то ещё могут привести к гибели клеток или раку.",Только мутации в клетках зародашего линии могут придаваться далее. В то время к мутации где-то еще могут пристить гибели клеток лераку.,только мутации в клетках зародышевой линии могут передаваться далее детям в то время как мутации где то еще могут привести к гибели клеток или раку,только мутации в клетках зародашего линии могут придаваться далее в то время к мутации где то еще могут пристить гибели клеток лераку
1706,"Более традиционные церкви зачастую проводят пасхальное богослужение в субботу вечером во время пасхальных выходных, при этом прихожане обычно начинают в полночь празднование Воскресения Христа.",Более традиционный церкви зачастую проводит пасхальная богослужения в субуту вечером во время пасхальных выходных при этом прихожания обычно начинают в полночь праздывание поскресениях реста.,более традиционные церкви зачастую проводят пасхальное богослужение в субботу вечером во время пасхальных выходных при этом прихожане обычно начинают в полночь празднование воскресения христа,более традиционный церкви зачастую проводит пасхальная богослужения в субуту вечером во время пасхальных выходных при этом прихожания обычно начинают в полночь праздывание поскресениях реста
1883,"Высота подмостового габарита составляет 15 метров. Строительство было завершено в августе 2011 года, его не открывали для движения до марта 2017 года.","Высота под мостового губарита составляет 15 метров. Стратився, что было завершено в августе 2011 года, и его не открывали для движения до марта 2017 года.",высота подмостового габарита составляет 15 метров строительство было завершено в августе 2011 года его не открывали для движения до марта 2017 года,высота под мостового губарита составляет 15 метров стратився что было завершено в августе 2011 года и его не открывали для движения до марта 2017 года
1809,"Шпалы начали применяться довольно давно для того, чтобы удерживать рельсы на месте. Однако впоследствии стало ясно, что пути были более эффективны при полосе из железа сверху.","Шпал на челюпоременяться довольно дарно для того, чтобы удерживать рельсеномести. Однако, в последствии стало ясно, чтобы у тебя были более эффективно при полосе и железо сверху.",шпалы начали применяться довольно давно для того чтобы удерживать рельсы на месте однако впоследствии стало ясно что пути были более эффективны при полосе из железа сверху,шпал на челюпоременяться довольно дарно для того чтобы удерживать рельсеномести однако в последствии стало ясно чтобы у тебя были более эффективно при полосе и железо сверху
1741,"Большие области далее к северу довольно редко заселены, а некоторые из них – практически незаселённая глушь.","Большие области Далее Ксеверо довольно редко заселены, а некоторые из них практически не заселенные оглуши.",большие области далее к северу довольно редко заселены а некоторые из них практически незаселенная глушь,большие области далее ксеверо довольно редко заселены а некоторые из них практически не заселенные оглуши
1778,"В репортажах по телевидению сообщается  о белом дыме, идущем от завода.",В репортажах потелевиднее сообщеится обелом дыме и дущу от завода.,в репортажах по телевидению сообщается о белом дыме идущем от завода,в репортажах потелевиднее сообщеится обелом дыме и дущу от завода
1896,"Федерация гимнастики США и Олимпийский комитет США имеют одинаковую цель — сделать гимнастику и другие виды спорта настолько безопасными для спортсменов, насколько это возможно, чтобы они могли стремиться к своим целям в безопасной, позитивной среде и были наделены всеми правами.","Федерация гемнастики США и олимпийской комитет США имют одинаковую цель. Сделать гемнастику и другие виды спорта, настолько безопасными для спортсменов. Насколько это возможно, чтобы они могли стремиться к своим цельям в безопасной, посетивной среде и были наделены всеми правами.",федерация гимнастики сша и олимпийский комитет сша имеют одинаковую цель сделать гимнастику и другие виды спорта настолько безопасными для спортсменов насколько это возможно чтобы они могли стремиться к своим целям в безопасной позитивной среде и были наделены всеми правами,федерация гемнастики сша и олимпийской комитет сша имют одинаковую цель сделать гемнастику и другие виды спорта настолько безопасными для спортсменов насколько это возможно чтобы они могли стремиться к своим цельям в безопасной посетивной среде и были наделены всеми правами
1707,Он является одной из главных достопримечательностей Южной Африки и считается ведущим среди южноафриканских национальных парков (SANParks).,"Он является одной из главных стопримечательности южной Африки, и считается ведущим среди южнафрика с кемцана-лих парков.",он является одной из главных достопримечательностей южной африки и считается ведущим среди южноафриканских национальных парков sanparks,он является одной из главных стопримечательности южной африки и считается ведущим среди южнафрика с кемцана лих парков
1942,Мы строим наши дома и изготавливаем одежду из растений. Большая часть нашей пищи — это растения. Без растений животные не смогли бы выжить.,"Мы строим наши дома и из катавливаема одежду из растений. Больше часть нашей пищи от растения, без растений, животные не смогли бы выжить.",мы строим наши дома и изготавливаем одежду из растений большая часть нашей пищи это растения без растений животные не смогли бы выжить,мы строим наши дома и из катавливаема одежду из растений больше часть нашей пищи от растения без растений животные не смогли бы выжить
1873,Твердо отказывайте мужчинам и не бойтесь стоять на своем (такое недопустимо вне зависимости от культурных различий!).,"Твёрдат, отказывайте мужчинам и не бойтесь стоять на своем такой недопустима вне зависимости от культурных различий.",твердо отказывайте мужчинам и не бойтесь стоять на своем такое недопустимо вне зависимости от культурных различий,твердат отказывайте мужчинам и не бойтесь стоять на своем такой недопустима вне зависимости от культурных различий
1684,Апиа – столица Самоа. Город расположен на острове Уполу и имеет население чуть менее 40 000 жителей.,"Опя остается само, город расположен на острове уполу имеет население чуть менее 40 тысячи жителей.",апиа столица самоа город расположен на острове уполу и имеет население чуть менее 40 000 жителей,опя остается само город расположен на острове уполу имеет население чуть менее 40 тысячи жителей
1665,"Документ, согласно утечке информации, будет касаться спора насчёт границ, которые Палестина хочет установить на основе тех, что существовали до начала Шестидневной войны 1967 года.","Докумен с экластного течки информации будет касаться спора на счет границ, которые полистинных хочет установить. На основе тех, что существовали до начала шести дневной внывойный 1960-тить мого года.",документ согласно утечке информации будет касаться спора насчет границ которые палестина хочет установить на основе тех что существовали до начала шестидневной войны 1967 года,докумен с экластного течки информации будет касаться спора на счет границ которые полистинных хочет установить на основе тех что существовали до начала шести дневной внывойный 1960 тить мого года
1768,"Большинство зданий по краям комплекса было перестроено, чтобы дать туристам более точное представление о том, как они выглядели изначально.","Большинство зданий по краям комплекса было перестроено, чтобы дать туристом более точное представление о том, как они выглядели и сначала.",большинство зданий по краям комплекса было перестроено чтобы дать туристам более точное представление о том как они выглядели изначально,большинство зданий по краям комплекса было перестроено чтобы дать туристом более точное представление о том как они выглядели и сначала
1784,"Гренландия была слабо заселена. В скандинавских сагах повествуется о том, что Эрика Рыжего изгнали из Исландии за убийство, и, продвигаясь дальше на запад, он открыл Гренландию и дал ей название.","Ринланде было слабо заселено, с кондинарских сахтов, повестывается о том, что Арика Рижа из Нали из Исланде за убийство и продвигаясь дальше на запад он открыл Ринланде и долгие названия.",гренландия была слабо заселена в скандинавских сагах повествуется о том что эрика рыжего изгнали из исландии за убийство и продвигаясь дальше на запад он открыл гренландию и дал ей название,ринланде было слабо заселено с кондинарских сахтов повестывается о том что арика рижа из нали из исланде за убийство и продвигаясь дальше на запад он открыл ринланде и долгие названия
1962,Показатель pH определяется степенью насыщенности ионами водорода (H в pH) исследуемого химического соединения.,Показатель Пиаше определяется степени на священности и онами водорода. Эйч в Пиаше. И следую малохимическое соединение.,показатель ph определяется степенью насыщенности ионами водорода h в ph исследуемого химического соединения,показатель пиаше определяется степени на священности и онами водорода эйч в пиаше и следую малохимическое соединение
1742,"Территория Гонконга была названа в честь острова Гонконг, места, которое многие туристы считают главным объектом  своего внимания.","Тиритуре Аганконга была названа в честь острова Ганконг. Место, которым многие туристы считают главным объектом своего внимания.",территория гонконга была названа в честь острова гонконг места которое многие туристы считают главным объектом своего внимания,тиритуре аганконга была названа в честь острова ганконг место которым многие туристы считают главным объектом своего внимания
1670,"Их термические характеристики не такие стабильные, как у больших пещер на Земле, которые часто поддерживают почти постоянную температуру, но они соответствуют тому, что является глубокими ямами в грунте, — сообщил Глен Кушинг из отдела планетной геологии Геологической службы США и Университета Северной Аризоны, расположенного во Флагстаффе, Аризона.","Их термический характеристик не такие стабильные, как у больших пещерно земле, которые часто поддерживают почти постоянную температуру. Но они соответствуют тому, что является глубокими ямами в грунте. Собщил клин кушенк и задела планетной геологии геологической службы США. И университета северной оризона расположенного в Флокстафе оризона.",их термические характеристики не такие стабильные как у больших пещер на земле которые часто поддерживают почти постоянную температуру но они соответствуют тому что является глубокими ямами в грунте сообщил глен кушинг из отдела планетной геологии геологической службы сша и университета северной аризоны расположенного во флагстаффе аризона,их термический характеристик не такие стабильные как у больших пещерно земле которые часто поддерживают почти постоянную температуру но они соответствуют тому что является глубокими ямами в грунте собщил клин кушенк и задела планетной геологии геологической службы сша и университета северной оризона расположенного в флокстафе оризона
1754,"На видимой стороне может быть больше лунных морей, потому что там кора тоньше. Лаве было легче подняться на поверхность.","На виде моего стороне может быть больше лунных морей, потому что там коротонша. Лави был легче подняться на поверхность.",на видимой стороне может быть больше лунных морей потому что там кора тоньше лаве было легче подняться на поверхность,на виде моего стороне может быть больше лунных морей потому что там коротонша лави был легче подняться на поверхность
1870,"Сцены показывают на пирамидах, и разные пирамиды освещаются.",Сценок показывают на перомидах и разные перомиды освещаются.,сцены показывают на пирамидах и разные пирамиды освещаются,сценок показывают на перомидах и разные перомиды освещаются
1831,"Национальный парк Плитвицкие озёра сильно зарос лесом, в основном буками, елями и пихтами, и представляет собой смесь альпийской и средиземноморской растительности.","Национальный парк, политические озера сильно зарослесом, в основном буками, елями и пихками и представляет собой смесь альпийской и среди зеноморской растительности.",национальный парк плитвицкие озера сильно зарос лесом в основном буками елями и пихтами и представляет собой смесь альпийской и средиземноморской растительности,национальный парк политические озера сильно зарослесом в основном буками елями и пихками и представляет собой смесь альпийской и среди зеноморской растительности
1690,"Мы согласны с заявлением USOC о том, что интересам наших спортсменов, клубов, а также их видов спорта, больше соответствует проведение реформ внутри нашей организации, а не аннулирование ее сертификации.","Мы согласны заявлением USOC о том, что интересен наших спортсменов, клубов, а также их видов спорта, больше соответствует проведения реформ внутри нашей организации, а не аннелирование и ее сертификации.",мы согласны с заявлением usoc о том что интересам наших спортсменов клубов а также их видов спорта больше соответствует проведение реформ внутри нашей организации а не аннулирование ее сертификации,мы согласны заявлением usoc о том что интересен наших спортсменов клубов а также их видов спорта больше соответствует проведения реформ внутри нашей организации а не аннелирование и ее сертификации
1870,"Сцены показывают на пирамидах, и разные пирамиды освещаются.",Сцены показывают на перемидах и разные перемиды освещаются.,сцены показывают на пирамидах и разные пирамиды освещаются,сцены показывают на перемидах и разные перемиды освещаются
1928,К 1976 году было восстановлено 30% Мачу-Пикчу. Работы по реставрации продолжаются и по сей день.,к течение 96-м году было восстановлено 30% мачу пикчу работа по ресторации продолжается и по сей день,к 1976 году было восстановлено 30 мачу пикчу работы по реставрации продолжаются и по сей день,к течение 96 м году было восстановлено 30 мачу пикчу работа по ресторации продолжается и по сей день
1772,"Таким образом, вполне вероятно, что запись была добавлена просто как пометка.","Таким образом вполне вероятно, что запись была добавлена просто как пометка.",таким образом вполне вероятно что запись была добавлена просто как пометка,таким образом вполне вероятно что запись была добавлена просто как пометка
1955,"Рассеянный склероз – это заболевание, поражающее центральную нервную систему, которая состоит из головного мозга, спинного мозга и зрительного нерва.","Российный склероз это заболевание поражающая церальную нервную систему, которая состоит из головного мозга с пиновом мозга из рительного нерва.",рассеянный склероз это заболевание поражающее центральную нервную систему которая состоит из головного мозга спинного мозга и зрительного нерва,российный склероз это заболевание поражающая церальную нервную систему которая состоит из головного мозга с пиновом мозга из рительного нерва
1701,"Козы, по-видимому, впервые были одомашнены около 10 000 лет назад в иранских горах Загрос.",Козы по-вете ему впервые были о домашни на около 10 тысяч лет назад в уранских горах Загрес.,козы по видимому впервые были одомашнены около 10 000 лет назад в иранских горах загрос,козы по вете ему впервые были о домашни на около 10 тысяч лет назад в уранских горах загрес
1971,"Сильные ветра, град, обильные осадки и лесные пожары являются проявлениями и эффектами суровых погодных явлений, таких как  бури, торнадо, водяные смерчи и ураганы.","Сильные ветра, град, обильные садки или с ней пожар являются проявлениями и эффектами с ровых погонных явлений. Таких как бы рнадов в один из мерчей и уроканы.",сильные ветра град обильные осадки и лесные пожары являются проявлениями и эффектами суровых погодных явлений таких как бури торнадо водяные смерчи и ураганы,сильные ветра град обильные садки или с ней пожар являются проявлениями и эффектами с ровых погонных явлений таких как бы рнадов в один из мерчей и уроканы
1696,"Исследователи университета сообщили, что эти два соединения вступают друг с другом в реакцию, образуя кристаллы, которые могут блокировать работу почек.","И следователи университета сообщили, что эти два садения ступают друг с другом в реакции, образуют кресталы, которые могут блокировать работу по чеку.",исследователи университета сообщили что эти два соединения вступают друг с другом в реакцию образуя кристаллы которые могут блокировать работу почек,и следователи университета сообщили что эти два садения ступают друг с другом в реакции образуют кресталы которые могут блокировать работу по чеку
1818,"Для людей может быть неожиданным, что терпение и понимание необходимо проявлять и к путешественникам, вернувшимся домой.","Для людей может быть неожиданным, что терпение и понимание необходимо проявлять и к путешествии, никому вернулся до мой.",для людей может быть неожиданным что терпение и понимание необходимо проявлять и к путешественникам вернувшимся домой,для людей может быть неожиданным что терпение и понимание необходимо проявлять и к путешествии никому вернулся до мой
1682,"Хотя никто не знает наверняка, кто его написал, известно, что в начале своего существования этот большой пергаментный документ (размером 29¾ на 24½ дюйма) был свёрнут для более удобного хранения.","Хотя никто не знает, наверняка, кто его написал и известно, что в начале своего существования этот большой предкометный документ размером 29,3 четвертых на 24,1. Был свернут для более удобного хранения.",хотя никто не знает наверняка кто его написал известно что в начале своего существования этот большой пергаментный документ размером 293 4 на 241 2 дюйма был свернут для более удобного хранения,хотя никто не знает наверняка кто его написал и известно что в начале своего существования этот большой предкометный документ размером 29 3 четвертых на 24 1 был свернут для более удобного хранения
1809,"Шпалы начали применяться довольно давно для того, чтобы удерживать рельсы на месте. Однако впоследствии стало ясно, что пути были более эффективны при полосе из железа сверху.","Шпалы начали применяться довольно давно для того, чтобы удерживать рельси на месте. Однак в последствии стало ясно, чтобы идти были более эффективным приполосе из железа сверху.",шпалы начали применяться довольно давно для того чтобы удерживать рельсы на месте однако впоследствии стало ясно что пути были более эффективны при полосе из железа сверху,шпалы начали применяться довольно давно для того чтобы удерживать рельси на месте однак в последствии стало ясно чтобы идти были более эффективным приполосе из железа сверху
1926,"Во всех научных вопросах, включая психологию, были приняты взгляды Аристотеля.","Во всех научных вопросах включая психологию, были приняты взгляды арестотеля.",во всех научных вопросах включая психологию были приняты взгляды аристотеля,во всех научных вопросах включая психологию были приняты взгляды арестотеля
1731,"Исследуя архипелаги или посещая озера, вы вполне сможете обойтись и без яхты.","Если дуя архипи лаги или посещаю зерок, выполнись можете обоятьесь и безъекты.",исследуя архипелаги или посещая озера вы вполне сможете обойтись и без яхты,если дуя архипи лаги или посещаю зерок выполнись можете обоятьесь и безъекты
1909,"Виртуальные команды придерживаются тех же стандартов мастерства, что и обычные команды, но имеются небольшие различия.","Виртуальные команды придерживаются тех же стандартов мастерства, что я обычные команды, но имеются небольшие различие.",виртуальные команды придерживаются тех же стандартов мастерства что и обычные команды но имеются небольшие различия,виртуальные команды придерживаются тех же стандартов мастерства что я обычные команды но имеются небольшие различие
1831,"Национальный парк Плитвицкие озёра сильно зарос лесом, в основном буками, елями и пихтами, и представляет собой смесь альпийской и средиземноморской растительности.","Национали парплитвитский озера с сильной зарослесом, в основном буками, елями и пихтыми и представляет собой смесь альпийской и средиземноморск растительности.",национальный парк плитвицкие озера сильно зарос лесом в основном буками елями и пихтами и представляет собой смесь альпийской и средиземноморской растительности,национали парплитвитский озера с сильной зарослесом в основном буками елями и пихтыми и представляет собой смесь альпийской и средиземноморск растительности
1686,"В итоге сплочённая работа организации с целью преодолеть препятствие может привести к новому инновационному процессу, который будет отвечать интересам клиента.","Вытоги сплочен на работе организации с целью преодолеть препятствия может привести к новому инновационную процессу, который будет отвечать интересам клиента.",в итоге сплоченная работа организации с целью преодолеть препятствие может привести к новому инновационному процессу который будет отвечать интересам клиента,вытоги сплочен на работе организации с целью преодолеть препятствия может привести к новому инновационную процессу который будет отвечать интересам клиента
1908,Важно различать глаголы и дополнения.,Важно развечать в клоголы и дополнение.,важно различать глаголы и дополнения,важно развечать в клоголы и дополнение
1843,"Профессор Памела Фергюсон из Университета Данди отмечает, что ""журналисты, похоже, и вправду ходят по опасной грани, публикуя фотографии и прочие данные о подозреваемых"".","Профессор по Майл-Афергусин из унирстита Дандии отмечает, что журналисты похожи и вправду. Ходят по опасной грани публикуев фотографии и прочий данный опыдозреваемых.",профессор памела фергюсон из университета данди отмечает что журналисты похоже и вправду ходят по опасной грани публикуя фотографии и прочие данные о подозреваемых,профессор по майл афергусин из унирстита дандии отмечает что журналисты похожи и вправду ходят по опасной грани публикуев фотографии и прочий данный опыдозреваемых
1817,Но Шенгенская зона в этом плане функционирует как единая страна.,Нашенгенская зона в этом плане функционирует как единая страна.,но шенгенская зона в этом плане функционирует как единая страна,нашенгенская зона в этом плане функционирует как единая страна
1692,"Согласно ядерному управлению Японии, на заводе были обнаружены радиоактивный цезий и йод.",Согласно ядерному управлению Японии на заводе были обнаружены радиактивной цезии и йод.,согласно ядерному управлению японии на заводе были обнаружены радиоактивный цезий и йод,согласно ядерному управлению японии на заводе были обнаружены радиактивной цезии и йод
1700,Она тоньше под лунными морями и толще под нагорьями.,Он отонше подлупный мимарям и толще под нагореме.,она тоньше под лунными морями и толще под нагорьями,он отонше подлупный мимарям и толще под нагореме
1958,"Данный город сильно отличается от других городов страны, так как в нем преобладает арабский колорит, а не африканский.","Данный город сильно отличается от других городов страны, так как в нем приобладает арабский колорит, а нефриканский.",данный город сильно отличается от других городов страны так как в нем преобладает арабский колорит а не африканский,данный город сильно отличается от других городов страны так как в нем приобладает арабский колорит а нефриканский
1910,"Парижане слывут эгоцентричными, грубыми и надменными.",Порежание с ловут эгоцентричными грубами и надменными.,парижане слывут эгоцентричными грубыми и надменными,порежание с ловут эгоцентричными грубами и надменными
1916,"В немецкой выпечке часто используются миндаль, фундук и другие древесные орехи. Зачастую популярные торты отлично сочетаются с чашкой крепкого кофе.","В немецкой выбочки часто используются миндаль, фундук и другие древесные орехи. Зачастую популярные торты отлично сочетаются с чашкой крепкого кофе.",в немецкой выпечке часто используются миндаль фундук и другие древесные орехи зачастую популярные торты отлично сочетаются с чашкой крепкого кофе,в немецкой выбочки часто используются миндаль фундук и другие древесные орехи зачастую популярные торты отлично сочетаются с чашкой крепкого кофе
1766,"Некоторые атомы имеют нестабильное ядро, что означает, что они склонны распадаться при малом воздействие или без него.","Некоторые атомы имеют нестабильные дров, что означает, что они склонно распадаться при малом воздействии или без него.",некоторые атомы имеют нестабильное ядро что означает что они склонны распадаться при малом воздействие или без него,некоторые атомы имеют нестабильные дров что означает что они склонно распадаться при малом воздействии или без него
1716,"Развлекательно-новостной сайт TMZ полагает, что фотограф остановил свой автомобиль на противоположной стороне бульвара Сепульведа и попытался сделать снимки остановки полицейскими, перед тем как перейти дорогу и продолжить. Полицейский Калифорнийского дорожного патруля, остановивший движение, дважды был вынужден приказать ему перейти обратно.","Разликателен на востной сайт TMZ полагает, что фотограф остановился в автомобиль, нам противоположность ранее Бульвара с репульведом. И бы пытался сделать снимки остановки полицейскими перейтем, как перейти дорогой продолжить. Полицейскими колефорниского дорожного патруля остановившие движения, дважды был вынужден приказать ему перейти обратно.",развлекательно новостной сайт tmz полагает что фотограф остановил свой автомобиль на противоположной стороне бульвара сепульведа и попытался сделать снимки остановки полицейскими перед тем как перейти дорогу и продолжить полицейский калифорнийского дорожного патруля остановивший движение дважды был вынужден приказать ему перейти обратно,разликателен на востной сайт tmz полагает что фотограф остановился в автомобиль нам противоположность ранее бульвара с репульведом и бы пытался сделать снимки остановки полицейскими перейтем как перейти дорогой продолжить полицейскими колефорниского дорожного патруля остановившие движения дважды был вынужден приказать ему перейти обратно
1747,Коллеги-рестлеры тоже отдали Луне дань уважения.,Коллеги резлеры тоже отдалил унидан к уважения.,коллеги рестлеры тоже отдали луне дань уважения,коллеги резлеры тоже отдалил унидан к уважения
1995,"Виртуальный скаффолдинг, помогающий в обучении, встроен в программное обеспечение и предназначен для того, чтобы напоминать, объяснять и задавать вопросы насчёт процедур, с которыми обучающемуся, возможно, было бы слишком трудно справиться в одиночку.","Вертуальный сковольдинг помогающий в обещении. Встроен в программе обеспечении предназначен для того, чтобы напоминать, объяснять и задавать вопросы на счет процедур, с которым обещающимся. Возможно, вы любите слишком трудно справиться в одиночку.",виртуальный скаффолдинг помогающий в обучении встроен в программное обеспечение и предназначен для того чтобы напоминать объяснять и задавать вопросы насчет процедур с которыми обучающемуся возможно было бы слишком трудно справиться в одиночку,вертуальный сковольдинг помогающий в обещении встроен в программе обеспечении предназначен для того чтобы напоминать объяснять и задавать вопросы на счет процедур с которым обещающимся возможно вы любите слишком трудно справиться в одиночку
1773,Прерывание сна — это процесс целенаправленного пробуждения во время обычного сна и повторного засыпания через короткое время (10–60 минут).,"При ровании сна, этот процесс или направленного пробуждения во время обычного сна и повторного засыпания через короткое время 10-60 минут.",прерывание сна это процесс целенаправленного пробуждения во время обычного сна и повторного засыпания через короткое время 10 60 минут,при ровании сна этот процесс или направленного пробуждения во время обычного сна и повторного засыпания через короткое время 10 60 минут
1963,"Глажка влажной одежды помогает ей высохнуть. Многие отели предоставляют напрокат утюг и гладильную доску, даже если они отсутствуют в номере.",Глажка влажной одежды помогает ей высохнуть. Но и отели продаставляет на прокат путьюх и гладельную доску. Даже если у нее отсутствует в номере.,глажка влажной одежды помогает ей высохнуть многие отели предоставляют напрокат утюг и гладильную доску даже если они отсутствуют в номере,глажка влажной одежды помогает ей высохнуть но и отели продаставляет на прокат путьюх и гладельную доску даже если у нее отсутствует в номере
1740,Звуковое и световое шоу на фоне пирамиды является одним из самых интересных мероприятий в этой местности для детей.,"Звуковое свето вою шоу, но фоне пирамиды являются одним из самых интересных мероприятий в этом местности для детей.",звуковое и световое шоу на фоне пирамиды является одним из самых интересных мероприятий в этой местности для детей,звуковое свето вою шоу но фоне пирамиды являются одним из самых интересных мероприятий в этом местности для детей
1988,"Среди большинства граждан и народов в 1920-е годы преобладали такие настроения, как пацифизм и изоляция.",Среди большинства граждан и народов в 1920-е годы при обладали такие настроения как пацифизм и изоляция.,среди большинства граждан и народов в 1920 е годы преобладали такие настроения как пацифизм и изоляция,среди большинства граждан и народов в 1920 е годы при обладали такие настроения как пацифизм и изоляция
1923,"Эта стратегия доказала свою эффективность, отрезав жизненно важные военные и гражданские поставки, хотя эта блокада нарушала принятые повсеместно международные законы, изложенные в нескольких международных соглашениях за последние двести лет.","Это стратегия доказала свою эффективность отрезавшизии на важной военной и гражданские поставки. Хотя это блокада нарушала принято и по семестными жнеродной законы, изложены в несколько международных соглашения за последние две стилет.",эта стратегия доказала свою эффективность отрезав жизненно важные военные и гражданские поставки хотя эта блокада нарушала принятые повсеместно международные законы изложенные в нескольких международных соглашениях за последние двести лет,это стратегия доказала свою эффективность отрезавшизии на важной военной и гражданские поставки хотя это блокада нарушала принято и по семестными жнеродной законы изложены в несколько международных соглашения за последние две стилет
1680,"Будучи всесторонне развитым атлетом, тигр может взбираться на деревья (хотя и не очень хорошо), плавать, прыгать на большие расстояния и тянуть с силой пяти крепких человек.","Будучи все стороне разы ты могли, там, тихр может собираться на дереве, хотя они очень хорошо плавать, прыгать на большие расстоянии и тянут силы пяти крепких человек.",будучи всесторонне развитым атлетом тигр может взбираться на деревья хотя и не очень хорошо плавать прыгать на большие расстояния и тянуть с силой пяти крепких человек,будучи все стороне разы ты могли там тихр может собираться на дереве хотя они очень хорошо плавать прыгать на большие расстоянии и тянут силы пяти крепких человек
1729,"Например, ежегодно учащиеся школы Беннет в Северной Каролине создают сайт о своём посещении столицы штата, и каждый год этот сайт обновляется, но доступ к старым версиям по-прежнему сохраняется — они служат памятным альбомом.","Например, ежегодного учащаясь из школы Беннод, все верной королине, создают сайт о своем посещении столицы штата и каждый год этот сайт обновляется. Но доступ к старым версии, по-прежнему сохраняется, они слушат памятным альбомым.",например ежегодно учащиеся школы беннет в северной каролине создают сайт о своем посещении столицы штата и каждый год этот сайт обновляется но доступ к старым версиям по прежнему сохраняется они служат памятным альбомом,например ежегодного учащаясь из школы беннод все верной королине создают сайт о своем посещении столицы штата и каждый год этот сайт обновляется но доступ к старым версии по прежнему сохраняется они слушат памятным альбомым
1674,"В некоторых местах достаточно прокипятить воду в течение минуты, в других потребуется несколько минут.",В некоторых местах достаточно прокипятить воду в течение минуты. В других потребуется несколько минут.,в некоторых местах достаточно прокипятить воду в течение минуты в других потребуется несколько минут,в некоторых местах достаточно прокипятить воду в течение минуты в других потребуется несколько минут
1830,Правящая партия Организация народов Юго‑Западной Африки (СВАПО) также сохранила большинство на парламентских выборах.,Провищая партия организация народов Юго-запанной Африке с Вопо. Также сохранила большинство на парламических выбрах.,правящая партия организация народов юго западной африки свапо также сохранила большинство на парламентских выборах,провищая партия организация народов юго запанной африке с вопо также сохранила большинство на парламических выбрах
1826,"После несчастного случая Гибсон был доставлен в больницу, но вскоре скончался.","После нечаослова, случая гибзан был доставлен в больницу, но в скорость кончался.",после несчастного случая гибсон был доставлен в больницу но вскоре скончался,после нечаослова случая гибзан был доставлен в больницу но в скорость кончался
1802,"Интернет сочетает в себе элементы как массовых, так и межличностных коммуникаций.","Интернации читают себе элементы как масовых, так и рнежрешность на маникации.",интернет сочетает в себе элементы как массовых так и межличностных коммуникаций,интернации читают себе элементы как масовых так и рнежрешность на маникации
1755,Одна из бомб взорвалась возле офиса генерал-губернатора.,Одна из бонт взорвалась после офиса генерал губернатора.,одна из бомб взорвалась возле офиса генерал губернатора,одна из бонт взорвалась после офиса генерал губернатора
1703,"Вчера Мартейи привёл к присяге новый Временный избирательный совет (ВИС), состоящий из девяти участников.","Вчера, Марты и прийел к присяге новый временный избирательный совет. Вис, состоящий из девяти участников.",вчера мартейи привел к присяге новый временный избирательный совет вис состоящий из девяти участников,вчера марты и прийел к присяге новый временный избирательный совет вис состоящий из девяти участников
1980,"К сожалению, сложно изучать интенсивность движения автотранспорта, потому что нельзя со стопроцентной вероятностью предсказать поведение водителя.","К сожалению, сложно изучать интенсивную с движения автотранспорта, потому что нельзя с по процентной вероятностью предсказать поведение водителя.",к сожалению сложно изучать интенсивность движения автотранспорта потому что нельзя со стопроцентной вероятностью предсказать поведение водителя,к сожалению сложно изучать интенсивную с движения автотранспорта потому что нельзя с по процентной вероятностью предсказать поведение водителя
1819,"В древнем Китае использовали уникальный способ обозначения периодов времени; каждый этап Китая или каждая семья, находившаяся у власти, были особой династией.",В древнем китай использовали уникальный способ обозначения передов времени. Каждый этап китай или каждое семья находившаяся у власти были особой династей.,в древнем китае использовали уникальный способ обозначения периодов времени каждый этап китая или каждая семья находившаяся у власти были особой династией,в древнем китай использовали уникальный способ обозначения передов времени каждый этап китай или каждое семья находившаяся у власти были особой династей
1664,"Получите новую смесь, перемешав два сухих порошка в одной емкости, а затем чистыми влажными руками слепите из этой смеси шарик.","Получите новую смесь перемешав два сухих порашков одной емкости, а затем чистыми влажными руками слепите из этой смесь и шарик.",получите новую смесь перемешав два сухих порошка в одной емкости а затем чистыми влажными руками слепите из этой смеси шарик,получите новую смесь перемешав два сухих порашков одной емкости а затем чистыми влажными руками слепите из этой смесь и шарик
1839,"Представьте, что лыжный маршрут — это пешеходный маршрут.","Представьте, что улышный маршрут – это пешеходный маршрут.",представьте что лыжный маршрут это пешеходный маршрут,представьте что улышный маршрут это пешеходный маршрут
1775,Использование видеозаписи привело к важным открытиям в сфере интерпретации микровыражений  — движений лица длительностью несколько миллисекунд.,"Использование видео записи привело к важным откроетям сфере, интерпретации микроворожений, деженилиция, длительность унизка к имели секунд.",использование видеозаписи привело к важным открытиям в сфере интерпретации микровыражений движений лица длительностью несколько миллисекунд,использование видео записи привело к важным откроетям сфере интерпретации микроворожений деженилиция длительность унизка к имели секунд
2004,"В том же месяце другой авиалайнер выкатился за пределы взлетной полосы в Мешхеде и врезался в стену, погибли семнадцать человек.","В то, уже месяц и другой авиалайнер выкатился за пределов зерётной полосы Меж Хейдя и Верезлился в стену погибли с человек.",в том же месяце другой авиалайнер выкатился за пределы взлетной полосы в мешхеде и врезался в стену погибли семнадцать человек,в то уже месяц и другой авиалайнер выкатился за пределов зеретной полосы меж хейдя и верезлился в стену погибли с человек
1768,"Большинство зданий по краям комплекса было перестроено, чтобы дать туристам более точное представление о том, как они выглядели изначально.","Починство зданий по краям комплекса было перестроено, чтобы дать туристом более точное представление о том, как они выглядели изначально.",большинство зданий по краям комплекса было перестроено чтобы дать туристам более точное представление о том как они выглядели изначально,починство зданий по краям комплекса было перестроено чтобы дать туристом более точное представление о том как они выглядели изначально
1796,"Этот осадок требовался для формирования пляжей и песчаных отмелей, являвшихся местом обитания диких животных.",Этот садок требовался для формирования пляжей и пещанных отмелей и влявшихся местом обитания диких животных.,этот осадок требовался для формирования пляжей и песчаных отмелей являвшихся местом обитания диких животных,этот садок требовался для формирования пляжей и пещанных отмелей и влявшихся местом обитания диких животных
1858,"Даниэль Лантань, эксперт ООН по вопросам данной болезни, заявила, что вспышка, вероятно, была вызвана миротворцами.","Танее Лонтань, эксперту он по вопросам данной полезни, заявила, что спышка вероятно была высвана миротворцами.",даниэль лантань эксперт оон по вопросам данной болезни заявила что вспышка вероятно была вызвана миротворцами,танее лонтань эксперту он по вопросам данной полезни заявила что спышка вероятно была высвана миротворцами
1843,"Профессор Памела Фергюсон из Университета Данди отмечает, что ""журналисты, похоже, и вправду ходят по опасной грани, публикуя фотографии и прочие данные о подозреваемых"".","Про кисер помыло фербюссон из-за не върстить это дойдет, нечаить, что журналисты похожи и в правду ходят по опасной грани, публиковой фотографии про очереданы, опадозреваемых.",профессор памела фергюсон из университета данди отмечает что журналисты похоже и вправду ходят по опасной грани публикуя фотографии и прочие данные о подозреваемых,про кисер помыло фербюссон из за не върстить это дойдет нечаить что журналисты похожи и в правду ходят по опасной грани публиковой фотографии про очереданы опадозреваемых
1821,Взаимосвязь между патологией мозга и поведением используется учёными в их исследованиях.,Взвемась связь между потологией мозга и поведением используется учеными вих исследованиях.,взаимосвязь между патологией мозга и поведением используется учеными в их исследованиях,взвемась связь между потологией мозга и поведением используется учеными вих исследованиях
1685,"Например, самый распространённый в мире формат для статических фотографий — 35 мм, и именно этот размер был доминирующим размером плёнки на закате аналоговой эры.","Например, самый распространенный в мире формарле статических фотографий 35 мм. Именно этот размер был доминирующим размером пленки на закате аналоговой Р.",например самый распространенный в мире формат для статических фотографий 35 мм и именно этот размер был доминирующим размером пленки на закате аналоговой эры,например самый распространенный в мире формарле статических фотографий 35 мм именно этот размер был доминирующим размером пленки на закате аналоговой р
1766,"Некоторые атомы имеют нестабильное ядро, что означает, что они склонны распадаться при малом воздействие или без него.","некоторые отомы имеют не стабильное и брошто, значит, что они склонно распадаться в прямолом воздействии или без него.",некоторые атомы имеют нестабильное ядро что означает что они склонны распадаться при малом воздействие или без него,некоторые отомы имеют не стабильное и брошто значит что они склонно распадаться в прямолом воздействии или без него
1904,Однако из-за медленных каналов связи стили на западе могут отставать на 25-30 лет.,Однако из-за мельных канала в связи стерено западим могут отставать на 25-30 лет.,однако из за медленных каналов связи стили на западе могут отставать на 25 30 лет,однако из за мельных канала в связи стерено западим могут отставать на 25 30 лет
1872,"Во время борьбы за независимость, организованной движением Мау, мирное собрание в городе привело к убийству верховного вождя Тупуа Тамсесе Леалофи III.","Время борьбы из-за независимость организованные движения мал, мирное собрание в городе привело к убийству верховного вождя тупо, сэсэ, для лови, третьего.",во время борьбы за независимость организованной движением мау мирное собрание в городе привело к убийству верховного вождя тупуа тамсесе леалофи iii,время борьбы из за независимость организованные движения мал мирное собрание в городе привело к убийству верховного вождя тупо сэсэ для лови третьего
1773,Прерывание сна — это процесс целенаправленного пробуждения во время обычного сна и повторного засыпания через короткое время (10–60 минут).,При ровании сна это процесс или направленного пробуждения в время обычного сна и повторного засыпания через короткое время 10-60 минут.,прерывание сна это процесс целенаправленного пробуждения во время обычного сна и повторного засыпания через короткое время 10 60 минут,при ровании сна это процесс или направленного пробуждения в время обычного сна и повторного засыпания через короткое время 10 60 минут
1724,Слава о нем как о центре роскоши пошла около 400 г. н. э. и продолжалась примерно до 1100 г. н. э.,Слава о нем как отценте роскоши пошла около 410 года нашей Р и продолжалась примерно до 1000 сотого года нашей Р.,слава о нем как о центре роскоши пошла около 400 г н э и продолжалась примерно до 1100 г н э,слава о нем как отценте роскоши пошла около 410 года нашей р и продолжалась примерно до 1000 сотого года нашей р
1787,"Блоггерство является инструментом, стимулирующим сотрудничество, и оно мотивирует учащихся распространить процесс приобретения знаний далеко за пределы традиционного учебного дня.",Плогерствовывается инструментом стимулирующим сотрудничество и оно мотивирует учащихся распространить процесс приобретения знаний далеко запредел от традиционного учебного дня.,блоггерство является инструментом стимулирующим сотрудничество и оно мотивирует учащихся распространить процесс приобретения знаний далеко за пределы традиционного учебного дня,плогерствовывается инструментом стимулирующим сотрудничество и оно мотивирует учащихся распространить процесс приобретения знаний далеко запредел от традиционного учебного дня
1851,"Отбойное течение — течение, создаваемое волнами, которые разбиваются о берег, или иногда об риф или что-то подобное.","Отбойное течение. Течение создаваемые о волномет, которые разбиваются оберик или иногда обрив или что-то подобное.",отбойное течение течение создаваемое волнами которые разбиваются о берег или иногда об риф или что то подобное,отбойное течение течение создаваемые о волномет которые разбиваются оберик или иногда обрив или что то подобное
1662,"Сплавы по существу представляют собой смесь двух или более металлов. Не забывайте, что в периодической таблице много элементов.","С плавы по существу представляют собой смесь двух или более металлов. Не забывайте, что периодически это близько много элементов.",сплавы по существу представляют собой смесь двух или более металлов не забывайте что в периодической таблице много элементов,с плавы по существу представляют собой смесь двух или более металлов не забывайте что периодически это близько много элементов
1881,Выкладывание экскурсии в виртуальное пространство для всеобщего обозрения — это также отличный способ освежить в памяти экскурсию и поделиться своим полученными знаниями с будущими классами.,Вкладывание кскурсии в вертуральной образтраствову для всеобщего обозрения — это также отличный способ освежить память и кскурсию и поделиться с своим полученным знанием с будущими классами.,выкладывание экскурсии в виртуальное пространство для всеобщего обозрения это также отличный способ освежить в памяти экскурсию и поделиться своим полученными знаниями с будущими классами,вкладывание кскурсии в вертуральной образтраствову для всеобщего обозрения это также отличный способ освежить память и кскурсию и поделиться с своим полученным знанием с будущими классами
1919,"Этот город также является отправной точкой для восхождения на вулкан Ньирагонго, а также здесь можно посмотреть на горных горилл в дикой природе по одной из самых дешёвых цен в Африке.","Это город также является от прорной точкой для восхождения на Вулкан, Ньюра Гонга. А также здесь можно посмотреть на горно горил, в дикой природе, подную и самых дешевых цен в Африке.",этот город также является отправной точкой для восхождения на вулкан ньирагонго а также здесь можно посмотреть на горных горилл в дикой природе по одной из самых дешевых цен в африке,это город также является от прорной точкой для восхождения на вулкан ньюра гонга а также здесь можно посмотреть на горно горил в дикой природе подную и самых дешевых цен в африке
1979,"Официальной валютой Фолклендских островов является фунт Фолкендских островов (FKP), стоимость которого эквивалентна стоимости одного британского фунта стерлингов (GBP).",Официальные валюты фолклинских островов является фунт фолклинских островов FKP стоимость которого эквивалент на стоимость одного британского фунта стерингов.,официальной валютой фолклендских островов является фунт фолкендских островов fkp стоимость которого эквивалентна стоимости одного британского фунта стерлингов gbp,официальные валюты фолклинских островов является фунт фолклинских островов fkp стоимость которого эквивалент на стоимость одного британского фунта стерингов
1946,"Правила отмены заказов могут отличаться, но по состоянию на конец марта большая часть правил, связанных с коронавирусом, не распространяется на июль 2020 года, когда были запланированы Олимпийские игры.","Правила отмены заказов могут отличаться, но по состоянию наконец марта большая часть правила связанных с коронавирусом не распространяется на июль 2020 года, когда были запланированы олимпийские игры.",правила отмены заказов могут отличаться но по состоянию на конец марта большая часть правил связанных с коронавирусом не распространяется на июль 2020 года когда были запланированы олимпийские игры,правила отмены заказов могут отличаться но по состоянию наконец марта большая часть правила связанных с коронавирусом не распространяется на июль 2020 года когда были запланированы олимпийские игры
1865,Круизы в Санкт-Петербург включают прогулки по городу. Пассажиры круизов освобождены от визовых требований (уточните условия).,Круизы в самом пятирбург включают проволоки по городу. По сажире круизов освобожденные отвезаны в требовании утачените условия.,круизы в санкт петербург включают прогулки по городу пассажиры круизов освобождены от визовых требований уточните условия,круизы в самом пятирбург включают проволоки по городу по сажире круизов освобожденные отвезаны в требовании утачените условия
1876,"Управление по чрезвычайным ситуациям Северных Марианских островов заявило, что в стране не было сообщений о причинённом ущербе.","Управление по чрезвычайным ситуациям сиверных марианских островов заявила, что в странении была сообщения о причинённом ущербе.",управление по чрезвычайным ситуациям северных марианских островов заявило что в стране не было сообщений о причиненном ущербе,управление по чрезвычайным ситуациям сиверных марианских островов заявила что в странении была сообщения о причиненном ущербе
1807,"Итальянский язык также является повседневным языком для большинства людей, работающих в государстве, в то время как латынь зачастую используется в религиозных церемониях.","Италянские язык также являются посидневными языком для большинства людей, работающих в государстве. В то время как латынзыч, что используется в религиозных церемониях.",итальянский язык также является повседневным языком для большинства людей работающих в государстве в то время как латынь зачастую используется в религиозных церемониях,италянские язык также являются посидневными языком для большинства людей работающих в государстве в то время как латынзыч что используется в религиозных церемониях
1785,"Скаффолдинг — это не метод обучения, а скорее форма помощи тем, кто проходит через новый опыт обучения, такой как использование новой компьютерной программы или начало нового проекта.","Скафолзинг это не метод обучение, а скорее форму помощи цем, кто проходит через новый обе-табучение. Такой как использование новый компьютерной программы или начал новый проекта.",скаффолдинг это не метод обучения а скорее форма помощи тем кто проходит через новый опыт обучения такой как использование новой компьютерной программы или начало нового проекта,скафолзинг это не метод обучение а скорее форму помощи цем кто проходит через новый обе табучение такой как использование новый компьютерной программы или начал новый проекта
1947,"До прибытия войск государство Гаити не сталкивалось с проблемами, касающимися данного заболевания, с начала 19 века.","Доприбыте я в узк, гусдорств вагаете не сталкивать с проблемами касающимися данного заболевания с начала 19 века.",до прибытия войск государство гаити не сталкивалось с проблемами касающимися данного заболевания с начала 19 века,доприбыте я в узк гусдорств вагаете не сталкивать с проблемами касающимися данного заболевания с начала 19 века
1679,Группа Aerosmith отменила оставшиеся концерты в своем турне.,Группа iOS-миз отменила оставшиеся концерты в своем турне.,группа aerosmith отменила оставшиеся концерты в своем турне,группа ios миз отменила оставшиеся концерты в своем турне
1968,"В некоторых круизных брошюрах представлен Берлин, Германия. Как вы можете видеть на карте наверху, Берлин находится вдали от моря и визит в город не включён в цену круиза.","В некоторых кроевных брошурах представлен Берлин и Армане, как вы можете видеть на карте наверху, Берлин находится в доле от моря и визит в город не включен в цену кроевца.",в некоторых круизных брошюрах представлен берлин германия как вы можете видеть на карте наверху берлин находится вдали от моря и визит в город не включен в цену круиза,в некоторых кроевных брошурах представлен берлин и армане как вы можете видеть на карте наверху берлин находится в доле от моря и визит в город не включен в цену кроевца
1826,"После несчастного случая Гибсон был доставлен в больницу, но вскоре скончался.","После несчастного случая, Gibson был доставлен в больницу, но скорей скончался.",после несчастного случая гибсон был доставлен в больницу но вскоре скончался,после несчастного случая gibson был доставлен в больницу но скорей скончался
1793,"Если вы не привыкли ездить по сельским дорогам, будьте начеку: преобладают крутые склоны, узкие переулки и резкие повороты.","Если вы не привыкли естить по сельским трогам, будьте на чеку. Преобладают крутые склоны, узкие перевуки и резкие повората.",если вы не привыкли ездить по сельским дорогам будьте начеку преобладают крутые склоны узкие переулки и резкие повороты,если вы не привыкли естить по сельским трогам будьте на чеку преобладают крутые склоны узкие перевуки и резкие повората
1823,Изучение движения отдельных водителей и автомобилей между двумя точками и их взаимодействие друг с другом осуществляется в рамках исследования транспортных потоков.,Изучения движения отдельных водителей и автомобилей между двумя точками их взаимодействия друг с другом осуществляется в рамках исследования транспортных потоков.,изучение движения отдельных водителей и автомобилей между двумя точками и их взаимодействие друг с другом осуществляется в рамках исследования транспортных потоков,изучения движения отдельных водителей и автомобилей между двумя точками их взаимодействия друг с другом осуществляется в рамках исследования транспортных потоков
1720,"Горячий шоколад отвечает стандартам Бельгии. Хотя фруктовые соки стоят дорого, они имеют превосходное качество.","Горячий шоколад отвечает стандартам бельгий, хотя фруктовые соки стоит дорого, а не имеет превосходное качество.",горячий шоколад отвечает стандартам бельгии хотя фруктовые соки стоят дорого они имеют превосходное качество,горячий шоколад отвечает стандартам бельгий хотя фруктовые соки стоит дорого а не имеет превосходное качество
1813,"Официальными языками Барселоны являются каталанский и испанский. Примерно половина населения предпочитает разговаривать на каталанском, большинство понимают его, и практически все знают испанский.",официальными языками Борселоны являются католонские и испански. Примерно половина населения предпочитают разговаривать на католонском большинство понимают его и практически все знают испански.,официальными языками барселоны являются каталанский и испанский примерно половина населения предпочитает разговаривать на каталанском большинство понимают его и практически все знают испанский,официальными языками борселоны являются католонские и испански примерно половина населения предпочитают разговаривать на католонском большинство понимают его и практически все знают испански
1840,"Подобные площадки, которые посетило большое количество людей, были организованы во многих других городах Италии и в остальном мире, в частности в Польше.","Подубные площадки, которые посетило большое количество людей. Были организованны во многих других городах и талии и в остальном мире в частности в Польже.",подобные площадки которые посетило большое количество людей были организованы во многих других городах италии и в остальном мире в частности в польше,подубные площадки которые посетило большое количество людей были организованны во многих других городах и талии и в остальном мире в частности в польже
1791,"Не оскверняйте это место, нанося или выцарапывая граффити на объекты вокруг.",Не скверняйте. Это место на насяли в цараповые графики на объекты вокруг.,не оскверняйте это место нанося или выцарапывая граффити на объекты вокруг,не скверняйте это место на насяли в цараповые графики на объекты вокруг
1738,"Он также атаковал все, что входило в воду; даже гигантский динозавр, такой как тиранозавр, не сравнился бы с ним.","Он также оттоковал все, что входило воду, даже гигантский динозавр, такой как тиранный завр и сравнился бы с ним.",он также атаковал все что входило в воду даже гигантский динозавр такой как тиранозавр не сравнился бы с ним,он также оттоковал все что входило воду даже гигантский динозавр такой как тиранный завр и сравнился бы с ним
2000,"Если вы пересекаете северную часть Балтийского моря зимой, узнайте насчёт расположения каюты, так как прохождение по льду приводит к довольно жуткому шуму, который может мешать спать наиболее чувствительным людям.","Если вы пересекаете северную часть болтийского мороземой, узнать и начало расположение каюты. Так как прохождения пальду, привоет ковольно жутко-мышуму, которая может мешать спать наиболее чувствительным людям.",если вы пересекаете северную часть балтийского моря зимой узнайте насчет расположения каюты так как прохождение по льду приводит к довольно жуткому шуму который может мешать спать наиболее чувствительным людям,если вы пересекаете северную часть болтийского мороземой узнать и начало расположение каюты так как прохождения пальду привоет ковольно жутко мышуму которая может мешать спать наиболее чувствительным людям
1936,"Перри заявил, что вернётся в Техас, ""чтобы оценить результаты сегодняшнего партийного собрания и определить, стоит ли мне продолжать гонку"", но позже сказал, что он её продолжит и будет участвовать в предварительных выборах в Южной Каролине 21 января.","Перезаивил, что вернется в тихоств, чтобы оценить результаты сегодняшнего партийного собрания и определить стоят ли мне продолжать гонку. Но, позже сказал, что он её продолжит и будет участвовать в предварительных выборах южный Королне 2021 во инварио.",перри заявил что вернется в техас чтобы оценить результаты сегодняшнего партийного собрания и определить стоит ли мне продолжать гонку но позже сказал что он ее продолжит и будет участвовать в предварительных выборах в южной каролине 21 января,перезаивил что вернется в тихоств чтобы оценить результаты сегодняшнего партийного собрания и определить стоят ли мне продолжать гонку но позже сказал что он ее продолжит и будет участвовать в предварительных выборах южный королне 2021 во инварио
1773,Прерывание сна — это процесс целенаправленного пробуждения во время обычного сна и повторного засыпания через короткое время (10–60 минут).,"Прирование в Сна, это процент цель направленного пробуждения во время обычного сна и повторного засыпания через короткое время. 10-60 минут.",прерывание сна это процесс целенаправленного пробуждения во время обычного сна и повторного засыпания через короткое время 10 60 минут,прирование в сна это процент цель направленного пробуждения во время обычного сна и повторного засыпания через короткое время 10 60 минут
1939,"Также после Революции открылись возможности работы открылись всем мужчинам, что позволило самым амбициозным и талантливым добиться успеха.","Также после революции открылись возможность работы открылись всем мужчинам, чтобы позволило самым бицозным и талантливым добиться успеха.",также после революции открылись возможности работы открылись всем мужчинам что позволило самым амбициозным и талантливым добиться успеха,также после революции открылись возможность работы открылись всем мужчинам чтобы позволило самым бицозным и талантливым добиться успеха
1877,"Нынешняя сенатор и Первая леди Аргентины Кристина Фернандес де Киршнер анонсировала выдвижение своей кандидатуры на пост президента вчера вечером в Ла-Плате, городе в 50 километрах (31 милях) от Буэнос-Айреса.",Нанишняя цена пар и первая ледик аргентиной Кристина Фернандасты Киршнер анонсировал обидвижение своей кондидаторой на пост президентов Чаравечером в Лоплате у городе в пести километрах трстедной милях от Бленус Сайрес.,нынешняя сенатор и первая леди аргентины кристина фернандес де киршнер анонсировала выдвижение своей кандидатуры на пост президента вчера вечером в ла плате городе в 50 километрах 31 милях от буэнос айреса,нанишняя цена пар и первая ледик аргентиной кристина фернандасты киршнер анонсировал обидвижение своей кондидаторой на пост президентов чаравечером в лоплате у городе в пести километрах трстедной милях от бленус сайрес
1893,"Сундарбан — это крупнейший пояс прибрежных мангровых зарослей, простирающийся от берега на 80 км (50 миль) вглубь континента в Бангладеше и Индии.","Сундарбан – это крупнейший по испреблежных мангровых зарислий, просирающийся от берега на 80 км 50 мл. в глубоком континентах бангладеша и Индии.",сундарбан это крупнейший пояс прибрежных мангровых зарослей простирающийся от берега на 80 км 50 миль вглубь континента в бангладеше и индии,сундарбан это крупнейший по испреблежных мангровых зарислий просирающийся от берега на 80 км 50 мл в глубоком континентах бангладеша и индии
1845,"Они вернулись в Париж в карете, окружённые толпой людей, которые выкрикивали угрозы королю и королеве.","Они вернулись в корее окруженные толпой людей, которые вы крикивали угрозы королю и королеве.",они вернулись в париж в карете окруженные толпой людей которые выкрикивали угрозы королю и королеве,они вернулись в корее окруженные толпой людей которые вы крикивали угрозы королю и королеве
1853,Джанкарло Физикелла потерял контроль над управлением своим автомобилем и завершил гонку вскоре после старта.,Джан Карла физикела потерял контроль на тупровлением своими автомобилем и завершил гонку в скорей после старта.,джанкарло физикелла потерял контроль над управлением своим автомобилем и завершил гонку вскоре после старта,джан карла физикела потерял контроль на тупровлением своими автомобилем и завершил гонку в скорей после старта
1816,"Дюваль, который женат и имеет двух совершеннолетних детей, не произвел большого впечатления на Миллера, которому рассказали эту историю.","Деваль, который женат и имеет двух совершенно летнег детей, не произвел большого впечатления на милера, которому рассказали эту историю.",дюваль который женат и имеет двух совершеннолетних детей не произвел большого впечатления на миллера которому рассказали эту историю,деваль который женат и имеет двух совершенно летнег детей не произвел большого впечатления на милера которому рассказали эту историю
1945,Касабланка – одно из наименее интересных мест для шопинга во всем Марокко.,Косабланка одной из наименней интересных мест для шопинка во всем морука.,касабланка одно из наименее интересных мест для шопинга во всем марокко,косабланка одной из наименней интересных мест для шопинка во всем морука
1935,"Однако это неправда. Хотя что-то и написано на обороте документа, это не карта сокровищ.","Однако это не правда. Хотя что ты написано на боротьте документа, это не карто-сакровища.",однако это неправда хотя что то и написано на обороте документа это не карта сокровищ,однако это не правда хотя что ты написано на боротьте документа это не карто сакровища
1779,"Заявление было сделано после того, как Трамп провел телефонный разговор с президентом Турции Реджепом Тайипом Эрдоганом.","заявление было сделать после того, как Trump провел телефонный разговор с президентом Турции, реже помтая и помтер Таганом.",заявление было сделано после того как трамп провел телефонный разговор с президентом турции реджепом тайипом эрдоганом,заявление было сделать после того как trump провел телефонный разговор с президентом турции реже помтая и помтер таганом
1789,"Среди других номинаций: ""Лучшая картина"", ""Режиссёр"", ""Операторская работа"", ""Дизайн костюмов"", ""Монтаж фильма"", ""Оригинальная музыка"", ""Художник-постановщик"", ""Звуковой монтаж"", ""Звук"" и ""Оригинальный сценарий"".","Среди других номинаций лучшая картина режиссёр, аппарат Раскаработа, дизайн-кастюмов, монтаж фильма, оригинальная музыка, художник постановщик, звуковой монтаж звук и оригинальный сценарий.",среди других номинаций лучшая картина режиссер операторская работа дизайн костюмов монтаж фильма оригинальная музыка художник постановщик звуковой монтаж звук и оригинальный сценарий,среди других номинаций лучшая картина режиссер аппарат раскаработа дизайн кастюмов монтаж фильма оригинальная музыка художник постановщик звуковой монтаж звук и оригинальный сценарий
1702,Всего за 2 недели силы Свободной Франции и американцы освободили южную Францию и отправились в сторону Германии.,С его задвене делились силы свободной франции и американцы освободили южную францию и отправились в сторону Германии.,всего за 2 недели силы свободной франции и американцы освободили южную францию и отправились в сторону германии,с его задвене делились силы свободной франции и американцы освободили южную францию и отправились в сторону германии
1690,"Мы согласны с заявлением USOC о том, что интересам наших спортсменов, клубов, а также их видов спорта, больше соответствует проведение реформ внутри нашей организации, а не аннулирование ее сертификации.","Мы согласны заявлениям USOC о том, что интереса в наших спортсменов клубов, а также их видов спорта, больше соответствует проведения рефор внутри нашей организации, а не анулирование ее сердцификации.",мы согласны с заявлением usoc о том что интересам наших спортсменов клубов а также их видов спорта больше соответствует проведение реформ внутри нашей организации а не аннулирование ее сертификации,мы согласны заявлениям usoc о том что интереса в наших спортсменов клубов а также их видов спорта больше соответствует проведения рефор внутри нашей организации а не анулирование ее сердцификации
1906,"""Это не станет прощанием. Это закрытие одной главы и открытие новой.""","Это не станет прощанием, это закрытие одной головы и открытие новый.",это не станет прощанием это закрытие одной главы и открытие новой,это не станет прощанием это закрытие одной головы и открытие новый
2003,"Чтобыу видеть самые живописные места Гонконга, следует покинуть остров и направиться на побережье полуострова Цзюлун, что находится напротив.","Чтобы видеть самые живописными стаган конга следует покинуть остров и направиться на побережье полосторого дзюлллл, что находится на против.",чтобыу видеть самые живописные места гонконга следует покинуть остров и направиться на побережье полуострова цзюлун что находится напротив,чтобы видеть самые живописными стаган конга следует покинуть остров и направиться на побережье полосторого дзюлллл что находится на против
1713,"Хоть Гома и является достаточно безопасным местом, следует заранее уточнять информацию насчёт любых поездок за пределы Гомы, чтобы понять, в каком состоянии находятся боевые действия, ведущиеся в провинции Северное Киву.","Хоть гома и является достаточно безопасным местом. Следует заранее уточнять информацию на счет любых поездах за пределы гомы, чтобы понять, в каком состоянии находится боевые действия, ведущейся в провинции северной киву.",хоть гома и является достаточно безопасным местом следует заранее уточнять информацию насчет любых поездок за пределы гомы чтобы понять в каком состоянии находятся боевые действия ведущиеся в провинции северное киву,хоть гома и является достаточно безопасным местом следует заранее уточнять информацию на счет любых поездах за пределы гомы чтобы понять в каком состоянии находится боевые действия ведущейся в провинции северной киву
1802,"Интернет сочетает в себе элементы как массовых, так и межличностных коммуникаций.","Интернетцы читают себе элементы как массовых, так и межличных коммуникаций.",интернет сочетает в себе элементы как массовых так и межличностных коммуникаций,интернетцы читают себе элементы как массовых так и межличных коммуникаций
1871,В тёплом климате Ближнего Востока дом не имел особого значения.,В теплом климате ближня у вас только дом не имело особого значения.,в теплом климате ближнего востока дом не имел особого значения,в теплом климате ближня у вас только дом не имело особого значения
1878,"Центр церковной власти базировался в Риме на протяжении более тысячи лет, и такое сосредоточение могущества и богатства привело к тому, что многие усомнились, а соблюдается ли этот догмат.","Центр церковной власти базировался времени на протяжении более 1000 лет. И такое сосредоточение могущества и богатства привлок тому, что многие усомнились, а соблюдается ли этот так мат.",центр церковной власти базировался в риме на протяжении более тысячи лет и такое сосредоточение могущества и богатства привело к тому что многие усомнились а соблюдается ли этот догмат,центр церковной власти базировался времени на протяжении более 1000 лет и такое сосредоточение могущества и богатства привлок тому что многие усомнились а соблюдается ли этот так мат
1740,Звуковое и световое шоу на фоне пирамиды является одним из самых интересных мероприятий в этой местности для детей.,"Звуковое, если того я шел на фоне пирамиды, является одним из самых интересных мероприятий в этом местности для детей.",звуковое и световое шоу на фоне пирамиды является одним из самых интересных мероприятий в этой местности для детей,звуковое если того я шел на фоне пирамиды является одним из самых интересных мероприятий в этом местности для детей
1702,Всего за 2 недели силы Свободной Франции и американцы освободили южную Францию и отправились в сторону Германии.,Всего за две недели силы свободной франции и американцы освободили южную францию и отправились в сторону Германии.,всего за 2 недели силы свободной франции и американцы освободили южную францию и отправились в сторону германии,всего за две недели силы свободной франции и американцы освободили южную францию и отправились в сторону германии
1953,В последствие он был перемещён в госпиталь Адденбрук в Кембридже.,В последствии он был перемещен в госпиталь один брук в кем-ридже.,в последствие он был перемещен в госпиталь адденбрук в кембридже,в последствии он был перемещен в госпиталь один брук в кем ридже
1780,"Энергия кундалини (энергия просветления) в кундалини-йоге пробуждается через позы йоги, дыхательные упражнения, мантры и визуализации.","Энергия Кундолине, Энергия просветления в Кундолине Йоге, пробуждается через поза Йоги, дыхательные упражнения, мантеры и визуализации.",энергия кундалини энергия просветления в кундалини йоге пробуждается через позы йоги дыхательные упражнения мантры и визуализации,энергия кундолине энергия просветления в кундолине йоге пробуждается через поза йоги дыхательные упражнения мантеры и визуализации
1684,Апиа – столица Самоа. Город расположен на острове Уполу и имеет население чуть менее 40 000 жителей.,Опять столицы само город расположен на острове уполу и имеет население чуть-чуть менее 40 000 жителей.,апиа столица самоа город расположен на острове уполу и имеет население чуть менее 40 000 жителей,опять столицы само город расположен на острове уполу и имеет население чуть чуть менее 40 000 жителей
1760,"Мозазавр был самым грозным хищником своего времени, поэтому он не боялся никого кроме других мозазавров.","Мазозавр был сам угрозный в хищником своего времени, поэтому они боялся никого кроме других мазозавров.",мозазавр был самым грозным хищником своего времени поэтому он не боялся никого кроме других мозазавров,мазозавр был сам угрозный в хищником своего времени поэтому они боялся никого кроме других мазозавров
1729,"Например, ежегодно учащиеся школы Беннет в Северной Каролине создают сайт о своём посещении столицы штата, и каждый год этот сайт обновляется, но доступ к старым версиям по-прежнему сохраняется — они служат памятным альбомом.","Например, ежегодно учащиеся школы бенет, все верные королине создаются это своем посещении столицы штата и каждый год этот сайт обновляется. Но доступ к старом версии мы приезжим сухранеется. Они служи памятным альбомом.",например ежегодно учащиеся школы беннет в северной каролине создают сайт о своем посещении столицы штата и каждый год этот сайт обновляется но доступ к старым версиям по прежнему сохраняется они служат памятным альбомом,например ежегодно учащиеся школы бенет все верные королине создаются это своем посещении столицы штата и каждый год этот сайт обновляется но доступ к старом версии мы приезжим сухранеется они служи памятным альбомом
1756,"Поздно вечером в воскресенье президент США Дональд Трамп через пресс-секретаря заявил, что войска США покинут Сирию.","По-знавечером воскресенье президент США Donald Trump через присиктря заявил, что войска США покинут серии.",поздно вечером в воскресенье президент сша дональд трамп через пресс секретаря заявил что войска сша покинут сирию,по знавечером воскресенье президент сша donald trump через присиктря заявил что войска сша покинут серии
1912,Почти все более мелкие острова являются независимыми государствами или ассоциированы с Францией и известны как шикарные пляжные курорты.,Почти все более мелкие здравоевляются независимыми кассударствами или соцированы с францей и известны как шикарный пляжный курорта.,почти все более мелкие острова являются независимыми государствами или ассоциированы с францией и известны как шикарные пляжные курорты,почти все более мелкие здравоевляются независимыми кассударствами или соцированы с францей и известны как шикарный пляжный курорта
1882,"Учёные надеются понять, как образуются планеты, особенно то, как образовалась Земля, поскольку кометы сталкивались  с Землёй очень давно.","Учелные надеются понять, как образуются планеты. Особенно то, как образовалась земля, поскольку кометы сталкивали землей очень давно.",ученые надеются понять как образуются планеты особенно то как образовалась земля поскольку кометы сталкивались с землей очень давно,учелные надеются понять как образуются планеты особенно то как образовалась земля поскольку кометы сталкивали землей очень давно
1956,"Использование кораблей для транспортировки товаров является, безусловно, самым эффективным способом перевозки большого количества людей и грузов через океаны.",Использование кораблей для транспортировки товаров является безусловно самыми эффективным способом перевозки большого количества людей и грузов через окианы.,использование кораблей для транспортировки товаров является безусловно самым эффективным способом перевозки большого количества людей и грузов через океаны,использование кораблей для транспортировки товаров является безусловно самыми эффективным способом перевозки большого количества людей и грузов через окианы
1973,"Но, оказавшись в ""глубоких тропиках"" лишь в нескольких градусах к северу от экватора, вам придется справляться как с жарой (постоянно), так и с сильным солнцем (при безоблачном небе, реже).","Но оказавшись глубоких тропиках, лишь несколько градусов, ксевероятек ватором, вам придется справляться как сжерой, постоянно, так и синем солнце, приблизолочном небе, реже.",но оказавшись в глубоких тропиках лишь в нескольких градусах к северу от экватора вам придется справляться как с жарой постоянно так и с сильным солнцем при безоблачном небе реже,но оказавшись глубоких тропиках лишь несколько градусов ксевероятек ватором вам придется справляться как сжерой постоянно так и синем солнце приблизолочном небе реже
1862,"NextGen — это система, которая, по заверению Федеральной авиационной администрации США, позволит самолетам летать по сокращенным маршрутам и ежегодно экономить миллионы галлонов топлива, а также снизить выбросы углерода.","Некст Джен – это система, которая позвелению федеральной авиационной адмиистрации США позволится молёпом летать посокращенным маршрутым и ежегодно экономить миллионы галонов топлива. А также снизить, и выбросил блено.",nextgen это система которая по заверению федеральной авиационной администрации сша позволит самолетам летать по сокращенным маршрутам и ежегодно экономить миллионы галлонов топлива а также снизить выбросы углерода,некст джен это система которая позвелению федеральной авиационной адмиистрации сша позволится молепом летать посокращенным маршрутым и ежегодно экономить миллионы галонов топлива а также снизить и выбросил блено
1829,"Путешественники, направляющиеся в страны с высоким налогообложением, могут иногда сэкономить значительную сумму, особенно на таких товарах, как спиртные напитки и табак.","Пути шея ственики направляющиеся в страны с высоким налога обложениям могут иногда сэкономить значительную сумму, особенно на таких товарах, как спиртные напитки и табак.",путешественники направляющиеся в страны с высоким налогообложением могут иногда сэкономить значительную сумму особенно на таких товарах как спиртные напитки и табак,пути шея ственики направляющиеся в страны с высоким налога обложениям могут иногда сэкономить значительную сумму особенно на таких товарах как спиртные напитки и табак
1886,"Древние культуры и племена начали оставлять их себе, чтобы иметь под рукой молоко, шерсть, мясо и шкуру.","Древние культуры и племена начали оставлять их себе, чтобы иметь под рукой молоко шерсть мясо и шкуру.",древние культуры и племена начали оставлять их себе чтобы иметь под рукой молоко шерсть мясо и шкуру,древние культуры и племена начали оставлять их себе чтобы иметь под рукой молоко шерсть мясо и шкуру
1975,"Население Ватикана составляет около 800 человек. Это самая маленькая независимая страна в мире, а также страна, имеющая наименьшее население.","На селение в атеконно составляет около 800 человек. Это самое маленькое независимо из тронавмеря, а также страна и мещенное и мещое население.",население ватикана составляет около 800 человек это самая маленькая независимая страна в мире а также страна имеющая наименьшее население,на селение в атеконно составляет около 800 человек это самое маленькое независимо из тронавмеря а также страна и мещенное и мещое население
1689,"Европа — относительно маленький континент, но на нём много независимых государств. В обычных обстоятельствах путешествие через множество стран означало бы необходимость подачи прошений для получения визы и многократного прохождения паспортного контроля.","Зевропа относительно маленький континент, но на нем много независимых государств. В обычных обстоятельствах путешествий через множество стран означало бы необходимость подачи прошедней для получения виз и много кратного прохождения по аспортного контроля.",европа относительно маленький континент но на нем много независимых государств в обычных обстоятельствах путешествие через множество стран означало бы необходимость подачи прошений для получения визы и многократного прохождения паспортного контроля,зевропа относительно маленький континент но на нем много независимых государств в обычных обстоятельствах путешествий через множество стран означало бы необходимость подачи прошедней для получения виз и много кратного прохождения по аспортного контроля
1984,"Массовое владение автомобилями также приводит к увеличению числа ДТП на дорогах, что приводит к изобретению в здравоохранении новых методов лечения полученных травм.","Массовые владения автомобилями также приводит к увеличению числа ДТП на дорогах, что приводит к изобретению здравоохранений новых методовлетения полученных травм.",массовое владение автомобилями также приводит к увеличению числа дтп на дорогах что приводит к изобретению в здравоохранении новых методов лечения полученных травм,массовые владения автомобилями также приводит к увеличению числа дтп на дорогах что приводит к изобретению здравоохранений новых методовлетения полученных травм
1714,"Спутник был доставлен в космос ракетой. Ученые используют телескопы в космосе, потому что атмосфера Земли в некоторой степени искажает наш свет и обзор.","Спутник был доставлен в космос ракеты. Ученые используют телескопы в космосе, потому что от нас вверх и земли, в некоторых степени и скажают наш свет и отзор.",спутник был доставлен в космос ракетой ученые используют телескопы в космосе потому что атмосфера земли в некоторой степени искажает наш свет и обзор,спутник был доставлен в космос ракеты ученые используют телескопы в космосе потому что от нас вверх и земли в некоторых степени и скажают наш свет и отзор
1734,"Ученые смогли сделать вывод, что темная материя воздействует на другую темную материю так же, как и в случае с обычной материей.","Ученые смогли сделать вывата, что темная материя воздействует на другую темную материю также, как и в случае с обычной материи.",ученые смогли сделать вывод что темная материя воздействует на другую темную материю так же как и в случае с обычной материей,ученые смогли сделать вывата что темная материя воздействует на другую темную материю также как и в случае с обычной материи
1696,"Исследователи университета сообщили, что эти два соединения вступают друг с другом в реакцию, образуя кристаллы, которые могут блокировать работу почек.","И следователи университета сообщили, что эти два садения вступают друг с другом реакцию образуя кресталы, которые могут блокировать работу почек.",исследователи университета сообщили что эти два соединения вступают друг с другом в реакцию образуя кристаллы которые могут блокировать работу почек,и следователи университета сообщили что эти два садения вступают друг с другом реакцию образуя кресталы которые могут блокировать работу почек
2006,"Такие элементы, как кальций и калий, считаются металлами. Конечно, также есть такие металлы, как серебро и золото.","Такие элементы как кольца и колья считаются металлами. Конечно, так же есть такие металлы как сирепроизолота.",такие элементы как кальций и калий считаются металлами конечно также есть такие металлы как серебро и золото,такие элементы как кольца и колья считаются металлами конечно так же есть такие металлы как сирепроизолота
1694,Дети передаются под опеку по множеству разнообразных причин: от беспризорности до жестокого обращения и даже вымогательств.,"Дети передаются под эпеку по множеству разнообразных причин, от бездризорности, даже стокого обращения и даже вымагательств.",дети передаются под опеку по множеству разнообразных причин от беспризорности до жестокого обращения и даже вымогательств,дети передаются под эпеку по множеству разнообразных причин от бездризорности даже стокого обращения и даже вымагательств
1900,"Ее очень нелегко обнаружить даже тому, кто знает о ее существовании. В пещере человек оказывается в полной изоляции.","Ее очень нелегкообно ружит даже тому, кто знает у ее существований. В бесчере человека указывается в полной изоляции.",ее очень нелегко обнаружить даже тому кто знает о ее существовании в пещере человек оказывается в полной изоляции,ее очень нелегкообно ружит даже тому кто знает у ее существований в бесчере человека указывается в полной изоляции
1699,"Бишкек был описан одним обозревателем как погружающийся в состояние анархии, поскольку группы людей бегали по улицам и грабили магазины с потребительскими товарами.","Бешке был описан одним обозревательным как покружающейся в состоянии онархии, поскольку группы людей бегали по улицам и корабли магазина с потребительскими товарами.",бишкек был описан одним обозревателем как погружающийся в состояние анархии поскольку группы людей бегали по улицам и грабили магазины с потребительскими товарами,бешке был описан одним обозревательным как покружающейся в состоянии онархии поскольку группы людей бегали по улицам и корабли магазина с потребительскими товарами
1726,"Учебные экскурсии очень важны для любого класса. Очень часто учителям хочется отвезти своих учеников туда, куда нельзя доехать на автобусе.","Учебные экскурсии очень важны любого класса. Очень часто учителяем хочется ответить своих ученьков туда, куда нельзя доехать на автобусе.",учебные экскурсии очень важны для любого класса очень часто учителям хочется отвезти своих учеников туда куда нельзя доехать на автобусе,учебные экскурсии очень важны любого класса очень часто учителяем хочется ответить своих ученьков туда куда нельзя доехать на автобусе
1881,Выкладывание экскурсии в виртуальное пространство для всеобщего обозрения — это также отличный способ освежить в памяти экскурсию и поделиться своим полученными знаниями с будущими классами.,Вокладывание экскурсии в Виртуарное образстранство для всеобщего возрения. Это также отличный способ освежить памяти экскурсию по телице своими получными знаниями из будущими классами.,выкладывание экскурсии в виртуальное пространство для всеобщего обозрения это также отличный способ освежить в памяти экскурсию и поделиться своим полученными знаниями с будущими классами,вокладывание экскурсии в виртуарное образстранство для всеобщего возрения это также отличный способ освежить памяти экскурсию по телице своими получными знаниями из будущими классами
1719,"Неблагоприятные метеоусловия — это общий термин для обозначения любого опасного явления погоды, способного причинить какой-либо ущерб, вызвать серьёзные социальные потрясения или привести к человеческим жертвам.","Не было приятное иметь его слово, это общий термин для обозначения любого опасного явления погоды, способную причинить какой-либо ущерб, вызвать серьезные социальные потрясения или привести к человеческим жертвам.",неблагоприятные метеоусловия это общий термин для обозначения любого опасного явления погоды способного причинить какой либо ущерб вызвать серьезные социальные потрясения или привести к человеческим жертвам,не было приятное иметь его слово это общий термин для обозначения любого опасного явления погоды способную причинить какой либо ущерб вызвать серьезные социальные потрясения или привести к человеческим жертвам
1848,"Вчера утром возле главного полицейского управления Газиантепа (Турция) был подорван автомобиль, в результате чего погибли 2 полицейских и еще более 20 человек получили ранения.","Вчера утром возле главного полицейского управления газианта Патурция, был подорблен, а автомобиль в результате чего погибли двое полицейских и еще более 20 человеклочли ранения.",вчера утром возле главного полицейского управления газиантепа турция был подорван автомобиль в результате чего погибли 2 полицейских и еще более 20 человек получили ранения,вчера утром возле главного полицейского управления газианта патурция был подорблен а автомобиль в результате чего погибли двое полицейских и еще более 20 человеклочли ранения
1710,"На прошлой недели Министерство экономики, труда и промышленности объявило, что Apple  проинформировала его о 34 дополнительных случаях перегрева, которые компания назвала ""несерьёзными"".","На прошлой неделе министерстве экономики труда и промышленности объявила, что Apple проинформировала его от 33 дополнительных случаях перегрева, который компанина звала не серьезными.",на прошлой недели министерство экономики труда и промышленности объявило что apple проинформировала его о 34 дополнительных случаях перегрева которые компания назвала несерьезными,на прошлой неделе министерстве экономики труда и промышленности объявила что apple проинформировала его от 33 дополнительных случаях перегрева который компанина звала не серьезными
1983,"Слово ""цивилизация"" происходит от латинского civilis, что означает ""гражданский"" и является родственником латинских слов civis, означающего ""гражданин"", и civitas, означающего ""город"" или ""город-государство"", и оно также определенным образом выражает размер общества.","Слово цивилизация происходит от Латинского Сивились, что означает гражданский и является родственником Латинских слов Сивез, означающего гражданин и Сиветас, означающего город или город государства. И оно также определенным образом выражает размер общества.",слово цивилизация происходит от латинского civilis что означает гражданский и является родственником латинских слов civis означающего гражданин и civitas означающего город или город государство и оно также определенным образом выражает размер общества,слово цивилизация происходит от латинского сивились что означает гражданский и является родственником латинских слов сивез означающего гражданин и сиветас означающего город или город государства и оно также определенным образом выражает размер общества
1785,"Скаффолдинг — это не метод обучения, а скорее форма помощи тем, кто проходит через новый опыт обучения, такой как использование новой компьютерной программы или начало нового проекта.","Скавфолдинг это не метод обучения, а скорее форма помощи тем, кто проходит через новый опыт обучения, такой, как использование новый компьютерной программы или начало нового проекта.",скаффолдинг это не метод обучения а скорее форма помощи тем кто проходит через новый опыт обучения такой как использование новой компьютерной программы или начало нового проекта,скавфолдинг это не метод обучения а скорее форма помощи тем кто проходит через новый опыт обучения такой как использование новый компьютерной программы или начало нового проекта
1838,"Великая Пирамида в Гизе это единственное из семи чудес света, которое существует сегодня.","Великая пирамидов Гизе — это единственная и семечудес света, которая существует сегодня.",великая пирамида в гизе это единственное из семи чудес света которое существует сегодня,великая пирамидов гизе это единственная и семечудес света которая существует сегодня
1680,"Будучи всесторонне развитым атлетом, тигр может взбираться на деревья (хотя и не очень хорошо), плавать, прыгать на большие расстояния и тянуть с силой пяти крепких человек.","Будучи все сторонние развиты могли, тигр может собираться на деревья, хотя и не очень хорошо. Плавать, прыгать на большие расстояния и тянуть силы пяти крепких человек.",будучи всесторонне развитым атлетом тигр может взбираться на деревья хотя и не очень хорошо плавать прыгать на большие расстояния и тянуть с силой пяти крепких человек,будучи все сторонние развиты могли тигр может собираться на деревья хотя и не очень хорошо плавать прыгать на большие расстояния и тянуть силы пяти крепких человек
1744,"Чем меньше число Россби, тем менее активна звезда по отношению к инверсиям магнитного поля.","Чем меньше число розби, тем менее активно звезда по отношению к инверсиям магнитного поля.",чем меньше число россби тем менее активна звезда по отношению к инверсиям магнитного поля,чем меньше число розби тем менее активно звезда по отношению к инверсиям магнитного поля
1932,"За пять минут до начала салюта ветер начал усиливаться, минутой позже ветер достиг скорости 70 километров в час... Затем начался дождь, такой сильный и крупный, будто на тебя падают иголки, потом с неба посыпался град, люди в панике кричали и сталкивались друг с другом.","Запять минут до начала солюта ветер начал усиливаться. Минутый позже ветер достиг с корости 70 километров в час. Затем начался дождь, такой сильный и крупный. Вот то на тебя падают и голки, потом с неба посыпался град, люди в панике кричали и сталкивались друг с другом.",за пять минут до начала салюта ветер начал усиливаться минутой позже ветер достиг скорости 70 километров в час затем начался дождь такой сильный и крупный будто на тебя падают иголки потом с неба посыпался град люди в панике кричали и сталкивались друг с другом,запять минут до начала солюта ветер начал усиливаться минутый позже ветер достиг с корости 70 километров в час затем начался дождь такой сильный и крупный вот то на тебя падают и голки потом с неба посыпался град люди в панике кричали и сталкивались друг с другом
1660,"Романтизм во многом включал в себя культурный детерминизм, почерпнутый у таких писателей, как Гёте, Фихте и Шлегель.",Романтизем в многом включал в себе культурный дитерминий. Почеркнут и у таких писателей как геотэфихты и шлегель.,романтизм во многом включал в себя культурный детерминизм почерпнутый у таких писателей как гете фихте и шлегель,романтизем в многом включал в себе культурный дитерминий почеркнут и у таких писателей как геотэфихты и шлегель
1682,"Хотя никто не знает наверняка, кто его написал, известно, что в начале своего существования этот большой пергаментный документ (размером 29¾ на 24½ дюйма) был свёрнут для более удобного хранения.","Хотя никто не знает наверняка, кто его написал, известно, что в начале своего существования этот большой пергаментный документ размером 29,340 на 20,3, а на вторая дюйма был свернут для более удобного хранения.",хотя никто не знает наверняка кто его написал известно что в начале своего существования этот большой пергаментный документ размером 293 4 на 241 2 дюйма был свернут для более удобного хранения,хотя никто не знает наверняка кто его написал известно что в начале своего существования этот большой пергаментный документ размером 29 340 на 20 3 а на вторая дюйма был свернут для более удобного хранения
1676,"Как и во всех южноафриканских национальных парках, в этом парке существует ежедневная плата за его охрану и посещение.","Как и во всех южного в реканских национальных парках, в этом парке существует ежедневная плата за его охрану и посещение.",как и во всех южноафриканских национальных парках в этом парке существует ежедневная плата за его охрану и посещение,как и во всех южного в реканских национальных парках в этом парке существует ежедневная плата за его охрану и посещение
1691,"На некоторых маршрутах  у более крупных компаний есть свои собственные самолёты, но для других маршрутов и более мелких компаний с этим была проблема.","На некоторых маршрутов у более крупных компаний есть свои собственные самолеты, но для других маршрутов и более мелких компаний. С этим было проблема.",на некоторых маршрутах у более крупных компаний есть свои собственные самолеты но для других маршрутов и более мелких компаний с этим была проблема,на некоторых маршрутов у более крупных компаний есть свои собственные самолеты но для других маршрутов и более мелких компаний с этим было проблема
1755,Одна из бомб взорвалась возле офиса генерал-губернатора.,Одна из бом взорвалась возле офиса генерал губернатора.,одна из бомб взорвалась возле офиса генерал губернатора,одна из бом взорвалась возле офиса генерал губернатора
1717,"Обратный поток сосредоточен в нескольких более глубоких участках, где может образовываться быстрое течение, уходящее на большую глубину, из-за подобной подводной топологии.","Обратный поток со средаточена в нескольких более глубоких участках, где может образовываться быстротечение уходящая на большую глубину, из-за подобной подводной топологии.",обратный поток сосредоточен в нескольких более глубоких участках где может образовываться быстрое течение уходящее на большую глубину из за подобной подводной топологии,обратный поток со средаточена в нескольких более глубоких участках где может образовываться быстротечение уходящая на большую глубину из за подобной подводной топологии
1820,"Сейчас люди пишут сообщения на экранах компьютеров, и им никогда не приходится иметь дело с точилкой.","Сейчас люди пишут сообщения на экранах компьютеров, и никогда не приходилось смендело стачилкой.",сейчас люди пишут сообщения на экранах компьютеров и им никогда не приходится иметь дело с точилкой,сейчас люди пишут сообщения на экранах компьютеров и никогда не приходилось смендело стачилкой
1919,"Этот город также является отправной точкой для восхождения на вулкан Ньирагонго, а также здесь можно посмотреть на горных горилл в дикой природе по одной из самых дешёвых цен в Африке.",Это дьгород также является отправной точкой для восхождения на волканне не рогонга. А также здесь можно посмотреть на горных горел в дикой природе по одной из самых дешевых цен в Африке.,этот город также является отправной точкой для восхождения на вулкан ньирагонго а также здесь можно посмотреть на горных горилл в дикой природе по одной из самых дешевых цен в африке,это дьгород также является отправной точкой для восхождения на волканне не рогонга а также здесь можно посмотреть на горных горел в дикой природе по одной из самых дешевых цен в африке
1950,"Сравнительно не далеко, к северу, расположен романтический и очаровательный городок Синтра, воспетый лордом Байроном и получивший после этого известность во всём мире.","Сравнительно недалеко к северам, расположен на романтический и очаровательный городок Синдра, воспитые Лордом Байрану и получившие после этого известности во всем мире.",сравнительно не далеко к северу расположен романтический и очаровательный городок синтра воспетый лордом байроном и получивший после этого известность во всем мире,сравнительно недалеко к северам расположен на романтический и очаровательный городок синдра воспитые лордом байрану и получившие после этого известности во всем мире
1738,"Он также атаковал все, что входило в воду; даже гигантский динозавр, такой как тиранозавр, не сравнился бы с ним.","Он также отоковал все, что входило в воду даже гигантский динозавр такой как тернозавр не сравнился бы с ним.",он также атаковал все что входило в воду даже гигантский динозавр такой как тиранозавр не сравнился бы с ним,он также отоковал все что входило в воду даже гигантский динозавр такой как тернозавр не сравнился бы с ним
1804,"Гаитянский Институт Справедливости и Демократии сослался на независимое исследование, которое предполагает, что непальский миротворческий батальон ООН непреднамеренно завёз заболевание в Гаити.","Гайтянский институт справедливости и демократии. Сослался на независимое исследование, которое предполагает, что не париск и миротворческий батальону он не преднамеренно завёз заболевание в Гайте.",гаитянский институт справедливости и демократии сослался на независимое исследование которое предполагает что непальский миротворческий батальон оон непреднамеренно завез заболевание в гаити,гайтянский институт справедливости и демократии сослался на независимое исследование которое предполагает что не париск и миротворческий батальону он не преднамеренно завез заболевание в гайте
1992,"Термин ""сафари"" в повседневном использовании означает наземную поездку с целью посмотреть поразительную дикую природу Африки, особенно в саванне.","Термен сафарев по в себе вновном использовании означает на земную поездку. Сцелю посмотреть по развитию деку природу Африке, особенно в соване.",термин сафари в повседневном использовании означает наземную поездку с целью посмотреть поразительную дикую природу африки особенно в саванне,термен сафарев по в себе вновном использовании означает на земную поездку сцелю посмотреть по развитию деку природу африке особенно в соване
1991,"В течение этого периода европейской истории, католическая церковь, ставшая богатой и сильной, оказалась объектом пристального внимания.",В точении этого периода европейской истории катарическая церковь ставшая богатая и сили оказалась объектом пристылявого внимания.,в течение этого периода европейской истории католическая церковь ставшая богатой и сильной оказалась объектом пристального внимания,в точении этого периода европейской истории катарическая церковь ставшая богатая и сили оказалась объектом пристылявого внимания
1678,"В статье ""Речь президента"" Оливер Сакс описал, как люди, которые из-за повреждения мозга неспособны понимать речь, тем не менее могут правильно оценить искренность говорящего.","В статье речь президента Oliver Sox описал как люди, которые из-за повреждения мозга не способны понимать речь, тем не менее могут правильно оценить и скрытность говорящего.",в статье речь президента оливер сакс описал как люди которые из за повреждения мозга неспособны понимать речь тем не менее могут правильно оценить искренность говорящего,в статье речь президента oliver sox описал как люди которые из за повреждения мозга не способны понимать речь тем не менее могут правильно оценить и скрытность говорящего
1908,Важно различать глаголы и дополнения.,Важно различать глагол и дополнение.,важно различать глаголы и дополнения,важно различать глагол и дополнение
1713,"Хоть Гома и является достаточно безопасным местом, следует заранее уточнять информацию насчёт любых поездок за пределы Гомы, чтобы понять, в каком состоянии находятся боевые действия, ведущиеся в провинции Северное Киву.","Коть гома является достаточно безопасным местом. Следует заранее уточнять информацию на счет любых поездок за пределы гома. Чтобы понять, в каком состоянии находится бы в идестве, ведущийся в провинции северной киму.",хоть гома и является достаточно безопасным местом следует заранее уточнять информацию насчет любых поездок за пределы гомы чтобы понять в каком состоянии находятся боевые действия ведущиеся в провинции северное киву,коть гома является достаточно безопасным местом следует заранее уточнять информацию на счет любых поездок за пределы гома чтобы понять в каком состоянии находится бы в идестве ведущийся в провинции северной киму
1982,"Для женщин: всем туристкам рекомендуется говорить, что они замужем, независимо от их настоящего семейного положения.","Бля женщин, всем туристкам рекомендуются говорить, что они замужи, независимо от их настоящего семейного положения.",для женщин всем туристкам рекомендуется говорить что они замужем независимо от их настоящего семейного положения,бля женщин всем туристкам рекомендуются говорить что они замужи независимо от их настоящего семейного положения
1979,"Официальной валютой Фолклендских островов является фунт Фолкендских островов (FKP), стоимость которого эквивалентна стоимости одного британского фунта стерлингов (GBP).",официальная валютная фолкнских островов является фунт фолклинских остров FKP стоимость которого к вивалент на основе пяти одного британского фунтастируйнгов Gbp,официальной валютой фолклендских островов является фунт фолкендских островов fkp стоимость которого эквивалентна стоимости одного британского фунта стерлингов gbp,официальная валютная фолкнских островов является фунт фолклинских остров fkp стоимость которого к вивалент на основе пяти одного британского фунтастируйнгов gbp
1744,"Чем меньше число Россби, тем менее активна звезда по отношению к инверсиям магнитного поля.","Чем меньше число розпи, тем менее активно звезда по отношению к инверсиям магнитного поля.",чем меньше число россби тем менее активна звезда по отношению к инверсиям магнитного поля,чем меньше число розпи тем менее активно звезда по отношению к инверсиям магнитного поля
1954,"Их отличали дисциплинированная защита, мастерство владения мячом и превосходная командная работа, и было ясно, что обыграть эту команду непросто.","Их отличали дисциплинированная защита мастерства владения мечом и превосходная команда работа и было ясно, чтобы играть эту команду не просто.",их отличали дисциплинированная защита мастерство владения мячом и превосходная командная работа и было ясно что обыграть эту команду непросто,их отличали дисциплинированная защита мастерства владения мечом и превосходная команда работа и было ясно чтобы играть эту команду не просто
1698,"Все во вселенной состоит из материи. Вся материя состоит из мельчайших частиц, называемых атомами.",Все в Селены состоит из материи. Все материи состоит из мельчайших частицей с называемых атомами.,все во вселенной состоит из материи вся материя состоит из мельчайших частиц называемых атомами,все в селены состоит из материи все материи состоит из мельчайших частицей с называемых атомами
1706,"Более традиционные церкви зачастую проводят пасхальное богослужение в субботу вечером во время пасхальных выходных, при этом прихожане обычно начинают в полночь празднование Воскресения Христа.","Более традиционный царк, зачастую проводит пасхальная покосложения субтубеичером во время пасхальных выходных. При этом, прихожание обычно начинают в полочь празднования в воскресенье Христа.",более традиционные церкви зачастую проводят пасхальное богослужение в субботу вечером во время пасхальных выходных при этом прихожане обычно начинают в полночь празднование воскресения христа,более традиционный царк зачастую проводит пасхальная покосложения субтубеичером во время пасхальных выходных при этом прихожание обычно начинают в полочь празднования в воскресенье христа
1759,"Доктора Малар Баласубраманиан, 29 лет, нашли в Блю-Эше (штат Огайо), пригороде примерно в 15 милях к северу от Цинциннати. Он лежал на земле рядом с дорогой в футболке и нижнем белье и, по-видимому, в состоянии сильного наркотического опьянения.","Доктора Малар была субромоня, 29 лет нашли в Блёк-Сша, штатогая, при городе примерно 15 млх к северу оцензанате. Он лежал на земле рядом с дорогой футболки и нижнем билет и, во-видимому, состояние сильного наркотического обинения.",доктора малар баласубраманиан 29 лет нашли в блю эше штат огайо пригороде примерно в 15 милях к северу от цинциннати он лежал на земле рядом с дорогой в футболке и нижнем белье и по видимому в состоянии сильного наркотического опьянения,доктора малар была субромоня 29 лет нашли в блек сша штатогая при городе примерно 15 млх к северу оцензанате он лежал на земле рядом с дорогой футболки и нижнем билет и во видимому состояние сильного наркотического обинения
1824,"Плато Гиза, или же Некрополь Гизы, в египетской Долине Мёртвых, включает несколько пирамид (из которых Великая пирамида Гизы — самая большая), несколько небольших гробниц, несколько храмов и Большой сфинкс.",Плата гиза или же никропа льгизы в яке пеской дарине мертвых включают несколько перомит из которых великая перомида гиза самое большая несколько небольших гробниц несколько храмов и большой сфинкс,плато гиза или же некрополь гизы в египетской долине мертвых включает несколько пирамид из которых великая пирамида гизы самая большая несколько небольших гробниц несколько храмов и большой сфинкс,плата гиза или же никропа льгизы в яке пеской дарине мертвых включают несколько перомит из которых великая перомида гиза самое большая несколько небольших гробниц несколько храмов и большой сфинкс
1891,Лаккха Сингх исполнил чхаппан бхог бхаджан.  Певец Раджу Кханделвал пел вместе с ним.,"Лакха синг исполнил чхапан, пхок, пха, джан, певец, раджу, кандерл, вал, пел в бесестни.",лаккха сингх исполнил чхаппан бхог бхаджан певец раджу кханделвал пел вместе с ним,лакха синг исполнил чхапан пхок пха джан певец раджу кандерл вал пел в бесестни
1982,"Для женщин: всем туристкам рекомендуется говорить, что они замужем, независимо от их настоящего семейного положения.","Для женщин всем туристкам рекомендуются говорить, что они замужем и зависимо от их настоящего семейного положения.",для женщин всем туристкам рекомендуется говорить что они замужем независимо от их настоящего семейного положения,для женщин всем туристкам рекомендуются говорить что они замужем и зависимо от их настоящего семейного положения
1941,Эти пары могут выбрать  создание плана усыновления для своего ребёнка.,Эти пары могут выбрать создание планов с наувления для своего ребенка.,эти пары могут выбрать создание плана усыновления для своего ребенка,эти пары могут выбрать создание планов с наувления для своего ребенка
1664,"Получите новую смесь, перемешав два сухих порошка в одной емкости, а затем чистыми влажными руками слепите из этой смеси шарик.","Получите новые смесь перемешав двадцать их поражка в одной емкости, а затем чистыми влажными руками слепите из этой смесь шарик.",получите новую смесь перемешав два сухих порошка в одной емкости а затем чистыми влажными руками слепите из этой смеси шарик,получите новые смесь перемешав двадцать их поражка в одной емкости а затем чистыми влажными руками слепите из этой смесь шарик
1939,"Также после Революции открылись возможности работы открылись всем мужчинам, что позволило самым амбициозным и талантливым добиться успеха.","Также после революции открылись возможность работы открылись всем мужчинам, что позволило самым обицозным и талантливым добицуз пеха.",также после революции открылись возможности работы открылись всем мужчинам что позволило самым амбициозным и талантливым добиться успеха,также после революции открылись возможность работы открылись всем мужчинам что позволило самым обицозным и талантливым добицуз пеха
1951,"В 2002 году город Гома был разрушен лавой вулкана Ньирагонго, которая похоронила под собой большую часть городских улиц, особенно центральную часть города.","В 2002 году город Гома был разрушен лавой Вулкана Нирогонга, которая покорняла под собой больше участка разных улиц, особенно центральную часть города.",в 2002 году город гома был разрушен лавой вулкана ньирагонго которая похоронила под собой большую часть городских улиц особенно центральную часть города,в 2002 году город гома был разрушен лавой вулкана нирогонга которая покорняла под собой больше участка разных улиц особенно центральную часть города
1918,Сундарбан был объявлен Объектом всемирного наследия ЮНЕСКО. Часть леса в пределах индийской территории называется Национальный парк Сундарбан.,Сундарбан был объявлен объектом Всемирного наследия Юнезко. Часлесов в пределах индийской территории называется национальный парк Сундарбан.,сундарбан был объявлен объектом всемирного наследия юнеско часть леса в пределах индийской территории называется национальный парк сундарбан,сундарбан был объявлен объектом всемирного наследия юнезко часлесов в пределах индийской территории называется национальный парк сундарбан
1752,"Это привело к тому, что два вида рыб вымерли, а два других, в том числе горбатый голавль, попали под угрозу исчезновения.","Это привело к тому, что два вида рыб вымерли, а два других, в том числе, аграбаты головли, попали по дугрозу и чизновения.",это привело к тому что два вида рыб вымерли а два других в том числе горбатый голавль попали под угрозу исчезновения,это привело к тому что два вида рыб вымерли а два других в том числе аграбаты головли попали по дугрозу и чизновения
1707,Он является одной из главных достопримечательностей Южной Африки и считается ведущим среди южноафриканских национальных парков (SANParks).,"Он является одной из главных доступов замечательности южной Африке и считается ведущим среди южной Африканских национальных парков, Сан-Паркс.",он является одной из главных достопримечательностей южной африки и считается ведущим среди южноафриканских национальных парков sanparks,он является одной из главных доступов замечательности южной африке и считается ведущим среди южной африканских национальных парков сан паркс
1720,"Горячий шоколад отвечает стандартам Бельгии. Хотя фруктовые соки стоят дорого, они имеют превосходное качество.","Аречи шиколад отвечает стандартно-белий, хотя фурктовые соки стоят дорого, они имеют превосходное качество.",горячий шоколад отвечает стандартам бельгии хотя фруктовые соки стоят дорого они имеют превосходное качество,аречи шиколад отвечает стандартно белий хотя фурктовые соки стоят дорого они имеют превосходное качество
1731,"Исследуя архипелаги или посещая озера, вы вполне сможете обойтись и без яхты.","И следую архипилаги или посещая озера, вы вполне сможете обоитесь и без яхты.",исследуя архипелаги или посещая озера вы вполне сможете обойтись и без яхты,и следую архипилаги или посещая озера вы вполне сможете обоитесь и без яхты
1869,"Его длинные челюсти были усеяны более чем 70 острейшими зубами, вдобавок имелся дополнительный ряд на нёбе, так что тем, кто встречался на его пути, не было спасения.","И в отдельном очередь были усейнем более 70-лн. Стрейшими зубами. Добава кемелся дополнительные ряд на небо. Так что тем, кто встречался на его пути, не было спасение.",его длинные челюсти были усеяны более чем 70 острейшими зубами вдобавок имелся дополнительный ряд на небе так что тем кто встречался на его пути не было спасения,и в отдельном очередь были усейнем более 70 лн стрейшими зубами добава кемелся дополнительные ряд на небо так что тем кто встречался на его пути не было спасение
1745,"Растения выглядят лучше всего в своей естественной среде обитания, поэтому не поддавайтесь искушению взять хотя бы один экземпляр.",Растение выглядит лучше всего в своей естественной среде обитания. Поэтому не поддавайтесь искушению взять хотя бы один экземпляр.,растения выглядят лучше всего в своей естественной среде обитания поэтому не поддавайтесь искушению взять хотя бы один экземпляр,растение выглядит лучше всего в своей естественной среде обитания поэтому не поддавайтесь искушению взять хотя бы один экземпляр
1934,Обычно всегда слышен шум от туристов и продавцов. История звука и света похожа на книгу с историями.,Обычно всегда слышим шум от туристов и продавцов и стуриозмука и света похожи на книгу с историей.,обычно всегда слышен шум от туристов и продавцов история звука и света похожа на книгу с историями,обычно всегда слышим шум от туристов и продавцов и стуриозмука и света похожи на книгу с историей
1813,"Официальными языками Барселоны являются каталанский и испанский. Примерно половина населения предпочитает разговаривать на каталанском, большинство понимают его, и практически все знают испанский.",Официальными языками брасилоны являются католанские и испанские. Примерно половина населения предпочитает разговаривать на католанском. Большинство понимают его и практически все знают испанские.,официальными языками барселоны являются каталанский и испанский примерно половина населения предпочитает разговаривать на каталанском большинство понимают его и практически все знают испанский,официальными языками брасилоны являются католанские и испанские примерно половина населения предпочитает разговаривать на католанском большинство понимают его и практически все знают испанские
1798,"В начальный период своего существования это шоу транслировалось только на сайте давно существующего онлайн-радио TogiNet Radio, посвященного радиобеседам.","Вначальный период с существования, это шоу трансирурс только на сайте, давно существующую он ваннародию, то чинет радио посвященую радио и беседом.",в начальный период своего существования это шоу транслировалось только на сайте давно существующего онлайн радио toginet radio посвященного радиобеседам,вначальный период с существования это шоу трансирурс только на сайте давно существующую он ваннародию то чинет радио посвященую радио и беседом
2002,Посредством движения устройства в воздухе игроки смогут управлять действиями и движениями в видеоиграх.,По средствам движения устройства воздухи и игроки с могут управлять действиями и движениями в видеоиграх.,посредством движения устройства в воздухе игроки смогут управлять действиями и движениями в видеоиграх,по средствам движения устройства воздухи и игроки с могут управлять действиями и движениями в видеоиграх
1732,"Эпоху, в которой происходили данные события, принято называть Высоким Средневековьем, периодом европейской истории, затрагивающим XI, XII и XIII века (1000–1300 гг. н. э.).","А поху, в которой происходили данные события, принятан называть его соким средневековым, периодом европейские истории, затрагиывающем одинстый, 12 и 13 века. Техищные тысяча-траксоты и года нашей тяры.",эпоху в которой происходили данные события принято называть высоким средневековьем периодом европейской истории затрагивающим xi xii и xiii века 1000 1300 гг н э,а поху в которой происходили данные события принятан называть его соким средневековым периодом европейские истории затрагиывающем одинстый 12 и 13 века техищные тысяча траксоты и года нашей тяры
1913,"Тигриный рык не похож на полнозвучный рык льва, а больше напоминает выкрикивание предложений из неразборчивых слов.","Тегриной рык не похож на полнозвучные рыки лева, а больше напоминает выкрикивания предложений из не разборчивых слов.",тигриный рык не похож на полнозвучный рык льва а больше напоминает выкрикивание предложений из неразборчивых слов,тегриной рык не похож на полнозвучные рыки лева а больше напоминает выкрикивания предложений из не разборчивых слов
1784,"Гренландия была слабо заселена. В скандинавских сагах повествуется о том, что Эрика Рыжего изгнали из Исландии за убийство, и, продвигаясь дальше на запад, он открыл Гренландию и дал ей название.","Гринландия была слаба за Селена в скандинавских сагах повестываются о том, что Эрика рыжого изгнали из-за Сландии за убийства. И продыгаясь дальше на запад, он крил Гринландию и Даллии названия.",гренландия была слабо заселена в скандинавских сагах повествуется о том что эрика рыжего изгнали из исландии за убийство и продвигаясь дальше на запад он открыл гренландию и дал ей название,гринландия была слаба за селена в скандинавских сагах повестываются о том что эрика рыжого изгнали из за сландии за убийства и продыгаясь дальше на запад он крил гринландию и даллии названия
1911,"Аналогичным образом, если у вас есть шенгенская виза, вам не нужно подавать заявление на получение визы в каждую из стран-участниц Шенгенского соглашения отдельно, что позволит вам сэкономить время и деньги, а также избежать бумажной волокиты.","Аналогичным образом, если у вас есть шингенская виза, вам не нужно подавать свои влени, а на получение визы в каждую и стран участниц шингенского соглашения отдельно, что позволит вам сэкономить время и деньги, а также избежать бумажные волокиты.",аналогичным образом если у вас есть шенгенская виза вам не нужно подавать заявление на получение визы в каждую из стран участниц шенгенского соглашения отдельно что позволит вам сэкономить время и деньги а также избежать бумажной волокиты,аналогичным образом если у вас есть шингенская виза вам не нужно подавать свои влени а на получение визы в каждую и стран участниц шингенского соглашения отдельно что позволит вам сэкономить время и деньги а также избежать бумажные волокиты
1683,"В живых есть ещё много мужчин и женщин, которые пережили своё пребывание здесь, но есть ещё больше людей, чьи близкие были убиты здесь или работали тут до смерти, будь то евреи или люди других национальностей.","В живых есть еще много мужчины женщин, которые пережили свое припывание здесь. Но есть еще больше людей. Чиблиские были убиты здесь или работали тут до смерти. Вот то еврея или люди других национальности.",в живых есть еще много мужчин и женщин которые пережили свое пребывание здесь но есть еще больше людей чьи близкие были убиты здесь или работали тут до смерти будь то евреи или люди других национальностей,в живых есть еще много мужчины женщин которые пережили свое припывание здесь но есть еще больше людей чиблиские были убиты здесь или работали тут до смерти вот то еврея или люди других национальности
1838,"Великая Пирамида в Гизе это единственное из семи чудес света, которое существует сегодня.","Великая пирамидов Гизе — это единственная семейчудес света, которая существует сегодня.",великая пирамида в гизе это единственное из семи чудес света которое существует сегодня,великая пирамидов гизе это единственная семейчудес света которая существует сегодня
1761,"Позже фотографы заняли место пожилой женщины, так как она отлучилась в туалет. Мендосу застрелили.","Пожжи фотографы заняли место пожелой женщины, так как она отключилась то лет. Миндосу застрелили.",позже фотографы заняли место пожилой женщины так как она отлучилась в туалет мендосу застрелили,пожжи фотографы заняли место пожелой женщины так как она отключилась то лет миндосу застрелили
1905,"Столицей Молдовы является Кишинёв. Местный язык — румынский, но русский также широко распространён.",Столицы мудовые является кишинёвом. Местный язык Румыцкий. Нарусский также широко распространён.,столицей молдовы является кишинев местный язык румынский но русский также широко распространен,столицы мудовые является кишиневом местный язык румыцкий нарусский также широко распространен
1864,"Г-жа Киршнер объявила о своём намерении баллотироваться на пост президента в Аргентинском театре, в том же месте, где она начала свою предвыборную кампанию в Сенат в 2005 году в качестве члена делегации провинции Буэнос-Айрес.","Госпожа Киршнер объявила своё намерение, и балотироваться на пост президента Воргентинском театре. В том же месте, где она начала свою продвиборную компанию в Сенаду, 2005 году в качестве члена, делегации провинции Бойна Сайрес.",г жа киршнер объявила о своем намерении баллотироваться на пост президента в аргентинском театре в том же месте где она начала свою предвыборную кампанию в сенат в 2005 году в качестве члена делегации провинции буэнос айрес,госпожа киршнер объявила свое намерение и балотироваться на пост президента воргентинском театре в том же месте где она начала свою продвиборную компанию в сенаду 2005 году в качестве члена делегации провинции бойна сайрес
1741,"Большие области далее к северу довольно редко заселены, а некоторые из них – практически незаселённая глушь.","Большие области дали к северу довольно редко заселенной, а некоторые из них практически не заселенные глуш.",большие области далее к северу довольно редко заселены а некоторые из них практически незаселенная глушь,большие области дали к северу довольно редко заселенной а некоторые из них практически не заселенные глуш
1883,"Высота подмостового габарита составляет 15 метров. Строительство было завершено в августе 2011 года, его не открывали для движения до марта 2017 года.",Высота под мостого вагаборита составляет 15 метров. Стретельство было завершено в авкусте 2011 года. Его не открывали для движения от до Марта 2017 года.,высота подмостового габарита составляет 15 метров строительство было завершено в августе 2011 года его не открывали для движения до марта 2017 года,высота под мостого вагаборита составляет 15 метров стретельство было завершено в авкусте 2011 года его не открывали для движения от до марта 2017 года
1944,"Это иногда переполненные народом семейные пляжи с хорошим выбором магазинов, расположенных вдоль берега. Плавать безопасно.","Это иногда переполненный народом семейной пляж из хорошего выбора магазинов, расположен в дольберика, плавать безопасно.",это иногда переполненные народом семейные пляжи с хорошим выбором магазинов расположенных вдоль берега плавать безопасно,это иногда переполненный народом семейной пляж из хорошего выбора магазинов расположен в дольберика плавать безопасно
1894,Карри — это блюдо на основе трав и специй в сочетании с мясом или овощами.,Варию это блюдо на основе трафоспицы в сочета не смесем или овощами.,карри это блюдо на основе трав и специй в сочетании с мясом или овощами,варию это блюдо на основе трафоспицы в сочета не смесем или овощами
1700,Она тоньше под лунными морями и толще под нагорьями.,А на тоньше подлудными морями и тоньше под ногорями.,она тоньше под лунными морями и толще под нагорьями,а на тоньше подлудными морями и тоньше под ногорями
1819,"В древнем Китае использовали уникальный способ обозначения периодов времени; каждый этап Китая или каждая семья, находившаяся у власти, были особой династией.",В древнем китай использовали уникальные способ обозначения период времени. Каждый тапки Таи или каждое семья находившиеся у власти были особо династии.,в древнем китае использовали уникальный способ обозначения периодов времени каждый этап китая или каждая семья находившаяся у власти были особой династией,в древнем китай использовали уникальные способ обозначения период времени каждый тапки таи или каждое семья находившиеся у власти были особо династии
1660,"Романтизм во многом включал в себя культурный детерминизм, почерпнутый у таких писателей, как Гёте, Фихте и Шлегель.","Романтизм в многом включал себя культурный детерминист, по черпноте у таких писателей как гиоте, фихты и шлегель.",романтизм во многом включал в себя культурный детерминизм почерпнутый у таких писателей как гете фихте и шлегель,романтизм в многом включал себя культурный детерминист по черпноте у таких писателей как гиоте фихты и шлегель
1822,"Султан Марокко перестроил город под названием Эд-Дар-эль-Бейда, а испанские торговцы, создавшие тут торговые базы, назвали его Касабланка.",Султан Марока перестроил город под названием Эд-Дар Лпейда. А испанский торгов со здавшие тут торговый баз на звали его касабланка.,султан марокко перестроил город под названием эд дар эль бейда а испанские торговцы создавшие тут торговые базы назвали его касабланка,султан марока перестроил город под названием эд дар лпейда а испанский торгов со здавшие тут торговый баз на звали его касабланка
1683,"В живых есть ещё много мужчин и женщин, которые пережили своё пребывание здесь, но есть ещё больше людей, чьи близкие были убиты здесь или работали тут до смерти, будь то евреи или люди других национальностей.","В живых есть еще много мужчины женщин, которые пережили свое пребывание здесь. Но есть еще больше людей, чьи близкие были убитые здесь, или работали тут до смерти, будь в тою время, или люди других национальности.",в живых есть еще много мужчин и женщин которые пережили свое пребывание здесь но есть еще больше людей чьи близкие были убиты здесь или работали тут до смерти будь то евреи или люди других национальностей,в живых есть еще много мужчины женщин которые пережили свое пребывание здесь но есть еще больше людей чьи близкие были убитые здесь или работали тут до смерти будь в тою время или люди других национальности
1733,"Первой среди 78 рекомендаций является то, что следует реализовать новую дипломатическую инициативу до конца этого года для укрепления иракских границ, чтобы не допустить враждебного вмешательства, а также для возобновления дипломатических отношений с соседями.","Первое среди 70-80 рекомендации является то, что следую отрелизовать новую дипломатическую инициативу до конца этого года для укрепления и рахские границ, чтобы недостопить урождиобного мишатиста, а также для вознабыумления дипломатических отношений с соседями.",первой среди 78 рекомендаций является то что следует реализовать новую дипломатическую инициативу до конца этого года для укрепления иракских границ чтобы не допустить враждебного вмешательства а также для возобновления дипломатических отношений с соседями,первое среди 70 80 рекомендации является то что следую отрелизовать новую дипломатическую инициативу до конца этого года для укрепления и рахские границ чтобы недостопить урождиобного мишатиста а также для вознабыумления дипломатических отношений с соседями
1838,"Великая Пирамида в Гизе это единственное из семи чудес света, которое существует сегодня.","Теликая пирамидор гизия — это единственная из семей чудес света, которая существует сегодня.",великая пирамида в гизе это единственное из семи чудес света которое существует сегодня,теликая пирамидор гизия это единственная из семей чудес света которая существует сегодня
1857,"Он добавил, что ""их, однако, не следует просить брать на себя обязательства, которые выходят за рамки их стадии разработки, ответственности и возможностей"".","Он добавил, что их однако не следует просить брать на себя обязательство, который выходит за рамких стаоти разработки. Отвестности и возможности.",он добавил что их однако не следует просить брать на себя обязательства которые выходят за рамки их стадии разработки ответственности и возможностей,он добавил что их однако не следует просить брать на себя обязательство который выходит за рамких стаоти разработки отвестности и возможности
1830,Правящая партия Организация народов Юго‑Западной Африки (СВАПО) также сохранила большинство на парламентских выборах.,"Провещая партия организация народов югозапанный Африкин с ВАПО, так же сохранила большинство на парламентских выборах.",правящая партия организация народов юго западной африки свапо также сохранила большинство на парламентских выборах,провещая партия организация народов югозапанный африкин с вапо так же сохранила большинство на парламентских выборах
1743,"Большинство воззрений на технологический детерминизм разделяют две общие идеи: что направление развития технологий практически неподвластно культурному или политическому влиянию и что, в свою очередь, ""воздействие"" технологий на общество обусловлено их собственными свойствами, а не обществом.","В большинство возрения на технологическими дитерминизм разделяют две общие идеи, что направление развития технологии практически не подвласно культурному или политическому влиянию. И что с воёчерять, воздействие технологии на общество обусловлено их собственными свойствами, они общества.",большинство воззрений на технологический детерминизм разделяют две общие идеи что направление развития технологий практически неподвластно культурному или политическому влиянию и что в свою очередь воздействие технологий на общество обусловлено их собственными свойствами а не обществом,в большинство возрения на технологическими дитерминизм разделяют две общие идеи что направление развития технологии практически не подвласно культурному или политическому влиянию и что с воечерять воздействие технологии на общество обусловлено их собственными свойствами они общества
1995,"Виртуальный скаффолдинг, помогающий в обучении, встроен в программное обеспечение и предназначен для того, чтобы напоминать, объяснять и задавать вопросы насчёт процедур, с которыми обучающемуся, возможно, было бы слишком трудно справиться в одиночку.","Виртуальный скав фолдинг помогающий в обучении встроен в программное обеспечение и предназначен для того, чтобы напоминать, объяснять и задавать вопросы на счет процедур, с которыми обучающим уся возможно. Было бы слишком трудно справиться в одиночку.",виртуальный скаффолдинг помогающий в обучении встроен в программное обеспечение и предназначен для того чтобы напоминать объяснять и задавать вопросы насчет процедур с которыми обучающемуся возможно было бы слишком трудно справиться в одиночку,виртуальный скав фолдинг помогающий в обучении встроен в программное обеспечение и предназначен для того чтобы напоминать объяснять и задавать вопросы на счет процедур с которыми обучающим уся возможно было бы слишком трудно справиться в одиночку
1740,Звуковое и световое шоу на фоне пирамиды является одним из самых интересных мероприятий в этой местности для детей.,Звуковой световой шел на фоне пирамет является одним из самых интересных мероприятий в этой местности для детей.,звуковое и световое шоу на фоне пирамиды является одним из самых интересных мероприятий в этой местности для детей,звуковой световой шел на фоне пирамет является одним из самых интересных мероприятий в этой местности для детей
1867,"Растения производят кислород, которым дышит человек, и поглощают углекислый газ, который человек выдыхает.","Рассейне производит кислород, которым дышит человек и поглощают углекислый газ, который человек выдыхает.",растения производят кислород которым дышит человек и поглощают углекислый газ который человек выдыхает,рассейне производит кислород которым дышит человек и поглощают углекислый газ который человек выдыхает
1923,"Эта стратегия доказала свою эффективность, отрезав жизненно важные военные и гражданские поставки, хотя эта блокада нарушала принятые повсеместно международные законы, изложенные в нескольких международных соглашениях за последние двести лет.",Это стратегия доказала свою эффективность. Отрезов жизненно важные военные и гражданские поставки. Хотя это блокада нарушала приняты по всеместными ждународные законы. Изложенные в нескольких международных соглашениях за последние 200 лет.,эта стратегия доказала свою эффективность отрезав жизненно важные военные и гражданские поставки хотя эта блокада нарушала принятые повсеместно международные законы изложенные в нескольких международных соглашениях за последние двести лет,это стратегия доказала свою эффективность отрезов жизненно важные военные и гражданские поставки хотя это блокада нарушала приняты по всеместными ждународные законы изложенные в нескольких международных соглашениях за последние 200 лет
1679,Группа Aerosmith отменила оставшиеся концерты в своем турне.,Группа RSMV отменила ставшийся концерты своим турнет.,группа aerosmith отменила оставшиеся концерты в своем турне,группа rsmv отменила ставшийся концерты своим турнет
1694,Дети передаются под опеку по множеству разнообразных причин: от беспризорности до жестокого обращения и даже вымогательств.,"Тети передаются под опеку по множеству разного разных причин. Вот без призорности, тоже стоко обращения и даже вымогательства.",дети передаются под опеку по множеству разнообразных причин от беспризорности до жестокого обращения и даже вымогательств,тети передаются под опеку по множеству разного разных причин вот без призорности тоже стоко обращения и даже вымогательства
1760,"Мозазавр был самым грозным хищником своего времени, поэтому он не боялся никого кроме других мозазавров.","Мазозавр был самым грозным хищником своего времени, поэтому он никогда не боялся никого кроме других пазозавров.",мозазавр был самым грозным хищником своего времени поэтому он не боялся никого кроме других мозазавров,мазозавр был самым грозным хищником своего времени поэтому он никогда не боялся никого кроме других пазозавров
2002,Посредством движения устройства в воздухе игроки смогут управлять действиями и движениями в видеоиграх.,По средствам движения устройства в воздухе игроки смогут управлять действиями движениями в виде играх.,посредством движения устройства в воздухе игроки смогут управлять действиями и движениями в видеоиграх,по средствам движения устройства в воздухе игроки смогут управлять действиями движениями в виде играх
1867,"Растения производят кислород, которым дышит человек, и поглощают углекислый газ, который человек выдыхает.","Растение производит кислород, которым дышит человек и поклышает углекислогаз, который человек выдыхает.",растения производят кислород которым дышит человек и поглощают углекислый газ который человек выдыхает,растение производит кислород которым дышит человек и поклышает углекислогаз который человек выдыхает
1774,"На удалённых островах кредитные карты, возможно, не будут приниматься, хотя британскую и американскую валюту могут принять; заранее проясните с владельцами какой способ оплаты является приемлемым.","Но удаленных островах, кредитный карта возможно, не будут приниматься. Хотя британскую американскую валюту могут принять. Зарание проясните с лодельцами какой способ оплаты является приемлемым.",на удаленных островах кредитные карты возможно не будут приниматься хотя британскую и американскую валюту могут принять заранее проясните с владельцами какой способ оплаты является приемлемым,но удаленных островах кредитный карта возможно не будут приниматься хотя британскую американскую валюту могут принять зарание проясните с лодельцами какой способ оплаты является приемлемым
1880,"Таким образом, карандаш стал хорошим другом для многих людей, когда появился.","Таким образом, карандаш стал хорошим другом для многих людей, когда появился.",таким образом карандаш стал хорошим другом для многих людей когда появился,таким образом карандаш стал хорошим другом для многих людей когда появился
1847,Его приветствовал заместитель премьер-министра Сингапура Вонг Кан Сенг. Затем он обсудил вопросы торговли и терроризма с премьер-министром Сингапура Ли Сянь Луном.,Его приветствовал заместитель премьерминистра Сингапора в онк-кан-Сенк. Затем он обсудил вопрос о торговле тероризмом с премьерминистра Сингапора листья Луном.,его приветствовал заместитель премьер министра сингапура вонг кан сенг затем он обсудил вопросы торговли и терроризма с премьер министром сингапура ли сянь луном,его приветствовал заместитель премьерминистра сингапора в онк кан сенк затем он обсудил вопрос о торговле тероризмом с премьерминистра сингапора листья луном
1666,"Возможно, вам также следует проконсультироваться с другими правительствами, помимо своего, но их рекомендации направлены на своих граждан.",Возможно вам также следует проконсультироваться с другими правительствами помимо своего но их рекомендации направлены на свои игражды.,возможно вам также следует проконсультироваться с другими правительствами помимо своего но их рекомендации направлены на своих граждан,возможно вам также следует проконсультироваться с другими правительствами помимо своего но их рекомендации направлены на свои игражды
1763,"Так же, как Луна притягивает Землю, при этом вызывая приливы, так и Млечный Путь воздействует на галактику в Стрельце.",Также как луна претягивать землю при этом вызывая приливы. Таким личный путь воздействует на галактику стрельца.,так же как луна притягивает землю при этом вызывая приливы так и млечный путь воздействует на галактику в стрельце,также как луна претягивать землю при этом вызывая приливы таким личный путь воздействует на галактику стрельца
1846,"Соотношение сторон этого формата (поделенное на двенадцать, чтобы получить соотношение с небольшими целыми числами) поэтому принято за 3:2.","С отношения сторон этого формата поделенная на 12, чтобы получить с отношения с небольшими целыми числами. Поэтому принято за 3-2.",соотношение сторон этого формата поделенное на двенадцать чтобы получить соотношение с небольшими целыми числами поэтому принято за 3 2,с отношения сторон этого формата поделенная на 12 чтобы получить с отношения с небольшими целыми числами поэтому принято за 3 2
1879,"Можно только гадать, что станет с клавиатурой, с появлением более новых технологий.","Можно только когда, что станет склеветурой, с появлением более новых технологий.",можно только гадать что станет с клавиатурой с появлением более новых технологий,можно только когда что станет склеветурой с появлением более новых технологий
1988,"Среди большинства граждан и народов в 1920-е годы преобладали такие настроения, как пацифизм и изоляция.","Среди большинства граждан и народов 1920 и годы приобладали такие настроения, как пацифизм и изоляция.",среди большинства граждан и народов в 1920 е годы преобладали такие настроения как пацифизм и изоляция,среди большинства граждан и народов 1920 и годы приобладали такие настроения как пацифизм и изоляция
1990,"Блоги также могут улучшить навыки письма у учащихся. Хотя учащиеся часто начинают свой блог используя неряшливую грамматику и орфографию, это как правило меняется из-за присутствия аудитории.","Блоги также могут лучше на вакиписьма учащихся. Хотя учащиеся часто начинают свой блок, используя нерашливую громадику и эрфографию. Это как правило меняется из-за предсустве аудитории.",блоги также могут улучшить навыки письма у учащихся хотя учащиеся часто начинают свой блог используя неряшливую грамматику и орфографию это как правило меняется из за присутствия аудитории,блоги также могут лучше на вакиписьма учащихся хотя учащиеся часто начинают свой блок используя нерашливую громадику и эрфографию это как правило меняется из за предсустве аудитории
1745,"Растения выглядят лучше всего в своей естественной среде обитания, поэтому не поддавайтесь искушению взять хотя бы один экземпляр.","Простения выглядят лучше всего в своей естественной среде обитания, поэтому не поддавать и сискушению взять хотя бы один экземпляр.",растения выглядят лучше всего в своей естественной среде обитания поэтому не поддавайтесь искушению взять хотя бы один экземпляр,простения выглядят лучше всего в своей естественной среде обитания поэтому не поддавать и сискушению взять хотя бы один экземпляр
1814,"Ионы водорода — это протоны, от которых отделены электроны (атомы водорода состоят из одного протона и одного электрона).","И он и водорода – это протоны, от которых отдельный электронный. А там у водорода состоят из одного протона и одного электрона.",ионы водорода это протоны от которых отделены электроны атомы водорода состоят из одного протона и одного электрона,и он и водорода это протоны от которых отдельный электронный а там у водорода состоят из одного протона и одного электрона
1849,"Если вы смотрели фильм ""Сокровище нации"", то можете подумать, что на оборотной стороне Декларации независимости была изображена карта сокровищ.","Если вы смотрели фильм с окровище нации, то можете подумать, что наоборотность тронят ли к лорации независимости была изображена карты с окровища.",если вы смотрели фильм сокровище нации то можете подумать что на оборотной стороне декларации независимости была изображена карта сокровищ,если вы смотрели фильм с окровище нации то можете подумать что наоборотность тронят ли к лорации независимости была изображена карты с окровища
1868,"На другом конце спектра человек превращается в неузнаваемого индивида, которому кажется, что он должен изменить всё, что делала команда, и присвоить это себе.","На другом конца спектра человек превращается в неузнапая в моба индивида, которому кажется, что он должен изменить все, что дело локоманда и пересвоить это себе.",на другом конце спектра человек превращается в неузнаваемого индивида которому кажется что он должен изменить все что делала команда и присвоить это себе,на другом конца спектра человек превращается в неузнапая в моба индивида которому кажется что он должен изменить все что дело локоманда и пересвоить это себе
1879,"Можно только гадать, что станет с клавиатурой, с появлением более новых технологий.","Можно только гадать, что станет с клавиатуры с появлением более новых технологий.",можно только гадать что станет с клавиатурой с появлением более новых технологий,можно только гадать что станет с клавиатуры с появлением более новых технологий
1810,"Губернатор Калифорнии Арнольд Шварценеггер подписал закон, запрещающий продажу или прокат видеоигр с применением насилия несовершеннолетним лицам.","Губернатор Калифорнии Арнольевич в Артолиев Санэгр подписал закон, запрещающий продажу ли. Про Кат видеоигр с применением насилия Несвершеннолетним лицом.",губернатор калифорнии арнольд шварценеггер подписал закон запрещающий продажу или прокат видеоигр с применением насилия несовершеннолетним лицам,губернатор калифорнии арнольевич в артолиев санэгр подписал закон запрещающий продажу ли про кат видеоигр с применением насилия несвершеннолетним лицом
1938,"В больнице был соблюден протокол инфекционного контроля, включая отдельное содержание пациента, чтобы предотвратить возможное заражение других пациентов.","В больнице был соблюден протокол инфекционного контролия включает отдельность отержания пациента, чтобы предотвратить возможное заражение других пациентов.",в больнице был соблюден протокол инфекционного контроля включая отдельное содержание пациента чтобы предотвратить возможное заражение других пациентов,в больнице был соблюден протокол инфекционного контролия включает отдельность отержания пациента чтобы предотвратить возможное заражение других пациентов
1750,Находка также позволяет ознакомиться с эволюцией перьев у птиц.,На ходках также позволяет ознакомиться с валюцией перевтубкиц.,находка также позволяет ознакомиться с эволюцией перьев у птиц,на ходках также позволяет ознакомиться с валюцией перевтубкиц
1739,Пещера располагается на вершине горы к северу от Мекки и полностью изолирована от остального мира.,Пещера располагается на вершине горы к себе веротмейке и полностью залирован на достойного мира.,пещера располагается на вершине горы к северу от мекки и полностью изолирована от остального мира,пещера располагается на вершине горы к себе веротмейке и полностью залирован на достойного мира
1820,"Сейчас люди пишут сообщения на экранах компьютеров, и им никогда не приходится иметь дело с точилкой.","Сейчас люди пишут сообщения на экранах компьютеров, и никогда не приходится иметь дело с течилкой.",сейчас люди пишут сообщения на экранах компьютеров и им никогда не приходится иметь дело с точилкой,сейчас люди пишут сообщения на экранах компьютеров и никогда не приходится иметь дело с течилкой
1710,"На прошлой недели Министерство экономики, труда и промышленности объявило, что Apple  проинформировала его о 34 дополнительных случаях перегрева, которые компания назвала ""несерьёзными"".","На прошлой неделе минисерства экономики труда и промышленности объявила, что Apple проинформировала его от 3-4 дополнительных случаях перегрева, которая компания называла несередными.",на прошлой недели министерство экономики труда и промышленности объявило что apple проинформировала его о 34 дополнительных случаях перегрева которые компания назвала несерьезными,на прошлой неделе минисерства экономики труда и промышленности объявила что apple проинформировала его от 3 4 дополнительных случаях перегрева которая компания называла несередными
1802,"Интернет сочетает в себе элементы как массовых, так и межличностных коммуникаций.","Интернет сочетает в себе элементы как массовых, так и межелично сных коммуникаций.",интернет сочетает в себе элементы как массовых так и межличностных коммуникаций,интернет сочетает в себе элементы как массовых так и межелично сных коммуникаций
1673,"Во время Войны за независимость США тринадцать штатов, в соответствии со Статьями конфедерации, впервые сформировали слабое центральное правительство, единственным органом которого был Конгресс.","Во время войны за независимость США 13 штатов в соответствии со статями конфидерации, впервые сформировали слабое, центральное правительство, единственным органом которого был конгресс.",во время войны за независимость сша тринадцать штатов в соответствии со статьями конфедерации впервые сформировали слабое центральное правительство единственным органом которого был конгресс,во время войны за независимость сша 13 штатов в соответствии со статями конфидерации впервые сформировали слабое центральное правительство единственным органом которого был конгресс
1986,"Наличие настоящей ""невидимой команды"" (Ларсон и ЛаФасто, 1989 г., с. 109) также является уникальным компонентом виртуальной команды.","наличие настоящие невидимые команды, Ларсон и Лофаста 1989 год С-1999. Также является уникальным компонентом Виртуальной команды.",наличие настоящей невидимой команды ларсон и лафасто 1989 г с 109 также является уникальным компонентом виртуальной команды,наличие настоящие невидимые команды ларсон и лофаста 1989 год с 1999 также является уникальным компонентом виртуальной команды
1937,"Однако эти планы стали неактуальны практически за ночь, когда около 800 000 солдат из советской Красной армии образовали Белорусский и Украинский фронты после захвата восточных регионов Польши в нарушение Рижского мирного соглашения, Советско-Польского пакта о ненападении, и других международных соглашений, двусторонних и многосторонних.","Однако эти планы стали неактуальной практически заночи. Когда около 8000 солдаты советской красной армии образовали белорусские украинские фронты, после захвата восточных регионов Польша, в Норшение Рышского мирного соглашения, советская полистского пакта они на падении и других международных соглашений, двух сторонних и многостроонних.",однако эти планы стали неактуальны практически за ночь когда около 800 000 солдат из советской красной армии образовали белорусский и украинский фронты после захвата восточных регионов польши в нарушение рижского мирного соглашения советско польского пакта о ненападении и других международных соглашений двусторонних и многосторонних,однако эти планы стали неактуальной практически заночи когда около 8000 солдаты советской красной армии образовали белорусские украинские фронты после захвата восточных регионов польша в норшение рышского мирного соглашения советская полистского пакта они на падении и других международных соглашений двух сторонних и многостроонних
1727,"Дети, живущие на улицах, возможно, пережили тяжёлые формы насилия или травмирования до того, как убежать или быть брошенными.","Дети живущей на улицах возможны пережилить жёлый формы насилия или травмирования до того, как убежать или быть брошеными.",дети живущие на улицах возможно пережили тяжелые формы насилия или травмирования до того как убежать или быть брошенными,дети живущей на улицах возможны пережилить желый формы насилия или травмирования до того как убежать или быть брошеными
1841,Не видно ничего кроме чистого прекрасного неба над головой и множества окружающих гор. Из глубины пещеры можно видеть и слышать лишь очень малую часть этого мира.,"Неверное ничего кроме чистого прекрасного неба над головой, и множество окружающих кор. И с глубиной пещира можно видеть и слышать лишь очень малую часть этого мира.",не видно ничего кроме чистого прекрасного неба над головой и множества окружающих гор из глубины пещеры можно видеть и слышать лишь очень малую часть этого мира,неверное ничего кроме чистого прекрасного неба над головой и множество окружающих кор и с глубиной пещира можно видеть и слышать лишь очень малую часть этого мира
1914,"Исследования, которые проводились в двадцатом веке, показали, что существует два вида генетической вариативности: скрытая и выраженная.","Следованию, которые проводились 20 веки, показали, что существует два вида генетического вариативности, скрытая и выраженные.",исследования которые проводились в двадцатом веке показали что существует два вида генетической вариативности скрытая и выраженная,следованию которые проводились 20 веки показали что существует два вида генетического вариативности скрытая и выраженные
1789,"Среди других номинаций: ""Лучшая картина"", ""Режиссёр"", ""Операторская работа"", ""Дизайн костюмов"", ""Монтаж фильма"", ""Оригинальная музыка"", ""Художник-постановщик"", ""Звуковой монтаж"", ""Звук"" и ""Оригинальный сценарий"".","Среди других номинаций, лучшая картина, режиссёр, аккуратарская работа, дизайн-костоемов, монтаж фильма, оригинальная музыка, художник постановщик, звуковой монтаж, звук и оригинальный сценарий.",среди других номинаций лучшая картина режиссер операторская работа дизайн костюмов монтаж фильма оригинальная музыка художник постановщик звуковой монтаж звук и оригинальный сценарий,среди других номинаций лучшая картина режиссер аккуратарская работа дизайн костоемов монтаж фильма оригинальная музыка художник постановщик звуковой монтаж звук и оригинальный сценарий
1989,"Кроме того, он занимался гравюрным оттиском банкнот для многих стран. Недавние примеры его работ — портреты премьер-министра на лицевой стороне новых банкнот Канады номиналом 5 и 100 долларов.","Кроме того, он занимался гравирным отиском банкнут для многих стран. Недавние примеры его работ, портреты примерами не странно лицевой стороне новую банкнут канаде, номиналом 5 и 100 долларов.",кроме того он занимался гравюрным оттиском банкнот для многих стран недавние примеры его работ портреты премьер министра на лицевой стороне новых банкнот канады номиналом 5 и 100 долларов,кроме того он занимался гравирным отиском банкнут для многих стран недавние примеры его работ портреты примерами не странно лицевой стороне новую банкнут канаде номиналом 5 и 100 долларов
1840,"Подобные площадки, которые посетило большое количество людей, были организованы во многих других городах Италии и в остальном мире, в частности в Польше.","Подобные площадки, которые постелы большую о количестве людей, были организованы во многих других городах и талии и в остальном мире в частности в пользе.",подобные площадки которые посетило большое количество людей были организованы во многих других городах италии и в остальном мире в частности в польше,подобные площадки которые постелы большую о количестве людей были организованы во многих других городах и талии и в остальном мире в частности в пользе
1746,"Растения питаются от солнца при помощи фотосинтеза. Кроме того, они отбрасывают тень.","Растение питаются от солнца при помощи фотосиндуса. Кроме того, они отбрасывают тень.",растения питаются от солнца при помощи фотосинтеза кроме того они отбрасывают тень,растение питаются от солнца при помощи фотосиндуса кроме того они отбрасывают тень
1808,"Через два года после окончания войны бывшие союзники стали врагами, и началась Холодная война.",Сейчас 2 года после окончания войны бывшей союзники стали врагами и началась холодная война.,через два года после окончания войны бывшие союзники стали врагами и началась холодная война,сейчас 2 года после окончания войны бывшей союзники стали врагами и началась холодная война
1784,"Гренландия была слабо заселена. В скандинавских сагах повествуется о том, что Эрика Рыжего изгнали из Исландии за убийство, и, продвигаясь дальше на запад, он открыл Гренландию и дал ей название.","Грин Ландия была слаба заселеная, с канинавских сагах появится о том, что Эрикорюжева из Гнали и Засландии за убийство. И продвигаясь дальше на западу на открыл Грин Ландию долгие названия.",гренландия была слабо заселена в скандинавских сагах повествуется о том что эрика рыжего изгнали из исландии за убийство и продвигаясь дальше на запад он открыл гренландию и дал ей название,грин ландия была слаба заселеная с канинавских сагах появится о том что эрикорюжева из гнали и засландии за убийство и продвигаясь дальше на западу на открыл грин ландию долгие названия
1699,"Бишкек был описан одним обозревателем как погружающийся в состояние анархии, поскольку группы людей бегали по улицам и грабили магазины с потребительскими товарами.","Бешкик был описан одним обозревателем, как погружающейся в состоянии онархии, поскольку группы людей бегали по улицам, играбили магазины с потребительскими товарами.",бишкек был описан одним обозревателем как погружающийся в состояние анархии поскольку группы людей бегали по улицам и грабили магазины с потребительскими товарами,бешкик был описан одним обозревателем как погружающейся в состоянии онархии поскольку группы людей бегали по улицам играбили магазины с потребительскими товарами
1860,"Канцелярия губернатора сообщила, что 19 из раненных были офицерами полиции.","Концеляя губернатора сообщила, что 19 страненых пылья официэром и полиции.",канцелярия губернатора сообщила что 19 из раненных были офицерами полиции,концеляя губернатора сообщила что 19 страненых пылья официэром и полиции
1758,Архипелаг располагается в 120 километрах от полуострова. Крупнейшим остров носит имя Короля Георга с поселением Вилья-лас-Эстрельяс.,"Архипилак располагается в 120 км от полу острова. Крупнейший остров носит имя короля Георга, спасением Виле Лас-Стрельец.",архипелаг располагается в 120 километрах от полуострова крупнейшим остров носит имя короля георга с поселением вилья лас эстрельяс,архипилак располагается в 120 км от полу острова крупнейший остров носит имя короля георга спасением виле лас стрельец
2001,"Путешественникам настоятельно рекомендуется принимать во внимание любые риски, связанные с суровой погодой в их районе, поскольку они могут повлиять на любые планы поездки.","Путешественникам настоятельно рекомендуют сопринимать во внимание любые риски, связанные с суровой погода в их районе, поскольку они могут повлиять на любые планы поездки.",путешественникам настоятельно рекомендуется принимать во внимание любые риски связанные с суровой погодой в их районе поскольку они могут повлиять на любые планы поездки,путешественникам настоятельно рекомендуют сопринимать во внимание любые риски связанные с суровой погода в их районе поскольку они могут повлиять на любые планы поездки
1775,Использование видеозаписи привело к важным открытиям в сфере интерпретации микровыражений  — движений лица длительностью несколько миллисекунд.,"Использование видеозаписи привело к важным открытиям к сфере, интерпретации микроворажений. Довижение лица длительностью несколько милли секунд.",использование видеозаписи привело к важным открытиям в сфере интерпретации микровыражений движений лица длительностью несколько миллисекунд,использование видеозаписи привело к важным открытиям к сфере интерпретации микроворажений довижение лица длительностью несколько милли секунд
1717,"Обратный поток сосредоточен в нескольких более глубоких участках, где может образовываться быстрое течение, уходящее на большую глубину, из-за подобной подводной топологии.","Обратный поток со средоточенном несколько более глубоких участках, где может образовываться бы строить чения уходящая на большую глубину и за подобной подводной топологии.",обратный поток сосредоточен в нескольких более глубоких участках где может образовываться быстрое течение уходящее на большую глубину из за подобной подводной топологии,обратный поток со средоточенном несколько более глубоких участках где может образовываться бы строить чения уходящая на большую глубину и за подобной подводной топологии
1966,"Комиссия стала ответом Мартелли на массовые протесты против государственного режима, начавшиеся в октябре.","Комиссия стала ответом Мартелья на массовой протесты против государственной нарежима, на чавшиеся в октябре.",комиссия стала ответом мартелли на массовые протесты против государственного режима начавшиеся в октябре,комиссия стала ответом мартелья на массовой протесты против государственной нарежима на чавшиеся в октябре
1701,"Козы, по-видимому, впервые были одомашнены около 10 000 лет назад в иранских горах Загрос.","Козы, повидимому. Первые были домашины около 10 тысяч лет назад в ранских горах, за грасс.",козы по видимому впервые были одомашнены около 10 000 лет назад в иранских горах загрос,козы повидимому первые были домашины около 10 тысяч лет назад в ранских горах за грасс
1716,"Развлекательно-новостной сайт TMZ полагает, что фотограф остановил свой автомобиль на противоположной стороне бульвара Сепульведа и попытался сделать снимки остановки полицейскими, перед тем как перейти дорогу и продолжить. Полицейский Калифорнийского дорожного патруля, остановивший движение, дважды был вынужден приказать ему перейти обратно.","Разоблекательно на васной сайт TMZ полагает, что фотограф остановил свой автомобиль на противоположной стороне Бульвара Сепуливеда. И попытался сделать снимки остановки полицейскими. Перед тем, как перейти дорогу и продолжить. В полицейский королепор низкого дорожного потруля остановившель движения, два житы был вынужден приказать ему перейти обратно.",развлекательно новостной сайт tmz полагает что фотограф остановил свой автомобиль на противоположной стороне бульвара сепульведа и попытался сделать снимки остановки полицейскими перед тем как перейти дорогу и продолжить полицейский калифорнийского дорожного патруля остановивший движение дважды был вынужден приказать ему перейти обратно,разоблекательно на васной сайт tmz полагает что фотограф остановил свой автомобиль на противоположной стороне бульвара сепуливеда и попытался сделать снимки остановки полицейскими перед тем как перейти дорогу и продолжить в полицейский королепор низкого дорожного потруля остановившель движения два житы был вынужден приказать ему перейти обратно
1797,Каждый является членом общества и использует транспортные системы. Практически каждый жалуется на эти систем.,Каждый является тщеленом общества и использует транспортные системы практически каждый жалуется на эти системы.,каждый является членом общества и использует транспортные системы практически каждый жалуется на эти систем,каждый является тщеленом общества и использует транспортные системы практически каждый жалуется на эти системы
1820,"Сейчас люди пишут сообщения на экранах компьютеров, и им никогда не приходится иметь дело с точилкой.","Сейчас люди пишут сообщения на экранах компьютеров, и мы иногда не приходилось иметь дело сочелкой.",сейчас люди пишут сообщения на экранах компьютеров и им никогда не приходится иметь дело с точилкой,сейчас люди пишут сообщения на экранах компьютеров и мы иногда не приходилось иметь дело сочелкой
2000,"Если вы пересекаете северную часть Балтийского моря зимой, узнайте насчёт расположения каюты, так как прохождение по льду приводит к довольно жуткому шуму, который может мешать спать наиболее чувствительным людям.","Если вы пересекаете, северную часть болтийского моря зимой, узнать и насчет расположение окоюты. Так как прохождение пальду приводит к довольно шутком шуму, который может мешать спать наиболее чувствительным людям.",если вы пересекаете северную часть балтийского моря зимой узнайте насчет расположения каюты так как прохождение по льду приводит к довольно жуткому шуму который может мешать спать наиболее чувствительным людям,если вы пересекаете северную часть болтийского моря зимой узнать и насчет расположение окоюты так как прохождение пальду приводит к довольно шутком шуму который может мешать спать наиболее чувствительным людям
1867,"Растения производят кислород, которым дышит человек, и поглощают углекислый газ, который человек выдыхает.","Рассения производят кислород, которым дышат человек и поглощают углекислый газ, который человек выдыхает.",растения производят кислород которым дышит человек и поглощают углекислый газ который человек выдыхает,рассения производят кислород которым дышат человек и поглощают углекислый газ который человек выдыхает
1886,"Древние культуры и племена начали оставлять их себе, чтобы иметь под рукой молоко, шерсть, мясо и шкуру.","Древние культуры и племена начали оставлять их себе, чтобы иметь под рукой молоко, шерц мясо и шкур.",древние культуры и племена начали оставлять их себе чтобы иметь под рукой молоко шерсть мясо и шкуру,древние культуры и племена начали оставлять их себе чтобы иметь под рукой молоко шерц мясо и шкур
1667,"Как правило, могут проявляться два типа поведения когда менеджеры начинают руководить людьми, ранее равными им по статусу. Одна крайность спектра – это попытка оставаться ""своим парнем"" (или девушкой).","Как правило, могут появляться два типа поведения, когда майн-жер начинают руководить людьми. Раня равном и импостатусу. Однако, раяность пектора это попытка оставаться своим барнем или девушкой.",как правило могут проявляться два типа поведения когда менеджеры начинают руководить людьми ранее равными им по статусу одна крайность спектра это попытка оставаться своим парнем или девушкой,как правило могут появляться два типа поведения когда майн жер начинают руководить людьми раня равном и импостатусу однако раяность пектора это попытка оставаться своим барнем или девушкой
1927,"Эйнджел (2006 г.) объясняет подход ""Континуум"" как метод, используемый для помощи организациям в достижении более высокого уровня эффективности.","Эйнджел 2016 года объясняет подход к антинум, как метод используемы для помощи организации, а им достижения более высокого уровня эффективности.",эйнджел 2006 г объясняет подход континуум как метод используемый для помощи организациям в достижении более высокого уровня эффективности,эйнджел 2016 года объясняет подход к антинум как метод используемы для помощи организации а им достижения более высокого уровня эффективности
1898,"""Он [Уэльс] по сути лгал нам с самого начала. Во-первых, действуя так, как будто это нужно было сделать по юридическим причинам. Во-вторых, делая вид, что слушает нас вплоть до своего удаления изображений.""","Он ввес. По сути, алгал нам самована начала. Во-первых, здесь вот так, как будто это нужно было сделать по юридическим причинам. Во-вторых, дело обид, что слушает нас плодо своего удаления за бражений.",он уэльс по сути лгал нам с самого начала во первых действуя так как будто это нужно было сделать по юридическим причинам во вторых делая вид что слушает нас вплоть до своего удаления изображений,он ввес по сути алгал нам самована начала во первых здесь вот так как будто это нужно было сделать по юридическим причинам во вторых дело обид что слушает нас плодо своего удаления за бражений
1689,"Европа — относительно маленький континент, но на нём много независимых государств. В обычных обстоятельствах путешествие через множество стран означало бы необходимость подачи прошений для получения визы и многократного прохождения паспортного контроля.","Европа относительно маленький континент. Но на нем много независимых государств. В обычных обстоятельствах путешествий через множество стран, означало бы необходимость подачи прошедней для получения визы и много кратного прохождения паспортного контроля.",европа относительно маленький континент но на нем много независимых государств в обычных обстоятельствах путешествие через множество стран означало бы необходимость подачи прошений для получения визы и многократного прохождения паспортного контроля,европа относительно маленький континент но на нем много независимых государств в обычных обстоятельствах путешествий через множество стран означало бы необходимость подачи прошедней для получения визы и много кратного прохождения паспортного контроля
1769,"Великая пирамида была возведена египтянами в третьем веке до нашей эры и является одним из множества больших пирамидальных сооружений, построенных, чтобы почтить память фараона.","Великая пирамида была возведена египтянами в третьем веке до нашей эры, и является одним из множества больших пирамидальных сооружений построенных, чтобы почти ть память форона.",великая пирамида была возведена египтянами в третьем веке до нашей эры и является одним из множества больших пирамидальных сооружений построенных чтобы почтить память фараона,великая пирамида была возведена египтянами в третьем веке до нашей эры и является одним из множества больших пирамидальных сооружений построенных чтобы почти ть память форона
1718,"Не существует универсального определения того, какие произведённые изделия являются антиквариатом. Некоторые налоговые органы определяют товары, которым за 100 лет, как антиквариат.","Не существует универсального определения того, как и произведенные изделия, кивляют с антикворятым, некоторые налоговые органы обределяют товары, которым за столет, как антикворят.",не существует универсального определения того какие произведенные изделия являются антиквариатом некоторые налоговые органы определяют товары которым за 100 лет как антиквариат,не существует универсального определения того как и произведенные изделия кивляют с антикворятым некоторые налоговые органы обределяют товары которым за столет как антикворят
1940,"Принимая во внимание все вышесказанное, не стоит удивляться тому, что наши предки решили ""белковую проблему"" примерно так же, как ее решают шимпанзе в саванне по сей день.","Принемая во внимание все вышасказанное. Не стоит удивляться тому, что наши предки решили был ковую проблему. Примерно также, как ее решающим панзе, соввони по сей день.",принимая во внимание все вышесказанное не стоит удивляться тому что наши предки решили белковую проблему примерно так же как ее решают шимпанзе в саванне по сей день,принемая во внимание все вышасказанное не стоит удивляться тому что наши предки решили был ковую проблему примерно также как ее решающим панзе соввони по сей день
1742,"Территория Гонконга была названа в честь острова Гонконг, места, которое многие туристы считают главным объектом  своего внимания.","Церетуре ганконга была названа в честь острова ганконг, место, которые многие туристы считают главным объектом своего внимания.",территория гонконга была названа в честь острова гонконг места которое многие туристы считают главным объектом своего внимания,церетуре ганконга была названа в честь острова ганконг место которые многие туристы считают главным объектом своего внимания
1706,"Более традиционные церкви зачастую проводят пасхальное богослужение в субботу вечером во время пасхальных выходных, при этом прихожане обычно начинают в полночь празднование Воскресения Христа.","Более традиционные церкви зачастую проводят пасхарленное обага служение в субботу вечером во время пасхарных выходных. При этом, прихожание обычно начинает в полночь по разному не воскресенье Христа.",более традиционные церкви зачастую проводят пасхальное богослужение в субботу вечером во время пасхальных выходных при этом прихожане обычно начинают в полночь празднование воскресения христа,более традиционные церкви зачастую проводят пасхарленное обага служение в субботу вечером во время пасхарных выходных при этом прихожание обычно начинает в полночь по разному не воскресенье христа
1698,"Все во вселенной состоит из материи. Вся материя состоит из мельчайших частиц, называемых атомами.","Все, Василий, на сосредоизматери. Все материя сосредоизмельчаешь их частиц. Называем их отами.",все во вселенной состоит из материи вся материя состоит из мельчайших частиц называемых атомами,все василий на сосредоизматери все материя сосредоизмельчаешь их частиц называем их отами
1670,"Их термические характеристики не такие стабильные, как у больших пещер на Земле, которые часто поддерживают почти постоянную температуру, но они соответствуют тому, что является глубокими ямами в грунте, — сообщил Глен Кушинг из отдела планетной геологии Геологической службы США и Университета Северной Аризоны, расположенного во Флагстаффе, Аризона.","Их термический характеристик и не такие стабильные, как у больших пещерных земля, которые часто поддерживают почти постоянную температуру. Но они соответствуют тому, что является глубокими ямуми уронте, сообщу к Лен Кушинга и задело панонетный геологический служб Саша, и университета севрной оризоны, расположенного в Афлак Ставь оризона.",их термические характеристики не такие стабильные как у больших пещер на земле которые часто поддерживают почти постоянную температуру но они соответствуют тому что является глубокими ямами в грунте сообщил глен кушинг из отдела планетной геологии геологической службы сша и университета северной аризоны расположенного во флагстаффе аризона,их термический характеристик и не такие стабильные как у больших пещерных земля которые часто поддерживают почти постоянную температуру но они соответствуют тому что является глубокими ямуми уронте сообщу к лен кушинга и задело панонетный геологический служб саша и университета севрной оризоны расположенного в афлак ставь оризона
1679,Группа Aerosmith отменила оставшиеся концерты в своем турне.,Группа АРСМИТ отменила оставшиеся концерты в своем турне.,группа aerosmith отменила оставшиеся концерты в своем турне,группа арсмит отменила оставшиеся концерты в своем турне
1776,"За ночь было изготовлено 150–200 копий, теперь известных как ""листовки Данлэпа"".",Заноч была изготовлена 150-200 копий. Теперь известных коклистовки данного.,за ночь было изготовлено 150 200 копий теперь известных как листовки данлэпа,заноч была изготовлена 150 200 копий теперь известных коклистовки данного
1842,"Так как у перьев динозавров отсутствует хорошо развитый стержень, называемый рахисом, но все же имеются другие отличительные черты — бородки и бородочки — исследователи пришли к выводу, что рахис, скорее всего, появился позднее путем эволюционного развития других отличительных черт.","Так как упереди на заворов осуствуют хорошо раз в тесержи, называемый рахисом. Но все же имеются другие отечительные черты, бородки и бородочки. И светово телепрешли к выводу, что рахис скорее всего появился позднее путем в элитционного развития других отличительных черт.",так как у перьев динозавров отсутствует хорошо развитый стержень называемый рахисом но все же имеются другие отличительные черты бородки и бородочки исследователи пришли к выводу что рахис скорее всего появился позднее путем эволюционного развития других отличительных черт,так как упереди на заворов осуствуют хорошо раз в тесержи называемый рахисом но все же имеются другие отечительные черты бородки и бородочки и светово телепрешли к выводу что рахис скорее всего появился позднее путем в элитционного развития других отличительных черт
1910,"Парижане слывут эгоцентричными, грубыми и надменными.",Пряжание слывут эгоцентричными громами и надменными.,парижане слывут эгоцентричными грубыми и надменными,пряжание слывут эгоцентричными громами и надменными
1799,"Помимо соревнований в среду, Карпендо принимал участие в двух индивидуальных соревнованиях на чемпионатах.","Помимо соревнований в среду, карпенда принимал участие в двух индивидуаликсов ревнованиях начинпионатах.",помимо соревнований в среду карпендо принимал участие в двух индивидуальных соревнованиях на чемпионатах,помимо соревнований в среду карпенда принимал участие в двух индивидуаликсов ревнованиях начинпионатах
1949,"Термин ""жук"" используется энтомологами формально для обозначения группы насекомых.",Цермент ЖУК используется НТМ-логами фармане для обозначения группы на секомбах.,термин жук используется энтомологами формально для обозначения группы насекомых,цермент жук используется нтм логами фармане для обозначения группы на секомбах
1672,Не подвергайте ткань воздействию слишком высокой температуры (что может привести к усадке или в очень редких случаях к ожогу).,"Не подвергайте, ткань без действий слишком высокотемператоры, что может привести кусок или очень редкий случай кажуал.",не подвергайте ткань воздействию слишком высокой температуры что может привести к усадке или в очень редких случаях к ожогу,не подвергайте ткань без действий слишком высокотемператоры что может привести кусок или очень редкий случай кажуал
1987,"Падение произошло в высокогорье, и, как полагают, стало результатом вражеского огня.","Подиня произошло высоко горем и, как полагают, стало результатом прожеского огня.",падение произошло в высокогорье и как полагают стало результатом вражеского огня,подиня произошло высоко горем и как полагают стало результатом прожеского огня
1854,Сам автомобиль убрали с места происшествия в тот же день примерно в 12:00 по Гринвичу.,"Сам автомобиль убрали сместо происшествия в тот же день, примерно в 12 ноль, погрин вечу.",сам автомобиль убрали с места происшествия в тот же день примерно в 12 00 по гринвичу,сам автомобиль убрали сместо происшествия в тот же день примерно в 12 ноль погрин вечу
1999,"В 1960-х гг. Бжезинский занимал должность советника при Джоне Ф. Кеннеди, затем в администрации Линдона Б. Джонсона.","В 1960-х годах, пжизинский занимал дожный советника Приджоний ФКНД в затем в администрации Линдана Б-Джонсона.",в 1960 х гг бжезинский занимал должность советника при джоне ф кеннеди затем в администрации линдона б джонсона,в 1960 х годах пжизинский занимал дожный советника приджоний фкнд в затем в администрации линдана б джонсона
2009,"Наиболее доступными растительными ресурсами были бы белки, находящиеся в листьях и бобовых, но они плохо усваиваются такими приматами, как мы, если их не готовить.","Наиболее доступны, боростители, ресурсами были бы белки находящейся в листях и бабовых, но они плохо усваиваются такими приматами, как мы если их не готовить.",наиболее доступными растительными ресурсами были бы белки находящиеся в листьях и бобовых но они плохо усваиваются такими приматами как мы если их не готовить,наиболее доступны боростители ресурсами были бы белки находящейся в листях и бабовых но они плохо усваиваются такими приматами как мы если их не готовить
1749,"Он находился под управлением ""вишистских"" французов. Эти французы, заключили мир с немцами в 1940 году и работали вместе с захватчиками вместо того, чтобы им противостоять.","Он находился под управления вишицских французов. Эти французы заключили мир с немцами в 1940 году и работали вместе с захватчиками вместо того, чтобы им противостоять.",он находился под управлением вишистских французов эти французы заключили мир с немцами в 1940 году и работали вместе с захватчиками вместо того чтобы им противостоять,он находился под управления вишицских французов эти французы заключили мир с немцами в 1940 году и работали вместе с захватчиками вместо того чтобы им противостоять
1783,"К региональным и сезонным опасным явлениям погоды относятся метели, снежные бури, ледяные и пыльные бури.","Крепенными сезонами опасным явлением погоды относится метели с нежной бурой, ледяные и пыльные буры.",к региональным и сезонным опасным явлениям погоды относятся метели снежные бури ледяные и пыльные бури,крепенными сезонами опасным явлением погоды относится метели с нежной бурой ледяные и пыльные буры
1712,"С 1966 года Сундарбан является заповедником дикой природы, и, по имеющимся подсчётам, на его территории в настоящее время обитают 400 бенгальских тигров и около 30 000 пятнистых оленей.",С 1466 года Сундарбан является заповедником декоприрода и по имеющимся почетам. На вот территории в настоящее время обитают 4 бенгальских цигров и около 30 тысяч пить нестых олений.,с 1966 года сундарбан является заповедником дикой природы и по имеющимся подсчетам на его территории в настоящее время обитают 400 бенгальских тигров и около 30 000 пятнистых оленей,с 1466 года сундарбан является заповедником декоприрода и по имеющимся почетам на вот территории в настоящее время обитают 4 бенгальских цигров и около 30 тысяч пить нестых олений
1662,"Сплавы по существу представляют собой смесь двух или более металлов. Не забывайте, что в периодической таблице много элементов.","С плава по существу представляют собой смесь двух или более металлов. Не забывайте, что в периодической таблицы много элементов.",сплавы по существу представляют собой смесь двух или более металлов не забывайте что в периодической таблице много элементов,с плава по существу представляют собой смесь двух или более металлов не забывайте что в периодической таблицы много элементов
1991,"В течение этого периода европейской истории, католическая церковь, ставшая богатой и сильной, оказалась объектом пристального внимания.","В течение этого периода и в Аропейские истории католическая царков, ставшая богатый сильный, оказалась объектом пристального внимания.",в течение этого периода европейской истории католическая церковь ставшая богатой и сильной оказалась объектом пристального внимания,в течение этого периода и в аропейские истории католическая царков ставшая богатый сильный оказалась объектом пристального внимания
1671,"Конгресс начал финансировать инициативу по борьбе с развратом в 2005 налоговом году и определил, что ФБР должно выделить 10 агентов на борьбу со взрослой порнографией.","Конгрес начал финансировать и не цаативу по борьбе с развратом в 2005-м налоговом году. И определил, что ФБР должно вытелить 10 агентов на борьбу со взрослой паронографией.",конгресс начал финансировать инициативу по борьбе с развратом в 2005 налоговом году и определил что фбр должно выделить 10 агентов на борьбу со взрослой порнографией,конгрес начал финансировать и не цаативу по борьбе с развратом в 2005 м налоговом году и определил что фбр должно вытелить 10 агентов на борьбу со взрослой паронографией
1895,"По мере того как знание греческого языка ухудшалось, Запад оказался отрезанным от своих философских и научных греческих корней.",По мере того как знания гречского языка ухучалась запад оказалась отрезанным от своих философских научных гречских корней.,по мере того как знание греческого языка ухудшалось запад оказался отрезанным от своих философских и научных греческих корней,по мере того как знания гречского языка ухучалась запад оказалась отрезанным от своих философских научных гречских корней
1981,"Если вы сходите на берег только в порядке экскурсии на корабле, вам не понадобится отдельная виза (с 2009).","Если вы сходите на берег только в порядке экскусти и на корабле, вам не понадобится отдельная виза. За 109.",если вы сходите на берег только в порядке экскурсии на корабле вам не понадобится отдельная виза с 2009,если вы сходите на берег только в порядке экскусти и на корабле вам не понадобится отдельная виза за 109
1992,"Термин ""сафари"" в повседневном использовании означает наземную поездку с целью посмотреть поразительную дикую природу Африки, особенно в саванне.","Термен Сафаре, в посидневном использовании означает на земную поездку союлю посмотреть паразительную дикую природу Африке, особенно в соване.",термин сафари в повседневном использовании означает наземную поездку с целью посмотреть поразительную дикую природу африки особенно в саванне,термен сафаре в посидневном использовании означает на земную поездку союлю посмотреть паразительную дикую природу африке особенно в соване
1823,Изучение движения отдельных водителей и автомобилей между двумя точками и их взаимодействие друг с другом осуществляется в рамках исследования транспортных потоков.,Изучения движения отдельных водителей и автомобилей между двумя отточками и к зеймодействию друг с другом осуществляется в рамках исследований отраспортных потоков.,изучение движения отдельных водителей и автомобилей между двумя точками и их взаимодействие друг с другом осуществляется в рамках исследования транспортных потоков,изучения движения отдельных водителей и автомобилей между двумя отточками и к зеймодействию друг с другом осуществляется в рамках исследований отраспортных потоков
1774,"На удалённых островах кредитные карты, возможно, не будут приниматься, хотя британскую и американскую валюту могут принять; заранее проясните с владельцами какой способ оплаты является приемлемым.","На удаленых островах кредитные карты, возможно, не будут приниматься. Хотя британскую американскую валют могут принять, заранее произнитесь в лодельцами какой способ оплат является приемлемым.",на удаленных островах кредитные карты возможно не будут приниматься хотя британскую и американскую валюту могут принять заранее проясните с владельцами какой способ оплаты является приемлемым,на удаленых островах кредитные карты возможно не будут приниматься хотя британскую американскую валют могут принять заранее произнитесь в лодельцами какой способ оплат является приемлемым
1806,"Поскольку световое загрязнение в период их расцвета не было такой проблемой, как сегодня, они обычно расположены в городах или в кампусах, до которых легче добраться, чем до тех, которые построены в наше время.","Поскольку с витовой загрязнение вперед их рассветы не было такое проблемы как сегодня, они обычно расположены в городах или в кампусах, до которых легче добраться, чем дать их, которые построены в наше время.",поскольку световое загрязнение в период их расцвета не было такой проблемой как сегодня они обычно расположены в городах или в кампусах до которых легче добраться чем до тех которые построены в наше время,поскольку с витовой загрязнение вперед их рассветы не было такое проблемы как сегодня они обычно расположены в городах или в кампусах до которых легче добраться чем дать их которые построены в наше время
1880,"Таким образом, карандаш стал хорошим другом для многих людей, когда появился.","Таким образом карандаж стал хорошим другом для многих людей, когда появился.",таким образом карандаш стал хорошим другом для многих людей когда появился,таким образом карандаж стал хорошим другом для многих людей когда появился
1786,"Во время сравнения при помощи инфракрасной Фурье-спектроскопии выяснилось, что состав этих кристаллов соответствует кристаллам, найденным в моче поражённых домашних животных.","Во время сравнения при помощи инфра辛ной фургес спектра с копией выяснилось, что состав этих ресталов соответствует кристаллам найденым в мачи пораженных домашних животных.",во время сравнения при помощи инфракрасной фурье спектроскопии выяснилось что состав этих кристаллов соответствует кристаллам найденным в моче пораженных домашних животных,во время сравнения при помощи инфра辛ной фургес спектра с копией выяснилось что состав этих ресталов соответствует кристаллам найденым в мачи пораженных домашних животных
1844,Поверхность Луны состоит из камней и пыли. Внешний слой Луны называется корой.,Поверхность лоны состоит из камней и пыли. Внешней слой лоны называется корой.,поверхность луны состоит из камней и пыли внешний слой луны называется корой,поверхность лоны состоит из камней и пыли внешней слой лоны называется корой
1964,"25 листовок Данлэпа, известные на настоящее время, являются старейшими выжившими копиями документа. Оригинальная рукописная копия не дошла до нас.",25 ст. дамлы по известные на настоящие время являются старейшими выжившими копиями документа. Оригинальная рука песная копия не дошла до нас.,25 листовок данлэпа известные на настоящее время являются старейшими выжившими копиями документа оригинальная рукописная копия не дошла до нас,25 ст дамлы по известные на настоящие время являются старейшими выжившими копиями документа оригинальная рука песная копия не дошла до нас
1689,"Европа — относительно маленький континент, но на нём много независимых государств. В обычных обстоятельствах путешествие через множество стран означало бы необходимость подачи прошений для получения визы и многократного прохождения паспортного контроля.","Европа относительно маленький континент, но на нем много независимо государств. В обычных обстоятельствах путешествия через множество стран, а сначала бы необходимость подача прошедней для получения визы и многократного прохождения паспортного контроля.",европа относительно маленький континент но на нем много независимых государств в обычных обстоятельствах путешествие через множество стран означало бы необходимость подачи прошений для получения визы и многократного прохождения паспортного контроля,европа относительно маленький континент но на нем много независимо государств в обычных обстоятельствах путешествия через множество стран а сначала бы необходимость подача прошедней для получения визы и многократного прохождения паспортного контроля
1930,"Шестеро заложников, включая детей и пожилых людей, освободили раньше, как и филиппинских фотографов.","Шастер из ложников включать детей, пожилых людей, освободить гаранша, как и филипинских водоброфов.",шестеро заложников включая детей и пожилых людей освободили раньше как и филиппинских фотографов,шастер из ложников включать детей пожилых людей освободить гаранша как и филипинских водоброфов
1749,"Он находился под управлением ""вишистских"" французов. Эти французы, заключили мир с немцами в 1940 году и работали вместе с захватчиками вместо того, чтобы им противостоять.","Он находился под управлением вишистских французов. Эти французы заключили мир с немцами в 1990-40 году и работали вместе с захвачиками вместо того, чтобы им противостоять.",он находился под управлением вишистских французов эти французы заключили мир с немцами в 1940 году и работали вместе с захватчиками вместо того чтобы им противостоять,он находился под управлением вишистских французов эти французы заключили мир с немцами в 1990 40 году и работали вместе с захвачиками вместо того чтобы им противостоять
1807,"Итальянский язык также является повседневным языком для большинства людей, работающих в государстве, в то время как латынь зачастую используется в религиозных церемониях.","Итальянский язык также является посидневным вентзаком для большинства людей, а работающего государства, в то время как латын зачастую используется в религиозных церемониях.",итальянский язык также является повседневным языком для большинства людей работающих в государстве в то время как латынь зачастую используется в религиозных церемониях,итальянский язык также является посидневным вентзаком для большинства людей а работающего государства в то время как латын зачастую используется в религиозных церемониях
1682,"Хотя никто не знает наверняка, кто его написал, известно, что в начале своего существования этот большой пергаментный документ (размером 29¾ на 24½ дюйма) был свёрнут для более удобного хранения.","Хотя никто не знал на верненько, кто его написал, известна, что в начале своего существования этот большой пергамент на ида коммен, размера 29, 3,4, на 24, 1, 2, 1, 2, 1 был свернут для более удобного хранения.",хотя никто не знает наверняка кто его написал известно что в начале своего существования этот большой пергаментный документ размером 293 4 на 241 2 дюйма был свернут для более удобного хранения,хотя никто не знал на верненько кто его написал известна что в начале своего существования этот большой пергамент на ида коммен размера 29 3 4 на 24 1 2 1 2 1 был свернут для более удобного хранения
1927,"Эйнджел (2006 г.) объясняет подход ""Континуум"" как метод, используемый для помощи организациям в достижении более высокого уровня эффективности.","Эйнджел, ты что года объясняет подход к антинам, как метод используемый для помощи организации, достижения более высокого уровня эффективности.",эйнджел 2006 г объясняет подход континуум как метод используемый для помощи организациям в достижении более высокого уровня эффективности,эйнджел ты что года объясняет подход к антинам как метод используемый для помощи организации достижения более высокого уровня эффективности
1750,Находка также позволяет ознакомиться с эволюцией перьев у птиц.,"На ход, так же позволяет ознакомиться с соеволюцией переефубтитров.",находка также позволяет ознакомиться с эволюцией перьев у птиц,на ход так же позволяет ознакомиться с соеволюцией переефубтитров
1946,"Правила отмены заказов могут отличаться, но по состоянию на конец марта большая часть правил, связанных с коронавирусом, не распространяется на июль 2020 года, когда были запланированы Олимпийские игры.","Правила отменное заказов могут отличаться, но по состоянию наконец марта больше часть правил связанных с коронавирусом, я распространяется наюль 2020 года, когда были запланированы олипийские игры.",правила отмены заказов могут отличаться но по состоянию на конец марта большая часть правил связанных с коронавирусом не распространяется на июль 2020 года когда были запланированы олимпийские игры,правила отменное заказов могут отличаться но по состоянию наконец марта больше часть правил связанных с коронавирусом я распространяется наюль 2020 года когда были запланированы олипийские игры
1786,"Во время сравнения при помощи инфракрасной Фурье-спектроскопии выяснилось, что состав этих кристаллов соответствует кристаллам, найденным в моче поражённых домашних животных.","Во время сравнения при помощи инфраакрасной Фуре спектроскопии выяснилось, что состав эти крестала, соответствует кресталом, на одином в мача пораженных домашних животных.",во время сравнения при помощи инфракрасной фурье спектроскопии выяснилось что состав этих кристаллов соответствует кристаллам найденным в моче пораженных домашних животных,во время сравнения при помощи инфраакрасной фуре спектроскопии выяснилось что состав эти крестала соответствует кресталом на одином в мача пораженных домашних животных
1823,Изучение движения отдельных водителей и автомобилей между двумя точками и их взаимодействие друг с другом осуществляется в рамках исследования транспортных потоков.,"Изучения движения оденних водителей и автомобилей между двумя точками и их взаматист ве-друг с другом, осчастляется в рамках исследования транспортных потоков.",изучение движения отдельных водителей и автомобилей между двумя точками и их взаимодействие друг с другом осуществляется в рамках исследования транспортных потоков,изучения движения оденних водителей и автомобилей между двумя точками и их взаматист ве друг с другом осчастляется в рамках исследования транспортных потоков
1974,"Аналогично, мужчины должны носить брюки, которые бы закрывали колени.","Аналогично, мужчина должны носить брюки, которые бы закрывали колени.",аналогично мужчины должны носить брюки которые бы закрывали колени,аналогично мужчина должны носить брюки которые бы закрывали колени
1676,"Как и во всех южноафриканских национальных парках, в этом парке существует ежедневная плата за его охрану и посещение.","Как и во всех южно-вриканских национальных парках, в этом парке существует и жидивное плата за его охрану и посещение.",как и во всех южноафриканских национальных парках в этом парке существует ежедневная плата за его охрану и посещение,как и во всех южно вриканских национальных парках в этом парке существует и жидивное плата за его охрану и посещение
1866,"Во-первых, большинство наездников носят сапоги для верховой езды с каблуком, имеющие гладкую и довольно тонкую подошву.","Во-первых, большинство наъездников, носятся погидливых овоезда из каблуком, имеющий кладку и довольно тонкую подушку.",во первых большинство наездников носят сапоги для верховой езды с каблуком имеющие гладкую и довольно тонкую подошву,во первых большинство наъездников носятся погидливых овоезда из каблуком имеющий кладку и довольно тонкую подушку
1896,"Федерация гимнастики США и Олимпийский комитет США имеют одинаковую цель — сделать гимнастику и другие виды спорта настолько безопасными для спортсменов, насколько это возможно, чтобы они могли стремиться к своим целям в безопасной, позитивной среде и были наделены всеми правами.","Федерация гемнастике США и олимпийские комития США имеют одинаковую цель. Сделать гемнастику и другие виды спорта настолько безопасными диспортами. Насколько это возможно, чтобы они могли стремиться к своим цельям безопасной, посетительной среди и были наделены всеми правами.",федерация гимнастики сша и олимпийский комитет сша имеют одинаковую цель сделать гимнастику и другие виды спорта настолько безопасными для спортсменов насколько это возможно чтобы они могли стремиться к своим целям в безопасной позитивной среде и были наделены всеми правами,федерация гемнастике сша и олимпийские комития сша имеют одинаковую цель сделать гемнастику и другие виды спорта настолько безопасными диспортами насколько это возможно чтобы они могли стремиться к своим цельям безопасной посетительной среди и были наделены всеми правами
1981,"Если вы сходите на берег только в порядке экскурсии на корабле, вам не понадобится отдельная виза (с 2009).","Если вы сходите на берег только в порядке к скорости на корабле, вам не понадобится отдельная visa с 2009.",если вы сходите на берег только в порядке экскурсии на корабле вам не понадобится отдельная виза с 2009,если вы сходите на берег только в порядке к скорости на корабле вам не понадобится отдельная visa с 2009
2001,"Путешественникам настоятельно рекомендуется принимать во внимание любые риски, связанные с суровой погодой в их районе, поскольку они могут повлиять на любые планы поездки.","Путешественникам настоять на рекомендуется принимать во внимание любые рейские, связанные с ровой погоды в храниане. Поскольку они могут повлиять на любые планы поездки.",путешественникам настоятельно рекомендуется принимать во внимание любые риски связанные с суровой погодой в их районе поскольку они могут повлиять на любые планы поездки,путешественникам настоять на рекомендуется принимать во внимание любые рейские связанные с ровой погоды в храниане поскольку они могут повлиять на любые планы поездки
1734,"Ученые смогли сделать вывод, что темная материя воздействует на другую темную материю так же, как и в случае с обычной материей.","Ученые смогли сделать вывод, что темные материалы здесь на другую темные материалы, так же, как и в случае с обычной материей.",ученые смогли сделать вывод что темная материя воздействует на другую темную материю так же как и в случае с обычной материей,ученые смогли сделать вывод что темные материалы здесь на другую темные материалы так же как и в случае с обычной материей
1922,"Конечно же, эта традиция имеет христианское теологическое объяснение, но это вполне может быть и дохристианский ритуал весны и плодородия.","Конечно же, этот родится имеет христианско-целогическое объяснение, но это вполне может быть и дух христианский ритуал весные и плодорудия.",конечно же эта традиция имеет христианское теологическое объяснение но это вполне может быть и дохристианский ритуал весны и плодородия,конечно же этот родится имеет христианско целогическое объяснение но это вполне может быть и дух христианский ритуал весные и плодорудия
1700,Она тоньше под лунными морями и толще под нагорьями.,А на той же подлумами морями и толще под огурями.,она тоньше под лунными морями и толще под нагорьями,а на той же подлумами морями и толще под огурями
1695,"Простым и популярным блюдом на обед, особенно в летнее время, является Па-амб-оли: хлеб с оливковым маслом, помидорами и любой имеющейся начинкой, такой как сыр, тунец и т. д.","Просты мы популярным блюдом на обед, особенно влетнее время является по амболе. Хлеб соливковым маслом помидорами и любой имеющийся начинкой. Такой как сыр тунец и так далее.",простым и популярным блюдом на обед особенно в летнее время является па амб оли хлеб с оливковым маслом помидорами и любой имеющейся начинкой такой как сыр тунец и т д,просты мы популярным блюдом на обед особенно влетнее время является по амболе хлеб соливковым маслом помидорами и любой имеющийся начинкой такой как сыр тунец и так далее
1942,Мы строим наши дома и изготавливаем одежду из растений. Большая часть нашей пищи — это растения. Без растений животные не смогли бы выжить.,Мы строим наш и дома и изготовлено одежду из растений. Большая часть нашей пищи это растение. Без растений животные не смогли бы выжить.,мы строим наши дома и изготавливаем одежду из растений большая часть нашей пищи это растения без растений животные не смогли бы выжить,мы строим наш и дома и изготовлено одежду из растений большая часть нашей пищи это растение без растений животные не смогли бы выжить
1783,"К региональным и сезонным опасным явлениям погоды относятся метели, снежные бури, ледяные и пыльные бури.","К региональном и сезонном опасном явлением погода, но и сметели снижной бурой ледяной и пыльной бурой.",к региональным и сезонным опасным явлениям погоды относятся метели снежные бури ледяные и пыльные бури,к региональном и сезонном опасном явлением погода но и сметели снижной бурой ледяной и пыльной бурой
1788,Федерация гимнастики США поддерживает письмо Олимпийского комитета США и соглашается с абсолютной необходимостью создания безопасной среды для всех наших спортсменов.,Федерация о гемнастике США поддерживает письмо писького комитета США и соглашаетесь абсолютно неподимостое все здания безопасности среди для всех наших спортсменов.,федерация гимнастики сша поддерживает письмо олимпийского комитета сша и соглашается с абсолютной необходимостью создания безопасной среды для всех наших спортсменов,федерация о гемнастике сша поддерживает письмо писького комитета сша и соглашаетесь абсолютно неподимостое все здания безопасности среди для всех наших спортсменов
1957,"Он назвал эти слухи ""политической болтовнёй и глупостью"".",Он назвал эти слухи политической болтовниой и глупостью.,он назвал эти слухи политической болтовней и глупостью,он назвал эти слухи политической болтовниой и глупостью
1881,Выкладывание экскурсии в виртуальное пространство для всеобщего обозрения — это также отличный способ освежить в памяти экскурсию и поделиться своим полученными знаниями с будущими классами.,Выкладывание экскурсии виртуальная пространство для всеобщего обозрения. Это также отличный способ освежить в памяти экскурсию и поделиться своим полученными знаниями с будущими глазами.,выкладывание экскурсии в виртуальное пространство для всеобщего обозрения это также отличный способ освежить в памяти экскурсию и поделиться своим полученными знаниями с будущими классами,выкладывание экскурсии виртуальная пространство для всеобщего обозрения это также отличный способ освежить в памяти экскурсию и поделиться своим полученными знаниями с будущими глазами
1722,53-летний Куомо начал свою деятельность на посту губернатора в начале этого года и подписал законопроект о легализации однополых браков в прошлом месяце.,Пить и десять трех лет никого начало свою деятельность на посту губернаторов начали этого года и подписал законопроект о легализации однополых браков прошло месяца.,53 летний куомо начал свою деятельность на посту губернатора в начале этого года и подписал законопроект о легализации однополых браков в прошлом месяце,пить и десять трех лет никого начало свою деятельность на посту губернаторов начали этого года и подписал законопроект о легализации однополых браков прошло месяца
1779,"Заявление было сделано после того, как Трамп провел телефонный разговор с президентом Турции Реджепом Тайипом Эрдоганом.","заявление было сделано после того, как Trump провёл телефон и разговор с президентом Турции Реджепом Тейпом Рдаганом.",заявление было сделано после того как трамп провел телефонный разговор с президентом турции реджепом тайипом эрдоганом,заявление было сделано после того как trump провел телефон и разговор с президентом турции реджепом тейпом рдаганом
1986,"Наличие настоящей ""невидимой команды"" (Ларсон и ЛаФасто, 1989 г., с. 109) также является уникальным компонентом виртуальной команды.",Наличан настоящий невидимой команды. Ларсун и лафаста 1889 год в странице 199. Также является уникальным компонентом виртуальной команды.,наличие настоящей невидимой команды ларсон и лафасто 1989 г с 109 также является уникальным компонентом виртуальной команды,наличан настоящий невидимой команды ларсун и лафаста 1889 год в странице 199 также является уникальным компонентом виртуальной команды
1865,Круизы в Санкт-Петербург включают прогулки по городу. Пассажиры круизов освобождены от визовых требований (уточните условия).,"Круизы в Санкт-Петербург включают прогулки по городу, посажир Круизов освобождены от визовых требований. Уточники условия.",круизы в санкт петербург включают прогулки по городу пассажиры круизов освобождены от визовых требований уточните условия,круизы в санкт петербург включают прогулки по городу посажир круизов освобождены от визовых требований уточники условия
1779,"Заявление было сделано после того, как Трамп провел телефонный разговор с президентом Турции Реджепом Тайипом Эрдоганом.","заявление было сделано после того, как Трамп провёл телефон разговор с президентом Турции и Раджепом Таипом Рдаганом.",заявление было сделано после того как трамп провел телефонный разговор с президентом турции реджепом тайипом эрдоганом,заявление было сделано после того как трамп провел телефон разговор с президентом турции и раджепом таипом рдаганом
1739,Пещера располагается на вершине горы к северу от Мекки и полностью изолирована от остального мира.,"Ищера располагается на вершине корык северотмейки, и полностью зелированно от остального мира.",пещера располагается на вершине горы к северу от мекки и полностью изолирована от остального мира,ищера располагается на вершине корык северотмейки и полностью зелированно от остального мира
1883,"Высота подмостового габарита составляет 15 метров. Строительство было завершено в августе 2011 года, его не открывали для движения до марта 2017 года.",Высота под мостого оборита составляет 15 метров. Стретьте ствол было завершено ваусти 11 года. Его не открывали для движения до марта 2017 года.,высота подмостового габарита составляет 15 метров строительство было завершено в августе 2011 года его не открывали для движения до марта 2017 года,высота под мостого оборита составляет 15 метров стретьте ствол было завершено ваусти 11 года его не открывали для движения до марта 2017 года
1925,"Проведенная работа была в основном теоретической, но программа была написана для имитации наблюдений галактики в Стрельце.",Равидионная работа была в основном теоретической. На программе была написана демитации наблюдений Галактики в стрельсах.,проведенная работа была в основном теоретической но программа была написана для имитации наблюдений галактики в стрельце,равидионная работа была в основном теоретической на программе была написана демитации наблюдений галактики в стрельсах
1958,"Данный город сильно отличается от других городов страны, так как в нем преобладает арабский колорит, а не африканский.","Данный город сильно отличается в других городов страны, так как у нём прибладает арабский каларит Аня Фриканский.",данный город сильно отличается от других городов страны так как в нем преобладает арабский колорит а не африканский,данный город сильно отличается в других городов страны так как у нем прибладает арабский каларит аня фриканский
1715,"Обычные объявления в метро делаются только на каталонском языке, но незапланированные перебои объявляются автоматизированной системой на самых разных языках, включая испанский, английский, французский, арабский и японский.","Обычно объявления в метро делаются только на католонском языке. Но не запланированный перебоя объявляются автоматизированной системы на самых разных языках включаясь панский, английский, французский арабский и японский.",обычные объявления в метро делаются только на каталонском языке но незапланированные перебои объявляются автоматизированной системой на самых разных языках включая испанский английский французский арабский и японский,обычно объявления в метро делаются только на католонском языке но не запланированный перебоя объявляются автоматизированной системы на самых разных языках включаясь панский английский французский арабский и японский
1835,"Предупреждений о цунами не было и, согласно сообщению от Джакартского геофизического агентства, не будет, так как магнитуда землетрясения не достигла 6,5 балла.","Придупреждение от с нами не было, и согласно сообщению от Жикарского геофизического агентства не будет. Так как могдетут зимых трясения не из сыгла, шести с половиной балла.",предупреждений о цунами не было и согласно сообщению от джакартского геофизического агентства не будет так как магнитуда землетрясения не достигла 6 5 балла,придупреждение от с нами не было и согласно сообщению от жикарского геофизического агентства не будет так как могдетут зимых трясения не из сыгла шести с половиной балла
1673,"Во время Войны за независимость США тринадцать штатов, в соответствии со Статьями конфедерации, впервые сформировали слабое центральное правительство, единственным органом которого был Конгресс.",Вовремя войны за независимо США 13 штатов соответствиями комфедерации в первые изформировали слабое центральное правительство единственным органом которого был конгресс.,во время войны за независимость сша тринадцать штатов в соответствии со статьями конфедерации впервые сформировали слабое центральное правительство единственным органом которого был конгресс,вовремя войны за независимо сша 13 штатов соответствиями комфедерации в первые изформировали слабое центральное правительство единственным органом которого был конгресс
1722,53-летний Куомо начал свою деятельность на посту губернатора в начале этого года и подписал законопроект о легализации однополых браков в прошлом месяце.,"Пятидесяти-трохлетний, уома начался в детельность на посту гиберанатера. В начале этого года и подписался конопроект, а лигализации однополых браков прошла месяца.",53 летний куомо начал свою деятельность на посту губернатора в начале этого года и подписал законопроект о легализации однополых браков в прошлом месяце,пятидесяти трохлетний уома начался в детельность на посту гиберанатера в начале этого года и подписался конопроект а лигализации однополых браков прошла месяца
1814,"Ионы водорода — это протоны, от которых отделены электроны (атомы водорода состоят из одного протона и одного электрона).",И он и водорода – это протонья от которых отдельные электроны. Атомы водороды состоят из одного протона и одного электрона.,ионы водорода это протоны от которых отделены электроны атомы водорода состоят из одного протона и одного электрона,и он и водорода это протонья от которых отдельные электроны атомы водороды состоят из одного протона и одного электрона
1894,Карри — это блюдо на основе трав и специй в сочетании с мясом или овощами.,Карри это блюдо на основе трав и спецы сочетаний с мясом или овощами.,карри это блюдо на основе трав и специй в сочетании с мясом или овощами,карри это блюдо на основе трав и спецы сочетаний с мясом или овощами
1873,Твердо отказывайте мужчинам и не бойтесь стоять на своем (такое недопустимо вне зависимости от культурных различий!).,"Твердо отказывайте мужчинам и не бойтесь стоять на своем, такой недопустим вне зависимости от культурных различий.",твердо отказывайте мужчинам и не бойтесь стоять на своем такое недопустимо вне зависимости от культурных различий,твердо отказывайте мужчинам и не бойтесь стоять на своем такой недопустим вне зависимости от культурных различий
1844,Поверхность Луны состоит из камней и пыли. Внешний слой Луны называется корой.,Поверхность луны состоит из ко мне и пыли. Вершний слой вам и называется корой.,поверхность луны состоит из камней и пыли внешний слой луны называется корой,поверхность луны состоит из ко мне и пыли вершний слой вам и называется корой
1709,В докладе содержится резкая критика почти каждого аспекта нынешней политики исполнительной власти в отношении Ирака и настоятельный призыв к незамедлительной смене курса.,В докладе содержится разная критика почти каждого аспекта ненавишней политики исполнительной власти в отношении рак и настаятельной призыв к незаметительной сменникурса.,в докладе содержится резкая критика почти каждого аспекта нынешней политики исполнительной власти в отношении ирака и настоятельный призыв к незамедлительной смене курса,в докладе содержится разная критика почти каждого аспекта ненавишней политики исполнительной власти в отношении рак и настаятельной призыв к незаметительной сменникурса
1782,"Кроме того между правлениями каждой династии царила раздробленность и нестабильность. Самой известной была эпоха Троецарствия, которая длилась 60 лет во время династий Хань и Цзинь.","В кроме того, между провлением и каждой тинастии царилы расстроупенность и не стабильность. Самый известный была эпоха Трейдсарства, которая длилась 60 лет во время тинастии Хань и Цын.",кроме того между правлениями каждой династии царила раздробленность и нестабильность самой известной была эпоха троецарствия которая длилась 60 лет во время династий хань и цзинь,в кроме того между провлением и каждой тинастии царилы расстроупенность и не стабильность самый известный была эпоха трейдсарства которая длилась 60 лет во время тинастии хань и цын
1842,"Так как у перьев динозавров отсутствует хорошо развитый стержень, называемый рахисом, но все же имеются другие отличительные черты — бородки и бородочки — исследователи пришли к выводу, что рахис, скорее всего, появился позднее путем эволюционного развития других отличительных черт.","Так как уперевдена заров отсутствует хорошо развити стержень, называемые рахисом. Но все же имеются другие отличительные черты, бородки и бородочки. И следователи пришли к выводу, что рахис, скорее всего, появился позднее, путем и валюционного развития других отличительных черт.",так как у перьев динозавров отсутствует хорошо развитый стержень называемый рахисом но все же имеются другие отличительные черты бородки и бородочки исследователи пришли к выводу что рахис скорее всего появился позднее путем эволюционного развития других отличительных черт,так как уперевдена заров отсутствует хорошо развити стержень называемые рахисом но все же имеются другие отличительные черты бородки и бородочки и следователи пришли к выводу что рахис скорее всего появился позднее путем и валюционного развития других отличительных черт
1921,"С другой стороны, погодные условия со снегом и льдом являются нормальными во многих странах, и дорожное движение продолжается круглый год почти без перерывов.","С другой стороны, погодные условия со снегом и дом является нормальными в многих странах и дорожное движение продолжается круглый год подчти без перелёв.",с другой стороны погодные условия со снегом и льдом являются нормальными во многих странах и дорожное движение продолжается круглый год почти без перерывов,с другой стороны погодные условия со снегом и дом является нормальными в многих странах и дорожное движение продолжается круглый год подчти без перелев
1956,"Использование кораблей для транспортировки товаров является, безусловно, самым эффективным способом перевозки большого количества людей и грузов через океаны.",Использование кораблей для транспортировки товаров является безусловно самым эффективным способом перевозки большого количества людей и грузов через ээн.,использование кораблей для транспортировки товаров является безусловно самым эффективным способом перевозки большого количества людей и грузов через океаны,использование кораблей для транспортировки товаров является безусловно самым эффективным способом перевозки большого количества людей и грузов через ээн
1718,"Не существует универсального определения того, какие произведённые изделия являются антиквариатом. Некоторые налоговые органы определяют товары, которым за 100 лет, как антиквариат.","Не существует универсального определения того, какие произведенные изделия являются антиквариата. Некоторые налоговые органы определяют товары, которым за столет, как антиквариат.",не существует универсального определения того какие произведенные изделия являются антиквариатом некоторые налоговые органы определяют товары которым за 100 лет как антиквариат,не существует универсального определения того какие произведенные изделия являются антиквариата некоторые налоговые органы определяют товары которым за столет как антиквариат
1730,"Автобусы отправляются с межрайонной автостанции (за рекой) в течение всего дня, хотя большая часть, особенно направляющиеся на восток и в Джакар/Бумтанг, отбывают с 06:30 до 07:30.",А в тобус отправляются между районных астостанций за рекой. В течение сегодня я. Хотя большая часть особенно направляющейся на восток и в Джекар бум танге. Отбывает 63-ти до 730 утра.,автобусы отправляются с межрайонной автостанции за рекой в течение всего дня хотя большая часть особенно направляющиеся на восток и в джакар бумтанг отбывают с 06 30 до 07 30,а в тобус отправляются между районных астостанций за рекой в течение сегодня я хотя большая часть особенно направляющейся на восток и в джекар бум танге отбывает 63 ти до 730 утра
1846,"Соотношение сторон этого формата (поделенное на двенадцать, чтобы получить соотношение с небольшими целыми числами) поэтому принято за 3:2.","Сад на шенье сторон этого формата поделенная на 12, чтобы получить сад на шенье с небольшими целыми числами. Поэтому принято за 3 к 2.",соотношение сторон этого формата поделенное на двенадцать чтобы получить соотношение с небольшими целыми числами поэтому принято за 3 2,сад на шенье сторон этого формата поделенная на 12 чтобы получить сад на шенье с небольшими целыми числами поэтому принято за 3 к 2
1705,"15 августа 1940 года союзники вторглись в южную часть Франции. Вторжение получило название ""Операция ""Драгун"""".",15 августа 1940 года союзники в торгле с южной часть Франции. Вторжение получила название операция Дравун.,15 августа 1940 года союзники вторглись в южную часть франции вторжение получило название операция драгун,15 августа 1940 года союзники в торгле с южной часть франции вторжение получила название операция дравун
1756,"Поздно вечером в воскресенье президент США Дональд Трамп через пресс-секретаря заявил, что войска США покинут Сирию.","По-знавечером воскресенье президент США Дональт Рамп через пресс секретаря заявил, что вы сказали шапы кинутирую.",поздно вечером в воскресенье президент сша дональд трамп через пресс секретаря заявил что войска сша покинут сирию,по знавечером воскресенье президент сша дональт рамп через пресс секретаря заявил что вы сказали шапы кинутирую
1772,"Таким образом, вполне вероятно, что запись была добавлена просто как пометка.","Таким образом, вполне вероятны, что запись было добавлено просто, как пометка.",таким образом вполне вероятно что запись была добавлена просто как пометка,таким образом вполне вероятны что запись было добавлено просто как пометка
1661,"Он не назвал цифру для сокращений бюджетов, сказав, что они будут сделаны исходя из производительности экономики Китая.","Он не назвал цифру для сокращения бюджетов, сказал, что они будут сделаны, исходясь производительности экономики кетая.",он не назвал цифру для сокращений бюджетов сказав что они будут сделаны исходя из производительности экономики китая,он не назвал цифру для сокращения бюджетов сказал что они будут сделаны исходясь производительности экономики кетая
1892,"Это место, которое британские колонизаторы забрали себе, и если вы ищете доказательства колониального прошлого территории, то это хорошее место для начала.","Это место, которая при танске и колонизатор изобралился бед. Если вы ищете только зайти в сток, колоннялого прошлого территории, то это хорошая место для начала.",это место которое британские колонизаторы забрали себе и если вы ищете доказательства колониального прошлого территории то это хорошее место для начала,это место которая при танске и колонизатор изобралился бед если вы ищете только зайти в сток колоннялого прошлого территории то это хорошая место для начала
1670,"Их термические характеристики не такие стабильные, как у больших пещер на Земле, которые часто поддерживают почти постоянную температуру, но они соответствуют тому, что является глубокими ямами в грунте, — сообщил Глен Кушинг из отдела планетной геологии Геологической службы США и Университета Северной Аризоны, расположенного во Флагстаффе, Аризона.","Их термические характеристики не такие стабильные, как у больших пещерно земле, которые часто поддерживают почти постоянную температуру. Но они соответствуют тому, что гевляется глубокими ямами в грунте сообщил глянкушинг. Из отдела планетной геологической службы США и университета северной резонор с положного в Афлакс-тофеорезона.",их термические характеристики не такие стабильные как у больших пещер на земле которые часто поддерживают почти постоянную температуру но они соответствуют тому что является глубокими ямами в грунте сообщил глен кушинг из отдела планетной геологии геологической службы сша и университета северной аризоны расположенного во флагстаффе аризона,их термические характеристики не такие стабильные как у больших пещерно земле которые часто поддерживают почти постоянную температуру но они соответствуют тому что гевляется глубокими ямами в грунте сообщил глянкушинг из отдела планетной геологической службы сша и университета северной резонор с положного в афлакс тофеорезона
1725,"Серия ASUS Eee PC, ранее представленная во всём мире с ориентацией на такие факторы, как экономия средств и функциональность, стала горячей темой во время месяца информационных технологий в Тайбэе в 2007 году.","Серия Асус и PC. Рани представлены о всеми ресурентации на такие факторы, как экономия средств и функциональной стола горячей тема во время месяца информационных технологий в Тайбе в 2007 году.",серия asus eee pc ранее представленная во всем мире с ориентацией на такие факторы как экономия средств и функциональность стала горячей темой во время месяца информационных технологий в тайбэе в 2007 году,серия асус и pc рани представлены о всеми ресурентации на такие факторы как экономия средств и функциональной стола горячей тема во время месяца информационных технологий в тайбе в 2007 году
1789,"Среди других номинаций: ""Лучшая картина"", ""Режиссёр"", ""Операторская работа"", ""Дизайн костюмов"", ""Монтаж фильма"", ""Оригинальная музыка"", ""Художник-постановщик"", ""Звуковой монтаж"", ""Звук"" и ""Оригинальный сценарий"".",Среди других номинаций лучшее картии на режиссёр операторская работа дизайн-костюмов монтаж фильма оригинальная музыка. Художник постановщик звуковой монтаж звук и оригинальной сценарии.,среди других номинаций лучшая картина режиссер операторская работа дизайн костюмов монтаж фильма оригинальная музыка художник постановщик звуковой монтаж звук и оригинальный сценарий,среди других номинаций лучшее картии на режиссер операторская работа дизайн костюмов монтаж фильма оригинальная музыка художник постановщик звуковой монтаж звук и оригинальной сценарии
1994,"Очевидно, что если владеешь языком романский подгруппы, тебе будет проще выучить португальский.","Очевидно, что если ладежь из-за комрамммммммммммммммммммммммммммммммммммммммммммммммммммммммммммммммммммммммммммммммммммммммммммммммммммммммммммммммммммммммммммммммммммммммммммммммммммммммммммммммммммммммммммммммммммммммммммммммммммммммммммммммммммммммммммммммммммммммммммммммммммммммммммммммммммммммммммммммммммммммммммммммммммммммммммммммммммммммммммммммммммммммммммммммммммммммммммммммммммммммммммммммммммммммммммммммммммммммммммммммммммммммммммммммммммммммммммммм",очевидно что если владеешь языком романский подгруппы тебе будет проще выучить португальский,очевидно что если ладежь из за комрамммммммммммммммммммммммммммммммммммммммммммммммммммммммммммммммммммммммммммммммммммммммммммммммммммммммммммммммммммммммммммммммммммммммммммммммммммммммммммммммммммммммммммммммммммммммммммммммммммммммммммммммммммммммммммммммммммммммммммммммммммммммммммммммммммммммммммммммммммммммммммммммммммммммммммммммммммммммммммммммммммммммммммммммммммммммммммммммммммммммммммммммммммммммммммммммммммммммммммммммммммммммммммммммммммммммммммммм
1912,Почти все более мелкие острова являются независимыми государствами или ассоциированы с Францией и известны как шикарные пляжные курорты.,Подчасти все более мелкие острова и является независимыми госадарствами или ассоциированной сфранции и известны как шокарной пляжной курорты.,почти все более мелкие острова являются независимыми государствами или ассоциированы с францией и известны как шикарные пляжные курорты,подчасти все более мелкие острова и является независимыми госадарствами или ассоциированной сфранции и известны как шокарной пляжной курорты
1921,"С другой стороны, погодные условия со снегом и льдом являются нормальными во многих странах, и дорожное движение продолжается круглый год почти без перерывов.","С другой стороны, погодный условия со снегомульдом является нормальными в многих странах и дорожное движение продолжается круглый год почти безпередировав.",с другой стороны погодные условия со снегом и льдом являются нормальными во многих странах и дорожное движение продолжается круглый год почти без перерывов,с другой стороны погодный условия со снегомульдом является нормальными в многих странах и дорожное движение продолжается круглый год почти безпередировав
1930,"Шестеро заложников, включая детей и пожилых людей, освободили раньше, как и филиппинских фотографов.","Шастие разоложников включая детей и пожилых людей, освободили раньше, как и филиппинских фотографов.",шестеро заложников включая детей и пожилых людей освободили раньше как и филиппинских фотографов,шастие разоложников включая детей и пожилых людей освободили раньше как и филиппинских фотографов
1681,"Он, однако, не является единственным. Научные исследования также руководствуются экспериментированием (эксперимент — это проверка, используемая, чтобы исключить одну или более возможных гипотез), задаванием вопросов и проведением наблюдений.","Он однако не является единственным. Научные исследования также руководствуются экспериментирования. Эксперимент — это проверка. Используемая, чтобы исключить одну или более возможных епотис. Задаванием вопросов и проведениям наблюдений.",он однако не является единственным научные исследования также руководствуются экспериментированием эксперимент это проверка используемая чтобы исключить одну или более возможных гипотез задаванием вопросов и проведением наблюдений,он однако не является единственным научные исследования также руководствуются экспериментирования эксперимент это проверка используемая чтобы исключить одну или более возможных епотис задаванием вопросов и проведениям наблюдений
1746,"Растения питаются от солнца при помощи фотосинтеза. Кроме того, они отбрасывают тень.","Растение питаются от солнца при помощи фотосинтеза. Кроме того, они отбрасывают тень.",растения питаются от солнца при помощи фотосинтеза кроме того они отбрасывают тень,растение питаются от солнца при помощи фотосинтеза кроме того они отбрасывают тень
1920,"В них обычно предлагается особая еда, напитки и развлечения, чтобы гости оставались в хорошем настроении и не покидали заведения.","В них обычно предлагается особое еда на питке и развлечение, чтобы гостя оставались в хорошем настроении и не покидали заведения.",в них обычно предлагается особая еда напитки и развлечения чтобы гости оставались в хорошем настроении и не покидали заведения,в них обычно предлагается особое еда на питке и развлечение чтобы гостя оставались в хорошем настроении и не покидали заведения
1719,"Неблагоприятные метеоусловия — это общий термин для обозначения любого опасного явления погоды, способного причинить какой-либо ущерб, вызвать серьёзные социальные потрясения или привести к человеческим жертвам.","Неблагоприятные метеусловия – это общий термин для возначения любого пасного юления погоды. Способного причинить как Олибо Ущерб, вызвать серьезные социальные батристения или привести к человеческим жертвам.",неблагоприятные метеоусловия это общий термин для обозначения любого опасного явления погоды способного причинить какой либо ущерб вызвать серьезные социальные потрясения или привести к человеческим жертвам,неблагоприятные метеусловия это общий термин для возначения любого пасного юления погоды способного причинить как олибо ущерб вызвать серьезные социальные батристения или привести к человеческим жертвам
1723,"Бухта была местом печально известного военно-морского противостояния в 1889 году, когда семь кораблей из Германии, США и Британии отказались покидать бухту.",Бухта была местом печальная известного военном арскула противостояния в 1889 году. Тогда семь кораблей из Германии США и Британии отказались покидать бухту.,бухта была местом печально известного военно морского противостояния в 1889 году когда семь кораблей из германии сша и британии отказались покидать бухту,бухта была местом печальная известного военном арскула противостояния в 1889 году тогда семь кораблей из германии сша и британии отказались покидать бухту
1805,Автобус Scotturb № 403 совершает регулярные рейсы в Синтру и делает остановку на мысе Рока.,А в тобус с кот торп 433 совершает регулярное рисы в синдро и делает остановку на мусорока.,автобус scotturb no 403 совершает регулярные рейсы в синтру и делает остановку на мысе рока,а в тобус с кот торп 433 совершает регулярное рисы в синдро и делает остановку на мусорока
1965,"Почти все эти пляжи песчаные с безопасным купанием, и многие из них тенистые благодаря таким деревьям, как похутукава.","Подшти все эти пляжи печаны из безопасного купания, и многие из них тенисты было говорят о кем деревям, как по ходу каоба.",почти все эти пляжи песчаные с безопасным купанием и многие из них тенистые благодаря таким деревьям как похутукава,подшти все эти пляжи печаны из безопасного купания и многие из них тенисты было говорят о кем деревям как по ходу каоба
1763,"Так же, как Луна притягивает Землю, при этом вызывая приливы, так и Млечный Путь воздействует на галактику в Стрельце.",Также как луна претягивает землю при этом вызвая приливы. Таким личной путь воздействует на лактику в стрельце.,так же как луна притягивает землю при этом вызывая приливы так и млечный путь воздействует на галактику в стрельце,также как луна претягивает землю при этом вызвая приливы таким личной путь воздействует на лактику в стрельце
1969,"Оно гласит, что лучше всего помещать главный объект на пересечении линий, делящих изображение на три части по вертикали и по горизонтали (см. пример).","Он углассит, что лучше всего помещать главный объект на пересечении линии длящих изображения на тую части. Повертикали и погрязан стали смотреть пример.",оно гласит что лучше всего помещать главный объект на пересечении линий делящих изображение на три части по вертикали и по горизонтали см пример,он углассит что лучше всего помещать главный объект на пересечении линии длящих изображения на тую части повертикали и погрязан стали смотреть пример
1975,"Население Ватикана составляет около 800 человек. Это самая маленькая независимая страна в мире, а также страна, имеющая наименьшее население.",На селение ватикан составляет около 800 человек. Это самое маленькое независимо страна в мире. Также страна имеющая намечная населения.,население ватикана составляет около 800 человек это самая маленькая независимая страна в мире а также страна имеющая наименьшее население,на селение ватикан составляет около 800 человек это самое маленькое независимо страна в мире также страна имеющая намечная населения
1901,"Несмотря на то, что ИИ прочно ассоциируется с научной фантастикой, он формирует очень важное направление компьютерных наук, рассматривающее поведение и обучение машин и ""привитие"" им интеллекта.","И смотря на то, что и прочная сациируется с научной фантастикой, он формирует очень важное направление компьютерных наук, рассматривающая поведение и обучение машин и привити им интеллекта.",несмотря на то что ии прочно ассоциируется с научной фантастикой он формирует очень важное направление компьютерных наук рассматривающее поведение и обучение машин и привитие им интеллекта,и смотря на то что и прочная сациируется с научной фантастикой он формирует очень важное направление компьютерных наук рассматривающая поведение и обучение машин и привити им интеллекта
1836,"Людям с античных времен были известны основные химические элементы, такие как золото, серебро и медь, поскольку их все можно встретить в природе в чистом виде и относительно легко добывать с помощью примитивных орудий.","Людям сантичных времен были известны основные химические элементы. Такие как золото сиребро иметь, поскольку их все можно встретить в природе в чистом виде и относительно легко добывать с помощью примитивных орудий.",людям с античных времен были известны основные химические элементы такие как золото серебро и медь поскольку их все можно встретить в природе в чистом виде и относительно легко добывать с помощью примитивных орудий,людям сантичных времен были известны основные химические элементы такие как золото сиребро иметь поскольку их все можно встретить в природе в чистом виде и относительно легко добывать с помощью примитивных орудий
1727,"Дети, живущие на улицах, возможно, пережили тяжёлые формы насилия или травмирования до того, как убежать или быть брошенными.","Дети живущие на улицах. Возможно, пережили тяжелое форму насилия или троем миром не до того, как убежать или быть проженными.",дети живущие на улицах возможно пережили тяжелые формы насилия или травмирования до того как убежать или быть брошенными,дети живущие на улицах возможно пережили тяжелое форму насилия или троем миром не до того как убежать или быть проженными
1997,"Однако, процент людей с туберкулёзом с множественной лекарственной устойчивостью в целой группе больных туберкулезом все еще кажется низким; 6000 от общего числа 330 000 зараженных в данный конкретный момент в ЮАР.","Однако, процент людей стаберкулезам с множественной лекарственной устойчивой стевцелой группой больных таберкулезам, все еще кажется низким. 630-30-30 зараженных в данный конкретный момент в яр.",однако процент людей с туберкулезом с множественной лекарственной устойчивостью в целой группе больных туберкулезом все еще кажется низким 6000 от общего числа 330 000 зараженных в данный конкретный момент в юар,однако процент людей стаберкулезам с множественной лекарственной устойчивой стевцелой группой больных таберкулезам все еще кажется низким 630 30 30 зараженных в данный конкретный момент в яр
1948,"Эпоха Троецарствия была одним из самых кровавых периодов в истории древнего Китая. Тысячи людей погибли, сражаясь за место на троне в большом дворце в Сиане.",Эпоха драйдсарствия была одним из самых рововых периодов в истории древнего китае. Тысячи людей погибли сражая за место на троню в большом дворце. Все они.,эпоха троецарствия была одним из самых кровавых периодов в истории древнего китая тысячи людей погибли сражаясь за место на троне в большом дворце в сиане,эпоха драйдсарствия была одним из самых рововых периодов в истории древнего китае тысячи людей погибли сражая за место на троню в большом дворце все они
1849,"Если вы смотрели фильм ""Сокровище нации"", то можете подумать, что на оборотной стороне Декларации независимости была изображена карта сокровищ.","Если вы смотрели фильм с окровищенацией, то можете подумать, что наоборотные стороне декларации независимости была изображена картосокровища.",если вы смотрели фильм сокровище нации то можете подумать что на оборотной стороне декларации независимости была изображена карта сокровищ,если вы смотрели фильм с окровищенацией то можете подумать что наоборотные стороне декларации независимости была изображена картосокровища
1799,"Помимо соревнований в среду, Карпендо принимал участие в двух индивидуальных соревнованиях на чемпионатах.","Помимо соревнований в среду, карпенда принимал участие в двух индивидуальных соревнованиях на чемпионатах.",помимо соревнований в среду карпендо принимал участие в двух индивидуальных соревнованиях на чемпионатах,помимо соревнований в среду карпенда принимал участие в двух индивидуальных соревнованиях на чемпионатах
1943,"Чем ниже напряжение, тем более позитивна присутствующая в вас жизненная сила. Каждому человеку потенциально дано обрести абсолютные покой и чувство удовлетворения.",Чем ниже напряжение тем более позитивно присутствующая вваза жизни на силу. Каждому человеку потенциально доноубрести абсолютно покой и чувство удовлетворения.,чем ниже напряжение тем более позитивна присутствующая в вас жизненная сила каждому человеку потенциально дано обрести абсолютные покой и чувство удовлетворения,чем ниже напряжение тем более позитивно присутствующая вваза жизни на силу каждому человеку потенциально доноубрести абсолютно покой и чувство удовлетворения
1972,"Часто их не рассматривают, как динозавров, потому что они имеют перья и способны летать.","Часто их не рассматривают как динозавров, потому что они имеют перее, способны летать.",часто их не рассматривают как динозавров потому что они имеют перья и способны летать,часто их не рассматривают как динозавров потому что они имеют перее способны летать
2006,"Такие элементы, как кальций и калий, считаются металлами. Конечно, также есть такие металлы, как серебро и золото.","Такие элементы, как кольцы и кали считаются металлами. Конечно, также есть такие металлы к сереброю золота.",такие элементы как кальций и калий считаются металлами конечно также есть такие металлы как серебро и золото,такие элементы как кольцы и кали считаются металлами конечно также есть такие металлы к сереброю золота
1803,"Влага на ваших руках вступит в реакцию с верхним слоем, что будет необычно, затем сформируется подобие оболочки.","Влага на ваших руках вступит в реакцию с верхним словом, что будет необычно. Затем сформируется подобие оболочки.",влага на ваших руках вступит в реакцию с верхним слоем что будет необычно затем сформируется подобие оболочки,влага на ваших руках вступит в реакцию с верхним словом что будет необычно затем сформируется подобие оболочки
1817,Но Шенгенская зона в этом плане функционирует как единая страна.,Нашим гензкой озона в этом плане функционирует какие гиная страна.,но шенгенская зона в этом плане функционирует как единая страна,нашим гензкой озона в этом плане функционирует какие гиная страна
1971,"Сильные ветра, град, обильные осадки и лесные пожары являются проявлениями и эффектами суровых погодных явлений, таких как  бури, торнадо, водяные смерчи и ураганы.","Сильный ветра, град, апельно-садки или с ней пожара являются проявлениями и эффектами с ровах погонных явлений, таких как буре, торнада, в одинной смерче ургана.",сильные ветра град обильные осадки и лесные пожары являются проявлениями и эффектами суровых погодных явлений таких как бури торнадо водяные смерчи и ураганы,сильный ветра град апельно садки или с ней пожара являются проявлениями и эффектами с ровах погонных явлений таких как буре торнада в одинной смерче ургана
1752,"Это привело к тому, что два вида рыб вымерли, а два других, в том числе горбатый голавль, попали под угрозу исчезновения.","Это привело к тому, что два вида рыб вымерли. От в других, в том числе, карбаты и головы по парни по дуурозу и чизновения.",это привело к тому что два вида рыб вымерли а два других в том числе горбатый голавль попали под угрозу исчезновения,это привело к тому что два вида рыб вымерли от в других в том числе карбаты и головы по парни по дуурозу и чизновения
2008,"Прочие вопросы в повестке дня на Бали включают в себя сохранение оставшихся в мире лесов и обмен технологиями, чтобы способствовать росту развивающихся стран с меньшими загрязняющими последствиями.","Прочи его прозы в повеске дня на поли, включать себя сохранение оставшихся в мире лесов и обмен технологиями, чтобы способствовать ростура, звающихся стран, смешим изогрязняющими последствиями.",прочие вопросы в повестке дня на бали включают в себя сохранение оставшихся в мире лесов и обмен технологиями чтобы способствовать росту развивающихся стран с меньшими загрязняющими последствиями,прочи его прозы в повеске дня на поли включать себя сохранение оставшихся в мире лесов и обмен технологиями чтобы способствовать ростура звающихся стран смешим изогрязняющими последствиями
1752,"Это привело к тому, что два вида рыб вымерли, а два других, в том числе горбатый голавль, попали под угрозу исчезновения.","Это привлок тому, что два вида рыб вынерли от воду гих в том числе горбаты головы. Попали по дугрозу исчезновения.",это привело к тому что два вида рыб вымерли а два других в том числе горбатый голавль попали под угрозу исчезновения,это привлок тому что два вида рыб вынерли от воду гих в том числе горбаты головы попали по дугрозу исчезновения
1816,"Дюваль, который женат и имеет двух совершеннолетних детей, не произвел большого впечатления на Миллера, которому рассказали эту историю.","Дюваль, который жена, и имеет двух совершенно летний детей, не произвел большое впечатление на милера, которому рассказали эту историю.",дюваль который женат и имеет двух совершеннолетних детей не произвел большого впечатления на миллера которому рассказали эту историю,дюваль который жена и имеет двух совершенно летний детей не произвел большое впечатление на милера которому рассказали эту историю
1827,Толщина коры составляет около 70 км под океанами и 100 км – под материками.,толщина коры составляет около 70 километров под акианами и 100 километров под материками,толщина коры составляет около 70 км под океанами и 100 км под материками,толщина коры составляет около 70 километров под акианами и 100 километров под материками
1899,"Мухаммед очень интересовался темами, не связанными с мирской жизнью. Он часто посещал пещеру, которая стала известна как ""Хира"" на горе ""Нур"" (свет) для размышлений.","Ну Хамид очень интересовался темами не связанными с межской жизни. Он часто посещал пищиеру, которая стала известна как хира на горенную р свет для размышления.",мухаммед очень интересовался темами не связанными с мирской жизнью он часто посещал пещеру которая стала известна как хира на горе нур свет для размышлений,ну хамид очень интересовался темами не связанными с межской жизни он часто посещал пищиеру которая стала известна как хира на горенную р свет для размышления
1920,"В них обычно предлагается особая еда, напитки и развлечения, чтобы гости оставались в хорошем настроении и не покидали заведения.","В них обычно предлагается особое еда на питке и развлечение, чтобы гости оставались в хорошем настроении и не покидали заведение.",в них обычно предлагается особая еда напитки и развлечения чтобы гости оставались в хорошем настроении и не покидали заведения,в них обычно предлагается особое еда на питке и развлечение чтобы гости оставались в хорошем настроении и не покидали заведение
1837,"Либеральная критика усилий по восстановлению сосредоточивалась на том, что контракты на восстановительные работы отдавались предположительно имеющим связи с правительством.","Либиральные критика усилипало становления сосредоточилась на том, что контракт в основном вительные работы отдавались предположительно и имеющим связи с правительством.",либеральная критика усилий по восстановлению сосредоточивалась на том что контракты на восстановительные работы отдавались предположительно имеющим связи с правительством,либиральные критика усилипало становления сосредоточилась на том что контракт в основном вительные работы отдавались предположительно и имеющим связи с правительством
1868,"На другом конце спектра человек превращается в неузнаваемого индивида, которому кажется, что он должен изменить всё, что делала команда, и присвоить это себе.","На другом конце спектра человек превращается в неузноваемого индивида, которому кажется, что он должен изменить все, что делала команда и присвоит это себе.",на другом конце спектра человек превращается в неузнаваемого индивида которому кажется что он должен изменить все что делала команда и присвоить это себе,на другом конце спектра человек превращается в неузноваемого индивида которому кажется что он должен изменить все что делала команда и присвоит это себе
1827,Толщина коры составляет около 70 км под океанами и 100 км – под материками.,Толщина корыса является около 70 километров подокианами и 100 километров под материками.,толщина коры составляет около 70 км под океанами и 100 км под материками,толщина корыса является около 70 километров подокианами и 100 километров под материками
1980,"К сожалению, сложно изучать интенсивность движения автотранспорта, потому что нельзя со стопроцентной вероятностью предсказать поведение водителя.","К сожалению, сложно изучать интенсивность движения в транспорта, потому что нельзя со 100% вероятности предсказать поведение водителя.",к сожалению сложно изучать интенсивность движения автотранспорта потому что нельзя со стопроцентной вероятностью предсказать поведение водителя,к сожалению сложно изучать интенсивность движения в транспорта потому что нельзя со 100 вероятности предсказать поведение водителя
1853,Джанкарло Физикелла потерял контроль над управлением своим автомобилем и завершил гонку вскоре после старта.,Джан Карла физикелла потерял контрольное управление своими автомобилем и завершил гонку вскоре после старта.,джанкарло физикелла потерял контроль над управлением своим автомобилем и завершил гонку вскоре после старта,джан карла физикелла потерял контрольное управление своими автомобилем и завершил гонку вскоре после старта
1756,"Поздно вечером в воскресенье президент США Дональд Трамп через пресс-секретаря заявил, что войска США покинут Сирию.","Познавеет черам воскресенье, президент США Донавтрам, через пресс секретаря заявил, что войска США покинут серию.",поздно вечером в воскресенье президент сша дональд трамп через пресс секретаря заявил что войска сша покинут сирию,познавеет черам воскресенье президент сша донавтрам через пресс секретаря заявил что войска сша покинут серию
1803,"Влага на ваших руках вступит в реакцию с верхним слоем, что будет необычно, затем сформируется подобие оболочки.","Влагана на шахруках субетев реакцию сверхним слоем, чтобы будет необычно, затем сформируется по добе оболочки.",влага на ваших руках вступит в реакцию с верхним слоем что будет необычно затем сформируется подобие оболочки,влагана на шахруках субетев реакцию сверхним слоем чтобы будет необычно затем сформируется по добе оболочки
1832,"В популярные виды спорта входят футбол, баскетбол, волейбол, водное поло, фехтование, регби, велоспорт, хоккей на льду, хоккей на роликах и автогонки ""Формулы-1"".","В популярной виде спорта входит футбол, бускидбол, валибол, водное поло, фехтование, рэкпе, вела спорт, хокейнальту, хокейна роликов и автогонки формуладин.",в популярные виды спорта входят футбол баскетбол волейбол водное поло фехтование регби велоспорт хоккей на льду хоккей на роликах и автогонки формулы 1,в популярной виде спорта входит футбол бускидбол валибол водное поло фехтование рэкпе вела спорт хокейнальту хокейна роликов и автогонки формуладин
1985,"Это связано, но обычно не включает пешее восхождение на вершину и затем спуск по неподготовленным склонам, так как катание по целине требует более жестких лыж и ботинок.","Это связано, но обычно не включают первая восхождение навершину, и затем спуск по неподготовленным склонам. Так как катания подселения требуют более жестких лишь и ботинок.",это связано но обычно не включает пешее восхождение на вершину и затем спуск по неподготовленным склонам так как катание по целине требует более жестких лыж и ботинок,это связано но обычно не включают первая восхождение навершину и затем спуск по неподготовленным склонам так как катания подселения требуют более жестких лишь и ботинок
1692,"Согласно ядерному управлению Японии, на заводе были обнаружены радиоактивный цезий и йод.",Согласно ядерному управлению Японии на заводе были обнаружены радиоактивный сези и йод.,согласно ядерному управлению японии на заводе были обнаружены радиоактивный цезий и йод,согласно ядерному управлению японии на заводе были обнаружены радиоактивный сези и йод
1884,"В частности, утверждается, что можно определить, лжет ли человек, при помощи правильной интерпретации его микровыражений.","В частности, утверждается, что можно определить о желтле человек при помощи правильной интерпретации его микроворожений.",в частности утверждается что можно определить лжет ли человек при помощи правильной интерпретации его микровыражений,в частности утверждается что можно определить о желтле человек при помощи правильной интерпретации его микроворожений
1929,"Дель Потро имел раннее преимущество во втором сете, но это также потребовало тай-брейка после достижения 6-6.",Дель патро и меларание преимущества в втором сети. Но это также потребовала тайбрейка после достижения 6.6.,дель потро имел раннее преимущество во втором сете но это также потребовало тай брейка после достижения 6 6,дель патро и меларание преимущества в втором сети но это также потребовала тайбрейка после достижения 6 6
1871,В тёплом климате Ближнего Востока дом не имел особого значения.,В теплом климете ближнего востока дом не имел особого значения.,в теплом климате ближнего востока дом не имел особого значения,в теплом климете ближнего востока дом не имел особого значения
1747,Коллеги-рестлеры тоже отдали Луне дань уважения.,Калиги резлеры тоже отдаляло недание уважения.,коллеги рестлеры тоже отдали луне дань уважения,калиги резлеры тоже отдаляло недание уважения
1770,"Это кажется разумной идеей, потому что мы не чувствуем, что Земля движется, не так ли?","Это кажется разумные идеи, потому что мы не чувствуем, что земля движется не так ли.",это кажется разумной идеей потому что мы не чувствуем что земля движется не так ли,это кажется разумные идеи потому что мы не чувствуем что земля движется не так ли
1989,"Кроме того, он занимался гравюрным оттиском банкнот для многих стран. Недавние примеры его работ — портреты премьер-министра на лицевой стороне новых банкнот Канады номиналом 5 и 100 долларов.","Кроме того, занимался граверным отиском банкно для многих стран. Недавнее примера его работ портреты, примерми не странилицы вое стране, но в их банкнотка надо, номиналом 5 и 100 долларов.",кроме того он занимался гравюрным оттиском банкнот для многих стран недавние примеры его работ портреты премьер министра на лицевой стороне новых банкнот канады номиналом 5 и 100 долларов,кроме того занимался граверным отиском банкно для многих стран недавнее примера его работ портреты примерми не странилицы вое стране но в их банкнотка надо номиналом 5 и 100 долларов
1705,"15 августа 1940 года союзники вторглись в южную часть Франции. Вторжение получило название ""Операция ""Драгун"""".",15 августа 1940 года союзники в торгле свежной часть франции. Вторжение получила название операции дрогун.,15 августа 1940 года союзники вторглись в южную часть франции вторжение получило название операция драгун,15 августа 1940 года союзники в торгле свежной часть франции вторжение получила название операции дрогун
1852,"Надлежащее использование блогов может дать учащимся возможность стать более аналитичными и критичными. Путём активного отклика на интернет-материалы учащиеся могут определять свою позицию в контексте чужих работ, а также излагать свои собственные взгляды на конкретные вопросы (Оравек, 2002).","На злежащее использование блогов может дать учащимся возможность стать более аналитичными и критичными. Путем активно от кликанной интернет-материалу учащейся могут определять свою позицию в контексте шахработа, а также излагать свои собственные взгляды на конкретный вопрос. Ровек 2002.",надлежащее использование блогов может дать учащимся возможность стать более аналитичными и критичными путем активного отклика на интернет материалы учащиеся могут определять свою позицию в контексте чужих работ а также излагать свои собственные взгляды на конкретные вопросы оравек 2002,на злежащее использование блогов может дать учащимся возможность стать более аналитичными и критичными путем активно от кликанной интернет материалу учащейся могут определять свою позицию в контексте шахработа а также излагать свои собственные взгляды на конкретный вопрос ровек 2002
1987,"Падение произошло в высокогорье, и, как полагают, стало результатом вражеского огня.","Подение произошло в высоко горе и, как полагает, стало результатом вражеского огня.",падение произошло в высокогорье и как полагают стало результатом вражеского огня,подение произошло в высоко горе и как полагает стало результатом вражеского огня
1741,"Большие области далее к северу довольно редко заселены, а некоторые из них – практически незаселённая глушь.","Мольшие области дали эксеверу довольно редко заселены, а некоторые из них практически не заселенные оглуши.",большие области далее к северу довольно редко заселены а некоторые из них практически незаселенная глушь,мольшие области дали эксеверу довольно редко заселены а некоторые из них практически не заселенные оглуши
1725,"Серия ASUS Eee PC, ранее представленная во всём мире с ориентацией на такие факторы, как экономия средств и функциональность, стала горячей темой во время месяца информационных технологий в Тайбэе в 2007 году.","Сири Асус и ИПС и ранее представлены во всем мире с тринтации на такие факторы, как экономия с рест и функционалист, стало горячее темой во время месяца информационных технологий в Тайбее в 2017 году.",серия asus eee pc ранее представленная во всем мире с ориентацией на такие факторы как экономия средств и функциональность стала горячей темой во время месяца информационных технологий в тайбэе в 2007 году,сири асус и ипс и ранее представлены во всем мире с тринтации на такие факторы как экономия с рест и функционалист стало горячее темой во время месяца информационных технологий в тайбее в 2017 году
1796,"Этот осадок требовался для формирования пляжей и песчаных отмелей, являвшихся местом обитания диких животных.",Этот осадок требовался для формирования пляжи и пещенных отмели являвшихся местом обитания диких животных.,этот осадок требовался для формирования пляжей и песчаных отмелей являвшихся местом обитания диких животных,этот осадок требовался для формирования пляжи и пещенных отмели являвшихся местом обитания диких животных
1703,"Вчера Мартейи привёл к присяге новый Временный избирательный совет (ВИС), состоящий из девяти участников.",В черамарты и привел к присяге новый временный избирательный совет. Вес. Состоящие из девяти участников.,вчера мартейи привел к присяге новый временный избирательный совет вис состоящий из девяти участников,в черамарты и привел к присяге новый временный избирательный совет вес состоящие из девяти участников
1878,"Центр церковной власти базировался в Риме на протяжении более тысячи лет, и такое сосредоточение могущества и богатства привело к тому, что многие усомнились, а соблюдается ли этот догмат.","Центр церковной власти позированся времени на протяжении более тысячи лет и такое сосредоточение могущества и богатства привело к тому, что многие усомнились, осаблюдаются лет и догмат.",центр церковной власти базировался в риме на протяжении более тысячи лет и такое сосредоточение могущества и богатства привело к тому что многие усомнились а соблюдается ли этот догмат,центр церковной власти позированся времени на протяжении более тысячи лет и такое сосредоточение могущества и богатства привело к тому что многие усомнились осаблюдаются лет и догмат
1961,"Одним из наиболее распространённых методов, используемых для иллюстрации важности социализации, является иллюстрация нескольких прискорбных случаев, когда дети из-за отсутствия должного внимания, неудачного стечения обстоятельств или умышленного жестокого обращения не контактировали со взрослыми во время своего взросления.","Одним из наиболее распространенных методов используемых для элюстрации, в разносте социализации является элюстрацией, несколько. Прискорбных случай, когда дети из отсутствия должны внимание, неудачного стечения обстоятельств или умышленного жестокого обращения не контактировались со взрослыми во время своего возросления.",одним из наиболее распространенных методов используемых для иллюстрации важности социализации является иллюстрация нескольких прискорбных случаев когда дети из за отсутствия должного внимания неудачного стечения обстоятельств или умышленного жестокого обращения не контактировали со взрослыми во время своего взросления,одним из наиболее распространенных методов используемых для элюстрации в разносте социализации является элюстрацией несколько прискорбных случай когда дети из отсутствия должны внимание неудачного стечения обстоятельств или умышленного жестокого обращения не контактировались со взрослыми во время своего возросления
1686,"В итоге сплочённая работа организации с целью преодолеть препятствие может привести к новому инновационному процессу, который будет отвечать интересам клиента.","В итоге с плоченной работой организации с целью преодолеть препятствия может привести к новому инновационному процессу, который будет отвечать интересам клиента.",в итоге сплоченная работа организации с целью преодолеть препятствие может привести к новому инновационному процессу который будет отвечать интересам клиента,в итоге с плоченной работой организации с целью преодолеть препятствия может привести к новому инновационному процессу который будет отвечать интересам клиента
1888,"Шок по возвращении в родную страну наступает раньше, чем культурный шок (здесь более короткий романтичный период), длится дольше и может быть более тяжёлым.","Шок по возвращению в родную страну наступает раньше, чем культурный шок. Здесь более короткий романтичный период лица, дольше, и может быть более тяжелым.",шок по возвращении в родную страну наступает раньше чем культурный шок здесь более короткий романтичный период длится дольше и может быть более тяжелым,шок по возвращению в родную страну наступает раньше чем культурный шок здесь более короткий романтичный период лица дольше и может быть более тяжелым
1903,"Когда все доступные ресурсы эффективно используются во всех функциональных подразделениях организации, то могут проявиться креативность и изобретательность.","Когда все доступные ресурсы эффективно используются во всех функциональных подразделения организации, то могут проявиться креативность и изобретательности.",когда все доступные ресурсы эффективно используются во всех функциональных подразделениях организации то могут проявиться креативность и изобретательность,когда все доступные ресурсы эффективно используются во всех функциональных подразделения организации то могут проявиться креативность и изобретательности
1815,"Атомная бомба работает на том принципе, что для того, чтобы много протонов и нейтронов находились в одном ядре, необходима энергия.","Атомная бомба работает на том, что для того чтобы много протона и на итроном находились в одном дедре необходимо энергия.",атомная бомба работает на том принципе что для того чтобы много протонов и нейтронов находились в одном ядре необходима энергия,атомная бомба работает на том что для того чтобы много протона и на итроном находились в одном дедре необходимо энергия
1974,"Аналогично, мужчины должны носить брюки, которые бы закрывали колени.","Аналогично, мужчина должен на сеть брюки, которые бы закрывали колени.",аналогично мужчины должны носить брюки которые бы закрывали колени,аналогично мужчина должен на сеть брюки которые бы закрывали колени
1691,"На некоторых маршрутах  у более крупных компаний есть свои собственные самолёты, но для других маршрутов и более мелких компаний с этим была проблема.","На некоторых маршрутах у более крупных компаний есть свои собственные самолеты, но для других маршрутах у более мелких компаний с этим была проблема.",на некоторых маршрутах у более крупных компаний есть свои собственные самолеты но для других маршрутов и более мелких компаний с этим была проблема,на некоторых маршрутах у более крупных компаний есть свои собственные самолеты но для других маршрутах у более мелких компаний с этим была проблема
1890,Большинство современных исследовательских телескопов — это огромные сооружения в удаленных местах с благоприятными атмосферными условиями.,"Большинство современных исследовательских телескопов — это огромное соружение в удаленных местах, с благоприятными, атмосферными условиями.",большинство современных исследовательских телескопов это огромные сооружения в удаленных местах с благоприятными атмосферными условиями,большинство современных исследовательских телескопов это огромное соружение в удаленных местах с благоприятными атмосферными условиями
1885,Между 10:00 и 11:00 вечера по горному времени заключенные устроили пожар во дворе.,"Между 10 и 11 вечера по горному времени, заключенные устроили пожар в адваре.",между 10 00 и 11 00 вечера по горному времени заключенные устроили пожар во дворе,между 10 и 11 вечера по горному времени заключенные устроили пожар в адваре
1990,"Блоги также могут улучшить навыки письма у учащихся. Хотя учащиеся часто начинают свой блог используя неряшливую грамматику и орфографию, это как правило меняется из-за присутствия аудитории.",Блоги также могут вушить на веке без малучащихся. Хотя учащийся часто начинает свое блогу использование решлива громадику и фотографию. Это правило меняется из-за присутствия аудитории.,блоги также могут улучшить навыки письма у учащихся хотя учащиеся часто начинают свой блог используя неряшливую грамматику и орфографию это как правило меняется из за присутствия аудитории,блоги также могут вушить на веке без малучащихся хотя учащийся часто начинает свое блогу использование решлива громадику и фотографию это правило меняется из за присутствия аудитории
1767,"Это представляет хорошую возможность увидеть северное сияние, потому что небо будет более или менее тёмным круглые сутки.","Это представляет хорошие возможности видеть северно сияня, потому что не оба будет более или менее о темном круглой сутки.",это представляет хорошую возможность увидеть северное сияние потому что небо будет более или менее темным круглые сутки,это представляет хорошие возможности видеть северно сияня потому что не оба будет более или менее о темном круглой сутки
1929,"Дель Потро имел раннее преимущество во втором сете, но это также потребовало тай-брейка после достижения 6-6.",Далее подрамцете. Но это также потребовала тайбрейка после достижения 6-6.,дель потро имел раннее преимущество во втором сете но это также потребовало тай брейка после достижения 6 6,далее подрамцете но это также потребовала тайбрейка после достижения 6 6
2007,"По оценке начальника Инженерных войск США, 6 дюймов дождевых осадков могли прорвать поврежденные ранее дамбы.",По оценке начальника инженерных войск США 6 дюймов дождевых ассадков могли прорвать поврежденные ранят дамбы.,по оценке начальника инженерных войск сша 6 дюймов дождевых осадков могли прорвать поврежденные ранее дамбы,по оценке начальника инженерных войск сша 6 дюймов дождевых ассадков могли прорвать поврежденные ранят дамбы
2005,"Но еще можно многое сказать о птицах, которые всё ещё выглядят как динозавры.","Но еще много можно сказать об кицах, которые все еще выглядят, как динозавры.",но еще можно многое сказать о птицах которые все еще выглядят как динозавры,но еще много можно сказать об кицах которые все еще выглядят как динозавры
1907,Вскоре после начала военных действий Британия устроила морскую блокаду Германии.,"Скоре после начала военлагействии, британин встроила морскую плодка о дугермане.",вскоре после начала военных действий британия устроила морскую блокаду германии,скоре после начала военлагействии британин встроила морскую плодка о дугермане
1750,Находка также позволяет ознакомиться с эволюцией перьев у птиц.,На ходка также позволяет ознакомиться с союлюцией перевоптиц.,находка также позволяет ознакомиться с эволюцией перьев у птиц,на ходка также позволяет ознакомиться с союлюцией перевоптиц
1811,Стандарт 802.11n работает на обоих частотах – 2.4 ГГц и 5.0 ГГц.,Стандарт 800-2.1.N работает на боях частотах 2.4 гигерса и 5.4 гигерса.,стандарт 802 11n работает на обоих частотах 2 4 ггц и 5 0 ггц,стандарт 800 2 1 n работает на боях частотах 2 4 гигерса и 5 4 гигерса
1845,"Они вернулись в Париж в карете, окружённые толпой людей, которые выкрикивали угрозы королю и королеве.","Они вернулись в Париж в Корете, укроженные толпы людей, которые вы приколи угрозы королю и короления.",они вернулись в париж в карете окруженные толпой людей которые выкрикивали угрозы королю и королеве,они вернулись в париж в корете укроженные толпы людей которые вы приколи угрозы королю и короления
1711,"Эти теории обращаются к тому, что же заставляет конкретных людей хотеть делать то, что они делают, и что их  окружении заставляет делать или не делать определённые вещи.","Эти теории обращаются к тому, что же заставляет конкретных людей, хотите делать то, что они делают. И что их окружений заставляет делать или не делать определенные вещи.",эти теории обращаются к тому что же заставляет конкретных людей хотеть делать то что они делают и что их окружении заставляет делать или не делать определенные вещи,эти теории обращаются к тому что же заставляет конкретных людей хотите делать то что они делают и что их окружений заставляет делать или не делать определенные вещи
1911,"Аналогичным образом, если у вас есть шенгенская виза, вам не нужно подавать заявление на получение визы в каждую из стран-участниц Шенгенского соглашения отдельно, что позволит вам сэкономить время и деньги, а также избежать бумажной волокиты.","Аналогичным образом, если у вас есть шингенская виса, вам не нужно подавать заявление на получение висов, каждую страну часть с шингенского соглашения отдельно. Чтобы позволит вам сэкономить время и деньги, а также избежать бумажные в локиты.",аналогичным образом если у вас есть шенгенская виза вам не нужно подавать заявление на получение визы в каждую из стран участниц шенгенского соглашения отдельно что позволит вам сэкономить время и деньги а также избежать бумажной волокиты,аналогичным образом если у вас есть шингенская виса вам не нужно подавать заявление на получение висов каждую страну часть с шингенского соглашения отдельно чтобы позволит вам сэкономить время и деньги а также избежать бумажные в локиты
1764,"Количество присутствующих было настолько велико, что не все смогли попасть на площадь Святого Петра, где проходили похороны.","Количество присутствующих была настолько влёкла, что они все смогли попасть на площадь в тоо-певера, где проходили по охрану.",количество присутствующих было настолько велико что не все смогли попасть на площадь святого петра где проходили похороны,количество присутствующих была настолько влекла что они все смогли попасть на площадь в тоо певера где проходили по охрану
1996,"Австралиец Митчелл Гурли пришел к финишу одиннадцатым в соревнованиях по супергиганту для мужчин в классе ""стоя"". Чех Олдрич Елинек пришел к финишу шестнадцатым в соревнованиях по супергиганту для мужчин в классе ""сидя"".",Острелись Мичал Гурле. Пришел к финишу одинством в соревнованиях по супергигантурле мужчин в классе стоя. Чехол грич Еленяк пришел к финишу 16 в соревнованиях по супергигантурле мужчин в классе сидят.,австралиец митчелл гурли пришел к финишу одиннадцатым в соревнованиях по супергиганту для мужчин в классе стоя чех олдрич елинек пришел к финишу шестнадцатым в соревнованиях по супергиганту для мужчин в классе сидя,острелись мичал гурле пришел к финишу одинством в соревнованиях по супергигантурле мужчин в классе стоя чехол грич еленяк пришел к финишу 16 в соревнованиях по супергигантурле мужчин в классе сидят
2009,"Наиболее доступными растительными ресурсами были бы белки, находящиеся в листьях и бобовых, но они плохо усваиваются такими приматами, как мы, если их не готовить.","Наиболее доступными растительными ресурсами были бы белки, находящиеся в листиях и бабовых, но они плохо усваиваются такими приматами, как мы, если их не готовить.",наиболее доступными растительными ресурсами были бы белки находящиеся в листьях и бобовых но они плохо усваиваются такими приматами как мы если их не готовить,наиболее доступными растительными ресурсами были бы белки находящиеся в листиях и бабовых но они плохо усваиваются такими приматами как мы если их не готовить
1878,"Центр церковной власти базировался в Риме на протяжении более тысячи лет, и такое сосредоточение могущества и богатства привело к тому, что многие усомнились, а соблюдается ли этот догмат.","Центр акцарковной власти базировался временно протяжение более тысячи лет. И такое сосредоточение, макуществ и богатство привлок тому, что в Нолю сам не листья, осаблюдается лет от Дагмат.",центр церковной власти базировался в риме на протяжении более тысячи лет и такое сосредоточение могущества и богатства привело к тому что многие усомнились а соблюдается ли этот догмат,центр акцарковной власти базировался временно протяжение более тысячи лет и такое сосредоточение макуществ и богатство привлок тому что в нолю сам не листья осаблюдается лет от дагмат
1831,"Национальный парк Плитвицкие озёра сильно зарос лесом, в основном буками, елями и пихтами, и представляет собой смесь альпийской и средиземноморской растительности.","Национальный парк, плитвидский озера сильно взрослесом, в основном буквами, елями и пихтыми и представляется босьмень, альпийской и среди земным морской растительности.",национальный парк плитвицкие озера сильно зарос лесом в основном буками елями и пихтами и представляет собой смесь альпийской и средиземноморской растительности,национальный парк плитвидский озера сильно взрослесом в основном буквами елями и пихтыми и представляется босьмень альпийской и среди земным морской растительности
1695,"Простым и популярным блюдом на обед, особенно в летнее время, является Па-амб-оли: хлеб с оливковым маслом, помидорами и любой имеющейся начинкой, такой как сыр, тунец и т. д.","Простимы популярным блюдом на обето, особенно в летнее время является паамп, оле. Хлепс оливковым маслом, помидорами и любое, мещись и начинкой такой как сыр, то нет цвет, так далее.",простым и популярным блюдом на обед особенно в летнее время является па амб оли хлеб с оливковым маслом помидорами и любой имеющейся начинкой такой как сыр тунец и т д,простимы популярным блюдом на обето особенно в летнее время является паамп оле хлепс оливковым маслом помидорами и любое мещись и начинкой такой как сыр то нет цвет так далее
1663,Долина Кочамо – главное направление в Чили для альпинизма. Она известна как Йосмит Южной Америки и имеет большое количество больших гранитных стен и скал.,"Далина Качама, главные направления в черед для альпиниспма. Она известна как ее смит, южной Америке, и имеет большое количество больших грани.",долина кочамо главное направление в чили для альпинизма она известна как йосмит южной америки и имеет большое количество больших гранитных стен и скал,далина качама главные направления в черед для альпиниспма она известна как ее смит южной америке и имеет большое количество больших грани
1797,Каждый является членом общества и использует транспортные системы. Практически каждый жалуется на эти систем.,Каждые являются членом общества и используют транспортные системы. Практически каждый жалуются на эти системы.,каждый является членом общества и использует транспортные системы практически каждый жалуется на эти систем,каждые являются членом общества и используют транспортные системы практически каждый жалуются на эти системы
1858,"Даниэль Лантань, эксперт ООН по вопросам данной болезни, заявила, что вспышка, вероятно, была вызвана миротворцами.","Данель Ланталь, эксперту он по вопросам данной болезни. Завела, что вспышка вероятна была в высваны миротворцами.",даниэль лантань эксперт оон по вопросам данной болезни заявила что вспышка вероятно была вызвана миротворцами,данель ланталь эксперту он по вопросам данной болезни завела что вспышка вероятна была в высваны миротворцами
1703,"Вчера Мартейи привёл к присяге новый Временный избирательный совет (ВИС), состоящий из девяти участников.",Вчера Мартей привел к присяге новой временной избирательный совет вис. Состоящие с девятин участников.,вчера мартейи привел к присяге новый временный избирательный совет вис состоящий из девяти участников,вчера мартей привел к присяге новой временной избирательный совет вис состоящие с девятин участников
1832,"В популярные виды спорта входят футбол, баскетбол, волейбол, водное поло, фехтование, регби, велоспорт, хоккей на льду, хоккей на роликах и автогонки ""Формулы-1"".","В популярной виде спорта входят футбол, баскибол, волебол, водное пола, фихтование, рэкбе, велоспорт, хокинальду, хокин, роликах и автогонки формул один.",в популярные виды спорта входят футбол баскетбол волейбол водное поло фехтование регби велоспорт хоккей на льду хоккей на роликах и автогонки формулы 1,в популярной виде спорта входят футбол баскибол волебол водное пола фихтование рэкбе велоспорт хокинальду хокин роликах и автогонки формул один
1922,"Конечно же, эта традиция имеет христианское теологическое объяснение, но это вполне может быть и дохристианский ритуал весны и плодородия.","Конечно же, этот родится имеет христианское тело-огическое объяснение, но это вполне может быть и тохристианский ритуал висны и плодородия.",конечно же эта традиция имеет христианское теологическое объяснение но это вполне может быть и дохристианский ритуал весны и плодородия,конечно же этот родится имеет христианское тело огическое объяснение но это вполне может быть и тохристианский ритуал висны и плодородия
1737,"Львы — самые социальные кошки, живущие в больших группах, которые называются прайдами.","Левой, самый социальный кошки, живущие больших группах, которые называются прайдами.",львы самые социальные кошки живущие в больших группах которые называются прайдами,левой самый социальный кошки живущие больших группах которые называются прайдами
1851,"Отбойное течение — течение, создаваемое волнами, которые разбиваются о берег, или иногда об риф или что-то подобное.","Отбойные течение создаваем волными, которые разбиваются оберик или иногда обрив или что-то подобное.",отбойное течение течение создаваемое волнами которые разбиваются о берег или иногда об риф или что то подобное,отбойные течение создаваем волными которые разбиваются оберик или иногда обрив или что то подобное
1667,"Как правило, могут проявляться два типа поведения когда менеджеры начинают руководить людьми, ранее равными им по статусу. Одна крайность спектра – это попытка оставаться ""своим парнем"" (или девушкой).","Как правило, могут привязать с два типа поведения, когда Меннжера начинает руководить людьми, ранее равномей импостатусом. Однако, на спектра это попытка оставаться с Вым парнем или девушке.",как правило могут проявляться два типа поведения когда менеджеры начинают руководить людьми ранее равными им по статусу одна крайность спектра это попытка оставаться своим парнем или девушкой,как правило могут привязать с два типа поведения когда меннжера начинает руководить людьми ранее равномей импостатусом однако на спектра это попытка оставаться с вым парнем или девушке
1785,"Скаффолдинг — это не метод обучения, а скорее форма помощи тем, кто проходит через новый опыт обучения, такой как использование новой компьютерной программы или начало нового проекта.","Скавфолдин гето немедлого обучения с корейформом по мощитем, кто проходит через нового обучения, такой как использований новой кипиттерной программы или начало нового проекта.",скаффолдинг это не метод обучения а скорее форма помощи тем кто проходит через новый опыт обучения такой как использование новой компьютерной программы или начало нового проекта,скавфолдин гето немедлого обучения с корейформом по мощитем кто проходит через нового обучения такой как использований новой кипиттерной программы или начало нового проекта
1749,"Он находился под управлением ""вишистских"" французов. Эти французы, заключили мир с немцами в 1940 году и работали вместе с захватчиками вместо того, чтобы им противостоять.","Он находился под управления вишистских французов. Эти французы заключили мерзням с мивтысяча 90-40 году и работали вместе захвачками вместо того, чтобы им противостоять.",он находился под управлением вишистских французов эти французы заключили мир с немцами в 1940 году и работали вместе с захватчиками вместо того чтобы им противостоять,он находился под управления вишистских французов эти французы заключили мерзням с мивтысяча 90 40 году и работали вместе захвачками вместо того чтобы им противостоять
1668,"Также может быть выгодно купить Wild Card, которая позволяет посещать национальные парки ЮАР либо выборочно, либо все.","Также может быть выгодно купить World Card, которая позволяет посещать национальные парки юр либо выборочно, либо все.",также может быть выгодно купить wild card которая позволяет посещать национальные парки юар либо выборочно либо все,также может быть выгодно купить world card которая позволяет посещать национальные парки юр либо выборочно либо все
1794,"Цивилизация — это отдельная культура, носителями которой является достаточно большая группа людей, живущих и работающих вместе, общество.","Цивилизация – это отдельная культура, на сительном и которой является достаточно большая группа людей, живущих и работающих вместе. Общество.",цивилизация это отдельная культура носителями которой является достаточно большая группа людей живущих и работающих вместе общество,цивилизация это отдельная культура на сительном и которой является достаточно большая группа людей живущих и работающих вместе общество
1764,"Количество присутствующих было настолько велико, что не все смогли попасть на площадь Святого Петра, где проходили похороны.","Каличество присутствующий была настолько великого, что они все смогли выпасть на площадь с этого петравнии проходили по храны.",количество присутствующих было настолько велико что не все смогли попасть на площадь святого петра где проходили похороны,каличество присутствующий была настолько великого что они все смогли выпасть на площадь с этого петравнии проходили по храны
1897,"На севере регион ограничен Сахелем, а на юге и западе — Атлантическим океаном.","На сервере регион ограничен сахелем, она юги и западе к лантический макионам.",на севере регион ограничен сахелем а на юге и западе атлантическим океаном,на сервере регион ограничен сахелем она юги и западе к лантический макионам
1726,"Учебные экскурсии очень важны для любого класса. Очень часто учителям хочется отвезти своих учеников туда, куда нельзя доехать на автобусе.","Учебные экскурсии очень важны для любого класса. Очень часто учитлям хочется отвести своих учеников туда, куда нельзя доехать на автобусе.",учебные экскурсии очень важны для любого класса очень часто учителям хочется отвезти своих учеников туда куда нельзя доехать на автобусе,учебные экскурсии очень важны для любого класса очень часто учитлям хочется отвести своих учеников туда куда нельзя доехать на автобусе
1681,"Он, однако, не является единственным. Научные исследования также руководствуются экспериментированием (эксперимент — это проверка, используемая, чтобы исключить одну или более возможных гипотез), задаванием вопросов и проведением наблюдений.","Он однако не является единственным научно-иследования, также руководствуется эксперимитированием. К примеру, это проверка используемая, чтобы исключить одну или более возможный кепотис задаваниям вопросов и проведениям наблюдений.",он однако не является единственным научные исследования также руководствуются экспериментированием эксперимент это проверка используемая чтобы исключить одну или более возможных гипотез задаванием вопросов и проведением наблюдений,он однако не является единственным научно иследования также руководствуется эксперимитированием к примеру это проверка используемая чтобы исключить одну или более возможный кепотис задаваниям вопросов и проведениям наблюдений
1901,"Несмотря на то, что ИИ прочно ассоциируется с научной фантастикой, он формирует очень важное направление компьютерных наук, рассматривающее поведение и обучение машин и ""привитие"" им интеллекта.","Несмотря на то, что и прочно соцсвируется с научной фантастикой, он формирует очень важный направление компьютерных наук. Рассматривающая поведение и обучение машин и появите им интеллекта.",несмотря на то что ии прочно ассоциируется с научной фантастикой он формирует очень важное направление компьютерных наук рассматривающее поведение и обучение машин и привитие им интеллекта,несмотря на то что и прочно соцсвируется с научной фантастикой он формирует очень важный направление компьютерных наук рассматривающая поведение и обучение машин и появите им интеллекта
1708,"Хьюн ушел в отставку, и в Кабинете министров его заменит член парламента Эд Дейви. Ожидается, что член парламента Норман Ламб займет принадлежащий Дейви пост Министра по делам бизнеса.","Хион ушел в отставку и в кабинете министров его замет, член парламента от ДВ. Ожидается, что член парламента Норман Ламб займет принадлежающий ДВ постминистропытила бизнеса.",хьюн ушел в отставку и в кабинете министров его заменит член парламента эд дейви ожидается что член парламента норман ламб займет принадлежащий дейви пост министра по делам бизнеса,хион ушел в отставку и в кабинете министров его замет член парламента от дв ожидается что член парламента норман ламб займет принадлежающий дв постминистропытила бизнеса
1877,"Нынешняя сенатор и Первая леди Аргентины Кристина Фернандес де Киршнер анонсировала выдвижение своей кандидатуры на пост президента вчера вечером в Ла-Плате, городе в 50 километрах (31 милях) от Буэнос-Айреса.","Нынешняя сенатор и первая ледя, аргентины, крестины, фиранан, доздекиршнер, анансировала в движение своей кондидаторой, напост президента в чераве черам была плата. Городив 50 километрах 31 мл. отбленно сайреса.",нынешняя сенатор и первая леди аргентины кристина фернандес де киршнер анонсировала выдвижение своей кандидатуры на пост президента вчера вечером в ла плате городе в 50 километрах 31 милях от буэнос айреса,нынешняя сенатор и первая ледя аргентины крестины фиранан доздекиршнер анансировала в движение своей кондидаторой напост президента в чераве черам была плата городив 50 километрах 31 мл отбленно сайреса
1796,"Этот осадок требовался для формирования пляжей и песчаных отмелей, являвшихся местом обитания диких животных.",Это тасадок требовался для формирования пляжей и пищенных отмели являжих семестам обитания диких животных.,этот осадок требовался для формирования пляжей и песчаных отмелей являвшихся местом обитания диких животных,это тасадок требовался для формирования пляжей и пищенных отмели являжих семестам обитания диких животных
1798,"В начальный период своего существования это шоу транслировалось только на сайте давно существующего онлайн-радио TogiNet Radio, посвященного радиобеседам.","В начальной период своего существования, это шоу транслировалось только на сайте, давно существующего онлайн радио, то генет радио посвященного радио беседом.",в начальный период своего существования это шоу транслировалось только на сайте давно существующего онлайн радио toginet radio посвященного радиобеседам,в начальной период своего существования это шоу транслировалось только на сайте давно существующего онлайн радио то генет радио посвященного радио беседом
1938,"В больнице был соблюден протокол инфекционного контроля, включая отдельное содержание пациента, чтобы предотвратить возможное заражение других пациентов.","В больнице был соблюден протокол отец и онного контроля включая отдельное свяжание пациента, чтобы преддвертить возможное заражение других пациентов.",в больнице был соблюден протокол инфекционного контроля включая отдельное содержание пациента чтобы предотвратить возможное заражение других пациентов,в больнице был соблюден протокол отец и онного контроля включая отдельное свяжание пациента чтобы преддвертить возможное заражение других пациентов
1793,"Если вы не привыкли ездить по сельским дорогам, будьте начеку: преобладают крутые склоны, узкие переулки и резкие повороты.","Если вы не привыкли ездить по севеским дорогам, будьте на чеку, приобладают крутые склоны, узкие приулки и резкие повороты.",если вы не привыкли ездить по сельским дорогам будьте начеку преобладают крутые склоны узкие переулки и резкие повороты,если вы не привыкли ездить по севеским дорогам будьте на чеку приобладают крутые склоны узкие приулки и резкие повороты
1669,"Начальник полиции Чандра Шехар Соланки заявил, что обвиняемые были представлены перед судьями с закрытыми лицами.","В начальной полиции Чандраши Харсаланки заявил, что обвиняемые были представлены перед судями закрытыми лицами.",начальник полиции чандра шехар соланки заявил что обвиняемые были представлены перед судьями с закрытыми лицами,в начальной полиции чандраши харсаланки заявил что обвиняемые были представлены перед судями закрытыми лицами
1747,Коллеги-рестлеры тоже отдали Луне дань уважения.,Колеги расслера тоже удрилуне дань уважения.,коллеги рестлеры тоже отдали луне дань уважения,колеги расслера тоже удрилуне дань уважения
1736,Роландо Мендоса выстреливал из своей винтовки М16 в туристов.,Ороландементоса выстреливал из своей винтовки M16 в туристов.,роландо мендоса выстреливал из своей винтовки м16 в туристов,ороландементоса выстреливал из своей винтовки m16 в туристов
1857,"Он добавил, что ""их, однако, не следует просить брать на себя обязательства, которые выходят за рамки их стадии разработки, ответственности и возможностей"".","Он добавил, что их однако не следует просить брать на себя обязательно, что выходит за рамки их в стадии разработки ответственности и возможности.",он добавил что их однако не следует просить брать на себя обязательства которые выходят за рамки их стадии разработки ответственности и возможностей,он добавил что их однако не следует просить брать на себя обязательно что выходит за рамки их в стадии разработки ответственности и возможности
1983,"Слово ""цивилизация"" происходит от латинского civilis, что означает ""гражданский"" и является родственником латинских слов civis, означающего ""гражданин"", и civitas, означающего ""город"" или ""город-государство"", и оно также определенным образом выражает размер общества.","Слово цивилизация происходит от Латинского цивилиз, что означает гражданский, и является родственником Латинских слов цивилиз, означающего гражданин и цивитез, означающего город или город государства. И оно также определённым образом выражает размер общества.",слово цивилизация происходит от латинского civilis что означает гражданский и является родственником латинских слов civis означающего гражданин и civitas означающего город или город государство и оно также определенным образом выражает размер общества,слово цивилизация происходит от латинского цивилиз что означает гражданский и является родственником латинских слов цивилиз означающего гражданин и цивитез означающего город или город государства и оно также определенным образом выражает размер общества
1925,"Проведенная работа была в основном теоретической, но программа была написана для имитации наблюдений галактики в Стрельце.","Проведенные работы было в основном теоретической, но программа было написано для имитации наблюдения галактики в стрельце.",проведенная работа была в основном теоретической но программа была написана для имитации наблюдений галактики в стрельце,проведенные работы было в основном теоретической но программа было написано для имитации наблюдения галактики в стрельце
1681,"Он, однако, не является единственным. Научные исследования также руководствуются экспериментированием (эксперимент — это проверка, используемая, чтобы исключить одну или более возможных гипотез), задаванием вопросов и проведением наблюдений.","Он однако не является единственным научно-иследованием также руководствуется экспериментированием. эксперимент это проверка использована, чтобы исключить одну или более возможный гипотис задавания вопроса и проведением наблюдений.",он однако не является единственным научные исследования также руководствуются экспериментированием эксперимент это проверка используемая чтобы исключить одну или более возможных гипотез задаванием вопросов и проведением наблюдений,он однако не является единственным научно иследованием также руководствуется экспериментированием эксперимент это проверка использована чтобы исключить одну или более возможный гипотис задавания вопроса и проведением наблюдений
1959,"Всё же следуйте рекомендациям органов власти, подчиняйтесь всем знакам и обратите пристальное внимание на предупреждения о безопасности.","Слушай, следуйте рекомендация о рано власти. Починяйтесь всем знаком и обратите пристрельное внимание на предупреждение обезопасности.",все же следуйте рекомендациям органов власти подчиняйтесь всем знакам и обратите пристальное внимание на предупреждения о безопасности,слушай следуйте рекомендация о рано власти починяйтесь всем знаком и обратите пристрельное внимание на предупреждение обезопасности
1812,"Несмотря на то, что нашлась экспериментальная вакцина, способная снизить смертность от вируса Эбола, пока еще ни одно лекарство не продемонстрировало явного эффекта в лечении существующей инфекции.","Не смотря на то, что нашлось экспериментальная вакцина способностьнизить смертность от вируса и была. Пока еще не одно лекарство не предимострировало явно во эффектов лечения существующей инфекции.",несмотря на то что нашлась экспериментальная вакцина способная снизить смертность от вируса эбола пока еще ни одно лекарство не продемонстрировало явного эффекта в лечении существующей инфекции,не смотря на то что нашлось экспериментальная вакцина способностьнизить смертность от вируса и была пока еще не одно лекарство не предимострировало явно во эффектов лечения существующей инфекции
1736,Роландо Мендоса выстреливал из своей винтовки М16 в туристов.,Роландемин Доса выстреливал из своей винтовки М16 в туристов.,роландо мендоса выстреливал из своей винтовки м16 в туристов,роландемин доса выстреливал из своей винтовки м16 в туристов
1960,"По сообщениям ему было от 20-ти до 30-ти лет. В заявление Бибер сказал: ""Хотя я и не присутствовал при трагическом инциденте и не был вовлечён в него напрямую, мои мысли и молитвы с семьёй жертвы"".","Во сообщениям ему было от 20 до 30 лет. В заявлении Бибер сказал, хотя я не присутствовал предрагическом отсиденте, и не было влечам в него напрямую, моим мысли Малитва семье жертвы.",по сообщениям ему было от 20 ти до 30 ти лет в заявление бибер сказал хотя я и не присутствовал при трагическом инциденте и не был вовлечен в него напрямую мои мысли и молитвы с семьей жертвы,во сообщениям ему было от 20 до 30 лет в заявлении бибер сказал хотя я не присутствовал предрагическом отсиденте и не было влечам в него напрямую моим мысли малитва семье жертвы
1902,Первоначально он был госпитализирован в госпитале Джеймса Педжета в Грейт-Ярмуте.,"Первая на чально он был госпитализирован в госпитале, Джеймса Пэджетов Грейд и Армутия.",первоначально он был госпитализирован в госпитале джеймса педжета в грейт ярмуте,первая на чально он был госпитализирован в госпитале джеймса пэджетов грейд и армутия
1664,"Получите новую смесь, перемешав два сухих порошка в одной емкости, а затем чистыми влажными руками слепите из этой смеси шарик.","Получите новые смесь перемешиваться в два сухих порожка в одной емкости, а затем чистыми влажными руками, слепите из этой смесь и шарик.",получите новую смесь перемешав два сухих порошка в одной емкости а затем чистыми влажными руками слепите из этой смеси шарик,получите новые смесь перемешиваться в два сухих порожка в одной емкости а затем чистыми влажными руками слепите из этой смесь и шарик
1875,"Целые 20 процентов воды, поступаемой из рек нашей планеты в океаны, текут из Амазонки.","Целый 2% воды поступаем из рек нашей планеты вакианы, текут и замазонки.",целые 20 процентов воды поступаемой из рек нашей планеты в океаны текут из амазонки,целый 2 воды поступаем из рек нашей планеты вакианы текут и замазонки
1913,"Тигриный рык не похож на полнозвучный рык льва, а больше напоминает выкрикивание предложений из неразборчивых слов.",Цегренный рык не похож на полно-звучный рык Льва. А больше напоминает в икрикивании предложений из не разборчивых слов.,тигриный рык не похож на полнозвучный рык льва а больше напоминает выкрикивание предложений из неразборчивых слов,цегренный рык не похож на полно звучный рык льва а больше напоминает в икрикивании предложений из не разборчивых слов
1936,"Перри заявил, что вернётся в Техас, ""чтобы оценить результаты сегодняшнего партийного собрания и определить, стоит ли мне продолжать гонку"", но позже сказал, что он её продолжит и будет участвовать в предварительных выборах в Южной Каролине 21 января.","Перезаивил, что вернется в тихоств, чтобы оценить результат и сегодняшнего партина собрания. Я определить, стоит ли мне продолжать в гонку? Но, позже сказал, что он её продолжит и будет участвовать в предварительных выбрах в Южной Кралине 21 января.",перри заявил что вернется в техас чтобы оценить результаты сегодняшнего партийного собрания и определить стоит ли мне продолжать гонку но позже сказал что он ее продолжит и будет участвовать в предварительных выборах в южной каролине 21 января,перезаивил что вернется в тихоств чтобы оценить результат и сегодняшнего партина собрания я определить стоит ли мне продолжать в гонку но позже сказал что он ее продолжит и будет участвовать в предварительных выбрах в южной кралине 21 января
1892,"Это место, которое британские колонизаторы забрали себе, и если вы ищете доказательства колониального прошлого территории, то это хорошее место для начала.","Это место, которое британский куланизаторы забрали себе, и если выщит доказательство куланяального прошлого территории, то это хорошая миска начала.",это место которое британские колонизаторы забрали себе и если вы ищете доказательства колониального прошлого территории то это хорошее место для начала,это место которое британский куланизаторы забрали себе и если выщит доказательство куланяального прошлого территории то это хорошая миска начала
1874,"Многие считали, что он прав, но многие верили в противоположное: что Солнечная система вращается вокруг Земли, включая Солнце (и даже другие звезды).","Многие считали, что он прав, но многие верили в противоподожное, что солнечная система возвращается вокруг земли, включая солнце и даже другие звезды.",многие считали что он прав но многие верили в противоположное что солнечная система вращается вокруг земли включая солнце и даже другие звезды,многие считали что он прав но многие верили в противоподожное что солнечная система возвращается вокруг земли включая солнце и даже другие звезды
1727,"Дети, живущие на улицах, возможно, пережили тяжёлые формы насилия или травмирования до того, как убежать или быть брошенными.","Дети живущие на улицах возможно. Пережелите жалл и формы насилия или травмирования до того, как убежать или быть брошеными.",дети живущие на улицах возможно пережили тяжелые формы насилия или травмирования до того как убежать или быть брошенными,дети живущие на улицах возможно пережелите жалл и формы насилия или травмирования до того как убежать или быть брошеными
1977,"В состав прайда входит от одного до трех взрослых самцов, находящихся в родстве, а также самок и детенышей, число которых может доходить до тридцати.","Состав прайда входит от одного до трех взрослых санцов, находящихся в рацие, а также самок и дитионный шей, число которых может доходить до 30.",в состав прайда входит от одного до трех взрослых самцов находящихся в родстве а также самок и детенышей число которых может доходить до тридцати,состав прайда входит от одного до трех взрослых санцов находящихся в рацие а также самок и дитионный шей число которых может доходить до 30
1821,Взаимосвязь между патологией мозга и поведением используется учёными в их исследованиях.,Взоем освязь между потологией мозга и поведением используются ученными их исследованиях.,взаимосвязь между патологией мозга и поведением используется учеными в их исследованиях,взоем освязь между потологией мозга и поведением используются ученными их исследованиях
1787,"Блоггерство является инструментом, стимулирующим сотрудничество, и оно мотивирует учащихся распространить процесс приобретения знаний далеко за пределы традиционного учебного дня.","Бловерствия является инструментом стимулирующим сотрудничеству, и он умутивирует учащность распространить процесс превратения знаний далеко за пределы традиционного учебного дня.",блоггерство является инструментом стимулирующим сотрудничество и оно мотивирует учащихся распространить процесс приобретения знаний далеко за пределы традиционного учебного дня,бловерствия является инструментом стимулирующим сотрудничеству и он умутивирует учащность распространить процесс превратения знаний далеко за пределы традиционного учебного дня
1671,"Конгресс начал финансировать инициативу по борьбе с развратом в 2005 налоговом году и определил, что ФБР должно выделить 10 агентов на борьбу со взрослой порнографией.","Конгресс начал финансировать инцатию по борьбе с раз вратом в 2005-м налоговым году. Я определил, что фаберет ложного выделить 10 г. На борьбу со взрослой парнографии.",конгресс начал финансировать инициативу по борьбе с развратом в 2005 налоговом году и определил что фбр должно выделить 10 агентов на борьбу со взрослой порнографией,конгресс начал финансировать инцатию по борьбе с раз вратом в 2005 м налоговым году я определил что фаберет ложного выделить 10 г на борьбу со взрослой парнографии
1780,"Энергия кундалини (энергия просветления) в кундалини-йоге пробуждается через позы йоги, дыхательные упражнения, мантры и визуализации.","Энергия Кундалине, Энергия просветления в Кундалине Йоге пробуждается через поза Йоги, дыхательное упражнение, мантры и лизолизации.",энергия кундалини энергия просветления в кундалини йоге пробуждается через позы йоги дыхательные упражнения мантры и визуализации,энергия кундалине энергия просветления в кундалине йоге пробуждается через поза йоги дыхательное упражнение мантры и лизолизации
1837,"Либеральная критика усилий по восстановлению сосредоточивалась на том, что контракты на восстановительные работы отдавались предположительно имеющим связи с правительством.","Либиральная критика усилия по восстановлению сосредоточилась на то, что контракты на восстановительные работы отдавались предположительно и имеющим связи с правительством.",либеральная критика усилий по восстановлению сосредоточивалась на том что контракты на восстановительные работы отдавались предположительно имеющим связи с правительством,либиральная критика усилия по восстановлению сосредоточилась на то что контракты на восстановительные работы отдавались предположительно и имеющим связи с правительством
1937,"Однако эти планы стали неактуальны практически за ночь, когда около 800 000 солдат из советской Красной армии образовали Белорусский и Украинский фронты после захвата восточных регионов Польши в нарушение Рижского мирного соглашения, Советско-Польского пакта о ненападении, и других международных соглашений, двусторонних и многосторонних.","Однако эти планы стали неактуально практически заночек, когда около 800 тысяч солдат и советской красной армии образовали белорусские украинские фронты. После захвата восточных регионов больше в нарушении рискового мирного соглашения. Советская польского пакта не нападений других международных соглашений, двух сторонних и много сторонних.",однако эти планы стали неактуальны практически за ночь когда около 800 000 солдат из советской красной армии образовали белорусский и украинский фронты после захвата восточных регионов польши в нарушение рижского мирного соглашения советско польского пакта о ненападении и других международных соглашений двусторонних и многосторонних,однако эти планы стали неактуально практически заночек когда около 800 тысяч солдат и советской красной армии образовали белорусские украинские фронты после захвата восточных регионов больше в нарушении рискового мирного соглашения советская польского пакта не нападений других международных соглашений двух сторонних и много сторонних
1947,"До прибытия войск государство Гаити не сталкивалось с проблемами, касающимися данного заболевания, с начала 19 века.","Допребуйте войск государству Гаития, не сталкивалась с проблемами, касающимися данного заболевания с начала 19 века.",до прибытия войск государство гаити не сталкивалось с проблемами касающимися данного заболевания с начала 19 века,допребуйте войск государству гаития не сталкивалась с проблемами касающимися данного заболевания с начала 19 века
1714,"Спутник был доставлен в космос ракетой. Ученые используют телескопы в космосе, потому что атмосфера Земли в некоторой степени искажает наш свет и обзор.","Спутник был доставлен в космос ракеты, ученые используют телескопы в космосе, потому что атмосфера замеливания, который степени искажает наш свет и обзор.",спутник был доставлен в космос ракетой ученые используют телескопы в космосе потому что атмосфера земли в некоторой степени искажает наш свет и обзор,спутник был доставлен в космос ракеты ученые используют телескопы в космосе потому что атмосфера замеливания который степени искажает наш свет и обзор
1753,"Пускай часто это всего лишь ложный стереотип, всё же лучший способ преуспеть в Париже — это вести себя наилучшим образом, как ""bien élevé"" (хорошо воспитанный) человек. Это значительно облегчит адаптацию в этом городе.","Пускай часто эту всего лишь ложный стереотип, все же лучше из способ пресс петь в пориже, это вести себя на и лучшем образом как хорошей воспитанный человек. Это значительно облегчит адаптацию в этом городе.",пускай часто это всего лишь ложный стереотип все же лучший способ преуспеть в париже это вести себя наилучшим образом как bien élevé хорошо воспитанный человек это значительно облегчит адаптацию в этом городе,пускай часто эту всего лишь ложный стереотип все же лучше из способ пресс петь в пориже это вести себя на и лучшем образом как хорошей воспитанный человек это значительно облегчит адаптацию в этом городе
1720,"Горячий шоколад отвечает стандартам Бельгии. Хотя фруктовые соки стоят дорого, они имеют превосходное качество.","Горячий шоколад отвечает с тандартами бельгии. Хотя фруктовы соки стоят дорого, они не привос сходное качество.",горячий шоколад отвечает стандартам бельгии хотя фруктовые соки стоят дорого они имеют превосходное качество,горячий шоколад отвечает с тандартами бельгии хотя фруктовы соки стоят дорого они не привос сходное качество
1969,"Оно гласит, что лучше всего помещать главный объект на пересечении линий, делящих изображение на три части по вертикали и по горизонтали (см. пример).","Он углассит, что лучше всего помещать главный объект на пересечении линии, делящих изображения на отречасти. Повертикали и горизонтали. Смотреть пример.",оно гласит что лучше всего помещать главный объект на пересечении линий делящих изображение на три части по вертикали и по горизонтали см пример,он углассит что лучше всего помещать главный объект на пересечении линии делящих изображения на отречасти повертикали и горизонтали смотреть пример
1861,"В результате актёры курят косяки с марихуаной на сцене, и сам театр поощряет публику присоединиться.",В результате актеры курят касяки с морихуанной на сцене и в сам театр поощряет публику присоединиться.,в результате актеры курят косяки с марихуаной на сцене и сам театр поощряет публику присоединиться,в результате актеры курят касяки с морихуанной на сцене и в сам театр поощряет публику присоединиться
1737,"Львы — самые социальные кошки, живущие в больших группах, которые называются прайдами.","Левы, самые социальные кошки, живущие больших группах, которые называются прайдами.",львы самые социальные кошки живущие в больших группах которые называются прайдами,левы самые социальные кошки живущие больших группах которые называются прайдами
1839,"Представьте, что лыжный маршрут — это пешеходный маршрут.","Представьте, что лужный маршрут – это пешеходный маршрут.",представьте что лыжный маршрут это пешеходный маршрут,представьте что лужный маршрут это пешеходный маршрут
1663,Долина Кочамо – главное направление в Чили для альпинизма. Она известна как Йосмит Южной Америки и имеет большое количество больших гранитных стен и скал.,"Далее накачаму, в головное направление в чили для альпинизма. Он известный, как ее сметъежных Америки имеет в большое количество больших ранитных стен из кол.",долина кочамо главное направление в чили для альпинизма она известна как йосмит южной америки и имеет большое количество больших гранитных стен и скал,далее накачаму в головное направление в чили для альпинизма он известный как ее сметъежных америки имеет в большое количество больших ранитных стен из кол
1778,"В репортажах по телевидению сообщается  о белом дыме, идущем от завода.",В репортажах потери в виде не усапщается обелом дыми и души от завода.,в репортажах по телевидению сообщается о белом дыме идущем от завода,в репортажах потери в виде не усапщается обелом дыми и души от завода
1764,"Количество присутствующих было настолько велико, что не все смогли попасть на площадь Святого Петра, где проходили похороны.","Короче, с вовсе с твойщих было настолько велико, что не все смогли попасть на площадь этого петра, где проходили пухраны.",количество присутствующих было настолько велико что не все смогли попасть на площадь святого петра где проходили похороны,короче с вовсе с твойщих было настолько велико что не все смогли попасть на площадь этого петра где проходили пухраны
1800,"Согласно плану мост полностью войдёт в эксплуатацию  в сентябре 2017 года, когда бразильские пункты таможенной проверки, как ожидается, будут завершены.","Согласно плану, мост полностью воедет в эксплуатацию в сентябре 2017 года. Когда бразильские пункты, там можно проверки, как ожидается, будут завершены.",согласно плану мост полностью войдет в эксплуатацию в сентябре 2017 года когда бразильские пункты таможенной проверки как ожидается будут завершены,согласно плану мост полностью воедет в эксплуатацию в сентябре 2017 года когда бразильские пункты там можно проверки как ожидается будут завершены
1945,Касабланка – одно из наименее интересных мест для шопинга во всем Марокко.,"Косабланка, одно из наименее интересных мест для шопинга во всем морука.",касабланка одно из наименее интересных мест для шопинга во всем марокко,косабланка одно из наименее интересных мест для шопинга во всем морука
1713,"Хоть Гома и является достаточно безопасным местом, следует заранее уточнять информацию насчёт любых поездок за пределы Гомы, чтобы понять, в каком состоянии находятся боевые действия, ведущиеся в провинции Северное Киву.","Хольгомы являются достаточно безопасным местом, следует заранее утрачнять информацию на счет любых поездок за пределогомы, чтобы понять, в каком состоянии находится боевые действия ведущейся в провинции севженой киву.",хоть гома и является достаточно безопасным местом следует заранее уточнять информацию насчет любых поездок за пределы гомы чтобы понять в каком состоянии находятся боевые действия ведущиеся в провинции северное киву,хольгомы являются достаточно безопасным местом следует заранее утрачнять информацию на счет любых поездок за пределогомы чтобы понять в каком состоянии находится боевые действия ведущейся в провинции севженой киву
1733,"Первой среди 78 рекомендаций является то, что следует реализовать новую дипломатическую инициативу до конца этого года для укрепления иракских границ, чтобы не допустить враждебного вмешательства, а также для возобновления дипломатических отношений с соседями.","Первая среди семейдейства измерика миндации является то, что следует реализовать новую диапломодическую инститию до конца этого года для крепления и ракский границ, чтобы не допустить в рождевном мешательство, а также для вас заодно время диапломодически в отношении соседями.",первой среди 78 рекомендаций является то что следует реализовать новую дипломатическую инициативу до конца этого года для укрепления иракских границ чтобы не допустить враждебного вмешательства а также для возобновления дипломатических отношений с соседями,первая среди семейдейства измерика миндации является то что следует реализовать новую диапломодическую инститию до конца этого года для крепления и ракский границ чтобы не допустить в рождевном мешательство а также для вас заодно время диапломодически в отношении соседями
1801,"Вереницу зданий, образующих линию горизонта Гонконга, сравнивают со сверкающей столбчатой диаграммой, подчеркнутой водой бухты Виктория.","Веренницу зданий образующих линию горизонта гонконга, сравниваются сверкающий стол в 4-2 граммой, подчеркнутой водой бухтой векторе.",вереницу зданий образующих линию горизонта гонконга сравнивают со сверкающей столбчатой диаграммой подчеркнутой водой бухты виктория,веренницу зданий образующих линию горизонта гонконга сравниваются сверкающий стол в 4 2 граммой подчеркнутой водой бухтой векторе
1708,"Хьюн ушел в отставку, и в Кабинете министров его заменит член парламента Эд Дейви. Ожидается, что член парламента Норман Ламб займет принадлежащий Дейви пост Министра по делам бизнеса.","Хриен ушел в отсталку и в кабинете министро ее заменить шлен парламета от дэви. Пожидается, что шлен парламета норман ламп, займет принадлежащий дэви пост министро по делам бизнеса.",хьюн ушел в отставку и в кабинете министров его заменит член парламента эд дейви ожидается что член парламента норман ламб займет принадлежащий дейви пост министра по делам бизнеса,хриен ушел в отсталку и в кабинете министро ее заменить шлен парламета от дэви пожидается что шлен парламета норман ламп займет принадлежащий дэви пост министро по делам бизнеса
1859,"Собственные стили начали развиваться в Западной Европе к концу Средневековья. Одним из самых больших достижений того времени, благодаря крестовым походам, стало использование пуговиц для застегивания одежды.","Собственно, из тели начали развиваться в западной Европе концу средневекове. Одним из самых больших достижений того времени благодаря кристовым походам стало использованием пуговец для застегивания одежды.",собственные стили начали развиваться в западной европе к концу средневековья одним из самых больших достижений того времени благодаря крестовым походам стало использование пуговиц для застегивания одежды,собственно из тели начали развиваться в западной европе концу средневекове одним из самых больших достижений того времени благодаря кристовым походам стало использованием пуговец для застегивания одежды
1810,"Губернатор Калифорнии Арнольд Шварценеггер подписал закон, запрещающий продажу или прокат видеоигр с применением насилия несовершеннолетним лицам.","Губенадр, калифорный армольферт Сенегр, подписал закон, запрещающе продажу или прокат видеоигр с применением насиллянего совершенно летним лицом.",губернатор калифорнии арнольд шварценеггер подписал закон запрещающий продажу или прокат видеоигр с применением насилия несовершеннолетним лицам,губенадр калифорный армольферт сенегр подписал закон запрещающе продажу или прокат видеоигр с применением насиллянего совершенно летним лицом
1696,"Исследователи университета сообщили, что эти два соединения вступают друг с другом в реакцию, образуя кристаллы, которые могут блокировать работу почек.","И следователи университета сообщили, что эти два соединения ступают друг с другом врядкцию образуя кристаллы, которые могут блокировать работу по чеку.",исследователи университета сообщили что эти два соединения вступают друг с другом в реакцию образуя кристаллы которые могут блокировать работу почек,и следователи университета сообщили что эти два соединения ступают друг с другом врядкцию образуя кристаллы которые могут блокировать работу по чеку
1674,"В некоторых местах достаточно прокипятить воду в течение минуты, в других потребуется несколько минут.","В некоторых местах достаточно прокибить воду в течение минуты, в других потребуется несколько минут.",в некоторых местах достаточно прокипятить воду в течение минуты в других потребуется несколько минут,в некоторых местах достаточно прокибить воду в течение минуты в других потребуется несколько минут
1862,"NextGen — это система, которая, по заверению Федеральной авиационной администрации США, позволит самолетам летать по сокращенным маршрутам и ежегодно экономить миллионы галлонов топлива, а также снизить выбросы углерода.",На этом видео!,nextgen это система которая по заверению федеральной авиационной администрации сша позволит самолетам летать по сокращенным маршрутам и ежегодно экономить миллионы галлонов топлива а также снизить выбросы углерода,на этом видео
1985,"Это связано, но обычно не включает пешее восхождение на вершину и затем спуск по неподготовленным склонам, так как катание по целине требует более жестких лыж и ботинок.","Это связано, но обычно не включает первая восхождение на вершину, и затем спуск по неподготовленным склонам. Так как катания подселения требует более жестких лыш и бацинок.",это связано но обычно не включает пешее восхождение на вершину и затем спуск по неподготовленным склонам так как катание по целине требует более жестких лыж и ботинок,это связано но обычно не включает первая восхождение на вершину и затем спуск по неподготовленным склонам так как катания подселения требует более жестких лыш и бацинок
1897,"На севере регион ограничен Сахелем, а на юге и западе — Атлантическим океаном.",На серий реагион ограничен сахелем на юге и западе от подъеческим океаном.,на севере регион ограничен сахелем а на юге и западе атлантическим океаном,на серий реагион ограничен сахелем на юге и западе от подъеческим океаном
1787,"Блоггерство является инструментом, стимулирующим сотрудничество, и оно мотивирует учащихся распространить процесс приобретения знаний далеко за пределы традиционного учебного дня.",Блокерство является инструментом стимулирующим сотрудничество и оно мотивирует учащихся распространить процесс преобретения знаний далеко запредел от традиционного учебного дня.,блоггерство является инструментом стимулирующим сотрудничество и оно мотивирует учащихся распространить процесс приобретения знаний далеко за пределы традиционного учебного дня,блокерство является инструментом стимулирующим сотрудничество и оно мотивирует учащихся распространить процесс преобретения знаний далеко запредел от традиционного учебного дня
1907,Вскоре после начала военных действий Британия устроила морскую блокаду Германии.,Скорее после начала военных действий британю устроила морскую блокаду Германии.,вскоре после начала военных действий британия устроила морскую блокаду германии,скорее после начала военных действий британю устроила морскую блокаду германии
1845,"Они вернулись в Париж в карете, окружённые толпой людей, которые выкрикивали угрозы королю и королеве.","Они вернулись в Париж, в Корея, окружённые холповюдей, которые выкрикивали угрозы Королюй Королеви.",они вернулись в париж в карете окруженные толпой людей которые выкрикивали угрозы королю и королеве,они вернулись в париж в корея окруженные холповюдей которые выкрикивали угрозы королюй королеви
1702,Всего за 2 недели силы Свободной Франции и американцы освободили южную Францию и отправились в сторону Германии.,Всего за две недели силы свободной франции и американцы освободили южную францию и отправились в сторону Германии.,всего за 2 недели силы свободной франции и американцы освободили южную францию и отправились в сторону германии,всего за две недели силы свободной франции и американцы освободили южную францию и отправились в сторону германии
1874,"Многие считали, что он прав, но многие верили в противоположное: что Солнечная система вращается вокруг Земли, включая Солнце (и даже другие звезды).","Многие считали, что он прав, но многие верили в противоположное, что солнечно система вращает с вокруг земли включая солнца и даже другие звёзы.",многие считали что он прав но многие верили в противоположное что солнечная система вращается вокруг земли включая солнце и даже другие звезды,многие считали что он прав но многие верили в противоположное что солнечно система вращает с вокруг земли включая солнца и даже другие звезы
1870,"Сцены показывают на пирамидах, и разные пирамиды освещаются.",Сцены показывают наперамидах и разные парамиды освещаются.,сцены показывают на пирамидах и разные пирамиды освещаются,сцены показывают наперамидах и разные парамиды освещаются
1915,Вы можете по Гома на бода-бода (мототакси). Обычная (местная) цена 500 конголезских франков за короткую поездку.,"Вы можете погома на вода вода, мута такси. Обычная местная цена 500 конголеских франков за короткую поездку.",вы можете по гома на бода бода мототакси обычная местная цена 500 конголезских франков за короткую поездку,вы можете погома на вода вода мута такси обычная местная цена 500 конголеских франков за короткую поездку
1833,"Философ Аристотель считал, что всё состоит из смеси одного или нескольких из четырёх элементов. Это были земля, вода, воздух и огонь.","Филосов користатель считал, что все состоит из смесь и одного или нескольких из четырех элементов. Это были земля, вода, воздух и огонь.",философ аристотель считал что все состоит из смеси одного или нескольких из четырех элементов это были земля вода воздух и огонь,филосов користатель считал что все состоит из смесь и одного или нескольких из четырех элементов это были земля вода воздух и огонь
1792,Это называется pH химического вещества. Вы можете сделать индикатор при помощи сока красной капусты.,Это называется пешхимического вещества. Вы можете сделать индикатор при помощи сокок красной капусты.,это называется ph химического вещества вы можете сделать индикатор при помощи сока красной капусты,это называется пешхимического вещества вы можете сделать индикатор при помощи сокок красной капусты
1828,"Поиск в интернете по фразе ""курс по безопасности во враждебной среде"", возможно, выдаст адрес местной компании.",Пойск в интернете по фразе курс по безопасности во ворождественной среде возможна выдаст адрес местные компании.,поиск в интернете по фразе курс по безопасности во враждебной среде возможно выдаст адрес местной компании,пойск в интернете по фразе курс по безопасности во ворождественной среде возможна выдаст адрес местные компании
1815,"Атомная бомба работает на том принципе, что для того, чтобы много протонов и нейтронов находились в одном ядре, необходима энергия.","А там на обомба работает на том принципе, что для того, чтобы много протонов и нейтранов находились в одном едре, необходимо и нарги.",атомная бомба работает на том принципе что для того чтобы много протонов и нейтронов находились в одном ядре необходима энергия,а там на обомба работает на том принципе что для того чтобы много протонов и нейтранов находились в одном едре необходимо и нарги
1792,Это называется pH химического вещества. Вы можете сделать индикатор при помощи сока красной капусты.,"Это называется пиаж, химического вещества. Вы можете сделать интикатра при помощи сцока красной капусты.",это называется ph химического вещества вы можете сделать индикатор при помощи сока красной капусты,это называется пиаж химического вещества вы можете сделать интикатра при помощи сцока красной капусты
1918,Сундарбан был объявлен Объектом всемирного наследия ЮНЕСКО. Часть леса в пределах индийской территории называется Национальный парк Сундарбан.,Сундер Банг был объявлен объектом семеральной следе юная скачаясь леса в пределах и низкой территории называется национальный парк Сундер Банг.,сундарбан был объявлен объектом всемирного наследия юнеско часть леса в пределах индийской территории называется национальный парк сундарбан,сундер банг был объявлен объектом семеральной следе юная скачаясь леса в пределах и низкой территории называется национальный парк сундер банг
1811,Стандарт 802.11n работает на обоих частотах – 2.4 ГГц и 5.0 ГГц.,Стандарт 8002.11N работает на обоих частотах 2.4 яерца и 5 и 0 яерца.,стандарт 802 11n работает на обоих частотах 2 4 ггц и 5 0 ггц,стандарт 8002 11n работает на обоих частотах 2 4 яерца и 5 и 0 яерца
1767,"Это представляет хорошую возможность увидеть северное сияние, потому что небо будет более или менее тёмным круглые сутки.","Это представляет хорошую возможность увидеть сидерное сияне, потому что не будет более или менее оттиллным круглой сутки.",это представляет хорошую возможность увидеть северное сияние потому что небо будет более или менее темным круглые сутки,это представляет хорошую возможность увидеть сидерное сияне потому что не будет более или менее оттиллным круглой сутки
1675,"Все существительные, а также слово Sie, означающее Вы, всегда пишутся с большой буквы даже в середине предложения.","Все существо тильные, а также слово «сия» означающие вы. Всегда пишутся с большей буквы даже в середине предложения.",все существительные а также слово sie означающее вы всегда пишутся с большой буквы даже в середине предложения,все существо тильные а также слово сия означающие вы всегда пишутся с большей буквы даже в середине предложения
