id,ref,hyp,ref_norm,hyp_norm
1788,АҚШ-тың Гимнастика федерациясы АҚШ Олимпиада комитетінің хатын қолдайды және біздің барлық спортсмендер үшін қоршаған ортаның қауіпсіздігін арттырудың абсолютті қажеттілігін мойындайды.,ақыштың гимнастика федерациясы ақыш олимпиада комитетінің хатын қолдайды және біздің барлық спортсмендер үшін қоршаған ортаның қауіпсіздігін арттырудың абсолютті қажеттілігін бойындайды,ақш тың гимнастика федерациясы ақш олимпиада комитетінің хатын қолдайды және біздің барлық спортсмендер үшін қоршаған ортаның қауіпсіздігін арттырудың абсолютті қажеттілігін мойындайды,ақыштың гимнастика федерациясы ақыш олимпиада комитетінің хатын қолдайды және біздің барлық спортсмендер үшін қоршаған ортаның қауіпсіздігін арттырудың абсолютті қажеттілігін бойындайды
1749,Оны «вичи» француздар билеген. Бұл 1940 жылы немістермен бейбіт келісім жасасқан және  соғысудың орнына жаулаушылармен бірге жұмыс істеген француздар болды.,"Оны Вичи француздар билеген. Бұл 1940 жылы немістермен бейбіт келісім жасызқан, және соғысудың орнына жаулаушылармен бірге жұмысыстеген француздар болды.",оны вичи француздар билеген бұл 1940 жылы немістермен бейбіт келісім жасасқан және соғысудың орнына жаулаушылармен бірге жұмыс істеген француздар болды,оны вичи француздар билеген бұл 1940 жылы немістермен бейбіт келісім жасызқан және соғысудың орнына жаулаушылармен бірге жұмысыстеген француздар болды
1701,Ешкілер алғаш рет қол үйретілген уақыт Иранның Загрос тауларында шамамен 10 000 жыл бұрын деп саналады.,Ешкілер алғаш рет қол үйретілген уақыт Иранның загрос тауларында шамамен 10 мың жыл бұрын деп саналады.,ешкілер алғаш рет қол үйретілген уақыт иранның загрос тауларында шамамен 10 000 жыл бұрын деп саналады,ешкілер алғаш рет қол үйретілген уақыт иранның загрос тауларында шамамен 10 мың жыл бұрын деп саналады
1846,Сондықтан бұл пішімнің арақатынасы (ең қарапайым бүтін санның қатынасын алу үшін он екіге бөлу) 3:2 деп айтылады.,сондықтан бұл пішімнің арақатынасы ең қарапайым бүтін санның қатынасын алу үшін он екеге бөлу үште екі деп аталады,сондықтан бұл пішімнің арақатынасы ең қарапайым бүтін санның қатынасын алу үшін он екіге бөлу 3 2 деп айтылады,сондықтан бұл пішімнің арақатынасы ең қарапайым бүтін санның қатынасын алу үшін он екеге бөлу үште екі деп аталады
1975,Ватикан қаласы халқының саны — шамамен 800. Бұл — дүние жүзіндегі ең шағын тәуелсіз ел және халық саны ең аз ел.,"Ватикан қаласы қалқының саны шамамен 800. Бұл дүние жүзіндегі ең шағым тәуелсіз ел, және қалық саны ең аз ел.",ватикан қаласы халқының саны шамамен 800 бұл дүние жүзіндегі ең шағын тәуелсіз ел және халық саны ең аз ел,ватикан қаласы қалқының саны шамамен 800 бұл дүние жүзіндегі ең шағым тәуелсіз ел және қалық саны ең аз ел
1708,Хьюн қызметтен кетуді сұранды және оны кабинетте Эд Дэви МП ауыстырады. Норман Лэмб МП Дэви босатып жатқан Бизнес министрі жұмысын алады деп күтілуде.,хьюн қызметтен кетуді сұранды және оны кабинетте эд деви эмпи ауыстырады норман лэмп эмпи деви босатып жатқан бизнес министрі жұмысын алады деп күтілуде,хьюн қызметтен кетуді сұранды және оны кабинетте эд дэви мп ауыстырады норман лэмб мп дэви босатып жатқан бизнес министрі жұмысын алады деп күтілуде,хьюн қызметтен кетуді сұранды және оны кабинетте эд деви эмпи ауыстырады норман лэмп эмпи деви босатып жатқан бизнес министрі жұмысын алады деп күтілуде
1994,"Егер сіз романдық тілді білсеңіз, сізге португал тілін үйрену оңайырақ болатынын айтпай-ақ қойса да болады.","Егер сіз романдық тілді білсеңіз, сізге портуғал тілін үйрені оңайырақ болатынын айтпайық қойсады болады.",егер сіз романдық тілді білсеңіз сізге португал тілін үйрену оңайырақ болатынын айтпай ақ қойса да болады,егер сіз романдық тілді білсеңіз сізге портуғал тілін үйрені оңайырақ болатынын айтпайық қойсады болады
1956,Тауарларды тасымалдау үшін кемелерді пайдалану әзірше адамдардың және тауарлардың үлкен мөлшерлерін мұхиттарда жылжытудың ең тиімді жолы болып табылады.,тауарларды тасымалдау үшін кемелерді пайдалану әзірше адамдардық және тауарлардың үлкен мөлшерлерін мұхиттарда жылжытудың ең тиімді жолы болып табылады,тауарларды тасымалдау үшін кемелерді пайдалану әзірше адамдардың және тауарлардың үлкен мөлшерлерін мұхиттарда жылжытудың ең тиімді жолы болып табылады,тауарларды тасымалдау үшін кемелерді пайдалану әзірше адамдардық және тауарлардың үлкен мөлшерлерін мұхиттарда жылжытудың ең тиімді жолы болып табылады
1994,"Егер сіз романдық тілді білсеңіз, сізге португал тілін үйрену оңайырақ болатынын айтпай-ақ қойса да болады.","Егер сіз романдық тілді білсеніз, сізге портуғал тілін үйрену оңайырақ болатынын айтпайық қойсады болады.",егер сіз романдық тілді білсеңіз сізге португал тілін үйрену оңайырақ болатынын айтпай ақ қойса да болады,егер сіз романдық тілді білсеніз сізге портуғал тілін үйрену оңайырақ болатынын айтпайық қойсады болады
1965,"Олар қауіпсіз жүзуге арналған құмды жағажайлардың барлығына дерлік, және олардың көпшілігінде похутукава ағаштарымен қамтамасыз етілген.",олар қауіпсіз жүзуге арналған құмды жағажайлардың барлығын әдерлік және олардың көпшілігінде бұқу-ту-каава ағаштарымен қамтамасыз етілген,олар қауіпсіз жүзуге арналған құмды жағажайлардың барлығына дерлік және олардың көпшілігінде похутукава ағаштарымен қамтамасыз етілген,олар қауіпсіз жүзуге арналған құмды жағажайлардың барлығын әдерлік және олардың көпшілігінде бұқу ту каава ағаштарымен қамтамасыз етілген
1706,"Дәстүрлірек шіркеулер Пасха демалыс күндері сенбі түні пасхалық таңғы ғибадатты өткізеді, жиналыстар жиі түн ортасында Мәсіхтің қайта тірілуін мерекелеуге айналады.",дәстүрлірек шіркеулер пасха демалыс күндері сен бүтіні пасхалық таңғы қиғбадатты өткізеді жиналыстар жиі түн ортасында мәсіхтің қайта түрлуын мерекелеуге айналады,дәстүрлірек шіркеулер пасха демалыс күндері сенбі түні пасхалық таңғы ғибадатты өткізеді жиналыстар жиі түн ортасында мәсіхтің қайта тірілуін мерекелеуге айналады,дәстүрлірек шіркеулер пасха демалыс күндері сен бүтіні пасхалық таңғы қиғбадатты өткізеді жиналыстар жиі түн ортасында мәсіхтің қайта түрлуын мерекелеуге айналады
1886,"Ежелгі мәдениеттер мен тайпалар сүтке, жүнге, етке және терілерге оңай қол жеткізу үшін оларды өсіре бастады.",ежелгі мәдениеттер мен тайпалар сүтке жүнге етке және терлерге оңай қолы жеткізу үшін оларды өсіре бастады,ежелгі мәдениеттер мен тайпалар сүтке жүнге етке және терілерге оңай қол жеткізу үшін оларды өсіре бастады,ежелгі мәдениеттер мен тайпалар сүтке жүнге етке және терлерге оңай қолы жеткізу үшін оларды өсіре бастады
1859,Орта ғасырлардың соңына қарай Батыс Еуропа өз стилін дамыта бастады. Бұл уақыттағы кірескерлердің нәтижесіндегі ең үлкен дамуларының бірі болып адамдардың киімін жабу үшін түймелерді пайдалануы табылады.,орта ғасырлардың солына қарай батыс еуропа өз стелін дамыта бастады бұл уақыттағы кірескерлердің нәтижесіндегі ең үлкен дамуларының бірі болып адамдарды киімін жабу үшін түймелерді пайдалануы табылады,орта ғасырлардың соңына қарай батыс еуропа өз стилін дамыта бастады бұл уақыттағы кірескерлердің нәтижесіндегі ең үлкен дамуларының бірі болып адамдардың киімін жабу үшін түймелерді пайдалануы табылады,орта ғасырлардың солына қарай батыс еуропа өз стелін дамыта бастады бұл уақыттағы кірескерлердің нәтижесіндегі ең үлкен дамуларының бірі болып адамдарды киімін жабу үшін түймелерді пайдалануы табылады
1756,АҚШ президенті Дональд Трамп жексенбі күні кешкі баспасөз хатшысы арқылы жасаған мәлімдемесінде АҚШ қарушы күштерін Сириядан алып шығуы туралы мәлімдеді.,ақыш президенті дональд трамп жексенбі күні кешкі баспасөз хатшысы арқылы жасаған мәлімдемесінде ақыш қарушы кіштерін сириядан алып шығуы туралы мәлімдеді,ақш президенті дональд трамп жексенбі күні кешкі баспасөз хатшысы арқылы жасаған мәлімдемесінде ақш қарушы күштерін сириядан алып шығуы туралы мәлімдеді,ақыш президенті дональд трамп жексенбі күні кешкі баспасөз хатшысы арқылы жасаған мәлімдемесінде ақыш қарушы кіштерін сириядан алып шығуы туралы мәлімдеді
1691,"Кейбір маршруттарда үлкенірек компаниялардың өз ұшақтары бар, бірақ басқа маршруттарда және кішірек фирмаларда мәселе болған.",кейбір маршруттарда үлкенірек компаниялардың өз ұшақтары бар бірақ басқа маршруттарда және кішірек фирмаларда мәселе болған,кейбір маршруттарда үлкенірек компаниялардың өз ұшақтары бар бірақ басқа маршруттарда және кішірек фирмаларда мәселе болған,кейбір маршруттарда үлкенірек компаниялардың өз ұшақтары бар бірақ басқа маршруттарда және кішірек фирмаларда мәселе болған
1664,"Екі құрғақ ұнтақты араластырыңыз, содан кейін таза, ылғалды қолдармен оларды қысып, шарик жасаңыз.",екі құрғақ ұнтақты араластырыңыз содан кейін таза ылғалды қолдармен оларды қысып шарик жасаңыз,екі құрғақ ұнтақты араластырыңыз содан кейін таза ылғалды қолдармен оларды қысып шарик жасаңыз,екі құрғақ ұнтақты араластырыңыз содан кейін таза ылғалды қолдармен оларды қысып шарик жасаңыз
1899,Мұхаммед өзінің күнделікті өмірінен тыс мәселелерге қатты қызығатын. Ол ойлану үшін «Нұр» (жарық) тауындағы «Хира» ретінде белгілі болған үңгірге жиі баратын.,"Мұхамед өзінің күнделікті өмірінен тос мәселелерге қатты қызығатын. Ол ойлану үшін нор, жарық тауындағы хир әретінде белгілі болған үңгірге жиі баратын.",мұхаммед өзінің күнделікті өмірінен тыс мәселелерге қатты қызығатын ол ойлану үшін нұр жарық тауындағы хира ретінде белгілі болған үңгірге жиі баратын,мұхамед өзінің күнделікті өмірінен тос мәселелерге қатты қызығатын ол ойлану үшін нор жарық тауындағы хир әретінде белгілі болған үңгірге жиі баратын
1692,"Жапонияның ядролық агенттігінің хабарлауынша, зауытта радиоактивті цезий мен йод анықталған.",жапонияның ядролық агенттігінің қабарлауымша зауытта радиоактивті цезий мен йод анықталған,жапонияның ядролық агенттігінің хабарлауынша зауытта радиоактивті цезий мен йод анықталған,жапонияның ядролық агенттігінің қабарлауымша зауытта радиоактивті цезий мен йод анықталған
1746,Өсімдіктер күн сәулесінен фотосинтез арқылы қуат алады. Олар сонымен қатар көлеңе береді.,Бұл өсімдіктер күн сәуелесінен фотосинтез арқылы қуат алады. Олар сонымен қатар көлене береді.,өсімдіктер күн сәулесінен фотосинтез арқылы қуат алады олар сонымен қатар көлеңе береді,бұл өсімдіктер күн сәуелесінен фотосинтез арқылы қуат алады олар сонымен қатар көлене береді
1708,Хьюн қызметтен кетуді сұранды және оны кабинетте Эд Дэви МП ауыстырады. Норман Лэмб МП Дэви босатып жатқан Бизнес министрі жұмысын алады деп күтілуде.,"Хьюн қызметтен кетуді сұранды, және оны кабинетте әт Деви МП ауыстырады. Норман Лэмп МП Деви босатып жатқан бизнес-министрі жұмысын алады деп күтілуде.",хьюн қызметтен кетуді сұранды және оны кабинетте эд дэви мп ауыстырады норман лэмб мп дэви босатып жатқан бизнес министрі жұмысын алады деп күтілуде,хьюн қызметтен кетуді сұранды және оны кабинетте әт деви мп ауыстырады норман лэмп мп деви босатып жатқан бизнес министрі жұмысын алады деп күтілуде
1686,"Нәтижесінде, кедергіні  жеңу мақсатында бірлескен жұмысты ұйымдастыру процесі тапсырыс берушілердің қажеттіліктеріне қызмет ететін жаңа инновациялық процеске әкелуі мүмкін.",нәтижесінде кедергіні жиңу мақсатында бірлескен жұмысты ұйымдастыру процесі тапсырыс берушілердің қажеттіліктеріне қызмет ететін жаңа инновациялық процеске әкелуі мүмкін,нәтижесінде кедергіні жеңу мақсатында бірлескен жұмысты ұйымдастыру процесі тапсырыс берушілердің қажеттіліктеріне қызмет ететін жаңа инновациялық процеске әкелуі мүмкін,нәтижесінде кедергіні жиңу мақсатында бірлескен жұмысты ұйымдастыру процесі тапсырыс берушілердің қажеттіліктеріне қызмет ететін жаңа инновациялық процеске әкелуі мүмкін
1670,"""Олардың температуралық сипаттамалары жер бетіндегі тұрақты температураны сақтайтын үлкен үңгірлер сияқты тұрақты емес, бірақ бұл олардың жердегі терең үңгірлерге сәйкес келеді"", - деді Глен Кушинг, АҚШ геологиялық қызметі (USGS) астрогеология тобы және Аризона штатының Флагстафф қаласында орналасқан Солтүстік Аризона университетінің мүшесі Глен Кушинг.",олардың температуралық сипаттамалары жер бетіндегі тұрақты температураны сақтайтын үлкен үңгірлер сияқты тұрақты емес бірақ бұл олардың жердегі терең үңгірлерге сәйкес келеді деді гленн кушинг ақыш геологиялық қызметі юс гс астрология тобы және аризона штатының флагстафф қаласында орналасқан солтүстік аризона университетінің мүшесі гленн кушинг,олардың температуралық сипаттамалары жер бетіндегі тұрақты температураны сақтайтын үлкен үңгірлер сияқты тұрақты емес бірақ бұл олардың жердегі терең үңгірлерге сәйкес келеді деді глен кушинг ақш геологиялық қызметі usgs астрогеология тобы және аризона штатының флагстафф қаласында орналасқан солтүстік аризона университетінің мүшесі глен кушинг,олардың температуралық сипаттамалары жер бетіндегі тұрақты температураны сақтайтын үлкен үңгірлер сияқты тұрақты емес бірақ бұл олардың жердегі терең үңгірлерге сәйкес келеді деді гленн кушинг ақыш геологиялық қызметі юс гс астрология тобы және аризона штатының флагстафф қаласында орналасқан солтүстік аризона университетінің мүшесі гленн кушинг
1844,Айдың беті тау жынысы мен шаңнан тұрады. Айдың сыртқы қабаты қабық деп аталады.,Айдың беті тау жынысы мен шаңнан тұрады. Айдың сұртқы қабаты қабықтеп аталады.,айдың беті тау жынысы мен шаңнан тұрады айдың сыртқы қабаты қабық деп аталады,айдың беті тау жынысы мен шаңнан тұрады айдың сұртқы қабаты қабықтеп аталады
1902,Алдымен ол Грейт-Ярмуттегі Джеймс Пейджет ауруханасына түсті.,алдымен ол грейт ярмуттегі джеймс пейджет ауруханнасына түсті,алдымен ол грейт ярмуттегі джеймс пейджет ауруханасына түсті,алдымен ол грейт ярмуттегі джеймс пейджет ауруханнасына түсті
1816,"Үйленген, екі ересек баласы бар Дюваль хикаяны тыңдаған Миллерге үлкен әсер қалдырмады.",Илінген екі ересек баласы бар Джиуэл Хикаяны тыңдаған мелерге үлген әсер қалдырмады.,үйленген екі ересек баласы бар дюваль хикаяны тыңдаған миллерге үлкен әсер қалдырмады,илінген екі ересек баласы бар джиуэл хикаяны тыңдаған мелерге үлген әсер қалдырмады
1840,"Италияның көптеген қалаларында және әлемдегі басқа да қалаларда, әсіресе Польшада, соған ұқсас қондырмалар орнатылды және бұған көптеген адамдар куә болды.",италияның көптеген қалаларында және әлемдегі басқа да қалаларда әсіресі польшада соғанықсас қондырмалар орнатылды және бұған көптеген адамдар куяп алды,италияның көптеген қалаларында және әлемдегі басқа да қалаларда әсіресе польшада соған ұқсас қондырмалар орнатылды және бұған көптеген адамдар куә болды,италияның көптеген қалаларында және әлемдегі басқа да қалаларда әсіресі польшада соғанықсас қондырмалар орнатылды және бұған көптеген адамдар куяп алды
1936,"Пэрри түнгі сайлау алды жиналысының нәтижелерін бағалау үшін Техасқа оралатынын, өзі үшін осы жарыста алға жүретін жол бар-жоғын анықтайтынын мәлімдеді, бірақ кейінірек жарыста қалатынын және 21 қаңтардағы Оңтүстік Каролинадағы бастапқы сайлауға қатысатынын айтты.",фэрри түнге сайлау алды жиналысының нәтижелерін бағалау үшін тихасқа оралатын өз үшін осы жарыста алған жүретін жолы бар жоғы анықтайтын мәлімдеді бірақ кейінрек жарыста қалатын және жиырма бірінші ханктардағы оңтүстік каролинадағы бастапқы сайлауға қатысатынын айтты,пэрри түнгі сайлау алды жиналысының нәтижелерін бағалау үшін техасқа оралатынын өзі үшін осы жарыста алға жүретін жол бар жоғын анықтайтынын мәлімдеді бірақ кейінірек жарыста қалатынын және 21 қаңтардағы оңтүстік каролинадағы бастапқы сайлауға қатысатынын айтты,фэрри түнге сайлау алды жиналысының нәтижелерін бағалау үшін тихасқа оралатын өз үшін осы жарыста алған жүретін жолы бар жоғы анықтайтын мәлімдеді бірақ кейінрек жарыста қалатын және жиырма бірінші ханктардағы оңтүстік каролинадағы бастапқы сайлауға қатысатынын айтты
1788,АҚШ-тың Гимнастика федерациясы АҚШ Олимпиада комитетінің хатын қолдайды және біздің барлық спортсмендер үшін қоршаған ортаның қауіпсіздігін арттырудың абсолютті қажеттілігін мойындайды.,Ақыштың Гимнастика Федерациясы Ақыш Олимпиада комитетінің қатын қолдайды. Және біздің барлық спортсмендер үшін қоршаған ортаның қауіпсіздігін арттурадың абсолютті қажеттілігін мойындайды.,ақш тың гимнастика федерациясы ақш олимпиада комитетінің хатын қолдайды және біздің барлық спортсмендер үшін қоршаған ортаның қауіпсіздігін арттырудың абсолютті қажеттілігін мойындайды,ақыштың гимнастика федерациясы ақыш олимпиада комитетінің қатын қолдайды және біздің барлық спортсмендер үшін қоршаған ортаның қауіпсіздігін арттурадың абсолютті қажеттілігін мойындайды
1758,Архипелаг түбектен солтүстікке таман 120 км жерде орналасқан. Ең ірісі - Вилла Лас Эстреллас елді мекеніне ие Кинг Джордж аралы.,Архипелаг түбектен сол түстікке таман 120 км жерде орналасқа. Ең ірісі Вилла Лас-Эстралас елді мекеніне ие Кинг Джордж Аралы.,архипелаг түбектен солтүстікке таман 120 км жерде орналасқан ең ірісі вилла лас эстреллас елді мекеніне ие кинг джордж аралы,архипелаг түбектен сол түстікке таман 120 км жерде орналасқа ең ірісі вилла лас эстралас елді мекеніне ие кинг джордж аралы
1691,"Кейбір маршруттарда үлкенірек компаниялардың өз ұшақтары бар, бірақ басқа маршруттарда және кішірек фирмаларда мәселе болған.",кейбір маршруттарда үлкенірек компаниялардың өз ұшақтары бар бірақ басқа маршруттарда және кішірек фирмаларда мәселе болған,кейбір маршруттарда үлкенірек компаниялардың өз ұшақтары бар бірақ басқа маршруттарда және кішірек фирмаларда мәселе болған,кейбір маршруттарда үлкенірек компаниялардың өз ұшақтары бар бірақ басқа маршруттарда және кішірек фирмаларда мәселе болған
1964,"Қазірге дейін әйгілі ""25 Данлэп парақтары"" құжаттың ең көне көшірмелері болып табылады. Түпнұсқалық қолжазба көшірмесі сақталмаған.",хазірге дейін әйгілі жиырма бес данлеп парақтары құжаттың ең көне көшірмелері болып табылады түп нұсқалық қолжазба көшірмесі сақталмаған,қазірге дейін әйгілі 25 данлэп парақтары құжаттың ең көне көшірмелері болып табылады түпнұсқалық қолжазба көшірмесі сақталмаған,хазірге дейін әйгілі жиырма бес данлеп парақтары құжаттың ең көне көшірмелері болып табылады түп нұсқалық қолжазба көшірмесі сақталмаған
1987,Апат биік таулы жерлерде орын алған және дұшпандық мағынадағы өрттің салдарынан болған деп болжануда.,Апат бейік талғы жерділді орналған және дұшпандық мағынадағы өрттің салдырынан болған деп бол жауында.,апат биік таулы жерлерде орын алған және дұшпандық мағынадағы өрттің салдарынан болған деп болжануда,апат бейік талғы жерділді орналған және дұшпандық мағынадағы өрттің салдырынан болған деп бол жауында
1756,АҚШ президенті Дональд Трамп жексенбі күні кешкі баспасөз хатшысы арқылы жасаған мәлімдемесінде АҚШ қарушы күштерін Сириядан алып шығуы туралы мәлімдеді.,ақыш президенті дональд трамп жексенбі күні кешкі баспасөз хатшысы арқылы жасыған мәлімдемесінде ақыш қарушы күштерін сириядан алып шығуы туралы мәлімдеді,ақш президенті дональд трамп жексенбі күні кешкі баспасөз хатшысы арқылы жасаған мәлімдемесінде ақш қарушы күштерін сириядан алып шығуы туралы мәлімдеді,ақыш президенті дональд трамп жексенбі күні кешкі баспасөз хатшысы арқылы жасыған мәлімдемесінде ақыш қарушы күштерін сириядан алып шығуы туралы мәлімдеді
1889,"Ол бізге пойызды, автокөлікті және басқа да көлік құралдарын алып келді.","Ол бізге поезді, автокөлікті және басқа да көлік құралдарының алып келді.",ол бізге пойызды автокөлікті және басқа да көлік құралдарын алып келді,ол бізге поезді автокөлікті және басқа да көлік құралдарының алып келді
1802,Интернет жалпы және адамдар арасындағы байланыс элементтерін біріктіреді.,Интернет жалпы және адамдар арасындағы байланыс элементтерін біріктіреді.,интернет жалпы және адамдар арасындағы байланыс элементтерін біріктіреді,интернет жалпы және адамдар арасындағы байланыс элементтерін біріктіреді
1780,"Кундалини йога көмегімен Кундалини энергиясы (ағарту энергиясы) йога позалары, тыныс алу жаттығулары мантра және визуализация арқылы оянады.","Кундалини йога көмегімен кундалини энергиясы, ағарту энергиясы, йога позалары, тұнын салу жаттығылары, мантра және визуализация арқылы оянды.",кундалини йога көмегімен кундалини энергиясы ағарту энергиясы йога позалары тыныс алу жаттығулары мантра және визуализация арқылы оянады,кундалини йога көмегімен кундалини энергиясы ағарту энергиясы йога позалары тұнын салу жаттығылары мантра және визуализация арқылы оянды
1957,Ол сыбыстарды «саяси әңгімелер мен ақымақтық» деп есептеді.,ол сыбыстарды саяси әңгімелермен ақымақтық деп есептеді,ол сыбыстарды саяси әңгімелер мен ақымақтық деп есептеді,ол сыбыстарды саяси әңгімелермен ақымақтық деп есептеді
1768,Кешеннің жиектеріндегі ғимараттардың көпшілігі туристерге басында қалай пайда болғаны туралы жақсырақ түсінік беру үшін қайта соғылды.,Кешеннің жиектеріндегі ғимараттардың көпшілігі туристерге басында қалай пайда болғаны туралы жақсырақ түсінік беру үшін қайта соқылды.,кешеннің жиектеріндегі ғимараттардың көпшілігі туристерге басында қалай пайда болғаны туралы жақсырақ түсінік беру үшін қайта соғылды,кешеннің жиектеріндегі ғимараттардың көпшілігі туристерге басында қалай пайда болғаны туралы жақсырақ түсінік беру үшін қайта соқылды
1833,Философия ғұламасы Аристотель әрбір заттың төрт элементтің біреуінен немесе бірнешесінен жасалған деген теория құрған.,Философия ғыламасы Аристотель әр бір заттың төрт элементтің біреуінен немесе бірнешесінен жасалған деген теория құрған.,философия ғұламасы аристотель әрбір заттың төрт элементтің біреуінен немесе бірнешесінен жасалған деген теория құрған,философия ғыламасы аристотель әр бір заттың төрт элементтің біреуінен немесе бірнешесінен жасалған деген теория құрған
1668,Сондай-ақ Wild Card картасын сатып алған пайдалы болуы мүмкін. Ол Оңтүстік Африкадағы парктарға немесе Оңтүстік Африканың барлық ұлттық парктарына кіруге мүмкіндік береді.,сондай-ақ уайлдкард картасын сату алған пайдалы болуы мүмкін ол оңтүстік африкадағы парктарға немесе оңтүстік африканы барлық ұлттық парктарына кіруге мүмкіндік береді,сондай ақ wild card картасын сатып алған пайдалы болуы мүмкін ол оңтүстік африкадағы парктарға немесе оңтүстік африканың барлық ұлттық парктарына кіруге мүмкіндік береді,сондай ақ уайлдкард картасын сату алған пайдалы болуы мүмкін ол оңтүстік африкадағы парктарға немесе оңтүстік африканы барлық ұлттық парктарына кіруге мүмкіндік береді
1689,"Еуропа — салыстырмалы түрде шағын, бірақ көп тәуелсіз елдері бар континент. Қалыпты жағдайларда, бірнеше ел арқылы саяхаттасаңыз, визаға өтінімдер беру және бірнеше рет төлқұжатты тексеруден өту керектігін білдіретін еді.","Еуропа салыстырмалы түрде шағын, бірақ көп тәуелсіз елдері бар континент. Қалыпты жағдайларда бірнеше ел арқылы саяхаттасаңыз, визаға өтінімдер беру және бірнеше рет төл құжатты тексеруден өту керектігін білдіретін еді.",еуропа салыстырмалы түрде шағын бірақ көп тәуелсіз елдері бар континент қалыпты жағдайларда бірнеше ел арқылы саяхаттасаңыз визаға өтінімдер беру және бірнеше рет төлқұжатты тексеруден өту керектігін білдіретін еді,еуропа салыстырмалы түрде шағын бірақ көп тәуелсіз елдері бар континент қалыпты жағдайларда бірнеше ел арқылы саяхаттасаңыз визаға өтінімдер беру және бірнеше рет төл құжатты тексеруден өту керектігін білдіретін еді
1975,Ватикан қаласы халқының саны — шамамен 800. Бұл — дүние жүзіндегі ең шағын тәуелсіз ел және халық саны ең аз ел.,"Ватикан қаласы қалқының саны шамамен 800. Бұл дүние жүзіндегі ең шағын тәуелсіз ел, және қалық саны ең аз ел.",ватикан қаласы халқының саны шамамен 800 бұл дүние жүзіндегі ең шағын тәуелсіз ел және халық саны ең аз ел,ватикан қаласы қалқының саны шамамен 800 бұл дүние жүзіндегі ең шағын тәуелсіз ел және қалық саны ең аз ел
1660,"Романтизмде Гете, Фихте, Шлегель сияқты жазушылардан алынған мәдени детерминизмнің үлкен элементі болды.",романтизмде геоті фихті шлегел сияқты жазушылардан алынған мәдени детерминіңіздің үлкен элементі болды,романтизмде гете фихте шлегель сияқты жазушылардан алынған мәдени детерминизмнің үлкен элементі болды,романтизмде геоті фихті шлегел сияқты жазушылардан алынған мәдени детерминіңіздің үлкен элементі болды
1957,Ол сыбыстарды «саяси әңгімелер мен ақымақтық» деп есептеді.,Ол сыбыстарды саяси әңгімелер мен ақымақтық деп есептейді.,ол сыбыстарды саяси әңгімелер мен ақымақтық деп есептеді,ол сыбыстарды саяси әңгімелер мен ақымақтық деп есептейді
1673,"Тәуелсіздік үшін соғыс кезінде он үш штат алдымен әлсіз орталық үкіметін құрды, Конфедерация баптары бойынша Конгресс оның жалғыз құрамдасы еді.",тәуелсіздік үшін соқыс кезінде он үш штат алдымен әлсіз орталық үкіметін құрды конфедерация ваптары ойынша конгресс оның жалғыз құрамдасы еді,тәуелсіздік үшін соғыс кезінде он үш штат алдымен әлсіз орталық үкіметін құрды конфедерация баптары бойынша конгресс оның жалғыз құрамдасы еді,тәуелсіздік үшін соқыс кезінде он үш штат алдымен әлсіз орталық үкіметін құрды конфедерация ваптары ойынша конгресс оның жалғыз құрамдасы еді
1827,"Жер қыртысының қалыңдығы жақын жағында шамамен 70 км, ал алыс жағында 100 км.",жер қырқтысының қалыңдығы жақын жағында шамамен жетпіс километр ал алыс жағында жүз километр,жер қыртысының қалыңдығы жақын жағында шамамен 70 км ал алыс жағында 100 км,жер қырқтысының қалыңдығы жақын жағында шамамен жетпіс километр ал алыс жағында жүз километр
1687,Сегрегация және рекомбинация әр буында екі пул арасында вариацияларды араластырып отырады.,Сегрегация және рекомбинация әр бұғынды екі пул арасында вариацияларды араластырып отырады.,сегрегация және рекомбинация әр буында екі пул арасында вариацияларды араластырып отырады,сегрегация және рекомбинация әр бұғынды екі пул арасында вариацияларды араластырып отырады
1835,"Цунами туралы ескерту берілмеді және Джакартаның геофизика агенттігінің деректеріне сай, цунами туралы ескерту берілмейді, өйткені жер сілкінісі 6,5 магнитудасы талабына сай болмады.",сунами туралы ескерту берілмеді және жакартаның геофизика агенттігінің деректеріне сай сунами туралы ескерту берілмейді үйткені жер сілгінсі алтыда бес магнитудасы талауына сай болмады,цунами туралы ескерту берілмеді және джакартаның геофизика агенттігінің деректеріне сай цунами туралы ескерту берілмейді өйткені жер сілкінісі 6 5 магнитудасы талабына сай болмады,сунами туралы ескерту берілмеді және жакартаның геофизика агенттігінің деректеріне сай сунами туралы ескерту берілмейді үйткені жер сілгінсі алтыда бес магнитудасы талауына сай болмады
1806,"Ең шарықтаған кезінде жарықтық ластану қазіргі кездегідей проблема болмағандықтан, олар қазіргі уақытқа қарағанда оңай жетуге болатын қалаларда немесе кампустарда орналасқан.","Ең шарықтаған кезінде жарықтық ластану қазіргі кездегідей проблема болмағандықтан, олар қазіргі уақытқа қарағанда оңай жетуге болатын қалаларды немесе компустарды орналасқан.",ең шарықтаған кезінде жарықтық ластану қазіргі кездегідей проблема болмағандықтан олар қазіргі уақытқа қарағанда оңай жетуге болатын қалаларда немесе кампустарда орналасқан,ең шарықтаған кезінде жарықтық ластану қазіргі кездегідей проблема болмағандықтан олар қазіргі уақытқа қарағанда оңай жетуге болатын қалаларды немесе компустарды орналасқан
1778,Теледидарлық репортаждарда зауыттан шығатын ақ түтін көрінеді.,Теледейдарлық репортаждарды зауыттан шығатын ақт үтін көрінеді.,теледидарлық репортаждарда зауыттан шығатын ақ түтін көрінеді,теледейдарлық репортаждарды зауыттан шығатын ақт үтін көрінеді
1850,"Бұл оған егер базалық станцияда екі радио болса, 802.1 a, 802.11b және 802.11g ережелерімен қайта үйлесімді болуға мүмкіндік береді.",бұл оған егер базалық станцияда екі радио болса сегі жүз екі нүкте бір а сегі жүз екі нүкте он бір бі және сегі жүз екі он бір джи ережелерімен қайта үйлесімді болуға мүмкіндік береді,бұл оған егер базалық станцияда екі радио болса 802 1 a 802 11b және 802 11g ережелерімен қайта үйлесімді болуға мүмкіндік береді,бұл оған егер базалық станцияда екі радио болса сегі жүз екі нүкте бір а сегі жүз екі нүкте он бір бі және сегі жүз екі он бір джи ережелерімен қайта үйлесімді болуға мүмкіндік береді
1681,"Дегенмен ол жалғыз емес, эксперименттер өткізу және эксперимент ықтимал гипотезалардың біреуін немесе бірнешеуін жою үшін пайдаланылатын сынақ болып табылады. Сұрақтар қою және бақылаулар жасау да ғылыми зерттеуді бағыттайды.","Деген мен ол жалғыз емес. Эксперименттер өткізу және эксперимент, әктимал, гипотезалардың біреуін немесе бірнешеуін жойыл үшін пайдаланатын сынақ болып табылады. Сұрақтар қою және бақылаулар жасауда ғылым езіртеуді бағыттайды.",дегенмен ол жалғыз емес эксперименттер өткізу және эксперимент ықтимал гипотезалардың біреуін немесе бірнешеуін жою үшін пайдаланылатын сынақ болып табылады сұрақтар қою және бақылаулар жасау да ғылыми зерттеуді бағыттайды,деген мен ол жалғыз емес эксперименттер өткізу және эксперимент әктимал гипотезалардың біреуін немесе бірнешеуін жойыл үшін пайдаланатын сынақ болып табылады сұрақтар қою және бақылаулар жасауда ғылым езіртеуді бағыттайды
1971,"Қатты жел, бұршақ, артық жауын-шашын және өрттер, сонымен бірге найзағайлар, торнадолар, судағы құйындар және циклондар ауар ауа райының түрлері мен әсерлері болып табылады.","Катты жел, бір шақ, артық жауын шашын және өрттер, сонымен бірге найзағайлар, тарна адалар, судағы құйындар және циклондар ауар ауар айының түрлері мен әсерлері болып табылады.",қатты жел бұршақ артық жауын шашын және өрттер сонымен бірге найзағайлар торнадолар судағы құйындар және циклондар ауар ауа райының түрлері мен әсерлері болып табылады,катты жел бір шақ артық жауын шашын және өрттер сонымен бірге найзағайлар тарна адалар судағы құйындар және циклондар ауар ауар айының түрлері мен әсерлері болып табылады
1901,"AI-дің ғылыми фантастикалық қосымша мағынасы болғанымен, AI іс-қимылды, оқытуды және машиналарда сананы қолдануды қамтитын компьютерлік ғылымның аса маңызды бір саласын құрайды.",алдың ғылыми фантастикалық косм шамағынасы болғанымен ал іс-қимылды оқутыды және машиналарда сананы қолдануды қамтетін компьютерлі ғылымның аса амаңызды бір саласын құрайды,ai дің ғылыми фантастикалық қосымша мағынасы болғанымен ai іс қимылды оқытуды және машиналарда сананы қолдануды қамтитын компьютерлік ғылымның аса маңызды бір саласын құрайды,алдың ғылыми фантастикалық косм шамағынасы болғанымен ал іс қимылды оқутыды және машиналарда сананы қолдануды қамтетін компьютерлі ғылымның аса амаңызды бір саласын құрайды
1865,Санкт-Петербургтегі круиздерге қаладағы уақыт кіреді. Круиз жолаушылары виза режиміндегі талаптардан азат етілген (талаптарды көріп шығыңыз).,Санкт-Петербургтегі круиздерге қаладағы уақыт кіреді. Круиз жұрлаушылары виза режиміндегі талаптардан азат етілген. Талаптарды көріп шығыңыз.,санкт петербургтегі круиздерге қаладағы уақыт кіреді круиз жолаушылары виза режиміндегі талаптардан азат етілген талаптарды көріп шығыңыз,санкт петербургтегі круиздерге қаладағы уақыт кіреді круиз жұрлаушылары виза режиміндегі талаптардан азат етілген талаптарды көріп шығыңыз
1968,"Кейбір круиздердің кітапшаларында Германияның Берлин қаласы көрсетілген. Жоғарыдағы картадан көргеніңіздей, Берлин теңізге жақын орналаспаған және қалаға бару круиздің бағасына кірмейді.",кейбір круиздердің кітапшыларында германияның берлин қаласы көрсетілген жоғарыдағы картадан көргеніңіздей берлин теңізге жақын орналаспаған және қалаға бару круиздің бағасына кірмейді,кейбір круиздердің кітапшаларында германияның берлин қаласы көрсетілген жоғарыдағы картадан көргеніңіздей берлин теңізге жақын орналаспаған және қалаға бару круиздің бағасына кірмейді,кейбір круиздердің кітапшыларында германияның берлин қаласы көрсетілген жоғарыдағы картадан көргеніңіздей берлин теңізге жақын орналаспаған және қалаға бару круиздің бағасына кірмейді
1851,"Үзілмелі ағыстар жағаға, рифтерге соғылатын толқындардың кері ағыны болып табылады.",Узілмелі ағыстар жағаға рифтерге соғылатын толқындардың кері ағыны болып табылады.,үзілмелі ағыстар жағаға рифтерге соғылатын толқындардың кері ағыны болып табылады,узілмелі ағыстар жағаға рифтерге соғылатын толқындардың кері ағыны болып табылады
1922,"Әрине, бұл дәстүр христиандық теологиялық түсіндірмелерге ие, бірақ бұл толығымен христианға дейінгі көктем мен құнарлылық рәсімі болуы мүмкін.",бұл дәстүр христиандық теологиялық түсіндірмелерге ие бірақ бұл толығы мен христианға дейінгі көктем мен құнарлық рәсімі болуы мүмкін,әрине бұл дәстүр христиандық теологиялық түсіндірмелерге ие бірақ бұл толығымен христианға дейінгі көктем мен құнарлылық рәсімі болуы мүмкін,бұл дәстүр христиандық теологиялық түсіндірмелерге ие бірақ бұл толығы мен христианға дейінгі көктем мен құнарлық рәсімі болуы мүмкін
1867,Өсімдіктер адамдар тыныстайтын оттегіні жасайды және адамдар тыныспен шығаратын көміртегі диоксидін сіңіреді.,көсімдіктер адамдар тыныстайтын өттегі ныжасайды және адамдар тыныспен шығаратын көміртегі диоксидін сіңір еді,өсімдіктер адамдар тыныстайтын оттегіні жасайды және адамдар тыныспен шығаратын көміртегі диоксидін сіңіреді,көсімдіктер адамдар тыныстайтын өттегі ныжасайды және адамдар тыныспен шығаратын көміртегі диоксидін сіңір еді
1716,"TMZ ойын-сауық жаңалықтары веб-сайты фотограф Сепулведа бульварының арғы жағында көлігін тоқтатқанын және полицияның жолдан өту алдында тоқтағанының және жалғастырғанының, бұл жол қозғалысын реттеп тұрған Калифорния автомагистральдік патруль полициясы қызметкерінің оған кері жүру туралы екі рет бұйрық бергенінің суреттерін түсіруге әрекеттенгенін түсінеді.",Ти-МЗ ойын салық жаңалықтары екі рет бұйрық бергенінің суреттерін түсіруге әрекеттенгенін түсінеді.,tmz ойын сауық жаңалықтары веб сайты фотограф сепулведа бульварының арғы жағында көлігін тоқтатқанын және полицияның жолдан өту алдында тоқтағанының және жалғастырғанының бұл жол қозғалысын реттеп тұрған калифорния автомагистральдік патруль полициясы қызметкерінің оған кері жүру туралы екі рет бұйрық бергенінің суреттерін түсіруге әрекеттенгенін түсінеді,ти мз ойын салық жаңалықтары екі рет бұйрық бергенінің суреттерін түсіруге әрекеттенгенін түсінеді
1677,Бүгінде қанаттарын арқасына бүктей алмайтын жәндіктер - инеліктер мен біркүндіктер.,"Бүгінде қанаттарын арқасына бүкте елмайтын жәндіктер, еңеліктер мен біргіндіктер.",бүгінде қанаттарын арқасына бүктей алмайтын жәндіктер инеліктер мен біркүндіктер,бүгінде қанаттарын арқасына бүкте елмайтын жәндіктер еңеліктер мен біргіндіктер
1680,"Жақсы атлет жолбарыс өрмелей (бірақ жақсы емес), жүзе, үлкен қашықтықтарға секіре және күшті адамнан бес есе көбірек күшпен тартыла алады.","Жақсы атлет жолбарыс өрмелей, бірақ жақсы емес жүзде үлкен қашықтарға секіре және күшті адамнан бес есе көбірек күшпен тарта алады.",жақсы атлет жолбарыс өрмелей бірақ жақсы емес жүзе үлкен қашықтықтарға секіре және күшті адамнан бес есе көбірек күшпен тартыла алады,жақсы атлет жолбарыс өрмелей бірақ жақсы емес жүзде үлкен қашықтарға секіре және күшті адамнан бес есе көбірек күшпен тарта алады
1829,Жоғары салық салынатын елдерге жол тартатын саяхатшылар кейде әсіресе алкогольді ішімдіктер мен темекі сияқты өнімдерге айтарлықтай ақша үнемдей алады.,жоғары салық салынатын елдерге жол тартатын саяхатшылар кейде әсіресе алкогольді ішімдіктер мен темекі сияқты өнімдерге айтарлықтай ақша үнемдей алады,жоғары салық салынатын елдерге жол тартатын саяхатшылар кейде әсіресе алкогольді ішімдіктер мен темекі сияқты өнімдерге айтарлықтай ақша үнемдей алады,жоғары салық салынатын елдерге жол тартатын саяхатшылар кейде әсіресе алкогольді ішімдіктер мен темекі сияқты өнімдерге айтарлықтай ақша үнемдей алады
1823,«Жол қозғалысының ағыны» – жеке жүргізушілердің және көліктердің екі нүкте арасындағы қозғалысын және олардың бір бірімен өзара әрекеттесулерін зерттеу.,жол қозғалысының ағыны жекез жүргізушілердің және көліктердің екі нүктей арасындағы қозғалысын және олардың бір-бірімен өзірі әрекеттесулерін серттеу,жол қозғалысының ағыны жеке жүргізушілердің және көліктердің екі нүкте арасындағы қозғалысын және олардың бір бірімен өзара әрекеттесулерін зерттеу,жол қозғалысының ағыны жекез жүргізушілердің және көліктердің екі нүктей арасындағы қозғалысын және олардың бір бірімен өзірі әрекеттесулерін серттеу
1924,"Әйелдер отыратын тобындағы төрт шаңғышы өз жарыстарын аяқтай алмады, ал Giant Slalom жарысындағы жалпы 117 шаңғышының 45-і жарыста орын алмады.",айелдер отыратын тобындағы төрт шанғышы өз жарыстарын аяқтай алмады ал джайнс лалым жарысындағы жалпы он жеті шанғышының жиқырық бесі жарыста орын алмады,әйелдер отыратын тобындағы төрт шаңғышы өз жарыстарын аяқтай алмады ал giant slalom жарысындағы жалпы 117 шаңғышының 45 і жарыста орын алмады,айелдер отыратын тобындағы төрт шанғышы өз жарыстарын аяқтай алмады ал джайнс лалым жарысындағы жалпы он жеті шанғышының жиқырық бесі жарыста орын алмады
1883,"Көпір астындағы тік аралық 15 метрді құрайды. Құрылыс 2011 жылдың тамыз айында аяқталды, ол 2017 жылдың наурыз айына дейін жол қозғалысына ашылмады.",көпір астындағы тікаралық он бес метрді құрайды құрылыс екі мың он бірінші жылдың тамыз айында аяқталты ол екі мың он жетінші жылдың наурыз айына дейін жол қозғалысына ашылмады,көпір астындағы тік аралық 15 метрді құрайды құрылыс 2011 жылдың тамыз айында аяқталды ол 2017 жылдың наурыз айына дейін жол қозғалысына ашылмады,көпір астындағы тікаралық он бес метрді құрайды құрылыс екі мың он бірінші жылдың тамыз айында аяқталты ол екі мың он жетінші жылдың наурыз айына дейін жол қозғалысына ашылмады
1715,"Метродағы жүйелі хабарландырулар тек каталан тілінді жасалады, бірақ автоматтандырылған жүйе жоспарланбаған үзілістерді көп тілде жариялайды: испан, ағылшын, француз, араб және жапон.",метродағы жүйелі хабарландырулар тек каталан тілінде жасалады бірақ автоматтандырылған жүйе жоспарланбаған үзілістерді көп тілде жариялайды испан ағылшын француз араб және жапон,метродағы жүйелі хабарландырулар тек каталан тілінді жасалады бірақ автоматтандырылған жүйе жоспарланбаған үзілістерді көп тілде жариялайды испан ағылшын француз араб және жапон,метродағы жүйелі хабарландырулар тек каталан тілінде жасалады бірақ автоматтандырылған жүйе жоспарланбаған үзілістерді көп тілде жариялайды испан ағылшын француз араб және жапон
1716,"TMZ ойын-сауық жаңалықтары веб-сайты фотограф Сепулведа бульварының арғы жағында көлігін тоқтатқанын және полицияның жолдан өту алдында тоқтағанының және жалғастырғанының, бұл жол қозғалысын реттеп тұрған Калифорния автомагистральдік патруль полициясы қызметкерінің оған кері жүру туралы екі рет бұйрық бергенінің суреттерін түсіруге әрекеттенгенін түсінеді.",Ти әмзи ойын салық жаңалықтары Веб сайты фотограф Сепулведа бульварының арғы жағында көлігін тоқтатқанын және полицияның жолдан өту алдында тоқтағанының және жалғастырғанының Бұл жол қозғалысын реттеп тұрған Калифорния автомагистралдік патруль полициясы қызметкерінің Оған кері жұру ұтыралы екі рет бұйрық бергенінің суреттерін түсіруге әрекеттенгенін түсінеді.,tmz ойын сауық жаңалықтары веб сайты фотограф сепулведа бульварының арғы жағында көлігін тоқтатқанын және полицияның жолдан өту алдында тоқтағанының және жалғастырғанының бұл жол қозғалысын реттеп тұрған калифорния автомагистральдік патруль полициясы қызметкерінің оған кері жүру туралы екі рет бұйрық бергенінің суреттерін түсіруге әрекеттенгенін түсінеді,ти әмзи ойын салық жаңалықтары веб сайты фотограф сепулведа бульварының арғы жағында көлігін тоқтатқанын және полицияның жолдан өту алдында тоқтағанының және жалғастырғанының бұл жол қозғалысын реттеп тұрған калифорния автомагистралдік патруль полициясы қызметкерінің оған кері жұру ұтыралы екі рет бұйрық бергенінің суреттерін түсіруге әрекеттенгенін түсінеді
1954,"Тәртіпті қорғаушылары, доппен жұмыс істеу дағдылары және тамаша командалық жұмысы оларды ерекше бөліп көрсетті және бұл ең күшті команда болатыны анық еді.",тәртіпті қорғаушылары доппен жұмыс істеу дағдылары және тамаша командалық жұмысы оларды ерекше бөліп көрсетті және бұл ең күшті команда болатыны анығы еді,тәртіпті қорғаушылары доппен жұмыс істеу дағдылары және тамаша командалық жұмысы оларды ерекше бөліп көрсетті және бұл ең күшті команда болатыны анық еді,тәртіпті қорғаушылары доппен жұмыс істеу дағдылары және тамаша командалық жұмысы оларды ерекше бөліп көрсетті және бұл ең күшті команда болатыны анығы еді
1773,Ұйқының үзілуі — қалыпты ұйқы кезеңінде мақсатпен оянудың және кейінірек қысқа уақытқа (10-60 минут) ұйықтау процесі.,уйқының үзілуі қалыпты уйқы кезеңінде мақсатпен оянуудың және кейінірек қысқа уақытқа он алпыс минут уйқтау процесі,ұйқының үзілуі қалыпты ұйқы кезеңінде мақсатпен оянудың және кейінірек қысқа уақытқа 10 60 минут ұйықтау процесі,уйқының үзілуі қалыпты уйқы кезеңінде мақсатпен оянуудың және кейінірек қысқа уақытқа он алпыс минут уйқтау процесі
1777,"Оттава - Канаданың таңқалдырарлық, екітілді астанасы және онда Канаданың тарихы мен бүгінін бейнелейтін көптеген өнер галереялары мен музейлер ұсынылған.",аттава канаданың таң қалдырарлық екі тілді астанасы және онда канаданың тарихы мен бүгінін бейнелейтін көптеген өнер галереялары мен музейлер ұсынылған,оттава канаданың таңқалдырарлық екітілді астанасы және онда канаданың тарихы мен бүгінін бейнелейтін көптеген өнер галереялары мен музейлер ұсынылған,аттава канаданың таң қалдырарлық екі тілді астанасы және онда канаданың тарихы мен бүгінін бейнелейтін көптеген өнер галереялары мен музейлер ұсынылған
1891,"Лакша Сингх ""чхаппан бхог"" (елу алты дегенді білдіреді) өлеңін ұсынды. Ол әнді әнші Раджу Ханделвалмен бірге орындады.","Лапша Синг, Чхапан Бухог, 56 дегенді білдіреді. Үленің ұсынды. Ол әнді әнші Раджу Хандылвалмен бірге орындады.",лакша сингх чхаппан бхог елу алты дегенді білдіреді өлеңін ұсынды ол әнді әнші раджу ханделвалмен бірге орындады,лапша синг чхапан бухог 56 дегенді білдіреді үленің ұсынды ол әнді әнші раджу хандылвалмен бірге орындады
1766,"Кейбір атомдардың ядролары тұрақсыз, яғни, олар аз ғана түрткенде немесе мүлде түртпегенде бөлінуге бейім.",кейбір атымдардың ядролары тұрақсыз яғни олар аз ғана түрткенде немесе мүлде түртпегенде бөлінуге бейім,кейбір атомдардың ядролары тұрақсыз яғни олар аз ғана түрткенде немесе мүлде түртпегенде бөлінуге бейім,кейбір атымдардың ядролары тұрақсыз яғни олар аз ғана түрткенде немесе мүлде түртпегенде бөлінуге бейім
1789,"Басқа аталымдар қатарына «Үздік фильм», «Режиссер», «Операторлық жұмыс», «Костюмдер дизайны», «Фильмді монтаждау», «Түпнұсқа саундтрек», «Қойылым дизайны», «Дыбысты редакциялау», «Дыбысты араластыру» және «Түпнұсқа сценарий» жатады.",басқа аталымдар қатарына үздік фильм режиссер операторлық жұмыс костюмдер дизайны фильмді монтаждау түп нұсқа саундтрек қойылым дизайны тыбысты редакциялау тыбысты араластыру және түп нұсқа сценария жатады,басқа аталымдар қатарына үздік фильм режиссер операторлық жұмыс костюмдер дизайны фильмді монтаждау түпнұсқа саундтрек қойылым дизайны дыбысты редакциялау дыбысты араластыру және түпнұсқа сценарий жатады,басқа аталымдар қатарына үздік фильм режиссер операторлық жұмыс костюмдер дизайны фильмді монтаждау түп нұсқа саундтрек қойылым дизайны тыбысты редакциялау тыбысты араластыру және түп нұсқа сценария жатады
1721,"1963 жылы тоған салынғаннан кейін, тасындылардың жайылуына себеп болатын маусымдық су тасқыны тоқтатылды.",мың негіз алпыз үшінші жылы тоған салынғаннан кейін тасындылардың жайлуына себеп болатын маусымдық су тасқына тоқтатылды,1963 жылы тоған салынғаннан кейін тасындылардың жайылуына себеп болатын маусымдық су тасқыны тоқтатылды,мың негіз алпыз үшінші жылы тоған салынғаннан кейін тасындылардың жайлуына себеп болатын маусымдық су тасқына тоқтатылды
1869,"Оның ұзын жақтарында 70-тен астам ұстарадай өткір тістер және аузының үстіңгі жағында қосымша тістер жинағы болған, бұл оған кезіккен әрбір жануардың одан қашып кете алмайтынын білдіреді.",Оның ұзын жақтарында жетпістен астам ұстардай өткір тістер және ауызының үстінің жағында қосымша тістер жинағы болған. Бұл оған кезіккен әрбір жануардың одан қашып кетте алмайтын білдіреді.,оның ұзын жақтарында 70 тен астам ұстарадай өткір тістер және аузының үстіңгі жағында қосымша тістер жинағы болған бұл оған кезіккен әрбір жануардың одан қашып кете алмайтынын білдіреді,оның ұзын жақтарында жетпістен астам ұстардай өткір тістер және ауызының үстінің жағында қосымша тістер жинағы болған бұл оған кезіккен әрбір жануардың одан қашып кетте алмайтын білдіреді
1710,"Өткен аптада METI ұйымы оған Apple компаниясы қызып кетудің 34 қосымша инциденті туралы хабарлағанын жариялады, Apple компаниясы оларды «ауыр емес» деп атады.",Бұл өткен аптада METI ұйымы оған Apple компаниясы қызып кетудің 34 қосымша инциденті туралы қабарлағанын жариялады. Apple компаниясы оларды ауыры емес деп атады.,өткен аптада meti ұйымы оған apple компаниясы қызып кетудің 34 қосымша инциденті туралы хабарлағанын жариялады apple компаниясы оларды ауыр емес деп атады,бұл өткен аптада meti ұйымы оған apple компаниясы қызып кетудің 34 қосымша инциденті туралы қабарлағанын жариялады apple компаниясы оларды ауыры емес деп атады
1987,Апат биік таулы жерлерде орын алған және дұшпандық мағынадағы өрттің салдарынан болған деп болжануда.,Апат биік таулы жерлерде орын алған және дұшпандық мағынадағы өрттің салдарынан болған деп болжануда.,апат биік таулы жерлерде орын алған және дұшпандық мағынадағы өрттің салдарынан болған деп болжануда,апат биік таулы жерлерде орын алған және дұшпандық мағынадағы өрттің салдарынан болған деп болжануда
1774,"Шалғай аралдарда кредит картасы қабылданбауы мүмкін, дегенмен Ұлыбритания және АҚШ валютасы қабылдануы мүмкін; алдын ала иеленушіден қолданылатын төлем әдісін сұрап біліп алыңыз.",шалғай аралдарда кредит картасы қабылданбауы мүмкін дегенмен ұлыбритания және ақыш валютасы қабылдануы мүмкін алдын ала еленішуден қолданылатын төлем әдісін ұсырап біліп алыңыз,шалғай аралдарда кредит картасы қабылданбауы мүмкін дегенмен ұлыбритания және ақш валютасы қабылдануы мүмкін алдын ала иеленушіден қолданылатын төлем әдісін сұрап біліп алыңыз,шалғай аралдарда кредит картасы қабылданбауы мүмкін дегенмен ұлыбритания және ақыш валютасы қабылдануы мүмкін алдын ала еленішуден қолданылатын төлем әдісін ұсырап біліп алыңыз
1993,Атлант мұхитының оныншы атау берілген дауыл маусымы «Субтропиктік дауыл Джерри» бүгін Атлант мұхитында пайда болды.,атлант мұхитының оныншы атауы берілген дауыл маусыма субтропиктік дауыл джери бүгін атлант мұхитында пайда болды,атлант мұхитының оныншы атау берілген дауыл маусымы субтропиктік дауыл джерри бүгін атлант мұхитында пайда болды,атлант мұхитының оныншы атауы берілген дауыл маусыма субтропиктік дауыл джери бүгін атлант мұхитында пайда болды
1809,"Жолдарды орнында ұстау үшін шпалдар айтарлықтай ерте енгізілді. Алайда, бірте-бірте, жолдың үстінде темір бөлік болса, жолдар тиімдірек болатыны түсінілді.",жолдарды орнында ұстау үшін шпалдар айтарлықта ерте енгізілді алайда бірте-бірте жолдың үстінде темір бөліп болса жолдар тиімдірек болатыны түсінілді,жолдарды орнында ұстау үшін шпалдар айтарлықтай ерте енгізілді алайда бірте бірте жолдың үстінде темір бөлік болса жолдар тиімдірек болатыны түсінілді,жолдарды орнында ұстау үшін шпалдар айтарлықта ерте енгізілді алайда бірте бірте жолдың үстінде темір бөліп болса жолдар тиімдірек болатыны түсінілді
1841,"Жоғарыдағы ашық, әдемі аспаннан және көптеген қоршаған таулардан басқа ештеңе көрінбейді. Үңгір ішінен бұл дүниенің өте аз бөлігін көруге немесе естуге болады.","Жоғарыдағы алшық, әдемі аспанның және көптеген қоршаған тауарлардан басқа ештене көрінбейді. Үңгір ішінен бұл дүниенің өте аз бөлігін көруге немесе естуге болады.",жоғарыдағы ашық әдемі аспаннан және көптеген қоршаған таулардан басқа ештеңе көрінбейді үңгір ішінен бұл дүниенің өте аз бөлігін көруге немесе естуге болады,жоғарыдағы алшық әдемі аспанның және көптеген қоршаған тауарлардан басқа ештене көрінбейді үңгір ішінен бұл дүниенің өте аз бөлігін көруге немесе естуге болады
1856,Финляндия — керемет қайықпен баратын жер. «Мың көлдің жерінде» көлдерде және жағалаудағы архипелагтарда мыңдаған аралдар да бар.,финлянда керамет қайықпен баратын жер мың көлдің жерінде көлдерде және жағалаудағы архивилагтарда мыңдаған аралдар да бар,финляндия керемет қайықпен баратын жер мың көлдің жерінде көлдерде және жағалаудағы архипелагтарда мыңдаған аралдар да бар,финлянда керамет қайықпен баратын жер мың көлдің жерінде көлдерде және жағалаудағы архивилагтарда мыңдаған аралдар да бар
1929,"Дель Потро екінші соққыда ерте басымдылыққа ие болды, бірақ бұл 6-6-ға жеткеннен кейін тай брейкті қажет етті.",дель потро екінші соққыда ерте басымдылыққа ие болды бірақ бұл алты-алтыға жеткеннен кейін тай-брейкті қажет етті,дель потро екінші соққыда ерте басымдылыққа ие болды бірақ бұл 6 6 ға жеткеннен кейін тай брейкті қажет етті,дель потро екінші соққыда ерте басымдылыққа ие болды бірақ бұл алты алтыға жеткеннен кейін тай брейкті қажет етті
1912,Кішірек аралдардың көпшілігі тәуелсіз ұлттар болып табылады немесе Франциямен байланысты және қымбат жағажай курорттары ретінде белгілі.,күшірек аралдардың көпшілігі тәуелсіз ұлттар болып табылады немесе франциямен байланысты және қымбат жағажай курорттар ретінде белгілі,кішірек аралдардың көпшілігі тәуелсіз ұлттар болып табылады немесе франциямен байланысты және қымбат жағажай курорттары ретінде белгілі,күшірек аралдардың көпшілігі тәуелсіз ұлттар болып табылады немесе франциямен байланысты және қымбат жағажай курорттар ретінде белгілі
1831,"Плитвиц көлдері ұлттық паркін қалың орман жапқан. Орман негізінен қайың, шырша және майқарағай ағаштарынан тұрады. Орманда альпылық және жерортатеңіздік өсімдіктер аралас өседі.","Плитвец көлдері ұлттық паркін қалың орман жапқан. Орман негізінен қайың, шырша және май қарағай ағаштарынан тұрады. Орманда алипылық және жер орта теніздік өсімдіктер арала сөседі.",плитвиц көлдері ұлттық паркін қалың орман жапқан орман негізінен қайың шырша және майқарағай ағаштарынан тұрады орманда альпылық және жерортатеңіздік өсімдіктер аралас өседі,плитвец көлдері ұлттық паркін қалың орман жапқан орман негізінен қайың шырша және май қарағай ағаштарынан тұрады орманда алипылық және жер орта теніздік өсімдіктер арала сөседі
1927,"Ангел (2006), «Континуум» тәсілін ұйымдардың өнімділіктің жоғарырақ деңгейіне жетуіне көмектесу үшін пайдаланылатын әдіс ретінде түсіндіреді.",Ангел 2006 – континуум тәсілін ұйымдардың өнімділіктің жоғарырақ денгейіне жетуіне көмектесу үшін пайдаланылатын әдіс ретінде түсіндіреді.,ангел 2006 континуум тәсілін ұйымдардың өнімділіктің жоғарырақ деңгейіне жетуіне көмектесу үшін пайдаланылатын әдіс ретінде түсіндіреді,ангел 2006 континуум тәсілін ұйымдардың өнімділіктің жоғарырақ денгейіне жетуіне көмектесу үшін пайдаланылатын әдіс ретінде түсіндіреді
1855,"Арыстандар прайды қасқырлар мен иттер сияқты әрекет етеді, олар арыстандарға (бірақ басқа үлкен мысықтарға ұқсамайды) ұқсас жануарлар, сонымен қатар олар өз олжалары үшін өте қауіпті.",арыстандар прайдты қасқарлар мен иттер сияқты әрекет етеді олар арыстандағы бірақ басқа үлкен мысықтарға ұқсамайды ұқсас жануарлар сонымен қатар олар өз ұлжалары үшін өте қауіпті,арыстандар прайды қасқырлар мен иттер сияқты әрекет етеді олар арыстандарға бірақ басқа үлкен мысықтарға ұқсамайды ұқсас жануарлар сонымен қатар олар өз олжалары үшін өте қауіпті,арыстандар прайдты қасқарлар мен иттер сияқты әрекет етеді олар арыстандағы бірақ басқа үлкен мысықтарға ұқсамайды ұқсас жануарлар сонымен қатар олар өз ұлжалары үшін өте қауіпті
1744,"Россби нөмірі неғұрлым кішірек болса, жұлдыздың магниттену инверсиясына қатысты белсенділігі азырақ болады.",роззүзбей нөмірі неуғырылым күшірек болса жұлдыздың магниттену инверсиясына қатысты белсәнділігі азырақ болады,россби нөмірі неғұрлым кішірек болса жұлдыздың магниттену инверсиясына қатысты белсенділігі азырақ болады,роззүзбей нөмірі неуғырылым күшірек болса жұлдыздың магниттену инверсиясына қатысты белсәнділігі азырақ болады
1999,"1960 жылдары Бжезинский Джон Кеннедидің кеңесшісі болып, содан кейін Линдон Б. Джонсон әкімшілігінде жұмыс істеді.","1960-шылдары Бржезинский Джон Кеннеди дің кеңешкісі болып, содан кейін Линдон Б. Джонсон әкімшілігінде жұмыс істеді.",1960 жылдары бжезинский джон кеннедидің кеңесшісі болып содан кейін линдон б джонсон әкімшілігінде жұмыс істеді,1960 шылдары бржезинский джон кеннеди дің кеңешкісі болып содан кейін линдон б джонсон әкімшілігінде жұмыс істеді
1863,"Тибет медитациясының орталығы - құдай йогасы. Әр түрлі құдайларды бейнелеудің арқасында қуат арналары тазартылып, чакралар іске қосылып, ағартушылық сана пайда болады.",тибет медитациясының орталығы құдай йогасы әр түрлі құдайларды бейнелеудің арқасында қуат арналары тазартылып чакралар іске қосылып ақартушылық сана пайда болады,тибет медитациясының орталығы құдай йогасы әр түрлі құдайларды бейнелеудің арқасында қуат арналары тазартылып чакралар іске қосылып ағартушылық сана пайда болады,тибет медитациясының орталығы құдай йогасы әр түрлі құдайларды бейнелеудің арқасында қуат арналары тазартылып чакралар іске қосылып ақартушылық сана пайда болады
1953,Кейіннен ол жатқан ауруханадан Кэмбридждегі Адденбрук ауруханасына жатқызылды.,кейінен ол жатқан ауруханадан кембриджтегі аденбург ауруханасына жатқызылды,кейіннен ол жатқан ауруханадан кэмбридждегі адденбрук ауруханасына жатқызылды,кейінен ол жатқан ауруханадан кембриджтегі аденбург ауруханасына жатқызылды
1894,"Карри — бұл шөптер мен дәмдеуіштер, сонымен қатап ет немесе көкөністер қосылатын тағам.",Кәрі бұл шіптер мен дәбінде үштер сонымен қатап ет немесе көкөністер қосылатын таған.,карри бұл шөптер мен дәмдеуіштер сонымен қатап ет немесе көкөністер қосылатын тағам,кәрі бұл шіптер мен дәбінде үштер сонымен қатап ет немесе көкөністер қосылатын таған
1902,Алдымен ол Грейт-Ярмуттегі Джеймс Пейджет ауруханасына түсті.,алдыменұл грейт ярмуттегі джеймс пейджтен алруханасына түсті,алдымен ол грейт ярмуттегі джеймс пейджет ауруханасына түсті,алдыменұл грейт ярмуттегі джеймс пейджтен алруханасына түсті
1752,"Нәтижесінде балықтың екі түрі жойылып кетті, ал қалған екеуіне жойылып кету қаупі төнді, оның ішінде бүкір балық та бар.",нәтижесінде балықтың екі түрі жойылып кетті ал қалған екеуіне жойылып кету қауіп дөнді оның ішінде бүкір балықта бар,нәтижесінде балықтың екі түрі жойылып кетті ал қалған екеуіне жойылып кету қаупі төнді оның ішінде бүкір балық та бар,нәтижесінде балықтың екі түрі жойылып кетті ал қалған екеуіне жойылып кету қауіп дөнді оның ішінде бүкір балықта бар
1669,"Полиция басшысы Чандра Шехар Соланкидің айтуынша, сотталушылар сотта беттерін жауып қатысқан.",полиция басшысы чандра шығар саланкидің айтуынша сотталушылар сотта беттерін жауап қатысқан,полиция басшысы чандра шехар соланкидің айтуынша сотталушылар сотта беттерін жауып қатысқан,полиция басшысы чандра шығар саланкидің айтуынша сотталушылар сотта беттерін жауап қатысқан
1892,"Бұл – Британдық отарлаушылардың өз меншігі ретінде басып алған орны, сондықтан егер сіз аумақтың отаршылдықта болғанының дәлелдерін іздесеңіз, бұл – бастамаңыз үшін қолайлы орын.",бұл британдық отаршылардың өзмен шекретінде басып алған орны сондықтан егер сіз аумақтың отаршылдықта болғанын дәлелдерін іздесеңіз бұл бастамаңыз үшін қолайлы орын,бұл британдық отарлаушылардың өз меншігі ретінде басып алған орны сондықтан егер сіз аумақтың отаршылдықта болғанының дәлелдерін іздесеңіз бұл бастамаңыз үшін қолайлы орын,бұл британдық отаршылардың өзмен шекретінде басып алған орны сондықтан егер сіз аумақтың отаршылдықта болғанын дәлелдерін іздесеңіз бұл бастамаңыз үшін қолайлы орын
1685,"Мысалы, дүние жүзіндегі ең жиі кездесетін фотография түсіру пішімі болып 35 мм табылады. Ол аналогтық пленка дәуірі бітіп жатқанда басым пленка өлшемі болатын.","Мысалы, дүние жүзіндегі ең жиек кездесетін фотография түсіру пішімі болып 35 мм табылады. Ол аналықтық плюн кәдәуірі бітіп жатқанды басым плюн көгілшемі болатын.",мысалы дүние жүзіндегі ең жиі кездесетін фотография түсіру пішімі болып 35 мм табылады ол аналогтық пленка дәуірі бітіп жатқанда басым пленка өлшемі болатын,мысалы дүние жүзіндегі ең жиек кездесетін фотография түсіру пішімі болып 35 мм табылады ол аналықтық плюн кәдәуірі бітіп жатқанды басым плюн көгілшемі болатын
1717,Су асты топологиясына байланысты кері ағын бірнеше тереңірек учаскелерде шоғырланған және онда терең суға жылдам ағын пайда болуы мүмкін.,су асты топологиясына байланысты кері ағын бірнеше тереңрек учаскелерде шоғырланған және онда терең суға жылдам ағын пайда болуы мүмкін,су асты топологиясына байланысты кері ағын бірнеше тереңірек учаскелерде шоғырланған және онда терең суға жылдам ағын пайда болуы мүмкін,су асты топологиясына байланысты кері ағын бірнеше тереңрек учаскелерде шоғырланған және онда терең суға жылдам ағын пайда болуы мүмкін
1854,Көліктің өзі сол күні шамамен 12:00 GMT уақытында апат орнынан әкетілген.,Көліктің өзі сол күні шамамен 12 GMT уақытында апат орнынан әкетілген.,көліктің өзі сол күні шамамен 12 00 gmt уақытында апат орнынан әкетілген,көліктің өзі сол күні шамамен 12 gmt уақытында апат орнынан әкетілген
1777,"Оттава - Канаданың таңқалдырарлық, екітілді астанасы және онда Канаданың тарихы мен бүгінін бейнелейтін көптеген өнер галереялары мен музейлер ұсынылған.",оттава канаданың таң қалдырларлық екі тілді астанасы және онда канаданың тарихы мен бүгінін бейнелейтін көптеген өнер галереялары мен музейлер ұсынылған,оттава канаданың таңқалдырарлық екітілді астанасы және онда канаданың тарихы мен бүгінін бейнелейтін көптеген өнер галереялары мен музейлер ұсынылған,оттава канаданың таң қалдырларлық екі тілді астанасы және онда канаданың тарихы мен бүгінін бейнелейтін көптеген өнер галереялары мен музейлер ұсынылған
1828,"Интернеттен «қауіпті ортаны» іздесеңіз, жергілікті компанияның мекен-жайын береді.",Интернеттен қауіпті ортаны үздесеңіз жергілікті кампанияның мекен жайын береді.,интернеттен қауіпті ортаны іздесеңіз жергілікті компанияның мекен жайын береді,интернеттен қауіпті ортаны үздесеңіз жергілікті кампанияның мекен жайын береді
1810,Калифорния губернаторы Арнольд Шварценеггер кәмелетке толмағандарға зорлық-зомбылық контенті бар видео ойындарды сатуға немесе жалға беруге тыйым салатын заңға қол қойды.,калифорния губернаторы арнольд шварценеггер кәмілетке толмағандарға зорлық зомбылық контенті бар видео ойындарды сатуға немесе жалға беруге тыйым салатын заңғы қол қойды,калифорния губернаторы арнольд шварценеггер кәмелетке толмағандарға зорлық зомбылық контенті бар видео ойындарды сатуға немесе жалға беруге тыйым салатын заңға қол қойды,калифорния губернаторы арнольд шварценеггер кәмілетке толмағандарға зорлық зомбылық контенті бар видео ойындарды сатуға немесе жалға беруге тыйым салатын заңғы қол қойды
1861,"Нәтижесінде, орындаушылар сахнада каннабисті шекті және театрдың өзі аудиоторияны қосылуға шақырды.",Нәткежесінде орындаушылар сақынада канабисті шекті және театрдың өзі аудиторияның қосылуға шақырды.,нәтижесінде орындаушылар сахнада каннабисті шекті және театрдың өзі аудиоторияны қосылуға шақырды,нәткежесінде орындаушылар сақынада канабисті шекті және театрдың өзі аудиторияның қосылуға шақырды
1971,"Қатты жел, бұршақ, артық жауын-шашын және өрттер, сонымен бірге найзағайлар, торнадолар, судағы құйындар және циклондар ауар ауа райының түрлері мен әсерлері болып табылады.",хатты жел бұршақ артық жауын-шалшын және өрттер сонымен бірге найзағайлар тырнадалар судағы қиындар және циклондар ауар-ауар айының түрлері мен әсерлері болып табылады,қатты жел бұршақ артық жауын шашын және өрттер сонымен бірге найзағайлар торнадолар судағы құйындар және циклондар ауар ауа райының түрлері мен әсерлері болып табылады,хатты жел бұршақ артық жауын шалшын және өрттер сонымен бірге найзағайлар тырнадалар судағы қиындар және циклондар ауар ауар айының түрлері мен әсерлері болып табылады
1943,"Алаңдаушылық неғұрлым төменірек болса, өмір күші соғұрлым позитивтеі болады. Әр адамда абсолютті тыныштық пен ризашылықты табу мүмкіндігі бар.","Алыңдаушылық не ғырлым төмен рек болса, өмір күші соғырлым позитивте болады. Әр адамда абсолютты тыныштық пен резақшылықты табу мүмкіндігі бар.",алаңдаушылық неғұрлым төменірек болса өмір күші соғұрлым позитивтеі болады әр адамда абсолютті тыныштық пен ризашылықты табу мүмкіндігі бар,алыңдаушылық не ғырлым төмен рек болса өмір күші соғырлым позитивте болады әр адамда абсолютты тыныштық пен резақшылықты табу мүмкіндігі бар
1820,Қазіргі уақытта адамдар ұштағышқа жақындамай-ақ компьютер экрандарында хабарламалар жаза алады.,хазіргі уақытта адамдар ұштағышқа жақындамай-ақ компьютер актерандарында хабарламалар жаза алады,қазіргі уақытта адамдар ұштағышқа жақындамай ақ компьютер экрандарында хабарламалар жаза алады,хазіргі уақытта адамдар ұштағышқа жақындамай ақ компьютер актерандарында хабарламалар жаза алады
1794,"Өркениет – бірге тұрып, бірге жұмыс істейтін қоғамдағы адамдардың айтарлықтай үлкен тобына қатысты ортақ мәдениет.",елкенет бірге тұрып бірге жұмыс істейтінін қоғамдарының адамдардың айтарлықтай үлкен тобына қатысты ортақ мәдениет,өркениет бірге тұрып бірге жұмыс істейтін қоғамдағы адамдардың айтарлықтай үлкен тобына қатысты ортақ мәдениет,елкенет бірге тұрып бірге жұмыс істейтінін қоғамдарының адамдардың айтарлықтай үлкен тобына қатысты ортақ мәдениет
1800,Бұл көпір 2017 жылдың қыркүйек айында толығымен жұмыс істейді деп жоспарланған. Бұл жылда бразилиялық кеден бекеттері аяқталады деп күтілуде.,бұл көпір екі мүмін жетінші жылдың қыркүйек айында толығымын жұмыс істейт деп жүспарланған бұл жылда бразилиялық кедем бекеттері аяқталады деп күтілуде,бұл көпір 2017 жылдың қыркүйек айында толығымен жұмыс істейді деп жоспарланған бұл жылда бразилиялық кеден бекеттері аяқталады деп күтілуде,бұл көпір екі мүмін жетінші жылдың қыркүйек айында толығымын жұмыс істейт деп жүспарланған бұл жылда бразилиялық кедем бекеттері аяқталады деп күтілуде
1794,"Өркениет – бірге тұрып, бірге жұмыс істейтін қоғамдағы адамдардың айтарлықтай үлкен тобына қатысты ортақ мәдениет.",көркен ет бірге тұрып бірге жұмыс тетін қоғамдағы адамдардың айтарлықтай үлкен тобына қатысты ортақ мәдениет,өркениет бірге тұрып бірге жұмыс істейтін қоғамдағы адамдардың айтарлықтай үлкен тобына қатысты ортақ мәдениет,көркен ет бірге тұрып бірге жұмыс тетін қоғамдағы адамдардың айтарлықтай үлкен тобына қатысты ортақ мәдениет
1776,"Бір түн ішінде 150-ден 200-ге дейін көшірмелер жасалып, олар қазір «Dunlap broadsides» ретінде белгілі.",бір түн үшінде жүзгелуден екі жүзге дейін көшірмелер жасалып олар қасыр дунлабродсайд сүретінде белгілі,бір түн ішінде 150 ден 200 ге дейін көшірмелер жасалып олар қазір dunlap broadsides ретінде белгілі,бір түн үшінде жүзгелуден екі жүзге дейін көшірмелер жасалып олар қасыр дунлабродсайд сүретінде белгілі
1837,Реконструкция әрекеттерін либералдық сынау реконструкция келісімшарттарын солай деп саналатын Вашингтон инсайдерлеріне беруге баса көңіл бөлді.,реконструкция әрекеттерін либералдық сынау реконструкция келісім шарттарын солай деп саналатын вашингтон инсайдерлеріне беруге баса көңіл бөлді,реконструкция әрекеттерін либералдық сынау реконструкция келісімшарттарын солай деп саналатын вашингтон инсайдерлеріне беруге баса көңіл бөлді,реконструкция әрекеттерін либералдық сынау реконструкция келісім шарттарын солай деп саналатын вашингтон инсайдерлеріне беруге баса көңіл бөлді
1721,"1963 жылы тоған салынғаннан кейін, тасындылардың жайылуына себеп болатын маусымдық су тасқыны тоқтатылды.",1963 жылы доған салынғаннан кейін тасындылардың жайылуына себеп болатын маусымдық су тасқыны тоқтатылды.,1963 жылы тоған салынғаннан кейін тасындылардың жайылуына себеп болатын маусымдық су тасқыны тоқтатылды,1963 жылы доған салынғаннан кейін тасындылардың жайылуына себеп болатын маусымдық су тасқыны тоқтатылды
1732,"Оқиғалар Еуропа тарихындағы 11, 12 және 13 ғасырларды қамтитын орта ғасырлардың ортаңғы кезеңінде (б.з. 1000-1300 жылдар) орын алған.",оқиғалар еуропа тарихындағы он бір он екі және онүшінші ғасырларды қамтитын орта ғасырлардың ортаңғы кезеңінде біздің заманымыздың мыңінші мың үш жүзінші жылдары орын алған,оқиғалар еуропа тарихындағы 11 12 және 13 ғасырларды қамтитын орта ғасырлардың ортаңғы кезеңінде б з 1000 1300 жылдар орын алған,оқиғалар еуропа тарихындағы он бір он екі және онүшінші ғасырларды қамтитын орта ғасырлардың ортаңғы кезеңінде біздің заманымыздың мыңінші мың үш жүзінші жылдары орын алған
1998,"Олардың қабыршақтары мен тырнақтары бар аяқтары бар, олар жұмыртқалайды және олар тиранозавр сияқты екі артқы аяғында жүреді.",олардың қабыршақтары мен тырнақтары бар аяқтары бар олар жұмырт қалайды және олар терліна зағыр сияқты екі артқы аяғында жүреді,олардың қабыршақтары мен тырнақтары бар аяқтары бар олар жұмыртқалайды және олар тиранозавр сияқты екі артқы аяғында жүреді,олардың қабыршақтары мен тырнақтары бар аяқтары бар олар жұмырт қалайды және олар терліна зағыр сияқты екі артқы аяғында жүреді
1683,"Мұнда осы уақытқа дейін осында өмір сүрген көптеген ерлер мен әйелдер, сондай-ақ жақындары қаза болған немесе соңғы демі қалғанша қызмет еткен еврей, еврей емес тірі адамдар көп.",мұнда осы уақытқа дейін осындау өмір сүрген көп деген ерлер мен әйелдер сондай-ақ жақындары қаза болған немесе соңғы деймі қалғанша қызмет еткен еврей еврей емес тірі адамдар көп,мұнда осы уақытқа дейін осында өмір сүрген көптеген ерлер мен әйелдер сондай ақ жақындары қаза болған немесе соңғы демі қалғанша қызмет еткен еврей еврей емес тірі адамдар көп,мұнда осы уақытқа дейін осындау өмір сүрген көп деген ерлер мен әйелдер сондай ақ жақындары қаза болған немесе соңғы деймі қалғанша қызмет еткен еврей еврей емес тірі адамдар көп
1950,Солтүстікке қарай және жақын арада Синтра деген романтикалық және еліктіретін қаласы орналасқан және ол Лорд Байрон оның ғажайыптарын қызық әңгімелегеннен кейін шетелдіктерге әйгілі болды.,солтүстікке қарай және жақын арада синтра деген романтикалық және еліктіретін қаласы орналасқан және ол лорд байрон оның қажайыптарын қызық әңгімелегеннен кейін шетелдіктерге әйгілі болды,солтүстікке қарай және жақын арада синтра деген романтикалық және еліктіретін қаласы орналасқан және ол лорд байрон оның ғажайыптарын қызық әңгімелегеннен кейін шетелдіктерге әйгілі болды,солтүстікке қарай және жақын арада синтра деген романтикалық және еліктіретін қаласы орналасқан және ол лорд байрон оның қажайыптарын қызық әңгімелегеннен кейін шетелдіктерге әйгілі болды
1991,Еуропалық тарихтың осы кезеңінде бай және қуатты болған католик шіркеуі қатаң бақылауға алынды.,Еуропалық тарихтың осы кезеңінде бай және қуатты болған католик шіркеуі қатан бақылауға алынды.,еуропалық тарихтың осы кезеңінде бай және қуатты болған католик шіркеуі қатаң бақылауға алынды,еуропалық тарихтың осы кезеңінде бай және қуатты болған католик шіркеуі қатан бақылауға алынды
1670,"""Олардың температуралық сипаттамалары жер бетіндегі тұрақты температураны сақтайтын үлкен үңгірлер сияқты тұрақты емес, бірақ бұл олардың жердегі терең үңгірлерге сәйкес келеді"", - деді Глен Кушинг, АҚШ геологиялық қызметі (USGS) астрогеология тобы және Аризона штатының Флагстафф қаласында орналасқан Солтүстік Аризона университетінің мүшесі Глен Кушинг.",олардың температуралық сипаттамалары жер бетіндегі тұрақты температураны сақтайтын үлкен үңгірлер сияқты тұрақты емес бірақ бұл олардың жердегі терең үңгірлерге сәйкес келеді деді гленн кушинг ақыш геологиялық қызметі юс гс астрология тобы және аризона штатының флагстафф қаласында орналасқан солтүстік аризона университетінің мүшесі гленн кушинг,олардың температуралық сипаттамалары жер бетіндегі тұрақты температураны сақтайтын үлкен үңгірлер сияқты тұрақты емес бірақ бұл олардың жердегі терең үңгірлерге сәйкес келеді деді глен кушинг ақш геологиялық қызметі usgs астрогеология тобы және аризона штатының флагстафф қаласында орналасқан солтүстік аризона университетінің мүшесі глен кушинг,олардың температуралық сипаттамалары жер бетіндегі тұрақты температураны сақтайтын үлкен үңгірлер сияқты тұрақты емес бірақ бұл олардың жердегі терең үңгірлерге сәйкес келеді деді гленн кушинг ақыш геологиялық қызметі юс гс астрология тобы және аризона штатының флагстафф қаласында орналасқан солтүстік аризона университетінің мүшесі гленн кушинг
1707,Ол Оңтүстік Африканың негізгі көрнекі жерлерінің бірі болып табылады және Оңтүстік Африка ұлттық парктерінің (SANParks) жетекшісі болып есептеледі.,ол оңтүстік африканың негізгі көрінекі жерлерінің бірі болып табылады және оңтүстік африка ұлттық парктерінің сан паркс жетекшісі болып есептеледі,ол оңтүстік африканың негізгі көрнекі жерлерінің бірі болып табылады және оңтүстік африка ұлттық парктерінің sanparks жетекшісі болып есептеледі,ол оңтүстік африканың негізгі көрінекі жерлерінің бірі болып табылады және оңтүстік африка ұлттық парктерінің сан паркс жетекшісі болып есептеледі
1891,"Лакша Сингх ""чхаппан бхог"" (елу алты дегенді білдіреді) өлеңін ұсынды. Ол әнді әнші Раджу Ханделвалмен бірге орындады.",лакша синг шығаппен бұқық елу алты дегенді білдіреді өлеңін ұсынады ол әнді әнші раджу хандельвальмен бірге орындады,лакша сингх чхаппан бхог елу алты дегенді білдіреді өлеңін ұсынды ол әнді әнші раджу ханделвалмен бірге орындады,лакша синг шығаппен бұқық елу алты дегенді білдіреді өлеңін ұсынады ол әнді әнші раджу хандельвальмен бірге орындады
1688,"Теңіз әскери күштерінің жұмысы дәстүр бойынша елдің адамдарды және тауарларды жылжыту қабілетін сақтау, сонымен бірге жаудың өз адамдары мен тауарларын жылжыту қабілетіне кедергі жасау болатын.",теңіз әскери күштерінің жұмысы дәстүр бойынша елдің адамдарды және тауарларды жылжыту қабілетін сақтау сонымен бірге жаудың өз адамдары мен тауарларын жылжыту қабілетіне кедергі жасау болатын,теңіз әскери күштерінің жұмысы дәстүр бойынша елдің адамдарды және тауарларды жылжыту қабілетін сақтау сонымен бірге жаудың өз адамдары мен тауарларын жылжыту қабілетіне кедергі жасау болатын,теңіз әскери күштерінің жұмысы дәстүр бойынша елдің адамдарды және тауарларды жылжыту қабілетін сақтау сонымен бірге жаудың өз адамдары мен тауарларын жылжыту қабілетіне кедергі жасау болатын
1887,"Лиггинс ауруханада жұмыс істей бастағанда, бос уақытында мерзімінен бұрын босануды зерттей бастады.",лигендс ауруханада жұмыс істей бастаған бос уақытында мерзімінен бұрын бос ауында әзертей бастады,лиггинс ауруханада жұмыс істей бастағанда бос уақытында мерзімінен бұрын босануды зерттей бастады,лигендс ауруханада жұмыс істей бастаған бос уақытында мерзімінен бұрын бос ауында әзертей бастады
1930,"Алты тұтқын, соның ішінде балалар және қариялар, сонымен бірге филиппиндік фотографтар ерте жіберілді.",алты тұтқын соның ішінде балалар және қариялар сонымен бірге пелфиндік фотографтар ерте жіберілді,алты тұтқын соның ішінде балалар және қариялар сонымен бірге филиппиндік фотографтар ерте жіберілді,алты тұтқын соның ішінде балалар және қариялар сонымен бірге пелфиндік фотографтар ерте жіберілді
1703,Мартелли кеше тоғыз мүшеден тұратын жаңа уақытша сайлау кеңесінің (CEP) алдында ант берді.,мартелия кеше тоғыс мүшеден тұратын жаңа уақытша сайлау кенесінің сеп алында аныт берді,мартелли кеше тоғыз мүшеден тұратын жаңа уақытша сайлау кеңесінің cep алдында ант берді,мартелия кеше тоғыс мүшеден тұратын жаңа уақытша сайлау кенесінің сеп алында аныт берді
2002,Бұл ойыншыларға бейне ойындардағы әрекеттер мен қозғалыстарды құрылғыны ауада қозғалту арқылы басқаруға мүмкіндік береді.,бұл ойыншыларға бейне ойындардағы әрекеттер мен қозғалыстарды құрылғыны ауада қозғалту арқылы басқаруға мүмкіндік береді,бұл ойыншыларға бейне ойындардағы әрекеттер мен қозғалыстарды құрылғыны ауада қозғалту арқылы басқаруға мүмкіндік береді,бұл ойыншыларға бейне ойындардағы әрекеттер мен қозғалыстарды құрылғыны ауада қозғалту арқылы басқаруға мүмкіндік береді
2009,"Ең оңай қол жеткізуге болаты өсімдік ресурстарына жапырақтар мен бұршақтарда қолжетімді ақуыздар болды, бірақ әзірлемесе, олар біз сияқты приматтар үшін қорытуға қиын.",ең оңай қол жеткізуге болаты өсімдік ресурстарына жапырақтар мен бұршақтарда қол жетінді ақуыздар болды бірақ әзірлемесе олар біз сияқты приматтар үшін қортуға қиын,ең оңай қол жеткізуге болаты өсімдік ресурстарына жапырақтар мен бұршақтарда қолжетімді ақуыздар болды бірақ әзірлемесе олар біз сияқты приматтар үшін қорытуға қиын,ең оңай қол жеткізуге болаты өсімдік ресурстарына жапырақтар мен бұршақтарда қол жетінді ақуыздар болды бірақ әзірлемесе олар біз сияқты приматтар үшін қортуға қиын
1905,"Молдованың астанасы — Кишинев. Жергілікті тілі — румын тілі, бірақ орыс тілі кеңінен пайдаланылады.","Молдова-ның астанасы Кешенев жергілікті тілі, румын тілі, бірақ орыс тілі кеңінен пайдаланылады.",молдованың астанасы кишинев жергілікті тілі румын тілі бірақ орыс тілі кеңінен пайдаланылады,молдова ның астанасы кешенев жергілікті тілі румын тілі бірақ орыс тілі кеңінен пайдаланылады
1680,"Жақсы атлет жолбарыс өрмелей (бірақ жақсы емес), жүзе, үлкен қашықтықтарға секіре және күшті адамнан бес есе көбірек күшпен тартыла алады.",жақсы атлет жолбарыс өрмелей бірақ жақсы емес жүзде үлкен қашықтырға секіре және күшті адамнан бес есе көбірек күшпен тартыла алады,жақсы атлет жолбарыс өрмелей бірақ жақсы емес жүзе үлкен қашықтықтарға секіре және күшті адамнан бес есе көбірек күшпен тартыла алады,жақсы атлет жолбарыс өрмелей бірақ жақсы емес жүзде үлкен қашықтырға секіре және күшті адамнан бес есе көбірек күшпен тартыла алады
1679,Aerosmith турында қалған концерттерінен бас тартты.,айра смит турында қалған концерттерінен бас тартты,aerosmith турында қалған концерттерінен бас тартты,айра смит турында қалған концерттерінен бас тартты
1823,«Жол қозғалысының ағыны» – жеке жүргізушілердің және көліктердің екі нүкте арасындағы қозғалысын және олардың бір бірімен өзара әрекеттесулерін зерттеу.,жол қозғалысының ағыны жеке жүргізушілердің және көліктердің екі нүкте арасындағы қозғалысын және олардың бір-бірімен өзара әрекеттесулерін зерттеу,жол қозғалысының ағыны жеке жүргізушілердің және көліктердің екі нүкте арасындағы қозғалысын және олардың бір бірімен өзара әрекеттесулерін зерттеу,жол қозғалысының ағыны жеке жүргізушілердің және көліктердің екі нүкте арасындағы қозғалысын және олардың бір бірімен өзара әрекеттесулерін зерттеу
2005,Бірақ құстарда динозаврдікіне ұқсайтын көп нәрселер әлі де бар.,бірақ құстарда динозавюрды кіне ұқысайтын көп нәрселері әлі де бар,бірақ құстарда динозаврдікіне ұқсайтын көп нәрселер әлі де бар,бірақ құстарда динозавюрды кіне ұқысайтын көп нәрселері әлі де бар
1780,"Кундалини йога көмегімен Кундалини энергиясы (ағарту энергиясы) йога позалары, тыныс алу жаттығулары мантра және визуализация арқылы оянады.",кундалини йога көмегімен кундалини энергиясы ағырту энергиясы йога позалары тынысалу жаттығулары мантра және визуализация арқылы оянады,кундалини йога көмегімен кундалини энергиясы ағарту энергиясы йога позалары тыныс алу жаттығулары мантра және визуализация арқылы оянады,кундалини йога көмегімен кундалини энергиясы ағырту энергиясы йога позалары тынысалу жаттығулары мантра және визуализация арқылы оянады
1926,"Аристотельдің ғылымның барлық мәселелеріне, оның ішінде психологияға көзқарасы қабылданды.",аристотельдің ғылымының барлық мәселелеріне оның ішінде психологияға көзқарасы қабылданды,аристотельдің ғылымның барлық мәселелеріне оның ішінде психологияға көзқарасы қабылданды,аристотельдің ғылымының барлық мәселелеріне оның ішінде психологияға көзқарасы қабылданды
1996,Австралиялық Митчелл Горли ерлердің тұрып тұратын Super-G жарысында он бірінші болып мәреге жетті. Чех бәсекелес Олдрич Джелинек ерлердің отыратын Super-G жарысында он алтыншы болып мәреге жетті.,австралиялық митчел горли ерлердің тұрып тұратын супер-жи жарысында он бірінші болып мәреге жетті чех бәсекелес олдрич жилинек ерлердің отыратын супер-жи жарысында он алтыншы болып мәреге жетті,австралиялық митчелл горли ерлердің тұрып тұратын super g жарысында он бірінші болып мәреге жетті чех бәсекелес олдрич джелинек ерлердің отыратын super g жарысында он алтыншы болып мәреге жетті,австралиялық митчел горли ерлердің тұрып тұратын супер жи жарысында он бірінші болып мәреге жетті чех бәсекелес олдрич жилинек ерлердің отыратын супер жи жарысында он алтыншы болып мәреге жетті
1865,Санкт-Петербургтегі круиздерге қаладағы уақыт кіреді. Круиз жолаушылары виза режиміндегі талаптардан азат етілген (талаптарды көріп шығыңыз).,санкт-петербургтегі күрюиздерге қаладағы уақыт кіреді күрюз жолаушылары виза режиміндегі талаптардан азат етілген талаптарды көріп шығыңыз,санкт петербургтегі круиздерге қаладағы уақыт кіреді круиз жолаушылары виза режиміндегі талаптардан азат етілген талаптарды көріп шығыңыз,санкт петербургтегі күрюиздерге қаладағы уақыт кіреді күрюз жолаушылары виза режиміндегі талаптардан азат етілген талаптарды көріп шығыңыз
1791,Құрылыс орындарын граффити сызу арқылы бүлдірмеңіз.,күрліс орындарын граффити сызу арқылы бүлдірмейіңіз,құрылыс орындарын граффити сызу арқылы бүлдірмеңіз,күрліс орындарын граффити сызу арқылы бүлдірмейіңіз
1709,Бұл есеп жетекшінің Иракқа қатысты ағымдағы саясатының әрбір аспектісін қатты сынайды және бағытты дереу өзгертуге шақырады.,бұл есеп жетекшінің ираққа қатысты ағымдағы саясатының әрбір аспектін қатты сынайды және бағытты дереу өзгертуге шақырады,бұл есеп жетекшінің иракқа қатысты ағымдағы саясатының әрбір аспектісін қатты сынайды және бағытты дереу өзгертуге шақырады,бұл есеп жетекшінің ираққа қатысты ағымдағы саясатының әрбір аспектін қатты сынайды және бағытты дереу өзгертуге шақырады
1734,Ғалымдар қара материя басқа қара материяға қарапайым материя сияқты әсер етеді деп тұжырымдай алды.,галымдар қара материя басқа қара материяғы қара пайым материя сияқты әсер етеді деп тұжырымдай алды,ғалымдар қара материя басқа қара материяға қарапайым материя сияқты әсер етеді деп тұжырымдай алды,галымдар қара материя басқа қара материяғы қара пайым материя сияқты әсер етеді деп тұжырымдай алды
1836,"Адамдар ежелден алтын, күміс және мыс сияқты негізгі химиялық элементтер туралы білді, өйткені олардың барлығын табиғатта табиғи түрде табуға болады және қарапайым құралдармен өндіру салыстырмалы түрде оңай.",адамдар ешелден алтын күміс және мыс сияқты негізгі химиялық элементтер туралы білді өйткені олардың барлығын табиғатта табиғи түрде табуға болады және қарапайым құралдарымен өндіру салыстырмалы түрде оңай,адамдар ежелден алтын күміс және мыс сияқты негізгі химиялық элементтер туралы білді өйткені олардың барлығын табиғатта табиғи түрде табуға болады және қарапайым құралдармен өндіру салыстырмалы түрде оңай,адамдар ешелден алтын күміс және мыс сияқты негізгі химиялық элементтер туралы білді өйткені олардың барлығын табиғатта табиғи түрде табуға болады және қарапайым құралдарымен өндіру салыстырмалы түрде оңай
1752,"Нәтижесінде балықтың екі түрі жойылып кетті, ал қалған екеуіне жойылып кету қаупі төнді, оның ішінде бүкір балық та бар.",нәтижесінде балықтың екі түрі жойылып кетті ал қалған екеуіне жойылып кету қауіп төнді оның ішінде бүкір балық та бар,нәтижесінде балықтың екі түрі жойылып кетті ал қалған екеуіне жойылып кету қаупі төнді оның ішінде бүкір балық та бар,нәтижесінде балықтың екі түрі жойылып кетті ал қалған екеуіне жойылып кету қауіп төнді оның ішінде бүкір балық та бар
1712,1966 жылдан бері Сундарбан жабайы жануарлар қорығы болған. Есептеулер бойынша қазіргі уақыта бұл аумақта 400 корольдік бенгал жолбарысы және шамамен 30 000 дақты бұғы бар.,мың тоғыз жүз алпыз алтыншы жылдан бері суңдарбан жабайы жануарлар қорғы болған есептеулер бойынша қазіргі уақытта бұл аумақта төрт жүз корольлық бенгал жолбарысы және шама мен отыз мың дақты бұғы бар,1966 жылдан бері сундарбан жабайы жануарлар қорығы болған есептеулер бойынша қазіргі уақыта бұл аумақта 400 корольдік бенгал жолбарысы және шамамен 30 000 дақты бұғы бар,мың тоғыз жүз алпыз алтыншы жылдан бері суңдарбан жабайы жануарлар қорғы болған есептеулер бойынша қазіргі уақытта бұл аумақта төрт жүз корольлық бенгал жолбарысы және шама мен отыз мың дақты бұғы бар
1942,Біз үйлерімізді өсімдіктерден жасаймыз және киімдерді өсімдіктерден жасаймыз. Біз жейтін тамақтардың көпшілігі өсімдіктер болып табылады. Өсімдіктерсіз жануарлар тірі қалмайтын еді.,"Біз үйлерімізді өсімдіктерден жасаймыз, және кейімдерді өсімдіктерден жасаймыз. Біз жейтін тамақтардың көпшілігі өсімдіктер болып табылады. Өсімдіктерсіз жануарлар тірі қалмайтын еді.",біз үйлерімізді өсімдіктерден жасаймыз және киімдерді өсімдіктерден жасаймыз біз жейтін тамақтардың көпшілігі өсімдіктер болып табылады өсімдіктерсіз жануарлар тірі қалмайтын еді,біз үйлерімізді өсімдіктерден жасаймыз және кейімдерді өсімдіктерден жасаймыз біз жейтін тамақтардың көпшілігі өсімдіктер болып табылады өсімдіктерсіз жануарлар тірі қалмайтын еді
2005,Бірақ құстарда динозаврдікіне ұқсайтын көп нәрселер әлі де бар.,бірақ құстарда динозавыр дікіне ұқсайтын көп нәрселер әлі де бар,бірақ құстарда динозаврдікіне ұқсайтын көп нәрселер әлі де бар,бірақ құстарда динозавыр дікіне ұқсайтын көп нәрселер әлі де бар
1682,"Оны кім жазғанын ешкім дәл білмегенімен, өмірінің басында үлкен пергамент құжат (оның өлшемі: 29¾ дюйм х 24½ дюйм) сақтау үшін оралғаны белгілі.",оны кім жазғанын ешкім дәл білмегенімен өмірінің басында үлкен фергамент құжат оның өлшемі жиырма тоғыз бүтін төрттен үш дүйім көбетілген жиырма төрт бүтін екіден бір дүйім сақтау үшін оралғаны белгілі,оны кім жазғанын ешкім дәл білмегенімен өмірінің басында үлкен пергамент құжат оның өлшемі 293 4 дюйм х 241 2 дюйм сақтау үшін оралғаны белгілі,оны кім жазғанын ешкім дәл білмегенімен өмірінің басында үлкен фергамент құжат оның өлшемі жиырма тоғыз бүтін төрттен үш дүйім көбетілген жиырма төрт бүтін екіден бір дүйім сақтау үшін оралғаны белгілі
1726,Далаға сапарлар кез келген сынып бөлмесінің үлкен бөлігі болып табылады. Мұғалім оқушыларды автобуспен бару мүмкін емес жерлерге апарғысы келетіні айтарлықтай жиі боалды.,Далаға сапарлар кез келген сынып бөлмесінің үлкен бөлігі болып табылады. Мұғалім оқушыларды автобус пен бару мүмкін емес жерлерге апарғысы келетін айтарлықтай жиі болады.,далаға сапарлар кез келген сынып бөлмесінің үлкен бөлігі болып табылады мұғалім оқушыларды автобуспен бару мүмкін емес жерлерге апарғысы келетіні айтарлықтай жиі боалды,далаға сапарлар кез келген сынып бөлмесінің үлкен бөлігі болып табылады мұғалім оқушыларды автобус пен бару мүмкін емес жерлерге апарғысы келетін айтарлықтай жиі болады
1893,"Сундарбандар - әлемдегі ең үлкен жағалаудағы мангр тоғайының белдеуі, жағалаудан Бангладеш пен Үндістанның ішкі аудандарына дейін 80 км (50 миль) созылып жатыр.",сундарбандар әлемдегі ең үлкен жағалаудағы маңғырт оғайының белдеуі жағалаудан банглодиш мен үндістанның ішкі аудандарына дейін сексен километр елу миль созылып жатыр,сундарбандар әлемдегі ең үлкен жағалаудағы мангр тоғайының белдеуі жағалаудан бангладеш пен үндістанның ішкі аудандарына дейін 80 км 50 миль созылып жатыр,сундарбандар әлемдегі ең үлкен жағалаудағы маңғырт оғайының белдеуі жағалаудан банглодиш мен үндістанның ішкі аудандарына дейін сексен километр елу миль созылып жатыр
1853,"Джанкарло Фисичелла көлігін басқаруды жоғалтып, жарысты старттан кейін көп ұзамай аяқтады.",жан-карло фисичелла көлігін басқаруды жоғалдып жарысты старттан кейін көп замай аяқтады,джанкарло фисичелла көлігін басқаруды жоғалтып жарысты старттан кейін көп ұзамай аяқтады,жан карло фисичелла көлігін басқаруды жоғалдып жарысты старттан кейін көп замай аяқтады
1951,"2002 жылы Гома қаласының көптеген көшелерін, әсіресе қала орталығындағы көшелері Нирагонго жанартауынан аққан лавамен жойылды.",екі мың екінші жылы гома қаласын көптеген көшелерін әсіресе қала орталығындағы көшелері нирагонға жанартауынан аққан лабамен жойылды,2002 жылы гома қаласының көптеген көшелерін әсіресе қала орталығындағы көшелері нирагонго жанартауынан аққан лавамен жойылды,екі мың екінші жылы гома қаласын көптеген көшелерін әсіресе қала орталығындағы көшелері нирагонға жанартауынан аққан лабамен жойылды
1885,"22:00-23: 00 аралығында (MDT), аулада тұрған сотталғандай өрт шығарды.",22 нөл нөл 23 нөл аралығында әмдетей аулада тұрған сотталғандай өрт шығарды.,22 00 23 00 аралығында mdt аулада тұрған сотталғандай өрт шығарды,22 нөл нөл 23 нөл аралығында әмдетей аулада тұрған сотталғандай өрт шығарды
1956,Тауарларды тасымалдау үшін кемелерді пайдалану әзірше адамдардың және тауарлардың үлкен мөлшерлерін мұхиттарда жылжытудың ең тиімді жолы болып табылады.,тауарларды тасымалдау үшін кемелерді пайдалану әзірше адамдардың және тауарлардың үлкен мөлшерлерін мұхиттарда жылысытудың ең тиімді жолып алып табылады,тауарларды тасымалдау үшін кемелерді пайдалану әзірше адамдардың және тауарлардың үлкен мөлшерлерін мұхиттарда жылжытудың ең тиімді жолы болып табылады,тауарларды тасымалдау үшін кемелерді пайдалану әзірше адамдардың және тауарлардың үлкен мөлшерлерін мұхиттарда жылысытудың ең тиімді жолып алып табылады
2001,"Саяхаттаушыларға өз аумағына әсер ететін ауыр ауа райының кез келген қаупі туралы хабардар болу туралы кеңес беріледі, өйткені олар барлық саяхаттау туралы жоспарларға әсер етуі мүмкін.",саяхаттаушыларға өз аумағына әсер ететін ауыр-ауар айының кез келген қаупі туралы хабардар болу туралы кеңес беріледі өткені олар барлық саяхаттау туралы жоспарларға әсер етуі мүмкін,саяхаттаушыларға өз аумағына әсер ететін ауыр ауа райының кез келген қаупі туралы хабардар болу туралы кеңес беріледі өйткені олар барлық саяхаттау туралы жоспарларға әсер етуі мүмкін,саяхаттаушыларға өз аумағына әсер ететін ауыр ауар айының кез келген қаупі туралы хабардар болу туралы кеңес беріледі өткені олар барлық саяхаттау туралы жоспарларға әсер етуі мүмкін
2002,Бұл ойыншыларға бейне ойындардағы әрекеттер мен қозғалыстарды құрылғыны ауада қозғалту арқылы басқаруға мүмкіндік береді.,бұл ойыншыларға бейне ойындардағы әрекеттер мен қозғалыстарды қырылғыны ауада қозғалту арқылы басқаруға мүмкіндік береді,бұл ойыншыларға бейне ойындардағы әрекеттер мен қозғалыстарды құрылғыны ауада қозғалту арқылы басқаруға мүмкіндік береді,бұл ойыншыларға бейне ойындардағы әрекеттер мен қозғалыстарды қырылғыны ауада қозғалту арқылы басқаруға мүмкіндік береді
1807,"Итальян тілі мемлекетте жұмыс істейтіндердің көпшілігі қолданатын күнделікті тілі, ал латын тілі діни рәсімдерде жиі қолданылады.",Италиян тілі мемлекетте жұмыс істейтіндердің көпшілігі қолданатын күнделікті тілі. Аллатын тілі діни рәсімдерде жүйе қолданылады.,итальян тілі мемлекетте жұмыс істейтіндердің көпшілігі қолданатын күнделікті тілі ал латын тілі діни рәсімдерде жиі қолданылады,италиян тілі мемлекетте жұмыс істейтіндердің көпшілігі қолданатын күнделікті тілі аллатын тілі діни рәсімдерде жүйе қолданылады
1826,"Апаттан соң Гибсон ауруханаға жеткізілді, бірақ аз уақыт өтпей қайтыс болды.","Аппаттан соң Гипсон ауруханаға жеткізілді, бірақ аз уақыт өтпей қайтыс болды.",апаттан соң гибсон ауруханаға жеткізілді бірақ аз уақыт өтпей қайтыс болды,аппаттан соң гипсон ауруханаға жеткізілді бірақ аз уақыт өтпей қайтыс болды
2006,"Кальций және калий сияқты элементтер металдар болып саналады. Әрине, күміс және алтын сияқты металдар да бар.",кальций және калий сияқты элементтер металдар болып саналады әрине күміз және алтын сияқты металдар да бар,кальций және калий сияқты элементтер металдар болып саналады әрине күміс және алтын сияқты металдар да бар,кальций және калий сияқты элементтер металдар болып саналады әрине күміз және алтын сияқты металдар да бар
1761,Кейінірек дәретханаға сұранған егде жастағы әйелдің орнын фотографтар алмастырды. Мендоза атып тасталынды.,"Кейін үрек, Даретханаға сұранған егде жастағы әйелдің орнын фотографтар алмастырды. Мендозы атып тасталынды.",кейінірек дәретханаға сұранған егде жастағы әйелдің орнын фотографтар алмастырды мендоза атып тасталынды,кейін үрек даретханаға сұранған егде жастағы әйелдің орнын фотографтар алмастырды мендозы атып тасталынды
1957,Ол сыбыстарды «саяси әңгімелер мен ақымақтық» деп есептеді.,ол сыбыстарды саяси әңгімелер мен ақмақтық деп есеп дейді,ол сыбыстарды саяси әңгімелер мен ақымақтық деп есептеді,ол сыбыстарды саяси әңгімелер мен ақмақтық деп есеп дейді
1997,Алайда туберкулезбен ауыратын адамдардың бүкіл тобындағы XDR-ТБ пайызы әлі де төмен болып көрінеді; Оңтүстік Африкада әрбір сәтте жалпы 330 000 адамның 6 мыңы ауру жұқтырады.,алайда туберкулезіпен ауыратын адамдардың бүкіл тобындағы х д р т б пайызы әлі де төмен болып көрінеді оңтүстік африкада әрбір сәтте жалпы үш жүз отыз мың адамның алты мыңы ауыру жоқтырады,алайда туберкулезбен ауыратын адамдардың бүкіл тобындағы xdr тб пайызы әлі де төмен болып көрінеді оңтүстік африкада әрбір сәтте жалпы 330 000 адамның 6 мыңы ауру жұқтырады,алайда туберкулезіпен ауыратын адамдардың бүкіл тобындағы х д р т б пайызы әлі де төмен болып көрінеді оңтүстік африкада әрбір сәтте жалпы үш жүз отыз мың адамның алты мыңы ауыру жоқтырады
2008,Балидегі күн тәртібіндегі басқа тақырыптарға әлемнің қалған ормандарын сақтау және дамушы елдерге азырақ ластайтын жолмен өсуіне көмектесу үшін технологияларды бөлісу кіреді.,валидегі күн тәртібіндегі басқа тақырыптарға әлемнің қалған ормандарын сақтау және дамушы елдерге азырақ ластайтын жолмен өсуіне көмектесу үшін технологияларды бөлісу кіреді,балидегі күн тәртібіндегі басқа тақырыптарға әлемнің қалған ормандарын сақтау және дамушы елдерге азырақ ластайтын жолмен өсуіне көмектесу үшін технологияларды бөлісу кіреді,валидегі күн тәртібіндегі басқа тақырыптарға әлемнің қалған ормандарын сақтау және дамушы елдерге азырақ ластайтын жолмен өсуіне көмектесу үшін технологияларды бөлісу кіреді
1690,"USOC ұйымының атлеттердің және клубтардың әрі олардың спорт түрлерінің мүдделеріне лицензиядан айыру орнына, ұйымымызда мағыналы өзгеріс жасау арқылы жақсырақ қызмет көрсетуге болатынымен келіседі.",юс о си ұйымының атлеттердің және клубтардың әрі олардың спорт түрлерінің мүдделеріне лицензиядан айыру орнына ұйымымызда мағыналы өзгеріші сау арқылы жақсырақ қызмет көрсетуге болатынымен келіседі,usoc ұйымының атлеттердің және клубтардың әрі олардың спорт түрлерінің мүдделеріне лицензиядан айыру орнына ұйымымызда мағыналы өзгеріс жасау арқылы жақсырақ қызмет көрсетуге болатынымен келіседі,юс о си ұйымының атлеттердің және клубтардың әрі олардың спорт түрлерінің мүдделеріне лицензиядан айыру орнына ұйымымызда мағыналы өзгеріші сау арқылы жақсырақ қызмет көрсетуге болатынымен келіседі
1850,"Бұл оған егер базалық станцияда екі радио болса, 802.1 a, 802.11b және 802.11g ережелерімен қайта үйлесімді болуға мүмкіндік береді.",бұл оған егер базалық станцияда екі радио болса сегі жүз екі бүтін оннан бір а сегі жүз екі бүтін он бір бі және сегі жүз екі бүтін он бір гі ережелерімен қайта үйлесімді болуға мүмкіндік береді,бұл оған егер базалық станцияда екі радио болса 802 1 a 802 11b және 802 11g ережелерімен қайта үйлесімді болуға мүмкіндік береді,бұл оған егер базалық станцияда екі радио болса сегі жүз екі бүтін оннан бір а сегі жүз екі бүтін он бір бі және сегі жүз екі бүтін он бір гі ережелерімен қайта үйлесімді болуға мүмкіндік береді
1995,"Виртуалдық дамытатын оқыту бағдарламалық құралға кірістірілген. Олар оқушының өз бетімен түсінуіне қиын болған болуы мүмкін процедуралар туралы сұрақтар қоюға, кеңестер беруге және түсіндіруге арналған.",виртуалдық дамытатын оқыту бағдарламалы құралға кірістірілген олар оқушының өз бетімен түсінуіне қиын болуы мүмкін процедуралар туралы сұрақтар қоюға кеңестер беруге және түсіндіруге арналған,виртуалдық дамытатын оқыту бағдарламалық құралға кірістірілген олар оқушының өз бетімен түсінуіне қиын болған болуы мүмкін процедуралар туралы сұрақтар қоюға кеңестер беруге және түсіндіруге арналған,виртуалдық дамытатын оқыту бағдарламалы құралға кірістірілген олар оқушының өз бетімен түсінуіне қиын болуы мүмкін процедуралар туралы сұрақтар қоюға кеңестер беруге және түсіндіруге арналған
1672,Матаның тым ыстық болуына жол бермеңіз (бұл қысқаруға немесе күюіне себеп болуы мүмкін).,матаның тым ыстық болуына жол бермеңіз бұл қысқаруға немесе күйеуіне себеп болуы мүмкін,матаның тым ыстық болуына жол бермеңіз бұл қысқаруға немесе күюіне себеп болуы мүмкін,матаның тым ыстық болуына жол бермеңіз бұл қысқаруға немесе күйеуіне себеп болуы мүмкін
1992,"«Сафари» терминінің кең таралған мағынасы Африканың таң қалдыратын жабайы табиғатын, әсіресе саваннаны көруге жер бетімен саяхаттауды білдіреді.",сафари терминінің кең таралға мағынасы африканың таң қалдыратын жабайы табиғатын әсіресе саваннаны көруге жер бетмен саяхаттауды білдіреді,сафари терминінің кең таралған мағынасы африканың таң қалдыратын жабайы табиғатын әсіресе саваннаны көруге жер бетімен саяхаттауды білдіреді,сафари терминінің кең таралға мағынасы африканың таң қалдыратын жабайы табиғатын әсіресе саваннаны көруге жер бетмен саяхаттауды білдіреді
1750,Сондай-ақ бұл ашу құстар қауырсындарының эволюциясына көрініс береді.,сондай-ақ бұл ашу құстар қауырсындарының эволюциясына көрініс береді,сондай ақ бұл ашу құстар қауырсындарының эволюциясына көрініс береді,сондай ақ бұл ашу құстар қауырсындарының эволюциясына көрініс береді
1738,Сондай-ақ ол суға кірген кез келген нәрсеге шабуылдайтын; тіпті тиранозавр сияқты алып динозавр да оған тең келмейтін.,сондай-ақ ол суға кірген кез келген нәрсеге шабуылдайтын тіпті тиранозавр сияқты алып динозаврда оған тең келмейтін,сондай ақ ол суға кірген кез келген нәрсеге шабуылдайтын тіпті тиранозавр сияқты алып динозавр да оған тең келмейтін,сондай ақ ол суға кірген кез келген нәрсеге шабуылдайтын тіпті тиранозавр сияқты алып динозаврда оған тең келмейтін
1995,"Виртуалдық дамытатын оқыту бағдарламалық құралға кірістірілген. Олар оқушының өз бетімен түсінуіне қиын болған болуы мүмкін процедуралар туралы сұрақтар қоюға, кеңестер беруге және түсіндіруге арналған.",виртуалдық дамытатын оқыту бақтарламалық құралға кірістірілген олар оқушының өз бетімен түсінуіне қиын болған болуы мүмкін процедуралар туралы сұрақтар қоюға кеңестер беруге және түсіндіруге арыналған,виртуалдық дамытатын оқыту бағдарламалық құралға кірістірілген олар оқушының өз бетімен түсінуіне қиын болған болуы мүмкін процедуралар туралы сұрақтар қоюға кеңестер беруге және түсіндіруге арналған,виртуалдық дамытатын оқыту бақтарламалық құралға кірістірілген олар оқушының өз бетімен түсінуіне қиын болған болуы мүмкін процедуралар туралы сұрақтар қоюға кеңестер беруге және түсіндіруге арыналған
1884,Атап айтқанда адамның бетіндегі микро өзгерістерді түсіндіру арқылы оның өтірік айтуын анықтауға болады.,"Атап айтқанда, адамның бетіндегі микроөзгерістерді түсіндіру арқылы оның өтірі ғайтуын анықтауға болады.",атап айтқанда адамның бетіндегі микро өзгерістерді түсіндіру арқылы оның өтірік айтуын анықтауға болады,атап айтқанда адамның бетіндегі микроөзгерістерді түсіндіру арқылы оның өтірі ғайтуын анықтауға болады
1759,"29 жасар д-р Малар Баласубраманиан, Цинциннатиден шамамен 15 миля солтүстікке қарай орналасқан Огайо, Блю Эште табылды. Ол жолдың бойында жерде футболкада және ішкиімде жатты. Ол көп дәрі ішкен күйде болып көрінді.",жиғым атығы жасар драмалар баласуврама ниян цинциниатидиден шамамен он бес мили солтүстікке қарай орналасқан агвая бүліэш де табылды ол жолдың бойында жерде футболката және ішкейімде жатты ол көп дәрі ішкен күйде болып көрінді,29 жасар д р малар баласубраманиан цинциннатиден шамамен 15 миля солтүстікке қарай орналасқан огайо блю эште табылды ол жолдың бойында жерде футболкада және ішкиімде жатты ол көп дәрі ішкен күйде болып көрінді,жиғым атығы жасар драмалар баласуврама ниян цинциниатидиден шамамен он бес мили солтүстікке қарай орналасқан агвая бүліэш де табылды ол жолдың бойында жерде футболката және ішкейімде жатты ол көп дәрі ішкен күйде болып көрінді
1755,Бір бомба генерал-губернатор кеңсесінің сыртында жарылды.,бір бомба генерал-губернатор кеңісесінің сыртында жарылды,бір бомба генерал губернатор кеңсесінің сыртында жарылды,бір бомба генерал губернатор кеңісесінің сыртында жарылды
1874,"Кейбір адамдар оныкі дұрыс деп ойлады, бірақ көп адам қарама-қарсы нәрсеге сенді; күн жүйесі, соның ішінде күн (және тіпті басқа жұлдыздар) жерді айналды деп ойлады.",кейбір адамдар оныкі дұрыс деп ойлады бірақ көп адам қарамағарысы нәрсе кесенді күн жиесі соның ішінде күн және тіпті басқа жұлдыздар жерді айналды деп ойлады,кейбір адамдар оныкі дұрыс деп ойлады бірақ көп адам қарама қарсы нәрсеге сенді күн жүйесі соның ішінде күн және тіпті басқа жұлдыздар жерді айналды деп ойлады,кейбір адамдар оныкі дұрыс деп ойлады бірақ көп адам қарамағарысы нәрсе кесенді күн жиесі соның ішінде күн және тіпті басқа жұлдыздар жерді айналды деп ойлады
1913,"Жолбарыстың ақыруы арыстанның бар күшімен ақыруына ұқсамайды, ол ақырып қатты айтқан сөздерге көбірек ұқсайды.",Жолбарыстың ақыруы Арыстанның бар күшімен ақыруына ұқсамайды. Ол ақырып қатты айтқан сөздерге көбірек ұқсайды.,жолбарыстың ақыруы арыстанның бар күшімен ақыруына ұқсамайды ол ақырып қатты айтқан сөздерге көбірек ұқсайды,жолбарыстың ақыруы арыстанның бар күшімен ақыруына ұқсамайды ол ақырып қатты айтқан сөздерге көбірек ұқсайды
1881,Виртуалды түрде экскурсияны көрсету де экскурсия туралы пікір жинау және келешек сабақтарда тәжірибемен алмасу үшін керемет мүмкіндік.,виртуалды түрде экскурсияны көрсету де экскурсия туралы пікір джинау және келешек сабақтарда тәжірибемен алмасу үшін керемет мүмкіндік,виртуалды түрде экскурсияны көрсету де экскурсия туралы пікір жинау және келешек сабақтарда тәжірибемен алмасу үшін керемет мүмкіндік,виртуалды түрде экскурсияны көрсету де экскурсия туралы пікір джинау және келешек сабақтарда тәжірибемен алмасу үшін керемет мүмкіндік
1665,Жылыстаған мәліметтерге сәйкес құжат 1967 жылғы Таяу Шығыс соғысына дейінгі шекаралары негізінде Палестина қалайтын шекаралар дауына қатысты болады.,Жылыстаған мәліметтерге сәйкес құжат 1965 жылғы Таяу шығыс соғысына дейінгі шекаралары негізінен Палестина қалайтын шекаралар дауына қатысты болады.,жылыстаған мәліметтерге сәйкес құжат 1967 жылғы таяу шығыс соғысына дейінгі шекаралары негізінде палестина қалайтын шекаралар дауына қатысты болады,жылыстаған мәліметтерге сәйкес құжат 1965 жылғы таяу шығыс соғысына дейінгі шекаралары негізінен палестина қалайтын шекаралар дауына қатысты болады
1897,"Аймақ солтүстігінде Сахельмен шекаралас, ал оңтүстігі мен батысында Атлант мұхитымен шектеседі.",айманқ солтүстігінде сахелімен шекаралас ал оңтүстігімен батысында атлант мұхитімен шектеседі,аймақ солтүстігінде сахельмен шекаралас ал оңтүстігі мен батысында атлант мұхитымен шектеседі,айманқ солтүстігінде сахелімен шекаралас ал оңтүстігімен батысында атлант мұхитімен шектеседі
1859,Орта ғасырлардың соңына қарай Батыс Еуропа өз стилін дамыта бастады. Бұл уақыттағы кірескерлердің нәтижесіндегі ең үлкен дамуларының бірі болып адамдардың киімін жабу үшін түймелерді пайдалануы табылады.,"Орта ғасырлардың соңына қарай, батыз Еуропа өз стилін дамыта бастады. Бұл уақыттағы крескерлердің нәтижесіндегі ең үлкен дамуларының бірі болып, адамдардың киімін жабу үшін түймелерді пайдалануы табылады.",орта ғасырлардың соңына қарай батыс еуропа өз стилін дамыта бастады бұл уақыттағы кірескерлердің нәтижесіндегі ең үлкен дамуларының бірі болып адамдардың киімін жабу үшін түймелерді пайдалануы табылады,орта ғасырлардың соңына қарай батыз еуропа өз стилін дамыта бастады бұл уақыттағы крескерлердің нәтижесіндегі ең үлкен дамуларының бірі болып адамдардың киімін жабу үшін түймелерді пайдалануы табылады
1742,Гонконг аралы Гонконгтың аумағына өз атауын береді және көптеген туристер басты назар аударатын орын болып табылады.,Гонконг аралы Гонконгтың аумағы өз атауын берді. Және көптеген туристер басты назар аударатын орын болып табылады.,гонконг аралы гонконгтың аумағына өз атауын береді және көптеген туристер басты назар аударатын орын болып табылады,гонконг аралы гонконгтың аумағы өз атауын берді және көптеген туристер басты назар аударатын орын болып табылады
1676,"Барлық Оңтүстік Африка ұлттық саябақтарындағыдай, саябаққа кіруде экологиялық салым және кіру ақысы төленеді.",барлық оңтүстік африка ұлттық сайбақтарындағыдай сайбаққа кіруді экологиялық салым және кіру уақысы төленеді,барлық оңтүстік африка ұлттық саябақтарындағыдай саябаққа кіруде экологиялық салым және кіру ақысы төленеді,барлық оңтүстік африка ұлттық сайбақтарындағыдай сайбаққа кіруді экологиялық салым және кіру уақысы төленеді
1946,"Күшін жою ережелері әр түрлі болып келеді, бірақ наурыз айының ақырынан бастап коронавирустық негіздегі көптеген жою ережелері Олимпиада жоспарланған 2020 жылдың шілде айына дейін қолданылмайды.",күшін жою ережелері әртүрлі болып келеді бірақ наурыз айының ақырынан бастап коронавирустық негіздегі көптеген жою ережелері олимпиада жоспарланған екі мың жиырма жылдың шілде айына дейін қолданылмайды,күшін жою ережелері әр түрлі болып келеді бірақ наурыз айының ақырынан бастап коронавирустық негіздегі көптеген жою ережелері олимпиада жоспарланған 2020 жылдың шілде айына дейін қолданылмайды,күшін жою ережелері әртүрлі болып келеді бірақ наурыз айының ақырынан бастап коронавирустық негіздегі көптеген жою ережелері олимпиада жоспарланған екі мың жиырма жылдың шілде айына дейін қолданылмайды
1881,Виртуалды түрде экскурсияны көрсету де экскурсия туралы пікір жинау және келешек сабақтарда тәжірибемен алмасу үшін керемет мүмкіндік.,виртуалды түрде экскурсияны көрсету де экскурсия туралы пікір жинау және келешек сабақтарда тәжірибемен алмасу үшін керемен мүмкіндік,виртуалды түрде экскурсияны көрсету де экскурсия туралы пікір жинау және келешек сабақтарда тәжірибемен алмасу үшін керемет мүмкіндік,виртуалды түрде экскурсияны көрсету де экскурсия туралы пікір жинау және келешек сабақтарда тәжірибемен алмасу үшін керемен мүмкіндік
1833,Философия ғұламасы Аристотель әрбір заттың төрт элементтің біреуінен немесе бірнешесінен жасалған деген теория құрған.,философия құламасы аристотель әрбір заттың төрт элементтің біреуінен немесе бірнешесінен жасалған деген теория қорған,философия ғұламасы аристотель әрбір заттың төрт элементтің біреуінен немесе бірнешесінен жасалған деген теория құрған,философия құламасы аристотель әрбір заттың төрт элементтің біреуінен немесе бірнешесінен жасалған деген теория қорған
1795,"1988 жылдан бері сайлау жәшіктері мөлдір болуы керек, сонда дауыс берушілер мен бақылаушылар дауыс беру басталған кезде ешқандай хатқалталар жоқ екеніне және тиісті түрде есептелген және рұқсат етілген сайлаушылардың хатқалталарынан басқа хатқалталар қосылмағанына куәгер бола алады.",мың тоғыз жүз сексен сегінші шылдан бері сайлау жәшіктері мөлдір болуы керек сонда дауыс берушілер мен бақылаушылар дауыс беру басталған кезде ешқандай хатқалталары жоқ екеніне тиісті түрде есептелген және рұқсат етілген сайлаушылардың хатқалталарынан басқа хатқалталар қосылмағанына куәгер бола алады,1988 жылдан бері сайлау жәшіктері мөлдір болуы керек сонда дауыс берушілер мен бақылаушылар дауыс беру басталған кезде ешқандай хатқалталар жоқ екеніне және тиісті түрде есептелген және рұқсат етілген сайлаушылардың хатқалталарынан басқа хатқалталар қосылмағанына куәгер бола алады,мың тоғыз жүз сексен сегінші шылдан бері сайлау жәшіктері мөлдір болуы керек сонда дауыс берушілер мен бақылаушылар дауыс беру басталған кезде ешқандай хатқалталары жоқ екеніне тиісті түрде есептелген және рұқсат етілген сайлаушылардың хатқалталарынан басқа хатқалталар қосылмағанына куәгер бола алады
1866,"Біріншіден, шабандоздардың көпшілігі өкшесі және тегіс, айтарлықтай енсіз табаны бар салт жүріске арналған етікті киеді.",біріншіден шабандоздардың көпшілігі өкшесі және тегіс айтарлықта еңсіз табаны бар салып жүріске арналған етікті киеді,біріншіден шабандоздардың көпшілігі өкшесі және тегіс айтарлықтай енсіз табаны бар салт жүріске арналған етікті киеді,біріншіден шабандоздардың көпшілігі өкшесі және тегіс айтарлықта еңсіз табаны бар салып жүріске арналған етікті киеді
1702,Бар болғаны екі аптада американдықтар және еркін француз күштері оңтүстік Францияны босатты және Германияға қарай бұрылып жатты.,"Бар болғаны екі аптада американдықтар және еркін француз күштері ұңтүстік Францияны босатты, және Германияға қарай бұрылып жатты.",бар болғаны екі аптада американдықтар және еркін француз күштері оңтүстік францияны босатты және германияға қарай бұрылып жатты,бар болғаны екі аптада американдықтар және еркін француз күштері ұңтүстік францияны босатты және германияға қарай бұрылып жатты
1821,Ми патологиялары мен іс-қимыл арасындағы байланыс ғалымдарды олардың зерттеулерінде қолдайды.,ми патологиялары мен іс-қимыл арасындағы байланыс ғалымдарды олардың зерттеулерінде қолдай да,ми патологиялары мен іс қимыл арасындағы байланыс ғалымдарды олардың зерттеулерінде қолдайды,ми патологиялары мен іс қимыл арасындағы байланыс ғалымдарды олардың зерттеулерінде қолдай да
1763,"Дәл ай жерді тартып, судың көтерілуіне әкелетіндей, Құс жолы да Мерген галактикасына күш түсіреді.","Дәл ай жерді тартып, судың көтерілуіне әкелетінде, қыз жолыда Мерген Галактикасына күш түсіреді.",дәл ай жерді тартып судың көтерілуіне әкелетіндей құс жолы да мерген галактикасына күш түсіреді,дәл ай жерді тартып судың көтерілуіне әкелетінде қыз жолыда мерген галактикасына күш түсіреді
1742,Гонконг аралы Гонконгтың аумағына өз атауын береді және көптеген туристер басты назар аударатын орын болып табылады.,гонконг каралы гонконгтың аумағына өзі атауын береді және көптеген туристер басты назар аударатын орын болып табылады,гонконг аралы гонконгтың аумағына өз атауын береді және көптеген туристер басты назар аударатын орын болып табылады,гонконг каралы гонконгтың аумағына өзі атауын береді және көптеген туристер басты назар аударатын орын болып табылады
1990,"Сондай-ақ блогтар оқушылардың жазуын жақсартуға көмектеседі. Оқушылар блог тәжірибесін көбінесе немқұрайлы грамматикамен және емлемен бастағанымен, аудиторияның болуы әдетте бұл жағдайды өзгертеді.",Сондаяқ блоктар оқушылардың жазуын жақсартуға көмектеседі. Оқушылар блок тәжірбесін көбінесе немқұрайлы грамматикамен және емлемен бастағынмен аудиторияның болуы әдетте бұл жағдайды өзгертеді.,сондай ақ блогтар оқушылардың жазуын жақсартуға көмектеседі оқушылар блог тәжірибесін көбінесе немқұрайлы грамматикамен және емлемен бастағанымен аудиторияның болуы әдетте бұл жағдайды өзгертеді,сондаяқ блоктар оқушылардың жазуын жақсартуға көмектеседі оқушылар блок тәжірбесін көбінесе немқұрайлы грамматикамен және емлемен бастағынмен аудиторияның болуы әдетте бұл жағдайды өзгертеді
1694,"Балалар асырап алған ата-анаға көп себептермен беріледі: салақтық, қиянат ету және тіпті ақша талап ету.",балалар асырап алған ата-анаға көп себептермен беріледі салақтық қиянат ету және тіпті ақша талап ету,балалар асырап алған ата анаға көп себептермен беріледі салақтық қиянат ету және тіпті ақша талап ету,балалар асырап алған ата анаға көп себептермен беріледі салақтық қиянат ету және тіпті ақша талап ету
1841,"Жоғарыдағы ашық, әдемі аспаннан және көптеген қоршаған таулардан басқа ештеңе көрінбейді. Үңгір ішінен бұл дүниенің өте аз бөлігін көруге немесе естуге болады.","Жоғардағы ашық, әдемі аспаннан және көптеген қоршаған таулардан басқа ештеңе көрінбейді. Үңгір ішінен бұл дүниенің өте аз бөлігін көруге немеше естуге болады.",жоғарыдағы ашық әдемі аспаннан және көптеген қоршаған таулардан басқа ештеңе көрінбейді үңгір ішінен бұл дүниенің өте аз бөлігін көруге немесе естуге болады,жоғардағы ашық әдемі аспаннан және көптеген қоршаған таулардан басқа ештеңе көрінбейді үңгір ішінен бұл дүниенің өте аз бөлігін көруге немеше естуге болады
1879,"Жаңа бірдеңе пайда боғланда, пернетақта неге айналатыны туралы болжамдар жасауға ғана болады.",жаңа бірдеңе пайда бағыланда пернетақта неге айналатыны туралы болжамдар жасауға ғана болады,жаңа бірдеңе пайда боғланда пернетақта неге айналатыны туралы болжамдар жасауға ғана болады,жаңа бірдеңе пайда бағыланда пернетақта неге айналатыны туралы болжамдар жасауға ғана болады
1740,Пирамида дыбыс және жарық шоуы балаларға арналған аумақтағы ең қызық нәрселердің бірі болып табылады.,Пирамиды дыбыс және жарық шоуы балаларға арналған алмақтағы ең қызық нәрселердің бірі болып табылады.,пирамида дыбыс және жарық шоуы балаларға арналған аумақтағы ең қызық нәрселердің бірі болып табылады,пирамиды дыбыс және жарық шоуы балаларға арналған алмақтағы ең қызық нәрселердің бірі болып табылады
1736,Роландо Мендоза M16 мылтығымен туристтерге оқ жаудырды.,роланда мендоза м-16 мылтығымен туристерге оқ жаудырды,роландо мендоза m16 мылтығымен туристтерге оқ жаудырды,роланда мендоза м 16 мылтығымен туристерге оқ жаудырды
1847,Оны Сингапур премьер-министрінің орынбасары Вонг Кан Сенг күтіп алды және ол Сингапурдың премьер-министрі Ли Сьен Лунмен сауда және терроризм мәселелерін талқылады.,оны сингапур премьер-министрінің орынбасары вонг кансьон күтіп алды және ол сингапурдың премьер-министрі ли сён лунмен сауда және терроризм мәселелерін талқылады,оны сингапур премьер министрінің орынбасары вонг кан сенг күтіп алды және ол сингапурдың премьер министрі ли сьен лунмен сауда және терроризм мәселелерін талқылады,оны сингапур премьер министрінің орынбасары вонг кансьон күтіп алды және ол сингапурдың премьер министрі ли сен лунмен сауда және терроризм мәселелерін талқылады
1785,"Құрылыс ағаштары - бұл оқыту әдісі емес, жаңа компьютерлік бағдарламаны пайдалану немесе жаңа жобаны бастау секілді жаңа оқу тәжірибесінен өтіп жатқан жеке тұлғаларға қолдау көрсететін көмек түрі.",кұрылыс ағаштары бұл оқыту әдісі емес жаңа компьютерлік бағдарламаны пайдалану немесе жаңа жобаны бастау секілді жаңа оқу тәжірибесінен өтіп жатқан жүке тұлғаларға қолдау көрсететін көмек тұры,құрылыс ағаштары бұл оқыту әдісі емес жаңа компьютерлік бағдарламаны пайдалану немесе жаңа жобаны бастау секілді жаңа оқу тәжірибесінен өтіп жатқан жеке тұлғаларға қолдау көрсететін көмек түрі,кұрылыс ағаштары бұл оқыту әдісі емес жаңа компьютерлік бағдарламаны пайдалану немесе жаңа жобаны бастау секілді жаңа оқу тәжірибесінен өтіп жатқан жүке тұлғаларға қолдау көрсететін көмек тұры
1979,"Фолкленд аралының ресми валютасы - Фолкленд фунты (FKP), оның құны Британдық бір фунтқа (GBP) теңестірілген.","Фолкланд аралының ресми валютасы Фолкланд фунты FKP, оның қыны британдық бір фунтқа GBP тенестірілген.",фолкленд аралының ресми валютасы фолкленд фунты fkp оның құны британдық бір фунтқа gbp теңестірілген,фолкланд аралының ресми валютасы фолкланд фунты fkp оның қыны британдық бір фунтқа gbp тенестірілген
1662,Қорытпалар негізінен екі немесе одан да көп металдардың қоспасы болып табылады. Периодты кестеде көптеген элементтер бар екенін ұмытпаңыз.,хорытпалар негізінен екі немесе одан да көп металдардың қоспасы болып табылады периодты кесте де көптеген элементтер бар идеенін ұмытпаңыз,қорытпалар негізінен екі немесе одан да көп металдардың қоспасы болып табылады периодты кестеде көптеген элементтер бар екенін ұмытпаңыз,хорытпалар негізінен екі немесе одан да көп металдардың қоспасы болып табылады периодты кесте де көптеген элементтер бар идеенін ұмытпаңыз
1776,"Бір түн ішінде 150-ден 200-ге дейін көшірмелер жасалып, олар қазір «Dunlap broadsides» ретінде белгілі.",бір түн ішінде жүзелуден екі жүзге дейін көшірмелер жасалып олар қазір дунлап броудсайдыс ретінде белгілі,бір түн ішінде 150 ден 200 ге дейін көшірмелер жасалып олар қазір dunlap broadsides ретінде белгілі,бір түн ішінде жүзелуден екі жүзге дейін көшірмелер жасалып олар қазір дунлап броудсайдыс ретінде белгілі
1724,Ол шамамен 400 жылдан бастап салтанаттың эпицентріне ретінде белгілі болды және шамамен 1100 жылға дейін созылды.,Ол Шамамен түрт жүзінші жылдан бастап салтанаттың эпицентріне ретінде белгілі болды. Және Шамамен бір мүн жүзінші жылға дейін созылды.,ол шамамен 400 жылдан бастап салтанаттың эпицентріне ретінде белгілі болды және шамамен 1100 жылға дейін созылды,ол шамамен түрт жүзінші жылдан бастап салтанаттың эпицентріне ретінде белгілі болды және шамамен бір мүн жүзінші жылға дейін созылды
1974,Сол принцип бойынша ер адамдар тізелерін жауып тұратын шалбар кию керек.,"Сол принцип бойынша, ер адамдар тізелерін жауып тұратын шалбар кейу керек.",сол принцип бойынша ер адамдар тізелерін жауып тұратын шалбар кию керек,сол принцип бойынша ер адамдар тізелерін жауып тұратын шалбар кейу керек
1740,Пирамида дыбыс және жарық шоуы балаларға арналған аумақтағы ең қызық нәрселердің бірі болып табылады.,Пирамидады біз және жарық шоуы балаларға арналған аумақтағы ең қызық нәрселердің бірі болып табылады.,пирамида дыбыс және жарық шоуы балаларға арналған аумақтағы ең қызық нәрселердің бірі болып табылады,пирамидады біз және жарық шоуы балаларға арналған аумақтағы ең қызық нәрселердің бірі болып табылады
1979,"Фолкленд аралының ресми валютасы - Фолкленд фунты (FKP), оның құны Британдық бір фунтқа (GBP) теңестірілген.",Фолкланд аралының ресми валютасы Фолкланд фунты ФКП оның құны британдық бір фунтқа GBP тенестірілген.,фолкленд аралының ресми валютасы фолкленд фунты fkp оның құны британдық бір фунтқа gbp теңестірілген,фолкланд аралының ресми валютасы фолкланд фунты фкп оның құны британдық бір фунтқа gbp тенестірілген
1982,"Әйелдер: Өздерінің шынайы отбасы жағдайына қарамастан, әйел жынысты саяхатшыларға тұрмыс құрған деп айтуға кеңес беріледі.",эйелдер өздерінің шынайы отбасы жағдайына қарамастан әйел жынысты сайқатшыларға тұрмысқырған деп айтуға кеңес беріледі,әйелдер өздерінің шынайы отбасы жағдайына қарамастан әйел жынысты саяхатшыларға тұрмыс құрған деп айтуға кеңес беріледі,эйелдер өздерінің шынайы отбасы жағдайына қарамастан әйел жынысты сайқатшыларға тұрмысқырған деп айтуға кеңес беріледі
1965,"Олар қауіпсіз жүзуге арналған құмды жағажайлардың барлығына дерлік, және олардың көпшілігінде похутукава ағаштарымен қамтамасыз етілген.",Олар қауіпсіз жүзуге арналған қымды жақы жайлардың барлығынадерлік және олардың көпшілігінде бұқыту каава ағаштарымен қамтамасыз етілген.,олар қауіпсіз жүзуге арналған құмды жағажайлардың барлығына дерлік және олардың көпшілігінде похутукава ағаштарымен қамтамасыз етілген,олар қауіпсіз жүзуге арналған қымды жақы жайлардың барлығынадерлік және олардың көпшілігінде бұқыту каава ағаштарымен қамтамасыз етілген
1834,"Сонымен қатар солтүстігінде бүкіл әлемге әйгілі Мариан ғажабының орны болған, Фатимадағы Әйел ғибадатханасына барыңыз.",Сонымен қатар сол күстігінде бүкіл әлемге әйгілі Мариян ғажабының орны болған Фатимадағы әйел ғибадат қанасына барыңыз.,сонымен қатар солтүстігінде бүкіл әлемге әйгілі мариан ғажабының орны болған фатимадағы әйел ғибадатханасына барыңыз,сонымен қатар сол күстігінде бүкіл әлемге әйгілі мариян ғажабының орны болған фатимадағы әйел ғибадат қанасына барыңыз
1914,Жиырмасыншы ғасырдағы зерттеу генетикалық вариацияның екі пулы бар екенін көрсетті: жасырын және көрінетін.,жиырмасыншы ғасырдағы зерттеу генетикалық вариацияның екі пулы бар екенін көрсетті жасырын және көрінетін,жиырмасыншы ғасырдағы зерттеу генетикалық вариацияның екі пулы бар екенін көрсетті жасырын және көрінетін,жиырмасыншы ғасырдағы зерттеу генетикалық вариацияның екі пулы бар екенін көрсетті жасырын және көрінетін
1798,"Алғашқы күндері шоу тек ұзақ уақыттан бері жұмыс істеп келе жатқан TogiNet Radio интернет радиосында, сөйлесу радиосына негізделген сайтта өткен.",алғашқы күндері шоу тек ұзақ уақыттан бері жұмыс үстек келі жатқан тогенет радио интернет радиосында сөйле су радиосына негізделген сайтта өткен,алғашқы күндері шоу тек ұзақ уақыттан бері жұмыс істеп келе жатқан toginet radio интернет радиосында сөйлесу радиосына негізделген сайтта өткен,алғашқы күндері шоу тек ұзақ уақыттан бері жұмыс үстек келі жатқан тогенет радио интернет радиосында сөйле су радиосына негізделген сайтта өткен
1842,"Динозавр қауырсынында рахис деп аталатын жақсы дамыған білік жоқ, бірақ қауырсынның басқа ерекшеліктері бар — кертіктер мен шоқша сақалдар — зерттеушілер рахис туралы олардың кейінірек эволюциялық болған деген қорытындыға келді.",динозавар қауырсынында рахис деп аталатын жақсы дамыған білік жоқ бірақ қауырсынның басқа ерекшеліктері бар кертіктер мен шоқша сақалдар зерттеушілер рахис туралы олардың кейінірек эволюциялық болған деген қортындыға келді,динозавр қауырсынында рахис деп аталатын жақсы дамыған білік жоқ бірақ қауырсынның басқа ерекшеліктері бар кертіктер мен шоқша сақалдар зерттеушілер рахис туралы олардың кейінірек эволюциялық болған деген қорытындыға келді,динозавар қауырсынында рахис деп аталатын жақсы дамыған білік жоқ бірақ қауырсынның басқа ерекшеліктері бар кертіктер мен шоқша сақалдар зерттеушілер рахис туралы олардың кейінірек эволюциялық болған деген қортындыға келді
1898,"«Ол [Уэльс] бізге әуел бастан-ақ өтірік айтты. Біріншіден, бұл заңды себептермен болғандай әрекет ету арқылы. Екіншіден, өзінің өнерін жойғанға дейін бізге құлақ салғандай бола қалу арқылы».",ол уэлс бізге әуел бастан ақ өтіргі айтты біріншіден бұл заңды себептермен болғандай әрекет ету арқылы екіншіден өзінің өнерін жойғанға дейін бізге құлақ салғандай бола қалу арқылы,ол уэльс бізге әуел бастан ақ өтірік айтты біріншіден бұл заңды себептермен болғандай әрекет ету арқылы екіншіден өзінің өнерін жойғанға дейін бізге құлақ салғандай бола қалу арқылы,ол уэлс бізге әуел бастан ақ өтіргі айтты біріншіден бұл заңды себептермен болғандай әрекет ету арқылы екіншіден өзінің өнерін жойғанға дейін бізге құлақ салғандай бола қалу арқылы
1825,"Әрекетке жақын болғыңыз келсе, музыкаға жақын кемпинг учаскесін алу үшін ерте тұруыңыз керек.",хәрекетке жақын болғыңыз келсе музыкақа жақын кемпинг учаскесін алу үшін ерте тұруңыз керек,әрекетке жақын болғыңыз келсе музыкаға жақын кемпинг учаскесін алу үшін ерте тұруыңыз керек,хәрекетке жақын болғыңыз келсе музыкақа жақын кемпинг учаскесін алу үшін ерте тұруңыз керек
1955,"Шашыраңқы склероз – ми, жұлын және ми жүйкесінен тұратын орталық жүйке жүйесіне әсер ететін ауру.",шашыранқы склероз ми жылын және ми жекесінен тұратын орталық жеке жүйесіне әсер ететін ауыру,шашыраңқы склероз ми жұлын және ми жүйкесінен тұратын орталық жүйке жүйесіне әсер ететін ауру,шашыранқы склероз ми жылын және ми жекесінен тұратын орталық жеке жүйесіне әсер ететін ауыру
1937,"Дегенмен, бұл жоспарлар бір түнде дерлік ескіріп кетті. Кеңес Одағының қызыл әскернің 800 000 сарбазы келіп, Ригадағы бейбітшілік туралы келісімді, кеңес-поляк агрессия жасамау туралы пактісін және басқа халықаралық (екі жақты және көп жақты) келісімдерді бұза отырып Польшаның шығыс аймақтарына басып кіргеннен кейін Беларус және Украина фронттарын жасады.",дегенмен бұл жоспарлар бір түнде дерлік ескіріп кетті кеңес одағының қызыл әскерінің 800 мын сарбазы келіп ригадағы бейбітшілік туралы келісімді кеңес поляк агрессия жасамал туралы фактісін және басқа халықаралық екжақты және көп жақты келісімдерді бұза отырып польшаның шығыс аймақтарына басып кіргеннен кейін беларуш және украина фронттарын жасады Әріңіздіңіздіңіздіңіздіңіздіңіздіңіздіңіздіңіздіңіздіңіздіңіздіңіздіңіздіңіздіңіздіңіздіңіздіңіздіңіздіңіздіңіздіңіздіңіздіңіздіңіздіңіздіңіздіңіздіңіздіңіздіңіздіңіздіңіздіңіздіңіздіңіздіңіздіңіздіңіздіңіздіңіздіңіздіңіздіңіздіңіздіңіздіңіздіңіздіңіздіңіздіңіздіңіздіңіздіңіздіңіздіңіздіңіздіңіздіңіздіңіздіңіздіңіздіңіздіңіздіңіздіңіздіңіздіңіздіңіздіңіздіңіздіңіздіңіздіңіздіңіздіңіздіңіздіңіздіңіздіңіздіңіздіңіздіңіздіңіздіңіздіңіздіңізд,дегенмен бұл жоспарлар бір түнде дерлік ескіріп кетті кеңес одағының қызыл әскернің 800 000 сарбазы келіп ригадағы бейбітшілік туралы келісімді кеңес поляк агрессия жасамау туралы пактісін және басқа халықаралық екі жақты және көп жақты келісімдерді бұза отырып польшаның шығыс аймақтарына басып кіргеннен кейін беларус және украина фронттарын жасады,дегенмен бұл жоспарлар бір түнде дерлік ескіріп кетті кеңес одағының қызыл әскерінің 800 мын сарбазы келіп ригадағы бейбітшілік туралы келісімді кеңес поляк агрессия жасамал туралы фактісін және басқа халықаралық екжақты және көп жақты келісімдерді бұза отырып польшаның шығыс аймақтарына басып кіргеннен кейін беларуш және украина фронттарын жасады әріңіздіңіздіңіздіңіздіңіздіңіздіңіздіңіздіңіздіңіздіңіздіңіздіңіздіңіздіңіздіңіздіңіздіңіздіңіздіңіздіңіздіңіздіңіздіңіздіңіздіңіздіңіздіңіздіңіздіңіздіңіздіңіздіңіздіңіздіңіздіңіздіңіздіңіздіңіздіңіздіңіздіңіздіңіздіңіздіңіздіңіздіңіздіңіздіңіздіңіздіңіздіңіздіңіздіңіздіңіздіңіздіңіздіңіздіңіздіңіздіңіздіңіздіңіздіңіздіңіздіңіздіңіздіңіздіңіздіңіздіңіздіңіздіңіздіңіздіңіздіңіздіңіздіңіздіңіздіңіздіңіздіңіздіңіздіңіздіңіздіңіздіңіздіңізд
1730,"Автобустар күні бойы ауданаралық автовокзалдан (өзеннің бойымен) шығады, дегенмен көбісі, әсіресе шығысқа және Джакарға/Бумтангқа бет алғандары 06:30 және 07: 30 аралығында шығады.",автобустар күні бойы ауданаралық автовокзалдан өзеннің бойымен шығады дегенмен көбісі әсіресе шығысқа және джакарға бұмтанқа бит алғандары алты жарымнан және жеті жарымда аралығында шығады,автобустар күні бойы ауданаралық автовокзалдан өзеннің бойымен шығады дегенмен көбісі әсіресе шығысқа және джакарға бумтангқа бет алғандары 06 30 және 07 30 аралығында шығады,автобустар күні бойы ауданаралық автовокзалдан өзеннің бойымен шығады дегенмен көбісі әсіресе шығысқа және джакарға бұмтанқа бит алғандары алты жарымнан және жеті жарымда аралығында шығады
1949,Энтомологтар «жәндік» терминін осы жәндіктер тобы үшін ресми мағынада пайдаланады.,интермологтар жәндік терминінің осы жәндіктер тобы үшін ресми мағынада пайдаланады,энтомологтар жәндік терминін осы жәндіктер тобы үшін ресми мағынада пайдаланады,интермологтар жәндік терминінің осы жәндіктер тобы үшін ресми мағынада пайдаланады
1728,Химикаттың қышқылдығы немесе сілтілігіне байланысты орамжапырақ шырынының түсі өзгереді.,химикаттың қышқылдығы немесе сіл тілігіне байланысты орам жапырақ шырынының түсі өзгереді,химикаттың қышқылдығы немесе сілтілігіне байланысты орамжапырақ шырынының түсі өзгереді,химикаттың қышқылдығы немесе сіл тілігіне байланысты орам жапырақ шырынының түсі өзгереді
1839,Шаңғы тебу бағытын жаяу жүру бағытына ұқсас түрде елестетіп көріңіз.,шаңғыт ебу бағытын жаяу жүру бағытына ұқсас түрде елестетіп көріңіз,шаңғы тебу бағытын жаяу жүру бағытына ұқсас түрде елестетіп көріңіз,шаңғыт ебу бағытын жаяу жүру бағытына ұқсас түрде елестетіп көріңіз
1745,"Өсімдіктер табиғи жағдайда жақсы көрінеді, сондықтан олардың «бір данасын» да алып тастамаңыз.",Сөндіктер табиғи жағдайда жақсы көрінеді. Сондықтан олардың бір данасында алып тастаманыз.,өсімдіктер табиғи жағдайда жақсы көрінеді сондықтан олардың бір данасын да алып тастамаңыз,сөндіктер табиғи жағдайда жақсы көрінеді сондықтан олардың бір данасында алып тастаманыз
1881,Виртуалды түрде экскурсияны көрсету де экскурсия туралы пікір жинау және келешек сабақтарда тәжірибемен алмасу үшін керемет мүмкіндік.,виртуалды түрде экскурсияны көрсетуде экскурсия туралы пікір жинау және келешек сабақтарды тәжіребемен алмасу үшін керемет мүмкіндік,виртуалды түрде экскурсияны көрсету де экскурсия туралы пікір жинау және келешек сабақтарда тәжірибемен алмасу үшін керемет мүмкіндік,виртуалды түрде экскурсияны көрсетуде экскурсия туралы пікір жинау және келешек сабақтарды тәжіребемен алмасу үшін керемет мүмкіндік
1665,Жылыстаған мәліметтерге сәйкес құжат 1967 жылғы Таяу Шығыс соғысына дейінгі шекаралары негізінде Палестина қалайтын шекаралар дауына қатысты болады.,жылыстаған мәліметтерге сәйкес құжат мың тұғыз алпыз жетінші шылғы таяу шығыс соғысына дейінгі пешекаралары негізінде палестина қалай тын шекаралар дауына қатысты болады,жылыстаған мәліметтерге сәйкес құжат 1967 жылғы таяу шығыс соғысына дейінгі шекаралары негізінде палестина қалайтын шекаралар дауына қатысты болады,жылыстаған мәліметтерге сәйкес құжат мың тұғыз алпыз жетінші шылғы таяу шығыс соғысына дейінгі пешекаралары негізінде палестина қалай тын шекаралар дауына қатысты болады
1911,"Осы сияқты, шенген визаңыз болса, шенгенге мүше елдердің әрқайсысына визаға бөлек өтінім беру қажет болмайды, осылайша сіз уақытты, ақшаны үнемдейсіз және құжаттармен жұмыс азырақ болады.",осы сияқты шенген визаңыз болса шенгенге мүше елдерінің арқайсында визаға бөлек өтінін беру қажет болмайды осылайша сіз уақытты ақшаны үнемдейсіз және құжаттармен жұмыс азырақ болады,осы сияқты шенген визаңыз болса шенгенге мүше елдердің әрқайсысына визаға бөлек өтінім беру қажет болмайды осылайша сіз уақытты ақшаны үнемдейсіз және құжаттармен жұмыс азырақ болады,осы сияқты шенген визаңыз болса шенгенге мүше елдерінің арқайсында визаға бөлек өтінін беру қажет болмайды осылайша сіз уақытты ақшаны үнемдейсіз және құжаттармен жұмыс азырақ болады
1981,"Бар болғаны кеме экскурсиялары арқылы жағаға барсаңыз, сізге бөлек виза қажет болмайды (2009 жылдан).","Бар болғаны кеме экскурсиялары арқылы жағаға барсаңыз, сізге бөлек уиза қажет болмайды. 2009 жылдан.",бар болғаны кеме экскурсиялары арқылы жағаға барсаңыз сізге бөлек виза қажет болмайды 2009 жылдан,бар болғаны кеме экскурсиялары арқылы жағаға барсаңыз сізге бөлек уиза қажет болмайды 2009 жылдан
1812,"Бір эксперименттік вакцина Эболадан болатын өлімдер көрсеткішін азайтуға мүмкіндік беретін болып көрінгенімен, осы уақытқа дейін, бар инфекцияны емдеуге жарамды екені анық түрде көрсетілген дәрілер болмады.","Бір эксперименттік вакцина әболадан болатын өлімдер көрсеткішін азайтуға мүмкіндік беретін болып көрінгенімен, осы уақытқа дейін бар инфекцияны емдеуге жарамды екені анық түрде көрсетілген дәрлер болмады.",бір эксперименттік вакцина эболадан болатын өлімдер көрсеткішін азайтуға мүмкіндік беретін болып көрінгенімен осы уақытқа дейін бар инфекцияны емдеуге жарамды екені анық түрде көрсетілген дәрілер болмады,бір эксперименттік вакцина әболадан болатын өлімдер көрсеткішін азайтуға мүмкіндік беретін болып көрінгенімен осы уақытқа дейін бар инфекцияны емдеуге жарамды екені анық түрде көрсетілген дәрлер болмады
1666,"Сондай-ақ өзіңіздікінен басқа үкіметтерден кеңес алғыңыз келуі мүмкін, бірақ олардың кеңесі өз азаматтарына арналған.",сондай-ақ өзіңіздікінен басқа үкіметтерден кеңес алдыңыз келуі мүмкін бірақ олардың кеңесі өз азаматтарына арналған,сондай ақ өзіңіздікінен басқа үкіметтерден кеңес алғыңыз келуі мүмкін бірақ олардың кеңесі өз азаматтарына арналған,сондай ақ өзіңіздікінен басқа үкіметтерден кеңес алдыңыз келуі мүмкін бірақ олардың кеңесі өз азаматтарына арналған
1961,"Қатысым жасаудың маңыздылығын иллюстрациялау үшін пайдаланылатын ең жиі кездесетін әдістердің бірі – өсіп жатқанында елемеу, бәле немесе әдейі қиянат жасау себепті ересектер қатысым жасауға үйретпеген балалардың бірнеше бақытсыз жағдайын салу.",хатысым жасаудың маңыздылығын иллюстрациялау үшін пайдаланылатын еңдегі кездеседің нәдістердің бірі өсіп жатқанда елемеу бәле немесе әдейі қиянает жасау себепті ересектер хатысым жасауға үйретпеген балалардың бірнеше бақытсыз жағдайын салу,қатысым жасаудың маңыздылығын иллюстрациялау үшін пайдаланылатын ең жиі кездесетін әдістердің бірі өсіп жатқанында елемеу бәле немесе әдейі қиянат жасау себепті ересектер қатысым жасауға үйретпеген балалардың бірнеше бақытсыз жағдайын салу,хатысым жасаудың маңыздылығын иллюстрациялау үшін пайдаланылатын еңдегі кездеседің нәдістердің бірі өсіп жатқанда елемеу бәле немесе әдейі қиянает жасау себепті ересектер хатысым жасауға үйретпеген балалардың бірнеше бақытсыз жағдайын салу
1747,Жолдас балуандар да Лунаға құрмет көрсетті.,жолдаз балуандар да лунаға құрмет көрсетті,жолдас балуандар да лунаға құрмет көрсетті,жолдаз балуандар да лунаға құрмет көрсетті
1836,"Адамдар ежелден алтын, күміс және мыс сияқты негізгі химиялық элементтер туралы білді, өйткені олардың барлығын табиғатта табиғи түрде табуға болады және қарапайым құралдармен өндіру салыстырмалы түрде оңай.",адамдар ежелден алтын күміс және мыс сияқты негізгі химиялық элементтер туралы білді өйткені олардың барлығын табиғатта табиғі түрде табуға болады және қарапайым құралдармен өндіру салын ұлыстырмалы деп түрде оңай,адамдар ежелден алтын күміс және мыс сияқты негізгі химиялық элементтер туралы білді өйткені олардың барлығын табиғатта табиғи түрде табуға болады және қарапайым құралдармен өндіру салыстырмалы түрде оңай,адамдар ежелден алтын күміс және мыс сияқты негізгі химиялық элементтер туралы білді өйткені олардың барлығын табиғатта табиғі түрде табуға болады және қарапайым құралдармен өндіру салын ұлыстырмалы деп түрде оңай
1995,"Виртуалдық дамытатын оқыту бағдарламалық құралға кірістірілген. Олар оқушының өз бетімен түсінуіне қиын болған болуы мүмкін процедуралар туралы сұрақтар қоюға, кеңестер беруге және түсіндіруге арналған.",виртуалдық дамытатын оқыту бағдарламалық құрауға кірістірілген олар оқушының өз бетімен түсінуіне қиын болған болуы мүмкін процедуралар туралы сұрақтар қоюға кеңестер беруге және түсіндіруге арналған,виртуалдық дамытатын оқыту бағдарламалық құралға кірістірілген олар оқушының өз бетімен түсінуіне қиын болған болуы мүмкін процедуралар туралы сұрақтар қоюға кеңестер беруге және түсіндіруге арналған,виртуалдық дамытатын оқыту бағдарламалық құрауға кірістірілген олар оқушының өз бетімен түсінуіне қиын болған болуы мүмкін процедуралар туралы сұрақтар қоюға кеңестер беруге және түсіндіруге арналған
1852,"Блогтарды тиісті түрде қолдану студенттердің аналитикалық және критикалық ойлауын әлдеқайда күшейтуі мүмкін. Интернет материалдарына белсенді түрде жауап беру арқылы олар басқа адамдардың жазбаларына қатысты өздерінің позициясын айқындай алады, сондай-ақ нақты бір мәселелер бойынша өздерінің көзқарастарын білдіре алады (Oravec, 2002).",блоктарды тиісті түрде қолдану студенттердің аналитикалық және критикалық ойлауын әлді қайда күшейтуі мүмкін интернет материалдарына белсенді түрде жоап беру арқылы олар басқа адамдардың жазбаларына қатысты өзлерінің позициясын айқындай алады сондай-ақ нақты бір мәселелер бойынша өзлерінің көзқарыстарын білдіре алады орабек 2002,блогтарды тиісті түрде қолдану студенттердің аналитикалық және критикалық ойлауын әлдеқайда күшейтуі мүмкін интернет материалдарына белсенді түрде жауап беру арқылы олар басқа адамдардың жазбаларына қатысты өздерінің позициясын айқындай алады сондай ақ нақты бір мәселелер бойынша өздерінің көзқарастарын білдіре алады oravec 2002,блоктарды тиісті түрде қолдану студенттердің аналитикалық және критикалық ойлауын әлді қайда күшейтуі мүмкін интернет материалдарына белсенді түрде жоап беру арқылы олар басқа адамдардың жазбаларына қатысты өзлерінің позициясын айқындай алады сондай ақ нақты бір мәселелер бойынша өзлерінің көзқарыстарын білдіре алады орабек 2002
1967,"Лейтон премьер-министрмен кездесу кезінде консерваторлардың экологиялық заңына өзгерістер енгізуді сұрады, сондай-ақ консервативті партияның экологиялық заңын ""мұқият және толығымен қайта жазуды"" сұрады.",лейтін премьер-министрмен кездесу кезінде консерваторлардың экологиялық заңына өзгерістер еңгізуді сұрады сондайық консервативті партияның экологиялық заңын мұқият және толығымен қайта жазуды сұрады,лейтон премьер министрмен кездесу кезінде консерваторлардың экологиялық заңына өзгерістер енгізуді сұрады сондай ақ консервативті партияның экологиялық заңын мұқият және толығымен қайта жазуды сұрады,лейтін премьер министрмен кездесу кезінде консерваторлардың экологиялық заңына өзгерістер еңгізуді сұрады сондайық консервативті партияның экологиялық заңын мұқият және толығымен қайта жазуды сұрады
1793,"Егер сіз ауыл жолдарында көлікпен жүруге дағдыланбаған болсаңыз, мынаған дайын болыңыз: тік еңістер, тар жолдар және кенет бұрылыстар басым болады.",егер сіз ауыл жолдарында көлікпен жүруге тағдыланбаған болсаңыз мынаған дайын болыңыз тік еңістер тар жолдар және кенет бұрылыстар басын болады,егер сіз ауыл жолдарында көлікпен жүруге дағдыланбаған болсаңыз мынаған дайын болыңыз тік еңістер тар жолдар және кенет бұрылыстар басым болады,егер сіз ауыл жолдарында көлікпен жүруге тағдыланбаған болсаңыз мынаған дайын болыңыз тік еңістер тар жолдар және кенет бұрылыстар басын болады
1707,Ол Оңтүстік Африканың негізгі көрнекі жерлерінің бірі болып табылады және Оңтүстік Африка ұлттық парктерінің (SANParks) жетекшісі болып есептеледі.,ол оңтүстік африканың негізгі көрнек көрнекі жерлерінің бірі болып табылады және оңтүстік африка ұлттық парктерінің с а н п паркс жетекшісі болып есептеледі,ол оңтүстік африканың негізгі көрнекі жерлерінің бірі болып табылады және оңтүстік африка ұлттық парктерінің sanparks жетекшісі болып есептеледі,ол оңтүстік африканың негізгі көрнек көрнекі жерлерінің бірі болып табылады және оңтүстік африка ұлттық парктерінің с а н п паркс жетекшісі болып есептеледі
1853,"Джанкарло Фисичелла көлігін басқаруды жоғалтып, жарысты старттан кейін көп ұзамай аяқтады.",жанкарло фисичелла көлігін басқаруды жоғалтып жарысты саптан кейін көкзамай аяқтады,джанкарло фисичелла көлігін басқаруды жоғалтып жарысты старттан кейін көп ұзамай аяқтады,жанкарло фисичелла көлігін басқаруды жоғалтып жарысты саптан кейін көкзамай аяқтады
1830,Билеуші партия Оңтүстік батыс Африка халық ұйымы (SWAPO) парламенттік сайлауларда көптеген орынға ие болды.,билеуші партия оңтүстік-батыс африка халық ұйымы сбapo парламенттік сайлауларында көптеген орынға ие болды,билеуші партия оңтүстік батыс африка халық ұйымы swapo парламенттік сайлауларда көптеген орынға ие болды,билеуші партия оңтүстік батыс африка халық ұйымы сбapo парламенттік сайлауларында көптеген орынға ие болды
1684,Апиа - Самоаның астанасы. Бұл қала Уполу аралында орналасқан және оның халқы 40 000-нан сәл төмен.,апия замуаның астанасы бұл қала уполу аралында орналастан және оның халқы қырық мыңнан сәл төмен,апиа самоаның астанасы бұл қала уполу аралында орналасқан және оның халқы 40 000 нан сәл төмен,апия замуаның астанасы бұл қала уполу аралында орналастан және оның халқы қырық мыңнан сәл төмен
1699,"Бақылаушылардың бірі Бішкекті ""анархия күйіне батуда"" деп бейнелеген, өйткені қылмыскерлер тобы көшені аралап, дүкендердегі халықтық тұтыну тауарларын тонауды бастаған.",бақылаушылардың бірі бішкекті анархия күйене батуда деп бейнеленген өйткені қылмыскерлер тобы көшені арағап дүкендердегі халықтық тұтыну тауарларын тонауды бастаған,бақылаушылардың бірі бішкекті анархия күйіне батуда деп бейнелеген өйткені қылмыскерлер тобы көшені аралап дүкендердегі халықтық тұтыну тауарларын тонауды бастаған,бақылаушылардың бірі бішкекті анархия күйене батуда деп бейнеленген өйткені қылмыскерлер тобы көшені арағап дүкендердегі халықтық тұтыну тауарларын тонауды бастаған
1674,"Кейбір аумақтарда суды бір минут бойы қайнату жеткілікті, ал басқаларында бірнеше минут қажет.",кейбір аумақтарда суды бір минут бойы қайнату жеткілікті ал басқаларында бірнеше минут қажет,кейбір аумақтарда суды бір минут бойы қайнату жеткілікті ал басқаларында бірнеше минут қажет,кейбір аумақтарда суды бір минут бойы қайнату жеткілікті ал басқаларында бірнеше минут қажет
1755,Бір бомба генерал-губернатор кеңсесінің сыртында жарылды.,бір бомба генерал-губернатор кеңсесінің сыртында жарылды,бір бомба генерал губернатор кеңсесінің сыртында жарылды,бір бомба генерал губернатор кеңсесінің сыртында жарылды
1663,"Кочамо алқабы – Чилидегі өрмелеу үшін баратын негізгі жер. Ол Оңтүстік Американың Йосемитесі ретінде белгілі, оның әртүрлі гранит үлкен қабырғалары және жартастары бар.",Кочамо алқабы Чилидегі өрмеле үшін баратын негізгі жер. Ол оңғыстық Американың иосемитесі ретінде белгілі. Оның әртүрлі гранит үлкен қабырғалары және жартастары бар.,кочамо алқабы чилидегі өрмелеу үшін баратын негізгі жер ол оңтүстік американың йосемитесі ретінде белгілі оның әртүрлі гранит үлкен қабырғалары және жартастары бар,кочамо алқабы чилидегі өрмеле үшін баратын негізгі жер ол оңғыстық американың иосемитесі ретінде белгілі оның әртүрлі гранит үлкен қабырғалары және жартастары бар
1917,Римде әртүрлі орындарда адамдардың салтанатты рәсімді көруі үшін бірнеше үлкен теледидар экрандары орнатылды.,римде әртүрлі орындарды адамдардың салтанатты рәсімді көруі үшін бірнеше үлкен теледидар экрандары орнатылды,римде әртүрлі орындарда адамдардың салтанатты рәсімді көруі үшін бірнеше үлкен теледидар экрандары орнатылды,римде әртүрлі орындарды адамдардың салтанатты рәсімді көруі үшін бірнеше үлкен теледидар экрандары орнатылды
1765,"1537 жылы Асунсьон қаласының негізі салынғаннан бастап, Парагвай өзінің көптеген түпкілікті сипаты мен өзіндік ерекшелігін сақтай білді.","1537 жылы Асунсион қаласының негізі салынғаннан бастап, Парагвай өзінің көптеген түпкілікті сипаты мен өзінді керекшелігін сақтай білді.",1537 жылы асунсьон қаласының негізі салынғаннан бастап парагвай өзінің көптеген түпкілікті сипаты мен өзіндік ерекшелігін сақтай білді,1537 жылы асунсион қаласының негізі салынғаннан бастап парагвай өзінің көптеген түпкілікті сипаты мен өзінді керекшелігін сақтай білді
1744,"Россби нөмірі неғұрлым кішірек болса, жұлдыздың магниттену инверсиясына қатысты белсенділігі азырақ болады.",рос би нөмірі неғұрлым кішерек болса жұлдыздың магниттену инверсиясына қатысты белсенділігі азырақ болады,россби нөмірі неғұрлым кішірек болса жұлдыздың магниттену инверсиясына қатысты белсенділігі азырақ болады,рос би нөмірі неғұрлым кішерек болса жұлдыздың магниттену инверсиясына қатысты белсенділігі азырақ болады
1754,"Айдың көрінетін жерінде ай теңіздері көбірек болуы мүмкін, себебі онда ай қыртысы жіңішкерек.  Лаваның ай қыртысының бетіне шығуы әлдеқайда жеңілірек болды.","Айдың көрінетін жерінде ай теніздері көбірек болуы мүмкін. Себебі, онда ай қыртысы жүмішкерек. Лаваның ай қыртысының бетіне шығуы әлдеғайда женгілерек болды.",айдың көрінетін жерінде ай теңіздері көбірек болуы мүмкін себебі онда ай қыртысы жіңішкерек лаваның ай қыртысының бетіне шығуы әлдеқайда жеңілірек болды,айдың көрінетін жерінде ай теніздері көбірек болуы мүмкін себебі онда ай қыртысы жүмішкерек лаваның ай қыртысының бетіне шығуы әлдеғайда женгілерек болды
1966,Комиссия қазан айында басталған кең тараған режимге қарсы наразылықтарға Мартеллидің жауабы болды.,комиссия қазан айында басталған кең тараған режимге қарсы наразылықтарға маркделлидің жауабы болды,комиссия қазан айында басталған кең тараған режимге қарсы наразылықтарға мартеллидің жауабы болды,комиссия қазан айында басталған кең тараған режимге қарсы наразылықтарға маркделлидің жауабы болды
1712,1966 жылдан бері Сундарбан жабайы жануарлар қорығы болған. Есептеулер бойынша қазіргі уақыта бұл аумақта 400 корольдік бенгал жолбарысы және шамамен 30 000 дақты бұғы бар.,мыңтұғыз алпыз алтыншы жылдан бері сундарбан жабайы жануарлар қорығы болған есептеулер бойынша қазіргі уақытта бұл аумақта төрт жүз корольдік бенгал жолбарысы және шамамен отыз мың дақты бұғы бар,1966 жылдан бері сундарбан жабайы жануарлар қорығы болған есептеулер бойынша қазіргі уақыта бұл аумақта 400 корольдік бенгал жолбарысы және шамамен 30 000 дақты бұғы бар,мыңтұғыз алпыз алтыншы жылдан бері сундарбан жабайы жануарлар қорығы болған есептеулер бойынша қазіргі уақытта бұл аумақта төрт жүз корольдік бенгал жолбарысы және шамамен отыз мың дақты бұғы бар
1839,Шаңғы тебу бағытын жаяу жүру бағытына ұқсас түрде елестетіп көріңіз.,шаңғы тейбул бағытын жаяу жүру бағытына ұқсас түрде елістетіп көріңіз,шаңғы тебу бағытын жаяу жүру бағытына ұқсас түрде елестетіп көріңіз,шаңғы тейбул бағытын жаяу жүру бағытына ұқсас түрде елістетіп көріңіз
1828,"Интернеттен «қауіпті ортаны» іздесеңіз, жергілікті компанияның мекен-жайын береді.",интернеттен қауіпті ортаны іздесеңіз жергілікті компанияның мекен жайын береді,интернеттен қауіпті ортаны іздесеңіз жергілікті компанияның мекен жайын береді,интернеттен қауіпті ортаны іздесеңіз жергілікті компанияның мекен жайын береді
1964,"Қазірге дейін әйгілі ""25 Данлэп парақтары"" құжаттың ең көне көшірмелері болып табылады. Түпнұсқалық қолжазба көшірмесі сақталмаған.",хазірге дейін әйгілі жиырма без данылып барақтары қыжаттың ең көне көшірмелері болып табылады түп нұсқалық қол жазба көшірмесі сақталмаған,қазірге дейін әйгілі 25 данлэп парақтары құжаттың ең көне көшірмелері болып табылады түпнұсқалық қолжазба көшірмесі сақталмаған,хазірге дейін әйгілі жиырма без данылып барақтары қыжаттың ең көне көшірмелері болып табылады түп нұсқалық қол жазба көшірмесі сақталмаған
1667,Жалпы алғанда менеджерлер бұрынғы әріптестеріне басшылық ете бастағанда екі түрлі қылық пайда болуы мүмкін. Бір жағынан алдыңғы «әріптестердің бірі» (немесе құрбылардың) болып қалуға тырысады.,жалпы алғанда менеджерлер бұрынғы әріптестеріне басшылық ете бастағанда екі түрлі қылық пайда болуы мүмкін бір жағынан алдыңғы әріптестердің бірі немесе қырбылардың болып қалуға тырысады,жалпы алғанда менеджерлер бұрынғы әріптестеріне басшылық ете бастағанда екі түрлі қылық пайда болуы мүмкін бір жағынан алдыңғы әріптестердің бірі немесе құрбылардың болып қалуға тырысады,жалпы алғанда менеджерлер бұрынғы әріптестеріне басшылық ете бастағанда екі түрлі қылық пайда болуы мүмкін бір жағынан алдыңғы әріптестердің бірі немесе қырбылардың болып қалуға тырысады
1870,Көріністер пирамидаларда көрсетіледі және әртүрлі пирамидалар жанады.,көріністер пирамидаларда көрсетіледі және әртүрлі пирамидалар жанады,көріністер пирамидаларда көрсетіледі және әртүрлі пирамидалар жанады,көріністер пирамидаларда көрсетіледі және әртүрлі пирамидалар жанады
1955,"Шашыраңқы склероз – ми, жұлын және ми жүйкесінен тұратын орталық жүйке жүйесіне әсер ететін ауру.",шашыранқы склероз ми жылың және ми жүйкесінен тұратын орталық жүйке жүйесіне әсер ететін ауыру,шашыраңқы склероз ми жұлын және ми жүйкесінен тұратын орталық жүйке жүйесіне әсер ететін ауру,шашыранқы склероз ми жылың және ми жүйкесінен тұратын орталық жүйке жүйесіне әсер ететін ауыру
1920,"Әдетте, қонақтарды жақсы көңіл-күйде ұстау және іште ұстау үшін оларда арнайы тамақ, сусын және ойын-сауық ұсыныстары болады.","Адетте қонақтарды жақсы көңіл кейде ұстау және үште ұстау үшін оларда арнайы тамақ, сусын және ойын сауық ұсыныстары болады.",әдетте қонақтарды жақсы көңіл күйде ұстау және іште ұстау үшін оларда арнайы тамақ сусын және ойын сауық ұсыныстары болады,адетте қонақтарды жақсы көңіл кейде ұстау және үште ұстау үшін оларда арнайы тамақ сусын және ойын сауық ұсыныстары болады
1762,"Бұл ауру шошқаларда болады, содан кейін ол масалар арқылы адамдарға өтеді.",бұл ауру шошқаларда болады содан кейін ол масалар арқылы адамдарға өтеді,бұл ауру шошқаларда болады содан кейін ол масалар арқылы адамдарға өтеді,бұл ауру шошқаларда болады содан кейін ол масалар арқылы адамдарға өтеді
1737,Арыстандар ең көп қатысым жасайтын мысықтар. Олар прайдтар деп аталатын үлкен топтарда өмір сүреді.,арыстандар ең көп қатысым жасайтын мысықтар олар прайдтар деп аталатын үлкен топтардан өмір сүреді,арыстандар ең көп қатысым жасайтын мысықтар олар прайдтар деп аталатын үлкен топтарда өмір сүреді,арыстандар ең көп қатысым жасайтын мысықтар олар прайдтар деп аталатын үлкен топтардан өмір сүреді
1863,"Тибет медитациясының орталығы - құдай йогасы. Әр түрлі құдайларды бейнелеудің арқасында қуат арналары тазартылып, чакралар іске қосылып, ағартушылық сана пайда болады.","Тибет медитациясының орталығы құдай йогасы. Әр түрлі құдайларды бейнелеудің арқасында қуға тарналары тазартылып, чакралар іске қосылып, ақартушылық сана пайда болады.",тибет медитациясының орталығы құдай йогасы әр түрлі құдайларды бейнелеудің арқасында қуат арналары тазартылып чакралар іске қосылып ағартушылық сана пайда болады,тибет медитациясының орталығы құдай йогасы әр түрлі құдайларды бейнелеудің арқасында қуға тарналары тазартылып чакралар іске қосылып ақартушылық сана пайда болады
1839,Шаңғы тебу бағытын жаяу жүру бағытына ұқсас түрде елестетіп көріңіз.,Шанғы тейбу бағытын жаяу жүру бағытына ұқсас түрде елестетіп көріңіз.,шаңғы тебу бағытын жаяу жүру бағытына ұқсас түрде елестетіп көріңіз,шанғы тейбу бағытын жаяу жүру бағытына ұқсас түрде елестетіп көріңіз
1976,"Орташа деңгейдегі батсмендер - Сачин Тендулкар мен Рахул Дравид жақсы өнер көрсетіп, жүздеген серіктестік қатынас жасады.",орташа деңгейдегі батысмендер сачин тэндулкармен рахул травид жақсы өнер көрсетіп жүздеген серіктестік қатынас жасады,орташа деңгейдегі батсмендер сачин тендулкар мен рахул дравид жақсы өнер көрсетіп жүздеген серіктестік қатынас жасады,орташа деңгейдегі батысмендер сачин тэндулкармен рахул травид жақсы өнер көрсетіп жүздеген серіктестік қатынас жасады
1931,"Бұл қызмет көбінесе кеме қатынасы, соның ішінде серуендеу кемелері, сондай-ақ қашықтағы мәліметтер мен дауыстық қажеттіліктері бар экспедициялар арқылы пайдаланылады.",бұл қызмет көбінесе кеме қатынасы соның ішінде сүйруендер кемелері сондай-ақ қашықтағы мәліметтер мен дауыстық қажеттіліктері бар экспедициялар арқылы пайданылады,бұл қызмет көбінесе кеме қатынасы соның ішінде серуендеу кемелері сондай ақ қашықтағы мәліметтер мен дауыстық қажеттіліктері бар экспедициялар арқылы пайдаланылады,бұл қызмет көбінесе кеме қатынасы соның ішінде сүйруендер кемелері сондай ақ қашықтағы мәліметтер мен дауыстық қажеттіліктері бар экспедициялар арқылы пайданылады
1911,"Осы сияқты, шенген визаңыз болса, шенгенге мүше елдердің әрқайсысына визаға бөлек өтінім беру қажет болмайды, осылайша сіз уақытты, ақшаны үнемдейсіз және құжаттармен жұмыс азырақ болады.",осы сияқты шынген визаңыз болса шынгенге мүше елдердің әр қайсысына визаға бөлек өтінім беру қажет болмайды осылайша сіз уақытты ақшаны үнімдейсіз және құжаттармен жұмыс азыра болады,осы сияқты шенген визаңыз болса шенгенге мүше елдердің әрқайсысына визаға бөлек өтінім беру қажет болмайды осылайша сіз уақытты ақшаны үнемдейсіз және құжаттармен жұмыс азырақ болады,осы сияқты шынген визаңыз болса шынгенге мүше елдердің әр қайсысына визаға бөлек өтінім беру қажет болмайды осылайша сіз уақытты ақшаны үнімдейсіз және құжаттармен жұмыс азыра болады
1788,АҚШ-тың Гимнастика федерациясы АҚШ Олимпиада комитетінің хатын қолдайды және біздің барлық спортсмендер үшін қоршаған ортаның қауіпсіздігін арттырудың абсолютті қажеттілігін мойындайды.,ақыштың гимнастика федерациясы ақыш олимпиада комитетінің хатын қолдайды және біздің барлық спортсмендер үшін қоршаған ортаның қауіпсіздігін арттырудың абсолютті қажеттілігін мойындайды,ақш тың гимнастика федерациясы ақш олимпиада комитетінің хатын қолдайды және біздің барлық спортсмендер үшін қоршаған ортаның қауіпсіздігін арттырудың абсолютті қажеттілігін мойындайды,ақыштың гимнастика федерациясы ақыш олимпиада комитетінің хатын қолдайды және біздің барлық спортсмендер үшін қоршаған ортаның қауіпсіздігін арттырудың абсолютті қажеттілігін мойындайды
1763,"Дәл ай жерді тартып, судың көтерілуіне әкелетіндей, Құс жолы да Мерген галактикасына күш түсіреді.","Дәл ай жерді тартып, судың көтерілуіне әкелетіндей қыс жолы да Мерген Галактикасына күш түсіреді.",дәл ай жерді тартып судың көтерілуіне әкелетіндей құс жолы да мерген галактикасына күш түсіреді,дәл ай жерді тартып судың көтерілуіне әкелетіндей қыс жолы да мерген галактикасына күш түсіреді
1882,"Ғалымдар ғаламшарлар, әсіресе, жер қалай құралғанын түсінеміз деп үміттенеді, өйткені кометалар жермен ұзақ уақыт бұрын соқтығысқан.",халымдар ғаламшарлар әсіресе жер қалай құралған түнеуміздеп үміттенеді үйткені кометалар жермен зау уақыт бұрын соқты қысқан,ғалымдар ғаламшарлар әсіресе жер қалай құралғанын түсінеміз деп үміттенеді өйткені кометалар жермен ұзақ уақыт бұрын соқтығысқан,халымдар ғаламшарлар әсіресе жер қалай құралған түнеуміздеп үміттенеді үйткені кометалар жермен зау уақыт бұрын соқты қысқан
1674,"Кейбір аумақтарда суды бір минут бойы қайнату жеткілікті, ал басқаларында бірнеше минут қажет.",Кейбір аумақтарда суды бір минут бойы қайнату жеткілікті. Ал басқаларында бірнеше минутқа жетті.,кейбір аумақтарда суды бір минут бойы қайнату жеткілікті ал басқаларында бірнеше минут қажет,кейбір аумақтарда суды бір минут бойы қайнату жеткілікті ал басқаларында бірнеше минутқа жетті
1746,Өсімдіктер күн сәулесінен фотосинтез арқылы қуат алады. Олар сонымен қатар көлеңе береді.,күн сөйлесінен фотосинтез арқылы қуат алады олар сонымен қатар көлеңе береді,өсімдіктер күн сәулесінен фотосинтез арқылы қуат алады олар сонымен қатар көлеңе береді,күн сөйлесінен фотосинтез арқылы қуат алады олар сонымен қатар көлеңе береді
1703,Мартелли кеше тоғыз мүшеден тұратын жаңа уақытша сайлау кеңесінің (CEP) алдында ант берді.,мартелли кеше тоғыз мүшеден тұратын жаңа уақытша сайлау кеңесінің сер алдында аңт берді,мартелли кеше тоғыз мүшеден тұратын жаңа уақытша сайлау кеңесінің cep алдында ант берді,мартелли кеше тоғыз мүшеден тұратын жаңа уақытша сайлау кеңесінің сер алдында аңт берді
1934,Әдетте сіз туристердің және сатушылардың дыбысын әрқашан естисіз. Дыбыс пен жарықтан тұратын хикая дәл хикая кітабы сияқты болады.,дептесіз туристердің және сатушылардың дыбысын әрқаша не істесіз дыбыспен жарықтан тұратын қиқая дәл қиқая кітабы сияқты болады,әдетте сіз туристердің және сатушылардың дыбысын әрқашан естисіз дыбыс пен жарықтан тұратын хикая дәл хикая кітабы сияқты болады,дептесіз туристердің және сатушылардың дыбысын әрқаша не істесіз дыбыспен жарықтан тұратын қиқая дәл қиқая кітабы сияқты болады
1990,"Сондай-ақ блогтар оқушылардың жазуын жақсартуға көмектеседі. Оқушылар блог тәжірибесін көбінесе немқұрайлы грамматикамен және емлемен бастағанымен, аудиторияның болуы әдетте бұл жағдайды өзгертеді.",сондай-ақ блоктар оқушылардың жазуын жақсартуға көмектесе да оқушылар блок тәжірибесінің көмінесе немқұрайлы грамматикаман және емілімен бастағанымен аудиторияның болуы әдетте бұл жағдайда өзгертеді,сондай ақ блогтар оқушылардың жазуын жақсартуға көмектеседі оқушылар блог тәжірибесін көбінесе немқұрайлы грамматикамен және емлемен бастағанымен аудиторияның болуы әдетте бұл жағдайды өзгертеді,сондай ақ блоктар оқушылардың жазуын жақсартуға көмектесе да оқушылар блок тәжірибесінің көмінесе немқұрайлы грамматикаман және емілімен бастағанымен аудиторияның болуы әдетте бұл жағдайда өзгертеді
1848,Кеше Түркияның Газиантеп қаласындағы полиция штаб-пәтерінде бомба қойылған көлік жарылысы нәтижесінде екі полиция қызметкері қаза тапты және жиырмадан артық адам жарақат алды.,кеше түркияның газиантип қаласындағы полиция штаб пәтерінде бомба қойылған көлік жарылысы нәтижесінде екі полиция қызметкері қаза тапты және жиырмадан артық адам жарақат алды,кеше түркияның газиантеп қаласындағы полиция штаб пәтерінде бомба қойылған көлік жарылысы нәтижесінде екі полиция қызметкері қаза тапты және жиырмадан артық адам жарақат алды,кеше түркияның газиантип қаласындағы полиция штаб пәтерінде бомба қойылған көлік жарылысы нәтижесінде екі полиция қызметкері қаза тапты және жиырмадан артық адам жарақат алды
1982,"Әйелдер: Өздерінің шынайы отбасы жағдайына қарамастан, әйел жынысты саяхатшыларға тұрмыс құрған деп айтуға кеңес беріледі.",эйелдер өздерінің шынайы отбасы жағдайына қарамастан әйел жынысты сайхатшыларға тұрмыс құрған деп айтуға кеңес беріледі,әйелдер өздерінің шынайы отбасы жағдайына қарамастан әйел жынысты саяхатшыларға тұрмыс құрған деп айтуға кеңес беріледі,эйелдер өздерінің шынайы отбасы жағдайына қарамастан әйел жынысты сайхатшыларға тұрмыс құрған деп айтуға кеңес беріледі
1938,"Аурухана инфекцияны бақылау хаттамасын орындады, соның ішінде басқаларды жұқтырудың алдын алу үшін науқасты басқалардан бөлді.",аурухана инфекцияды бақылау хаттамасын орындады соның ішінде басқаларды жықтырудың алдын алу үшін науқасты басқаралардан бөлді,аурухана инфекцияны бақылау хаттамасын орындады соның ішінде басқаларды жұқтырудың алдын алу үшін науқасты басқалардан бөлді,аурухана инфекцияды бақылау хаттамасын орындады соның ішінде басқаларды жықтырудың алдын алу үшін науқасты басқаралардан бөлді
1677,Бүгінде қанаттарын арқасына бүктей алмайтын жәндіктер - инеліктер мен біркүндіктер.,бүгінде қанаттарын арқасына бүкдей алмайтын жәндіктер енеліктер мен біркүндіктер,бүгінде қанаттарын арқасына бүктей алмайтын жәндіктер инеліктер мен біркүндіктер,бүгінде қанаттарын арқасына бүкдей алмайтын жәндіктер енеліктер мен біркүндіктер
1939,"Революциядан кейін жұмыс орындары барлық ерлер үшін ашық болып, олардың табысқа жетуіне мүмкін берді.",революциядан кейін жұмыс орындары барлық ерлер үшін ашық болып олардың табысқа жетуіне мүмкін берді,революциядан кейін жұмыс орындары барлық ерлер үшін ашық болып олардың табысқа жетуіне мүмкін берді,революциядан кейін жұмыс орындары барлық ерлер үшін ашық болып олардың табысқа жетуіне мүмкін берді
1985,"Бұл альптық стильдегі шаңғы туризмімен немесе альпинизммен байланысты (бірақ әдетте байланысты болмайды), соңғысы тік еңістіктерде өткізіледі және қатты шаңғы мен аяқ киімді қажет етеді.",бұл алиптик стильдегі шаңғы туризмімен немесе альпинизмімен байланысты бірақ әдетте байланысты болмайды соңғысы тік еңістіктерде өткізіледі және қатты шаңғы мен аяқ киімді қажет етеді,бұл альптық стильдегі шаңғы туризмімен немесе альпинизммен байланысты бірақ әдетте байланысты болмайды соңғысы тік еңістіктерде өткізіледі және қатты шаңғы мен аяқ киімді қажет етеді,бұл алиптик стильдегі шаңғы туризмімен немесе альпинизмімен байланысты бірақ әдетте байланысты болмайды соңғысы тік еңістіктерде өткізіледі және қатты шаңғы мен аяқ киімді қажет етеді
1948,Үш патшалық ежелгі Қытайдың тарихындағы ең қанқұйлы дәуірлердің бірі болған. Мыңдаған адам Сианьдағы үлкен сарайдағы ең жоғары орынға отыру үшін соғысқанда өлді.,іш патшалық ежелгі қытайдың тарихындағы ең қанқұйылы дәуірлерінің бірі болған мыңдаған адам сиян диағы үлкен сарайдағы ең жоғарғы орынға отыру үшін соғысқанда өлді,үш патшалық ежелгі қытайдың тарихындағы ең қанқұйлы дәуірлердің бірі болған мыңдаған адам сианьдағы үлкен сарайдағы ең жоғары орынға отыру үшін соғысқанда өлді,іш патшалық ежелгі қытайдың тарихындағы ең қанқұйылы дәуірлерінің бірі болған мыңдаған адам сиян диағы үлкен сарайдағы ең жоғарғы орынға отыру үшін соғысқанда өлді
1993,Атлант мұхитының оныншы атау берілген дауыл маусымы «Субтропиктік дауыл Джерри» бүгін Атлант мұхитында пайда болды.,"Атлант мұхитының оныншы атау берілген дауыл маусымы, субтропиктік дауыл Джерри бүгін атлант мұхитында пайда болды.",атлант мұхитының оныншы атау берілген дауыл маусымы субтропиктік дауыл джерри бүгін атлант мұхитында пайда болды,атлант мұхитының оныншы атау берілген дауыл маусымы субтропиктік дауыл джерри бүгін атлант мұхитында пайда болды
1671,Конгресс әдепсіздік бастамасын 2005 қаржы жылынан бастады және ФТБ ұйымы ересектер порнографиясына қатысты істерге 10 агент бөлуі керектігін көрсетті.,конгресс әдепсіздік бастамасын 2005-ші қаржы жылынан бастады және үфтібі ұйымы ересектер порнографиясына қатысты істерге он агент бөлігі керектігін көрсетті,конгресс әдепсіздік бастамасын 2005 қаржы жылынан бастады және фтб ұйымы ересектер порнографиясына қатысты істерге 10 агент бөлуі керектігін көрсетті,конгресс әдепсіздік бастамасын 2005 ші қаржы жылынан бастады және үфтібі ұйымы ересектер порнографиясына қатысты істерге он агент бөлігі керектігін көрсетті
1886,"Ежелгі мәдениеттер мен тайпалар сүтке, жүнге, етке және терілерге оңай қол жеткізу үшін оларды өсіре бастады.",ежелгі мәдениеттер мен тайпалар сүтке жынге етке және терілерге онлайн қол жеткізу үшін оларды өсіре бастады,ежелгі мәдениеттер мен тайпалар сүтке жүнге етке және терілерге оңай қол жеткізу үшін оларды өсіре бастады,ежелгі мәдениеттер мен тайпалар сүтке жынге етке және терілерге онлайн қол жеткізу үшін оларды өсіре бастады
1736,Роландо Мендоза M16 мылтығымен туристтерге оқ жаудырды.,Роланды Мендоза М16 мұлтығы мен туристерге оқ жаудырды.,роландо мендоза m16 мылтығымен туристтерге оқ жаудырды,роланды мендоза м16 мұлтығы мен туристерге оқ жаудырды
1896,"АҚШ гимнастикасы және АҚШ Олимпиада комитеті бір мақсатты көздейді - гимнастика және басқа да спорт түрлерін барынша қауіпсіз етіп, спортшылардың өз армандарын орындауды қауіпсіз, позитивті және мүмкіндіктерге толы ортада жүзеге асыруын қамтамасыз ету.",ақыш гимнастикасы және ақыш олимпиада комитеті бір мақсатты көздейді гимнастика және басқа да спорт түрлерін барынша қауіпсіз етіп спортшылардың өз армандарын орындауды қауіпсіз позитивті және мүмкіндіктерге толы ортада жүзеге асыруын қамтамасыз ету,ақш гимнастикасы және ақш олимпиада комитеті бір мақсатты көздейді гимнастика және басқа да спорт түрлерін барынша қауіпсіз етіп спортшылардың өз армандарын орындауды қауіпсіз позитивті және мүмкіндіктерге толы ортада жүзеге асыруын қамтамасыз ету,ақыш гимнастикасы және ақыш олимпиада комитеті бір мақсатты көздейді гимнастика және басқа да спорт түрлерін барынша қауіпсіз етіп спортшылардың өз армандарын орындауды қауіпсіз позитивті және мүмкіндіктерге толы ортада жүзеге асыруын қамтамасыз ету
1830,Билеуші партия Оңтүстік батыс Африка халық ұйымы (SWAPO) парламенттік сайлауларда көптеген орынға ие болды.,билеуші партия оңтүстік батыс африка қалық ұйымы сваппо парламенттік сайлауларды көптеген орынға ие болды,билеуші партия оңтүстік батыс африка халық ұйымы swapo парламенттік сайлауларда көптеген орынға ие болды,билеуші партия оңтүстік батыс африка қалық ұйымы сваппо парламенттік сайлауларды көптеген орынға ие болды
1733,Оның 78 ұсынысының біріншісі — Ирактың шекарасын дұшпандық араласудан қорғау және көршілерімен дипломатиялық қатынастарды қайта орнату үшін осы жылдың соңына дейін  жаңа дипломатиялық бастама қолға алынуы керек.,оның жетпіс сегіз ұсынысының біріншісі ирактың шекарасын дұшпандық араласудан қорығау және көршілерімен дипломатиялық қатынастарды қайта орнату үшін осы жылдың соңына дейін жаңа дипломатиялық бастама қолға алынуы керек,оның 78 ұсынысының біріншісі ирактың шекарасын дұшпандық араласудан қорғау және көршілерімен дипломатиялық қатынастарды қайта орнату үшін осы жылдың соңына дейін жаңа дипломатиялық бастама қолға алынуы керек,оның жетпіс сегіз ұсынысының біріншісі ирактың шекарасын дұшпандық араласудан қорығау және көршілерімен дипломатиялық қатынастарды қайта орнату үшін осы жылдың соңына дейін жаңа дипломатиялық бастама қолға алынуы керек
1897,"Аймақ солтүстігінде Сахельмен шекаралас, ал оңтүстігі мен батысында Атлант мұхитымен шектеседі.",аймақ солтүстігінде сахалмен шекаралас ал оңтүстікмен батысында атлант мұхитмен шектеседі,аймақ солтүстігінде сахельмен шекаралас ал оңтүстігі мен батысында атлант мұхитымен шектеседі,аймақ солтүстігінде сахалмен шекаралас ал оңтүстікмен батысында атлант мұхитмен шектеседі
1700,"Күңгірт жерлердің асты жұқа, ал жарық жерлердің асты қалың тау жынысынан тұрады.",күңгірт жерлердің асты жықа алжарық жерлердің асты қалың тау жынысынан тұрады,күңгірт жерлердің асты жұқа ал жарық жерлердің асты қалың тау жынысынан тұрады,күңгірт жерлердің асты жықа алжарық жерлердің асты қалың тау жынысынан тұрады
1887,"Лиггинс ауруханада жұмыс істей бастағанда, бос уақытында мерзімінен бұрын босануды зерттей бастады.","Легенс ауруханада жұмыс істей бастағанды, бос уақытында мерзімінен бұрын босануды зерттей бастады.",лиггинс ауруханада жұмыс істей бастағанда бос уақытында мерзімінен бұрын босануды зерттей бастады,легенс ауруханада жұмыс істей бастағанды бос уақытында мерзімінен бұрын босануды зерттей бастады
1689,"Еуропа — салыстырмалы түрде шағын, бірақ көп тәуелсіз елдері бар континент. Қалыпты жағдайларда, бірнеше ел арқылы саяхаттасаңыз, визаға өтінімдер беру және бірнеше рет төлқұжатты тексеруден өту керектігін білдіретін еді.",еуропа салыстырмалы түрде шағын бірақ көп тәуелсіз елдері бар континент қалыпты жағдайларда бірнеше ел арқылы саяхаттасаңыз визаға өтінімдер беру және бірнеше ретті өл құжатты тексеруден өту керектігін білдіретін еді,еуропа салыстырмалы түрде шағын бірақ көп тәуелсіз елдері бар континент қалыпты жағдайларда бірнеше ел арқылы саяхаттасаңыз визаға өтінімдер беру және бірнеше рет төлқұжатты тексеруден өту керектігін білдіретін еді,еуропа салыстырмалы түрде шағын бірақ көп тәуелсіз елдері бар континент қалыпты жағдайларда бірнеше ел арқылы саяхаттасаңыз визаға өтінімдер беру және бірнеше ретті өл құжатты тексеруден өту керектігін білдіретін еді
1798,"Алғашқы күндері шоу тек ұзақ уақыттан бері жұмыс істеп келе жатқан TogiNet Radio интернет радиосында, сөйлесу радиосына негізделген сайтта өткен.",Алғашқы күндері шоу тек ұзақ уақыттан бері жұмыс өстеп келі жатқан Догенет радио интернет радиосында Сөйлесу радиосына негізделген сайтта өткен.,алғашқы күндері шоу тек ұзақ уақыттан бері жұмыс істеп келе жатқан toginet radio интернет радиосында сөйлесу радиосына негізделген сайтта өткен,алғашқы күндері шоу тек ұзақ уақыттан бері жұмыс өстеп келі жатқан догенет радио интернет радиосында сөйлесу радиосына негізделген сайтта өткен
1984,"Сондай-ақ массалық көлікке иелік жолдарда апаттардың көбірек болуына әкеледі, бұл зақымдалған денелерді жөндеу үшін денсаулық сақтау саласында жаңа әдістерді ойлап табуға әкеледі.","Сондаяқ, массалық көлікке еліп жолдарды апаттардың көбірек болуына әкеледі. Бұл зақымдалған денелерді жөнде үшін денсаулық сақтау саласында жаңа әдістерді ойлап табуға әкеледі.",сондай ақ массалық көлікке иелік жолдарда апаттардың көбірек болуына әкеледі бұл зақымдалған денелерді жөндеу үшін денсаулық сақтау саласында жаңа әдістерді ойлап табуға әкеледі,сондаяқ массалық көлікке еліп жолдарды апаттардың көбірек болуына әкеледі бұл зақымдалған денелерді жөнде үшін денсаулық сақтау саласында жаңа әдістерді ойлап табуға әкеледі
1984,"Сондай-ақ массалық көлікке иелік жолдарда апаттардың көбірек болуына әкеледі, бұл зақымдалған денелерді жөндеу үшін денсаулық сақтау саласында жаңа әдістерді ойлап табуға әкеледі.","Сондаяқ, массалық көлікке иелік жолдарды апаттардың көбірек болуына әкеледі. Бұл зақымдалған денелерді жөнде үшін денсаулық сақтау саласында жаңа әдістерді ойлап табуға әкеледі.",сондай ақ массалық көлікке иелік жолдарда апаттардың көбірек болуына әкеледі бұл зақымдалған денелерді жөндеу үшін денсаулық сақтау саласында жаңа әдістерді ойлап табуға әкеледі,сондаяқ массалық көлікке иелік жолдарды апаттардың көбірек болуына әкеледі бұл зақымдалған денелерді жөнде үшін денсаулық сақтау саласында жаңа әдістерді ойлап табуға әкеледі
1796,Бұл шөгінді жыныстар жабайы жануарлардың мекені болған құмқайырларды және жағажайларды жасауға қажет болды.,бұл шөгінді жыныстар жабай жануарлардың мекені болған құмқайырларды және жағажайларды жасауға қажет болды,бұл шөгінді жыныстар жабайы жануарлардың мекені болған құмқайырларды және жағажайларды жасауға қажет болды,бұл шөгінді жыныстар жабай жануарлардың мекені болған құмқайырларды және жағажайларды жасауға қажет болды
1834,"Сонымен қатар солтүстігінде бүкіл әлемге әйгілі Мариан ғажабының орны болған, Фатимадағы Әйел ғибадатханасына барыңыз.",сонымен қатар сол түстігінде бүкіл әлемге әйгілі марьян ғажауының орны болған фатимадағы әйел қайбадат қанасына барыңыз,сонымен қатар солтүстігінде бүкіл әлемге әйгілі мариан ғажабының орны болған фатимадағы әйел ғибадатханасына барыңыз,сонымен қатар сол түстігінде бүкіл әлемге әйгілі марьян ғажауының орны болған фатимадағы әйел қайбадат қанасына барыңыз
1913,"Жолбарыстың ақыруы арыстанның бар күшімен ақыруына ұқсамайды, ол ақырып қатты айтқан сөздерге көбірек ұқсайды.",жолбарыстың ақыруы арыстанның бар күшімен ақыруына ұқсамайды ол ақырып қатты айтқан сөздерде көмірек ұқсайды,жолбарыстың ақыруы арыстанның бар күшімен ақыруына ұқсамайды ол ақырып қатты айтқан сөздерге көбірек ұқсайды,жолбарыстың ақыруы арыстанның бар күшімен ақыруына ұқсамайды ол ақырып қатты айтқан сөздерде көмірек ұқсайды
1851,"Үзілмелі ағыстар жағаға, рифтерге соғылатын толқындардың кері ағыны болып табылады.",жүлмелі ағыстар жағаға рифтерге соғылатын толқындардың кері ағыны болып табылады,үзілмелі ағыстар жағаға рифтерге соғылатын толқындардың кері ағыны болып табылады,жүлмелі ағыстар жағаға рифтерге соғылатын толқындардың кері ағыны болып табылады
1923,Әскерилерге және азаматтарға қажет заттардың қамтамасыз етілуін тоқтатқан бұл стратегия тиімді болып шықты. Дегенмен бұл блокада өткен екі ғасырдағы бірнеше халықаралық келісімде жазылған жалпы қабылданған халықаралық заңды бұзды.,эскерилерге және азаматтарға қажет заттардың қамтамасыз етілуін тоқтатқан бұл стратегия тиімді болып шықты дегенмен бұл блокада өткен еке ғасырдағы бірнеше халықаралық келісімде жазылған жалпы қабылданған халықаралық заңды бұзды,әскерилерге және азаматтарға қажет заттардың қамтамасыз етілуін тоқтатқан бұл стратегия тиімді болып шықты дегенмен бұл блокада өткен екі ғасырдағы бірнеше халықаралық келісімде жазылған жалпы қабылданған халықаралық заңды бұзды,эскерилерге және азаматтарға қажет заттардың қамтамасыз етілуін тоқтатқан бұл стратегия тиімді болып шықты дегенмен бұл блокада өткен еке ғасырдағы бірнеше халықаралық келісімде жазылған жалпы қабылданған халықаралық заңды бұзды
2009,"Ең оңай қол жеткізуге болаты өсімдік ресурстарына жапырақтар мен бұршақтарда қолжетімді ақуыздар болды, бірақ әзірлемесе, олар біз сияқты приматтар үшін қорытуға қиын.",ең оңай қол жеткізуге болатты өсімдік ресурстарына жапырақтар мен бұршақтарда қол жетімді ағуыздар болды бірақ әзірлемесе олар біз сияқты приматтар үшін қортуға қиын,ең оңай қол жеткізуге болаты өсімдік ресурстарына жапырақтар мен бұршақтарда қолжетімді ақуыздар болды бірақ әзірлемесе олар біз сияқты приматтар үшін қорытуға қиын,ең оңай қол жеткізуге болатты өсімдік ресурстарына жапырақтар мен бұршақтарда қол жетімді ағуыздар болды бірақ әзірлемесе олар біз сияқты приматтар үшін қортуға қиын
1888,"Елге оралу шогы мәдени шоктан (мұнда бастапқы фаза өте аз) гөрі тезірек пайда болады, ол ұзаққа созылады және одан да ауыр болуы мүмкін.","Елге ұралу шогы мәдени шоқтың, мұнда бастап қыфазы өте аз. Үөрі тезірек пайда болады. Ол ұзаққа созылады, және одан да ауыр болуы мүмкін.",елге оралу шогы мәдени шоктан мұнда бастапқы фаза өте аз гөрі тезірек пайда болады ол ұзаққа созылады және одан да ауыр болуы мүмкін,елге ұралу шогы мәдени шоқтың мұнда бастап қыфазы өте аз үөрі тезірек пайда болады ол ұзаққа созылады және одан да ауыр болуы мүмкін
1969,Ол негізгі тақырыптың ең тиімді орны сызықтардың қиылысуында деп айтады. Бұл кескінді тігінен және көлденеңінен үштіктерге бөледі (мысалды қараңыз).,ол негізгі тақырыптың ең тиімді орны сызықтардың қиылысуын да деп айтады бұл кескінді тігінен және көлденеңнен үш тіктерге бөледі мысалды қараңыз,ол негізгі тақырыптың ең тиімді орны сызықтардың қиылысуында деп айтады бұл кескінді тігінен және көлденеңінен үштіктерге бөледі мысалды қараңыз,ол негізгі тақырыптың ең тиімді орны сызықтардың қиылысуын да деп айтады бұл кескінді тігінен және көлденеңнен үш тіктерге бөледі мысалды қараңыз
1857,"Ол тағы былай деді: «дегенмен, олардан даму кезеңінен, жауапкершілігінен және мүмкіндіктерінен асатын міндеттемелерді қабылдауды сұрамау керек».","Ол тағы бұлай деді. Дегенмен, олардан дауын кезеңінен, жауап кершілігінен, және мүмкіндіктерінен асатын міндеттемелерді қабылдауды сұрамау керек.",ол тағы былай деді дегенмен олардан даму кезеңінен жауапкершілігінен және мүмкіндіктерінен асатын міндеттемелерді қабылдауды сұрамау керек,ол тағы бұлай деді дегенмен олардан дауын кезеңінен жауап кершілігінен және мүмкіндіктерінен асатын міндеттемелерді қабылдауды сұрамау керек
1916,"Көп неміс пісірілген өнімдерінде сонымен бірге бадам, орман жаңғақтары және басқа ағаш жаңғақтары болады. Танымал торттар жиі қою кофенің саптыаяғымен өте жақсы желінеді.",көп неміс пісірілген өнімдерінде сонымен бірге бадам орман жаңғақтары және басқа ағас жаңғақтары болады танымалы торттар жүйік қой кофейнің сыптаяғымен өте жақсы желінеді,көп неміс пісірілген өнімдерінде сонымен бірге бадам орман жаңғақтары және басқа ағаш жаңғақтары болады танымал торттар жиі қою кофенің саптыаяғымен өте жақсы желінеді,көп неміс пісірілген өнімдерінде сонымен бірге бадам орман жаңғақтары және басқа ағас жаңғақтары болады танымалы торттар жүйік қой кофейнің сыптаяғымен өте жақсы желінеді
1828,"Интернеттен «қауіпті ортаны» іздесеңіз, жергілікті компанияның мекен-жайын береді.",Интернеттен қауіпті ортаны ұздесеңіз жергілікті компанияның мекен жайын береді.,интернеттен қауіпті ортаны іздесеңіз жергілікті компанияның мекен жайын береді,интернеттен қауіпті ортаны ұздесеңіз жергілікті компанияның мекен жайын береді
1772,Осылайша нотация жай ғана белгі ретінде қосылған болуы мүмкін.,осылайша нотация жай ғана белгі ретінде қосылған болуы мүмкін,осылайша нотация жай ғана белгі ретінде қосылған болуы мүмкін,осылайша нотация жай ғана белгі ретінде қосылған болуы мүмкін
1775,"Бейне жазып алуды пайдалану бірнеше миллисекунд жалғасатын микро қимылдарды, бет бұлшық еттерінің қимылдарын түсіндіруде маңызды жаңалықтардың ашылуына себеп болды.",бейіне жазып алуды пайдалану бірнеше миллисекунд жалғасатын микроқимылдарды бетбол шығиттерің қимылдарын түсіндіруде маңызды жаңалықтардың ашылуына себеп болды,бейне жазып алуды пайдалану бірнеше миллисекунд жалғасатын микро қимылдарды бет бұлшық еттерінің қимылдарын түсіндіруде маңызды жаңалықтардың ашылуына себеп болды,бейіне жазып алуды пайдалану бірнеше миллисекунд жалғасатын микроқимылдарды бетбол шығиттерің қимылдарын түсіндіруде маңызды жаңалықтардың ашылуына себеп болды
1972,"Көп адам оларды динозаврлар деп ойламайды, өйткені олардың қауырсындары бар және ұша алады.",Көп адам оларды динозаврлар деп ойламайды. Өткені олардың қауырсындары бар және ұша алады.,көп адам оларды динозаврлар деп ойламайды өйткені олардың қауырсындары бар және ұша алады,көп адам оларды динозаврлар деп ойламайды өткені олардың қауырсындары бар және ұша алады
1810,Калифорния губернаторы Арнольд Шварценеггер кәмелетке толмағандарға зорлық-зомбылық контенті бар видео ойындарды сатуға немесе жалға беруге тыйым салатын заңға қол қойды.,Калифорния губернаторы Арнольд Шварценегер кәмелетке толмағандарға зорлық-зомбылық контенті бар видео ойындарды сатуға немесе жалға беруге түйім салатын заңға қол қойды.,калифорния губернаторы арнольд шварценеггер кәмелетке толмағандарға зорлық зомбылық контенті бар видео ойындарды сатуға немесе жалға беруге тыйым салатын заңға қол қойды,калифорния губернаторы арнольд шварценегер кәмелетке толмағандарға зорлық зомбылық контенті бар видео ойындарды сатуға немесе жалға беруге түйім салатын заңға қол қойды
1880,Осылайша қарындаш шыққан кезде көп адамдарға жақсы дос болды.,осылайша қарындаш шыққан кезде көп адамдарға жақсы дос болды,осылайша қарындаш шыққан кезде көп адамдарға жақсы дос болды,осылайша қарындаш шыққан кезде көп адамдарға жақсы дос болды
1997,Алайда туберкулезбен ауыратын адамдардың бүкіл тобындағы XDR-ТБ пайызы әлі де төмен болып көрінеді; Оңтүстік Африкада әрбір сәтте жалпы 330 000 адамның 6 мыңы ауру жұқтырады.,алайда туберкулез бен ауратын адамдардың бүкіл табындағы x-дртб пайызды әлі де төмен болып көрінеді оңтүстік африкада әрбір сәтте жалпы үш жүз отыз мың адамның алты мыңы ауыру жұқтырады,алайда туберкулезбен ауыратын адамдардың бүкіл тобындағы xdr тб пайызы әлі де төмен болып көрінеді оңтүстік африкада әрбір сәтте жалпы 330 000 адамның 6 мыңы ауру жұқтырады,алайда туберкулез бен ауратын адамдардың бүкіл табындағы x дртб пайызды әлі де төмен болып көрінеді оңтүстік африкада әрбір сәтте жалпы үш жүз отыз мың адамның алты мыңы ауыру жұқтырады
1767,"Бұл солтүстік шұғыласын көрудің жақсы мүмкіндігін береді, өйткені аспан тәулік бойы азды-көпті күңгірт болады.","Бұл сол түстік шығыласын көрінің жақсы мүмкіндігін береді. Өткені, аспан тәуілік бойы азды көпті күнгірт болады.",бұл солтүстік шұғыласын көрудің жақсы мүмкіндігін береді өйткені аспан тәулік бойы азды көпті күңгірт болады,бұл сол түстік шығыласын көрінің жақсы мүмкіндігін береді өткені аспан тәуілік бойы азды көпті күнгірт болады
1729,"Мысалы, Солтүстік Каролина штатындағы Беннет мектебінің студенттері жыл сайын штат астанасына сапары туралы веб-сайтын жасайды, бұл веб-сайт жыл сайын қайта жасалады, бірақ ескі нұсқалар альбом ретінде онлайн сақталады.",мысалы солтүстік каролина штатындағы беннет мектебінің студенттері жыл сайын штат астанасына сапар туралы веб-сайт жасайды бұл веб-сайт жыл сайын қайта жасалады бірақ ескі нұсқалар альбом ретінде онлайн сақталады,мысалы солтүстік каролина штатындағы беннет мектебінің студенттері жыл сайын штат астанасына сапары туралы веб сайтын жасайды бұл веб сайт жыл сайын қайта жасалады бірақ ескі нұсқалар альбом ретінде онлайн сақталады,мысалы солтүстік каролина штатындағы беннет мектебінің студенттері жыл сайын штат астанасына сапар туралы веб сайт жасайды бұл веб сайт жыл сайын қайта жасалады бірақ ескі нұсқалар альбом ретінде онлайн сақталады
1896,"АҚШ гимнастикасы және АҚШ Олимпиада комитеті бір мақсатты көздейді - гимнастика және басқа да спорт түрлерін барынша қауіпсіз етіп, спортшылардың өз армандарын орындауды қауіпсіз, позитивті және мүмкіндіктерге толы ортада жүзеге асыруын қамтамасыз ету.","Ақыш гимнастикасы және Ақыш Олимпиада комитеті бір мақсатты көздейді. Гимнастика және басқа да спорт түрлерін барынша қауіпсіз етіп, спортшылардың өз армандарын орындауды қауіпсіз, позитивті және мүмкіндіктерге толы ортада жүзеге асыруын қамтамасыз ету. Әріңіздеріңіздеріңіздеріңіздеріңіздеріңіздеріңіздеріңіздеріңіздеріңіздеріңіздеріңіздеріңіздеріңіздеріңіздеріңіздеріңіздеріңіздеріңіздеріңіздеріңіздеріңіздеріңіздеріңіздеріңіздеріңіздеріңіздеріңіздеріңіздеріңіздеріңіздеріңіздеріңіздеріңіздеріңіздеріңіздеріңіздеріңіздеріңіздеріңіздеріңіздеріңіздеріңіздеріңіздеріңіздеріңіздеріңіздеріңіздеріңіздеріңіздеріңіздеріңіздеріңіздеріңіздеріңіздеріңіздеріңіздеріңіздеріңіздеріңіздеріңіздеріңіздеріңіздеріңіздеріңіздеріңіздеріңіздеріңіздеріңіздеріңіздеріңіздеріңіздеріңіздері�",ақш гимнастикасы және ақш олимпиада комитеті бір мақсатты көздейді гимнастика және басқа да спорт түрлерін барынша қауіпсіз етіп спортшылардың өз армандарын орындауды қауіпсіз позитивті және мүмкіндіктерге толы ортада жүзеге асыруын қамтамасыз ету,ақыш гимнастикасы және ақыш олимпиада комитеті бір мақсатты көздейді гимнастика және басқа да спорт түрлерін барынша қауіпсіз етіп спортшылардың өз армандарын орындауды қауіпсіз позитивті және мүмкіндіктерге толы ортада жүзеге асыруын қамтамасыз ету әріңіздеріңіздеріңіздеріңіздеріңіздеріңіздеріңіздеріңіздеріңіздеріңіздеріңіздеріңіздеріңіздеріңіздеріңіздеріңіздеріңіздеріңіздеріңіздеріңіздеріңіздеріңіздеріңіздеріңіздеріңіздеріңіздеріңіздеріңіздеріңіздеріңіздеріңіздеріңіздеріңіздеріңіздеріңіздеріңіздеріңіздеріңіздеріңіздеріңіздеріңіздеріңіздеріңіздеріңіздеріңіздеріңіздеріңіздеріңіздеріңіздеріңіздеріңіздеріңіздеріңіздеріңіздеріңіздеріңіздеріңіздеріңіздеріңіздеріңіздеріңіздеріңіздеріңіздеріңіздеріңіздеріңіздеріңіздеріңіздеріңіздеріңіздеріңіздеріңіздеріңіздері
1868,"Спектрдің екінші жағында адам бейтаныс адамға айналады, ол топ орындайтын барлық әрекеттерді өзгертіп, оны өз бетінше жасау керек деп санайды.","Спектрдің екінші жағымды адам бейтаныс адамға айналады. Ол топорындайтын барлық әрекеттерді өзгертіп, оны өз бетінше жасау керек деп санайды.",спектрдің екінші жағында адам бейтаныс адамға айналады ол топ орындайтын барлық әрекеттерді өзгертіп оны өз бетінше жасау керек деп санайды,спектрдің екінші жағымды адам бейтаныс адамға айналады ол топорындайтын барлық әрекеттерді өзгертіп оны өз бетінше жасау керек деп санайды
1875,Мұхиттарға құйылатын планета өзендеріндегі судың толықтай 20 пайызы Амазонкадан келеді.,мұхиттарға құйылатын планета өзендеріндегі судың толықтай жиырма пайызы амазонкадан келеді,мұхиттарға құйылатын планета өзендеріндегі судың толықтай 20 пайызы амазонкадан келеді,мұхиттарға құйылатын планета өзендеріндегі судың толықтай жиырма пайызы амазонкадан келеді
1814,"Сутегі иондары, бұл олардан электрондары алынып тасталған протондар болып табылады (өйткені сутегі атомдары бір протон мен бір электроннан тұрады).","Су тегі иондары. Бұл олардың электрондары алынып тасталған протондар болып табылады. Өткені, су тегі атомдары бір протон мен бір электронның тұрады.",сутегі иондары бұл олардан электрондары алынып тасталған протондар болып табылады өйткені сутегі атомдары бір протон мен бір электроннан тұрады,су тегі иондары бұл олардың электрондары алынып тасталған протондар болып табылады өткені су тегі атомдары бір протон мен бір электронның тұрады
1811,"802.11n стандарты 2,4 Ггц және 5,0 Ггц жиіліктерінде жұмыс істейді.",сүйегі жүз екі нөл оңбір н стандартты екіде төрт гигагерц және бесде нөл гигагерц жүйеліктерінде жұмыс істейді,802 11n стандарты 2 4 ггц және 5 0 ггц жиіліктерінде жұмыс істейді,сүйегі жүз екі нөл оңбір н стандартты екіде төрт гигагерц және бесде нөл гигагерц жүйеліктерінде жұмыс істейді
1835,"Цунами туралы ескерту берілмеді және Джакартаның геофизика агенттігінің деректеріне сай, цунами туралы ескерту берілмейді, өйткені жер сілкінісі 6,5 магнитудасы талабына сай болмады.",цунами туралы ескерту берілмеді және жакартаның геофизика агенттігінің деректеріне сай цунами туралы ескерту берілмейді өткені жер сілкінісі алты бүтін оннан бес магнитудасы талабына сай болмады,цунами туралы ескерту берілмеді және джакартаның геофизика агенттігінің деректеріне сай цунами туралы ескерту берілмейді өйткені жер сілкінісі 6 5 магнитудасы талабына сай болмады,цунами туралы ескерту берілмеді және жакартаның геофизика агенттігінің деректеріне сай цунами туралы ескерту берілмейді өткені жер сілкінісі алты бүтін оннан бес магнитудасы талабына сай болмады
1944,"Бұл кейде адам көп болатын отбасылық жағажайлар, жағалауда көптеген дүкендері бар. Қауіпсіз жүзуге болады.","Бұл кейде адам көп болатын отбасылық жағажайлар, жағалауды көптеген дүкендері бар. Қауіпсіз жүзуге болады.",бұл кейде адам көп болатын отбасылық жағажайлар жағалауда көптеген дүкендері бар қауіпсіз жүзуге болады,бұл кейде адам көп болатын отбасылық жағажайлар жағалауды көптеген дүкендері бар қауіпсіз жүзуге болады
1668,Сондай-ақ Wild Card картасын сатып алған пайдалы болуы мүмкін. Ол Оңтүстік Африкадағы парктарға немесе Оңтүстік Африканың барлық ұлттық парктарына кіруге мүмкіндік береді.,"Сондаяқ, Уайлдкарт картасын сатып алған пайдалы болуы мүмкін. Ол оңтүстік Африкадағы парктарға немесе оңтүстік Африканың барлық ұлттық парктарына күруге мүмкіндік береді.",сондай ақ wild card картасын сатып алған пайдалы болуы мүмкін ол оңтүстік африкадағы парктарға немесе оңтүстік африканың барлық ұлттық парктарына кіруге мүмкіндік береді,сондаяқ уайлдкарт картасын сатып алған пайдалы болуы мүмкін ол оңтүстік африкадағы парктарға немесе оңтүстік африканың барлық ұлттық парктарына күруге мүмкіндік береді
1932,"Басталғаннан бес минуттан кейін жел күшее бастайды, бір минуттан кейін, жел 70 км/сағ жылдамдығына жетеді... содан кейін жаңбыр келді, бірақ тамшыларының қатты және үлкен болғаны сонша, теріңізге ине сияқты шаншылады, содан кейін аспаннан бұршақ жауды, адамдар үрейленіп, айқайлады және бір бірінің үстінен өтіп жатты.","Басталғаннан 5 минуттан кейін жел күші е бастайды. 1 минуттан кейін жел 70 км сақат жылдамдығына жетеді. Содан кейін жаңбыр келді. Бірақ тамшыларының қатты және үлкен болғаны сонша, теріңізге ине сияқты шаншылады. Содан кейін аспаннан бұршақ жауды. Адамдар үрейленіп, айқайлады. Және бір-бірінің үстінен өтіп жатты.",басталғаннан бес минуттан кейін жел күшее бастайды бір минуттан кейін жел 70 км сағ жылдамдығына жетеді содан кейін жаңбыр келді бірақ тамшыларының қатты және үлкен болғаны сонша теріңізге ине сияқты шаншылады содан кейін аспаннан бұршақ жауды адамдар үрейленіп айқайлады және бір бірінің үстінен өтіп жатты,басталғаннан 5 минуттан кейін жел күші е бастайды 1 минуттан кейін жел 70 км сақат жылдамдығына жетеді содан кейін жаңбыр келді бірақ тамшыларының қатты және үлкен болғаны сонша теріңізге ине сияқты шаншылады содан кейін аспаннан бұршақ жауды адамдар үрейленіп айқайлады және бір бірінің үстінен өтіп жатты
1824,"Мысырлық өлілер алқабындағы Гиза үстіртінде немесе «Гиза некрополисінде» бірнеше пирамида (олардың ішінде ұлы пирамида ең үлкені болып табылады), бірнеше шағын саркофаг, бірнеше храм және ұлы Сфинкс бар.",мысырлық өлілер алқауындағы гиза сүттінде немесе гиза некрополисінде бірнеше пирамида олардың ішінде олы пирамида ең үлкені болып табылады бірнеше шағым саркофаг бірнеше храм және олы сфинкс бар,мысырлық өлілер алқабындағы гиза үстіртінде немесе гиза некрополисінде бірнеше пирамида олардың ішінде ұлы пирамида ең үлкені болып табылады бірнеше шағын саркофаг бірнеше храм және ұлы сфинкс бар,мысырлық өлілер алқауындағы гиза сүттінде немесе гиза некрополисінде бірнеше пирамида олардың ішінде олы пирамида ең үлкені болып табылады бірнеше шағым саркофаг бірнеше храм және олы сфинкс бар
1719,"Қаһарлы ауа-райы - ауыр зақым келтіретін, қоғамдық құрылымға қатты қалал келтіретін және адам өлімдеріне себеп болуы мүмкін болған кез-келген қауіпті ауа-райының құбылыстарына айтылатын ұғым.",каһарлы ауа райы ауыр зақым келтіретін қоғамдық құрылымға қатты қалал келтіретін және адам өлімдеріне себеп болуы мүмкін болған кез келген қауіпті ауа райының құбылыстарына айтылатын оғым,қаһарлы ауа райы ауыр зақым келтіретін қоғамдық құрылымға қатты қалал келтіретін және адам өлімдеріне себеп болуы мүмкін болған кез келген қауіпті ауа райының құбылыстарына айтылатын ұғым,каһарлы ауа райы ауыр зақым келтіретін қоғамдық құрылымға қатты қалал келтіретін және адам өлімдеріне себеп болуы мүмкін болған кез келген қауіпті ауа райының құбылыстарына айтылатын оғым
1734,Ғалымдар қара материя басқа қара материяға қарапайым материя сияқты әсер етеді деп тұжырымдай алды.,алымдар қара материя басқа қара материяға қарапайым материя сияқты әсер етеді деп түжырымдай алды,ғалымдар қара материя басқа қара материяға қарапайым материя сияқты әсер етеді деп тұжырымдай алды,алымдар қара материя басқа қара материяға қарапайым материя сияқты әсер етеді деп түжырымдай алды
1845,Күймеде олар айқайлап жатқан және король мен патшайымға қоқан-лоққыларды айқайлап айтып жатқан адамдар тобы қоршаған күйде Парижге қайтып оралды.,күймеде олар айқайлап жатқан және король мен патшайымға қоқан лоқыларды айқайлап айтып жатқан адамдар тобы қоршаған күйде парижге қайтып оралды,күймеде олар айқайлап жатқан және король мен патшайымға қоқан лоққыларды айқайлап айтып жатқан адамдар тобы қоршаған күйде парижге қайтып оралды,күймеде олар айқайлап жатқан және король мен патшайымға қоқан лоқыларды айқайлап айтып жатқан адамдар тобы қоршаған күйде парижге қайтып оралды
1843,"Данди университетінің профессоры Памела Фергюсон журналистер күдікті адамдардың фотосуреттерін жариялай отырып, өздеріне қауіп төндіретінін айтты.",данди университетінің профессоры помело фергусон журналистер күдікті адамдардың фотосуреттерін жариялай отырып өздеріне қауіп төндіретінін айтты,данди университетінің профессоры памела фергюсон журналистер күдікті адамдардың фотосуреттерін жариялай отырып өздеріне қауіп төндіретінін айтты,данди университетінің профессоры помело фергусон журналистер күдікті адамдардың фотосуреттерін жариялай отырып өздеріне қауіп төндіретінін айтты
1698,Әлемдегі барлық нәрсе материядан тұрады. Материяның барлығы атомдар деп аталатын кішкентай бөлшектерден тұрады.,Материяның барлығы атомдар деп аталатын кішкентай бөлшектерден тұрады.,әлемдегі барлық нәрсе материядан тұрады материяның барлығы атомдар деп аталатын кішкентай бөлшектерден тұрады,материяның барлығы атомдар деп аталатын кішкентай бөлшектерден тұрады
1732,"Оқиғалар Еуропа тарихындағы 11, 12 және 13 ғасырларды қамтитын орта ғасырлардың ортаңғы кезеңінде (б.з. 1000-1300 жылдар) орын алған.",оқиғалар еуропа тарихындағы он бірінші он екінші және он үшінші қасырларды қамтитын орта қасырлардың ортаңғы кезенінде біздің заманғы мыңінші мың үш жүзінші жолдар орын алған,оқиғалар еуропа тарихындағы 11 12 және 13 ғасырларды қамтитын орта ғасырлардың ортаңғы кезеңінде б з 1000 1300 жылдар орын алған,оқиғалар еуропа тарихындағы он бірінші он екінші және он үшінші қасырларды қамтитын орта қасырлардың ортаңғы кезенінде біздің заманғы мыңінші мың үш жүзінші жолдар орын алған
1817,Шенген аймағы бұл тұрғыдан бір ел сияқты жұмыс істейді.,Шенген аймағы бұл тұрғындаң бір елі сияқты жұмыс дейді.,шенген аймағы бұл тұрғыдан бір ел сияқты жұмыс істейді,шенген аймағы бұл тұрғындаң бір елі сияқты жұмыс дейді
1876,Солтүстік Мариан аралдарындағы төтенше жағдай қызметі елде ешқандай зақым келтіретін жағдайлар орын алмады деп хабарлайды.,сол түстік марьян аралдарындағы төтенше жағдай қызметі елде ешқандай зақым келтіретін жағдайлар орын алмады деп хабарлайды,солтүстік мариан аралдарындағы төтенше жағдай қызметі елде ешқандай зақым келтіретін жағдайлар орын алмады деп хабарлайды,сол түстік марьян аралдарындағы төтенше жағдай қызметі елде ешқандай зақым келтіретін жағдайлар орын алмады деп хабарлайды
1838,Гизадағы Ұлы Пирамида - жеті ғажайыптың ішіндегі бүгінгі күнге дейін сақталып қалған жалғыз ғажап.,гизадағы ұлы пирамида жеті ғажайыптың ішіндегі бүгінгі күнге дейін сақталып қалған жалғыз ғажап,гизадағы ұлы пирамида жеті ғажайыптың ішіндегі бүгінгі күнге дейін сақталып қалған жалғыз ғажап,гизадағы ұлы пирамида жеті ғажайыптың ішіндегі бүгінгі күнге дейін сақталып қалған жалғыз ғажап
1795,"1988 жылдан бері сайлау жәшіктері мөлдір болуы керек, сонда дауыс берушілер мен бақылаушылар дауыс беру басталған кезде ешқандай хатқалталар жоқ екеніне және тиісті түрде есептелген және рұқсат етілген сайлаушылардың хатқалталарынан басқа хатқалталар қосылмағанына куәгер бола алады.",1988 жылдың бері сайлау жәшіктері мөлдір болуы керек. Сонда дауыз берішілермен бақылаушылар дауыз беру басталған кезде ешқандай қат қалталары жоғы екеніне және тез түтірде есептелген және рұқсат етілген сайлаушылардың қат қалталарынан басқа қалт қалталар қосылмағанына көәкер бола алады.,1988 жылдан бері сайлау жәшіктері мөлдір болуы керек сонда дауыс берушілер мен бақылаушылар дауыс беру басталған кезде ешқандай хатқалталар жоқ екеніне және тиісті түрде есептелген және рұқсат етілген сайлаушылардың хатқалталарынан басқа хатқалталар қосылмағанына куәгер бола алады,1988 жылдың бері сайлау жәшіктері мөлдір болуы керек сонда дауыз берішілермен бақылаушылар дауыз беру басталған кезде ешқандай қат қалталары жоғы екеніне және тез түтірде есептелген және рұқсат етілген сайлаушылардың қат қалталарынан басқа қалт қалталар қосылмағанына көәкер бола алады
1813,"Барселонаның ресми тілдері болып каталан және испан тілдері табылады. Шамамен жартысы каталан тілінде сөйлеуді жөн көреді, көпшілігі оны түсінеді және барлығы дерлік испан тілінде сөйлейді.",Барселонының ресми тілдері болып каталант және испан тілдері табылады. Шамамен жартысы каталант тілінде сөйлеуді жөн көреді. Көпшілігі оны түсінеді. Және барлығы дерлік испан тілінде сөйлейді.,барселонаның ресми тілдері болып каталан және испан тілдері табылады шамамен жартысы каталан тілінде сөйлеуді жөн көреді көпшілігі оны түсінеді және барлығы дерлік испан тілінде сөйлейді,барселонының ресми тілдері болып каталант және испан тілдері табылады шамамен жартысы каталант тілінде сөйлеуді жөн көреді көпшілігі оны түсінеді және барлығы дерлік испан тілінде сөйлейді
1802,Интернет жалпы және адамдар арасындағы байланыс элементтерін біріктіреді.,интернет жалпы және адамдар арасындағы байланыс элементтерін біріктіреді,интернет жалпы және адамдар арасындағы байланыс элементтерін біріктіреді,интернет жалпы және адамдар арасындағы байланыс элементтерін біріктіреді
1895,Грек тілін білу азайғаннан кейін батыс өзінің грек философиялық және ғылыми түбірлерінен бөлініп кеткенін тапты.,грег тілін білуі азайғаннан кейін батысөзінің грег философиялық және ғылым ютуберлерінен бөлініп кеткенін тапты,грек тілін білу азайғаннан кейін батыс өзінің грек философиялық және ғылыми түбірлерінен бөлініп кеткенін тапты,грег тілін білуі азайғаннан кейін батысөзінің грег философиялық және ғылым ютуберлерінен бөлініп кеткенін тапты
1790,"Оның жұмысы соншалықты танылған сапалы және егжей-тегжейлі болғандықтан, филателистер арасында өте аз «үй иелері атауларының » бірі болып есептеледі. Кейбіреулер өзінің жұмысын жалғыздықта жинауға маманданған.",оның жұмысы соншалықта танылған сапалы және егжей-тәгжейлі болғандықтан филателлистер арасында өте аз үй иелері атауларының бірі болып есептеледі кейбіреулер өзінің жұмысын жалғыздықта жинауға маманданған,оның жұмысы соншалықты танылған сапалы және егжей тегжейлі болғандықтан филателистер арасында өте аз үй иелері атауларының бірі болып есептеледі кейбіреулер өзінің жұмысын жалғыздықта жинауға маманданған,оның жұмысы соншалықта танылған сапалы және егжей тәгжейлі болғандықтан филателлистер арасында өте аз үй иелері атауларының бірі болып есептеледі кейбіреулер өзінің жұмысын жалғыздықта жинауға маманданған
1759,"29 жасар д-р Малар Баласубраманиан, Цинциннатиден шамамен 15 миля солтүстікке қарай орналасқан Огайо, Блю Эште табылды. Ол жолдың бойында жерде футболкада және ішкиімде жатты. Ол көп дәрі ішкен күйде болып көрінді.",29 жасыр доктор Малар Баласубраманиян Синсинатиден шамамен 15 милі солтүстікке қарай орналасқан Ағайо Бүлі әште табылды. Ол жылдың бойында жерде футболқады және үшкейімде жатты. Ол көп дәрі үшкен кейде болып көрінді. Әріңіздер,29 жасар д р малар баласубраманиан цинциннатиден шамамен 15 миля солтүстікке қарай орналасқан огайо блю эште табылды ол жолдың бойында жерде футболкада және ішкиімде жатты ол көп дәрі ішкен күйде болып көрінді,29 жасыр доктор малар баласубраманиян синсинатиден шамамен 15 милі солтүстікке қарай орналасқан ағайо бүлі әште табылды ол жылдың бойында жерде футболқады және үшкейімде жатты ол көп дәрі үшкен кейде болып көрінді әріңіздер
1741,"Солтүстікте ары қарай орналасқан үлкен аумақтарда халық өте сирек қоныстанған, ал кейбіреулері елсіз дерлік жабайы жерлер.",солтүстікте ары қарай орналасқан үлкен аумақтарда халық өте сирек қоныстанған ал кейбіреулері елсіз дерлік жабайыз жерлер,солтүстікте ары қарай орналасқан үлкен аумақтарда халық өте сирек қоныстанған ал кейбіреулері елсіз дерлік жабайы жерлер,солтүстікте ары қарай орналасқан үлкен аумақтарда халық өте сирек қоныстанған ал кейбіреулері елсіз дерлік жабайыз жерлер
1854,Көліктің өзі сол күні шамамен 12:00 GMT уақытында апат орнынан әкетілген.,көліктің өзі сол күні шамамен он екі нөл нөл джи эм ти уақытында апа торыннан әкетілген,көліктің өзі сол күні шамамен 12 00 gmt уақытында апат орнынан әкетілген,көліктің өзі сол күні шамамен он екі нөл нөл джи эм ти уақытында апа торыннан әкетілген
2003,"Гонконгтың ең жақсы көрінісін тамашалау үшін аралдан шығып, Коулун жағалауына қарай бет бұрыңыз.",гонконгтың ең жақсы көрінтісін тамашалау үшін аралдан шығып кау-луын жағалауына қарай бет бұрыңыз,гонконгтың ең жақсы көрінісін тамашалау үшін аралдан шығып коулун жағалауына қарай бет бұрыңыз,гонконгтың ең жақсы көрінтісін тамашалау үшін аралдан шығып кау луын жағалауына қарай бет бұрыңыз
1901,"AI-дің ғылыми фантастикалық қосымша мағынасы болғанымен, AI іс-қимылды, оқытуды және машиналарда сананы қолдануды қамтитын компьютерлік ғылымның аса маңызды бір саласын құрайды.",алдың ғылыми фантастикалық қосым шамағынасы болғанымен әл әс қимылды ұқытыды және машиналарда сананы ұқолдануды қамтетін компьютерлік ғылымның аса маңызды бір саласын құрайды,ai дің ғылыми фантастикалық қосымша мағынасы болғанымен ai іс қимылды оқытуды және машиналарда сананы қолдануды қамтитын компьютерлік ғылымның аса маңызды бір саласын құрайды,алдың ғылыми фантастикалық қосым шамағынасы болғанымен әл әс қимылды ұқытыды және машиналарда сананы ұқолдануды қамтетін компьютерлік ғылымның аса маңызды бір саласын құрайды
1960,"Оның жасы 20-да болғаны хабарланды. Өз мәлімдемесінде Бибер былай деді: «ол жерде болмағаныммен әрі осы қайғылы апатқа тікелей қатысты болмағаныммен, мен құрбанның отбасы туралы ойлаймын және оларға дұғалар арнаймын.","Оның жасы жермада болғаны қабарланды. Өз мәлімдемесінде Бейбер бұлай деді. Ол жерде болмағаным мен әрі осы қайғылы апатқа тікелей қатысты болмағаным мен мен құрбанның отбасы туралы ойлаймын, және оларға дұғалар арнаймын.",оның жасы 20 да болғаны хабарланды өз мәлімдемесінде бибер былай деді ол жерде болмағаныммен әрі осы қайғылы апатқа тікелей қатысты болмағаныммен мен құрбанның отбасы туралы ойлаймын және оларға дұғалар арнаймын,оның жасы жермада болғаны қабарланды өз мәлімдемесінде бейбер бұлай деді ол жерде болмағаным мен әрі осы қайғылы апатқа тікелей қатысты болмағаным мен мен құрбанның отбасы туралы ойлаймын және оларға дұғалар арнаймын
1861,"Нәтижесінде, орындаушылар сахнада каннабисті шекті және театрдың өзі аудиоторияны қосылуға шақырды.",нәтижесінде орындаушылар сахнада каннабисті шекті және театрдың өз аудиторияның қосылуға шақырды,нәтижесінде орындаушылар сахнада каннабисті шекті және театрдың өзі аудиоторияны қосылуға шақырды,нәтижесінде орындаушылар сахнада каннабисті шекті және театрдың өз аудиторияның қосылуға шақырды
1916,"Көп неміс пісірілген өнімдерінде сонымен бірге бадам, орман жаңғақтары және басқа ағаш жаңғақтары болады. Танымал торттар жиі қою кофенің саптыаяғымен өте жақсы желінеді.",көп немісіпісірілген өнімдерінде сонымен бірге бадам орман жаңғақтары және басқа ағас жаңғақтары болады танымал торттар жиже қою кофейнің сыптаяғымен өте жақсы желінеді,көп неміс пісірілген өнімдерінде сонымен бірге бадам орман жаңғақтары және басқа ағаш жаңғақтары болады танымал торттар жиі қою кофенің саптыаяғымен өте жақсы желінеді,көп немісіпісірілген өнімдерінде сонымен бірге бадам орман жаңғақтары және басқа ағас жаңғақтары болады танымал торттар жиже қою кофейнің сыптаяғымен өте жақсы желінеді
1866,"Біріншіден, шабандоздардың көпшілігі өкшесі және тегіс, айтарлықтай енсіз табаны бар салт жүріске арналған етікті киеді.",Біріншіден шабан доздардың көпшілігі өкшесі және тегіз. Айтарлықтай еңсіз табаны бар. Салт жүріске арналған етікті кейеді.,біріншіден шабандоздардың көпшілігі өкшесі және тегіс айтарлықтай енсіз табаны бар салт жүріске арналған етікті киеді,біріншіден шабан доздардың көпшілігі өкшесі және тегіз айтарлықтай еңсіз табаны бар салт жүріске арналған етікті кейеді
1797,Әр адам қоғамға қатысады және көлік жүйелерін пайдаланады. Әркім дерлік көлік жүйелері туралы шағымданады.,эр адам қоғанға қатысады және көлік жүйелерін пайдаланады әркім дерлік көлік жүйелері туралы шағымданады,әр адам қоғамға қатысады және көлік жүйелерін пайдаланады әркім дерлік көлік жүйелері туралы шағымданады,эр адам қоғанға қатысады және көлік жүйелерін пайдаланады әркім дерлік көлік жүйелері туралы шағымданады
1843,"Данди университетінің профессоры Памела Фергюсон журналистер күдікті адамдардың фотосуреттерін жариялай отырып, өздеріне қауіп төндіретінін айтты.",данди университетінің профессоры памелла фергюсон журналистер күдікті адамдардың фотосуреттерін жариялай отырып өздеріне қауіпті төндіретін айтты,данди университетінің профессоры памела фергюсон журналистер күдікті адамдардың фотосуреттерін жариялай отырып өздеріне қауіп төндіретінін айтты,данди университетінің профессоры памелла фергюсон журналистер күдікті адамдардың фотосуреттерін жариялай отырып өздеріне қауіпті төндіретін айтты
1728,Химикаттың қышқылдығы немесе сілтілігіне байланысты орамжапырақ шырынының түсі өзгереді.,химикаттың қышқылдылығы немесе сілтілігіне байланысты орам жапырақ шарының түсі өзгереді,химикаттың қышқылдығы немесе сілтілігіне байланысты орамжапырақ шырынының түсі өзгереді,химикаттың қышқылдылығы немесе сілтілігіне байланысты орам жапырақ шарының түсі өзгереді
1789,"Басқа аталымдар қатарына «Үздік фильм», «Режиссер», «Операторлық жұмыс», «Костюмдер дизайны», «Фильмді монтаждау», «Түпнұсқа саундтрек», «Қойылым дизайны», «Дыбысты редакциялау», «Дыбысты араластыру» және «Түпнұсқа сценарий» жатады.",басқа аталымдар қатарына үздік фильм режиссер операторлық жұмыс костюмдер дизайны фильмді монтаждау түптің ұсқа саундтрек қойылым дизайны дыбысты редакциялы дыбысты араластыру және түптің ұсқа сценарий жатады,басқа аталымдар қатарына үздік фильм режиссер операторлық жұмыс костюмдер дизайны фильмді монтаждау түпнұсқа саундтрек қойылым дизайны дыбысты редакциялау дыбысты араластыру және түпнұсқа сценарий жатады,басқа аталымдар қатарына үздік фильм режиссер операторлық жұмыс костюмдер дизайны фильмді монтаждау түптің ұсқа саундтрек қойылым дизайны дыбысты редакциялы дыбысты араластыру және түптің ұсқа сценарий жатады
1696,"Университеттегі зерттеушілердің айтуынша, екі қосылыс бір-бірімен реакцияға түсіп, бүйрек қызметін тоқтата алатын кристалдар құрады.",университеттегі зерттеушілердің айтуынша екі қосылыс бір-бірмен реакцияға түсіп бүрі қызметін тоқтата алатын кристалдар құрады,университеттегі зерттеушілердің айтуынша екі қосылыс бір бірімен реакцияға түсіп бүйрек қызметін тоқтата алатын кристалдар құрады,университеттегі зерттеушілердің айтуынша екі қосылыс бір бірмен реакцияға түсіп бүрі қызметін тоқтата алатын кристалдар құрады
1683,"Мұнда осы уақытқа дейін осында өмір сүрген көптеген ерлер мен әйелдер, сондай-ақ жақындары қаза болған немесе соңғы демі қалғанша қызмет еткен еврей, еврей емес тірі адамдар көп.",мұнда осы уақытқа дейін осында өмір сүрген көптеген ерлер мен әйелдер сондай-ақ жақындары қаза болған немесе соңғы демі қалғанша қызмет еткен еврей еврей емес емес тірі адамдар көп,мұнда осы уақытқа дейін осында өмір сүрген көптеген ерлер мен әйелдер сондай ақ жақындары қаза болған немесе соңғы демі қалғанша қызмет еткен еврей еврей емес тірі адамдар көп,мұнда осы уақытқа дейін осында өмір сүрген көптеген ерлер мен әйелдер сондай ақ жақындары қаза болған немесе соңғы демі қалғанша қызмет еткен еврей еврей емес емес тірі адамдар көп
1782,Сондай-ақ әр династиялар арасында бөлінген провинциялардың тұрақсыз дәуірі болды. Осы кезеңдердің ең танымалсы — Хань мен Цзинь династияларының арасында 60 жыл бойы болған Үш патшалық дәуірі еді.,Сондай-ақ әр династиялар арасында бөлінген провинциялардың тұрақсыз дәуірі болды. Осы кезеңдердің ең танымалсы ған мен зен династияларының арасында алпыз жыл бойы болған үш патшалық дәуірі еді.,сондай ақ әр династиялар арасында бөлінген провинциялардың тұрақсыз дәуірі болды осы кезеңдердің ең танымалсы хань мен цзинь династияларының арасында 60 жыл бойы болған үш патшалық дәуірі еді,сондай ақ әр династиялар арасында бөлінген провинциялардың тұрақсыз дәуірі болды осы кезеңдердің ең танымалсы ған мен зен династияларының арасында алпыз жыл бойы болған үш патшалық дәуірі еді
1662,Қорытпалар негізінен екі немесе одан да көп металдардың қоспасы болып табылады. Периодты кестеде көптеген элементтер бар екенін ұмытпаңыз.,Күртпалар негізнен екі немесе оданды көп металдардың қоспасы болып табылады. Периотты кестеде көптеген элементтер бар екенін ұмытпанғыз.,қорытпалар негізінен екі немесе одан да көп металдардың қоспасы болып табылады периодты кестеде көптеген элементтер бар екенін ұмытпаңыз,күртпалар негізнен екі немесе оданды көп металдардың қоспасы болып табылады периотты кестеде көптеген элементтер бар екенін ұмытпанғыз
1745,"Өсімдіктер табиғи жағдайда жақсы көрінеді, сондықтан олардың «бір данасын» да алып тастамаңыз.",өсімдіктер табиғи жағдайда жақсы көрінеді сондықтан олардың бір данасын да алып тастамаңыз,өсімдіктер табиғи жағдайда жақсы көрінеді сондықтан олардың бір данасын да алып тастамаңыз,өсімдіктер табиғи жағдайда жақсы көрінеді сондықтан олардың бір данасын да алып тастамаңыз
1753,"Бұл көбінесе бар болғаны дәл емес стереотип болғанымен, Парижде өмір сүрудің ең жақсы жолы – ең жақсы мінез-құлықты көрсету, жақсы тәрбиеленген адам сияқты әрекет ету. Бұл саяхаттауды айтарлықтай жеңілдетеді.","Бұл көбінесе бар болғаны дәлі мес стереотип болғанымен, Парижде өмір сүрудің ең жақсы жолы, ең жақсы мүнес құлықты көрсету, жақсы тәрбейленген адам сияқты әрекет ету. Бұл саяқаттауды айтарлықтай женілдетеді.",бұл көбінесе бар болғаны дәл емес стереотип болғанымен парижде өмір сүрудің ең жақсы жолы ең жақсы мінез құлықты көрсету жақсы тәрбиеленген адам сияқты әрекет ету бұл саяхаттауды айтарлықтай жеңілдетеді,бұл көбінесе бар болғаны дәлі мес стереотип болғанымен парижде өмір сүрудің ең жақсы жолы ең жақсы мүнес құлықты көрсету жақсы тәрбейленген адам сияқты әрекет ету бұл саяқаттауды айтарлықтай женілдетеді
1686,"Нәтижесінде, кедергіні  жеңу мақсатында бірлескен жұмысты ұйымдастыру процесі тапсырыс берушілердің қажеттіліктеріне қызмет ететін жаңа инновациялық процеске әкелуі мүмкін.",нәтижесінде кедергіні жеңу мақсатында бірлескен жұмысты ұйымдастыру процесі тапсырыс берушілердің қажеттіліктеріне қызмет ететін жаңа инновациялық процеске әкелуі мүмкін,нәтижесінде кедергіні жеңу мақсатында бірлескен жұмысты ұйымдастыру процесі тапсырыс берушілердің қажеттіліктеріне қызмет ететін жаңа инновациялық процеске әкелуі мүмкін,нәтижесінде кедергіні жеңу мақсатында бірлескен жұмысты ұйымдастыру процесі тапсырыс берушілердің қажеттіліктеріне қызмет ететін жаңа инновациялық процеске әкелуі мүмкін
1779,Бұл хабарландыру Трамп Түркия президенті Реджеп Тайып Ердоғанмен телефон арқылы сөйлескеннен кейін жасалды.,бұл хабарландыру трамп түркия президенті риджеп тайып ердағанмен телефон арқылы сөйлескеннен кейін жасалды,бұл хабарландыру трамп түркия президенті реджеп тайып ердоғанмен телефон арқылы сөйлескеннен кейін жасалды,бұл хабарландыру трамп түркия президенті риджеп тайып ердағанмен телефон арқылы сөйлескеннен кейін жасалды
2004,"Дәл осы айда тағы бір ұшақ Мешхедтің ұшу-қону жолағын басып өтіп, қабырғаға соғылып он жеті адамды өлтірді.",дәл осы айда тағы бір ұшақ мешкеттің шу қонау жалағын басып өтіп қабырғаға соғылып он жеті адамды өлтірді,дәл осы айда тағы бір ұшақ мешхедтің ұшу қону жолағын басып өтіп қабырғаға соғылып он жеті адамды өлтірді,дәл осы айда тағы бір ұшақ мешкеттің шу қонау жалағын басып өтіп қабырғаға соғылып он жеті адамды өлтірді
1864,Кирчнер ханым Аргентина театрында өзінің президенттік сайлауға қатысу ниеті туралы жариялады. Ол 2005 жылғы Буэнос-Айрес провинциясының делегациясының мүшесі ретінде Сенат үшін науқанын бастау үшін дәл осы жерді пайдаланған.,керченер ханым аргентина театрында өзінің президенттік сайлауға қатысуы ниеті туралы жариялады ол екімің бесінші жылғы буэнос-айрос провинциясының делегациясының мүшесі ретінде сенат үшін науқанын бастау үшін дәл осы жерде пайдаланған,кирчнер ханым аргентина театрында өзінің президенттік сайлауға қатысу ниеті туралы жариялады ол 2005 жылғы буэнос айрес провинциясының делегациясының мүшесі ретінде сенат үшін науқанын бастау үшін дәл осы жерді пайдаланған,керченер ханым аргентина театрында өзінің президенттік сайлауға қатысуы ниеті туралы жариялады ол екімің бесінші жылғы буэнос айрос провинциясының делегациясының мүшесі ретінде сенат үшін науқанын бастау үшін дәл осы жерде пайдаланған
1764,"Келген адамдардың саны көп болғаны сонша, Сент Питер алаңындағы жерлеу процессиясына барлық адам қатыса алмады.",келген адамдардың саны көп болғаны сонша сент-питер алаңындағы жерлеу процессиясына барлық адам қатыса алмады,келген адамдардың саны көп болғаны сонша сент питер алаңындағы жерлеу процессиясына барлық адам қатыса алмады,келген адамдардың саны көп болғаны сонша сент питер алаңындағы жерлеу процессиясына барлық адам қатыса алмады
1819,Ежелгі Қытайда әртүрлі уақыт мерзімдерін көрсетудің ерекше әдісі болды; Қытай тарихының әрбір кезеңі немесе билік басына келген әрбір отбасы ерекше династия болды.,ежелгі қытайда әртүрлі уақыт мерзімдерін көрсетудің ерекше әдісі болды қытай тарихының әрбір кезеңі немесе билік басына келген әрбір отбасы ерекше династия болды,ежелгі қытайда әртүрлі уақыт мерзімдерін көрсетудің ерекше әдісі болды қытай тарихының әрбір кезеңі немесе билік басына келген әрбір отбасы ерекше династия болды,ежелгі қытайда әртүрлі уақыт мерзімдерін көрсетудің ерекше әдісі болды қытай тарихының әрбір кезеңі немесе билік басына келген әрбір отбасы ерекше династия болды
1761,Кейінірек дәретханаға сұранған егде жастағы әйелдің орнын фотографтар алмастырды. Мендоза атып тасталынды.,кейінірек дәретханаға сұранған егде жастағы әйелдің орның фотографтар алмастырды мендоза атып тасталынды,кейінірек дәретханаға сұранған егде жастағы әйелдің орнын фотографтар алмастырды мендоза атып тасталынды,кейінірек дәретханаға сұранған егде жастағы әйелдің орның фотографтар алмастырды мендоза атып тасталынды
1714,"Жерсерік ғарышқа зымыранмен жіберілді. Ғалымдар ғарышта телескоптарды пайдаланады, өйткені жердің атмосферасы біраз жарық пен көріністі бұрмалайды.",жерсерік қарышқа зымыранмен жіберілді халындар қарышта телескоптарды пайдаланады өйткені жердің атмосферасы біраз жарықпен көріністі бұрмалайды,жерсерік ғарышқа зымыранмен жіберілді ғалымдар ғарышта телескоптарды пайдаланады өйткені жердің атмосферасы біраз жарық пен көріністі бұрмалайды,жерсерік қарышқа зымыранмен жіберілді халындар қарышта телескоптарды пайдаланады өйткені жердің атмосферасы біраз жарықпен көріністі бұрмалайды
1889,"Ол бізге пойызды, автокөлікті және басқа да көлік құралдарын алып келді.",ол бізге поезді асла көлікті және басқа да көлік құралдарын алып келді,ол бізге пойызды автокөлікті және басқа да көлік құралдарын алып келді,ол бізге поезді асла көлікті және басқа да көлік құралдарын алып келді
1713,"Гома жеткілікті деңгейде қауіпсіз болғанмен, Гомадан тыс аймақтарға шығудан бұрын, Солтүстік Киву провинциясындағы соғыс жағдайын түсіну үшін аздап зерттеу жүргізген дұрыс.","Гома жеткілікті денгеде қауіпсіз болғанмен, гомадың тұл саймақтарға шығудан бұрын сол түстіп Киеву провинциясындағы соғыз жағдайын түсіну үшін аздап зерттеу жүргізген дұрыс.",гома жеткілікті деңгейде қауіпсіз болғанмен гомадан тыс аймақтарға шығудан бұрын солтүстік киву провинциясындағы соғыс жағдайын түсіну үшін аздап зерттеу жүргізген дұрыс,гома жеткілікті денгеде қауіпсіз болғанмен гомадың тұл саймақтарға шығудан бұрын сол түстіп киеву провинциясындағы соғыз жағдайын түсіну үшін аздап зерттеу жүргізген дұрыс
1944,"Бұл кейде адам көп болатын отбасылық жағажайлар, жағалауда көптеген дүкендері бар. Қауіпсіз жүзуге болады.",бұл кейде адам көп болатын отбасылық жағажайлар жағалауда көптеген дүкендері бар қауіпсіз жүзуге болады,бұл кейде адам көп болатын отбасылық жағажайлар жағалауда көптеген дүкендері бар қауіпсіз жүзуге болады,бұл кейде адам көп болатын отбасылық жағажайлар жағалауда көптеген дүкендері бар қауіпсіз жүзуге болады
1830,Билеуші партия Оңтүстік батыс Африка халық ұйымы (SWAPO) парламенттік сайлауларда көптеген орынға ие болды.,белелші партия оңтүстік батыс африка халық ұйымы парламенттік сайлауларды көптеген орынға ие болды,билеуші партия оңтүстік батыс африка халық ұйымы swapo парламенттік сайлауларда көптеген орынға ие болды,белелші партия оңтүстік батыс африка халық ұйымы парламенттік сайлауларды көптеген орынға ие болды
1954,"Тәртіпті қорғаушылары, доппен жұмыс істеу дағдылары және тамаша командалық жұмысы оларды ерекше бөліп көрсетті және бұл ең күшті команда болатыны анық еді.",тәртіпті қорғалушылары доппен жұмыс істеу дағдылары және тамаша командалық жұмысы оларды ерекше бөліп көрсетті және бұл ең күшті команда болатына анық еді,тәртіпті қорғаушылары доппен жұмыс істеу дағдылары және тамаша командалық жұмысы оларды ерекше бөліп көрсетті және бұл ең күшті команда болатыны анық еді,тәртіпті қорғалушылары доппен жұмыс істеу дағдылары және тамаша командалық жұмысы оларды ерекше бөліп көрсетті және бұл ең күшті команда болатына анық еді
1796,Бұл шөгінді жыныстар жабайы жануарлардың мекені болған құмқайырларды және жағажайларды жасауға қажет болды.,бұл шогынды жаныстар жабайы жануарлардың мекені болған құмқайырларды және жағажайларды жасауға қажет болды,бұл шөгінді жыныстар жабайы жануарлардың мекені болған құмқайырларды және жағажайларды жасауға қажет болды,бұл шогынды жаныстар жабайы жануарлардың мекені болған құмқайырларды және жағажайларды жасауға қажет болды
1934,Әдетте сіз туристердің және сатушылардың дыбысын әрқашан естисіз. Дыбыс пен жарықтан тұратын хикая дәл хикая кітабы сияқты болады.,"Адетте сіз туристердің және сатушылардың дыбысын әр қашан естейсіз. Дыбыс пен жарықтан тұратын хикая, дәл хикая кітабы сияқты болады.",әдетте сіз туристердің және сатушылардың дыбысын әрқашан естисіз дыбыс пен жарықтан тұратын хикая дәл хикая кітабы сияқты болады,адетте сіз туристердің және сатушылардың дыбысын әр қашан естейсіз дыбыс пен жарықтан тұратын хикая дәл хикая кітабы сияқты болады
1795,"1988 жылдан бері сайлау жәшіктері мөлдір болуы керек, сонда дауыс берушілер мен бақылаушылар дауыс беру басталған кезде ешқандай хатқалталар жоқ екеніне және тиісті түрде есептелген және рұқсат етілген сайлаушылардың хатқалталарынан басқа хатқалталар қосылмағанына куәгер бола алады.",мың тоғыз сексен сегізінш жылдан бері сайлау жәшіктері мөлдір болуы керек сонда дауыс берушілер мен бақылаушылар дауыс беру басталған кезде ешқандай қатқалталар жоқ екеніне және тиісті түрде есептелген және рұқсат етілген сайлаушылардың қатқалталарынан басқа қатқалталар қосылмағанына куәгер болан алады,1988 жылдан бері сайлау жәшіктері мөлдір болуы керек сонда дауыс берушілер мен бақылаушылар дауыс беру басталған кезде ешқандай хатқалталар жоқ екеніне және тиісті түрде есептелген және рұқсат етілген сайлаушылардың хатқалталарынан басқа хатқалталар қосылмағанына куәгер бола алады,мың тоғыз сексен сегізінш жылдан бері сайлау жәшіктері мөлдір болуы керек сонда дауыс берушілер мен бақылаушылар дауыс беру басталған кезде ешқандай қатқалталар жоқ екеніне және тиісті түрде есептелген және рұқсат етілген сайлаушылардың қатқалталарынан басқа қатқалталар қосылмағанына куәгер болан алады
1826,"Апаттан соң Гибсон ауруханаға жеткізілді, бірақ аз уақыт өтпей қайтыс болды.","Абаттың соң гипсін ауруханаға жеткізілді, бірақ аз уақыт өтпей қайтыз болды.",апаттан соң гибсон ауруханаға жеткізілді бірақ аз уақыт өтпей қайтыс болды,абаттың соң гипсін ауруханаға жеткізілді бірақ аз уақыт өтпей қайтыз болды
1771,"Негізгі сахналардағы музыка аяқталғанымен, фестивальдің түннің кеш уақытына дейін музыканы ойнатуды жалғастыратын бөліктері болуы мүмкін екенін есте сақтаңыз.",негізгі сахналардағы музыка аяқталғанымен фестивальдің түннің кеш уақытына дейін музыканы ойнатуды жалғастыратын бөліктері болуы мүмкін екенін есте сақтаңыз,негізгі сахналардағы музыка аяқталғанымен фестивальдің түннің кеш уақытына дейін музыканы ойнатуды жалғастыратын бөліктері болуы мүмкін екенін есте сақтаңыз,негізгі сахналардағы музыка аяқталғанымен фестивальдің түннің кеш уақытына дейін музыканы ойнатуды жалғастыратын бөліктері болуы мүмкін екенін есте сақтаңыз
1733,Оның 78 ұсынысының біріншісі — Ирактың шекарасын дұшпандық араласудан қорғау және көршілерімен дипломатиялық қатынастарды қайта орнату үшін осы жылдың соңына дейін  жаңа дипломатиялық бастама қолға алынуы керек.,оның жетпіс-гіз ұсынысының біріншісі ирактың шекарасын дұшпандық араласудан қорғау және көршілер мен дипломатиялық қатынастарды қайта орнату үшін осы жылдың соңына дейін жаңа дипломатиялық бастама қолға алынуы керек,оның 78 ұсынысының біріншісі ирактың шекарасын дұшпандық араласудан қорғау және көршілерімен дипломатиялық қатынастарды қайта орнату үшін осы жылдың соңына дейін жаңа дипломатиялық бастама қолға алынуы керек,оның жетпіс гіз ұсынысының біріншісі ирактың шекарасын дұшпандық араласудан қорғау және көршілер мен дипломатиялық қатынастарды қайта орнату үшін осы жылдың соңына дейін жаңа дипломатиялық бастама қолға алынуы керек
1984,"Сондай-ақ массалық көлікке иелік жолдарда апаттардың көбірек болуына әкеледі, бұл зақымдалған денелерді жөндеу үшін денсаулық сақтау саласында жаңа әдістерді ойлап табуға әкеледі.",сондай-ақ массалық көлікке иелік жолдарды апаттардың көбірек болуына әкеледі бұл зақымдалған денелерді жөндеу үшін денсаулық сақтау саласында жаңа әдістерді ойлап табуға әкеледі,сондай ақ массалық көлікке иелік жолдарда апаттардың көбірек болуына әкеледі бұл зақымдалған денелерді жөндеу үшін денсаулық сақтау саласында жаңа әдістерді ойлап табуға әкеледі,сондай ақ массалық көлікке иелік жолдарды апаттардың көбірек болуына әкеледі бұл зақымдалған денелерді жөндеу үшін денсаулық сақтау саласында жаңа әдістерді ойлап табуға әкеледі
1983,"Өркениет сөзі латынның «civilis» сөзінен шыққан, азаматтық деген мағынаны білдіретін, ол азамат деген мағынаны білдіретін, латынша «civis» сөзімен байланысты, ал қала немесе қала-мемлекет деген мағынаны білдіретін «civitas» сөзі де бар, сонымен бірге бұл белгілі бір деңгейде қоғамның көлемін анықтайды.","Құркенеет сөзі латынның цивилис сөзінен шыққан. Азаматтық деген мағынаны білдіретін. Ол азамат деген мағынаны білдіретін. Латынша цивиз сөзімен байланысты, ал қала немесе қала мемлекет деген мағынаны білдіретін цивитас сөзі де бар. Сон мен бірге бол белгілі бірденге де қоғамның көлемін анықтайды.",өркениет сөзі латынның civilis сөзінен шыққан азаматтық деген мағынаны білдіретін ол азамат деген мағынаны білдіретін латынша civis сөзімен байланысты ал қала немесе қала мемлекет деген мағынаны білдіретін civitas сөзі де бар сонымен бірге бұл белгілі бір деңгейде қоғамның көлемін анықтайды,құркенеет сөзі латынның цивилис сөзінен шыққан азаматтық деген мағынаны білдіретін ол азамат деген мағынаны білдіретін латынша цивиз сөзімен байланысты ал қала немесе қала мемлекет деген мағынаны білдіретін цивитас сөзі де бар сон мен бірге бол белгілі бірденге де қоғамның көлемін анықтайды
1842,"Динозавр қауырсынында рахис деп аталатын жақсы дамыған білік жоқ, бірақ қауырсынның басқа ерекшеліктері бар — кертіктер мен шоқша сақалдар — зерттеушілер рахис туралы олардың кейінірек эволюциялық болған деген қорытындыға келді.","Динозавыр қауырсынында рахез деп аталатын жақсы дамыған білік жоқ. Бірақ қауырсынның басқа ерекшеліктері бар. Кертіктер мен шоқша сақалдар, зерттеушілер рахез туралы олардың кейінірек эволюциялық болған деген қорытындыға келді.",динозавр қауырсынында рахис деп аталатын жақсы дамыған білік жоқ бірақ қауырсынның басқа ерекшеліктері бар кертіктер мен шоқша сақалдар зерттеушілер рахис туралы олардың кейінірек эволюциялық болған деген қорытындыға келді,динозавыр қауырсынында рахез деп аталатын жақсы дамыған білік жоқ бірақ қауырсынның басқа ерекшеліктері бар кертіктер мен шоқша сақалдар зерттеушілер рахез туралы олардың кейінірек эволюциялық болған деген қорытындыға келді
1739,Меккенің солтүстігіндегі таулардың біріндегі шыңда орналасқан үңгір әлемнің қалған бөліктерінен толығымен оқшауланған.,меккенің сол түстігіндегі таулардың біріндегі шыңдау орналасқан үңгір әлемнің қалған бөліктерінен толығымен оқшауланған,меккенің солтүстігіндегі таулардың біріндегі шыңда орналасқан үңгір әлемнің қалған бөліктерінен толығымен оқшауланған,меккенің сол түстігіндегі таулардың біріндегі шыңдау орналасқан үңгір әлемнің қалған бөліктерінен толығымен оқшауланған
1966,Комиссия қазан айында басталған кең тараған режимге қарсы наразылықтарға Мартеллидің жауабы болды.,комиссия қазан айында басталған кең тараған режимге қарсы наразылықтарға марталийдің жоабы болды,комиссия қазан айында басталған кең тараған режимге қарсы наразылықтарға мартеллидің жауабы болды,комиссия қазан айында басталған кең тараған режимге қарсы наразылықтарға марталийдің жоабы болды
1681,"Дегенмен ол жалғыз емес, эксперименттер өткізу және эксперимент ықтимал гипотезалардың біреуін немесе бірнешеуін жою үшін пайдаланылатын сынақ болып табылады. Сұрақтар қою және бақылаулар жасау да ғылыми зерттеуді бағыттайды.",Дегенмен ол жалғыз емес. Эксперименттер өткізу және эксперимент ұқтимал гипотезалардың біреуін немесе бірнешеуін жою үшін пайдаланылатын сынақ болып табылады. Сұрақтар қою және бақылаулар жасауды ғылым езерттеуді бағыттайды.,дегенмен ол жалғыз емес эксперименттер өткізу және эксперимент ықтимал гипотезалардың біреуін немесе бірнешеуін жою үшін пайдаланылатын сынақ болып табылады сұрақтар қою және бақылаулар жасау да ғылыми зерттеуді бағыттайды,дегенмен ол жалғыз емес эксперименттер өткізу және эксперимент ұқтимал гипотезалардың біреуін немесе бірнешеуін жою үшін пайдаланылатын сынақ болып табылады сұрақтар қою және бақылаулар жасауды ғылым езерттеуді бағыттайды
1898,"«Ол [Уэльс] бізге әуел бастан-ақ өтірік айтты. Біріншіден, бұл заңды себептермен болғандай әрекет ету арқылы. Екіншіден, өзінің өнерін жойғанға дейін бізге құлақ салғандай бола қалу арқылы».",ол уэлс бізге әуел бастан ақ өтіргі айтты бірінші ден бұл заңды себептермен болғандай әрекет ету арқылы екіншіден өзінің өнерін жойғанға дейін бізге құлақ салғандай бола қалу арқылы,ол уэльс бізге әуел бастан ақ өтірік айтты біріншіден бұл заңды себептермен болғандай әрекет ету арқылы екіншіден өзінің өнерін жойғанға дейін бізге құлақ салғандай бола қалу арқылы,ол уэлс бізге әуел бастан ақ өтіргі айтты бірінші ден бұл заңды себептермен болғандай әрекет ету арқылы екіншіден өзінің өнерін жойғанға дейін бізге құлақ салғандай бола қалу арқылы
2004,"Дәл осы айда тағы бір ұшақ Мешхедтің ұшу-қону жолағын басып өтіп, қабырғаға соғылып он жеті адамды өлтірді.",дәл осы айда тағы бір ұшақ мешкеттің ұшы қоны жолағын басу өтіп қабырғаға соғылып он жеті адамды өлтірді,дәл осы айда тағы бір ұшақ мешхедтің ұшу қону жолағын басып өтіп қабырғаға соғылып он жеті адамды өлтірді,дәл осы айда тағы бір ұшақ мешкеттің ұшы қоны жолағын басу өтіп қабырғаға соғылып он жеті адамды өлтірді
1698,Әлемдегі барлық нәрсе материядан тұрады. Материяның барлығы атомдар деп аталатын кішкентай бөлшектерден тұрады.,ілемдегі барлық нәрсе материядан тұрады материяның барлығы атымдар деп аталатын күшкентай бөлшектерден тұрады,әлемдегі барлық нәрсе материядан тұрады материяның барлығы атомдар деп аталатын кішкентай бөлшектерден тұрады,ілемдегі барлық нәрсе материядан тұрады материяның барлығы атымдар деп аталатын күшкентай бөлшектерден тұрады
1712,1966 жылдан бері Сундарбан жабайы жануарлар қорығы болған. Есептеулер бойынша қазіргі уақыта бұл аумақта 400 корольдік бенгал жолбарысы және шамамен 30 000 дақты бұғы бар.,1966 жылдан бері Сундарбарн жабай жануарлары қорғы болған. Есептелер бойынша қазіргі уақытта бұл аумақта 400 королдық бенгал жолбарысы және шама мен 30 мүндай дақты бұғы бар.,1966 жылдан бері сундарбан жабайы жануарлар қорығы болған есептеулер бойынша қазіргі уақыта бұл аумақта 400 корольдік бенгал жолбарысы және шамамен 30 000 дақты бұғы бар,1966 жылдан бері сундарбарн жабай жануарлары қорғы болған есептелер бойынша қазіргі уақытта бұл аумақта 400 королдық бенгал жолбарысы және шама мен 30 мүндай дақты бұғы бар
1914,Жиырмасыншы ғасырдағы зерттеу генетикалық вариацияның екі пулы бар екенін көрсетті: жасырын және көрінетін.,жиырмасыншы қасырдағы зерттеу генетикалық вариацияның екі пулы бар екенін көрсетті жасырын және көрінетін,жиырмасыншы ғасырдағы зерттеу генетикалық вариацияның екі пулы бар екенін көрсетті жасырын және көрінетін,жиырмасыншы қасырдағы зерттеу генетикалық вариацияның екі пулы бар екенін көрсетті жасырын және көрінетін
1664,"Екі құрғақ ұнтақты араластырыңыз, содан кейін таза, ылғалды қолдармен оларды қысып, шарик жасаңыз.",Екі құрғақ ұнтақты арластырыңыз. Сонан кейін таза. Ұлғалды қолдармен оларды қысып шарик жасаңыз.,екі құрғақ ұнтақты араластырыңыз содан кейін таза ылғалды қолдармен оларды қысып шарик жасаңыз,екі құрғақ ұнтақты арластырыңыз сонан кейін таза ұлғалды қолдармен оларды қысып шарик жасаңыз
1821,Ми патологиялары мен іс-қимыл арасындағы байланыс ғалымдарды олардың зерттеулерінде қолдайды.,Мей патологиялары мен үз қимыл арасындағы байланыс ғалымдарды олардың зерттеулерінде қолдайды.,ми патологиялары мен іс қимыл арасындағы байланыс ғалымдарды олардың зерттеулерінде қолдайды,мей патологиялары мен үз қимыл арасындағы байланыс ғалымдарды олардың зерттеулерінде қолдайды
1779,Бұл хабарландыру Трамп Түркия президенті Реджеп Тайып Ердоғанмен телефон арқылы сөйлескеннен кейін жасалды.,бұл хабарландыру трамп түркия президенті риджеп таев ердоғаммен телефон арқылы сөйлескеннен кейін жасалды,бұл хабарландыру трамп түркия президенті реджеп тайып ердоғанмен телефон арқылы сөйлескеннен кейін жасалды,бұл хабарландыру трамп түркия президенті риджеп таев ердоғаммен телефон арқылы сөйлескеннен кейін жасалды
1705,"1940 жылы 15 тамызда одақтастар оңтүстік Францияға басып кірді, бұл шапқыншылық «Дракон операциясы» деген атауға ие болды.",1940 жылы 15-ші тамызды ұдақтыстар оңтүстік Францияға басып кірді. Бұл шапқыншылық дракон операциясы деген атауыға ие болды.,1940 жылы 15 тамызда одақтастар оңтүстік францияға басып кірді бұл шапқыншылық дракон операциясы деген атауға ие болды,1940 жылы 15 ші тамызды ұдақтыстар оңтүстік францияға басып кірді бұл шапқыншылық дракон операциясы деген атауыға ие болды
1962,pН деңгейі химиялық құрамдағы сутегі (рН ішіндегі H) иондарының мөлшерімен көрсетіледі.,пиаж деңгейі химиялық құрамдағы су тегі пиаж ішіндегі аш иондарының мүлшерімен көрсетіледі,pн деңгейі химиялық құрамдағы сутегі рн ішіндегі h иондарының мөлшерімен көрсетіледі,пиаж деңгейі химиялық құрамдағы су тегі пиаж ішіндегі аш иондарының мүлшерімен көрсетіледі
1980,"Өкінішке орай, жол қозғалысы ағынын зерттеу қиын, өйткені жүргізушінің мінез-құлқын жүз пайыз сенімділікпен болжау мүмкін емес.",Бұл көнішке орай жол қозғалысы ағынын дерттеу қиын. Өткені жүргізішінің мүнес қылқын жүз пайыз семнімділікпен жолдау мүмкін өмес.,өкінішке орай жол қозғалысы ағынын зерттеу қиын өйткені жүргізушінің мінез құлқын жүз пайыз сенімділікпен болжау мүмкін емес,бұл көнішке орай жол қозғалысы ағынын дерттеу қиын өткені жүргізішінің мүнес қылқын жүз пайыз семнімділікпен жолдау мүмкін өмес
1789,"Басқа аталымдар қатарына «Үздік фильм», «Режиссер», «Операторлық жұмыс», «Костюмдер дизайны», «Фильмді монтаждау», «Түпнұсқа саундтрек», «Қойылым дизайны», «Дыбысты редакциялау», «Дыбысты араластыру» және «Түпнұсқа сценарий» жатады.",басқа аталымдар қатарына үздік фильм режиссер операторлық жұмыс костюмдер дизайны фильмді монтаждау түп нұсқас саундтрек қойылым дизайны дыбысты редакциялау дыбысты араластыру және түп нұсқас инария жатады,басқа аталымдар қатарына үздік фильм режиссер операторлық жұмыс костюмдер дизайны фильмді монтаждау түпнұсқа саундтрек қойылым дизайны дыбысты редакциялау дыбысты араластыру және түпнұсқа сценарий жатады,басқа аталымдар қатарына үздік фильм режиссер операторлық жұмыс костюмдер дизайны фильмді монтаждау түп нұсқас саундтрек қойылым дизайны дыбысты редакциялау дыбысты араластыру және түп нұсқас инария жатады
1721,"1963 жылы тоған салынғаннан кейін, тасындылардың жайылуына себеп болатын маусымдық су тасқыны тоқтатылды.",мың тоғы жүз алпыс үшінші жылы тоған салынғаннан кейін тасындылардың жайылына себеп болатын маусымдық су тасқына тоқтатылды,1963 жылы тоған салынғаннан кейін тасындылардың жайылуына себеп болатын маусымдық су тасқыны тоқтатылды,мың тоғы жүз алпыс үшінші жылы тоған салынғаннан кейін тасындылардың жайылына себеп болатын маусымдық су тасқына тоқтатылды
1793,"Егер сіз ауыл жолдарында көлікпен жүруге дағдыланбаған болсаңыз, мынаған дайын болыңыз: тік еңістер, тар жолдар және кенет бұрылыстар басым болады.",егер сіз ауыл жолдарында көлікпен жүруге датыланбаған болсаңыз ынаған дайын болыңыз тік еңістер тар жолдар және кейнет бұрылыстар басым болады,егер сіз ауыл жолдарында көлікпен жүруге дағдыланбаған болсаңыз мынаған дайын болыңыз тік еңістер тар жолдар және кенет бұрылыстар басым болады,егер сіз ауыл жолдарында көлікпен жүруге датыланбаған болсаңыз ынаған дайын болыңыз тік еңістер тар жолдар және кейнет бұрылыстар басым болады
1768,Кешеннің жиектеріндегі ғимараттардың көпшілігі туристерге басында қалай пайда болғаны туралы жақсырақ түсінік беру үшін қайта соғылды.,кешеннің жиектеріндегі ғимараттардың көпшілігі туристерге басында қалай пайда болғанын туралы жақсырақ түсінік беру үшін қайта соғылда,кешеннің жиектеріндегі ғимараттардың көпшілігі туристерге басында қалай пайда болғаны туралы жақсырақ түсінік беру үшін қайта соғылды,кешеннің жиектеріндегі ғимараттардың көпшілігі туристерге басында қалай пайда болғанын туралы жақсырақ түсінік беру үшін қайта соғылда
1792,Бұл химиялық рН деп аталады. Қызыл қырыққабат шырынын пайдаланып индикатор жасай аласыз.,бұл химиялық пи-аш деп аталады қызыл қырыққабат шүрінін пайдаланып индикатор жасай аласыз,бұл химиялық рн деп аталады қызыл қырыққабат шырынын пайдаланып индикатор жасай аласыз,бұл химиялық пи аш деп аталады қызыл қырыққабат шүрінін пайдаланып индикатор жасай аласыз
1868,"Спектрдің екінші жағында адам бейтаныс адамға айналады, ол топ орындайтын барлық әрекеттерді өзгертіп, оны өз бетінше жасау керек деп санайды.",спектрдың екінші жағында адам бейтаныс адамға айналады ол топ орындайтын барлық әрекеттерді өзгертіп оны өз бетінше жасау керек деп санайды,спектрдің екінші жағында адам бейтаныс адамға айналады ол топ орындайтын барлық әрекеттерді өзгертіп оны өз бетінше жасау керек деп санайды,спектрдың екінші жағында адам бейтаныс адамға айналады ол топ орындайтын барлық әрекеттерді өзгертіп оны өз бетінше жасау керек деп санайды
1773,Ұйқының үзілуі — қалыпты ұйқы кезеңінде мақсатпен оянудың және кейінірек қысқа уақытқа (10-60 минут) ұйықтау процесі.,уйқының үзілуі қалыпты уйқы кезеңінде мақсатпен оянудың және кейінірек қысқа уақытта он алпыс минут уйықтау процесі,ұйқының үзілуі қалыпты ұйқы кезеңінде мақсатпен оянудың және кейінірек қысқа уақытқа 10 60 минут ұйықтау процесі,уйқының үзілуі қалыпты уйқы кезеңінде мақсатпен оянудың және кейінірек қысқа уақытта он алпыс минут уйықтау процесі
1911,"Осы сияқты, шенген визаңыз болса, шенгенге мүше елдердің әрқайсысына визаға бөлек өтінім беру қажет болмайды, осылайша сіз уақытты, ақшаны үнемдейсіз және құжаттармен жұмыс азырақ болады.",осы сияқты шенген визаңыз болса шенгенге мүше елдерің әрқайсына визаға бөлек өтінім беру қажет болмайды осылайша сіз уақытты ақшаны өнемдейсіз және құжаттармен жұмыс азырақ болады,осы сияқты шенген визаңыз болса шенгенге мүше елдердің әрқайсысына визаға бөлек өтінім беру қажет болмайды осылайша сіз уақытты ақшаны үнемдейсіз және құжаттармен жұмыс азырақ болады,осы сияқты шенген визаңыз болса шенгенге мүше елдерің әрқайсына визаға бөлек өтінім беру қажет болмайды осылайша сіз уақытты ақшаны өнемдейсіз және құжаттармен жұмыс азырақ болады
1710,"Өткен аптада METI ұйымы оған Apple компаниясы қызып кетудің 34 қосымша инциденті туралы хабарлағанын жариялады, Apple компаниясы оларды «ауыр емес» деп атады.",мити үйімі оған apple компаниясы қызып кетудің 34 қосымша инциденті туралы қабарлаған жариялады apple компаниясы оларды ауыреместеп атады,өткен аптада meti ұйымы оған apple компаниясы қызып кетудің 34 қосымша инциденті туралы хабарлағанын жариялады apple компаниясы оларды ауыр емес деп атады,мити үйімі оған apple компаниясы қызып кетудің 34 қосымша инциденті туралы қабарлаған жариялады apple компаниясы оларды ауыреместеп атады
1963,"Дымқыл киімді үтіктеу киімнің кебуіне көмектеседі. Көп қонақ үйлерде, тіпті бөлмеде болмаса да, ала тұруға болатын үтік және үтіктеу тақтасы болады.","Дымқыл киімді үтіктеу киімнің кебуіне көмектеседі. Көп қонақ елерде, тіпті бөлмеде болмаса да, ала тұрға болатын үтік және үтіктеу тақтасы болады.",дымқыл киімді үтіктеу киімнің кебуіне көмектеседі көп қонақ үйлерде тіпті бөлмеде болмаса да ала тұруға болатын үтік және үтіктеу тақтасы болады,дымқыл киімді үтіктеу киімнің кебуіне көмектеседі көп қонақ елерде тіпті бөлмеде болмаса да ала тұрға болатын үтік және үтіктеу тақтасы болады
1834,"Сонымен қатар солтүстігінде бүкіл әлемге әйгілі Мариан ғажабының орны болған, Фатимадағы Әйел ғибадатханасына барыңыз.",Сонымен қатар сол түстігінде бүкіл әлемге әйгілі Мариян ғажабының орны болған. Фатимадағы әйел ғибадат қанасына барыңыз.,сонымен қатар солтүстігінде бүкіл әлемге әйгілі мариан ғажабының орны болған фатимадағы әйел ғибадатханасына барыңыз,сонымен қатар сол түстігінде бүкіл әлемге әйгілі мариян ғажабының орны болған фатимадағы әйел ғибадат қанасына барыңыз
1932,"Басталғаннан бес минуттан кейін жел күшее бастайды, бір минуттан кейін, жел 70 км/сағ жылдамдығына жетеді... содан кейін жаңбыр келді, бірақ тамшыларының қатты және үлкен болғаны сонша, теріңізге ине сияқты шаншылады, содан кейін аспаннан бұршақ жауды, адамдар үрейленіп, айқайлады және бір бірінің үстінен өтіп жатты.","Басталғаннан 5 минуттан кейін жел күшее бастайды. 1 минуттан кейін жел 70 км сағат жылдамдықына жетеді. Содан кейін жаңбыр келді, бірақ тамшыларының қатты және үлкен болғаны сонша теріңізге ине сияқты шаншылады. шылады. Сұғыдаң кейін аспанның бір шақ жауды. Адамдар үрейленіп, айғайлады. Және бір-бірінің үстінен етіп, өтіп жатты.",басталғаннан бес минуттан кейін жел күшее бастайды бір минуттан кейін жел 70 км сағ жылдамдығына жетеді содан кейін жаңбыр келді бірақ тамшыларының қатты және үлкен болғаны сонша теріңізге ине сияқты шаншылады содан кейін аспаннан бұршақ жауды адамдар үрейленіп айқайлады және бір бірінің үстінен өтіп жатты,басталғаннан 5 минуттан кейін жел күшее бастайды 1 минуттан кейін жел 70 км сағат жылдамдықына жетеді содан кейін жаңбыр келді бірақ тамшыларының қатты және үлкен болғаны сонша теріңізге ине сияқты шаншылады шылады сұғыдаң кейін аспанның бір шақ жауды адамдар үрейленіп айғайлады және бір бірінің үстінен етіп өтіп жатты
1783,"Аймақтық және маусымдық ауа райы құбылыстары қарлы борандарды, мұзды борандарды және шаң дауылдарын қамтиды.",аймақтық және маусымдық ауа-райы қобылыстары қарлы борандарды мұзды борандарды және шаң дауылдарын қамтиды,аймақтық және маусымдық ауа райы құбылыстары қарлы борандарды мұзды борандарды және шаң дауылдарын қамтиды,аймақтық және маусымдық ауа райы қобылыстары қарлы борандарды мұзды борандарды және шаң дауылдарын қамтиды
1831,"Плитвиц көлдері ұлттық паркін қалың орман жапқан. Орман негізінен қайың, шырша және майқарағай ағаштарынан тұрады. Орманда альпылық және жерортатеңіздік өсімдіктер аралас өседі.","Бұлетвиц көлдері ұлттық паркін қалың орман жапқан. Орман негізінен қайын, шырқша және май қарағай қаштарынан тұрады. Орманда альпылық және жер орта теніздік өсімдіктер арала сөседі.",плитвиц көлдері ұлттық паркін қалың орман жапқан орман негізінен қайың шырша және майқарағай ағаштарынан тұрады орманда альпылық және жерортатеңіздік өсімдіктер аралас өседі,бұлетвиц көлдері ұлттық паркін қалың орман жапқан орман негізінен қайын шырқша және май қарағай қаштарынан тұрады орманда альпылық және жер орта теніздік өсімдіктер арала сөседі
1912,Кішірек аралдардың көпшілігі тәуелсіз ұлттар болып табылады немесе Франциямен байланысты және қымбат жағажай курорттары ретінде белгілі.,кішірек аралдардың көпшілігі тәуелсіз ұлттар болып табылады немесе франция мен байланысты және қымбат жағажай курорттары ретінде белгілі,кішірек аралдардың көпшілігі тәуелсіз ұлттар болып табылады немесе франциямен байланысты және қымбат жағажай курорттары ретінде белгілі,кішірек аралдардың көпшілігі тәуелсіз ұлттар болып табылады немесе франция мен байланысты және қымбат жағажай курорттары ретінде белгілі
1923,Әскерилерге және азаматтарға қажет заттардың қамтамасыз етілуін тоқтатқан бұл стратегия тиімді болып шықты. Дегенмен бұл блокада өткен екі ғасырдағы бірнеше халықаралық келісімде жазылған жалпы қабылданған халықаралық заңды бұзды.,ескерилерге және азаматтарға қажет заттардың қамтамасы етілуін тоқтатқан бұл стратегия тиімді болып шықды дегенмен бұл блокада өткен екі ғасырдағы бірнеше халықаралық келісімде жазылған жалпы қабылданған халықаралық заңды бұзды,әскерилерге және азаматтарға қажет заттардың қамтамасыз етілуін тоқтатқан бұл стратегия тиімді болып шықты дегенмен бұл блокада өткен екі ғасырдағы бірнеше халықаралық келісімде жазылған жалпы қабылданған халықаралық заңды бұзды,ескерилерге және азаматтарға қажет заттардың қамтамасы етілуін тоқтатқан бұл стратегия тиімді болып шықды дегенмен бұл блокада өткен екі ғасырдағы бірнеше халықаралық келісімде жазылған жалпы қабылданған халықаралық заңды бұзды
1879,"Жаңа бірдеңе пайда боғланда, пернетақта неге айналатыны туралы болжамдар жасауға ғана болады.",жаңа бірдеңе пайда бол болғыланды пернетақта неге айналатыны туралы болшамдар жасауға ғана болады,жаңа бірдеңе пайда боғланда пернетақта неге айналатыны туралы болжамдар жасауға ғана болады,жаңа бірдеңе пайда бол болғыланды пернетақта неге айналатыны туралы болшамдар жасауға ғана болады
1815,Атомдық бомба көп протондар мен нейтрондар арқылы ядро ​​құру үшін энергия алуы принципі бойынша жұмыс істейді.,Атомдық бомбы көп протондар мен нейтрондар арқылы ядра қыру үшін энергия алуы принципі бойынша жымыс істейді.,атомдық бомба көп протондар мен нейтрондар арқылы ядро ​​құру үшін энергия алуы принципі бойынша жұмыс істейді,атомдық бомбы көп протондар мен нейтрондар арқылы ядра қыру үшін энергия алуы принципі бойынша жымыс істейді
1762,"Бұл ауру шошқаларда болады, содан кейін ол масалар арқылы адамдарға өтеді.",Мұл ауыру шошқаларда болады. Содан кейін ол масалар арқылы адымдарғы өтеді.,бұл ауру шошқаларда болады содан кейін ол масалар арқылы адамдарға өтеді,мұл ауыру шошқаларда болады содан кейін ол масалар арқылы адымдарғы өтеді
1673,"Тәуелсіздік үшін соғыс кезінде он үш штат алдымен әлсіз орталық үкіметін құрды, Конфедерация баптары бойынша Конгресс оның жалғыз құрамдасы еді.",тәуелсіздік үшін соғыс кезінде он-үш штат алдымен әлсіз орталық үкіметін құрды конфедерация баптары бойынша конгресс оның жалғыз құрамдасы еді,тәуелсіздік үшін соғыс кезінде он үш штат алдымен әлсіз орталық үкіметін құрды конфедерация баптары бойынша конгресс оның жалғыз құрамдасы еді,тәуелсіздік үшін соғыс кезінде он үш штат алдымен әлсіз орталық үкіметін құрды конфедерация баптары бойынша конгресс оның жалғыз құрамдасы еді
1958,"Бұл қала елдің қалған қалаларынан өте ерекше, өйткені онда африкандықтан ерекшеліктерден гөрі араб ерекшеліктері көбірек.",бұл қала елдің қалған қалаларының өте ерекше өткені онда африкандықтан ерекшеліктерден бөрі араб ерекшеліктері көбірек,бұл қала елдің қалған қалаларынан өте ерекше өйткені онда африкандықтан ерекшеліктерден гөрі араб ерекшеліктері көбірек,бұл қала елдің қалған қалаларының өте ерекше өткені онда африкандықтан ерекшеліктерден бөрі араб ерекшеліктері көбірек
1979,"Фолкленд аралының ресми валютасы - Фолкленд фунты (FKP), оның құны Британдық бір фунтқа (GBP) теңестірілген.",фолкленд аралының ресми валютасы фолкленд фунты фкп оның құны британдық бір фунтқа гбп теңестірілген,фолкленд аралының ресми валютасы фолкленд фунты fkp оның құны британдық бір фунтқа gbp теңестірілген,фолкленд аралының ресми валютасы фолкленд фунты фкп оның құны британдық бір фунтқа гбп теңестірілген
1689,"Еуропа — салыстырмалы түрде шағын, бірақ көп тәуелсіз елдері бар континент. Қалыпты жағдайларда, бірнеше ел арқылы саяхаттасаңыз, визаға өтінімдер беру және бірнеше рет төлқұжатты тексеруден өту керектігін білдіретін еді.",еуропа салыстырмалы түрде шағын бірақ көп тәуелсіз елдері бар континент қалыпты жағдайларда бірнеше ел арқылы сайқаттасаңыз визаға өтінімдер беру және бірнеше рет төл қыжатты тексеруден өту керектігін білдіретін еді,еуропа салыстырмалы түрде шағын бірақ көп тәуелсіз елдері бар континент қалыпты жағдайларда бірнеше ел арқылы саяхаттасаңыз визаға өтінімдер беру және бірнеше рет төлқұжатты тексеруден өту керектігін білдіретін еді,еуропа салыстырмалы түрде шағын бірақ көп тәуелсіз елдері бар континент қалыпты жағдайларда бірнеше ел арқылы сайқаттасаңыз визаға өтінімдер беру және бірнеше рет төл қыжатты тексеруден өту керектігін білдіретін еді
1958,"Бұл қала елдің қалған қалаларынан өте ерекше, өйткені онда африкандықтан ерекшеліктерден гөрі араб ерекшеліктері көбірек.",бұл қала елдің қалған қалаларынан өте ерекше өйткені онда африкандықтан ерекшеліктерден гөрі араб ерекшеліктері көбірек,бұл қала елдің қалған қалаларынан өте ерекше өйткені онда африкандықтан ерекшеліктерден гөрі араб ерекшеліктері көбірек,бұл қала елдің қалған қалаларынан өте ерекше өйткені онда африкандықтан ерекшеліктерден гөрі араб ерекшеліктері көбірек
1803,"Сіздің қолыңыздағы ылғал сыртқы қабаттармен өзара әрекетке түсіп, біртүрлі сезіледі және қорғаныс қабығын түзеді.",сіздің қолыңыздағы ылғал сыртқы қабаттармен өзірі әрекетке түсіп біртүрлі сезіледі және қорғаныс қабығын түзеді,сіздің қолыңыздағы ылғал сыртқы қабаттармен өзара әрекетке түсіп біртүрлі сезіледі және қорғаныс қабығын түзеді,сіздің қолыңыздағы ылғал сыртқы қабаттармен өзірі әрекетке түсіп біртүрлі сезіледі және қорғаныс қабығын түзеді
1702,Бар болғаны екі аптада американдықтар және еркін француз күштері оңтүстік Францияны босатты және Германияға қарай бұрылып жатты.,бар болғаны екі аптада американдықтар және еркін француз күштері оңтүстік францияны босатты және германияға қарай бұрылып жатты,бар болғаны екі аптада американдықтар және еркін француз күштері оңтүстік францияны босатты және германияға қарай бұрылып жатты,бар болғаны екі аптада американдықтар және еркін француз күштері оңтүстік францияны босатты және германияға қарай бұрылып жатты
1900,"іс жүзінде, тіпті адам оның бар екенін білсе де, оны табу оңай емес. Үңгірге түскеннен кейін толығымен оқшауланасыз.","Ис жүзінде тіпті адам оның бар екенін білседе, оны табу оңай емес. Үңгірге түскеннен кейін толығы мен оқшауынасыз.",іс жүзінде тіпті адам оның бар екенін білсе де оны табу оңай емес үңгірге түскеннен кейін толығымен оқшауланасыз,ис жүзінде тіпті адам оның бар екенін білседе оны табу оңай емес үңгірге түскеннен кейін толығы мен оқшауынасыз
1873,"Ер адамдардан бас тартқанда берік болыңыз және өз пікіріңізден таймаңыз (мәдени айырмашылықтар болсын-болмасын, бұл дұрыс емес!).","Ер адамдардан бастартқанда берік болуыңыз және өз пікіріңізден таймаңыз. Мәдени айырмашылықтар болсын, болмасын, бұл дұрыс емес.",ер адамдардан бас тартқанда берік болыңыз және өз пікіріңізден таймаңыз мәдени айырмашылықтар болсын болмасын бұл дұрыс емес,ер адамдардан бастартқанда берік болуыңыз және өз пікіріңізден таймаңыз мәдени айырмашылықтар болсын болмасын бұл дұрыс емес
1858,БҰҰ аурулар бойынша сарапшысы Даниель Лантанның айтуы бойынша аурудың өршуіне бейбітшілдер себеп болған болуы мүмкін.,біркен алттар ұйымы аурулар бойынша сарапшысы дэниел лантаның айтыу бойынша аурудың өршуіне бейбітшілдер себеп болған болуы мүмкін,бұұ аурулар бойынша сарапшысы даниель лантанның айтуы бойынша аурудың өршуіне бейбітшілдер себеп болған болуы мүмкін,біркен алттар ұйымы аурулар бойынша сарапшысы дэниел лантаның айтыу бойынша аурудың өршуіне бейбітшілдер себеп болған болуы мүмкін
1793,"Егер сіз ауыл жолдарында көлікпен жүруге дағдыланбаған болсаңыз, мынаған дайын болыңыз: тік еңістер, тар жолдар және кенет бұрылыстар басым болады.",егер сіз ауыл жолдарында көлікпен жүруге дағдыланбаған болсаңыз мынаған дайын болыңыз тік еңістер тар жолдар және кенет бұрылыстар басым болады,егер сіз ауыл жолдарында көлікпен жүруге дағдыланбаған болсаңыз мынаған дайын болыңыз тік еңістер тар жолдар және кенет бұрылыстар басым болады,егер сіз ауыл жолдарында көлікпен жүруге дағдыланбаған болсаңыз мынаған дайын болыңыз тік еңістер тар жолдар және кенет бұрылыстар басым болады
1787,Блоггинг — бірлесіп жұмыс істеуге шабыттандыратын және оқушыларды дәстүрлі мектеп күнінен кеңейтуге ынталандыратын құрал.,блогинг бірлесіп жұмыс істеуге шабыттандыратын және оқушыларды дәстүрлі мектеп күнінен кеңейтуге ынталандыратын құрал,блоггинг бірлесіп жұмыс істеуге шабыттандыратын және оқушыларды дәстүрлі мектеп күнінен кеңейтуге ынталандыратын құрал,блогинг бірлесіп жұмыс істеуге шабыттандыратын және оқушыларды дәстүрлі мектеп күнінен кеңейтуге ынталандыратын құрал
1727,Баспанасыз балалар тастап кеткенге немесе қашып кеткенге дейін балаларға қарсы зорлық-зомбылықты көрген немесе жанжарақатын алған болуы мүмкін.,баспанасыз балалар тастап кеткен немесе қашып кеткенде дейін балаларға қарсы зорлық зомбылықты көрген немесе жанжарлықты алған болуы мүмкін,баспанасыз балалар тастап кеткенге немесе қашып кеткенге дейін балаларға қарсы зорлық зомбылықты көрген немесе жанжарақатын алған болуы мүмкін,баспанасыз балалар тастап кеткен немесе қашып кеткенде дейін балаларға қарсы зорлық зомбылықты көрген немесе жанжарлықты алған болуы мүмкін
1807,"Итальян тілі мемлекетте жұмыс істейтіндердің көпшілігі қолданатын күнделікті тілі, ал латын тілі діни рәсімдерде жиі қолданылады.",италиян тілі мемлекетте жұмыс істейтіндердің көпшілігі қолданатын күнделікті тілі аллатын тілі діни рәсімдерге жиі қолданылады,итальян тілі мемлекетте жұмыс істейтіндердің көпшілігі қолданатын күнделікті тілі ал латын тілі діни рәсімдерде жиі қолданылады,италиян тілі мемлекетте жұмыс істейтіндердің көпшілігі қолданатын күнделікті тілі аллатын тілі діни рәсімдерге жиі қолданылады
1681,"Дегенмен ол жалғыз емес, эксперименттер өткізу және эксперимент ықтимал гипотезалардың біреуін немесе бірнешеуін жою үшін пайдаланылатын сынақ болып табылады. Сұрақтар қою және бақылаулар жасау да ғылыми зерттеуді бағыттайды.",дегенмен ол жалғыз емес эксперименттер өткізу және эксперимент ықтымал гипотезаларының біреуін немесе бірнешеуін жою үшін пайдаланатын сынақ болып табылады сұрақтар қою және бақылаулар жасауда ғылыми зерттеуді бағыттайда,дегенмен ол жалғыз емес эксперименттер өткізу және эксперимент ықтимал гипотезалардың біреуін немесе бірнешеуін жою үшін пайдаланылатын сынақ болып табылады сұрақтар қою және бақылаулар жасау да ғылыми зерттеуді бағыттайды,дегенмен ол жалғыз емес эксперименттер өткізу және эксперимент ықтымал гипотезаларының біреуін немесе бірнешеуін жою үшін пайдаланатын сынақ болып табылады сұрақтар қою және бақылаулар жасауда ғылыми зерттеуді бағыттайда
1690,"USOC ұйымының атлеттердің және клубтардың әрі олардың спорт түрлерінің мүдделеріне лицензиядан айыру орнына, ұйымымызда мағыналы өзгеріс жасау арқылы жақсырақ қызмет көрсетуге болатынымен келіседі.",у сок ұйымының атлеттерінің және клубтардың әрі олардың спорт түрлерінің мүделеріне лицензиядан айыру орнына ұйымдастырды мағыналы өзгеріс жасалу арқылы жақсырақ қызмет көрсетуге болатынымен келіседі,usoc ұйымының атлеттердің және клубтардың әрі олардың спорт түрлерінің мүдделеріне лицензиядан айыру орнына ұйымымызда мағыналы өзгеріс жасау арқылы жақсырақ қызмет көрсетуге болатынымен келіседі,у сок ұйымының атлеттерінің және клубтардың әрі олардың спорт түрлерінің мүделеріне лицензиядан айыру орнына ұйымдастырды мағыналы өзгеріс жасалу арқылы жақсырақ қызмет көрсетуге болатынымен келіседі
1727,Баспанасыз балалар тастап кеткенге немесе қашып кеткенге дейін балаларға қарсы зорлық-зомбылықты көрген немесе жанжарақатын алған болуы мүмкін.,баспанасыз балалар тастап кеткенге немесе қашып кеткенге дейін балаларға қарсы зорлық зомбылықты көрген немесе жан жарақатын алған болуы мүмкін,баспанасыз балалар тастап кеткенге немесе қашып кеткенге дейін балаларға қарсы зорлық зомбылықты көрген немесе жанжарақатын алған болуы мүмкін,баспанасыз балалар тастап кеткенге немесе қашып кеткенге дейін балаларға қарсы зорлық зомбылықты көрген немесе жан жарақатын алған болуы мүмкін
1691,"Кейбір маршруттарда үлкенірек компаниялардың өз ұшақтары бар, бірақ басқа маршруттарда және кішірек фирмаларда мәселе болған.",кейбір маршруттарда үлкен-үрек компаниялардың өз шақтары бар бірақ басқа маршруттарда және кішірек фирмаларда мәселе болған,кейбір маршруттарда үлкенірек компаниялардың өз ұшақтары бар бірақ басқа маршруттарда және кішірек фирмаларда мәселе болған,кейбір маршруттарда үлкен үрек компаниялардың өз шақтары бар бірақ басқа маршруттарда және кішірек фирмаларда мәселе болған
1686,"Нәтижесінде, кедергіні  жеңу мақсатында бірлескен жұмысты ұйымдастыру процесі тапсырыс берушілердің қажеттіліктеріне қызмет ететін жаңа инновациялық процеске әкелуі мүмкін.",нәтижесінде кедергені жеңу мақсатында бірлескен жұмысты ұйымдастыру процесі тапсырыс берушілердің қажеттіліктеріне қызмет ететін жаңа инновациялық процеске әкелуі мүмкін,нәтижесінде кедергіні жеңу мақсатында бірлескен жұмысты ұйымдастыру процесі тапсырыс берушілердің қажеттіліктеріне қызмет ететін жаңа инновациялық процеске әкелуі мүмкін,нәтижесінде кедергені жеңу мақсатында бірлескен жұмысты ұйымдастыру процесі тапсырыс берушілердің қажеттіліктеріне қызмет ететін жаңа инновациялық процеске әкелуі мүмкін
1723,"Бұл портта 1889 жылы әскери-теңіз флоттарының қайғылы қарама-қарсы келуі болған. Германияның, АҚШ-тың және Британияның жеті кемесі порттан кетуден бас тартқан.","Бұл портта 1889 жылы әскери теніз флоттарының қайғылы қарамағарысы келуі болған. Германияның, Ақыштың және Британияның жеті кемесі порттан кетуден бастартқан.",бұл портта 1889 жылы әскери теңіз флоттарының қайғылы қарама қарсы келуі болған германияның ақш тың және британияның жеті кемесі порттан кетуден бас тартқан,бұл портта 1889 жылы әскери теніз флоттарының қайғылы қарамағарысы келуі болған германияның ақыштың және британияның жеті кемесі порттан кетуден бастартқан
1998,"Олардың қабыршақтары мен тырнақтары бар аяқтары бар, олар жұмыртқалайды және олар тиранозавр сияқты екі артқы аяғында жүреді.",олардың қабыршақтары мен тырнақтары бар аяқтары бар олар жұмыртқалайды және олар денгі наза бір сияқты екі артқы аяғында жүреді,олардың қабыршақтары мен тырнақтары бар аяқтары бар олар жұмыртқалайды және олар тиранозавр сияқты екі артқы аяғында жүреді,олардың қабыршақтары мен тырнақтары бар аяқтары бар олар жұмыртқалайды және олар денгі наза бір сияқты екі артқы аяғында жүреді
1978,«Спрингбокс» үшін бұл қатара бес ойындық жеңіліспен аяқталды.,спрингбокс үшін бұл қатара бес ойындық жеңірісімен аяқталды,спрингбокс үшін бұл қатара бес ойындық жеңіліспен аяқталды,спрингбокс үшін бұл қатара бес ойындық жеңірісімен аяқталды
1751,Дебатты «Катрина» дауылының салдарынан көмек пен реконструкцияға жұмсауға қатысты даулар тудырды; кейбір қаржылық консерваторлар мұны әзілдеп «Буштың Жаңа Орлеандағы мәмілесі» деп атады.,деп атты катрина даулының салдарынан көмек пен реконструкцияға жұмсауға қатысты даулар тудырды кейбір қаржылық консерваторлар мұны әзілдеп буштың жаңа әрлеандағы мәмілесі деп атады,дебатты катрина дауылының салдарынан көмек пен реконструкцияға жұмсауға қатысты даулар тудырды кейбір қаржылық консерваторлар мұны әзілдеп буштың жаңа орлеандағы мәмілесі деп атады,деп атты катрина даулының салдарынан көмек пен реконструкцияға жұмсауға қатысты даулар тудырды кейбір қаржылық консерваторлар мұны әзілдеп буштың жаңа әрлеандағы мәмілесі деп атады
1893,"Сундарбандар - әлемдегі ең үлкен жағалаудағы мангр тоғайының белдеуі, жағалаудан Бангладеш пен Үндістанның ішкі аудандарына дейін 80 км (50 миль) созылып жатыр.",Сұндарбандар әлемдегі ең үлкен жағалаудағы Манғырт оғайның белдеуі. Жағалаудың Бангладеш пен Үндістанның ішкі аудандарында дейін 80 километр немесе 50 мл созылып жатыр.,сундарбандар әлемдегі ең үлкен жағалаудағы мангр тоғайының белдеуі жағалаудан бангладеш пен үндістанның ішкі аудандарына дейін 80 км 50 миль созылып жатыр,сұндарбандар әлемдегі ең үлкен жағалаудағы манғырт оғайның белдеуі жағалаудың бангладеш пен үндістанның ішкі аудандарында дейін 80 километр немесе 50 мл созылып жатыр
1975,Ватикан қаласы халқының саны — шамамен 800. Бұл — дүние жүзіндегі ең шағын тәуелсіз ел және халық саны ең аз ел.,"Ватикан қаласы халқының саны шамамен 800. Бұл дүние жүзіндегі ең шағын тауелсіз ел, және халық саны ең аз ел.",ватикан қаласы халқының саны шамамен 800 бұл дүние жүзіндегі ең шағын тәуелсіз ел және халық саны ең аз ел,ватикан қаласы халқының саны шамамен 800 бұл дүние жүзіндегі ең шағын тауелсіз ел және халық саны ең аз ел
1801,Гонконг аспанын безендіретін ғимараттар тобы Виктория Харбор суларының қатысуымен айқын көрінетін жарқыраған жолақ диаграммасымен салыстырылды.,гонконг аспанының безендіретін ғимараттар тобы виктория харбор суларының қатысуымен айқын көрінетін жарқыраған жолақ диаграмасымен салыстырылады,гонконг аспанын безендіретін ғимараттар тобы виктория харбор суларының қатысуымен айқын көрінетін жарқыраған жолақ диаграммасымен салыстырылды,гонконг аспанының безендіретін ғимараттар тобы виктория харбор суларының қатысуымен айқын көрінетін жарқыраған жолақ диаграмасымен салыстырылады
1868,"Спектрдің екінші жағында адам бейтаныс адамға айналады, ол топ орындайтын барлық әрекеттерді өзгертіп, оны өз бетінше жасау керек деп санайды.",спектрдің екінші жағында адам бейтаныс адамға айналды ол топ орындайтын барлық әрекеттерді өзгертіп оны өз бетінше жасау керек деп санайды,спектрдің екінші жағында адам бейтаныс адамға айналады ол топ орындайтын барлық әрекеттерді өзгертіп оны өз бетінше жасау керек деп санайды,спектрдің екінші жағында адам бейтаныс адамға айналды ол топ орындайтын барлық әрекеттерді өзгертіп оны өз бетінше жасау керек деп санайды
1730,"Автобустар күні бойы ауданаралық автовокзалдан (өзеннің бойымен) шығады, дегенмен көбісі, әсіресе шығысқа және Джакарға/Бумтангқа бет алғандары 06:30 және 07: 30 аралығында шығады.",автобустар күні бойы ауданаралық автовокзалдан өзеннің бойымен шығады дегенмен көбісі әсіресе шығысқа және жакарға бұмтанға бет алғандары алты отыз және жеті отыз аралығында шығады,автобустар күні бойы ауданаралық автовокзалдан өзеннің бойымен шығады дегенмен көбісі әсіресе шығысқа және джакарға бумтангқа бет алғандары 06 30 және 07 30 аралығында шығады,автобустар күні бойы ауданаралық автовокзалдан өзеннің бойымен шығады дегенмен көбісі әсіресе шығысқа және жакарға бұмтанға бет алғандары алты отыз және жеті отыз аралығында шығады
1781,"Мадагаскар — қазіргі уақытта ең үлкені әрі жабайы табиғатына келгенде, өздігінен континент болып табылады.",мадагаскар қазіргі уақытта ең үлкен әрі жабайы табиғатқа келгенде өздігінен континент болып табылады,мадагаскар қазіргі уақытта ең үлкені әрі жабайы табиғатына келгенде өздігінен континент болып табылады,мадагаскар қазіргі уақытта ең үлкен әрі жабайы табиғатқа келгенде өздігінен континент болып табылады
1945,Касабланка — бүкіл Мароккодағы шоппинг жасау ең қызық емес жерлердің бірі.,касабланка бүкіл мороккодағы шопинг жасау ең қызық емес жерлердің бір,касабланка бүкіл мароккодағы шоппинг жасау ең қызық емес жерлердің бірі,касабланка бүкіл мороккодағы шопинг жасау ең қызық емес жерлердің бір
1792,Бұл химиялық рН деп аталады. Қызыл қырыққабат шырынын пайдаланып индикатор жасай аласыз.,бұл химиялық пияж деп аталады қызыл қырық қабат шырынын пайдаланып индикатор жасай аласыз,бұл химиялық рн деп аталады қызыл қырыққабат шырынын пайдаланып индикатор жасай аласыз,бұл химиялық пияж деп аталады қызыл қырық қабат шырынын пайдаланып индикатор жасай аласыз
1925,"Жасалған жұмыс көбіне теориялық болды, бірақ Мерген галактикасына қатысты жасалатын бақылауларды симуляциялау үшін бағдарлама жазылды.",жасалған жұмыс көбіне теориялық болды бірақ мерген галактикасына қатысты жасалатын бақылауларда симуляциялау үшін бағдарлама жазылды,жасалған жұмыс көбіне теориялық болды бірақ мерген галактикасына қатысты жасалатын бақылауларды симуляциялау үшін бағдарлама жазылды,жасалған жұмыс көбіне теориялық болды бірақ мерген галактикасына қатысты жасалатын бақылауларда симуляциялау үшін бағдарлама жазылды
1764,"Келген адамдардың саны көп болғаны сонша, Сент Питер алаңындағы жерлеу процессиясына барлық адам қатыса алмады.",келген адамдардың саны көп болғаны сонша сент-питер аланыңдағы жерлеу процессиясына барлық адам қатыса алмады,келген адамдардың саны көп болғаны сонша сент питер алаңындағы жерлеу процессиясына барлық адам қатыса алмады,келген адамдардың саны көп болғаны сонша сент питер аланыңдағы жерлеу процессиясына барлық адам қатыса алмады
1871,"Таяу Шығыстың климаты жылы болғандықтан, үй аса маңызды болмаған.",таяу шығыстың климаты жылы болғандықтан үй аса маңызды болмаған,таяу шығыстың климаты жылы болғандықтан үй аса маңызды болмаған,таяу шығыстың климаты жылы болғандықтан үй аса маңызды болмаған
1919,"Қала Африкадағы ең арзан тау горилласы саудасының орталығы болумен қатар, Ньирагонго жанартауына шығуда негізгі қала қызметін атқарады.",африкадағы ең арзан тау гориласы саудасының орталығы болумен қатар нирагонго жаңартауына шығуда негізгі қала қызметін атқарады,қала африкадағы ең арзан тау горилласы саудасының орталығы болумен қатар ньирагонго жанартауына шығуда негізгі қала қызметін атқарады,африкадағы ең арзан тау гориласы саудасының орталығы болумен қатар нирагонго жаңартауына шығуда негізгі қала қызметін атқарады
1891,"Лакша Сингх ""чхаппан бхог"" (елу алты дегенді білдіреді) өлеңін ұсынды. Ол әнді әнші Раджу Ханделвалмен бірге орындады.",Лакшы Синг Чхапан Пхок елу алты дегенді білдіреді. Өленің ұсынды. Ол әнді әнші Раджу Хандель Ванлымен бірге орындады.,лакша сингх чхаппан бхог елу алты дегенді білдіреді өлеңін ұсынды ол әнді әнші раджу ханделвалмен бірге орындады,лакшы синг чхапан пхок елу алты дегенді білдіреді өленің ұсынды ол әнді әнші раджу хандель ванлымен бірге орындады
1924,"Әйелдер отыратын тобындағы төрт шаңғышы өз жарыстарын аяқтай алмады, ал Giant Slalom жарысындағы жалпы 117 шаңғышының 45-і жарыста орын алмады.","Айлдер отыратын тобындағы төрт шанғышы өз жарыстарын аяқтай алмады, ал Джайант Слелым жарысындағы жалпы 117 шанғышының 45-сі жарыста орын алмады.",әйелдер отыратын тобындағы төрт шаңғышы өз жарыстарын аяқтай алмады ал giant slalom жарысындағы жалпы 117 шаңғышының 45 і жарыста орын алмады,айлдер отыратын тобындағы төрт шанғышы өз жарыстарын аяқтай алмады ал джайант слелым жарысындағы жалпы 117 шанғышының 45 сі жарыста орын алмады
1787,Блоггинг — бірлесіп жұмыс істеуге шабыттандыратын және оқушыларды дәстүрлі мектеп күнінен кеңейтуге ынталандыратын құрал.,блогинг бірлесіп жұмыс істеуге шабыттандыратын және оқушыларды дәстүрлі мектеп күнінен кеңейтуге ынталандыратын құрал,блоггинг бірлесіп жұмыс істеуге шабыттандыратын және оқушыларды дәстүрлі мектеп күнінен кеңейтуге ынталандыратын құрал,блогинг бірлесіп жұмыс істеуге шабыттандыратын және оқушыларды дәстүрлі мектеп күнінен кеңейтуге ынталандыратын құрал
1916,"Көп неміс пісірілген өнімдерінде сонымен бірге бадам, орман жаңғақтары және басқа ағаш жаңғақтары болады. Танымал торттар жиі қою кофенің саптыаяғымен өте жақсы желінеді.","Көп неміз пісірілген өнімдерінде сонымен бірге бадам, орман жыңғықтары және басқа аға жыңғықтары болады. Танымал торттар жиі қою кофенің сапта аяғымен өте жақсы желінеді.",көп неміс пісірілген өнімдерінде сонымен бірге бадам орман жаңғақтары және басқа ағаш жаңғақтары болады танымал торттар жиі қою кофенің саптыаяғымен өте жақсы желінеді,көп неміз пісірілген өнімдерінде сонымен бірге бадам орман жыңғықтары және басқа аға жыңғықтары болады танымал торттар жиі қою кофенің сапта аяғымен өте жақсы желінеді
1998,"Олардың қабыршақтары мен тырнақтары бар аяқтары бар, олар жұмыртқалайды және олар тиранозавр сияқты екі артқы аяғында жүреді.",олардың қабыршықтары мен тұрнақтары бар аяқтары бар олар жұмыртқалайды және олар тиранозавыр сияқты екі артқы аяғында жүреді,олардың қабыршақтары мен тырнақтары бар аяқтары бар олар жұмыртқалайды және олар тиранозавр сияқты екі артқы аяғында жүреді,олардың қабыршықтары мен тұрнақтары бар аяқтары бар олар жұмыртқалайды және олар тиранозавыр сияқты екі артқы аяғында жүреді
1764,"Келген адамдардың саны көп болғаны сонша, Сент Питер алаңындағы жерлеу процессиясына барлық адам қатыса алмады.",Келген адамдардың саны көп болғаны сонша Сент-Питер алаңындағы жерлеу процесиясына барлық адам қатысы алмады.,келген адамдардың саны көп болғаны сонша сент питер алаңындағы жерлеу процессиясына барлық адам қатыса алмады,келген адамдардың саны көп болғаны сонша сент питер алаңындағы жерлеу процесиясына барлық адам қатысы алмады
1688,"Теңіз әскери күштерінің жұмысы дәстүр бойынша елдің адамдарды және тауарларды жылжыту қабілетін сақтау, сонымен бірге жаудың өз адамдары мен тауарларын жылжыту қабілетіне кедергі жасау болатын.",теңіз әскери күштерінің жұмысы дәстір бойынша елдің адамдарды және тауарларды жылжыту қабілетін сақтау сонымен бірге жаудың өз адамдары мен тауарларын жылжыту қабілетіне кедергіже сау болатын,теңіз әскери күштерінің жұмысы дәстүр бойынша елдің адамдарды және тауарларды жылжыту қабілетін сақтау сонымен бірге жаудың өз адамдары мен тауарларын жылжыту қабілетіне кедергі жасау болатын,теңіз әскери күштерінің жұмысы дәстір бойынша елдің адамдарды және тауарларды жылжыту қабілетін сақтау сонымен бірге жаудың өз адамдары мен тауарларын жылжыту қабілетіне кедергіже сау болатын
1714,"Жерсерік ғарышқа зымыранмен жіберілді. Ғалымдар ғарышта телескоптарды пайдаланады, өйткені жердің атмосферасы біраз жарық пен көріністі бұрмалайды.",Жер серік ғарышқа зымыранмен жіберілді. Қалымдар ғарышта телескоптарды пайдаланады. Өткені жердің атмосферасы біраз жарық пен көріністі бұрмалайды.,жерсерік ғарышқа зымыранмен жіберілді ғалымдар ғарышта телескоптарды пайдаланады өйткені жердің атмосферасы біраз жарық пен көріністі бұрмалайды,жер серік ғарышқа зымыранмен жіберілді қалымдар ғарышта телескоптарды пайдаланады өткені жердің атмосферасы біраз жарық пен көріністі бұрмалайды
1771,"Негізгі сахналардағы музыка аяқталғанымен, фестивальдің түннің кеш уақытына дейін музыканы ойнатуды жалғастыратын бөліктері болуы мүмкін екенін есте сақтаңыз.",Негізгі сахналардағы музыка аяқталғанымен фестивалдің түнін киеш вақытына дейін музыканы ойнатуды жалғастыратын бөліктері болуы мүмкін екенін есте сақтаныз.,негізгі сахналардағы музыка аяқталғанымен фестивальдің түннің кеш уақытына дейін музыканы ойнатуды жалғастыратын бөліктері болуы мүмкін екенін есте сақтаңыз,негізгі сахналардағы музыка аяқталғанымен фестивалдің түнін киеш вақытына дейін музыканы ойнатуды жалғастыратын бөліктері болуы мүмкін екенін есте сақтаныз
1805,"Scotturb 403 автобусы Синтраға қалыпты түрде қатынап отырады да, Рока мүйісінде тоқтайды.",скотт торб төрт жүз үш автобусы синтраға қалыпты түрде қатына отқады да роккам есінде тоқтайды,scotturb 403 автобусы синтраға қалыпты түрде қатынап отырады да рока мүйісінде тоқтайды,скотт торб төрт жүз үш автобусы синтраға қалыпты түрде қатына отқады да роккам есінде тоқтайды
2008,Балидегі күн тәртібіндегі басқа тақырыптарға әлемнің қалған ормандарын сақтау және дамушы елдерге азырақ ластайтын жолмен өсуіне көмектесу үшін технологияларды бөлісу кіреді.,Балидегі күн тәртібіндегі басқа тақырыптарға әлемнің қалған ормандарын сақтау және дамушы елдерге азырақ ластайтын жолмен өсіуіне көмектесу үшін технологияларды бөлісу кіреді.,балидегі күн тәртібіндегі басқа тақырыптарға әлемнің қалған ормандарын сақтау және дамушы елдерге азырақ ластайтын жолмен өсуіне көмектесу үшін технологияларды бөлісу кіреді,балидегі күн тәртібіндегі басқа тақырыптарға әлемнің қалған ормандарын сақтау және дамушы елдерге азырақ ластайтын жолмен өсіуіне көмектесу үшін технологияларды бөлісу кіреді
1871,"Таяу Шығыстың климаты жылы болғандықтан, үй аса маңызды болмаған.",Таяу шығыстың климаты жылы болғандықтың үй аса маңызды болмаған.,таяу шығыстың климаты жылы болғандықтан үй аса маңызды болмаған,таяу шығыстың климаты жылы болғандықтың үй аса маңызды болмаған
1710,"Өткен аптада METI ұйымы оған Apple компаниясы қызып кетудің 34 қосымша инциденті туралы хабарлағанын жариялады, Apple компаниясы оларды «ауыр емес» деп атады.",оңын әптеді мертті ұйымы оған апл компаниясы қызып кетудің 34 қосымша инциденті туралы хабарлаған жариялады апл компаниясы оларды ауыр емес деп атады,өткен аптада meti ұйымы оған apple компаниясы қызып кетудің 34 қосымша инциденті туралы хабарлағанын жариялады apple компаниясы оларды ауыр емес деп атады,оңын әптеді мертті ұйымы оған апл компаниясы қызып кетудің 34 қосымша инциденті туралы хабарлаған жариялады апл компаниясы оларды ауыр емес деп атады
1981,"Бар болғаны кеме экскурсиялары арқылы жағаға барсаңыз, сізге бөлек виза қажет болмайды (2009 жылдан).",бар болғаны кеме экскурсиялары арқылы жағаға барсаңыз сізге бөлек виза қайжет болмайды екі мүн тоғызыншы жылдан,бар болғаны кеме экскурсиялары арқылы жағаға барсаңыз сізге бөлек виза қажет болмайды 2009 жылдан,бар болғаны кеме экскурсиялары арқылы жағаға барсаңыз сізге бөлек виза қайжет болмайды екі мүн тоғызыншы жылдан
1805,"Scotturb 403 автобусы Синтраға қалыпты түрде қатынап отырады да, Рока мүйісінде тоқтайды.",скот түріп түр жүз үш автобусы центраға қалып түтірде қатынап отырады да рокы мүйісінде тоқтайды,scotturb 403 автобусы синтраға қалыпты түрде қатынап отырады да рока мүйісінде тоқтайды,скот түріп түр жүз үш автобусы центраға қалып түтірде қатынап отырады да рокы мүйісінде тоқтайды
1871,"Таяу Шығыстың климаты жылы болғандықтан, үй аса маңызды болмаған.","Таял шығыстың климаты жылы болғандықтан, үй аса маңызды болмаған.",таяу шығыстың климаты жылы болғандықтан үй аса маңызды болмаған,таял шығыстың климаты жылы болғандықтан үй аса маңызды болмаған
1663,"Кочамо алқабы – Чилидегі өрмелеу үшін баратын негізгі жер. Ол Оңтүстік Американың Йосемитесі ретінде белгілі, оның әртүрлі гранит үлкен қабырғалары және жартастары бар.",Кочамо алқабы Чилидегі үрмелеу үшін баратын негізгі жер. Ол оң түстік Американың Йосеметесі ретінде белгілі. Оның әр түрлі гранит үлкен қабырғалары және жартастары бар.,кочамо алқабы чилидегі өрмелеу үшін баратын негізгі жер ол оңтүстік американың йосемитесі ретінде белгілі оның әртүрлі гранит үлкен қабырғалары және жартастары бар,кочамо алқабы чилидегі үрмелеу үшін баратын негізгі жер ол оң түстік американың йосеметесі ретінде белгілі оның әр түрлі гранит үлкен қабырғалары және жартастары бар
1992,"«Сафари» терминінің кең таралған мағынасы Африканың таң қалдыратын жабайы табиғатын, әсіресе саваннаны көруге жер бетімен саяхаттауды білдіреді.",сафари терминінің кең таралған мағынасы африканың таң қалдыратын жабайы табиғатын әсіресе сабаннаны көруге жүрбетмен саяхаттауды білдіреді,сафари терминінің кең таралған мағынасы африканың таң қалдыратын жабайы табиғатын әсіресе саваннаны көруге жер бетімен саяхаттауды білдіреді,сафари терминінің кең таралған мағынасы африканың таң қалдыратын жабайы табиғатын әсіресе сабаннаны көруге жүрбетмен саяхаттауды білдіреді
1941,Бұл жұптар баласы үшін асырап алу жоспарын жасауды таңдауы мүмкін.,бұл жұптар баласы үшін асырап алу жоспарын жасауды таңдауы мүмкін,бұл жұптар баласы үшін асырап алу жоспарын жасауды таңдауы мүмкін,бұл жұптар баласы үшін асырап алу жоспарын жасауды таңдауы мүмкін
1935,"Алайда, бұл дұрыс емес. Құжаттың артында белгілі бір мәлімет жазылған болса да, ол қазынаға жеткізетін карта емес.","Ал айды бұл дұрыс емес. Құжаттың артында белгілі бір мәлімет жазылған болса да, ол қазынаға жеткізетін қағарта емес.",алайда бұл дұрыс емес құжаттың артында белгілі бір мәлімет жазылған болса да ол қазынаға жеткізетін карта емес,ал айды бұл дұрыс емес құжаттың артында белгілі бір мәлімет жазылған болса да ол қазынаға жеткізетін қағарта емес
1783,"Аймақтық және маусымдық ауа райы құбылыстары қарлы борандарды, мұзды борандарды және шаң дауылдарын қамтиды.","Аймақтық және маусымдық ауарайы құбылыстары қарлы борандарды, мұзды борандарды және шаң дауылдарын қамт дейді.",аймақтық және маусымдық ауа райы құбылыстары қарлы борандарды мұзды борандарды және шаң дауылдарын қамтиды,аймақтық және маусымдық ауарайы құбылыстары қарлы борандарды мұзды борандарды және шаң дауылдарын қамт дейді
1880,Осылайша қарындаш шыққан кезде көп адамдарға жақсы дос болды.,осылайша қарында шыққан кезде көп адамдарға жақсы дос болды,осылайша қарындаш шыққан кезде көп адамдарға жақсы дос болды,осылайша қарында шыққан кезде көп адамдарға жақсы дос болды
1817,Шенген аймағы бұл тұрғыдан бір ел сияқты жұмыс істейді.,шенген аймақы бұл тұрғыдан бір ел сияқты жұмыс істейді,шенген аймағы бұл тұрғыдан бір ел сияқты жұмыс істейді,шенген аймақы бұл тұрғыдан бір ел сияқты жұмыс істейді
1825,"Әрекетке жақын болғыңыз келсе, музыкаға жақын кемпинг учаскесін алу үшін ерте тұруыңыз керек.","Рекетке жақын болғыңыз келсе, музыкаға жақын кемпинг ұчаскесін ауы үшін ерте тұруыңыз керек.",әрекетке жақын болғыңыз келсе музыкаға жақын кемпинг учаскесін алу үшін ерте тұруыңыз керек,рекетке жақын болғыңыз келсе музыкаға жақын кемпинг ұчаскесін ауы үшін ерте тұруыңыз керек
1792,Бұл химиялық рН деп аталады. Қызыл қырыққабат шырынын пайдаланып индикатор жасай аласыз.,бұл химиялық пи аш деп аталады қызыл қырқабат шырынының пайдаланып индикатор жасай аласыз,бұл химиялық рн деп аталады қызыл қырыққабат шырынын пайдаланып индикатор жасай аласыз,бұл химиялық пи аш деп аталады қызыл қырқабат шырынының пайдаланып индикатор жасай аласыз
1743,Технологиялық детерминизмнің көптеген түсініктемелері екі жалпы пікірге ие: технология мәдени немесе саяси әсерден тыс өз бетінше дамиды және технология өз кезегінде өз ерекшеліктері бар қоғамдарға әсерін тигізеді.,технологиялық детерминизмнің көптегін түсініктемелері екі жалпы пікірге ие технология мәдени немесе саяси әсерден тыс өз бетінше дамиды және технология өз кезегінде өз ерекшеліктері бар қоғамдарға әсерін тигізеді,технологиялық детерминизмнің көптеген түсініктемелері екі жалпы пікірге ие технология мәдени немесе саяси әсерден тыс өз бетінше дамиды және технология өз кезегінде өз ерекшеліктері бар қоғамдарға әсерін тигізеді,технологиялық детерминизмнің көптегін түсініктемелері екі жалпы пікірге ие технология мәдени немесе саяси әсерден тыс өз бетінше дамиды және технология өз кезегінде өз ерекшеліктері бар қоғамдарға әсерін тигізеді
2007,АҚШ Инженерлер корпусы 6 дюйм жаңбырдың жаууы бұрын зақымдалған бөгеттерді бұзуы мүмкін деп болжады.,ақыш инженерлер корпусы алты дүйін жаңбырдың жауы бұрын зақымдалған бөгеттерді бұзуы мүмкін деп болжады,ақш инженерлер корпусы 6 дюйм жаңбырдың жаууы бұрын зақымдалған бөгеттерді бұзуы мүмкін деп болжады,ақыш инженерлер корпусы алты дүйін жаңбырдың жауы бұрын зақымдалған бөгеттерді бұзуы мүмкін деп болжады
1737,Арыстандар ең көп қатысым жасайтын мысықтар. Олар прайдтар деп аталатын үлкен топтарда өмір сүреді.,арыстандар ең көп қатысым жасайтын мысықтар олар прайдтар деп аталатын үлген топтары да өмір сүреді,арыстандар ең көп қатысым жасайтын мысықтар олар прайдтар деп аталатын үлкен топтарда өмір сүреді,арыстандар ең көп қатысым жасайтын мысықтар олар прайдтар деп аталатын үлген топтары да өмір сүреді
1682,"Оны кім жазғанын ешкім дәл білмегенімен, өмірінің басында үлкен пергамент құжат (оның өлшемі: 29¾ дюйм х 24½ дюйм) сақтау үшін оралғаны белгілі.","Оны кім жазғанын ешкім дәл білмегенмен, өмірінің басында үлкен пергамент құжат, оның өлішемі 29-4-3 дүйім, 29-2-1 дүйім, сақтал үшін оралғаны белгілі.",оны кім жазғанын ешкім дәл білмегенімен өмірінің басында үлкен пергамент құжат оның өлшемі 293 4 дюйм х 241 2 дюйм сақтау үшін оралғаны белгілі,оны кім жазғанын ешкім дәл білмегенмен өмірінің басында үлкен пергамент құжат оның өлішемі 29 4 3 дүйім 29 2 1 дүйім сақтал үшін оралғаны белгілі
1990,"Сондай-ақ блогтар оқушылардың жазуын жақсартуға көмектеседі. Оқушылар блог тәжірибесін көбінесе немқұрайлы грамматикамен және емлемен бастағанымен, аудиторияның болуы әдетте бұл жағдайды өзгертеді.",сондай-ақ блоктар оқушылардың жазуын жақсартуға көмектеседі оқушылар блок тәжірибесінің көбінесе немқұрайлы грамматикамен және ембілемен бастағанымен аудиторияның болуы әдетте бұл жағдайды өзгертеді,сондай ақ блогтар оқушылардың жазуын жақсартуға көмектеседі оқушылар блог тәжірибесін көбінесе немқұрайлы грамматикамен және емлемен бастағанымен аудиторияның болуы әдетте бұл жағдайды өзгертеді,сондай ақ блоктар оқушылардың жазуын жақсартуға көмектеседі оқушылар блок тәжірибесінің көбінесе немқұрайлы грамматикамен және ембілемен бастағанымен аудиторияның болуы әдетте бұл жағдайды өзгертеді
1894,"Карри — бұл шөптер мен дәмдеуіштер, сонымен қатап ет немесе көкөністер қосылатын тағам.","Кәрі бұл шөптер мен дәмдеуштер. Соным мен қатап, ет немесе көкөністер қосылатын тағам.",карри бұл шөптер мен дәмдеуіштер сонымен қатап ет немесе көкөністер қосылатын тағам,кәрі бұл шөптер мен дәмдеуштер соным мен қатап ет немесе көкөністер қосылатын тағам
1814,"Сутегі иондары, бұл олардан электрондары алынып тасталған протондар болып табылады (өйткені сутегі атомдары бір протон мен бір электроннан тұрады).",су тегі иондары бұл олардан электрондары алынып тасталған протондар болып табылады өйткені су тегі атомдары бір протонмен бір электроннан тұрады,сутегі иондары бұл олардан электрондары алынып тасталған протондар болып табылады өйткені сутегі атомдары бір протон мен бір электроннан тұрады,су тегі иондары бұл олардан электрондары алынып тасталған протондар болып табылады өйткені су тегі атомдары бір протонмен бір электроннан тұрады
1760,"Мозасавр өз заманының ең жоғары жыртқышы болған, сондықтан ол басқа мозасаврлардан басқа ештеңеден қорықпаған.",моза савыр өз заманының ең жоғарғы жұртқышы болған сондықтан ол басқа моза савырлардың басқа ештеңеден қорықпаған,мозасавр өз заманының ең жоғары жыртқышы болған сондықтан ол басқа мозасаврлардан басқа ештеңеден қорықпаған,моза савыр өз заманының ең жоғарғы жұртқышы болған сондықтан ол басқа моза савырлардың басқа ештеңеден қорықпаған
1947,"Әскерлер келмей тұрып, Гаитиде 1800 жылдан бері бұл ауруға қатысты мәселелер болмаған.","Аскерлер келмей тұрып, Гаити де 1800 жүнші жылдан бері бұл ауруға қатысты мәселелер болмаған.",әскерлер келмей тұрып гаитиде 1800 жылдан бері бұл ауруға қатысты мәселелер болмаған,аскерлер келмей тұрып гаити де 1800 жүнші жылдан бері бұл ауруға қатысты мәселелер болмаған
1960,"Оның жасы 20-да болғаны хабарланды. Өз мәлімдемесінде Бибер былай деді: «ол жерде болмағаныммен әрі осы қайғылы апатқа тікелей қатысты болмағаныммен, мен құрбанның отбасы туралы ойлаймын және оларға дұғалар арнаймын.","Оның жасы жиырмада болғаны қабарланды. Өз мәлімдемесінде Бибер Блай деді. Ол жерде болмағаным мен әрі осы қайғылы апатқа тікелей қатысты болмағаным мені, мен құрбанның одбасы туралы ойлаймын, және оларға дұғалар айнармаймын. Әріңіздеріңіздеріңіздеріңіздеріңіздеріңіздеріңіздеріңіздеріңіздеріңіздеріңіздеріңіздеріңіздеріңіздеріңіздеріңіздеріңіздеріңіздеріңіздеріңіздеріңіздеріңіздеріңіздеріңіздеріңіздеріңіздеріңіздеріңіздеріңіздеріңіздеріңіздеріңіздеріңіздеріңіздеріңіздеріңіздеріңіздеріңіздеріңіздеріңіздеріңіздеріңіздеріңіздеріңіздеріңіздеріңіздеріңіздеріңіздеріңіздеріңіздеріңіздеріңіздеріңіздеріңіздеріңіздеріңіздеріңіздеріңіздеріңіздеріңіздеріңіздеріңіздеріңіздеріңіздеріңіздеріңіздеріңіздеріңіздеріңіздеріңіздеріңіздеріңіздеріңіздері�",оның жасы 20 да болғаны хабарланды өз мәлімдемесінде бибер былай деді ол жерде болмағаныммен әрі осы қайғылы апатқа тікелей қатысты болмағаныммен мен құрбанның отбасы туралы ойлаймын және оларға дұғалар арнаймын,оның жасы жиырмада болғаны қабарланды өз мәлімдемесінде бибер блай деді ол жерде болмағаным мен әрі осы қайғылы апатқа тікелей қатысты болмағаным мені мен құрбанның одбасы туралы ойлаймын және оларға дұғалар айнармаймын әріңіздеріңіздеріңіздеріңіздеріңіздеріңіздеріңіздеріңіздеріңіздеріңіздеріңіздеріңіздеріңіздеріңіздеріңіздеріңіздеріңіздеріңіздеріңіздеріңіздеріңіздеріңіздеріңіздеріңіздеріңіздеріңіздеріңіздеріңіздеріңіздеріңіздеріңіздеріңіздеріңіздеріңіздеріңіздеріңіздеріңіздеріңіздеріңіздеріңіздеріңіздеріңіздеріңіздеріңіздеріңіздеріңіздеріңіздеріңіздеріңіздеріңіздеріңіздеріңіздеріңіздеріңіздеріңіздеріңіздеріңіздеріңіздеріңіздеріңіздеріңіздеріңіздеріңіздеріңіздеріңіздеріңіздеріңіздеріңіздеріңіздеріңіздеріңіздеріңіздеріңіздері
1827,"Жер қыртысының қалыңдығы жақын жағында шамамен 70 км, ал алыс жағында 100 км.",жер қыртысының қалыңдығы жақын-жағында шамамен жеттүз километр ал алыс жағында жүз километр,жер қыртысының қалыңдығы жақын жағында шамамен 70 км ал алыс жағында 100 км,жер қыртысының қалыңдығы жақын жағында шамамен жеттүз километр ал алыс жағында жүз километр
1845,Күймеде олар айқайлап жатқан және король мен патшайымға қоқан-лоққыларды айқайлап айтып жатқан адамдар тобы қоршаған күйде Парижге қайтып оралды.,күймеде олар айқайлап жатқан және король мен батшайымға қоқан лоқыларды айқайлап айтып жатқан адамдар тобы қоршаған күйде парижге қайтып оралды,күймеде олар айқайлап жатқан және король мен патшайымға қоқан лоққыларды айқайлап айтып жатқан адамдар тобы қоршаған күйде парижге қайтып оралды,күймеде олар айқайлап жатқан және король мен батшайымға қоқан лоқыларды айқайлап айтып жатқан адамдар тобы қоршаған күйде парижге қайтып оралды
1722,53 жастағы Куомо өзінің губернатор лауазымына осы жылдың басында келді және өткен айда бір жынысты некені заңдастырушы заң жобасына қол қойды.,ел-үш жастағы куамо өзінің губернатор лауазымына осы жылдың басында келді және өткен айда бір жынысты некені заңдастырушы заң жобасына қол қойды,53 жастағы куомо өзінің губернатор лауазымына осы жылдың басында келді және өткен айда бір жынысты некені заңдастырушы заң жобасына қол қойды,ел үш жастағы куамо өзінің губернатор лауазымына осы жылдың басында келді және өткен айда бір жынысты некені заңдастырушы заң жобасына қол қойды
1745,"Өсімдіктер табиғи жағдайда жақсы көрінеді, сондықтан олардың «бір данасын» да алып тастамаңыз.",өсімдіктер табиғи жағдайда жақсы көрінеді сондықтан олардың бір данасын да алып тастамаңыз,өсімдіктер табиғи жағдайда жақсы көрінеді сондықтан олардың бір данасын да алып тастамаңыз,өсімдіктер табиғи жағдайда жақсы көрінеді сондықтан олардың бір данасын да алып тастамаңыз
1753,"Бұл көбінесе бар болғаны дәл емес стереотип болғанымен, Парижде өмір сүрудің ең жақсы жолы – ең жақсы мінез-құлықты көрсету, жақсы тәрбиеленген адам сияқты әрекет ету. Бұл саяхаттауды айтарлықтай жеңілдетеді.",бұл көбінесе бар болғаны дәл емес стереотип болғанымен парижде өмір сүрудің ең жақсы жолы ең жақсы мінез қылықты көрсету жақсы тәрбиеленген адам сияқты әрекет ету бұл саяхаттауды айтарлықтай жеңілдетеді,бұл көбінесе бар болғаны дәл емес стереотип болғанымен парижде өмір сүрудің ең жақсы жолы ең жақсы мінез құлықты көрсету жақсы тәрбиеленген адам сияқты әрекет ету бұл саяхаттауды айтарлықтай жеңілдетеді,бұл көбінесе бар болғаны дәл емес стереотип болғанымен парижде өмір сүрудің ең жақсы жолы ең жақсы мінез қылықты көрсету жақсы тәрбиеленген адам сияқты әрекет ету бұл саяхаттауды айтарлықтай жеңілдетеді
1941,Бұл жұптар баласы үшін асырап алу жоспарын жасауды таңдауы мүмкін.,бұл жұптар баласы үшін асырап алу жоспарын жасауды таңдауы мүмкін,бұл жұптар баласы үшін асырап алу жоспарын жасауды таңдауы мүмкін,бұл жұптар баласы үшін асырап алу жоспарын жасауды таңдауы мүмкін
1702,Бар болғаны екі аптада американдықтар және еркін француз күштері оңтүстік Францияны босатты және Германияға қарай бұрылып жатты.,бар болғаны екі аптада американыңдықтар және еркін француз күштері оңтүстік францияны босатты және германияға қарай бұрылып жатты,бар болғаны екі аптада американдықтар және еркін француз күштері оңтүстік францияны босатты және германияға қарай бұрылып жатты,бар болғаны екі аптада американыңдықтар және еркін француз күштері оңтүстік францияны босатты және германияға қарай бұрылып жатты
1941,Бұл жұптар баласы үшін асырап алу жоспарын жасауды таңдауы мүмкін.,бұл жұптар баласы үшін асырап алу жоспарын жасауды таңдауы мүмкін,бұл жұптар баласы үшін асырап алу жоспарын жасауды таңдауы мүмкін,бұл жұптар баласы үшін асырап алу жоспарын жасауды таңдауы мүмкін
1748,Өрт сөндіру бөлімшелері өртті кешкі сағат 11:35-ке дейін сөндірді.,Урт сөндіру бөлімшелері өрттік кешкі сағат 11.35-ке дейін сөндірді.,өрт сөндіру бөлімшелері өртті кешкі сағат 11 35 ке дейін сөндірді,урт сөндіру бөлімшелері өрттік кешкі сағат 11 35 ке дейін сөндірді
1840,"Италияның көптеген қалаларында және әлемдегі басқа да қалаларда, әсіресе Польшада, соған ұқсас қондырмалар орнатылды және бұған көптеген адамдар куә болды.",Италияның көптеген қалаларында және әлемдегі басқа да қалаларда әсіресе Польшада соғаны құсас қондырмалар орнатылды және бұған көптеген адамдар көә болды.,италияның көптеген қалаларында және әлемдегі басқа да қалаларда әсіресе польшада соған ұқсас қондырмалар орнатылды және бұған көптеген адамдар куә болды,италияның көптеген қалаларында және әлемдегі басқа да қалаларда әсіресе польшада соғаны құсас қондырмалар орнатылды және бұған көптеген адамдар көә болды
1977,"Прайдтар бірден үшке дейін туыс ересек еркек арыстаннан, сондай-ақ отыз аналық пен абданнан тұрады.",прайдтар бірден үшке дейін туыс ересек еркек арыстаннан сондай-ақ отыз аналық пен абданнан тұрады,прайдтар бірден үшке дейін туыс ересек еркек арыстаннан сондай ақ отыз аналық пен абданнан тұрады,прайдтар бірден үшке дейін туыс ересек еркек арыстаннан сондай ақ отыз аналық пен абданнан тұрады
1885,"22:00-23: 00 аралығында (MDT), аулада тұрған сотталғандай өрт шығарды.",жиырма екі нөлнөл жиырма үш нөлнөл аралығында мдт аулада тұрған сотталғандай өрт шығарды,22 00 23 00 аралығында mdt аулада тұрған сотталғандай өрт шығарды,жиырма екі нөлнөл жиырма үш нөлнөл аралығында мдт аулада тұрған сотталғандай өрт шығарды
1786,Бұл кристалдардың құрылымы инфрақызыл спектроскопиямен (FTIR) салыстырғанда әсер етілген үй жануарларының зәрінде кездесетін кристалдармен бірдей.,Бұл кристалдардың құрылымына инфрақызыл спектроскопия мен FTR салыстырығында әсер етілген үж жануарларының үзәрінде кездесетін кристалдарымен бірдей.,бұл кристалдардың құрылымы инфрақызыл спектроскопиямен ftir салыстырғанда әсер етілген үй жануарларының зәрінде кездесетін кристалдармен бірдей,бұл кристалдардың құрылымына инфрақызыл спектроскопия мен ftr салыстырығында әсер етілген үж жануарларының үзәрінде кездесетін кристалдарымен бірдей
1810,Калифорния губернаторы Арнольд Шварценеггер кәмелетке толмағандарға зорлық-зомбылық контенті бар видео ойындарды сатуға немесе жалға беруге тыйым салатын заңға қол қойды.,калифорния губернаторы арнольд шварценеггер кәмблитке толмағандарға арналған зорлық зомбылық контенті бар видео ойындарды сатуға немесе жалға веруге тиім салатын заңға қол қойды,калифорния губернаторы арнольд шварценеггер кәмелетке толмағандарға зорлық зомбылық контенті бар видео ойындарды сатуға немесе жалға беруге тыйым салатын заңға қол қойды,калифорния губернаторы арнольд шварценеггер кәмблитке толмағандарға арналған зорлық зомбылық контенті бар видео ойындарды сатуға немесе жалға веруге тиім салатын заңға қол қойды
1838,Гизадағы Ұлы Пирамида - жеті ғажайыптың ішіндегі бүгінгі күнге дейін сақталып қалған жалғыз ғажап.,гизадағы ұлы пирамида жеті ғажайыптың ішіндегі бүгінгі күнге дейін сақталып қалған жалғыз ғажап,гизадағы ұлы пирамида жеті ғажайыптың ішіндегі бүгінгі күнге дейін сақталып қалған жалғыз ғажап,гизадағы ұлы пирамида жеті ғажайыптың ішіндегі бүгінгі күнге дейін сақталып қалған жалғыз ғажап
1935,"Алайда, бұл дұрыс емес. Құжаттың артында белгілі бір мәлімет жазылған болса да, ол қазынаға жеткізетін карта емес.",алайда бұл дұрыс емес кұжаттың артында белгілі бір мәлімет жазылған болса да ол қазынаға жеткізетін карта емес,алайда бұл дұрыс емес құжаттың артында белгілі бір мәлімет жазылған болса да ол қазынаға жеткізетін карта емес,алайда бұл дұрыс емес кұжаттың артында белгілі бір мәлімет жазылған болса да ол қазынаға жеткізетін карта емес
1799,"Сәрсенбі күнгі оқиғадан басқа, Карпанедо чемпионаттағы екі жеке жарыста қатысты.",сәрсенбі күнгі оқиғадан басқа карпанеда чемпионаттағы екі жеке жарыста қатысты,сәрсенбі күнгі оқиғадан басқа карпанедо чемпионаттағы екі жеке жарыста қатысты,сәрсенбі күнгі оқиғадан басқа карпанеда чемпионаттағы екі жеке жарыста қатысты
1748,Өрт сөндіру бөлімшелері өртті кешкі сағат 11:35-ке дейін сөндірді.,орыт сөндіру бөлімшілері орыттік кешкі сағат онбір отыз беске дейін сөндірді,өрт сөндіру бөлімшелері өртті кешкі сағат 11 35 ке дейін сөндірді,орыт сөндіру бөлімшілері орыттік кешкі сағат онбір отыз беске дейін сөндірді
1821,Ми патологиялары мен іс-қимыл арасындағы байланыс ғалымдарды олардың зерттеулерінде қолдайды.,Мей патологиялары мен әз қимыл арасындағы байланыс ғалымдарды олардың зерттеулерінде қолдайды.,ми патологиялары мен іс қимыл арасындағы байланыс ғалымдарды олардың зерттеулерінде қолдайды,мей патологиялары мен әз қимыл арасындағы байланыс ғалымдарды олардың зерттеулерінде қолдайды
1921,"Екінші жағынан, мұзды және қарлы жағдайлар көп елдерде қалыпты болып табылады және жол қозғалысы көбінесе жыл бойы үздіксіз болады.",Екінші жағынан мұзды және қарлы жағдайлар көбелерде қалыпты болып табылады. Және жол қозғалысы көбінесе жыл бойы үздіксіз болады.,екінші жағынан мұзды және қарлы жағдайлар көп елдерде қалыпты болып табылады және жол қозғалысы көбінесе жыл бойы үздіксіз болады,екінші жағынан мұзды және қарлы жағдайлар көбелерде қалыпты болып табылады және жол қозғалысы көбінесе жыл бойы үздіксіз болады
1844,Айдың беті тау жынысы мен шаңнан тұрады. Айдың сыртқы қабаты қабық деп аталады.,Айдың беті тау жынысы мен шаңнан тұрады. Айдың сыртқы қабаты қабық деп аталады.,айдың беті тау жынысы мен шаңнан тұрады айдың сыртқы қабаты қабық деп аталады,айдың беті тау жынысы мен шаңнан тұрады айдың сыртқы қабаты қабық деп аталады
1719,"Қаһарлы ауа-райы - ауыр зақым келтіретін, қоғамдық құрылымға қатты қалал келтіретін және адам өлімдеріне себеп болуы мүмкін болған кез-келген қауіпті ауа-райының құбылыстарына айтылатын ұғым.",каһарлы ауа райы ауырзақым келтіретін қоғамды құрылымға қатты қалал келтіретін және адам өлімдеріне себеп болуы мүмкін болған кез келген қауіпті ауа райының құбылыстарына айтылатын ұғым,қаһарлы ауа райы ауыр зақым келтіретін қоғамдық құрылымға қатты қалал келтіретін және адам өлімдеріне себеп болуы мүмкін болған кез келген қауіпті ауа райының құбылыстарына айтылатын ұғым,каһарлы ауа райы ауырзақым келтіретін қоғамды құрылымға қатты қалал келтіретін және адам өлімдеріне себеп болуы мүмкін болған кез келген қауіпті ауа райының құбылыстарына айтылатын ұғым
1884,Атап айтқанда адамның бетіндегі микро өзгерістерді түсіндіру арқылы оның өтірік айтуын анықтауға болады.,атап айтқанда адамның бетіндегі микроөзгерістерді түсіндіру арқылы оның өтірік айтуын анықтауға болады,атап айтқанда адамның бетіндегі микро өзгерістерді түсіндіру арқылы оның өтірік айтуын анықтауға болады,атап айтқанда адамның бетіндегі микроөзгерістерді түсіндіру арқылы оның өтірік айтуын анықтауға болады
1808,"Соғыс аяқталғаннан кейін екі жылда, бұрынғы одақтастар енді жаулар болды және суық соғыс басталды.","Соғыс аяқталғаннан кейін екі жылда бұрынғы одақтастар енді жаулар болып, болды және суық соғыс басталды.",соғыс аяқталғаннан кейін екі жылда бұрынғы одақтастар енді жаулар болды және суық соғыс басталды,соғыс аяқталғаннан кейін екі жылда бұрынғы одақтастар енді жаулар болып болды және суық соғыс басталды
1803,"Сіздің қолыңыздағы ылғал сыртқы қабаттармен өзара әрекетке түсіп, біртүрлі сезіледі және қорғаныс қабығын түзеді.","Сіздің қолыңыздағы ұлғал сұртқы қабаттармен өз әрекетке түсіп, бір түрлі сезіледі және қорғаныз қабығын түзеді.",сіздің қолыңыздағы ылғал сыртқы қабаттармен өзара әрекетке түсіп біртүрлі сезіледі және қорғаныс қабығын түзеді,сіздің қолыңыздағы ұлғал сұртқы қабаттармен өз әрекетке түсіп бір түрлі сезіледі және қорғаныз қабығын түзеді
1892,"Бұл – Британдық отарлаушылардың өз меншігі ретінде басып алған орны, сондықтан егер сіз аумақтың отаршылдықта болғанының дәлелдерін іздесеңіз, бұл – бастамаңыз үшін қолайлы орын.","Бұл британдық отарлаушылардың өз меншігіретінде басып алған орны. Сондықтан, егер сіз алмақтың отаршылдықта болғанының дәлелдерін іздесеңіз, бұл бастамаңыз үшін қолайлы орын.",бұл британдық отарлаушылардың өз меншігі ретінде басып алған орны сондықтан егер сіз аумақтың отаршылдықта болғанының дәлелдерін іздесеңіз бұл бастамаңыз үшін қолайлы орын,бұл британдық отарлаушылардың өз меншігіретінде басып алған орны сондықтан егер сіз алмақтың отаршылдықта болғанының дәлелдерін іздесеңіз бұл бастамаңыз үшін қолайлы орын
1735,"Америка Құрама Штаттарындағы Принстон университетінің және Швециядағы Упсала университетінің зерттеушілері бар болғаны екі буында жаңа түрдің пайда болғанын мәлімдеді, дегенмен бұл процесс Дарвиннің шұбар шымшығын, Геоспиза шұбар шымшығын және иммигрант кактус шұбар шымшығын (Geospiza conirostris) будандастыруға байланысты бұл процесс әлдеқайда ұзағыраққа созылады деп есептеліп келген.","Америка құрама штаттарындағы Принстан университетінің және Швециядағы Упсалы университетінің зерттеушілері бар болғаны екі бұында жаңа түрдің пайда болғанын мәлімдеді. Дегенмен бұл процес Дарвинның шыбаршымшығын, геаспиза шыбаршымшығын және иммигрант кақтус шыбаршымшығын геаспиза конеростес бұдандастыруға байланысты бұл процес әлдеғайда ұзағырақ қасозлады деп есептеліп келген.",америка құрама штаттарындағы принстон университетінің және швециядағы упсала университетінің зерттеушілері бар болғаны екі буында жаңа түрдің пайда болғанын мәлімдеді дегенмен бұл процесс дарвиннің шұбар шымшығын геоспиза шұбар шымшығын және иммигрант кактус шұбар шымшығын geospiza conirostris будандастыруға байланысты бұл процесс әлдеқайда ұзағыраққа созылады деп есептеліп келген,америка құрама штаттарындағы принстан университетінің және швециядағы упсалы университетінің зерттеушілері бар болғаны екі бұында жаңа түрдің пайда болғанын мәлімдеді дегенмен бұл процес дарвинның шыбаршымшығын геаспиза шыбаршымшығын және иммигрант кақтус шыбаршымшығын геаспиза конеростес бұдандастыруға байланысты бұл процес әлдеғайда ұзағырақ қасозлады деп есептеліп келген
1964,"Қазірге дейін әйгілі ""25 Данлэп парақтары"" құжаттың ең көне көшірмелері болып табылады. Түпнұсқалық қолжазба көшірмесі сақталмаған.",хазірге дейін айриле жырма бес данылып парақтары құржаттың ең көне көшірмелері болып табылады түп нұсқалық қолжазба көшірмесі сақталмаған,қазірге дейін әйгілі 25 данлэп парақтары құжаттың ең көне көшірмелері болып табылады түпнұсқалық қолжазба көшірмесі сақталмаған,хазірге дейін айриле жырма бес данылып парақтары құржаттың ең көне көшірмелері болып табылады түп нұсқалық қолжазба көшірмесі сақталмаған
1878,Шіркеудің орталық билігі мың жылдар бойы Римде болған және бұл қуат пен ақшаның шоғырлануы көп адамдарда бұл принциптің ұсталынып жатқаны туралы сұрақтың туындауына әкелді.,шіркеудің орталық билігі мың жылдар бойы римде болған және бұл қуат пен ақшаның шоғырлануы көп адамдарда бұл принциптің ұсталынып жатқаны туралы сұрақтың туындауына әкелді,шіркеудің орталық билігі мың жылдар бойы римде болған және бұл қуат пен ақшаның шоғырлануы көп адамдарда бұл принциптің ұсталынып жатқаны туралы сұрақтың туындауына әкелді,шіркеудің орталық билігі мың жылдар бойы римде болған және бұл қуат пен ақшаның шоғырлануы көп адамдарда бұл принциптің ұсталынып жатқаны туралы сұрақтың туындауына әкелді
1994,"Егер сіз романдық тілді білсеңіз, сізге португал тілін үйрену оңайырақ болатынын айтпай-ақ қойса да болады.","Егер сіз романдық тілді білсеңіз, сізге портуғал тілін үйрену оңайырақ болатынын айтпайық қойсады болады.",егер сіз романдық тілді білсеңіз сізге португал тілін үйрену оңайырақ болатынын айтпай ақ қойса да болады,егер сіз романдық тілді білсеңіз сізге портуғал тілін үйрену оңайырақ болатынын айтпайық қойсады болады
1811,"802.11n стандарты 2,4 Ггц және 5,0 Ггц жиіліктерінде жұмыс істейді.",802.11n стандарты 244 ГГц және 5 ГГц жүрліктерінде жұмыс істейді.,802 11n стандарты 2 4 ггц және 5 0 ггц жиіліктерінде жұмыс істейді,802 11n стандарты 244 ггц және 5 ггц жүрліктерінде жұмыс істейді
1804,Гаитидегі әділет және демократия институты БҰҰ Непал бейбітшіл батальоны өздері байқамай ауруды Гаитиге әкелген деп пайымдайтын тәуелсіз зерттеулерді көрсетті.,гайтидегі әділет және демократия институты біркинұлттар имаң непал ойыншы бейбітшіл батальоны өздері байғамай ауыруды гайтиге әкелген деп пайымдайтын тәуелсіз зерттеулерді көрсетті,гаитидегі әділет және демократия институты бұұ непал бейбітшіл батальоны өздері байқамай ауруды гаитиге әкелген деп пайымдайтын тәуелсіз зерттеулерді көрсетті,гайтидегі әділет және демократия институты біркинұлттар имаң непал ойыншы бейбітшіл батальоны өздері байғамай ауыруды гайтиге әкелген деп пайымдайтын тәуелсіз зерттеулерді көрсетті
1746,Өсімдіктер күн сәулесінен фотосинтез арқылы қуат алады. Олар сонымен қатар көлеңе береді.,сөзімдіктер күн сәулесінен фотосинтез арқылы қуат алады олар сонымен қатар көлеңе береді,өсімдіктер күн сәулесінен фотосинтез арқылы қуат алады олар сонымен қатар көлеңе береді,сөзімдіктер күн сәулесінен фотосинтез арқылы қуат алады олар сонымен қатар көлеңе береді
1899,Мұхаммед өзінің күнделікті өмірінен тыс мәселелерге қатты қызығатын. Ол ойлану үшін «Нұр» (жарық) тауындағы «Хира» ретінде белгілі болған үңгірге жиі баратын.,мұхаммед өзінің күнделікті өмірінен тыс мәселерге қатты қызығатын ол ойлану үшін нұр жарық тауындағы хира ретінде белгілі болған өңгірге жиі баратын,мұхаммед өзінің күнделікті өмірінен тыс мәселелерге қатты қызығатын ол ойлану үшін нұр жарық тауындағы хира ретінде белгілі болған үңгірге жиі баратын,мұхаммед өзінің күнделікті өмірінен тыс мәселерге қатты қызығатын ол ойлану үшін нұр жарық тауындағы хира ретінде белгілі болған өңгірге жиі баратын
1919,"Қала Африкадағы ең арзан тау горилласы саудасының орталығы болумен қатар, Ньирагонго жанартауына шығуда негізгі қала қызметін атқарады.",африкадағы ең арзан тау гориласы саудасының орталығы болуымен қатар нирагонга жаңартауына шығудан негізгі қала қызметін атқарады,қала африкадағы ең арзан тау горилласы саудасының орталығы болумен қатар ньирагонго жанартауына шығуда негізгі қала қызметін атқарады,африкадағы ең арзан тау гориласы саудасының орталығы болуымен қатар нирагонга жаңартауына шығудан негізгі қала қызметін атқарады
1731,Архипелагтар мен көлдерде сізге яхта қажет емес.,архипелагтар мен көлдерде сізге яқта қажет емес,архипелагтар мен көлдерде сізге яхта қажет емес,архипелагтар мен көлдерде сізге яқта қажет емес
1683,"Мұнда осы уақытқа дейін осында өмір сүрген көптеген ерлер мен әйелдер, сондай-ақ жақындары қаза болған немесе соңғы демі қалғанша қызмет еткен еврей, еврей емес тірі адамдар көп.",мұнда осы уақытқа дейін осында өмір сүрген көп деген ерлер мен әйелдер сондай-ақ жақындары қаза болған немесе соңғы демі қалғанша қызмет еткен еврей-еврей емес тірі адамдар көп,мұнда осы уақытқа дейін осында өмір сүрген көптеген ерлер мен әйелдер сондай ақ жақындары қаза болған немесе соңғы демі қалғанша қызмет еткен еврей еврей емес тірі адамдар көп,мұнда осы уақытқа дейін осында өмір сүрген көп деген ерлер мен әйелдер сондай ақ жақындары қаза болған немесе соңғы демі қалғанша қызмет еткен еврей еврей емес тірі адамдар көп
1935,"Алайда, бұл дұрыс емес. Құжаттың артында белгілі бір мәлімет жазылған болса да, ол қазынаға жеткізетін карта емес.",алайда бұл дұрыс емес құжаттың артында белгілі бір мәлімет жазылған болса да ол қазынаға жеткізетін карта емес,алайда бұл дұрыс емес құжаттың артында белгілі бір мәлімет жазылған болса да ол қазынаға жеткізетін карта емес,алайда бұл дұрыс емес құжаттың артында белгілі бір мәлімет жазылған болса да ол қазынаға жеткізетін карта емес
1865,Санкт-Петербургтегі круиздерге қаладағы уақыт кіреді. Круиз жолаушылары виза режиміндегі талаптардан азат етілген (талаптарды көріп шығыңыз).,Санкт-Петербургтегі круиздерге қаладағы уақыт кіреді. Круиз жолаушылары виза режиміндегі талаптардан азат етілген. Талаптарды көріп шығыңыз.,санкт петербургтегі круиздерге қаладағы уақыт кіреді круиз жолаушылары виза режиміндегі талаптардан азат етілген талаптарды көріп шығыңыз,санкт петербургтегі круиздерге қаладағы уақыт кіреді круиз жолаушылары виза режиміндегі талаптардан азат етілген талаптарды көріп шығыңыз
1997,Алайда туберкулезбен ауыратын адамдардың бүкіл тобындағы XDR-ТБ пайызы әлі де төмен болып көрінеді; Оңтүстік Африкада әрбір сәтте жалпы 330 000 адамның 6 мыңы ауру жұқтырады.,алайда туберкулезбен ауратын адамдардың бүкіл тобындағы икіс ди ар тыбы пайызы әлі де төмен болып көрінеді оңтүстік африкада әрбір сәтте жалпы үшсүз отыз мың адамның алты мыңы ауру жоқтырады,алайда туберкулезбен ауыратын адамдардың бүкіл тобындағы xdr тб пайызы әлі де төмен болып көрінеді оңтүстік африкада әрбір сәтте жалпы 330 000 адамның 6 мыңы ауру жұқтырады,алайда туберкулезбен ауратын адамдардың бүкіл тобындағы икіс ди ар тыбы пайызы әлі де төмен болып көрінеді оңтүстік африкада әрбір сәтте жалпы үшсүз отыз мың адамның алты мыңы ауру жоқтырады
1870,Көріністер пирамидаларда көрсетіледі және әртүрлі пирамидалар жанады.,көріністер пирамидаларда көрсетіледі және әр түрлі пирамидалар жаңады,көріністер пирамидаларда көрсетіледі және әртүрлі пирамидалар жанады,көріністер пирамидаларда көрсетіледі және әр түрлі пирамидалар жаңады
1713,"Гома жеткілікті деңгейде қауіпсіз болғанмен, Гомадан тыс аймақтарға шығудан бұрын, Солтүстік Киву провинциясындағы соғыс жағдайын түсіну үшін аздап зерттеу жүргізген дұрыс.",гома жеткілікті деңгейде қауіпсіз болғанмен гомадан тыс аймақтарда шығудан бұрын солтүстік киуу провинциясындағы соғыс жағдайын түсіну үшін аздап зерттеу жүргізген дұрыс,гома жеткілікті деңгейде қауіпсіз болғанмен гомадан тыс аймақтарға шығудан бұрын солтүстік киву провинциясындағы соғыс жағдайын түсіну үшін аздап зерттеу жүргізген дұрыс,гома жеткілікті деңгейде қауіпсіз болғанмен гомадан тыс аймақтарда шығудан бұрын солтүстік киуу провинциясындағы соғыс жағдайын түсіну үшін аздап зерттеу жүргізген дұрыс
1958,"Бұл қала елдің қалған қалаларынан өте ерекше, өйткені онда африкандықтан ерекшеліктерден гөрі араб ерекшеліктері көбірек.",бұл қала елдің қалған қалаларынан өте ерекше өйткені онда африкандықтан ерекшеліктерден гөрі араб ерекшеліктері көбірек,бұл қала елдің қалған қалаларынан өте ерекше өйткені онда африкандықтан ерекшеліктерден гөрі араб ерекшеліктері көбірек,бұл қала елдің қалған қалаларынан өте ерекше өйткені онда африкандықтан ерекшеліктерден гөрі араб ерекшеліктері көбірек
1927,"Ангел (2006), «Континуум» тәсілін ұйымдардың өнімділіктің жоғарырақ деңгейіне жетуіне көмектесу үшін пайдаланылатын әдіс ретінде түсіндіреді.",ангел екімің алты континьум тәсілін ұйымдардың өнімділіктің жоғарырақ деңгейіне жетуіне көмектесу үшін пайдаланатын әдіс ретінде түсіндіреді,ангел 2006 континуум тәсілін ұйымдардың өнімділіктің жоғарырақ деңгейіне жетуіне көмектесу үшін пайдаланылатын әдіс ретінде түсіндіреді,ангел екімің алты континьум тәсілін ұйымдардың өнімділіктің жоғарырақ деңгейіне жетуіне көмектесу үшін пайдаланатын әдіс ретінде түсіндіреді
1895,Грек тілін білу азайғаннан кейін батыс өзінің грек философиялық және ғылыми түбірлерінен бөлініп кеткенін тапты.,грек тілін білу азайғаннан кейін батыс сөзінің грек философиялық және ғылыми төрлерінен бөлініп кеткенін тапта,грек тілін білу азайғаннан кейін батыс өзінің грек философиялық және ғылыми түбірлерінен бөлініп кеткенін тапты,грек тілін білу азайғаннан кейін батыс сөзінің грек философиялық және ғылыми төрлерінен бөлініп кеткенін тапта
1670,"""Олардың температуралық сипаттамалары жер бетіндегі тұрақты температураны сақтайтын үлкен үңгірлер сияқты тұрақты емес, бірақ бұл олардың жердегі терең үңгірлерге сәйкес келеді"", - деді Глен Кушинг, АҚШ геологиялық қызметі (USGS) астрогеология тобы және Аризона штатының Флагстафф қаласында орналасқан Солтүстік Аризона университетінің мүшесі Глен Кушинг.",олардың температуралық сипаттамалар жер бетіндегі тұрақты температураны сақтайтын үлкен үңгірлер сияқты тұрақты емес бірақ бұл олардың жердегі терең үңгірлерге сәйкес келеді деді гленн кушинг ақыш геологиялық қызметі юс гс астрологиялы тобы және аризона штатының флакс тав қаласында орналасқан солтүстік аризона университетінің мүшесі гленн кушинг,олардың температуралық сипаттамалары жер бетіндегі тұрақты температураны сақтайтын үлкен үңгірлер сияқты тұрақты емес бірақ бұл олардың жердегі терең үңгірлерге сәйкес келеді деді глен кушинг ақш геологиялық қызметі usgs астрогеология тобы және аризона штатының флагстафф қаласында орналасқан солтүстік аризона университетінің мүшесі глен кушинг,олардың температуралық сипаттамалар жер бетіндегі тұрақты температураны сақтайтын үлкен үңгірлер сияқты тұрақты емес бірақ бұл олардың жердегі терең үңгірлерге сәйкес келеді деді гленн кушинг ақыш геологиялық қызметі юс гс астрологиялы тобы және аризона штатының флакс тав қаласында орналасқан солтүстік аризона университетінің мүшесі гленн кушинг
1753,"Бұл көбінесе бар болғаны дәл емес стереотип болғанымен, Парижде өмір сүрудің ең жақсы жолы – ең жақсы мінез-құлықты көрсету, жақсы тәрбиеленген адам сияқты әрекет ету. Бұл саяхаттауды айтарлықтай жеңілдетеді.","Бұл көбінесе бар болғаны, дәл емес стереотип болғанымен Парижде өмір сүрудің ең жақсы жоғы, ең жақсы мінес құлықты көрсету, жақсы тәрбеленген адам сияқты әрекет ету, бұл саяқаттаудың айтарлықтай женгілдіктеді.",бұл көбінесе бар болғаны дәл емес стереотип болғанымен парижде өмір сүрудің ең жақсы жолы ең жақсы мінез құлықты көрсету жақсы тәрбиеленген адам сияқты әрекет ету бұл саяхаттауды айтарлықтай жеңілдетеді,бұл көбінесе бар болғаны дәл емес стереотип болғанымен парижде өмір сүрудің ең жақсы жоғы ең жақсы мінес құлықты көрсету жақсы тәрбеленген адам сияқты әрекет ету бұл саяқаттаудың айтарлықтай женгілдіктеді
1887,"Лиггинс ауруханада жұмыс істей бастағанда, бос уақытында мерзімінен бұрын босануды зерттей бастады.",Лигенс Ауруханада жұмыс істей бастағанда бос уақытында мерзімден бұрын босануды зертте бастады.,лиггинс ауруханада жұмыс істей бастағанда бос уақытында мерзімінен бұрын босануды зерттей бастады,лигенс ауруханада жұмыс істей бастағанда бос уақытында мерзімден бұрын босануды зертте бастады
1687,Сегрегация және рекомбинация әр буында екі пул арасында вариацияларды араластырып отырады.,сегрегация және рекомбинация әр буында екі пул арасында вариацияларды арыластырып отырады,сегрегация және рекомбинация әр буында екі пул арасында вариацияларды араластырып отырады,сегрегация және рекомбинация әр буында екі пул арасында вариацияларды арыластырып отырады
1725,Ертеректе шығындарды азайту және функционалдылық факторларына байланысты бүкіл әлемде шығарылған ASUS Eee компьютері 2007 жылғы Тайбэй АТ айлығының өзекті тақырыбына айналды.,ертеректе шығындарды азайту және функционалдық факторларға байланысты бүкіл әлемде шығарылған асус е компьютері 2007 жылы тайбей эйдди айлығының өзекті тақырыбына айналды,ертеректе шығындарды азайту және функционалдылық факторларына байланысты бүкіл әлемде шығарылған asus eee компьютері 2007 жылғы тайбэй ат айлығының өзекті тақырыбына айналды,ертеректе шығындарды азайту және функционалдық факторларға байланысты бүкіл әлемде шығарылған асус е компьютері 2007 жылы тайбей эйдди айлығының өзекті тақырыбына айналды
1838,Гизадағы Ұлы Пирамида - жеті ғажайыптың ішіндегі бүгінгі күнге дейін сақталып қалған жалғыз ғажап.,ризада ұлы пирамида жеті қажайыптың ішіндегі бүгінгі күнде дейін сақталып қалған жалғыз қажап,гизадағы ұлы пирамида жеті ғажайыптың ішіндегі бүгінгі күнге дейін сақталып қалған жалғыз ғажап,ризада ұлы пирамида жеті қажайыптың ішіндегі бүгінгі күнде дейін сақталып қалған жалғыз қажап
1856,Финляндия — керемет қайықпен баратын жер. «Мың көлдің жерінде» көлдерде және жағалаудағы архипелагтарда мыңдаған аралдар да бар.,финлянде керемет қайықпен баратын жер мың көлдің жерінде көлдерде және жағалаудағы архипелагтарда мыңдаған аралдар да бар,финляндия керемет қайықпен баратын жер мың көлдің жерінде көлдерде және жағалаудағы архипелагтарда мыңдаған аралдар да бар,финлянде керемет қайықпен баратын жер мың көлдің жерінде көлдерде және жағалаудағы архипелагтарда мыңдаған аралдар да бар
1942,Біз үйлерімізді өсімдіктерден жасаймыз және киімдерді өсімдіктерден жасаймыз. Біз жейтін тамақтардың көпшілігі өсімдіктер болып табылады. Өсімдіктерсіз жануарлар тірі қалмайтын еді.,біз үйлерімізді өсімдіктерден жасаймыз және киімдерді өсімдіктерден жасаймыз біз жетін тамақтардың көпшілігі өсімдіктер болып табылады өсімдіктерсіз жануарлар тірі қалмайтын еді,біз үйлерімізді өсімдіктерден жасаймыз және киімдерді өсімдіктерден жасаймыз біз жейтін тамақтардың көпшілігі өсімдіктер болып табылады өсімдіктерсіз жануарлар тірі қалмайтын еді,біз үйлерімізді өсімдіктерден жасаймыз және киімдерді өсімдіктерден жасаймыз біз жетін тамақтардың көпшілігі өсімдіктер болып табылады өсімдіктерсіз жануарлар тірі қалмайтын еді
1785,"Құрылыс ағаштары - бұл оқыту әдісі емес, жаңа компьютерлік бағдарламаны пайдалану немесе жаңа жобаны бастау секілді жаңа оқу тәжірибесінен өтіп жатқан жеке тұлғаларға қолдау көрсететін көмек түрі.",Күрліс ағаштары бұл оқыту әдісі емес. Жаңа компьютерлік бағдарламаны пайдалану немесе жаңа жобаны бастау секілді. Жаңа оқу тәжірбесінен өтіп жатқан жеке тұлғаларға қолдау көрсететін өмек түрі.,құрылыс ағаштары бұл оқыту әдісі емес жаңа компьютерлік бағдарламаны пайдалану немесе жаңа жобаны бастау секілді жаңа оқу тәжірибесінен өтіп жатқан жеке тұлғаларға қолдау көрсететін көмек түрі,күрліс ағаштары бұл оқыту әдісі емес жаңа компьютерлік бағдарламаны пайдалану немесе жаңа жобаны бастау секілді жаңа оқу тәжірбесінен өтіп жатқан жеке тұлғаларға қолдау көрсететін өмек түрі
1934,Әдетте сіз туристердің және сатушылардың дыбысын әрқашан естисіз. Дыбыс пен жарықтан тұратын хикая дәл хикая кітабы сияқты болады.,сіз туристердің және сатушылардың дыбысын әрқашан естейсіз дыбыспен жарықтан тұратын хиғая дәл хиғая кітап сияқты болады,әдетте сіз туристердің және сатушылардың дыбысын әрқашан естисіз дыбыс пен жарықтан тұратын хикая дәл хикая кітабы сияқты болады,сіз туристердің және сатушылардың дыбысын әрқашан естейсіз дыбыспен жарықтан тұратын хиғая дәл хиғая кітап сияқты болады
1675,"Барлық зат есімдер, сонымен бірге «сіз» дегенді білдіретін «Sie» сөзі, тіпті сөйлемнің ортасында да бас әріптен басталады.",барлық зат есімдер сонымен бірге сіз дегенде білдіретін си сөзі тіпті сөйлемнің ортасында да басарыптен басталады,барлық зат есімдер сонымен бірге сіз дегенді білдіретін sie сөзі тіпті сөйлемнің ортасында да бас әріптен басталады,барлық зат есімдер сонымен бірге сіз дегенде білдіретін си сөзі тіпті сөйлемнің ортасында да басарыптен басталады
1945,Касабланка — бүкіл Мароккодағы шоппинг жасау ең қызық емес жерлердің бірі.,касабланка бүкіл мороккадағы шопинг жасау ең қызық емес жерлердің бірі,касабланка бүкіл мароккодағы шоппинг жасау ең қызық емес жерлердің бірі,касабланка бүкіл мороккадағы шопинг жасау ең қызық емес жерлердің бірі
1837,Реконструкция әрекеттерін либералдық сынау реконструкция келісімшарттарын солай деп саналатын Вашингтон инсайдерлеріне беруге баса көңіл бөлді.,реконструкция әрекеттерін либералдық сынау реконструкция келімші келісім шарттарын солай деп санылатын вашингтон инсайдерлеріне беруге баса көңіл бөлді,реконструкция әрекеттерін либералдық сынау реконструкция келісімшарттарын солай деп саналатын вашингтон инсайдерлеріне беруге баса көңіл бөлді,реконструкция әрекеттерін либералдық сынау реконструкция келімші келісім шарттарын солай деп санылатын вашингтон инсайдерлеріне беруге баса көңіл бөлді
1973,"Бірақ экватордан бар болғаны бірнеше градус солтүстікте орналасқан «жоғары тропиктерде» орналасқандықтан, жылуға (әрқашан) және қатты күнге (аспан анық кезде, сирегірек) шыдауыңыз керек болады.",бірақ экватордан бар болғаны бірнеше градус солтүстікке орналасқан жоғарғы тропиктерде орналасқандықтан жылуға әрқашан және қатты күнге аспан анық кезде сейере-герек шыдауыңыз керек болады,бірақ экватордан бар болғаны бірнеше градус солтүстікте орналасқан жоғары тропиктерде орналасқандықтан жылуға әрқашан және қатты күнге аспан анық кезде сирегірек шыдауыңыз керек болады,бірақ экватордан бар болғаны бірнеше градус солтүстікке орналасқан жоғарғы тропиктерде орналасқандықтан жылуға әрқашан және қатты күнге аспан анық кезде сейере герек шыдауыңыз керек болады
1827,"Жер қыртысының қалыңдығы жақын жағында шамамен 70 км, ал алыс жағында 100 км.",жер қыртысының қалыңдығы жақын жағында шамамен жетпіс километр ал алыс жағында жүз километр,жер қыртысының қалыңдығы жақын жағында шамамен 70 км ал алыс жағында 100 км,жер қыртысының қалыңдығы жақын жағында шамамен жетпіс километр ал алыс жағында жүз километр
1854,Көліктің өзі сол күні шамамен 12:00 GMT уақытында апат орнынан әкетілген.,Көліктің өзі сол күні шамамен 12 нөлінір GMT уақытында апат орнынан әкетілген.,көліктің өзі сол күні шамамен 12 00 gmt уақытында апат орнынан әкетілген,көліктің өзі сол күні шамамен 12 нөлінір gmt уақытында апат орнынан әкетілген
1708,Хьюн қызметтен кетуді сұранды және оны кабинетте Эд Дэви МП ауыстырады. Норман Лэмб МП Дэви босатып жатқан Бизнес министрі жұмысын алады деп күтілуде.,Хьюн қызметтен кету сұрында және оны кабинетте Эд Дэви Эмпі ауыстырады. Норман Лэмп Эмпі Дэви босатып жатқан бизнес министрі жұмысын алады деп күтілуде.,хьюн қызметтен кетуді сұранды және оны кабинетте эд дэви мп ауыстырады норман лэмб мп дэви босатып жатқан бизнес министрі жұмысын алады деп күтілуде,хьюн қызметтен кету сұрында және оны кабинетте эд дэви эмпі ауыстырады норман лэмп эмпі дэви босатып жатқан бизнес министрі жұмысын алады деп күтілуде
1985,"Бұл альптық стильдегі шаңғы туризмімен немесе альпинизммен байланысты (бірақ әдетте байланысты болмайды), соңғысы тік еңістіктерде өткізіледі және қатты шаңғы мен аяқ киімді қажет етеді.",бұл алиптиқ стилдегі шаңғы туризмнен немесе альпинизммен байланысты бірақ әдетте байланысты болмайды соңғысы тік еңістіктерде өткізіледі және қатты шаңғымен аяқ-иымды қажет етеді,бұл альптық стильдегі шаңғы туризмімен немесе альпинизммен байланысты бірақ әдетте байланысты болмайды соңғысы тік еңістіктерде өткізіледі және қатты шаңғы мен аяқ киімді қажет етеді,бұл алиптиқ стилдегі шаңғы туризмнен немесе альпинизммен байланысты бірақ әдетте байланысты болмайды соңғысы тік еңістіктерде өткізіледі және қатты шаңғымен аяқ иымды қажет етеді
1750,Сондай-ақ бұл ашу құстар қауырсындарының эволюциясына көрініс береді.,сондай-ақ бұл ашу құстар қауырсындарының эволюциясына көрініс береді,сондай ақ бұл ашу құстар қауырсындарының эволюциясына көрініс береді,сондай ақ бұл ашу құстар қауырсындарының эволюциясына көрініс береді
1992,"«Сафари» терминінің кең таралған мағынасы Африканың таң қалдыратын жабайы табиғатын, әсіресе саваннаны көруге жер бетімен саяхаттауды білдіреді.",сафари терминінің кең таралған мағынасы африканың таң қалдыратын жабайы табиғатын әсіресе саваннаны көруге жер бетімен саяхаттауды білдіреді,сафари терминінің кең таралған мағынасы африканың таң қалдыратын жабайы табиғатын әсіресе саваннаны көруге жер бетімен саяхаттауды білдіреді,сафари терминінің кең таралған мағынасы африканың таң қалдыратын жабайы табиғатын әсіресе саваннаны көруге жер бетімен саяхаттауды білдіреді
1940,"Барлығын назарға ала отырып, егер біздің ата-бабаларымыз өздерінің ""қоректену мәселесін"" бүгінде саваннадағы шимпанзелер қолданатын әдіспен шешкен болса таң қалмауымыз керек.",барлығын назарға ала отырып егер біздің ата-бабаларымыз өздерінің қоректену мәселесін бүгінде саваннадағы шимпанзелер қолданатын әдіспен шешкен болса таң қалмаумыз керек,барлығын назарға ала отырып егер біздің ата бабаларымыз өздерінің қоректену мәселесін бүгінде саваннадағы шимпанзелер қолданатын әдіспен шешкен болса таң қалмауымыз керек,барлығын назарға ала отырып егер біздің ата бабаларымыз өздерінің қоректену мәселесін бүгінде саваннадағы шимпанзелер қолданатын әдіспен шешкен болса таң қалмаумыз керек
1704,1990 жылы ол шөл құмдары қаупіне байланысты қауіп төніп тұрған әлемдік мұралар тізіміне қосылды.,1990-шы жылы ол шөл құмдары қауіпіне байланысты қауіп төніп тұрған әлемдік мұралар тізіміне қосылды,1990 жылы ол шөл құмдары қаупіне байланысты қауіп төніп тұрған әлемдік мұралар тізіміне қосылды,1990 шы жылы ол шөл құмдары қауіпіне байланысты қауіп төніп тұрған әлемдік мұралар тізіміне қосылды
1906,«Бұл қоштасу болайын деп тұрған жоқ. Бұл — бір тараудың жабылуы және жаңасының ашылуы».,бұл қоштасу болайын деп тұрған жоқ бұл бір тараудың жабылуы және жаңасының ашылуы,бұл қоштасу болайын деп тұрған жоқ бұл бір тараудың жабылуы және жаңасының ашылуы,бұл қоштасу болайын деп тұрған жоқ бұл бір тараудың жабылуы және жаңасының ашылуы
1817,Шенген аймағы бұл тұрғыдан бір ел сияқты жұмыс істейді.,женген аймағы бұл тұрғыдан бір ел сияқты жұмыс істейді,шенген аймағы бұл тұрғыдан бір ел сияқты жұмыс істейді,женген аймағы бұл тұрғыдан бір ел сияқты жұмыс істейді
1695,"Қарапайым танымал түскі ас, әсіресе жазда – Па амб Оли: зәйтүн майы, қызанақ және ірімшік, тунец, т.б. сияқты кез келген қолжетімді дәмдеуіштер қосылған нан.",ол қарапайым танымал түскі ас әсіресе джазда па әйім би оли зайтін майы қызанақ және ірімшек тунец тағы басқа сияқты кез келген қол жетімді дәмдеуштер қосылған нан,қарапайым танымал түскі ас әсіресе жазда па амб оли зәйтүн майы қызанақ және ірімшік тунец т б сияқты кез келген қолжетімді дәмдеуіштер қосылған нан,ол қарапайым танымал түскі ас әсіресе джазда па әйім би оли зайтін майы қызанақ және ірімшек тунец тағы басқа сияқты кез келген қол жетімді дәмдеуштер қосылған нан
1738,Сондай-ақ ол суға кірген кез келген нәрсеге шабуылдайтын; тіпті тиранозавр сияқты алып динозавр да оған тең келмейтін.,сондай-ақ ол суға кірген кез келген нәрсеге шабылдайтын тіпті тиранозавр сияқта алып динозавр да оған тең келмейтін,сондай ақ ол суға кірген кез келген нәрсеге шабуылдайтын тіпті тиранозавр сияқты алып динозавр да оған тең келмейтін,сондай ақ ол суға кірген кез келген нәрсеге шабылдайтын тіпті тиранозавр сияқта алып динозавр да оған тең келмейтін
1898,"«Ол [Уэльс] бізге әуел бастан-ақ өтірік айтты. Біріншіден, бұл заңды себептермен болғандай әрекет ету арқылы. Екіншіден, өзінің өнерін жойғанға дейін бізге құлақ салғандай бола қалу арқылы».","Ол, Уэлс, бізге әуел бастанақ өтірігі айтты. Біріншіден, бұл занды себептермен болғандай әрекет ету арқылы. Екіншіден, өзінің өнерін жойғанға дейін бізге құлақ салғандай болақ алу арқылы.",ол уэльс бізге әуел бастан ақ өтірік айтты біріншіден бұл заңды себептермен болғандай әрекет ету арқылы екіншіден өзінің өнерін жойғанға дейін бізге құлақ салғандай бола қалу арқылы,ол уэлс бізге әуел бастанақ өтірігі айтты біріншіден бұл занды себептермен болғандай әрекет ету арқылы екіншіден өзінің өнерін жойғанға дейін бізге құлақ салғандай болақ алу арқылы
1808,"Соғыс аяқталғаннан кейін екі жылда, бұрынғы одақтастар енді жаулар болды және суық соғыс басталды.",Соғыс аяқталғаннан кейін екі жылда бұрынғы одақтастар енді жаулап болды және суық соғыс басталды,соғыс аяқталғаннан кейін екі жылда бұрынғы одақтастар енді жаулар болды және суық соғыс басталды,соғыс аяқталғаннан кейін екі жылда бұрынғы одақтастар енді жаулап болды және суық соғыс басталды
1876,Солтүстік Мариан аралдарындағы төтенше жағдай қызметі елде ешқандай зақым келтіретін жағдайлар орын алмады деп хабарлайды.,Сол түстік Мариян аралдарындағы төтенше жағдай қызметі елде ешқандай зақым келтіретін жағдайлар орын алмады деп қабарлайды.,солтүстік мариан аралдарындағы төтенше жағдай қызметі елде ешқандай зақым келтіретін жағдайлар орын алмады деп хабарлайды,сол түстік мариян аралдарындағы төтенше жағдай қызметі елде ешқандай зақым келтіретін жағдайлар орын алмады деп қабарлайды
1809,"Жолдарды орнында ұстау үшін шпалдар айтарлықтай ерте енгізілді. Алайда, бірте-бірте, жолдың үстінде темір бөлік болса, жолдар тиімдірек болатыны түсінілді.",жолдарды орында ұстау үшін шыпалдар айтарлықта ерте енгізілді алайда бірте-бірте жолдың үстінде темір бөлік болса жолдар тиімдірек болатына түсінілді,жолдарды орнында ұстау үшін шпалдар айтарлықтай ерте енгізілді алайда бірте бірте жолдың үстінде темір бөлік болса жолдар тиімдірек болатыны түсінілді,жолдарды орында ұстау үшін шыпалдар айтарлықта ерте енгізілді алайда бірте бірте жолдың үстінде темір бөлік болса жолдар тиімдірек болатына түсінілді
1873,"Ер адамдардан бас тартқанда берік болыңыз және өз пікіріңізден таймаңыз (мәдени айырмашылықтар болсын-болмасын, бұл дұрыс емес!).","Ер адамдардың бастартқан да берік болыңыз, және өз пікіріңізден таймаңыз. Мәдени айырмашылықтар болсын, болмасын, бұл дұрыс емес.",ер адамдардан бас тартқанда берік болыңыз және өз пікіріңізден таймаңыз мәдени айырмашылықтар болсын болмасын бұл дұрыс емес,ер адамдардың бастартқан да берік болыңыз және өз пікіріңізден таймаңыз мәдени айырмашылықтар болсын болмасын бұл дұрыс емес
1816,"Үйленген, екі ересек баласы бар Дюваль хикаяны тыңдаған Миллерге үлкен әсер қалдырмады.",Илінген екі ересек баласы бар дзюэл хикаяны тыңдаған мейлерге үлкен әсері қалдырмады.,үйленген екі ересек баласы бар дюваль хикаяны тыңдаған миллерге үлкен әсер қалдырмады,илінген екі ересек баласы бар дзюэл хикаяны тыңдаған мейлерге үлкен әсері қалдырмады
1723,"Бұл портта 1889 жылы әскери-теңіз флоттарының қайғылы қарама-қарсы келуі болған. Германияның, АҚШ-тың және Британияның жеті кемесі порттан кетуден бас тартқан.",бұл портта бір мың сегіз сексен тоғызыншы жылы әскери теңіз флоттарының қайғылы қарама қарсы келуі болған германияның ақыштың және британияның жеті кемесі порттан кетуден бас тартқан,бұл портта 1889 жылы әскери теңіз флоттарының қайғылы қарама қарсы келуі болған германияның ақш тың және британияның жеті кемесі порттан кетуден бас тартқан,бұл портта бір мың сегіз сексен тоғызыншы жылы әскери теңіз флоттарының қайғылы қарама қарсы келуі болған германияның ақыштың және британияның жеті кемесі порттан кетуден бас тартқан
1861,"Нәтижесінде, орындаушылар сахнада каннабисті шекті және театрдың өзі аудиоторияны қосылуға шақырды.","Нәтижесінде орындаушылар сахнада канабисты шекті, және театрдың өзі аудиоторияны қосылуға шақырды.",нәтижесінде орындаушылар сахнада каннабисті шекті және театрдың өзі аудиоторияны қосылуға шақырды,нәтижесінде орындаушылар сахнада канабисты шекті және театрдың өзі аудиоторияны қосылуға шақырды
1972,"Көп адам оларды динозаврлар деп ойламайды, өйткені олардың қауырсындары бар және ұша алады.",көп адам оларды динозаверлар деп ойламайды үйткені олардың қауырсындары бар және ұша алады,көп адам оларды динозаврлар деп ойламайды өйткені олардың қауырсындары бар және ұша алады,көп адам оларды динозаверлар деп ойламайды үйткені олардың қауырсындары бар және ұша алады
1814,"Сутегі иондары, бұл олардан электрондары алынып тасталған протондар болып табылады (өйткені сутегі атомдары бір протон мен бір электроннан тұрады).",су тегі иондары бұл олардан электрондары алынып тастылған протондар болып табылады өйткені су тегі атымдары бір протон мен бір электроннан тұрады,сутегі иондары бұл олардан электрондары алынып тасталған протондар болып табылады өйткені сутегі атомдары бір протон мен бір электроннан тұрады,су тегі иондары бұл олардан электрондары алынып тастылған протондар болып табылады өйткені су тегі атымдары бір протон мен бір электроннан тұрады
1696,"Университеттегі зерттеушілердің айтуынша, екі қосылыс бір-бірімен реакцияға түсіп, бүйрек қызметін тоқтата алатын кристалдар құрады.",университеттегі зерттеушілердің айтуынша екі қосылыс бір-бірімен реакцияға түсіп бүйре қызметін тоқтата алатын кристалдар құрады,университеттегі зерттеушілердің айтуынша екі қосылыс бір бірімен реакцияға түсіп бүйрек қызметін тоқтата алатын кристалдар құрады,университеттегі зерттеушілердің айтуынша екі қосылыс бір бірімен реакцияға түсіп бүйре қызметін тоқтата алатын кристалдар құрады
1919,"Қала Африкадағы ең арзан тау горилласы саудасының орталығы болумен қатар, Ньирагонго жанартауына шығуда негізгі қала қызметін атқарады.",ала африкадағы ең арзан тау гориласы саудасының орталығы болумен қатар нирагонго жаңартауына шығудан негізгі қала қызметін атқарады,қала африкадағы ең арзан тау горилласы саудасының орталығы болумен қатар ньирагонго жанартауына шығуда негізгі қала қызметін атқарады,ала африкадағы ең арзан тау гориласы саудасының орталығы болумен қатар нирагонго жаңартауына шығудан негізгі қала қызметін атқарады
1953,Кейіннен ол жатқан ауруханадан Кэмбридждегі Адденбрук ауруханасына жатқызылды.,кейіннен ол жатқан ауруханадан кембридждегі оденбрук ауруханасына жатқызылды,кейіннен ол жатқан ауруханадан кэмбридждегі адденбрук ауруханасына жатқызылды,кейіннен ол жатқан ауруханадан кембридждегі оденбрук ауруханасына жатқызылды
1940,"Барлығын назарға ала отырып, егер біздің ата-бабаларымыз өздерінің ""қоректену мәселесін"" бүгінде саваннадағы шимпанзелер қолданатын әдіспен шешкен болса таң қалмауымыз керек.","Барлығын назарға алау отырып, егер біздің ата-бабаларымыз өздерінің қоректену мәселесін бүгінде саваннадағы шымпанзелер қолданатын әдіспен шешкен болса, таң қалмауымыз керек.",барлығын назарға ала отырып егер біздің ата бабаларымыз өздерінің қоректену мәселесін бүгінде саваннадағы шимпанзелер қолданатын әдіспен шешкен болса таң қалмауымыз керек,барлығын назарға алау отырып егер біздің ата бабаларымыз өздерінің қоректену мәселесін бүгінде саваннадағы шымпанзелер қолданатын әдіспен шешкен болса таң қалмауымыз керек
1907,Соғыс басталғаннан кейін жуық арада Ұлыбритания Германияны әскери-теңіз қоршауына алды.,соғыс басталғаннан кейін жылы қарада ғылыбритания германияны әскери теңіз қоршауына алды,соғыс басталғаннан кейін жуық арада ұлыбритания германияны әскери теңіз қоршауына алды,соғыс басталғаннан кейін жылы қарада ғылыбритания германияны әскери теңіз қоршауына алды
1824,"Мысырлық өлілер алқабындағы Гиза үстіртінде немесе «Гиза некрополисінде» бірнеше пирамида (олардың ішінде ұлы пирамида ең үлкені болып табылады), бірнеше шағын саркофаг, бірнеше храм және ұлы Сфинкс бар.",мысырлық өлілер алқабындағы гиза үстіртінде немесе гиза некрополисінде бірнеше пирамида олардың ішінде ұлы пирамида ең үлкені болып табылады бірнеше шағын саркофаг бірнеше храм және ұлы свинкс бар,мысырлық өлілер алқабындағы гиза үстіртінде немесе гиза некрополисінде бірнеше пирамида олардың ішінде ұлы пирамида ең үлкені болып табылады бірнеше шағын саркофаг бірнеше храм және ұлы сфинкс бар,мысырлық өлілер алқабындағы гиза үстіртінде немесе гиза некрополисінде бірнеше пирамида олардың ішінде ұлы пирамида ең үлкені болып табылады бірнеше шағын саркофаг бірнеше храм және ұлы свинкс бар
1749,Оны «вичи» француздар билеген. Бұл 1940 жылы немістермен бейбіт келісім жасасқан және  соғысудың орнына жаулаушылармен бірге жұмыс істеген француздар болды.,оны вичи француздар билеген бұл мыңдарыс қырғыншы жылы немістермен бейбеткелісім жасасқан және соқысудың орнына жағлаушылармен бірге жұмыс істеген француздар болды,оны вичи француздар билеген бұл 1940 жылы немістермен бейбіт келісім жасасқан және соғысудың орнына жаулаушылармен бірге жұмыс істеген француздар болды,оны вичи француздар билеген бұл мыңдарыс қырғыншы жылы немістермен бейбеткелісім жасасқан және соқысудың орнына жағлаушылармен бірге жұмыс істеген француздар болды
2008,Балидегі күн тәртібіндегі басқа тақырыптарға әлемнің қалған ормандарын сақтау және дамушы елдерге азырақ ластайтын жолмен өсуіне көмектесу үшін технологияларды бөлісу кіреді.,валидегі күн тәртібіндегі басқа тағырыптарға әлемнің қалған ормандарын сақтау және дамушы елдерге азырақ ластайтын жолмен өсуіне көміктесу үшін технологияларды бөлісу кіреді,балидегі күн тәртібіндегі басқа тақырыптарға әлемнің қалған ормандарын сақтау және дамушы елдерге азырақ ластайтын жолмен өсуіне көмектесу үшін технологияларды бөлісу кіреді,валидегі күн тәртібіндегі басқа тағырыптарға әлемнің қалған ормандарын сақтау және дамушы елдерге азырақ ластайтын жолмен өсуіне көміктесу үшін технологияларды бөлісу кіреді
1718,Антиквариат болып табылатын бұйымдар үшін ортақ анықтама берілмеген. Кейбір салық органдары 100 жастан асқан бұймыдарды антиквариат деп атайды.,Антиквариат болып табылатын бұйымдар үшін ортақ анықтама берілмеген кейбір салық орғындары жүз жастан асқан бұйымдарды антиквариат деп атайды.,антиквариат болып табылатын бұйымдар үшін ортақ анықтама берілмеген кейбір салық органдары 100 жастан асқан бұймыдарды антиквариат деп атайды,антиквариат болып табылатын бұйымдар үшін ортақ анықтама берілмеген кейбір салық орғындары жүз жастан асқан бұйымдарды антиквариат деп атайды
1910,"Париждіктер біртүрлілігі, дөрекілік және менмендігімен ерекшеленеді.",париждіктер біртүрлілігі дөрекілік және мен-мендігімен ерекшеленеді,париждіктер біртүрлілігі дөрекілік және менмендігімен ерекшеленеді,париждіктер біртүрлілігі дөрекілік және мен мендігімен ерекшеленеді
1752,"Нәтижесінде балықтың екі түрі жойылып кетті, ал қалған екеуіне жойылып кету қаупі төнді, оның ішінде бүкір балық та бар.",нәтижесінде балықтың екі түрі жойылып кетті ал қалған екеуіне жойылып кету қауіпі төнді оның ішінде бүкір балық та бар,нәтижесінде балықтың екі түрі жойылып кетті ал қалған екеуіне жойылып кету қаупі төнді оның ішінде бүкір балық та бар,нәтижесінде балықтың екі түрі жойылып кетті ал қалған екеуіне жойылып кету қауіпі төнді оның ішінде бүкір балық та бар
1693,"Бірақ, капитан қақпасын жоғалтудан кейін Үндістан ойынды аяқтау үшін бар болғаны 36 рет жүгірді, 7 рет қақпаны жоғалтты.",бірақ капитан қақпасын жоғалтудан кейін үндістан ойынды аяқтау үшін бар болғаны отысалты рет жүгірді жетір рет қақпаны жоғалтты,бірақ капитан қақпасын жоғалтудан кейін үндістан ойынды аяқтау үшін бар болғаны 36 рет жүгірді 7 рет қақпаны жоғалтты,бірақ капитан қақпасын жоғалтудан кейін үндістан ойынды аяқтау үшін бар болғаны отысалты рет жүгірді жетір рет қақпаны жоғалтты
1781,"Мадагаскар — қазіргі уақытта ең үлкені әрі жабайы табиғатына келгенде, өздігінен континент болып табылады.",мадагаскар кәзіргі уақытта ең үлкен әрі жабайы табиғатына келгенде өздігінен континент болып табылады,мадагаскар қазіргі уақытта ең үлкені әрі жабайы табиғатына келгенде өздігінен континент болып табылады,мадагаскар кәзіргі уақытта ең үлкен әрі жабайы табиғатына келгенде өздігінен континент болып табылады
1885,"22:00-23: 00 аралығында (MDT), аулада тұрған сотталғандай өрт шығарды.",22 нөлініл 23 нөлініл аралығында әмдетей аулада тұрған сотталғандай өрт шығарды.,22 00 23 00 аралығында mdt аулада тұрған сотталғандай өрт шығарды,22 нөлініл 23 нөлініл аралығында әмдетей аулада тұрған сотталғандай өрт шығарды
1900,"іс жүзінде, тіпті адам оның бар екенін білсе де, оны табу оңай емес. Үңгірге түскеннен кейін толығымен оқшауланасыз.","Біз жүзінде тіпті адам оның бар екенін біліседе, оны табу оңа емес. Үңгірге түскеннен кейін толығымен оқшауланасыз.",іс жүзінде тіпті адам оның бар екенін білсе де оны табу оңай емес үңгірге түскеннен кейін толығымен оқшауланасыз,біз жүзінде тіпті адам оның бар екенін біліседе оны табу оңа емес үңгірге түскеннен кейін толығымен оқшауланасыз
1723,"Бұл портта 1889 жылы әскери-теңіз флоттарының қайғылы қарама-қарсы келуі болған. Германияның, АҚШ-тың және Британияның жеті кемесі порттан кетуден бас тартқан.","Бұл портта 1889 жылы әскери-теңіз флоттарының қайғылы қарамағарсы келуі болған. Германияның, Ақыштың және Британияның жеті кемесі порттан кетуден бастартқан.",бұл портта 1889 жылы әскери теңіз флоттарының қайғылы қарама қарсы келуі болған германияның ақш тың және британияның жеті кемесі порттан кетуден бас тартқан,бұл портта 1889 жылы әскери теңіз флоттарының қайғылы қарамағарсы келуі болған германияның ақыштың және британияның жеті кемесі порттан кетуден бастартқан
1888,"Елге оралу шогы мәдени шоктан (мұнда бастапқы фаза өте аз) гөрі тезірек пайда болады, ол ұзаққа созылады және одан да ауыр болуы мүмкін.",Елге оралу шоғы мәдениеті шоқтан мұнда бастапқы фаза өте аз. Гөрі тезірек пайда болады. Ол ұзаққа сөзілады және оданда ауыр болуы мүмкін.,елге оралу шогы мәдени шоктан мұнда бастапқы фаза өте аз гөрі тезірек пайда болады ол ұзаққа созылады және одан да ауыр болуы мүмкін,елге оралу шоғы мәдениеті шоқтан мұнда бастапқы фаза өте аз гөрі тезірек пайда болады ол ұзаққа сөзілады және оданда ауыр болуы мүмкін
2001,"Саяхаттаушыларға өз аумағына әсер ететін ауыр ауа райының кез келген қаупі туралы хабардар болу туралы кеңес беріледі, өйткені олар барлық саяхаттау туралы жоспарларға әсер етуі мүмкін.",сайхаттаушыларға өз аумағына әсер ететін ауыр-ауа райының кез келген қауіпі туралы қабардар болу туралы кеңес беріледі өйткені олар барлық сайхаттау туралы жоспарларға әсер етуі мүмкін,саяхаттаушыларға өз аумағына әсер ететін ауыр ауа райының кез келген қаупі туралы хабардар болу туралы кеңес беріледі өйткені олар барлық саяхаттау туралы жоспарларға әсер етуі мүмкін,сайхаттаушыларға өз аумағына әсер ететін ауыр ауа райының кез келген қауіпі туралы қабардар болу туралы кеңес беріледі өйткені олар барлық сайхаттау туралы жоспарларға әсер етуі мүмкін
2003,"Гонконгтың ең жақсы көрінісін тамашалау үшін аралдан шығып, Коулун жағалауына қарай бет бұрыңыз.",гонконгтың ең жақсы көрінісін тамашалау үшін аралдан шығып колон жағалауына қарай бет бұрыңыз,гонконгтың ең жақсы көрінісін тамашалау үшін аралдан шығып коулун жағалауына қарай бет бұрыңыз,гонконгтың ең жақсы көрінісін тамашалау үшін аралдан шығып колон жағалауына қарай бет бұрыңыз
1956,Тауарларды тасымалдау үшін кемелерді пайдалану әзірше адамдардың және тауарлардың үлкен мөлшерлерін мұхиттарда жылжытудың ең тиімді жолы болып табылады.,тауарларды тасымалдау үшін кемел кемелерді пайдалану әзірше адамдардың және тауарлардың үлкен бөлшерлерін мұхиттарда жылжытудың ең тиімді жолы болып табылады,тауарларды тасымалдау үшін кемелерді пайдалану әзірше адамдардың және тауарлардың үлкен мөлшерлерін мұхиттарда жылжытудың ең тиімді жолы болып табылады,тауарларды тасымалдау үшін кемел кемелерді пайдалану әзірше адамдардың және тауарлардың үлкен бөлшерлерін мұхиттарда жылжытудың ең тиімді жолы болып табылады
1806,"Ең шарықтаған кезінде жарықтық ластану қазіргі кездегідей проблема болмағандықтан, олар қазіргі уақытқа қарағанда оңай жетуге болатын қалаларда немесе кампустарда орналасқан.",ең шарықтаған кезінде жарықтық ластану қазіргі кездегідей проблема болмағандықтан олар қазіргі уақытқа қарағанды оңай жетуге болатын қалаларды немесе кампустарда орналасқан,ең шарықтаған кезінде жарықтық ластану қазіргі кездегідей проблема болмағандықтан олар қазіргі уақытқа қарағанда оңай жетуге болатын қалаларда немесе кампустарда орналасқан,ең шарықтаған кезінде жарықтық ластану қазіргі кездегідей проблема болмағандықтан олар қазіргі уақытқа қарағанды оңай жетуге болатын қалаларды немесе кампустарда орналасқан
1699,"Бақылаушылардың бірі Бішкекті ""анархия күйіне батуда"" деп бейнелеген, өйткені қылмыскерлер тобы көшені аралап, дүкендердегі халықтық тұтыну тауарларын тонауды бастаған.",бақылаушылардың бірі бішкекті анархия күне батуда деп бейнеленген өйткені қылмыскерлер тобы көшені аралап дүкендердегі халықтық тұтыну тауарларын тонауды бастаған,бақылаушылардың бірі бішкекті анархия күйіне батуда деп бейнелеген өйткені қылмыскерлер тобы көшені аралап дүкендердегі халықтық тұтыну тауарларын тонауды бастаған,бақылаушылардың бірі бішкекті анархия күне батуда деп бейнеленген өйткені қылмыскерлер тобы көшені аралап дүкендердегі халықтық тұтыну тауарларын тонауды бастаған
1969,Ол негізгі тақырыптың ең тиімді орны сызықтардың қиылысуында деп айтады. Бұл кескінді тігінен және көлденеңінен үштіктерге бөледі (мысалды қараңыз).,Ол негізгі тақырыптың ең тиемді орны сызықтардың қиылысуында деп айтады. Бұл кескінді тігінен және көлдененіңнен үштіктерге бөледі. Мысалды қараныз.,ол негізгі тақырыптың ең тиімді орны сызықтардың қиылысуында деп айтады бұл кескінді тігінен және көлденеңінен үштіктерге бөледі мысалды қараңыз,ол негізгі тақырыптың ең тиемді орны сызықтардың қиылысуында деп айтады бұл кескінді тігінен және көлдененіңнен үштіктерге бөледі мысалды қараныз
1703,Мартелли кеше тоғыз мүшеден тұратын жаңа уақытша сайлау кеңесінің (CEP) алдында ант берді.,мартелли кеше тоғыз мүшеден тұратын жаңа уақытша сайлау кеңесінің си-э-ыр алдында ант берді,мартелли кеше тоғыз мүшеден тұратын жаңа уақытша сайлау кеңесінің cep алдында ант берді,мартелли кеше тоғыз мүшеден тұратын жаңа уақытша сайлау кеңесінің си э ыр алдында ант берді
1971,"Қатты жел, бұршақ, артық жауын-шашын және өрттер, сонымен бірге найзағайлар, торнадолар, судағы құйындар және циклондар ауар ауа райының түрлері мен әсерлері болып табылады.",катты жел біршақ артық жауын-шашын және өрттер сонымен бірге найзағайлар тарнадолар судағы құйындар және циклондар ауар ауар айын түрлерімен әсерлері болып табылады,қатты жел бұршақ артық жауын шашын және өрттер сонымен бірге найзағайлар торнадолар судағы құйындар және циклондар ауар ауа райының түрлері мен әсерлері болып табылады,катты жел біршақ артық жауын шашын және өрттер сонымен бірге найзағайлар тарнадолар судағы құйындар және циклондар ауар ауар айын түрлерімен әсерлері болып табылады
1982,"Әйелдер: Өздерінің шынайы отбасы жағдайына қарамастан, әйел жынысты саяхатшыларға тұрмыс құрған деп айтуға кеңес беріледі.",егелдер өздерінің шынайы отбасы жағдайына қарамастан әйел шынысты саяхатшыларға тұрмыс құрған деп айтуға кеңес беріледі,әйелдер өздерінің шынайы отбасы жағдайына қарамастан әйел жынысты саяхатшыларға тұрмыс құрған деп айтуға кеңес беріледі,егелдер өздерінің шынайы отбасы жағдайына қарамастан әйел шынысты саяхатшыларға тұрмыс құрған деп айтуға кеңес беріледі
1717,Су асты топологиясына байланысты кері ағын бірнеше тереңірек учаскелерде шоғырланған және онда терең суға жылдам ағын пайда болуы мүмкін.,су асты топологиясына байланысты кера ағын бірнеше тереңірек учаскелерде шоғырланған және онда терең суға жылдам ағын пайда болуы мүмкін,су асты топологиясына байланысты кері ағын бірнеше тереңірек учаскелерде шоғырланған және онда терең суға жылдам ағын пайда болуы мүмкін,су асты топологиясына байланысты кера ағын бірнеше тереңірек учаскелерде шоғырланған және онда терең суға жылдам ағын пайда болуы мүмкін
1875,Мұхиттарға құйылатын планета өзендеріндегі судың толықтай 20 пайызы Амазонкадан келеді.,Мұхиттарға қиылатын планета өзендеріндегі судың толықтай жерма пайызы Амазон қадан келеді.,мұхиттарға құйылатын планета өзендеріндегі судың толықтай 20 пайызы амазонкадан келеді,мұхиттарға қиылатын планета өзендеріндегі судың толықтай жерма пайызы амазон қадан келеді
1664,"Екі құрғақ ұнтақты араластырыңыз, содан кейін таза, ылғалды қолдармен оларды қысып, шарик жасаңыз.",екі қорғақ ұнтақты араластырыңыз содан кейін таза ылғалды қолдармен оларды қысып шарик жасаңыз,екі құрғақ ұнтақты араластырыңыз содан кейін таза ылғалды қолдармен оларды қысып шарик жасаңыз,екі қорғақ ұнтақты араластырыңыз содан кейін таза ылғалды қолдармен оларды қысып шарик жасаңыз
1779,Бұл хабарландыру Трамп Түркия президенті Реджеп Тайып Ердоғанмен телефон арқылы сөйлескеннен кейін жасалды.,бұл хабарландыру трамп туркия президенті реджептайып эрдоғанмен телефон арқылы сөйлескеннен кейін жасалды,бұл хабарландыру трамп түркия президенті реджеп тайып ердоғанмен телефон арқылы сөйлескеннен кейін жасалды,бұл хабарландыру трамп туркия президенті реджептайып эрдоғанмен телефон арқылы сөйлескеннен кейін жасалды
1917,Римде әртүрлі орындарда адамдардың салтанатты рәсімді көруі үшін бірнеше үлкен теледидар экрандары орнатылды.,римде әртүрлі орындарда адамдардың салтанатты рәсімді көру үшін бірнеше үлкен теледидар екрандары орынатылды,римде әртүрлі орындарда адамдардың салтанатты рәсімді көруі үшін бірнеше үлкен теледидар экрандары орнатылды,римде әртүрлі орындарда адамдардың салтанатты рәсімді көру үшін бірнеше үлкен теледидар екрандары орынатылды
1676,"Барлық Оңтүстік Африка ұлттық саябақтарындағыдай, саябаққа кіруде экологиялық салым және кіру ақысы төленеді.","Барлық, оңтүстік Африка ұлттық саябақтарындағыдай саябаққа күріде экологиялық салым және күру ақысы төленеді.",барлық оңтүстік африка ұлттық саябақтарындағыдай саябаққа кіруде экологиялық салым және кіру ақысы төленеді,барлық оңтүстік африка ұлттық саябақтарындағыдай саябаққа күріде экологиялық салым және күру ақысы төленеді
1889,"Ол бізге пойызды, автокөлікті және басқа да көлік құралдарын алып келді.","Ол бізге поезді, автокөлікті және басқа да көлік құралдарын алып келді.",ол бізге пойызды автокөлікті және басқа да көлік құралдарын алып келді,ол бізге поезді автокөлікті және басқа да көлік құралдарын алып келді
1661,"Ол қысқартулар үшін санды белгілемеді, олар Қытайдың экономикалық нәтижесі негізінде жасалатынын айтты.",олар қысқартулар үшін санды белгілемеді олар қытайдың экономикалық нәтижесі негізінде жасалатынын айтты,ол қысқартулар үшін санды белгілемеді олар қытайдың экономикалық нәтижесі негізінде жасалатынын айтты,олар қысқартулар үшін санды белгілемеді олар қытайдың экономикалық нәтижесі негізінде жасалатынын айтты
1749,Оны «вичи» француздар билеген. Бұл 1940 жылы немістермен бейбіт келісім жасасқан және  соғысудың орнына жаулаушылармен бірге жұмыс істеген француздар болды.,оны вичи француздар билеген бұл мың тұрғыз қырғыншы жылы немстермен бейбіт келісім жасасқан және соқсудың орнына жаулаушылармен бірге жұмыс істеген француздар болды,оны вичи француздар билеген бұл 1940 жылы немістермен бейбіт келісім жасасқан және соғысудың орнына жаулаушылармен бірге жұмыс істеген француздар болды,оны вичи француздар билеген бұл мың тұрғыз қырғыншы жылы немстермен бейбіт келісім жасасқан және соқсудың орнына жаулаушылармен бірге жұмыс істеген француздар болды
1925,"Жасалған жұмыс көбіне теориялық болды, бірақ Мерген галактикасына қатысты жасалатын бақылауларды симуляциялау үшін бағдарлама жазылды.",жасалған жұмыс көбіне теориялық болды бірақ мерген галактикасына қатысты жасалатын бақылоларды симуляция алау үшін бағыларлама жазылады,жасалған жұмыс көбіне теориялық болды бірақ мерген галактикасына қатысты жасалатын бақылауларды симуляциялау үшін бағдарлама жазылды,жасалған жұмыс көбіне теориялық болды бірақ мерген галактикасына қатысты жасалатын бақылоларды симуляция алау үшін бағыларлама жазылады
1829,Жоғары салық салынатын елдерге жол тартатын саяхатшылар кейде әсіресе алкогольді ішімдіктер мен темекі сияқты өнімдерге айтарлықтай ақша үнемдей алады.,жоғары салық салынатын елдерге жол тартатын саяхатшылар кейде әсіресе алкогольді ішімдіктер мен темекі сияқты үнімдерге айтарлықтай ақша үнімдей алады,жоғары салық салынатын елдерге жол тартатын саяхатшылар кейде әсіресе алкогольді ішімдіктер мен темекі сияқты өнімдерге айтарлықтай ақша үнемдей алады,жоғары салық салынатын елдерге жол тартатын саяхатшылар кейде әсіресе алкогольді ішімдіктер мен темекі сияқты үнімдерге айтарлықтай ақша үнімдей алады
1818,Адамдар үйіне оралған саяхатшылар үшін шыдамдылық пен түсіністік қажет екенін түсінбеуі мүмкін.,адамдар үйіне оралған саяхатшылар үшін штамдылық пен түсіністі қажет екенін түсінбеуі мүмкін,адамдар үйіне оралған саяхатшылар үшін шыдамдылық пен түсіністік қажет екенін түсінбеуі мүмкін,адамдар үйіне оралған саяхатшылар үшін штамдылық пен түсіністі қажет екенін түсінбеуі мүмкін
2006,"Кальций және калий сияқты элементтер металдар болып саналады. Әрине, күміс және алтын сияқты металдар да бар.",Кальций және калий сияқты элементтер металдар болып саналады. Әр ене кіміз және алтын сияқты металдарды бар.,кальций және калий сияқты элементтер металдар болып саналады әрине күміс және алтын сияқты металдар да бар,кальций және калий сияқты элементтер металдар болып саналады әр ене кіміз және алтын сияқты металдарды бар
1672,Матаның тым ыстық болуына жол бермеңіз (бұл қысқаруға немесе күюіне себеп болуы мүмкін).,матаның тым ыстық болуына жол бермеңіз бұл қысқаруға немесе күйеуіне себеп болуы мүмкін,матаның тым ыстық болуына жол бермеңіз бұл қысқаруға немесе күюіне себеп болуы мүмкін,матаның тым ыстық болуына жол бермеңіз бұл қысқаруға немесе күйеуіне себеп болуы мүмкін
1822,Марокко сұлтаны қаланы Дару Аль-Бадиа деп қайта салды және оған Касабланка деген атауды осында сауда базаларын жасаған испандық саудагерлер берді.,Марокко сұлтаны қаланы Дару Альбадия деп қайта салды. Және оған Касабланка деген атауды осында сауда базарларын жасаған испандық саудагерлер берді.,марокко сұлтаны қаланы дару аль бадиа деп қайта салды және оған касабланка деген атауды осында сауда базаларын жасаған испандық саудагерлер берді,марокко сұлтаны қаланы дару альбадия деп қайта салды және оған касабланка деген атауды осында сауда базарларын жасаған испандық саудагерлер берді
1981,"Бар болғаны кеме экскурсиялары арқылы жағаға барсаңыз, сізге бөлек виза қажет болмайды (2009 жылдан).",бар болғаны кеме экскурсиялары арқылы жағаға барсаңыз сізге бөлек бейзі қажет болмайды екі мың тоғызыншы жылдан,бар болғаны кеме экскурсиялары арқылы жағаға барсаңыз сізге бөлек виза қажет болмайды 2009 жылдан,бар болғаны кеме экскурсиялары арқылы жағаға барсаңыз сізге бөлек бейзі қажет болмайды екі мың тоғызыншы жылдан
1926,"Аристотельдің ғылымның барлық мәселелеріне, оның ішінде психологияға көзқарасы қабылданды.",Аристотельдің ғылымның барлық мәселелеріне оның ішінде психологияға көз қарасы қабылданды.,аристотельдің ғылымның барлық мәселелеріне оның ішінде психологияға көзқарасы қабылданды,аристотельдің ғылымның барлық мәселелеріне оның ішінде психологияға көз қарасы қабылданды
1846,Сондықтан бұл пішімнің арақатынасы (ең қарапайым бүтін санның қатынасын алу үшін он екіге бөлу) 3:2 деп айтылады.,"Сондықтан, бұл күшімнің арақатынасы, ең қарапайымын бүтін саның қатынасын ау үшін 12-ге бөліп, үште 2 деп айтылады.",сондықтан бұл пішімнің арақатынасы ең қарапайым бүтін санның қатынасын алу үшін он екіге бөлу 3 2 деп айтылады,сондықтан бұл күшімнің арақатынасы ең қарапайымын бүтін саның қатынасын ау үшін 12 ге бөліп үште 2 деп айтылады
1739,Меккенің солтүстігіндегі таулардың біріндегі шыңда орналасқан үңгір әлемнің қалған бөліктерінен толығымен оқшауланған.,Меккенің сол түстігіндегі таулардың біріндегі шыңда орналасқан үңгір әлемнің қалған бөліктерінен толығымен оқшауланған.,меккенің солтүстігіндегі таулардың біріндегі шыңда орналасқан үңгір әлемнің қалған бөліктерінен толығымен оқшауланған,меккенің сол түстігіндегі таулардың біріндегі шыңда орналасқан үңгір әлемнің қалған бөліктерінен толығымен оқшауланған
1804,Гаитидегі әділет және демократия институты БҰҰ Непал бейбітшіл батальоны өздері байқамай ауруды Гаитиге әкелген деп пайымдайтын тәуелсіз зерттеулерді көрсетті.,Гаити дегі әділет және демократия институты БОИНепал бейбітшілік батальоны өздері байқамай ауруды Гаити ге келген деп пайымдайтын тәуелсіз зерттеулерді көрсетті.,гаитидегі әділет және демократия институты бұұ непал бейбітшіл батальоны өздері байқамай ауруды гаитиге әкелген деп пайымдайтын тәуелсіз зерттеулерді көрсетті,гаити дегі әділет және демократия институты боинепал бейбітшілік батальоны өздері байқамай ауруды гаити ге келген деп пайымдайтын тәуелсіз зерттеулерді көрсетті
1983,"Өркениет сөзі латынның «civilis» сөзінен шыққан, азаматтық деген мағынаны білдіретін, ол азамат деген мағынаны білдіретін, латынша «civis» сөзімен байланысты, ал қала немесе қала-мемлекет деген мағынаны білдіретін «civitas» сөзі де бар, сонымен бірге бұл белгілі бір деңгейде қоғамның көлемін анықтайды.",еркениет сөзі латынның цивилис сөзінен шыққан азаматтық деген мағынаны білдіретін ол азамат деген мағынаны білдіретін латынша цивиз өзімен байланысты ал қала немесе қала мемлекет деген мағынаны білдіретін цивитас сөзі де бар сонымен бірге бұл белгілі бір деңгейде қоғамның көлеміне анықтайды,өркениет сөзі латынның civilis сөзінен шыққан азаматтық деген мағынаны білдіретін ол азамат деген мағынаны білдіретін латынша civis сөзімен байланысты ал қала немесе қала мемлекет деген мағынаны білдіретін civitas сөзі де бар сонымен бірге бұл белгілі бір деңгейде қоғамның көлемін анықтайды,еркениет сөзі латынның цивилис сөзінен шыққан азаматтық деген мағынаны білдіретін ол азамат деген мағынаны білдіретін латынша цивиз өзімен байланысты ал қала немесе қала мемлекет деген мағынаны білдіретін цивитас сөзі де бар сонымен бірге бұл белгілі бір деңгейде қоғамның көлеміне анықтайды
1974,Сол принцип бойынша ер адамдар тізелерін жауып тұратын шалбар кию керек.,сол принцип бойынша ер адамдар тізелерін жауып тұратын шалбар киеу керек,сол принцип бойынша ер адамдар тізелерін жауып тұратын шалбар кию керек,сол принцип бойынша ер адамдар тізелерін жауып тұратын шалбар киеу керек
1693,"Бірақ, капитан қақпасын жоғалтудан кейін Үндістан ойынды аяқтау үшін бар болғаны 36 рет жүгірді, 7 рет қақпаны жоғалтты.",бірақ капитан қақпасын жоғалтудан кейін үндістан ойында аяқтау үшін бар болғаны отыз алты рет жүгірді жеті рет қақпаны жоғалтты,бірақ капитан қақпасын жоғалтудан кейін үндістан ойынды аяқтау үшін бар болғаны 36 рет жүгірді 7 рет қақпаны жоғалтты,бірақ капитан қақпасын жоғалтудан кейін үндістан ойында аяқтау үшін бар болғаны отыз алты рет жүгірді жеті рет қақпаны жоғалтты
1815,Атомдық бомба көп протондар мен нейтрондар арқылы ядро ​​құру үшін энергия алуы принципі бойынша жұмыс істейді.,Атомдық бомбы көп протондар мен нейтрондар арқылы ядроқұры үшін энергия алуы принципі бойынша жымас істейді.,атомдық бомба көп протондар мен нейтрондар арқылы ядро ​​құру үшін энергия алуы принципі бойынша жұмыс істейді,атомдық бомбы көп протондар мен нейтрондар арқылы ядроқұры үшін энергия алуы принципі бойынша жымас істейді
1742,Гонконг аралы Гонконгтың аумағына өз атауын береді және көптеген туристер басты назар аударатын орын болып табылады.,гонг-конг аралы гонг-конгтың аумағына өз аталын береді және көптеген туристер басты назар аударатын орын болып табылады,гонконг аралы гонконгтың аумағына өз атауын береді және көптеген туристер басты назар аударатын орын болып табылады,гонг конг аралы гонг конгтың аумағына өз аталын береді және көптеген туристер басты назар аударатын орын болып табылады
1738,Сондай-ақ ол суға кірген кез келген нәрсеге шабуылдайтын; тіпті тиранозавр сияқты алып динозавр да оған тең келмейтін.,сондай-ақ ол суға кірген кез келген нәрсеге шабуылдайтын тіпті тиранозавр сияқты алып динозаврда оған тең келмейтін,сондай ақ ол суға кірген кез келген нәрсеге шабуылдайтын тіпті тиранозавр сияқты алып динозавр да оған тең келмейтін,сондай ақ ол суға кірген кез келген нәрсеге шабуылдайтын тіпті тиранозавр сияқты алып динозаврда оған тең келмейтін
1848,Кеше Түркияның Газиантеп қаласындағы полиция штаб-пәтерінде бомба қойылған көлік жарылысы нәтижесінде екі полиция қызметкері қаза тапты және жиырмадан артық адам жарақат алды.,кеше түркияның газянтеп қаласындағы полиция штаб пәтерінде бомба қойылған көрлік жаржылысы нәтижесінде екі полиция қызметкері қаза тапты және жиырмадан артық адам жарақат алды,кеше түркияның газиантеп қаласындағы полиция штаб пәтерінде бомба қойылған көлік жарылысы нәтижесінде екі полиция қызметкері қаза тапты және жиырмадан артық адам жарақат алды,кеше түркияның газянтеп қаласындағы полиция штаб пәтерінде бомба қойылған көрлік жаржылысы нәтижесінде екі полиция қызметкері қаза тапты және жиырмадан артық адам жарақат алды
1921,"Екінші жағынан, мұзды және қарлы жағдайлар көп елдерде қалыпты болып табылады және жол қозғалысы көбінесе жыл бойы үздіксіз болады.","Екінші жағынан, мұзды және қарлы жағдайлар көбелдерде қалыпты болып табылады, және жол қозғалысы көбінесе жыл бойы үздіксіз болады.",екінші жағынан мұзды және қарлы жағдайлар көп елдерде қалыпты болып табылады және жол қозғалысы көбінесе жыл бойы үздіксіз болады,екінші жағынан мұзды және қарлы жағдайлар көбелдерде қалыпты болып табылады және жол қозғалысы көбінесе жыл бойы үздіксіз болады
2007,АҚШ Инженерлер корпусы 6 дюйм жаңбырдың жаууы бұрын зақымдалған бөгеттерді бұзуы мүмкін деп болжады.,ақыш инженерлер корпусы алты дүйім жаңбырдың жауауы бұрын зақымданылған бөгеттерді бұзуы мүмкін деп болжады,ақш инженерлер корпусы 6 дюйм жаңбырдың жаууы бұрын зақымдалған бөгеттерді бұзуы мүмкін деп болжады,ақыш инженерлер корпусы алты дүйім жаңбырдың жауауы бұрын зақымданылған бөгеттерді бұзуы мүмкін деп болжады
1675,"Барлық зат есімдер, сонымен бірге «сіз» дегенді білдіретін «Sie» сөзі, тіпті сөйлемнің ортасында да бас әріптен басталады.",барлық зат есімдер сонымен бірге сіз дегенді білдіретің си сөзі тіпті сөйлемнің ортасында да басарыптен басталады,барлық зат есімдер сонымен бірге сіз дегенді білдіретін sie сөзі тіпті сөйлемнің ортасында да бас әріптен басталады,барлық зат есімдер сонымен бірге сіз дегенді білдіретің си сөзі тіпті сөйлемнің ортасында да басарыптен басталады
1849,"Егер сіз ""Ұлт қазынасы"" фильмін көрген болсаңыз, онда қазына картасы Тәуелсіздік декларациясының артында жазылған деп ойлауыңыз мүмкін.",егер сіз ұлт қазынасы фильмін көрген болсаңыз онда қазына картасы тәуелсіздік декларациясының артында жазылған деп ойлауыңыз мүмкін,егер сіз ұлт қазынасы фильмін көрген болсаңыз онда қазына картасы тәуелсіздік декларациясының артында жазылған деп ойлауыңыз мүмкін,егер сіз ұлт қазынасы фильмін көрген болсаңыз онда қазына картасы тәуелсіздік декларациясының артында жазылған деп ойлауыңыз мүмкін
1860,Губернатордың кеңсесі жарақат алғандардың он тоғызы полиция қызметкері болғанын айтты.,Губернатордың кеңсесі жарақат алғандардың 19-ы полиция қызметкері болғанын айтты.,губернатордың кеңсесі жарақат алғандардың он тоғызы полиция қызметкері болғанын айтты,губернатордың кеңсесі жарақат алғандардың 19 ы полиция қызметкері болғанын айтты
1748,Өрт сөндіру бөлімшелері өртті кешкі сағат 11:35-ке дейін сөндірді.,4 сөндіру бөлімшелері 4-ті кешкі сағат 11.35 кедейін сөндірді.,өрт сөндіру бөлімшелері өртті кешкі сағат 11 35 ке дейін сөндірді,4 сөндіру бөлімшелері 4 ті кешкі сағат 11 35 кедейін сөндірді
1791,Құрылыс орындарын граффити сызу арқылы бүлдірмеңіз.,орындарын граффити сызу арқылы білдірмеңіз,құрылыс орындарын граффити сызу арқылы бүлдірмеңіз,орындарын граффити сызу арқылы білдірмеңіз
1794,"Өркениет – бірге тұрып, бірге жұмыс істейтін қоғамдағы адамдардың айтарлықтай үлкен тобына қатысты ортақ мәдениет.","Уркениет бірге тұрып, бірге жұмыс істейтінін қоғамдарды. Қоғамдағы адамдардың айтарлықтай үлкен тобына қатысты ортақ мәдениет.",өркениет бірге тұрып бірге жұмыс істейтін қоғамдағы адамдардың айтарлықтай үлкен тобына қатысты ортақ мәдениет,уркениет бірге тұрып бірге жұмыс істейтінін қоғамдарды қоғамдағы адамдардың айтарлықтай үлкен тобына қатысты ортақ мәдениет
1947,"Әскерлер келмей тұрып, Гаитиде 1800 жылдан бері бұл ауруға қатысты мәселелер болмаған.",эскерлер келмей тұрып гаидиде бір мыңсегі жүзінші жылдан бері бұл ауруға қатысты мәселелер болмаған,әскерлер келмей тұрып гаитиде 1800 жылдан бері бұл ауруға қатысты мәселелер болмаған,эскерлер келмей тұрып гаидиде бір мыңсегі жүзінші жылдан бері бұл ауруға қатысты мәселелер болмаған
1936,"Пэрри түнгі сайлау алды жиналысының нәтижелерін бағалау үшін Техасқа оралатынын, өзі үшін осы жарыста алға жүретін жол бар-жоғын анықтайтынын мәлімдеді, бірақ кейінірек жарыста қалатынын және 21 қаңтардағы Оңтүстік Каролинадағы бастапқы сайлауға қатысатынын айтты.","Бұйырғы түнгі сайлау алды жиналысының нәтижелерін бағалау үшін Техасқа оралатынын, өзі үшін осы жарыста алға жүретін жол бар жоғын анықтайтынын мәлімдеді. Бірақ кейінірек жарыста қалатынын және 21-ші қантардағы оңтүстік Каролинадағы бастап қысайлауға қатысатынын айтты.",пэрри түнгі сайлау алды жиналысының нәтижелерін бағалау үшін техасқа оралатынын өзі үшін осы жарыста алға жүретін жол бар жоғын анықтайтынын мәлімдеді бірақ кейінірек жарыста қалатынын және 21 қаңтардағы оңтүстік каролинадағы бастапқы сайлауға қатысатынын айтты,бұйырғы түнгі сайлау алды жиналысының нәтижелерін бағалау үшін техасқа оралатынын өзі үшін осы жарыста алға жүретін жол бар жоғын анықтайтынын мәлімдеді бірақ кейінірек жарыста қалатынын және 21 ші қантардағы оңтүстік каролинадағы бастап қысайлауға қатысатынын айтты
1697,"Ол ауырғанды басатын қажет дәрі-дәрмектерді қабылдай алмады, өйткені олар Ойындарға қатысушылар үшін рұқсат етілмейді.",ол ауырғанды басатын қажеттары дәрмектерді қабылдай алынады өйткені олар ойындарға қатысушылар үшін рұқсат етілмеді,ол ауырғанды басатын қажет дәрі дәрмектерді қабылдай алмады өйткені олар ойындарға қатысушылар үшін рұқсат етілмейді,ол ауырғанды басатын қажеттары дәрмектерді қабылдай алынады өйткені олар ойындарға қатысушылар үшін рұқсат етілмеді
1836,"Адамдар ежелден алтын, күміс және мыс сияқты негізгі химиялық элементтер туралы білді, өйткені олардың барлығын табиғатта табиғи түрде табуға болады және қарапайым құралдармен өндіру салыстырмалы түрде оңай.",адамдар ежелден алтын күміс және мыс сияқты негізгі химиялық элементтер туралы білді өйткені олардың барлығын табиғатта табиғи түрде табуға болады және қарапайым құралдармен өңдіру салыстырмалы түрде оңай,адамдар ежелден алтын күміс және мыс сияқты негізгі химиялық элементтер туралы білді өйткені олардың барлығын табиғатта табиғи түрде табуға болады және қарапайым құралдармен өндіру салыстырмалы түрде оңай,адамдар ежелден алтын күміс және мыс сияқты негізгі химиялық элементтер туралы білді өйткені олардың барлығын табиғатта табиғи түрде табуға болады және қарапайым құралдармен өңдіру салыстырмалы түрде оңай
2002,Бұл ойыншыларға бейне ойындардағы әрекеттер мен қозғалыстарды құрылғыны ауада қозғалту арқылы басқаруға мүмкіндік береді.,бұл ойыншыларға бейне ойындардағы әрекеттер мен қозғалыстарды құрылғыны ауады қозғалту арқылы басқаруға мүмкіндік береді,бұл ойыншыларға бейне ойындардағы әрекеттер мен қозғалыстарды құрылғыны ауада қозғалту арқылы басқаруға мүмкіндік береді,бұл ойыншыларға бейне ойындардағы әрекеттер мен қозғалыстарды құрылғыны ауады қозғалту арқылы басқаруға мүмкіндік береді
1767,"Бұл солтүстік шұғыласын көрудің жақсы мүмкіндігін береді, өйткені аспан тәулік бойы азды-көпті күңгірт болады.","Бұл сол түстік шығыласын көрінің жақсы мүмкіндігін береді. Өйткені, аспан тәуілік ойы азды көпті күңгірт болады.",бұл солтүстік шұғыласын көрудің жақсы мүмкіндігін береді өйткені аспан тәулік бойы азды көпті күңгірт болады,бұл сол түстік шығыласын көрінің жақсы мүмкіндігін береді өйткені аспан тәуілік ойы азды көпті күңгірт болады
1857,"Ол тағы былай деді: «дегенмен, олардан даму кезеңінен, жауапкершілігінен және мүмкіндіктерінен асатын міндеттемелерді қабылдауды сұрамау керек».",ол тағы былай деді дегенмен олардан даму кезіңнен жауапкершілігінен және мүмкіндіктерінен асатын міндеттемелерді қабылдауды сұрамау керек,ол тағы былай деді дегенмен олардан даму кезеңінен жауапкершілігінен және мүмкіндіктерінен асатын міндеттемелерді қабылдауды сұрамау керек,ол тағы былай деді дегенмен олардан даму кезіңнен жауапкершілігінен және мүмкіндіктерінен асатын міндеттемелерді қабылдауды сұрамау керек
1845,Күймеде олар айқайлап жатқан және король мен патшайымға қоқан-лоққыларды айқайлап айтып жатқан адамдар тобы қоршаған күйде Парижге қайтып оралды.,күймеде олар айқайлап жатқан және кіргөл мен патшайымға қоқан лоп қыларды айқайлап айтып жатқан адамдар тобы қоршаған күйде парижге қайтып оралды,күймеде олар айқайлап жатқан және король мен патшайымға қоқан лоққыларды айқайлап айтып жатқан адамдар тобы қоршаған күйде парижге қайтып оралды,күймеде олар айқайлап жатқан және кіргөл мен патшайымға қоқан лоп қыларды айқайлап айтып жатқан адамдар тобы қоршаған күйде парижге қайтып оралды
1724,Ол шамамен 400 жылдан бастап салтанаттың эпицентріне ретінде белгілі болды және шамамен 1100 жылға дейін созылды.,ол шамамен төрт-жүз жылдан бастап салтанаттың эпиценттеріне ретінде белгілі болды және шамамен мың бір жүз жылға дейін созылды,ол шамамен 400 жылдан бастап салтанаттың эпицентріне ретінде белгілі болды және шамамен 1100 жылға дейін созылды,ол шамамен төрт жүз жылдан бастап салтанаттың эпиценттеріне ретінде белгілі болды және шамамен мың бір жүз жылға дейін созылды
1895,Грек тілін білу азайғаннан кейін батыс өзінің грек философиялық және ғылыми түбірлерінен бөлініп кеткенін тапты.,грек тілін білу азайғынан кейін батыс өзінің грек философиялық және ғылыми түбірлерінен бөлініп кеткенін тапты,грек тілін білу азайғаннан кейін батыс өзінің грек философиялық және ғылыми түбірлерінен бөлініп кеткенін тапты,грек тілін білу азайғынан кейін батыс өзінің грек философиялық және ғылыми түбірлерінен бөлініп кеткенін тапты
1928,"1976 жылда, Мачу Пикчудың отыз пайызы қалпына келтірілді және реставрация бүгінге дейні жалғасуда.",1976 жылда мачу пикчудің отыз пайызы қалпына келтірілді және реставрация бүгінге дейін жалғасуды,1976 жылда мачу пикчудың отыз пайызы қалпына келтірілді және реставрация бүгінге дейні жалғасуда,1976 жылда мачу пикчудің отыз пайызы қалпына келтірілді және реставрация бүгінге дейін жалғасуды
1886,"Ежелгі мәдениеттер мен тайпалар сүтке, жүнге, етке және терілерге оңай қол жеткізу үшін оларды өсіре бастады.",ежелгі мәдениеттер мен тайпалар сүтке жүнге етке және терлерге оңай қол жеткізу үшін оларды өсіре бастады,ежелгі мәдениеттер мен тайпалар сүтке жүнге етке және терілерге оңай қол жеткізу үшін оларды өсіре бастады,ежелгі мәдениеттер мен тайпалар сүтке жүнге етке және терлерге оңай қол жеткізу үшін оларды өсіре бастады
1972,"Көп адам оларды динозаврлар деп ойламайды, өйткені олардың қауырсындары бар және ұша алады.",көп адам оларды динозавурлар деп ойламайды өйткені олардың қауырсындары бар және ұшағала да,көп адам оларды динозаврлар деп ойламайды өйткені олардың қауырсындары бар және ұша алады,көп адам оларды динозавурлар деп ойламайды өйткені олардың қауырсындары бар және ұшағала да
1782,Сондай-ақ әр династиялар арасында бөлінген провинциялардың тұрақсыз дәуірі болды. Осы кезеңдердің ең танымалсы — Хань мен Цзинь династияларының арасында 60 жыл бойы болған Үш патшалық дәуірі еді.,сондай-ақ әр династиялар арасында бөлінген провинциялардың тұрақсыз дәуірі болды осы кезеңдердің ең танымалсы хань мен цзин династияларының арасында алпыс жыл бойы болған үш патшалық дәуірі еді,сондай ақ әр династиялар арасында бөлінген провинциялардың тұрақсыз дәуірі болды осы кезеңдердің ең танымалсы хань мен цзинь династияларының арасында 60 жыл бойы болған үш патшалық дәуірі еді,сондай ақ әр династиялар арасында бөлінген провинциялардың тұрақсыз дәуірі болды осы кезеңдердің ең танымалсы хань мен цзин династияларының арасында алпыс жыл бойы болған үш патшалық дәуірі еді
1879,"Жаңа бірдеңе пайда боғланда, пернетақта неге айналатыны туралы болжамдар жасауға ғана болады.","Жаңа бірдене пайда болғынды, беріне тақта неге айналатыны туралы болжамдар жасауға ғана болады?",жаңа бірдеңе пайда боғланда пернетақта неге айналатыны туралы болжамдар жасауға ғана болады,жаңа бірдене пайда болғынды беріне тақта неге айналатыны туралы болжамдар жасауға ғана болады
1950,Солтүстікке қарай және жақын арада Синтра деген романтикалық және еліктіретін қаласы орналасқан және ол Лорд Байрон оның ғажайыптарын қызық әңгімелегеннен кейін шетелдіктерге әйгілі болды.,Сол түстікке қарай және жақын арада синтра деген романтикалық және еліктіретін қаласы орналасқан. Және ол лорд байрын оның жағайыптарын қызық әңгімелегеннен кейін шетелдіктерге әйгілі болды.,солтүстікке қарай және жақын арада синтра деген романтикалық және еліктіретін қаласы орналасқан және ол лорд байрон оның ғажайыптарын қызық әңгімелегеннен кейін шетелдіктерге әйгілі болды,сол түстікке қарай және жақын арада синтра деген романтикалық және еліктіретін қаласы орналасқан және ол лорд байрын оның жағайыптарын қызық әңгімелегеннен кейін шетелдіктерге әйгілі болды
1725,Ертеректе шығындарды азайту және функционалдылық факторларына байланысты бүкіл әлемде шығарылған ASUS Eee компьютері 2007 жылғы Тайбэй АТ айлығының өзекті тақырыбына айналды.,ертеректе шығындарды азайту және функционалдылық факторларына байланысты бөкіл әлемде шығарылған асус и и и компьютері 2007 жылғы тайбей айлығының өзекті тақырыбына айналды,ертеректе шығындарды азайту және функционалдылық факторларына байланысты бүкіл әлемде шығарылған asus eee компьютері 2007 жылғы тайбэй ат айлығының өзекті тақырыбына айналды,ертеректе шығындарды азайту және функционалдылық факторларына байланысты бөкіл әлемде шығарылған асус и и и компьютері 2007 жылғы тайбей айлығының өзекті тақырыбына айналды
1920,"Әдетте, қонақтарды жақсы көңіл-күйде ұстау және іште ұстау үшін оларда арнайы тамақ, сусын және ойын-сауық ұсыныстары болады.",ідетте қонақтарды жақсы көңілкүйде ұстау және іште ұстау үшін оларда арнайы тамақ сусын және ойынсаулық ұсыныстары болады,әдетте қонақтарды жақсы көңіл күйде ұстау және іште ұстау үшін оларда арнайы тамақ сусын және ойын сауық ұсыныстары болады,ідетте қонақтарды жақсы көңілкүйде ұстау және іште ұстау үшін оларда арнайы тамақ сусын және ойынсаулық ұсыныстары болады
1915,Гома қаласында бода-бода (мотоцикл-такси) қызметінен пайдалануыңызға болады. Қалыпты (жергілікті) бағасы қысқа сапар үшін  шамамен 500 Конго франкіне тең.,Гома қаласында бода-бода мотоцикл-такси қызметінен пайдалауыңын оңызға болады. Қалықты жергілікті бағасы қысқа сапар үшін шамамен 500 конго франкіне тен.,гома қаласында бода бода мотоцикл такси қызметінен пайдалануыңызға болады қалыпты жергілікті бағасы қысқа сапар үшін шамамен 500 конго франкіне тең,гома қаласында бода бода мотоцикл такси қызметінен пайдалауыңын оңызға болады қалықты жергілікті бағасы қысқа сапар үшін шамамен 500 конго франкіне тен
1928,"1976 жылда, Мачу Пикчудың отыз пайызы қалпына келтірілді және реставрация бүгінге дейні жалғасуда.",бір міннелғы жүз жетпіс алтыншы жылда мачо пикчудің отыз пайызы қалпына келтірілді және реставрация бүгінге дейіні жалғасуда,1976 жылда мачу пикчудың отыз пайызы қалпына келтірілді және реставрация бүгінге дейні жалғасуда,бір міннелғы жүз жетпіс алтыншы жылда мачо пикчудің отыз пайызы қалпына келтірілді және реставрация бүгінге дейіні жалғасуда
1989,Сондай-ақ ол көп елдердің банкнота басу қалыптарын нақыштауға қатысты. Оның жақындағы жұмыс мысалдарына Канаданың жаңа $5 және $100 банкноталарындағы премьер-министр портреттері кіреді.,Сондаяқ ол көбелдердің банкнота басу қалыптарын нақыштауға қатысты. Оның жақындағы жұмыс мысалдарына Канаданың жаңа 5 доллар және 100 доллар банкноталарындағы премьер-министр портреттері кіреді.,сондай ақ ол көп елдердің банкнота басу қалыптарын нақыштауға қатысты оның жақындағы жұмыс мысалдарына канаданың жаңа 5 және 100 банкноталарындағы премьер министр портреттері кіреді,сондаяқ ол көбелдердің банкнота басу қалыптарын нақыштауға қатысты оның жақындағы жұмыс мысалдарына канаданың жаңа 5 доллар және 100 доллар банкноталарындағы премьер министр портреттері кіреді
1676,"Барлық Оңтүстік Африка ұлттық саябақтарындағыдай, саябаққа кіруде экологиялық салым және кіру ақысы төленеді.",барлық оңтүстік африка ұлттық саябақтарындағыдай саябаққа күруде экологиялық салым және күру ақысы төленеді,барлық оңтүстік африка ұлттық саябақтарындағыдай саябаққа кіруде экологиялық салым және кіру ақысы төленеді,барлық оңтүстік африка ұлттық саябақтарындағыдай саябаққа күруде экологиялық салым және күру ақысы төленеді
1857,"Ол тағы былай деді: «дегенмен, олардан даму кезеңінен, жауапкершілігінен және мүмкіндіктерінен асатын міндеттемелерді қабылдауды сұрамау керек».",ол тағы былай деді дегенмен олардан даму кезеңінен жауапкершілігінен және мүмкіндіктерінен асатын міндеттемелерді қабылдауды сұрамау керек,ол тағы былай деді дегенмен олардан даму кезеңінен жауапкершілігінен және мүмкіндіктерінен асатын міндеттемелерді қабылдауды сұрамау керек,ол тағы былай деді дегенмен олардан даму кезеңінен жауапкершілігінен және мүмкіндіктерінен асатын міндеттемелерді қабылдауды сұрамау керек
1761,Кейінірек дәретханаға сұранған егде жастағы әйелдің орнын фотографтар алмастырды. Мендоза атып тасталынды.,киінірік дәретханаға сұранған егде жастағы әйелдің орнын фотографтар алмастырды мендоза атып тасталынды,кейінірек дәретханаға сұранған егде жастағы әйелдің орнын фотографтар алмастырды мендоза атып тасталынды,киінірік дәретханаға сұранған егде жастағы әйелдің орнын фотографтар алмастырды мендоза атып тасталынды
1831,"Плитвиц көлдері ұлттық паркін қалың орман жапқан. Орман негізінен қайың, шырша және майқарағай ағаштарынан тұрады. Орманда альпылық және жерортатеңіздік өсімдіктер аралас өседі.",флитвитц көлдері ұлттық паркін қалың орман жапқан орман негізінен қайын шырша жөне майқарағай ағаштарынан тұрады орманда альпылық және жерорта-теңіздік өсімдіктер араласы өседі,плитвиц көлдері ұлттық паркін қалың орман жапқан орман негізінен қайың шырша және майқарағай ағаштарынан тұрады орманда альпылық және жерортатеңіздік өсімдіктер аралас өседі,флитвитц көлдері ұлттық паркін қалың орман жапқан орман негізінен қайын шырша жөне майқарағай ағаштарынан тұрады орманда альпылық және жерорта теңіздік өсімдіктер араласы өседі
1904,"Дегенмен, баяу коммуникация арналарына байланысты, батыстағы стильдер 25-30 жылға қалып отырады.",дегенмен баяу коммуникация арналарына байланысты батыстағы стилдер жиырмабес отыз жылға қалып отырады,дегенмен баяу коммуникация арналарына байланысты батыстағы стильдер 25 30 жылға қалып отырады,дегенмен баяу коммуникация арналарына байланысты батыстағы стилдер жиырмабес отыз жылға қалып отырады
1915,Гома қаласында бода-бода (мотоцикл-такси) қызметінен пайдалануыңызға болады. Қалыпты (жергілікті) бағасы қысқа сапар үшін  шамамен 500 Конго франкіне тең.,гома қаласында бода-бода мотоцикл такси қызметінен пайдалануыңызға болады қалыпты жергілікті бағасы қысқар саппар үшін шамамен бес жүз конго франкінетен,гома қаласында бода бода мотоцикл такси қызметінен пайдалануыңызға болады қалыпты жергілікті бағасы қысқа сапар үшін шамамен 500 конго франкіне тең,гома қаласында бода бода мотоцикл такси қызметінен пайдалануыңызға болады қалыпты жергілікті бағасы қысқар саппар үшін шамамен бес жүз конго франкінетен
1826,"Апаттан соң Гибсон ауруханаға жеткізілді, бірақ аз уақыт өтпей қайтыс болды.",Абаттан соң Гибсон ауруханаға жеткізілді. Бірақ аз уақыт өтпей қайтыс болды.,апаттан соң гибсон ауруханаға жеткізілді бірақ аз уақыт өтпей қайтыс болды,абаттан соң гибсон ауруханаға жеткізілді бірақ аз уақыт өтпей қайтыс болды
1872,Мау қозғалысы ұйымдастырған тәуелсіздік үшін күрес кезінде қаладағы бейбіт жиналыс нәтижесінде жоғары дәрежелі көсем Тупуа Тамасесе Леалофи III өліміне әкеліп соқты.,мау қазғалысы ұйымдастырған тәуелсіздік үшін күрес кезінде қаладағы бейбіт жиналыс нәтижесінде жоғары дәрежелі көсем дупуа тамасеса леалови үшінші өлімнен әкеліп соқты,мау қозғалысы ұйымдастырған тәуелсіздік үшін күрес кезінде қаладағы бейбіт жиналыс нәтижесінде жоғары дәрежелі көсем тупуа тамасесе леалофи iii өліміне әкеліп соқты,мау қазғалысы ұйымдастырған тәуелсіздік үшін күрес кезінде қаладағы бейбіт жиналыс нәтижесінде жоғары дәрежелі көсем дупуа тамасеса леалови үшінші өлімнен әкеліп соқты
1908,Бұл – кейбір етістіктер мен толықтауыштарды ажыратудың маңызды жолы.,бұл кейбір етістіктер мен толықтауыштарды ажыратудың маңызды жолы,бұл кейбір етістіктер мен толықтауыштарды ажыратудың маңызды жолы,бұл кейбір етістіктер мен толықтауыштарды ажыратудың маңызды жолы
1740,Пирамида дыбыс және жарық шоуы балаларға арналған аумақтағы ең қызық нәрселердің бірі болып табылады.,пирамида дыбыс және жарық шоуы балаларға арналған аумақтағы ең қызық нәрселердің бірі болып табылады,пирамида дыбыс және жарық шоуы балаларға арналған аумақтағы ең қызық нәрселердің бірі болып табылады,пирамида дыбыс және жарық шоуы балаларға арналған аумақтағы ең қызық нәрселердің бірі болып табылады
1837,Реконструкция әрекеттерін либералдық сынау реконструкция келісімшарттарын солай деп саналатын Вашингтон инсайдерлеріне беруге баса көңіл бөлді.,Реконструкция әрекеттерін либералдық сынау реконструкция келісімшарттарын солай деп саналатын Вашингтон инсайдерлеріне беруге баса көңіл бөлді.,реконструкция әрекеттерін либералдық сынау реконструкция келісімшарттарын солай деп саналатын вашингтон инсайдерлеріне беруге баса көңіл бөлді,реконструкция әрекеттерін либералдық сынау реконструкция келісімшарттарын солай деп саналатын вашингтон инсайдерлеріне беруге баса көңіл бөлді
1978,«Спрингбокс» үшін бұл қатара бес ойындық жеңіліспен аяқталды.,спринг бокс үшін бұл қатара бес ойындық жеңіліспен аяқталды,спрингбокс үшін бұл қатара бес ойындық жеңіліспен аяқталды,спринг бокс үшін бұл қатара бес ойындық жеңіліспен аяқталды
1987,Апат биік таулы жерлерде орын алған және дұшпандық мағынадағы өрттің салдарынан болған деп болжануда.,апат биік тәулы жерлерде орын алған және дұшпандық мағынадағы өрттің салдарынан болған деп бұл жалында,апат биік таулы жерлерде орын алған және дұшпандық мағынадағы өрттің салдарынан болған деп болжануда,апат биік тәулы жерлерде орын алған және дұшпандық мағынадағы өрттің салдарынан болған деп бұл жалында
1848,Кеше Түркияның Газиантеп қаласындағы полиция штаб-пәтерінде бомба қойылған көлік жарылысы нәтижесінде екі полиция қызметкері қаза тапты және жиырмадан артық адам жарақат алды.,кеше туркияның газянтеп қаласындағы полиция штаб пәтерінде бомба қойылған көлік жарылысы нәтижесінде екі полиция қызметкері қаза тапты және жиырымадан артық адам жарақат алды,кеше түркияның газиантеп қаласындағы полиция штаб пәтерінде бомба қойылған көлік жарылысы нәтижесінде екі полиция қызметкері қаза тапты және жиырмадан артық адам жарақат алды,кеше туркияның газянтеп қаласындағы полиция штаб пәтерінде бомба қойылған көлік жарылысы нәтижесінде екі полиция қызметкері қаза тапты және жиырымадан артық адам жарақат алды
1720,"Ыстық шоколад Бельгия стандарттарына сәйкес келеді. Жеміс шырындары қымбат болғанымен, бірақ өте керемет.",астық шоколад бельгия стандарттарына сәйкес келеді жеміс шырымдары қымбат болғанымен бірақ өте керемет,ыстық шоколад бельгия стандарттарына сәйкес келеді жеміс шырындары қымбат болғанымен бірақ өте керемет,астық шоколад бельгия стандарттарына сәйкес келеді жеміс шырымдары қымбат болғанымен бірақ өте керемет
1955,"Шашыраңқы склероз – ми, жұлын және ми жүйкесінен тұратын орталық жүйке жүйесіне әсер ететін ауру.",шашыранқы скелероз ми-джолын және ми жүйкесінен тұратын орталық жүйке жүйесіне әсер ететін ауыру,шашыраңқы склероз ми жұлын және ми жүйкесінен тұратын орталық жүйке жүйесіне әсер ететін ауру,шашыранқы скелероз ми джолын және ми жүйкесінен тұратын орталық жүйке жүйесіне әсер ететін ауыру
1809,"Жолдарды орнында ұстау үшін шпалдар айтарлықтай ерте енгізілді. Алайда, бірте-бірте, жолдың үстінде темір бөлік болса, жолдар тиімдірек болатыны түсінілді.","Жолдарды орнында ұстал үшін шпалдар айтарлықта ерте енгізілді. Ал айда бірте-бірте жолтың үстінде темір бөліп болса, жолдар темдірек болатыны түсінілді.",жолдарды орнында ұстау үшін шпалдар айтарлықтай ерте енгізілді алайда бірте бірте жолдың үстінде темір бөлік болса жолдар тиімдірек болатыны түсінілді,жолдарды орнында ұстал үшін шпалдар айтарлықта ерте енгізілді ал айда бірте бірте жолтың үстінде темір бөліп болса жолдар темдірек болатыны түсінілді
1775,"Бейне жазып алуды пайдалану бірнеше миллисекунд жалғасатын микро қимылдарды, бет бұлшық еттерінің қимылдарын түсіндіруде маңызды жаңалықтардың ашылуына себеп болды.","Бене жазып алуды, пайдалану бірнеше миллисекунд жалғасатын микроқымылдарды, бет болшығы еттерінің қимылдарын түсіндіруде маңызды жаңалықтардың ашылуына себеп болды.",бейне жазып алуды пайдалану бірнеше миллисекунд жалғасатын микро қимылдарды бет бұлшық еттерінің қимылдарын түсіндіруде маңызды жаңалықтардың ашылуына себеп болды,бене жазып алуды пайдалану бірнеше миллисекунд жалғасатын микроқымылдарды бет болшығы еттерінің қимылдарын түсіндіруде маңызды жаңалықтардың ашылуына себеп болды
1697,"Ол ауырғанды басатын қажет дәрі-дәрмектерді қабылдай алмады, өйткені олар Ойындарға қатысушылар үшін рұқсат етілмейді.",ол ауырғанды басатын қажет дәрі дәрмектерді қабылдай алмады өйткені олар ойындарға қатысушылар үшін рұқсат етілмейді,ол ауырғанды басатын қажет дәрі дәрмектерді қабылдай алмады өйткені олар ойындарға қатысушылар үшін рұқсат етілмейді,ол ауырғанды басатын қажет дәрі дәрмектерді қабылдай алмады өйткені олар ойындарға қатысушылар үшін рұқсат етілмейді
1966,Комиссия қазан айында басталған кең тараған режимге қарсы наразылықтарға Мартеллидің жауабы болды.,комиссия қазан айында басталған кең тараған режимге қарсы наразылықтарғы мартелидің жауабы болды,комиссия қазан айында басталған кең тараған режимге қарсы наразылықтарға мартеллидің жауабы болды,комиссия қазан айында басталған кең тараған режимге қарсы наразылықтарғы мартелидің жауабы болды
1768,Кешеннің жиектеріндегі ғимараттардың көпшілігі туристерге басында қалай пайда болғаны туралы жақсырақ түсінік беру үшін қайта соғылды.,кешенің жектеріндегі ғимараттардың көпшілігі туристерге басында қалай пайда болғанын туралы жақсырақ түсінік беру үшін қайта соғылды,кешеннің жиектеріндегі ғимараттардың көпшілігі туристерге басында қалай пайда болғаны туралы жақсырақ түсінік беру үшін қайта соғылды,кешенің жектеріндегі ғимараттардың көпшілігі туристерге басында қалай пайда болғанын туралы жақсырақ түсінік беру үшін қайта соғылды
1933,"Әрі-беріден соң, мұнда көптеген кішкентай мысықтар (соның ішінде жоғалған үй мысықтары) бар. Олар құрт-құмырсқа, кеміргіштер, кесіртке сияқты көптеген шағын жыртқыш аңдарды және құстарды жейді.",ірі беріден соң мұнда көптеген кішкент айымыздықтар соның ішінде жоғалған ұйымыздықтары бар олар құрт-құмырсқа кеміргіштер кес-ірткес сияқты көптеген шағын жыртқы шаңдарды және құстарды жиді,әрі беріден соң мұнда көптеген кішкентай мысықтар соның ішінде жоғалған үй мысықтары бар олар құрт құмырсқа кеміргіштер кесіртке сияқты көптеген шағын жыртқыш аңдарды және құстарды жейді,ірі беріден соң мұнда көптеген кішкент айымыздықтар соның ішінде жоғалған ұйымыздықтары бар олар құрт құмырсқа кеміргіштер кес ірткес сияқты көптеген шағын жыртқы шаңдарды және құстарды жиді
1665,Жылыстаған мәліметтерге сәйкес құжат 1967 жылғы Таяу Шығыс соғысына дейінгі шекаралары негізінде Палестина қалайтын шекаралар дауына қатысты болады.,жылыстаған мәліметтерге сәйкес құжат бір мың тоқыз жүз алпыз жетінші жылғы таяу шығыс соғысына дейінгі шекаралары негізінде палестина қалайтын шекаралар дауына қатысты болады,жылыстаған мәліметтерге сәйкес құжат 1967 жылғы таяу шығыс соғысына дейінгі шекаралары негізінде палестина қалайтын шекаралар дауына қатысты болады,жылыстаған мәліметтерге сәйкес құжат бір мың тоқыз жүз алпыз жетінші жылғы таяу шығыс соғысына дейінгі шекаралары негізінде палестина қалайтын шекаралар дауына қатысты болады
1832,"Танымал спорт түрлеріне футбол, баскетбол, волейбол, су полосы, семсерлесу, регби, велоспорт, шайбалы хоккей, роликті хоккей және F1 автоспорты кіреді.","Танымал спорт түрлеріне футбол, баскетбол, волейбол, су-полосы, семсерлесу, рэгби, велоспорт, шайбалы хоккей, ролекті хоккей және F1 автоспорты кіреді.",танымал спорт түрлеріне футбол баскетбол волейбол су полосы семсерлесу регби велоспорт шайбалы хоккей роликті хоккей және f1 автоспорты кіреді,танымал спорт түрлеріне футбол баскетбол волейбол су полосы семсерлесу рэгби велоспорт шайбалы хоккей ролекті хоккей және f1 автоспорты кіреді
1662,Қорытпалар негізінен екі немесе одан да көп металдардың қоспасы болып табылады. Периодты кестеде көптеген элементтер бар екенін ұмытпаңыз.,орытпалар негізінен екі немесе одан да көп металдардың қоспасы болып табылады периодты кестеде көптеген элементтер бар екенін ұмытпаңыз,қорытпалар негізінен екі немесе одан да көп металдардың қоспасы болып табылады периодты кестеде көптеген элементтер бар екенін ұмытпаңыз,орытпалар негізінен екі немесе одан да көп металдардың қоспасы болып табылады периодты кестеде көптеген элементтер бар екенін ұмытпаңыз
1959,"Бәрібір билік органдарынан кеңес алыңыз, барлық белгілерді ескеріңіз және қауіпсіздік туралы ескертулерге ерекше көңіл бөліңіз.",бәрібір билік органдарынан кеңес алыңыз барлық белгілерді ескеріңіз және қауіпсіздік туралы ескертулерге ерекше көңіл бөліңіз,бәрібір билік органдарынан кеңес алыңыз барлық белгілерді ескеріңіз және қауіпсіздік туралы ескертулерге ерекше көңіл бөліңіз,бәрібір билік органдарынан кеңес алыңыз барлық белгілерді ескеріңіз және қауіпсіздік туралы ескертулерге ерекше көңіл бөліңіз
1790,"Оның жұмысы соншалықты танылған сапалы және егжей-тегжейлі болғандықтан, филателистер арасында өте аз «үй иелері атауларының » бірі болып есептеледі. Кейбіреулер өзінің жұмысын жалғыздықта жинауға маманданған.",Оның жұмысы соншалықты танылған сапалы және ек жиі-тек жиелі болғандықтан филателестер арасында өте аз үй елері атауларының бірі болып есептеледі. Кейбір өлер өзінің жұмысын жалғыздықтай жинауға маманданған.,оның жұмысы соншалықты танылған сапалы және егжей тегжейлі болғандықтан филателистер арасында өте аз үй иелері атауларының бірі болып есептеледі кейбіреулер өзінің жұмысын жалғыздықта жинауға маманданған,оның жұмысы соншалықты танылған сапалы және ек жиі тек жиелі болғандықтан филателестер арасында өте аз үй елері атауларының бірі болып есептеледі кейбір өлер өзінің жұмысын жалғыздықтай жинауға маманданған
1782,Сондай-ақ әр династиялар арасында бөлінген провинциялардың тұрақсыз дәуірі болды. Осы кезеңдердің ең танымалсы — Хань мен Цзинь династияларының арасында 60 жыл бойы болған Үш патшалық дәуірі еді.,сондай-ақ әр династиялар арасында бөлінген провинциялардың тұрақсыз дәуірі болды осы кезеңдердің ең танымалсы хань мен цзинь династияларының арасында алпыс жыл бойы болған үш патшалық дәуірі еді,сондай ақ әр династиялар арасында бөлінген провинциялардың тұрақсыз дәуірі болды осы кезеңдердің ең танымалсы хань мен цзинь династияларының арасында 60 жыл бойы болған үш патшалық дәуірі еді,сондай ақ әр династиялар арасында бөлінген провинциялардың тұрақсыз дәуірі болды осы кезеңдердің ең танымалсы хань мен цзинь династияларының арасында алпыс жыл бойы болған үш патшалық дәуірі еді
1883,"Көпір астындағы тік аралық 15 метрді құрайды. Құрылыс 2011 жылдың тамыз айында аяқталды, ол 2017 жылдың наурыз айына дейін жол қозғалысына ашылмады.",көпір астындағы тік аралық он бес метрді құрайды құрлас екі мың он бірінші жылдың тамыз айында аяқталды ол екі мың он жетінші жылдың наурыз айына дейін жол қозғалысына ашылмады,көпір астындағы тік аралық 15 метрді құрайды құрылыс 2011 жылдың тамыз айында аяқталды ол 2017 жылдың наурыз айына дейін жол қозғалысына ашылмады,көпір астындағы тік аралық он бес метрді құрайды құрлас екі мың он бірінші жылдың тамыз айында аяқталды ол екі мың он жетінші жылдың наурыз айына дейін жол қозғалысына ашылмады
1690,"USOC ұйымының атлеттердің және клубтардың әрі олардың спорт түрлерінің мүдделеріне лицензиядан айыру орнына, ұйымымызда мағыналы өзгеріс жасау арқылы жақсырақ қызмет көрсетуге болатынымен келіседі.",Ю-СОС ұйымының атлеттердің және клубтардың әрі олардың спорт түрлерінің мүдделеріне лицензиядан айыру орнына ұйымымызда мағыналы өзгеріз жасау арқылы жақсырақ қызмет көрсетуге болатынымен келіседі.,usoc ұйымының атлеттердің және клубтардың әрі олардың спорт түрлерінің мүдделеріне лицензиядан айыру орнына ұйымымызда мағыналы өзгеріс жасау арқылы жақсырақ қызмет көрсетуге болатынымен келіседі,ю сос ұйымының атлеттердің және клубтардың әрі олардың спорт түрлерінің мүдделеріне лицензиядан айыру орнына ұйымымызда мағыналы өзгеріз жасау арқылы жақсырақ қызмет көрсетуге болатынымен келіседі
1747,Жолдас балуандар да Лунаға құрмет көрсетті.,жолдаз балуандар да лунаға құрмет көрсетті,жолдас балуандар да лунаға құрмет көрсетті,жолдаз балуандар да лунаға құрмет көрсетті
1798,"Алғашқы күндері шоу тек ұзақ уақыттан бері жұмыс істеп келе жатқан TogiNet Radio интернет радиосында, сөйлесу радиосына негізделген сайтта өткен.",алғашқы күндері шоу тек ұзақ уақыттан бері жұмыс істеп келе жатқан тоги нет радио интернет радиосында сөйлесу радиосында негізделген сайтта өткен,алғашқы күндері шоу тек ұзақ уақыттан бері жұмыс істеп келе жатқан toginet radio интернет радиосында сөйлесу радиосына негізделген сайтта өткен,алғашқы күндері шоу тек ұзақ уақыттан бері жұмыс істеп келе жатқан тоги нет радио интернет радиосында сөйлесу радиосында негізделген сайтта өткен
1951,"2002 жылы Гома қаласының көптеген көшелерін, әсіресе қала орталығындағы көшелері Нирагонго жанартауынан аққан лавамен жойылды.",екімің екінші жылы гома қаласында көптеген көшелерін әсіресе қала орталығындағы көшелері нирагонға жанардауынан аққан лабамен жойылды,2002 жылы гома қаласының көптеген көшелерін әсіресе қала орталығындағы көшелері нирагонго жанартауынан аққан лавамен жойылды,екімің екінші жылы гома қаласында көптеген көшелерін әсіресе қала орталығындағы көшелері нирагонға жанардауынан аққан лабамен жойылды
2003,"Гонконгтың ең жақсы көрінісін тамашалау үшін аралдан шығып, Коулун жағалауына қарай бет бұрыңыз.",гүн күнгінің ең жақсы көрінісін тамашалау үшін аралдан шығып қоулуын жағалауына қарай бет бұрымыз,гонконгтың ең жақсы көрінісін тамашалау үшін аралдан шығып коулун жағалауына қарай бет бұрыңыз,гүн күнгінің ең жақсы көрінісін тамашалау үшін аралдан шығып қоулуын жағалауына қарай бет бұрымыз
1976,"Орташа деңгейдегі батсмендер - Сачин Тендулкар мен Рахул Дравид жақсы өнер көрсетіп, жүздеген серіктестік қатынас жасады.",Орташа денгейдегі батысмендер Сачин Тендукармен Рахул Дравит жақсы өнер көрсетіп жүздеген серіктестік қатынас жасады.,орташа деңгейдегі батсмендер сачин тендулкар мен рахул дравид жақсы өнер көрсетіп жүздеген серіктестік қатынас жасады,орташа денгейдегі батысмендер сачин тендукармен рахул дравит жақсы өнер көрсетіп жүздеген серіктестік қатынас жасады
1884,Атап айтқанда адамның бетіндегі микро өзгерістерді түсіндіру арқылы оның өтірік айтуын анықтауға болады.,атап айтқанда адамның бетіндегі микроөзгерістерді түсіндіру арқылы оның өтірік айтуын анықтауға болады,атап айтқанда адамның бетіндегі микро өзгерістерді түсіндіру арқылы оның өтірік айтуын анықтауға болады,атап айтқанда адамның бетіндегі микроөзгерістерді түсіндіру арқылы оның өтірік айтуын анықтауға болады
1842,"Динозавр қауырсынында рахис деп аталатын жақсы дамыған білік жоқ, бірақ қауырсынның басқа ерекшеліктері бар — кертіктер мен шоқша сақалдар — зерттеушілер рахис туралы олардың кейінірек эволюциялық болған деген қорытындыға келді.",динозавр қауырсынында рахистеп аталатын жақсы дамыған білік жоқ бірақ қауырсынының басқа ерекшеліктері бар кертіктер мен шоқша сақалдар зерттеушілер рахист туралы олардың кейінрек эволюциялық болған деген қордындыға келеді,динозавр қауырсынында рахис деп аталатын жақсы дамыған білік жоқ бірақ қауырсынның басқа ерекшеліктері бар кертіктер мен шоқша сақалдар зерттеушілер рахис туралы олардың кейінірек эволюциялық болған деген қорытындыға келді,динозавр қауырсынында рахистеп аталатын жақсы дамыған білік жоқ бірақ қауырсынының басқа ерекшеліктері бар кертіктер мен шоқша сақалдар зерттеушілер рахист туралы олардың кейінрек эволюциялық болған деген қордындыға келеді
1669,"Полиция басшысы Чандра Шехар Соланкидің айтуынша, сотталушылар сотта беттерін жауып қатысқан.",Полиция басшысы Чандра Шихар Соланкидің айтуынша соттаушылар сотта беттерін жауып қатысқан.,полиция басшысы чандра шехар соланкидің айтуынша сотталушылар сотта беттерін жауып қатысқан,полиция басшысы чандра шихар соланкидің айтуынша соттаушылар сотта беттерін жауып қатысқан
1847,Оны Сингапур премьер-министрінің орынбасары Вонг Кан Сенг күтіп алды және ол Сингапурдың премьер-министрі Ли Сьен Лунмен сауда және терроризм мәселелерін талқылады.,оны сингапур премьер-министрінің орынбасары вонг кан сянг күтіп алды және ол сингапурдың премьер-министрі ли сион лунмен салда және терроризм мәселелерін талқылады,оны сингапур премьер министрінің орынбасары вонг кан сенг күтіп алды және ол сингапурдың премьер министрі ли сьен лунмен сауда және терроризм мәселелерін талқылады,оны сингапур премьер министрінің орынбасары вонг кан сянг күтіп алды және ол сингапурдың премьер министрі ли сион лунмен салда және терроризм мәселелерін талқылады
1666,"Сондай-ақ өзіңіздікінен басқа үкіметтерден кеңес алғыңыз келуі мүмкін, бірақ олардың кеңесі өз азаматтарына арналған.",Сонда яқы өзіңіздікінен басқа үкіметтерден кеңес алғыңыз келуі мүмкін. Бірақ олардың кеңесі өз азаматтарына арналған.,сондай ақ өзіңіздікінен басқа үкіметтерден кеңес алғыңыз келуі мүмкін бірақ олардың кеңесі өз азаматтарына арналған,сонда яқы өзіңіздікінен басқа үкіметтерден кеңес алғыңыз келуі мүмкін бірақ олардың кеңесі өз азаматтарына арналған
1867,Өсімдіктер адамдар тыныстайтын оттегіні жасайды және адамдар тыныспен шығаратын көміртегі диоксидін сіңіреді.,көрсіндіктер адамдар тыныстайтын оттегіні жасайды және адамдар тыныспен шығаратын көміртегі диоксидін сіңіреді,өсімдіктер адамдар тыныстайтын оттегіні жасайды және адамдар тыныспен шығаратын көміртегі диоксидін сіңіреді,көрсіндіктер адамдар тыныстайтын оттегіні жасайды және адамдар тыныспен шығаратын көміртегі диоксидін сіңіреді
1970,"Нақты білмесек те, оның тілі айыр болған болуы мүмкін. Оның диетасына мыналар кірген: тасбақалар, үлкен балық, басқа мозазаврлар кіреді. Ол тіпті каннибал болған болуы да мүмкін.",нақты білмесек те оның тілі айыры болған болуы мүмкін оның диетасына мыналар кірген таспақалар үлкен балық басқа мазазаврлар кіреді ол тіпті каннибал болған болуы да мүмкін,нақты білмесек те оның тілі айыр болған болуы мүмкін оның диетасына мыналар кірген тасбақалар үлкен балық басқа мозазаврлар кіреді ол тіпті каннибал болған болуы да мүмкін,нақты білмесек те оның тілі айыры болған болуы мүмкін оның диетасына мыналар кірген таспақалар үлкен балық басқа мазазаврлар кіреді ол тіпті каннибал болған болуы да мүмкін
1784,"Гренландия халқы сирек қоныстанды. Норвегиялық дастандарда олар Қызыл Эрик адам өлтіргені үшін Исландиядан қуылған, одан әрі батысқа қарай сапар шеккенде Гренландияны тауып, оны Гренландия деп атаған дейді.",гренландия халқы сирек қоныстанды норвегиялық дастандарда олар қызыл эрик адам өлтірген үшін исландиядан қуылған одан әрі батысқа қарай сапар шеккенде гренландияның тауып оны гренландия деп атаған дейді,гренландия халқы сирек қоныстанды норвегиялық дастандарда олар қызыл эрик адам өлтіргені үшін исландиядан қуылған одан әрі батысқа қарай сапар шеккенде гренландияны тауып оны гренландия деп атаған дейді,гренландия халқы сирек қоныстанды норвегиялық дастандарда олар қызыл эрик адам өлтірген үшін исландиядан қуылған одан әрі батысқа қарай сапар шеккенде гренландияның тауып оны гренландия деп атаған дейді
1772,Осылайша нотация жай ғана белгі ретінде қосылған болуы мүмкін.,осылайша нотация жайғыны белгі ретінде қосылған болуы мүмкін,осылайша нотация жай ғана белгі ретінде қосылған болуы мүмкін,осылайша нотация жайғыны белгі ретінде қосылған болуы мүмкін
1727,Баспанасыз балалар тастап кеткенге немесе қашып кеткенге дейін балаларға қарсы зорлық-зомбылықты көрген немесе жанжарақатын алған болуы мүмкін.,бас банасыз балалар тастап кеткенге немесе қашып кеткенде дейін балаларға қарсы зорлық зомбалықты көрген немесе жанжарлықты алған болуы мүмкін,баспанасыз балалар тастап кеткенге немесе қашып кеткенге дейін балаларға қарсы зорлық зомбылықты көрген немесе жанжарақатын алған болуы мүмкін,бас банасыз балалар тастап кеткенге немесе қашып кеткенде дейін балаларға қарсы зорлық зомбалықты көрген немесе жанжарлықты алған болуы мүмкін
1706,"Дәстүрлірек шіркеулер Пасха демалыс күндері сенбі түні пасхалық таңғы ғибадатты өткізеді, жиналыстар жиі түн ортасында Мәсіхтің қайта тірілуін мерекелеуге айналады.",дәстүрлірек шіркеулер басқа демалыс күндері сенбі түніп басқалық таңғы ғивадатты өткізеді жиналыстар жүйе түн ортасында мәсіхтың қайта түрлуын мерекелеуге айналады,дәстүрлірек шіркеулер пасха демалыс күндері сенбі түні пасхалық таңғы ғибадатты өткізеді жиналыстар жиі түн ортасында мәсіхтің қайта тірілуін мерекелеуге айналады,дәстүрлірек шіркеулер басқа демалыс күндері сенбі түніп басқалық таңғы ғивадатты өткізеді жиналыстар жүйе түн ортасында мәсіхтың қайта түрлуын мерекелеуге айналады
1930,"Алты тұтқын, соның ішінде балалар және қариялар, сонымен бірге филиппиндік фотографтар ерте жіберілді.",алты тұтқын соның ішінде балалар және қариялар сонымен бірге филиппиндік фотографтар ерте жіберілді,алты тұтқын соның ішінде балалар және қариялар сонымен бірге филиппиндік фотографтар ерте жіберілді,алты тұтқын соның ішінде балалар және қариялар сонымен бірге филиппиндік фотографтар ерте жіберілді
1882,"Ғалымдар ғаламшарлар, әсіресе, жер қалай құралғанын түсінеміз деп үміттенеді, өйткені кометалар жермен ұзақ уақыт бұрын соқтығысқан.",галымдар ғалымшарлар әсіресе джер қалай құралғанын түсінееміз деп үміттенеді өйткені кометалар джермен ұзақ уақыт бұрын соқты қысқан,ғалымдар ғаламшарлар әсіресе жер қалай құралғанын түсінеміз деп үміттенеді өйткені кометалар жермен ұзақ уақыт бұрын соқтығысқан,галымдар ғалымшарлар әсіресе джер қалай құралғанын түсінееміз деп үміттенеді өйткені кометалар джермен ұзақ уақыт бұрын соқты қысқан
1936,"Пэрри түнгі сайлау алды жиналысының нәтижелерін бағалау үшін Техасқа оралатынын, өзі үшін осы жарыста алға жүретін жол бар-жоғын анықтайтынын мәлімдеді, бірақ кейінірек жарыста қалатынын және 21 қаңтардағы Оңтүстік Каролинадағы бастапқы сайлауға қатысатынын айтты.",перри дүнгі сайлау алды жиналысының нәтижелерін бағалау үшін текасқа оралатынын өзі үшін осы жарыста алға жүретін жол бар жоғын анықтайтынын мәлімдеді бірақ кейінрек жарыста қалатынын және жиырма бірінші қаңтардағы оңүсті каролинадағы бастапқы сайлауға қатысатынын айтты,пэрри түнгі сайлау алды жиналысының нәтижелерін бағалау үшін техасқа оралатынын өзі үшін осы жарыста алға жүретін жол бар жоғын анықтайтынын мәлімдеді бірақ кейінірек жарыста қалатынын және 21 қаңтардағы оңтүстік каролинадағы бастапқы сайлауға қатысатынын айтты,перри дүнгі сайлау алды жиналысының нәтижелерін бағалау үшін текасқа оралатынын өзі үшін осы жарыста алға жүретін жол бар жоғын анықтайтынын мәлімдеді бірақ кейінрек жарыста қалатынын және жиырма бірінші қаңтардағы оңүсті каролинадағы бастапқы сайлауға қатысатынын айтты
1903,"Барлық қолжетімді ресурстар ұйымның функционалдық бөлімдерінде тиімді пайдаланылғанда, жасампаздық пен өнертапқыштық бола алады.",барлық қолжетімді ресурстар ұйымының функциялдық бөлімдеріне тиімді пайдаланғанда жаспамаздық пен өнертапқышдық бола алады,барлық қолжетімді ресурстар ұйымның функционалдық бөлімдерінде тиімді пайдаланылғанда жасампаздық пен өнертапқыштық бола алады,барлық қолжетімді ресурстар ұйымының функциялдық бөлімдеріне тиімді пайдаланғанда жаспамаздық пен өнертапқышдық бола алады
1906,«Бұл қоштасу болайын деп тұрған жоқ. Бұл — бір тараудың жабылуы және жаңасының ашылуы».,бұл қоштасу болайын деп тұрған жоқ бұл бір тараудың жабылуы және жаңасының ашылуы,бұл қоштасу болайын деп тұрған жоқ бұл бір тараудың жабылуы және жаңасының ашылуы,бұл қоштасу болайын деп тұрған жоқ бұл бір тараудың жабылуы және жаңасының ашылуы
1773,Ұйқының үзілуі — қалыпты ұйқы кезеңінде мақсатпен оянудың және кейінірек қысқа уақытқа (10-60 минут) ұйықтау процесі.,ойқының үзілігі қалыпты ойқы кезінде мақсатпен ояндыудың және кейінірек қысқа уақытқа он алпыс минут ойқыдау процесі,ұйқының үзілуі қалыпты ұйқы кезеңінде мақсатпен оянудың және кейінірек қысқа уақытқа 10 60 минут ұйықтау процесі,ойқының үзілігі қалыпты ойқы кезінде мақсатпен ояндыудың және кейінірек қысқа уақытқа он алпыс минут ойқыдау процесі
1878,Шіркеудің орталық билігі мың жылдар бойы Римде болған және бұл қуат пен ақшаның шоғырлануы көп адамдарда бұл принциптің ұсталынып жатқаны туралы сұрақтың туындауына әкелді.,шіркеудің орталық билігі мың жылдар бойы римде болған және бұл қуат пен ақшаның шоғырлануы көп адамдарда бұл принциптің ұсталынып жатқан туралы сұрақтың туындауына әкелді,шіркеудің орталық билігі мың жылдар бойы римде болған және бұл қуат пен ақшаның шоғырлануы көп адамдарда бұл принциптің ұсталынып жатқаны туралы сұрақтың туындауына әкелді,шіркеудің орталық билігі мың жылдар бойы римде болған және бұл қуат пен ақшаның шоғырлануы көп адамдарда бұл принциптің ұсталынып жатқан туралы сұрақтың туындауына әкелді
1835,"Цунами туралы ескерту берілмеді және Джакартаның геофизика агенттігінің деректеріне сай, цунами туралы ескерту берілмейді, өйткені жер сілкінісі 6,5 магнитудасы талабына сай болмады.",цунами туралы ескерту берілмеді және жакартаның геофизика агенттігінің деректеріне сай цунами туралы ескерту берілмейді өйткені жер сілкінісі алтыда бес магнитудасы талабына сай болмады,цунами туралы ескерту берілмеді және джакартаның геофизика агенттігінің деректеріне сай цунами туралы ескерту берілмейді өйткені жер сілкінісі 6 5 магнитудасы талабына сай болмады,цунами туралы ескерту берілмеді және жакартаның геофизика агенттігінің деректеріне сай цунами туралы ескерту берілмейді өйткені жер сілкінісі алтыда бес магнитудасы талабына сай болмады
1687,Сегрегация және рекомбинация әр буында екі пул арасында вариацияларды араластырып отырады.,Сегрегация және рекомбинация әр бұңда екі пул арасында вариацияларды аразыластырып отырады.,сегрегация және рекомбинация әр буында екі пул арасында вариацияларды араластырып отырады,сегрегация және рекомбинация әр бұңда екі пул арасында вариацияларды аразыластырып отырады
1695,"Қарапайым танымал түскі ас, әсіресе жазда – Па амб Оли: зәйтүн майы, қызанақ және ірімшік, тунец, т.б. сияқты кез келген қолжетімді дәмдеуіштер қосылған нан.",Карапайым танымал түскі аз әсіресе жазды па аембі оли зәйтінің зәйтін майы қызанақ және ірмшік тунец тағы басқалары сияқты кескерген қол жетімді демдеуштер қосылғанынан.,қарапайым танымал түскі ас әсіресе жазда па амб оли зәйтүн майы қызанақ және ірімшік тунец т б сияқты кез келген қолжетімді дәмдеуіштер қосылған нан,карапайым танымал түскі аз әсіресе жазды па аембі оли зәйтінің зәйтін майы қызанақ және ірмшік тунец тағы басқалары сияқты кескерген қол жетімді демдеуштер қосылғанынан
1765,"1537 жылы Асунсьон қаласының негізі салынғаннан бастап, Парагвай өзінің көптеген түпкілікті сипаты мен өзіндік ерекшелігін сақтай білді.",1573 жылы асуансьон қаласының негізгі салынған бастап парагвай өзінің көптеген түпкілікті сипатты мен өзіндік ерекшілігін сақтай білді,1537 жылы асунсьон қаласының негізі салынғаннан бастап парагвай өзінің көптеген түпкілікті сипаты мен өзіндік ерекшелігін сақтай білді,1573 жылы асуансьон қаласының негізгі салынған бастап парагвай өзінің көптеген түпкілікті сипатты мен өзіндік ерекшілігін сақтай білді
1816,"Үйленген, екі ересек баласы бар Дюваль хикаяны тыңдаған Миллерге үлкен әсер қалдырмады.",Илленген екі ересек баласы бар дювальхикаияны тыңдаған милерге үлкенің әсер қалдырмады.,үйленген екі ересек баласы бар дюваль хикаяны тыңдаған миллерге үлкен әсер қалдырмады,илленген екі ересек баласы бар дювальхикаияны тыңдаған милерге үлкенің әсер қалдырмады
1711,Бұл теориялар белгілі бір адамдарды қалайтын нәрселерін не қалаттыратынын және қоршаған ортасындағы қандай нәрселер белгілі бір әрекеттерді істеткізетінін немесе істеткізбейтінін қарастырады.,бұл теориялар белгілі бір адамдарды қалайтын нәрселерін не қалаттыратының және қоршыған ортасындағы қандай нәрселер белгілі бір әрекеттерді істеткізетінің немесе істеткізбейтінің қарастырады,бұл теориялар белгілі бір адамдарды қалайтын нәрселерін не қалаттыратынын және қоршаған ортасындағы қандай нәрселер белгілі бір әрекеттерді істеткізетінін немесе істеткізбейтінін қарастырады,бұл теориялар белгілі бір адамдарды қалайтын нәрселерін не қалаттыратының және қоршыған ортасындағы қандай нәрселер белгілі бір әрекеттерді істеткізетінің немесе істеткізбейтінің қарастырады
1866,"Біріншіден, шабандоздардың көпшілігі өкшесі және тегіс, айтарлықтай енсіз табаны бар салт жүріске арналған етікті киеді.",Біріншіден шабандоздарының көпшілігі өкшесі және тегіз айтарлықтай еңсіз табаны бар сал жүріске арналған етікті киеді.,біріншіден шабандоздардың көпшілігі өкшесі және тегіс айтарлықтай енсіз табаны бар салт жүріске арналған етікті киеді,біріншіден шабандоздарының көпшілігі өкшесі және тегіз айтарлықтай еңсіз табаны бар сал жүріске арналған етікті киеді
1969,Ол негізгі тақырыптың ең тиімді орны сызықтардың қиылысуында деп айтады. Бұл кескінді тігінен және көлденеңінен үштіктерге бөледі (мысалды қараңыз).,ол негізгі тақырыптың ең тиімді орны сыздықтардың қиылысуында деп айтады бұл кескінді тігінен және көлденеңнен үштіктерге бөледі мысалды қараңыз,ол негізгі тақырыптың ең тиімді орны сызықтардың қиылысуында деп айтады бұл кескінді тігінен және көлденеңінен үштіктерге бөледі мысалды қараңыз,ол негізгі тақырыптың ең тиімді орны сыздықтардың қиылысуында деп айтады бұл кескінді тігінен және көлденеңнен үштіктерге бөледі мысалды қараңыз
1899,Мұхаммед өзінің күнделікті өмірінен тыс мәселелерге қатты қызығатын. Ол ойлану үшін «Нұр» (жарық) тауындағы «Хира» ретінде белгілі болған үңгірге жиі баратын.,мұхаммед өзінің күнделікті өмірінен түс мәселелерге қатты қызығатын ол ойлану үшін нұр жарық тауындағы хира ретінде белгілі болған өңгірге жиі баратын,мұхаммед өзінің күнделікті өмірінен тыс мәселелерге қатты қызығатын ол ойлану үшін нұр жарық тауындағы хира ретінде белгілі болған үңгірге жиі баратын,мұхаммед өзінің күнделікті өмірінен түс мәселелерге қатты қызығатын ол ойлану үшін нұр жарық тауындағы хира ретінде белгілі болған өңгірге жиі баратын
1985,"Бұл альптық стильдегі шаңғы туризмімен немесе альпинизммен байланысты (бірақ әдетте байланысты болмайды), соңғысы тік еңістіктерде өткізіледі және қатты шаңғы мен аяқ киімді қажет етеді.",бұл альптық стильдегі шаңғы туризмі мен немесе альпинизм мен байланысты бірақ әдетте байланысты болмайды соңғысы тік еңістіктерде өткізіледі және қатты шаңғы мен аяқ киімді қайжет етеді,бұл альптық стильдегі шаңғы туризмімен немесе альпинизммен байланысты бірақ әдетте байланысты болмайды соңғысы тік еңістіктерде өткізіледі және қатты шаңғы мен аяқ киімді қажет етеді,бұл альптық стильдегі шаңғы туризмі мен немесе альпинизм мен байланысты бірақ әдетте байланысты болмайды соңғысы тік еңістіктерде өткізіледі және қатты шаңғы мен аяқ киімді қайжет етеді
1963,"Дымқыл киімді үтіктеу киімнің кебуіне көмектеседі. Көп қонақ үйлерде, тіпті бөлмеде болмаса да, ала тұруға болатын үтік және үтіктеу тақтасы болады.",Дымқыл киімді үтіктеу киімнің кебуіне көмектеседі. Күк қонағы үйлерде тіпті бөлмеде болмаса да ала тұруға болатын үтік және үтіктеу тақтасы болады.,дымқыл киімді үтіктеу киімнің кебуіне көмектеседі көп қонақ үйлерде тіпті бөлмеде болмаса да ала тұруға болатын үтік және үтіктеу тақтасы болады,дымқыл киімді үтіктеу киімнің кебуіне көмектеседі күк қонағы үйлерде тіпті бөлмеде болмаса да ала тұруға болатын үтік және үтіктеу тақтасы болады
1961,"Қатысым жасаудың маңыздылығын иллюстрациялау үшін пайдаланылатын ең жиі кездесетін әдістердің бірі – өсіп жатқанында елемеу, бәле немесе әдейі қиянат жасау себепті ересектер қатысым жасауға үйретпеген балалардың бірнеше бақытсыз жағдайын салу.","Қатысым жасаудың маңыздылығын иллюстрациялау үшін пайдаланылатын ең жиі кездесетін әдістердің бәрі өсіп жатқанында елемеу, бәле немесе әдейі қияна жасау себепті ересектер қатысым жасауға үйретпеген балалардың бірнеше бақытсыз жағдайын салу. Әріңіздіңіздіңіздіңіздіңіздіңіздіңіздіңіздіңіздіңіздіңіздіңіздіңіздіңіздіңіздіңіздіңіздіңіздіңіздіңіздіңіздіңіздіңіздіңіздіңіздіңіздіңіздіңіздіңіздіңіздіңіздіңіздіңіздіңіздіңіздіңіздіңіздіңіздіңіздіңіздіңіздіңіздіңіздіңіздіңіздіңіздіңіздіңіздіңіздіңіздіңіздіңіздіңіздіңіздіңіздіңіздіңіздіңіздіңіздіңіздіңіздіңіздіңіздіңіздіңіздіңіздіңіздіңіздіңіздіңіздіңіздіңіздіңіздіңіздіңіздіңіздіңіздіңіздіңіздіңіздіңіздіңіздіңіздіңіздіңіздіңіздіңіздіңізд",қатысым жасаудың маңыздылығын иллюстрациялау үшін пайдаланылатын ең жиі кездесетін әдістердің бірі өсіп жатқанында елемеу бәле немесе әдейі қиянат жасау себепті ересектер қатысым жасауға үйретпеген балалардың бірнеше бақытсыз жағдайын салу,қатысым жасаудың маңыздылығын иллюстрациялау үшін пайдаланылатын ең жиі кездесетін әдістердің бәрі өсіп жатқанында елемеу бәле немесе әдейі қияна жасау себепті ересектер қатысым жасауға үйретпеген балалардың бірнеше бақытсыз жағдайын салу әріңіздіңіздіңіздіңіздіңіздіңіздіңіздіңіздіңіздіңіздіңіздіңіздіңіздіңіздіңіздіңіздіңіздіңіздіңіздіңіздіңіздіңіздіңіздіңіздіңіздіңіздіңіздіңіздіңіздіңіздіңіздіңіздіңіздіңіздіңіздіңіздіңіздіңіздіңіздіңіздіңіздіңіздіңіздіңіздіңіздіңіздіңіздіңіздіңіздіңіздіңіздіңіздіңіздіңіздіңіздіңіздіңіздіңіздіңіздіңіздіңіздіңіздіңіздіңіздіңіздіңіздіңіздіңіздіңіздіңіздіңіздіңіздіңіздіңіздіңіздіңіздіңіздіңіздіңіздіңіздіңіздіңіздіңіздіңіздіңіздіңіздіңіздіңізд
1974,Сол принцип бойынша ер адамдар тізелерін жауып тұратын шалбар кию керек.,сол принцип бойынша ер адамдар дзілерін жауап тұратын шалвар күйігі керек,сол принцип бойынша ер адамдар тізелерін жауып тұратын шалбар кию керек,сол принцип бойынша ер адамдар дзілерін жауап тұратын шалвар күйігі керек
1978,«Спрингбокс» үшін бұл қатара бес ойындық жеңіліспен аяқталды.,Спринг бокс үшін бұл қатара бес ойындық жеңіліспен аяқталды.,спрингбокс үшін бұл қатара бес ойындық жеңіліспен аяқталды,спринг бокс үшін бұл қатара бес ойындық жеңіліспен аяқталды
1722,53 жастағы Куомо өзінің губернатор лауазымына осы жылдың басында келді және өткен айда бір жынысты некені заңдастырушы заң жобасына қол қойды.,Елі үш жастағы куомы өзінің губернаторлығы азымына осы жылдың басында келді. Және өткен айда бір жыныстын екені заңдастырушы заң жобасына қол қойды.,53 жастағы куомо өзінің губернатор лауазымына осы жылдың басында келді және өткен айда бір жынысты некені заңдастырушы заң жобасына қол қойды,елі үш жастағы куомы өзінің губернаторлығы азымына осы жылдың басында келді және өткен айда бір жыныстын екені заңдастырушы заң жобасына қол қойды
1775,"Бейне жазып алуды пайдалану бірнеше миллисекунд жалғасатын микро қимылдарды, бет бұлшық еттерінің қимылдарын түсіндіруде маңызды жаңалықтардың ашылуына себеп болды.",бейіне жазып алуды пайдалану бірнеше миллисекунд жалғасатын микроқимылдарды бетбулшық әттерінің қимылдарын түсіндіруде маңызды жаңалықтардың ашылуына себеп болды,бейне жазып алуды пайдалану бірнеше миллисекунд жалғасатын микро қимылдарды бет бұлшық еттерінің қимылдарын түсіндіруде маңызды жаңалықтардың ашылуына себеп болды,бейіне жазып алуды пайдалану бірнеше миллисекунд жалғасатын микроқимылдарды бетбулшық әттерінің қимылдарын түсіндіруде маңызды жаңалықтардың ашылуына себеп болды
1661,"Ол қысқартулар үшін санды белгілемеді, олар Қытайдың экономикалық нәтижесі негізінде жасалатынын айтты.",ол қысқартулар үшін санды белгілемеді олар қытайдың экономикалық нәтижесі негізінде жасалатынан айтты,ол қысқартулар үшін санды белгілемеді олар қытайдың экономикалық нәтижесі негізінде жасалатынын айтты,ол қысқартулар үшін санды белгілемеді олар қытайдың экономикалық нәтижесі негізінде жасалатынан айтты
1769,Мысырлықтар б.д.д. үшінші ғасырда соққан Ұлы Пирамида қайтыс болған перғауынның құрметіне соғылған көп үлкен пирамида құрылымдарының біреуі еді.,мысырлықтар біздің дәуірімізге дейінгі үшінші ғасырда соққан ұлы пирамида қайтыс болған фиргауының құрметінде соғылған көп үлкен пирамида құрылымдарының біреуі еді,мысырлықтар б д д үшінші ғасырда соққан ұлы пирамида қайтыс болған перғауынның құрметіне соғылған көп үлкен пирамида құрылымдарының біреуі еді,мысырлықтар біздің дәуірімізге дейінгі үшінші ғасырда соққан ұлы пирамида қайтыс болған фиргауының құрметінде соғылған көп үлкен пирамида құрылымдарының біреуі еді
1988,1920 жылары азаматтардың және елдердің көпшілігі пацифисті және изоляционистік көзқарастарды ұстанатын.,1920 жылары азаматтардың және елдердің көпшілігі пацифисты және изоляционистық көз қарастарды ұстанатын.,1920 жылары азаматтардың және елдердің көпшілігі пацифисті және изоляционистік көзқарастарды ұстанатын,1920 жылары азаматтардың және елдердің көпшілігі пацифисты және изоляционистық көз қарастарды ұстанатын
1993,Атлант мұхитының оныншы атау берілген дауыл маусымы «Субтропиктік дауыл Джерри» бүгін Атлант мұхитында пайда болды.,атлант мұхитының оныншы атау берілген дауыл маусымы субтропиктік дауыл джерри бүгін атлант мұхитында пайда болды,атлант мұхитының оныншы атау берілген дауыл маусымы субтропиктік дауыл джерри бүгін атлант мұхитында пайда болды,атлант мұхитының оныншы атау берілген дауыл маусымы субтропиктік дауыл джерри бүгін атлант мұхитында пайда болды
1939,"Революциядан кейін жұмыс орындары барлық ерлер үшін ашық болып, олардың табысқа жетуіне мүмкін берді.",революциядан кейін жұмыс орындары барлық ерлер үшін ашық болып олардың табыс қажетуіне мүмкін берді,революциядан кейін жұмыс орындары барлық ерлер үшін ашық болып олардың табысқа жетуіне мүмкін берді,революциядан кейін жұмыс орындары барлық ерлер үшін ашық болып олардың табыс қажетуіне мүмкін берді
1726,Далаға сапарлар кез келген сынып бөлмесінің үлкен бөлігі болып табылады. Мұғалім оқушыларды автобуспен бару мүмкін емес жерлерге апарғысы келетіні айтарлықтай жиі боалды.,Далаға сапарлар кез келген сынып бөлмесінің үлкен бөлігі болып табылады. Мұғалім оқушыларды автобустен бару мүмкін емес жерлерге апарғысы келетін айтарлықтай жиіп олады.,далаға сапарлар кез келген сынып бөлмесінің үлкен бөлігі болып табылады мұғалім оқушыларды автобуспен бару мүмкін емес жерлерге апарғысы келетіні айтарлықтай жиі боалды,далаға сапарлар кез келген сынып бөлмесінің үлкен бөлігі болып табылады мұғалім оқушыларды автобустен бару мүмкін емес жерлерге апарғысы келетін айтарлықтай жиіп олады
1709,Бұл есеп жетекшінің Иракқа қатысты ағымдағы саясатының әрбір аспектісін қатты сынайды және бағытты дереу өзгертуге шақырады.,бұл есеп жетекшінің ираққа қатысты ағымдағы саясаттың әрбір аспектесін қатты сындай және бағытты дереу өзгертуге шығарады,бұл есеп жетекшінің иракқа қатысты ағымдағы саясатының әрбір аспектісін қатты сынайды және бағытты дереу өзгертуге шақырады,бұл есеп жетекшінің ираққа қатысты ағымдағы саясаттың әрбір аспектесін қатты сындай және бағытты дереу өзгертуге шығарады
1853,"Джанкарло Фисичелла көлігін басқаруды жоғалтып, жарысты старттан кейін көп ұзамай аяқтады.",жанкарло фицицчелла көлігін басқаруыты жоғалтып жарысты старттан кейін көп замай аяқтады,джанкарло фисичелла көлігін басқаруды жоғалтып жарысты старттан кейін көп ұзамай аяқтады,жанкарло фицицчелла көлігін басқаруыты жоғалтып жарысты старттан кейін көп замай аяқтады
1864,Кирчнер ханым Аргентина театрында өзінің президенттік сайлауға қатысу ниеті туралы жариялады. Ол 2005 жылғы Буэнос-Айрес провинциясының делегациясының мүшесі ретінде Сенат үшін науқанын бастау үшін дәл осы жерді пайдаланған.,кирченер ханым аргентина театрында өзінің президенттік сайлауға қатысу ниеті туралы жариялады ол екімің бесінші жылғы бұэнэс-айрос провинциясының делегациясының мүшесі ретінде сенат үшін науқанын бастау үшін дәл осы жерде пайдаланған,кирчнер ханым аргентина театрында өзінің президенттік сайлауға қатысу ниеті туралы жариялады ол 2005 жылғы буэнос айрес провинциясының делегациясының мүшесі ретінде сенат үшін науқанын бастау үшін дәл осы жерді пайдаланған,кирченер ханым аргентина театрында өзінің президенттік сайлауға қатысу ниеті туралы жариялады ол екімің бесінші жылғы бұэнэс айрос провинциясының делегациясының мүшесі ретінде сенат үшін науқанын бастау үшін дәл осы жерде пайдаланған
1923,Әскерилерге және азаматтарға қажет заттардың қамтамасыз етілуін тоқтатқан бұл стратегия тиімді болып шықты. Дегенмен бұл блокада өткен екі ғасырдағы бірнеше халықаралық келісімде жазылған жалпы қабылданған халықаралық заңды бұзды.,эскерилерге және азаматтарға қажет заттардың қамтамасыз етілуін тоқтатқан бұл стратегия тиімді олып шықты дегенмен бұл блокада өткен екі ғасырдағы бірнеше халықаралық келісімде жазылған жалпы қабылданған халықаралық заңды бұзды,әскерилерге және азаматтарға қажет заттардың қамтамасыз етілуін тоқтатқан бұл стратегия тиімді болып шықты дегенмен бұл блокада өткен екі ғасырдағы бірнеше халықаралық келісімде жазылған жалпы қабылданған халықаралық заңды бұзды,эскерилерге және азаматтарға қажет заттардың қамтамасыз етілуін тоқтатқан бұл стратегия тиімді олып шықты дегенмен бұл блокада өткен екі ғасырдағы бірнеше халықаралық келісімде жазылған жалпы қабылданған халықаралық заңды бұзды
1938,"Аурухана инфекцияны бақылау хаттамасын орындады, соның ішінде басқаларды жұқтырудың алдын алу үшін науқасты басқалардан бөлді.",аурухана инфекцияны бақылау хаттамасын орындады соның ішінде басқаларды жықтырудың алдын алу ішін науқасты басқалардан бөлді,аурухана инфекцияны бақылау хаттамасын орындады соның ішінде басқаларды жұқтырудың алдын алу үшін науқасты басқалардан бөлді,аурухана инфекцияны бақылау хаттамасын орындады соның ішінде басқаларды жықтырудың алдын алу ішін науқасты басқалардан бөлді
1953,Кейіннен ол жатқан ауруханадан Кэмбридждегі Адденбрук ауруханасына жатқызылды.,кейіннен ол жатқан ауруханадан кембридждегі оденбрук ауруханасына жатқызылды,кейіннен ол жатқан ауруханадан кэмбридждегі адденбрук ауруханасына жатқызылды,кейіннен ол жатқан ауруханадан кембридждегі оденбрук ауруханасына жатқызылды
1696,"Университеттегі зерттеушілердің айтуынша, екі қосылыс бір-бірімен реакцияға түсіп, бүйрек қызметін тоқтата алатын кристалдар құрады.",университеттегі зерттеушілердің айтуынша екі қосылыс бір-бірімен реакцияға түсіп бүйрек қызметін тоқтаты алатын кристалдар құрады,университеттегі зерттеушілердің айтуынша екі қосылыс бір бірімен реакцияға түсіп бүйрек қызметін тоқтата алатын кристалдар құрады,университеттегі зерттеушілердің айтуынша екі қосылыс бір бірімен реакцияға түсіп бүйрек қызметін тоқтаты алатын кристалдар құрады
1762,"Бұл ауру шошқаларда болады, содан кейін ол масалар арқылы адамдарға өтеді.",бұл ауру шошқаларда болады содан кейін ол массалар арқылы адамдарға өтеді,бұл ауру шошқаларда болады содан кейін ол масалар арқылы адамдарға өтеді,бұл ауру шошқаларда болады содан кейін ол массалар арқылы адамдарға өтеді
1819,Ежелгі Қытайда әртүрлі уақыт мерзімдерін көрсетудің ерекше әдісі болды; Қытай тарихының әрбір кезеңі немесе билік басына келген әрбір отбасы ерекше династия болды.,ежелгі қытайда әртүрлі уақыт мерзімдерін көрсетудің ерекше әдісі болды қытай тарихының әрбір кезеңі немесе билік басына келген әрбір отбасы ерекше династия болды,ежелгі қытайда әртүрлі уақыт мерзімдерін көрсетудің ерекше әдісі болды қытай тарихының әрбір кезеңі немесе билік басына келген әрбір отбасы ерекше династия болды,ежелгі қытайда әртүрлі уақыт мерзімдерін көрсетудің ерекше әдісі болды қытай тарихының әрбір кезеңі немесе билік басына келген әрбір отбасы ерекше династия болды
1766,"Кейбір атомдардың ядролары тұрақсыз, яғни, олар аз ғана түрткенде немесе мүлде түртпегенде бөлінуге бейім.",кейбір атымдардың ядролары тұрақсыз яғни олар аз ғана түрткенде немесе мүлде түртпегенде бөлінуге бейім,кейбір атомдардың ядролары тұрақсыз яғни олар аз ғана түрткенде немесе мүлде түртпегенде бөлінуге бейім,кейбір атымдардың ядролары тұрақсыз яғни олар аз ғана түрткенде немесе мүлде түртпегенде бөлінуге бейім
1986,"Нағыз «көзге көрінбейтін топтың» (Ларсон мен Лафасто, 1989, 109 бет) болуы да виртууалды топтың бірегей компоненті болып табылады.","Нағыз көзге көрінбейтін топтың Ларсон мен Лафасто 1989-199-ші бет бұл ұды, вирту ұлды топтың бірігей компоненті болып табылады.",нағыз көзге көрінбейтін топтың ларсон мен лафасто 1989 109 бет болуы да виртууалды топтың бірегей компоненті болып табылады,нағыз көзге көрінбейтін топтың ларсон мен лафасто 1989 199 ші бет бұл ұды вирту ұлды топтың бірігей компоненті болып табылады
1931,"Бұл қызмет көбінесе кеме қатынасы, соның ішінде серуендеу кемелері, сондай-ақ қашықтағы мәліметтер мен дауыстық қажеттіліктері бар экспедициялар арқылы пайдаланылады.",бұл қызмет көбінесе кеме қатынасы соның ішінде серуенде үкемелері сондай-ақ қашықтауы мәліметтер мен дауыстық қажеттіліктері бар экспедициялар арқылы пайдаланылады,бұл қызмет көбінесе кеме қатынасы соның ішінде серуендеу кемелері сондай ақ қашықтағы мәліметтер мен дауыстық қажеттіліктері бар экспедициялар арқылы пайдаланылады,бұл қызмет көбінесе кеме қатынасы соның ішінде серуенде үкемелері сондай ақ қашықтауы мәліметтер мен дауыстық қажеттіліктері бар экспедициялар арқылы пайдаланылады
1707,Ол Оңтүстік Африканың негізгі көрнекі жерлерінің бірі болып табылады және Оңтүстік Африка ұлттық парктерінің (SANParks) жетекшісі болып есептеледі.,ол оңтүстік африканың негізгі көрнекі жерлерінің бірі болып табылады және оңтүстік африка ұлттық парктерінің санпаркс жетекшісі болып есептеледі,ол оңтүстік африканың негізгі көрнекі жерлерінің бірі болып табылады және оңтүстік африка ұлттық парктерінің sanparks жетекшісі болып есептеледі,ол оңтүстік африканың негізгі көрнекі жерлерінің бірі болып табылады және оңтүстік африка ұлттық парктерінің санпаркс жетекшісі болып есептеледі
2000,"Солтүстік Балтық теңізінен қыста өтсеңіз, кабинадағы орынды қарастырыңыз, өйткені мұз арқылы өту ең көп әсер етілетін адамдар үшін айтарлықтай жаман шуды тудырады.","Сол түстік балтық тенізінен қыста өтсеңіз, кабинадағы орынды қарастырыңыз. Өткені, мұз арқылы өтін ең көб әсер етілетін адамдар үшін айтарлықтай жаман шуды тудырады.",солтүстік балтық теңізінен қыста өтсеңіз кабинадағы орынды қарастырыңыз өйткені мұз арқылы өту ең көп әсер етілетін адамдар үшін айтарлықтай жаман шуды тудырады,сол түстік балтық тенізінен қыста өтсеңіз кабинадағы орынды қарастырыңыз өткені мұз арқылы өтін ең көб әсер етілетін адамдар үшін айтарлықтай жаман шуды тудырады
1858,БҰҰ аурулар бойынша сарапшысы Даниель Лантанның айтуы бойынша аурудың өршуіне бейбітшілдер себеп болған болуы мүмкін.,біркен ұлттар уйымы аурулар бойынша сарапшысы дэниэл лан танның айтуы бойынша аурудың өршуіне би бетшілдер себеп болған болуы мүмкін,бұұ аурулар бойынша сарапшысы даниель лантанның айтуы бойынша аурудың өршуіне бейбітшілдер себеп болған болуы мүмкін,біркен ұлттар уйымы аурулар бойынша сарапшысы дэниэл лан танның айтуы бойынша аурудың өршуіне би бетшілдер себеп болған болуы мүмкін
1822,Марокко сұлтаны қаланы Дару Аль-Бадиа деп қайта салды және оған Касабланка деген атауды осында сауда базаларын жасаған испандық саудагерлер берді.,морокко сұлтаны қаланы дару альбадия деп қайта салды және оған касабланко деген атауды осында сауда базаларын жасаған испандық саудагерлер берді,марокко сұлтаны қаланы дару аль бадиа деп қайта салды және оған касабланка деген атауды осында сауда базаларын жасаған испандық саудагерлер берді,морокко сұлтаны қаланы дару альбадия деп қайта салды және оған касабланко деген атауды осында сауда базаларын жасаған испандық саудагерлер берді
1996,Австралиялық Митчелл Горли ерлердің тұрып тұратын Super-G жарысында он бірінші болып мәреге жетті. Чех бәсекелес Олдрич Джелинек ерлердің отыратын Super-G жарысында он алтыншы болып мәреге жетті.,Австралиялық Митчел Горли ерлердің тұрып тұратын суперджі жарысында 11-ші болып мәреге жетті. Чех бәсекердес Олдрич Джей Линек ерлердің отыратын суперджі жарысында 16-ші болып мәреге жетті.,австралиялық митчелл горли ерлердің тұрып тұратын super g жарысында он бірінші болып мәреге жетті чех бәсекелес олдрич джелинек ерлердің отыратын super g жарысында он алтыншы болып мәреге жетті,австралиялық митчел горли ерлердің тұрып тұратын суперджі жарысында 11 ші болып мәреге жетті чех бәсекердес олдрич джей линек ерлердің отыратын суперджі жарысында 16 ші болып мәреге жетті
1699,"Бақылаушылардың бірі Бішкекті ""анархия күйіне батуда"" деп бейнелеген, өйткені қылмыскерлер тобы көшені аралап, дүкендердегі халықтық тұтыну тауарларын тонауды бастаған.",бақылаушылардың бірі бішкетті анархия күйіне батуда деп бейнелеген өйткені қылмыскерлер тобы көшені аралап түкендердегі халықтық тұтынуы тауарларын тоннауды бастаған,бақылаушылардың бірі бішкекті анархия күйіне батуда деп бейнелеген өйткені қылмыскерлер тобы көшені аралап дүкендердегі халықтық тұтыну тауарларын тонауды бастаған,бақылаушылардың бірі бішкетті анархия күйіне батуда деп бейнелеген өйткені қылмыскерлер тобы көшені аралап түкендердегі халықтық тұтынуы тауарларын тоннауды бастаған
1967,"Лейтон премьер-министрмен кездесу кезінде консерваторлардың экологиялық заңына өзгерістер енгізуді сұрады, сондай-ақ консервативті партияның экологиялық заңын ""мұқият және толығымен қайта жазуды"" сұрады.",лейтон премьер-министрмен кездесу кезінде консерваторлардың экологиялық заңына өзгерістер енгізуді сұрады сондай-ақ консервативті партияның экологиялық заңын мұхият және толығымен қайта жазуды сұрады,лейтон премьер министрмен кездесу кезінде консерваторлардың экологиялық заңына өзгерістер енгізуді сұрады сондай ақ консервативті партияның экологиялық заңын мұқият және толығымен қайта жазуды сұрады,лейтон премьер министрмен кездесу кезінде консерваторлардың экологиялық заңына өзгерістер енгізуді сұрады сондай ақ консервативті партияның экологиялық заңын мұхият және толығымен қайта жазуды сұрады
1825,"Әрекетке жақын болғыңыз келсе, музыкаға жақын кемпинг учаскесін алу үшін ерте тұруыңыз керек.",хәрекетке жақын болдыңыз келсе музыкаға жақын кемпинг учаскесін алу үшін ерте тұруыңыз керек,әрекетке жақын болғыңыз келсе музыкаға жақын кемпинг учаскесін алу үшін ерте тұруыңыз керек,хәрекетке жақын болдыңыз келсе музыкаға жақын кемпинг учаскесін алу үшін ерте тұруыңыз керек
1890,Заманауи зерттеу телескоптарының көпшілігі қолайлы атмосфералық жағдайлар бар қашықтағы аумақтардағы алып қондырғылар болып табылады.,заманауи изерттеу телескоптарының көпшілігі қолайлы атмосфералық жағдайлар бар қашықтағы аумақтарды алып қондырғылар болып табылады,заманауи зерттеу телескоптарының көпшілігі қолайлы атмосфералық жағдайлар бар қашықтағы аумақтардағы алып қондырғылар болып табылады,заманауи изерттеу телескоптарының көпшілігі қолайлы атмосфералық жағдайлар бар қашықтағы аумақтарды алып қондырғылар болып табылады
1756,АҚШ президенті Дональд Трамп жексенбі күні кешкі баспасөз хатшысы арқылы жасаған мәлімдемесінде АҚШ қарушы күштерін Сириядан алып шығуы туралы мәлімдеді.,Ақыш президенті Дональд Трамп жексенбі күні кешкі баспасөз қатшысы арқылы жасаған мәлімдемесінде Ақыш қарушы күштерін Сириядың алып шығуы туралы мәлімдеді.,ақш президенті дональд трамп жексенбі күні кешкі баспасөз хатшысы арқылы жасаған мәлімдемесінде ақш қарушы күштерін сириядан алып шығуы туралы мәлімдеді,ақыш президенті дональд трамп жексенбі күні кешкі баспасөз қатшысы арқылы жасаған мәлімдемесінде ақыш қарушы күштерін сириядың алып шығуы туралы мәлімдеді
1781,"Мадагаскар — қазіргі уақытта ең үлкені әрі жабайы табиғатына келгенде, өздігінен континент болып табылады.",мадагаскар қазіргі уақытта ең үлкен әржабайы табиғатына келгенде өздігінен континент болып табылады,мадагаскар қазіргі уақытта ең үлкені әрі жабайы табиғатына келгенде өздігінен континент болып табылады,мадагаскар қазіргі уақытта ең үлкен әржабайы табиғатына келгенде өздігінен континент болып табылады
1915,Гома қаласында бода-бода (мотоцикл-такси) қызметінен пайдалануыңызға болады. Қалыпты (жергілікті) бағасы қысқа сапар үшін  шамамен 500 Конго франкіне тең.,гома қаласында бода-бода мотоцикл такси қызметінен пайдаланыңызға болады қалыпты жергілікті бағасы қысқа сапар үшін шамамен бес жүз конго франкінеттен,гома қаласында бода бода мотоцикл такси қызметінен пайдалануыңызға болады қалыпты жергілікті бағасы қысқа сапар үшін шамамен 500 конго франкіне тең,гома қаласында бода бода мотоцикл такси қызметінен пайдаланыңызға болады қалыпты жергілікті бағасы қысқа сапар үшін шамамен бес жүз конго франкінеттен
1933,"Әрі-беріден соң, мұнда көптеген кішкентай мысықтар (соның ішінде жоғалған үй мысықтары) бар. Олар құрт-құмырсқа, кеміргіштер, кесіртке сияқты көптеген шағын жыртқыш аңдарды және құстарды жейді.",ірі-беріден соң мұнда көптеген күшкентай мысықтар соның ішінде жоғалған үй мысықтары бар олар құрт-құмырсқа кеміргіштер кес-ірткес яқты көптеген шағын жыртқы шаңдарды және құстарды жиыді,әрі беріден соң мұнда көптеген кішкентай мысықтар соның ішінде жоғалған үй мысықтары бар олар құрт құмырсқа кеміргіштер кесіртке сияқты көптеген шағын жыртқыш аңдарды және құстарды жейді,ірі беріден соң мұнда көптеген күшкентай мысықтар соның ішінде жоғалған үй мысықтары бар олар құрт құмырсқа кеміргіштер кес ірткес яқты көптеген шағын жыртқы шаңдарды және құстарды жиыді
1851,"Үзілмелі ағыстар жағаға, рифтерге соғылатын толқындардың кері ағыны болып табылады.",Жүлмелі ағыстар жағаға рифтерге соғылатын толқындардың кері ағыны болып табылады.,үзілмелі ағыстар жағаға рифтерге соғылатын толқындардың кері ағыны болып табылады,жүлмелі ағыстар жағаға рифтерге соғылатын толқындардың кері ағыны болып табылады
1692,"Жапонияның ядролық агенттігінің хабарлауынша, зауытта радиоактивті цезий мен йод анықталған.",жапонияның ядролық агенттігінің қабарлауынша саудыда радиоактивті цезиймен йод анықталған,жапонияның ядролық агенттігінің хабарлауынша зауытта радиоактивті цезий мен йод анықталған,жапонияның ядролық агенттігінің қабарлауынша саудыда радиоактивті цезиймен йод анықталған
1763,"Дәл ай жерді тартып, судың көтерілуіне әкелетіндей, Құс жолы да Мерген галактикасына күш түсіреді.","Дәл ай жерді тартып, судың көтерілуіне әкелетіндей. Құс жолыда мерген, галактикасына күшт сүреді.",дәл ай жерді тартып судың көтерілуіне әкелетіндей құс жолы да мерген галактикасына күш түсіреді,дәл ай жерді тартып судың көтерілуіне әкелетіндей құс жолыда мерген галактикасына күшт сүреді
1680,"Жақсы атлет жолбарыс өрмелей (бірақ жақсы емес), жүзе, үлкен қашықтықтарға секіре және күшті адамнан бес есе көбірек күшпен тартыла алады.",жақсы атлет жолбарыс өрмелей бірақ жақсы емес жүзе үлкен қашқықтықтарға секіре және күшті адамнан бесесе көбірі күшпен тартыла алады,жақсы атлет жолбарыс өрмелей бірақ жақсы емес жүзе үлкен қашықтықтарға секіре және күшті адамнан бес есе көбірек күшпен тартыла алады,жақсы атлет жолбарыс өрмелей бірақ жақсы емес жүзе үлкен қашқықтықтарға секіре және күшті адамнан бесесе көбірі күшпен тартыла алады
1737,Арыстандар ең көп қатысым жасайтын мысықтар. Олар прайдтар деп аталатын үлкен топтарда өмір сүреді.,арыстандар ең көп қатысым жасайтын мысықтар олар прайдтар деп аталатын үлкен топтарда өмір сүр еді,арыстандар ең көп қатысым жасайтын мысықтар олар прайдтар деп аталатын үлкен топтарда өмір сүреді,арыстандар ең көп қатысым жасайтын мысықтар олар прайдтар деп аталатын үлкен топтарда өмір сүр еді
1933,"Әрі-беріден соң, мұнда көптеген кішкентай мысықтар (соның ішінде жоғалған үй мысықтары) бар. Олар құрт-құмырсқа, кеміргіштер, кесіртке сияқты көптеген шағын жыртқыш аңдарды және құстарды жейді.","Ары беріден соң, мұнда көптеген кішкентай мысықтар, соның ішінде жоғалған ұй мысықтары бар. Олар құртқымырсқа кеміргіштер, кесіртке сияқты көптеген шағын жұртқыш аңдарды және қыстарды жейді.",әрі беріден соң мұнда көптеген кішкентай мысықтар соның ішінде жоғалған үй мысықтары бар олар құрт құмырсқа кеміргіштер кесіртке сияқты көптеген шағын жыртқыш аңдарды және құстарды жейді,ары беріден соң мұнда көптеген кішкентай мысықтар соның ішінде жоғалған ұй мысықтары бар олар құртқымырсқа кеміргіштер кесіртке сияқты көптеген шағын жұртқыш аңдарды және қыстарды жейді
1822,Марокко сұлтаны қаланы Дару Аль-Бадиа деп қайта салды және оған Касабланка деген атауды осында сауда базаларын жасаған испандық саудагерлер берді.,марокко сұлтаны қаланы дару аль-бадия деп қайта салды және оған касабланко деген атауды осында сауда базаларын жасаған испандық саудагерлер берді,марокко сұлтаны қаланы дару аль бадиа деп қайта салды және оған касабланка деген атауды осында сауда базаларын жасаған испандық саудагерлер берді,марокко сұлтаны қаланы дару аль бадия деп қайта салды және оған касабланко деген атауды осында сауда базаларын жасаған испандық саудагерлер берді
1904,"Дегенмен, баяу коммуникация арналарына байланысты, батыстағы стильдер 25-30 жылға қалып отырады.","Дегенмен баяу коммуникация арналарына байланысты, батыстағы стилдер 25-30 жылға қалып отырады.",дегенмен баяу коммуникация арналарына байланысты батыстағы стильдер 25 30 жылға қалып отырады,дегенмен баяу коммуникация арналарына байланысты батыстағы стилдер 25 30 жылға қалып отырады
1952,"Жоғары ендіктерде немесе тау асуларының үстімен өтетін кез келген адам қардың, мұздың немесе аяздың мүмкін болған температурасын ескеруі қажет.",жоғары ендіктерде немесе тау асуларының үстімен өтетін кез келген адам қардың мұздың немесе аяздың мүмкін болған температурасын ескеруі қажет,жоғары ендіктерде немесе тау асуларының үстімен өтетін кез келген адам қардың мұздың немесе аяздың мүмкін болған температурасын ескеруі қажет,жоғары ендіктерде немесе тау асуларының үстімен өтетін кез келген адам қардың мұздың немесе аяздың мүмкін болған температурасын ескеруі қажет
1770,"Бұл орынды болып көрінеді, өйткені Жердің қозғалғаны сезілмейді, солай емес пе?",бұл орынды болып көрінеді өйткені жердің қозғалғаны сезілмейді солай емес пе,бұл орынды болып көрінеді өйткені жердің қозғалғаны сезілмейді солай емес пе,бұл орынды болып көрінеді өйткені жердің қозғалғаны сезілмейді солай емес пе
1694,"Балалар асырап алған ата-анаға көп себептермен беріледі: салақтық, қиянат ету және тіпті ақша талап ету.",балалар асырап алған ата-анаға көп себептермен беріледі салақтық қиянат ету және тіпті ақша талап ету,балалар асырап алған ата анаға көп себептермен беріледі салақтық қиянат ету және тіпті ақша талап ету,балалар асырап алған ата анаға көп себептермен беріледі салақтық қиянат ету және тіпті ақша талап ету
1801,Гонконг аспанын безендіретін ғимараттар тобы Виктория Харбор суларының қатысуымен айқын көрінетін жарқыраған жолақ диаграммасымен салыстырылды.,гонконг аспанын безендіретін ғимараттар тобы виктория харбор соларының қатысуымен айқын көрінетін жарқыраған жолақ диаграммасымен салыстырылды,гонконг аспанын безендіретін ғимараттар тобы виктория харбор суларының қатысуымен айқын көрінетін жарқыраған жолақ диаграммасымен салыстырылды,гонконг аспанын безендіретін ғимараттар тобы виктория харбор соларының қатысуымен айқын көрінетін жарқыраған жолақ диаграммасымен салыстырылды
1918,Сундарбан ЮНЕСКО-ның әлемдік мұра орны деп жарияланды. Үндістан территориясындағы орманның бөлігі Сундарбан ұлттық паркі деп аталады.,сундарбан юнесканың әлемдік мұра орны деп жарияланды үндістан территориясындағы орманның бөлігі сундарбан ұлттық паркі деп аталады,сундарбан юнеско ның әлемдік мұра орны деп жарияланды үндістан территориясындағы орманның бөлігі сундарбан ұлттық паркі деп аталады,сундарбан юнесканың әлемдік мұра орны деп жарияланды үндістан территориясындағы орманның бөлігі сундарбан ұлттық паркі деп аталады
1986,"Нағыз «көзге көрінбейтін топтың» (Ларсон мен Лафасто, 1989, 109 бет) болуы да виртууалды топтың бірегей компоненті болып табылады.",Нағыз көзге көрінбейтін топтың Ларсон мен Лафасту 1989-19-ші бет бұл ода виртуалды топтың бірегей компоненті болып табылады.,нағыз көзге көрінбейтін топтың ларсон мен лафасто 1989 109 бет болуы да виртууалды топтың бірегей компоненті болып табылады,нағыз көзге көрінбейтін топтың ларсон мен лафасту 1989 19 ші бет бұл ода виртуалды топтың бірегей компоненті болып табылады
1926,"Аристотельдің ғылымның барлық мәселелеріне, оның ішінде психологияға көзқарасы қабылданды.",Аристотельдің ғылымның барлық мәселелеріне оның ішінде психологияға көз қарасы қабылданды.,аристотельдің ғылымның барлық мәселелеріне оның ішінде психологияға көзқарасы қабылданды,аристотельдің ғылымның барлық мәселелеріне оның ішінде психологияға көз қарасы қабылданды
1948,Үш патшалық ежелгі Қытайдың тарихындағы ең қанқұйлы дәуірлердің бірі болған. Мыңдаған адам Сианьдағы үлкен сарайдағы ең жоғары орынға отыру үшін соғысқанда өлді.,ішпатшалық ежелгі қытайдың тарихындағы ең қан құйыбы дәуірлердің бірі болған мыңдаған адам циянындағы үлкен сарайдағы ең жоғар орынға отыру үшін соғысқанда өлді,үш патшалық ежелгі қытайдың тарихындағы ең қанқұйлы дәуірлердің бірі болған мыңдаған адам сианьдағы үлкен сарайдағы ең жоғары орынға отыру үшін соғысқанда өлді,ішпатшалық ежелгі қытайдың тарихындағы ең қан құйыбы дәуірлердің бірі болған мыңдаған адам циянындағы үлкен сарайдағы ең жоғар орынға отыру үшін соғысқанда өлді
1678,Оливер Сакс өзінің «Президенттің сөзі» деген мақаласында мидың зақымдануы салдарынан сөзді түсінбейтін адамдар соған қарамастан шынайылықты қалай бағалай алатыны көрсетілген.,Оливер Сакс өзінің президенттің сөзі деген мақаласында мейдің зақымдануы салдарынан сөзді түсін бейтін адамдар соған қарамастан шынайлықты қалай бағалай алатыны көрсетілген.,оливер сакс өзінің президенттің сөзі деген мақаласында мидың зақымдануы салдарынан сөзді түсінбейтін адамдар соған қарамастан шынайылықты қалай бағалай алатыны көрсетілген,оливер сакс өзінің президенттің сөзі деген мақаласында мейдің зақымдануы салдарынан сөзді түсін бейтін адамдар соған қарамастан шынайлықты қалай бағалай алатыны көрсетілген
1709,Бұл есеп жетекшінің Иракқа қатысты ағымдағы саясатының әрбір аспектісін қатты сынайды және бағытты дереу өзгертуге шақырады.,Бұл есеп жетекшінің Ираққа қатысты ағымдағы саясатының әр бір аспектісін қаттық сынайды және бағытты дере өзгертуге шақырады.,бұл есеп жетекшінің иракқа қатысты ағымдағы саясатының әрбір аспектісін қатты сынайды және бағытты дереу өзгертуге шақырады,бұл есеп жетекшінің ираққа қатысты ағымдағы саясатының әр бір аспектісін қаттық сынайды және бағытты дере өзгертуге шақырады
1801,Гонконг аспанын безендіретін ғимараттар тобы Виктория Харбор суларының қатысуымен айқын көрінетін жарқыраған жолақ диаграммасымен салыстырылды.,Гонконг аспанын безендіретін ғимараттар тобы Виктория Харбар суларының қатысуымен айқын көрінетін жарқыраған жолақ диаграммасымен салыстырылды.,гонконг аспанын безендіретін ғимараттар тобы виктория харбор суларының қатысуымен айқын көрінетін жарқыраған жолақ диаграммасымен салыстырылды,гонконг аспанын безендіретін ғимараттар тобы виктория харбар суларының қатысуымен айқын көрінетін жарқыраған жолақ диаграммасымен салыстырылды
1772,Осылайша нотация жай ғана белгі ретінде қосылған болуы мүмкін.,осылайша нотация жай ғана белгі ретінде қосылған болуы мүмкін,осылайша нотация жай ғана белгі ретінде қосылған болуы мүмкін,осылайша нотация жай ғана белгі ретінде қосылған болуы мүмкін
1856,Финляндия — керемет қайықпен баратын жер. «Мың көлдің жерінде» көлдерде және жағалаудағы архипелагтарда мыңдаған аралдар да бар.,финляндия керемет қайықпен баратын жер мың көлдің жерінде көлдерде және жақылаудағы архипелогтарда мыңдаған аралдар да бар,финляндия керемет қайықпен баратын жер мың көлдің жерінде көлдерде және жағалаудағы архипелагтарда мыңдаған аралдар да бар,финляндия керемет қайықпен баратын жер мың көлдің жерінде көлдерде және жақылаудағы архипелогтарда мыңдаған аралдар да бар
1840,"Италияның көптеген қалаларында және әлемдегі басқа да қалаларда, әсіресе Польшада, соған ұқсас қондырмалар орнатылды және бұған көптеген адамдар куә болды.",италияның көптеген қаралы қалаларында және әлемдегі басқа да қалаларды әсіресе польшада соған ұқсаз қондырмалар орнатылды және бұған көптеген адамдар куә болды,италияның көптеген қалаларында және әлемдегі басқа да қалаларда әсіресе польшада соған ұқсас қондырмалар орнатылды және бұған көптеген адамдар куә болды,италияның көптеген қаралы қалаларында және әлемдегі басқа да қалаларды әсіресе польшада соған ұқсаз қондырмалар орнатылды және бұған көптеген адамдар куә болды
1724,Ол шамамен 400 жылдан бастап салтанаттың эпицентріне ретінде белгілі болды және шамамен 1100 жылға дейін созылды.,ол шамамен төрт жүз жылдан бастап салтанаттың эпиценттерінің ретінде белгілі болды және шамамен мың бір жүз жылға дейін созылды,ол шамамен 400 жылдан бастап салтанаттың эпицентріне ретінде белгілі болды және шамамен 1100 жылға дейін созылды,ол шамамен төрт жүз жылдан бастап салтанаттың эпиценттерінің ретінде белгілі болды және шамамен мың бір жүз жылға дейін созылды
1785,"Құрылыс ағаштары - бұл оқыту әдісі емес, жаңа компьютерлік бағдарламаны пайдалану немесе жаңа жобаны бастау секілді жаңа оқу тәжірибесінен өтіп жатқан жеке тұлғаларға қолдау көрсететін көмек түрі.",күрліс ағаштары бұл оқыту әдісін емес жаңа компьютерлік бағдарламаның пайдалануы немесе жаңа жобаның бастау секілді жаңа оқу тәжірибесінен өтіп жатқан жеке тұлғаларға қолдау көрсететін көмек түрі,құрылыс ағаштары бұл оқыту әдісі емес жаңа компьютерлік бағдарламаны пайдалану немесе жаңа жобаны бастау секілді жаңа оқу тәжірибесінен өтіп жатқан жеке тұлғаларға қолдау көрсететін көмек түрі,күрліс ағаштары бұл оқыту әдісін емес жаңа компьютерлік бағдарламаның пайдалануы немесе жаңа жобаның бастау секілді жаңа оқу тәжірибесінен өтіп жатқан жеке тұлғаларға қолдау көрсететін көмек түрі
1796,Бұл шөгінді жыныстар жабайы жануарлардың мекені болған құмқайырларды және жағажайларды жасауға қажет болды.,бұл шөгінде жыныстар жабайы жануарлардың мекені болған құмқайырларды және жағажайларды жасауға қажет болды,бұл шөгінді жыныстар жабайы жануарлардың мекені болған құмқайырларды және жағажайларды жасауға қажет болды,бұл шөгінде жыныстар жабайы жануарлардың мекені болған құмқайырларды және жағажайларды жасауға қажет болды
1914,Жиырмасыншы ғасырдағы зерттеу генетикалық вариацияның екі пулы бар екенін көрсетті: жасырын және көрінетін.,жүрмасыншы қасырдағы зерттеу генетикалық вариацияның екі пулы бар екенін көрсетті жасырын және көрінетін,жиырмасыншы ғасырдағы зерттеу генетикалық вариацияның екі пулы бар екенін көрсетті жасырын және көрінетін,жүрмасыншы қасырдағы зерттеу генетикалық вариацияның екі пулы бар екенін көрсетті жасырын және көрінетін
1988,1920 жылары азаматтардың және елдердің көпшілігі пацифисті және изоляционистік көзқарастарды ұстанатын.,1920 жылары азаматтардың және елдердің көпшілігі пацифисты және изоляционисты көзқарастарды ұстанатын.,1920 жылары азаматтардың және елдердің көпшілігі пацифисті және изоляционистік көзқарастарды ұстанатын,1920 жылары азаматтардың және елдердің көпшілігі пацифисты және изоляционисты көзқарастарды ұстанатын
1741,"Солтүстікте ары қарай орналасқан үлкен аумақтарда халық өте сирек қоныстанған, ал кейбіреулері елсіз дерлік жабайы жерлер.",солтүстікте ары қарай орналасқан үлкен аумақтарда халық өте сирек қоныстанған ал кейбіреулері елсіз дерлік жабайы жерлер,солтүстікте ары қарай орналасқан үлкен аумақтарда халық өте сирек қоныстанған ал кейбіреулері елсіз дерлік жабайы жерлер,солтүстікте ары қарай орналасқан үлкен аумақтарда халық өте сирек қоныстанған ал кейбіреулері елсіз дерлік жабайы жерлер
1897,"Аймақ солтүстігінде Сахельмен шекаралас, ал оңтүстігі мен батысында Атлант мұхитымен шектеседі.",Аймақ сол түстігінде сәхелмен шекар аласы. Ал оң түстігі мен батысында атлант мұхитімен шектеседі.,аймақ солтүстігінде сахельмен шекаралас ал оңтүстігі мен батысында атлант мұхитымен шектеседі,аймақ сол түстігінде сәхелмен шекар аласы ал оң түстігі мен батысында атлант мұхитімен шектеседі
1943,"Алаңдаушылық неғұрлым төменірек болса, өмір күші соғұрлым позитивтеі болады. Әр адамда абсолютті тыныштық пен ризашылықты табу мүмкіндігі бар.",алаңдаушылық неғұрлым төменірек болса өмір күші соғұрлым позитивте болады әр адамда абсолютті тыныштық пен ризашылықты табу мүмкіндегі бар,алаңдаушылық неғұрлым төменірек болса өмір күші соғұрлым позитивтеі болады әр адамда абсолютті тыныштық пен ризашылықты табу мүмкіндігі бар,алаңдаушылық неғұрлым төменірек болса өмір күші соғұрлым позитивте болады әр адамда абсолютті тыныштық пен ризашылықты табу мүмкіндегі бар
1962,pН деңгейі химиялық құрамдағы сутегі (рН ішіндегі H) иондарының мөлшерімен көрсетіледі.,пи аш деңгейі химиялық құрамдағы су тегі пи аш ішіндегі аш иондарның мөлшерімен көрсетіледі,pн деңгейі химиялық құрамдағы сутегі рн ішіндегі h иондарының мөлшерімен көрсетіледі,пи аш деңгейі химиялық құрамдағы су тегі пи аш ішіндегі аш иондарның мөлшерімен көрсетіледі
1874,"Кейбір адамдар оныкі дұрыс деп ойлады, бірақ көп адам қарама-қарсы нәрсеге сенді; күн жүйесі, соның ішінде күн (және тіпті басқа жұлдыздар) жерді айналды деп ойлады.","Кейбір адамдар оны күдірус деп ойлады, бірақ көп адам қарамағарысы нәрсеге сенді. Күн жиесі соның ішінде күн және тіпті басқа жылдыздар жерді айналды деп ойлады.",кейбір адамдар оныкі дұрыс деп ойлады бірақ көп адам қарама қарсы нәрсеге сенді күн жүйесі соның ішінде күн және тіпті басқа жұлдыздар жерді айналды деп ойлады,кейбір адамдар оны күдірус деп ойлады бірақ көп адам қарамағарысы нәрсеге сенді күн жиесі соның ішінде күн және тіпті басқа жылдыздар жерді айналды деп ойлады
1818,Адамдар үйіне оралған саяхатшылар үшін шыдамдылық пен түсіністік қажет екенін түсінбеуі мүмкін.,адамдар үйене оралған саяхатшылар үшін шыдамдылық пен түсіністік қажетегенін түсінбеу мүмкін,адамдар үйіне оралған саяхатшылар үшін шыдамдылық пен түсіністік қажет екенін түсінбеуі мүмкін,адамдар үйене оралған саяхатшылар үшін шыдамдылық пен түсіністік қажетегенін түсінбеу мүмкін
1855,"Арыстандар прайды қасқырлар мен иттер сияқты әрекет етеді, олар арыстандарға (бірақ басқа үлкен мысықтарға ұқсамайды) ұқсас жануарлар, сонымен қатар олар өз олжалары үшін өте қауіпті.",арыстандар бұрайды қасқырлар мен иттер сияқты әрекет етеді олар арыстандарға бірақ басқа үлкен сықтарға ұқсамайды ұқсас жануарлар сонымен қатар олар өз олжалары үшін өте қалыпты,арыстандар прайды қасқырлар мен иттер сияқты әрекет етеді олар арыстандарға бірақ басқа үлкен мысықтарға ұқсамайды ұқсас жануарлар сонымен қатар олар өз олжалары үшін өте қауіпті,арыстандар бұрайды қасқырлар мен иттер сияқты әрекет етеді олар арыстандарға бірақ басқа үлкен сықтарға ұқсамайды ұқсас жануарлар сонымен қатар олар өз олжалары үшін өте қалыпты
1706,"Дәстүрлірек шіркеулер Пасха демалыс күндері сенбі түні пасхалық таңғы ғибадатты өткізеді, жиналыстар жиі түн ортасында Мәсіхтің қайта тірілуін мерекелеуге айналады.",дәстүрлірек шіркеулер пасха демалыс күндері сенбі түні пасхалық таңғы ғибадатты өткізеді жиналыстар жиі түн ортасында мәсіқтың қайта тірлігін мерекелеуге айналады,дәстүрлірек шіркеулер пасха демалыс күндері сенбі түні пасхалық таңғы ғибадатты өткізеді жиналыстар жиі түн ортасында мәсіхтің қайта тірілуін мерекелеуге айналады,дәстүрлірек шіркеулер пасха демалыс күндері сенбі түні пасхалық таңғы ғибадатты өткізеді жиналыстар жиі түн ортасында мәсіқтың қайта тірлігін мерекелеуге айналады
1896,"АҚШ гимнастикасы және АҚШ Олимпиада комитеті бір мақсатты көздейді - гимнастика және басқа да спорт түрлерін барынша қауіпсіз етіп, спортшылардың өз армандарын орындауды қауіпсіз, позитивті және мүмкіндіктерге толы ортада жүзеге асыруын қамтамасыз ету.",ақыш гимнастикасы және ақыш олимпиада комитеті бір мақсатты көздейді гимнастика және басқа да спорт түрлерін барымша қауіпсіз етіп спортшылардың өз армандарын орындауды қауіпсіз позитивті және мүмкіндіктерге толы ортада жүреге асыруын қамтамасыз ету,ақш гимнастикасы және ақш олимпиада комитеті бір мақсатты көздейді гимнастика және басқа да спорт түрлерін барынша қауіпсіз етіп спортшылардың өз армандарын орындауды қауіпсіз позитивті және мүмкіндіктерге толы ортада жүзеге асыруын қамтамасыз ету,ақыш гимнастикасы және ақыш олимпиада комитеті бір мақсатты көздейді гимнастика және басқа да спорт түрлерін барымша қауіпсіз етіп спортшылардың өз армандарын орындауды қауіпсіз позитивті және мүмкіндіктерге толы ортада жүреге асыруын қамтамасыз ету
1875,Мұхиттарға құйылатын планета өзендеріндегі судың толықтай 20 пайызы Амазонкадан келеді.,мұхиттарға құйылатын планета өзендеріндегі судың толықтай жырма пайызы амазонқа таң келеді,мұхиттарға құйылатын планета өзендеріндегі судың толықтай 20 пайызы амазонкадан келеді,мұхиттарға құйылатын планета өзендеріндегі судың толықтай жырма пайызы амазонқа таң келеді
1943,"Алаңдаушылық неғұрлым төменірек болса, өмір күші соғұрлым позитивтеі болады. Әр адамда абсолютті тыныштық пен ризашылықты табу мүмкіндігі бар.",алаңдаушылық неұғырлым төменірек болса өмір күші соғырлым позитивті болады әр адамда абсолютті тыныштық пен ризашылықты табу мүмкіндігі бар,алаңдаушылық неғұрлым төменірек болса өмір күші соғұрлым позитивтеі болады әр адамда абсолютті тыныштық пен ризашылықты табу мүмкіндігі бар,алаңдаушылық неұғырлым төменірек болса өмір күші соғырлым позитивті болады әр адамда абсолютті тыныштық пен ризашылықты табу мүмкіндігі бар
1770,"Бұл орынды болып көрінеді, өйткені Жердің қозғалғаны сезілмейді, солай емес пе?",бұл орынды болып көрінеді өйткені жердің қозғалғаны сезілмейді солай емес пе,бұл орынды болып көрінеді өйткені жердің қозғалғаны сезілмейді солай емес пе,бұл орынды болып көрінеді өйткені жердің қозғалғаны сезілмейді солай емес пе
2006,"Кальций және калий сияқты элементтер металдар болып саналады. Әрине, күміс және алтын сияқты металдар да бар.",кальций және калий сияқты элементтер металдар болып саналады әрине күміс және алтын сияқты металдар да бар,кальций және калий сияқты элементтер металдар болып саналады әрине күміс және алтын сияқты металдар да бар,кальций және калий сияқты элементтер металдар болып саналады әрине күміс және алтын сияқты металдар да бар
1713,"Гома жеткілікті деңгейде қауіпсіз болғанмен, Гомадан тыс аймақтарға шығудан бұрын, Солтүстік Киву провинциясындағы соғыс жағдайын түсіну үшін аздап зерттеу жүргізген дұрыс.","Гома жеткілікті денгейде қауіпсіз болғанмен, Гомадан тылс аймақтарға шығудан бұрын солтүстік Киеву провинциясындағы соғыс жағдайын түсіну үшін аздап зерттеу жүргізген дұрыс.",гома жеткілікті деңгейде қауіпсіз болғанмен гомадан тыс аймақтарға шығудан бұрын солтүстік киву провинциясындағы соғыс жағдайын түсіну үшін аздап зерттеу жүргізген дұрыс,гома жеткілікті денгейде қауіпсіз болғанмен гомадан тылс аймақтарға шығудан бұрын солтүстік киеву провинциясындағы соғыс жағдайын түсіну үшін аздап зерттеу жүргізген дұрыс
1902,Алдымен ол Грейт-Ярмуттегі Джеймс Пейджет ауруханасына түсті.,Алдымен ұл Грид Яруметтегі Джеймс Пейджет ауруханасына түсті.,алдымен ол грейт ярмуттегі джеймс пейджет ауруханасына түсті,алдымен ұл грид яруметтегі джеймс пейджет ауруханасына түсті
1877,Қазіргі сенатор және Аргентинаның бірінші ханымы Кристина Фернандес де Киршнер өзінің президенттік кандидатурасын кеше кешкі уақытта Буэнос-Айрестен 50 шақырым (31 миль) қашықтықта орналасқан Ла-Плата қаласында жариялады.,Хазіргі сенатар және Аргентинаның бірінші ханым Кристина Фернандес де Киршнер өзінің президенттік кандидатурасының кеше-кешкі уақытта Буэнес Айрестен 53 ақырым 31 мил қашықтықта орналасқан Ла Плата қаласында жариялады.,қазіргі сенатор және аргентинаның бірінші ханымы кристина фернандес де киршнер өзінің президенттік кандидатурасын кеше кешкі уақытта буэнос айрестен 50 шақырым 31 миль қашықтықта орналасқан ла плата қаласында жариялады,хазіргі сенатар және аргентинаның бірінші ханым кристина фернандес де киршнер өзінің президенттік кандидатурасының кеше кешкі уақытта буэнес айрестен 53 ақырым 31 мил қашықтықта орналасқан ла плата қаласында жариялады
1736,Роландо Мендоза M16 мылтығымен туристтерге оқ жаудырды.,роландо мендоза м-16 мылтығымен туристерге оқт жаудырды,роландо мендоза m16 мылтығымен туристтерге оқ жаудырды,роландо мендоза м 16 мылтығымен туристерге оқт жаудырды
1685,"Мысалы, дүние жүзіндегі ең жиі кездесетін фотография түсіру пішімі болып 35 мм табылады. Ол аналогтық пленка дәуірі бітіп жатқанда басым пленка өлшемі болатын.",мысалы дүниежүзіндегі ең джиі кездесетін фотография түсіру пішімі болып отыз бес миллиметр табылады ол аналықтық плюнка дәуірі бітіп жатқанда басым плюнка өлшемі болатын,мысалы дүние жүзіндегі ең жиі кездесетін фотография түсіру пішімі болып 35 мм табылады ол аналогтық пленка дәуірі бітіп жатқанда басым пленка өлшемі болатын,мысалы дүниежүзіндегі ең джиі кездесетін фотография түсіру пішімі болып отыз бес миллиметр табылады ол аналықтық плюнка дәуірі бітіп жатқанда басым плюнка өлшемі болатын
1675,"Барлық зат есімдер, сонымен бірге «сіз» дегенді білдіретін «Sie» сөзі, тіпті сөйлемнің ортасында да бас әріптен басталады.",Барлық зат есімдер сонымен бірге «Сіз» дегенді білдіретін сие сөзі тіпті сөйлемнің ортасында да баға сәріптен басталады.,барлық зат есімдер сонымен бірге сіз дегенді білдіретін sie сөзі тіпті сөйлемнің ортасында да бас әріптен басталады,барлық зат есімдер сонымен бірге сіз дегенді білдіретін сие сөзі тіпті сөйлемнің ортасында да баға сәріптен басталады
1967,"Лейтон премьер-министрмен кездесу кезінде консерваторлардың экологиялық заңына өзгерістер енгізуді сұрады, сондай-ақ консервативті партияның экологиялық заңын ""мұқият және толығымен қайта жазуды"" сұрады.",Лейтін премьер-министрмен кездесу кезінде консерваторлардың экологиялық заңына өзгерістер еңгізуді сұрады. Сондаяқ консервативті партияның экологиялық заңын мұқият және толығымен қайта жазуды сұрады.,лейтон премьер министрмен кездесу кезінде консерваторлардың экологиялық заңына өзгерістер енгізуді сұрады сондай ақ консервативті партияның экологиялық заңын мұқият және толығымен қайта жазуды сұрады,лейтін премьер министрмен кездесу кезінде консерваторлардың экологиялық заңына өзгерістер еңгізуді сұрады сондаяқ консервативті партияның экологиялық заңын мұқият және толығымен қайта жазуды сұрады
1760,"Мозасавр өз заманының ең жоғары жыртқышы болған, сондықтан ол басқа мозасаврлардан басқа ештеңеден қорықпаған.",моза савыр өз заманының ең жоғары жұртқышы болған сондықтан ол басқа моза савырлардың басқа ештеңеден қорытпаған,мозасавр өз заманының ең жоғары жыртқышы болған сондықтан ол басқа мозасаврлардан басқа ештеңеден қорықпаған,моза савыр өз заманының ең жоғары жұртқышы болған сондықтан ол басқа моза савырлардың басқа ештеңеден қорытпаған
1946,"Күшін жою ережелері әр түрлі болып келеді, бірақ наурыз айының ақырынан бастап коронавирустық негіздегі көптеген жою ережелері Олимпиада жоспарланған 2020 жылдың шілде айына дейін қолданылмайды.",күшін жою ережелері әртүрлі болып келеді бірақ наурыз айының ақырынан бастап коронавирустық негіздегі көптеген жою ережелері олимпиада жоспарланған екі мың жиырма жылдың шілде айына дейін қолданылмайды,күшін жою ережелері әр түрлі болып келеді бірақ наурыз айының ақырынан бастап коронавирустық негіздегі көптеген жою ережелері олимпиада жоспарланған 2020 жылдың шілде айына дейін қолданылмайды,күшін жою ережелері әртүрлі болып келеді бірақ наурыз айының ақырынан бастап коронавирустық негіздегі көптеген жою ережелері олимпиада жоспарланған екі мың жиырма жылдың шілде айына дейін қолданылмайды
1819,Ежелгі Қытайда әртүрлі уақыт мерзімдерін көрсетудің ерекше әдісі болды; Қытай тарихының әрбір кезеңі немесе билік басына келген әрбір отбасы ерекше династия болды.,ежелгі қытайда әртүрлі уақыт мерзімдерін көрсетудің ерекше әдісі болды қытай тарихының әрбір кезеңі немесе бейлік басына келген әрбір отбасы ерекше династия болады,ежелгі қытайда әртүрлі уақыт мерзімдерін көрсетудің ерекше әдісі болды қытай тарихының әрбір кезеңі немесе билік басына келген әрбір отбасы ерекше династия болды,ежелгі қытайда әртүрлі уақыт мерзімдерін көрсетудің ерекше әдісі болды қытай тарихының әрбір кезеңі немесе бейлік басына келген әрбір отбасы ерекше династия болады
1667,Жалпы алғанда менеджерлер бұрынғы әріптестеріне басшылық ете бастағанда екі түрлі қылық пайда болуы мүмкін. Бір жағынан алдыңғы «әріптестердің бірі» (немесе құрбылардың) болып қалуға тырысады.,жалпы алғанда менеджерлер бұрынғы әріптестеріне басшылық ете бастағанда екі түрлі қылық пайда болуы мүмкін бір жағынан алдыңғы әріптестердің бірі немесе құрбылардың болып қалуға тырысады,жалпы алғанда менеджерлер бұрынғы әріптестеріне басшылық ете бастағанда екі түрлі қылық пайда болуы мүмкін бір жағынан алдыңғы әріптестердің бірі немесе құрбылардың болып қалуға тырысады,жалпы алғанда менеджерлер бұрынғы әріптестеріне басшылық ете бастағанда екі түрлі қылық пайда болуы мүмкін бір жағынан алдыңғы әріптестердің бірі немесе құрбылардың болып қалуға тырысады
1844,Айдың беті тау жынысы мен шаңнан тұрады. Айдың сыртқы қабаты қабық деп аталады.,Айдың беті тау жынысымен шаңынан тұрады. Айдың сыртқы қабаты қабық деп аталады.,айдың беті тау жынысы мен шаңнан тұрады айдың сыртқы қабаты қабық деп аталады,айдың беті тау жынысымен шаңынан тұрады айдың сыртқы қабаты қабық деп аталады
1986,"Нағыз «көзге көрінбейтін топтың» (Ларсон мен Лафасто, 1989, 109 бет) болуы да виртууалды топтың бірегей компоненті болып табылады.",нағыз көзге көрінбейтін топтың ларсен мен лафасто мың тоғыз жүз сексен тоғыз жүз тоғыз бет болуы да виртуалды топтың бірегі компоненті болып табылады,нағыз көзге көрінбейтін топтың ларсон мен лафасто 1989 109 бет болуы да виртууалды топтың бірегей компоненті болып табылады,нағыз көзге көрінбейтін топтың ларсен мен лафасто мың тоғыз жүз сексен тоғыз жүз тоғыз бет болуы да виртуалды топтың бірегі компоненті болып табылады
1783,"Аймақтық және маусымдық ауа райы құбылыстары қарлы борандарды, мұзды борандарды және шаң дауылдарын қамтиды.",аймақтық және маусымдық ауа райы құбылыстары қарлы борандарды мұзды борандарды және шаң дауылдарынан қамтиді,аймақтық және маусымдық ауа райы құбылыстары қарлы борандарды мұзды борандарды және шаң дауылдарын қамтиды,аймақтық және маусымдық ауа райы құбылыстары қарлы борандарды мұзды борандарды және шаң дауылдарынан қамтиді
1910,"Париждіктер біртүрлілігі, дөрекілік және менмендігімен ерекшеленеді.","Париждіктер бір түрлілігі, дүрекілік және мен-мендігімен ерекшелінеді.",париждіктер біртүрлілігі дөрекілік және менмендігімен ерекшеленеді,париждіктер бір түрлілігі дүрекілік және мен мендігімен ерекшелінеді
1968,"Кейбір круиздердің кітапшаларында Германияның Берлин қаласы көрсетілген. Жоғарыдағы картадан көргеніңіздей, Берлин теңізге жақын орналаспаған және қалаға бару круиздің бағасына кірмейді.","Кейбір круиздердің кітапшыларында Германияның Берлин қаласы көрсетілген. Жоғардағы картадан көргеніңіздей, Берлин теңізге жақын орналаспаған және қалаға бару круиздің бағасына кірмейді.",кейбір круиздердің кітапшаларында германияның берлин қаласы көрсетілген жоғарыдағы картадан көргеніңіздей берлин теңізге жақын орналаспаған және қалаға бару круиздің бағасына кірмейді,кейбір круиздердің кітапшыларында германияның берлин қаласы көрсетілген жоғардағы картадан көргеніңіздей берлин теңізге жақын орналаспаған және қалаға бару круиздің бағасына кірмейді
1841,"Жоғарыдағы ашық, әдемі аспаннан және көптеген қоршаған таулардан басқа ештеңе көрінбейді. Үңгір ішінен бұл дүниенің өте аз бөлігін көруге немесе естуге болады.","Жоғардағы ашық, әдемі аспаннан және көптеген қоршаған таулардан басқа ештеңе көрінбейді. Үңгір ішінен бұл дүниенің өте аз бөлігін көріге немесе естуге болады.",жоғарыдағы ашық әдемі аспаннан және көптеген қоршаған таулардан басқа ештеңе көрінбейді үңгір ішінен бұл дүниенің өте аз бөлігін көруге немесе естуге болады,жоғардағы ашық әдемі аспаннан және көптеген қоршаған таулардан басқа ештеңе көрінбейді үңгір ішінен бұл дүниенің өте аз бөлігін көріге немесе естуге болады
1833,Философия ғұламасы Аристотель әрбір заттың төрт элементтің біреуінен немесе бірнешесінен жасалған деген теория құрған.,Философия ғыламасы Аристотель әр бір заттың түрт элементтің біреуінен немесе бірнешесінен жасалған деген теория құрған.,философия ғұламасы аристотель әрбір заттың төрт элементтің біреуінен немесе бірнешесінен жасалған деген теория құрған,философия ғыламасы аристотель әр бір заттың түрт элементтің біреуінен немесе бірнешесінен жасалған деген теория құрған
1757,"Тек ұрықтық жасушалардағы мутация балаларға өтуі мүмкін, ал басқа орындағы мутация жасушалар өлімге немесе қатерлі ісікке әкелуі мүмкін.",тек ұрықтық жасушалардағы мутация балаларға өтуі мүмкін ал басқа орындағы мутация жасушалар өлімге немесе қатерлісікке келуі мүмкін,тек ұрықтық жасушалардағы мутация балаларға өтуі мүмкін ал басқа орындағы мутация жасушалар өлімге немесе қатерлі ісікке әкелуі мүмкін,тек ұрықтық жасушалардағы мутация балаларға өтуі мүмкін ал басқа орындағы мутация жасушалар өлімге немесе қатерлісікке келуі мүмкін
1913,"Жолбарыстың ақыруы арыстанның бар күшімен ақыруына ұқсамайды, ол ақырып қатты айтқан сөздерге көбірек ұқсайды.",жолбарыстың ақыруы арыстанның бар күшімен ақыруына ұқсамайды ол ақырып қартта айтқан сөздерге көбірек ұқсайды,жолбарыстың ақыруы арыстанның бар күшімен ақыруына ұқсамайды ол ақырып қатты айтқан сөздерге көбірек ұқсайды,жолбарыстың ақыруы арыстанның бар күшімен ақыруына ұқсамайды ол ақырып қартта айтқан сөздерге көбірек ұқсайды
1771,"Негізгі сахналардағы музыка аяқталғанымен, фестивальдің түннің кеш уақытына дейін музыканы ойнатуды жалғастыратын бөліктері болуы мүмкін екенін есте сақтаңыз.","Негізгі сахналардағы музыка аяқталғанымен, фестивальдың түннің кеш уақытына дейін музыканы ойнатуды жалғастыратын бөліктері болуы мүмкін екенін естесақтаныз.",негізгі сахналардағы музыка аяқталғанымен фестивальдің түннің кеш уақытына дейін музыканы ойнатуды жалғастыратын бөліктері болуы мүмкін екенін есте сақтаңыз,негізгі сахналардағы музыка аяқталғанымен фестивальдың түннің кеш уақытына дейін музыканы ойнатуды жалғастыратын бөліктері болуы мүмкін екенін естесақтаныз
1959,"Бәрібір билік органдарынан кеңес алыңыз, барлық белгілерді ескеріңіз және қауіпсіздік туралы ескертулерге ерекше көңіл бөліңіз.","Бәрі бір бейлік орғандарының кенес алыңыз, барлық білгілерді ескеріңіз, және қауіпсіздік туралы ескертілерге ерекше көңіл бөліңіз.",бәрібір билік органдарынан кеңес алыңыз барлық белгілерді ескеріңіз және қауіпсіздік туралы ескертулерге ерекше көңіл бөліңіз,бәрі бір бейлік орғандарының кенес алыңыз барлық білгілерді ескеріңіз және қауіпсіздік туралы ескертілерге ерекше көңіл бөліңіз
1693,"Бірақ, капитан қақпасын жоғалтудан кейін Үндістан ойынды аяқтау үшін бар болғаны 36 рет жүгірді, 7 рет қақпаны жоғалтты.","Бірақ капитан қақпасын жоғалтудан кейін үндістан ойынды аяқтау үшін бар болғаны 36 рет жүгірді, 7 рет қақпаны жоғалыпты.",бірақ капитан қақпасын жоғалтудан кейін үндістан ойынды аяқтау үшін бар болғаны 36 рет жүгірді 7 рет қақпаны жоғалтты,бірақ капитан қақпасын жоғалтудан кейін үндістан ойынды аяқтау үшін бар болғаны 36 рет жүгірді 7 рет қақпаны жоғалыпты
1734,Ғалымдар қара материя басқа қара материяға қарапайым материя сияқты әсер етеді деп тұжырымдай алды.,жалымдар қара материя басқа қара материяға қарапайым материя сияқты әсер етеді деп тұжырымдай алды,ғалымдар қара материя басқа қара материяға қарапайым материя сияқты әсер етеді деп тұжырымдай алды,жалымдар қара материя басқа қара материяға қарапайым материя сияқты әсер етеді деп тұжырымдай алды
1672,Матаның тым ыстық болуына жол бермеңіз (бұл қысқаруға немесе күюіне себеп болуы мүмкін).,Матаның тұм ұстық болуына жол бермегіз. Бұл қысқаруға немесе күйеуіне себеп болуы мүмкін.,матаның тым ыстық болуына жол бермеңіз бұл қысқаруға немесе күюіне себеп болуы мүмкін,матаның тұм ұстық болуына жол бермегіз бұл қысқаруға немесе күйеуіне себеп болуы мүмкін
1906,«Бұл қоштасу болайын деп тұрған жоқ. Бұл — бір тараудың жабылуы және жаңасының ашылуы».,бұл қоштасу болайын деп тұрған жоқ бұл бір тараудың жабылу және жаңасының ашылуы,бұл қоштасу болайын деп тұрған жоқ бұл бір тараудың жабылуы және жаңасының ашылуы,бұл қоштасу болайын деп тұрған жоқ бұл бір тараудың жабылу және жаңасының ашылуы
1963,"Дымқыл киімді үтіктеу киімнің кебуіне көмектеседі. Көп қонақ үйлерде, тіпті бөлмеде болмаса да, ала тұруға болатын үтік және үтіктеу тақтасы болады.","Бұмқыл киімді үтіктеу киімнің кебуіне көмектеседі. Көп қонағы елерде, тіпті бөлмеде болмаса да, ала турға болатын үтік және үтіктеу тақтасы болады.",дымқыл киімді үтіктеу киімнің кебуіне көмектеседі көп қонақ үйлерде тіпті бөлмеде болмаса да ала тұруға болатын үтік және үтіктеу тақтасы болады,бұмқыл киімді үтіктеу киімнің кебуіне көмектеседі көп қонағы елерде тіпті бөлмеде болмаса да ала турға болатын үтік және үтіктеу тақтасы болады
1870,Көріністер пирамидаларда көрсетіледі және әртүрлі пирамидалар жанады.,"Көріністер пирамидаларда көрсетіледі, және әртүрлі пирамидалар жанады.",көріністер пирамидаларда көрсетіледі және әртүрлі пирамидалар жанады,көріністер пирамидаларда көрсетіледі және әртүрлі пирамидалар жанады
1744,"Россби нөмірі неғұрлым кішірек болса, жұлдыздың магниттену инверсиясына қатысты белсенділігі азырақ болады.","Роз бен өмірі не ғырлым кішірек болса, жылдыздың магниттені инверсиясыны қатысты белсенділігі азырақ болады.",россби нөмірі неғұрлым кішірек болса жұлдыздың магниттену инверсиясына қатысты белсенділігі азырақ болады,роз бен өмірі не ғырлым кішірек болса жылдыздың магниттені инверсиясыны қатысты белсенділігі азырақ болады
1705,"1940 жылы 15 тамызда одақтастар оңтүстік Францияға басып кірді, бұл шапқыншылық «Дракон операциясы» деген атауға ие болды.",1940 жылы 15-ші тамызды одақтастар оңтүстік Францияға басып кірді. Бұл шаққыншылық дракон операциясы деген атауға ие болды.,1940 жылы 15 тамызда одақтастар оңтүстік францияға басып кірді бұл шапқыншылық дракон операциясы деген атауға ие болды,1940 жылы 15 ші тамызды одақтастар оңтүстік францияға басып кірді бұл шаққыншылық дракон операциясы деген атауға ие болды
1660,"Романтизмде Гете, Фихте, Шлегель сияқты жазушылардан алынған мәдени детерминизмнің үлкен элементі болды.","Романтизмде, гиоты, фихты, шлегел сияқты жазушылардан алынған мәдени детерминизмнің үлкен элементі болды.",романтизмде гете фихте шлегель сияқты жазушылардан алынған мәдени детерминизмнің үлкен элементі болды,романтизмде гиоты фихты шлегел сияқты жазушылардан алынған мәдени детерминизмнің үлкен элементі болды
2000,"Солтүстік Балтық теңізінен қыста өтсеңіз, кабинадағы орынды қарастырыңыз, өйткені мұз арқылы өту ең көп әсер етілетін адамдар үшін айтарлықтай жаман шуды тудырады.","Солтүстік балтық теніздіңен қысыста өтсеңіз, кабинадағы орынды қарастырыңыз. Өткені мұз арқылы өту ең көп әсер етілетін адамдар үшін айтарлықтай жаман шуды тудырады.",солтүстік балтық теңізінен қыста өтсеңіз кабинадағы орынды қарастырыңыз өйткені мұз арқылы өту ең көп әсер етілетін адамдар үшін айтарлықтай жаман шуды тудырады,солтүстік балтық теніздіңен қысыста өтсеңіз кабинадағы орынды қарастырыңыз өткені мұз арқылы өту ең көп әсер етілетін адамдар үшін айтарлықтай жаман шуды тудырады
1800,Бұл көпір 2017 жылдың қыркүйек айында толығымен жұмыс істейді деп жоспарланған. Бұл жылда бразилиялық кеден бекеттері аяқталады деп күтілуде.,Бұл көпір 2017 жылдың қырқиек айында толығымен жұмысы істейді деп жоспарланған. Бұл жылда бразилиялық кеден бекеттері аяқталады деп күтілуде.,бұл көпір 2017 жылдың қыркүйек айында толығымен жұмыс істейді деп жоспарланған бұл жылда бразилиялық кеден бекеттері аяқталады деп күтілуде,бұл көпір 2017 жылдың қырқиек айында толығымен жұмысы істейді деп жоспарланған бұл жылда бразилиялық кеден бекеттері аяқталады деп күтілуде
1711,Бұл теориялар белгілі бір адамдарды қалайтын нәрселерін не қалаттыратынын және қоршаған ортасындағы қандай нәрселер белгілі бір әрекеттерді істеткізетінін немесе істеткізбейтінін қарастырады.,бұл теориялар белгілі бір адамдарды қалайтын нәрселерін не қалаттыратының және қоршаған ортасындағы қандай нәрселер белгілі бір әрекеттерді істеткізетінің немесе істеткізбейтінің қарастырады,бұл теориялар белгілі бір адамдарды қалайтын нәрселерін не қалаттыратынын және қоршаған ортасындағы қандай нәрселер белгілі бір әрекеттерді істеткізетінін немесе істеткізбейтінін қарастырады,бұл теориялар белгілі бір адамдарды қалайтын нәрселерін не қалаттыратының және қоршаған ортасындағы қандай нәрселер белгілі бір әрекеттерді істеткізетінің немесе істеткізбейтінің қарастырады
1790,"Оның жұмысы соншалықты танылған сапалы және егжей-тегжейлі болғандықтан, филателистер арасында өте аз «үй иелері атауларының » бірі болып есептеледі. Кейбіреулер өзінің жұмысын жалғыздықта жинауға маманданған.","Оның жұмысы соншалықты танылған сапалы және екжей-текжейлі болғандықтан, филателесттер арасында өте аз үй-иелері атауларының бірі болып есептеледі. Кейбір өлер өзінің жұмысын жалғыздықта жинауға маманданған.",оның жұмысы соншалықты танылған сапалы және егжей тегжейлі болғандықтан филателистер арасында өте аз үй иелері атауларының бірі болып есептеледі кейбіреулер өзінің жұмысын жалғыздықта жинауға маманданған,оның жұмысы соншалықты танылған сапалы және екжей текжейлі болғандықтан филателесттер арасында өте аз үй иелері атауларының бірі болып есептеледі кейбір өлер өзінің жұмысын жалғыздықта жинауға маманданған
1715,"Метродағы жүйелі хабарландырулар тек каталан тілінді жасалады, бірақ автоматтандырылған жүйе жоспарланбаған үзілістерді көп тілде жариялайды: испан, ағылшын, француз, араб және жапон.","Метродағы жүйелі қабарландырулар тек каталант тілінді жасалады. Бірақ автоматтандырылған жүйе жоспарланбаған үзілістерді көп тілде жариялайды. Испан, Ағылшын, Франсуз, Араб және Жапон.",метродағы жүйелі хабарландырулар тек каталан тілінді жасалады бірақ автоматтандырылған жүйе жоспарланбаған үзілістерді көп тілде жариялайды испан ағылшын француз араб және жапон,метродағы жүйелі қабарландырулар тек каталант тілінді жасалады бірақ автоматтандырылған жүйе жоспарланбаған үзілістерді көп тілде жариялайды испан ағылшын франсуз араб және жапон
1869,"Оның ұзын жақтарында 70-тен астам ұстарадай өткір тістер және аузының үстіңгі жағында қосымша тістер жинағы болған, бұл оған кезіккен әрбір жануардың одан қашып кете алмайтынын білдіреді.",Оның ұзын жақтарында жетпістен астам ұстарадай өткіртістер және аузының үстінгі жағында қосымша тістер жинағы болған. Бұл оған кезеккен әр бір жануардың одан қашып кете алмайтынын білдіреді.,оның ұзын жақтарында 70 тен астам ұстарадай өткір тістер және аузының үстіңгі жағында қосымша тістер жинағы болған бұл оған кезіккен әрбір жануардың одан қашып кете алмайтынын білдіреді,оның ұзын жақтарында жетпістен астам ұстарадай өткіртістер және аузының үстінгі жағында қосымша тістер жинағы болған бұл оған кезеккен әр бір жануардың одан қашып кете алмайтынын білдіреді
1847,Оны Сингапур премьер-министрінің орынбасары Вонг Кан Сенг күтіп алды және ол Сингапурдың премьер-министрі Ли Сьен Лунмен сауда және терроризм мәселелерін талқылады.,оны сингапур премьер-министрінің орынбасары вонг кан синг күтіп алды және ол сингапурдың премьер-министрі ли сиен лун мен сауда және терроризм мәселелерін талқылады,оны сингапур премьер министрінің орынбасары вонг кан сенг күтіп алды және ол сингапурдың премьер министрі ли сьен лунмен сауда және терроризм мәселелерін талқылады,оны сингапур премьер министрінің орынбасары вонг кан синг күтіп алды және ол сингапурдың премьер министрі ли сиен лун мен сауда және терроризм мәселелерін талқылады
1900,"іс жүзінде, тіпті адам оның бар екенін білсе де, оны табу оңай емес. Үңгірге түскеннен кейін толығымен оқшауланасыз.",іс жүзінде тіпті адам оның бар екенін білсе де оны табу оңай емес үңгірге түскеннен кейін толығымен оқшаулы анасыз,іс жүзінде тіпті адам оның бар екенін білсе де оны табу оңай емес үңгірге түскеннен кейін толығымен оқшауланасыз,іс жүзінде тіпті адам оның бар екенін білсе де оны табу оңай емес үңгірге түскеннен кейін толығымен оқшаулы анасыз
1808,"Соғыс аяқталғаннан кейін екі жылда, бұрынғы одақтастар енді жаулар болды және суық соғыс басталды.",соғыс аяқталғаннан кейін екі жылда бұрынғы отақтастар енді жаулар болды және суық соғыс басталды,соғыс аяқталғаннан кейін екі жылда бұрынғы одақтастар енді жаулар болды және суық соғыс басталды,соғыс аяқталғаннан кейін екі жылда бұрынғы отақтастар енді жаулар болды және суық соғыс басталды
1977,"Прайдтар бірден үшке дейін туыс ересек еркек арыстаннан, сондай-ақ отыз аналық пен абданнан тұрады.",прайдтар бірден үшке дейін туыс ересек еркек арыстаннан сондай-ақ отыз аналық пен абдамдан тұрады,прайдтар бірден үшке дейін туыс ересек еркек арыстаннан сондай ақ отыз аналық пен абданнан тұрады,прайдтар бірден үшке дейін туыс ересек еркек арыстаннан сондай ақ отыз аналық пен абдамдан тұрады
1904,"Дегенмен, баяу коммуникация арналарына байланысты, батыстағы стильдер 25-30 жылға қалып отырады.",дегенмен баяу коммуникация араларына байланысты батыстағы стилдер түрмабес отыз жылға қалып отырады,дегенмен баяу коммуникация арналарына байланысты батыстағы стильдер 25 30 жылға қалып отырады,дегенмен баяу коммуникация араларына байланысты батыстағы стилдер түрмабес отыз жылға қалып отырады
1880,Осылайша қарындаш шыққан кезде көп адамдарға жақсы дос болды.,осылайша қарында шыққан кезде көп адамдарға жақсы дос болды,осылайша қарындаш шыққан кезде көп адамдарға жақсы дос болды,осылайша қарында шыққан кезде көп адамдарға жақсы дос болды
1769,Мысырлықтар б.д.д. үшінші ғасырда соққан Ұлы Пирамида қайтыс болған перғауынның құрметіне соғылған көп үлкен пирамида құрылымдарының біреуі еді.,мысырлықтар біздің дәуірімізге дейінгі үшінші ғасырда соққан ұлы пирамида қайтыс болған фергалының құрметіне соғылған көп үлкен пирамида құрылымдарының біреуі еді,мысырлықтар б д д үшінші ғасырда соққан ұлы пирамида қайтыс болған перғауынның құрметіне соғылған көп үлкен пирамида құрылымдарының біреуі еді,мысырлықтар біздің дәуірімізге дейінгі үшінші ғасырда соққан ұлы пирамида қайтыс болған фергалының құрметіне соғылған көп үлкен пирамида құрылымдарының біреуі еді
1704,1990 жылы ол шөл құмдары қаупіне байланысты қауіп төніп тұрған әлемдік мұралар тізіміне қосылды.,мыңдың жүз тоқсан жылы ол шөл құмдары қауіпіне байланысты қауіп төніп тұрған әлемдік мұралар тізіміне қосылды,1990 жылы ол шөл құмдары қаупіне байланысты қауіп төніп тұрған әлемдік мұралар тізіміне қосылды,мыңдың жүз тоқсан жылы ол шөл құмдары қауіпіне байланысты қауіп төніп тұрған әлемдік мұралар тізіміне қосылды
1918,Сундарбан ЮНЕСКО-ның әлемдік мұра орны деп жарияланды. Үндістан территориясындағы орманның бөлігі Сундарбан ұлттық паркі деп аталады.,сундарбан юнискоңыз әлемдік мұрау орны деп жарияланады үндістан территориясындағы орманның бөлігі сундарбан ұлттық паркі деп аталады,сундарбан юнеско ның әлемдік мұра орны деп жарияланды үндістан территориясындағы орманның бөлігі сундарбан ұлттық паркі деп аталады,сундарбан юнискоңыз әлемдік мұрау орны деп жарияланады үндістан территориясындағы орманның бөлігі сундарбан ұлттық паркі деп аталады
1718,Антиквариат болып табылатын бұйымдар үшін ортақ анықтама берілмеген. Кейбір салық органдары 100 жастан асқан бұймыдарды антиквариат деп атайды.,Антиквариат болып табылатын бұйымдар үшін ортақ анықтама берілмеген. Кейбір салық органдары жүз жастан асқан бұйымыдарды антиквариат деп атайды.,антиквариат болып табылатын бұйымдар үшін ортақ анықтама берілмеген кейбір салық органдары 100 жастан асқан бұймыдарды антиквариат деп атайды,антиквариат болып табылатын бұйымдар үшін ортақ анықтама берілмеген кейбір салық органдары жүз жастан асқан бұйымыдарды антиквариат деп атайды
1684,Апиа - Самоаның астанасы. Бұл қала Уполу аралында орналасқан және оның халқы 40 000-нан сәл төмен.,апия самуаның астанасы бұл қала уполу аралымды орналасқан және оның халқы қырық мыңнан сәлтөмен,апиа самоаның астанасы бұл қала уполу аралында орналасқан және оның халқы 40 000 нан сәл төмен,апия самуаның астанасы бұл қала уполу аралымды орналасқан және оның халқы қырық мыңнан сәлтөмен
1949,Энтомологтар «жәндік» терминін осы жәндіктер тобы үшін ресми мағынада пайдаланады.,энтомологтар жәндік терминінің осы жәндіктер тобы үшін ресми мағынада пайдаланады,энтомологтар жәндік терминін осы жәндіктер тобы үшін ресми мағынада пайдаланады,энтомологтар жәндік терминінің осы жәндіктер тобы үшін ресми мағынада пайдаланады
1999,"1960 жылдары Бжезинский Джон Кеннедидің кеңесшісі болып, содан кейін Линдон Б. Джонсон әкімшілігінде жұмыс істеді.","1960 жылдарды Бженский Джон Кенедидің кенешісі болып, содан кейін Линдан Б. Джонсон әкімшілігінде жұмыс істеді.",1960 жылдары бжезинский джон кеннедидің кеңесшісі болып содан кейін линдон б джонсон әкімшілігінде жұмыс істеді,1960 жылдарды бженский джон кенедидің кенешісі болып содан кейін линдан б джонсон әкімшілігінде жұмыс істеді
1991,Еуропалық тарихтың осы кезеңінде бай және қуатты болған католик шіркеуі қатаң бақылауға алынды.,Еуропалық тарихтың осы кезеңде бай және қуатты болған католик шіркеуі қатан бақылауға алынды.,еуропалық тарихтың осы кезеңінде бай және қуатты болған католик шіркеуі қатаң бақылауға алынды,еуропалық тарихтың осы кезеңде бай және қуатты болған католик шіркеуі қатан бақылауға алынды
1692,"Жапонияның ядролық агенттігінің хабарлауынша, зауытта радиоактивті цезий мен йод анықталған.",жапонияның ядрлық агенттігінің хабарлауынша зағытта радиоактивті цезиймен йод анықталған,жапонияның ядролық агенттігінің хабарлауынша зауытта радиоактивті цезий мен йод анықталған,жапонияның ядрлық агенттігінің хабарлауынша зағытта радиоактивті цезиймен йод анықталған
1667,Жалпы алғанда менеджерлер бұрынғы әріптестеріне басшылық ете бастағанда екі түрлі қылық пайда болуы мүмкін. Бір жағынан алдыңғы «әріптестердің бірі» (немесе құрбылардың) болып қалуға тырысады.,Жалпы алғанда менеджерлер бұрынғы әріптестеріне басшылық ете бастағанда екі түрлі қылық пайда болуы мүмкін. Бір жағынан алдыңғы әріптестердің бәрі немесе құрыбылардың болып қалуға тұрысады.,жалпы алғанда менеджерлер бұрынғы әріптестеріне басшылық ете бастағанда екі түрлі қылық пайда болуы мүмкін бір жағынан алдыңғы әріптестердің бірі немесе құрбылардың болып қалуға тырысады,жалпы алғанда менеджерлер бұрынғы әріптестеріне басшылық ете бастағанда екі түрлі қылық пайда болуы мүмкін бір жағынан алдыңғы әріптестердің бәрі немесе құрыбылардың болып қалуға тұрысады
1704,1990 жылы ол шөл құмдары қаупіне байланысты қауіп төніп тұрған әлемдік мұралар тізіміне қосылды.,"1990 жылы ол шүл қымдары қауіпне байланысты, қауіп төніп тұрған әлемдік мұралар тізіміне қосылды.",1990 жылы ол шөл құмдары қаупіне байланысты қауіп төніп тұрған әлемдік мұралар тізіміне қосылды,1990 жылы ол шүл қымдары қауіпне байланысты қауіп төніп тұрған әлемдік мұралар тізіміне қосылды
2004,"Дәл осы айда тағы бір ұшақ Мешхедтің ұшу-қону жолағын басып өтіп, қабырғаға соғылып он жеті адамды өлтірді.",дәл осайда тағы бұрышақ мешхаттың шу қону жолағын басып өтіп қабырғаға соғылып он жеті адамды өлтірді,дәл осы айда тағы бір ұшақ мешхедтің ұшу қону жолағын басып өтіп қабырғаға соғылып он жеті адамды өлтірді,дәл осайда тағы бұрышақ мешхаттың шу қону жолағын басып өтіп қабырғаға соғылып он жеті адамды өлтірді
1852,"Блогтарды тиісті түрде қолдану студенттердің аналитикалық және критикалық ойлауын әлдеқайда күшейтуі мүмкін. Интернет материалдарына белсенді түрде жауап беру арқылы олар басқа адамдардың жазбаларына қатысты өздерінің позициясын айқындай алады, сондай-ақ нақты бір мәселелер бойынша өздерінің көзқарастарын білдіре алады (Oravec, 2002).",блогтарды тиісті түрде қолдану студенттердің аналитикалық және критикалық ойлауын әлді қайда күшейтуі мүмкін интернет материалдарына белсенді түрде жоап беру арқылы олар басқа адамдардың жазбаларына қатысты өздерінің позициясын айқындай алады сондай-ақ нақты бір мәселелер бойынша өздерінің көзқарастарын білдіре алады оровек 2002,блогтарды тиісті түрде қолдану студенттердің аналитикалық және критикалық ойлауын әлдеқайда күшейтуі мүмкін интернет материалдарына белсенді түрде жауап беру арқылы олар басқа адамдардың жазбаларына қатысты өздерінің позициясын айқындай алады сондай ақ нақты бір мәселелер бойынша өздерінің көзқарастарын білдіре алады oravec 2002,блогтарды тиісті түрде қолдану студенттердің аналитикалық және критикалық ойлауын әлді қайда күшейтуі мүмкін интернет материалдарына белсенді түрде жоап беру арқылы олар басқа адамдардың жазбаларына қатысты өздерінің позициясын айқындай алады сондай ақ нақты бір мәселелер бойынша өздерінің көзқарастарын білдіре алады оровек 2002
1907,Соғыс басталғаннан кейін жуық арада Ұлыбритания Германияны әскери-теңіз қоршауына алды.,соғыс басталғаннан кейін жуы қарада ұлыбритания германияны әскери теңіз қоршауына алды,соғыс басталғаннан кейін жуық арада ұлыбритания германияны әскери теңіз қоршауына алды,соғыс басталғаннан кейін жуы қарада ұлыбритания германияны әскери теңіз қоршауына алды
1805,"Scotturb 403 автобусы Синтраға қалыпты түрде қатынап отырады да, Рока мүйісінде тоқтайды.",скотт цорфт төрт жүз-іш автобусы центраға қалыпты түрде қатынап отырады да рок-ом есінде тоқтайды,scotturb 403 автобусы синтраға қалыпты түрде қатынап отырады да рока мүйісінде тоқтайды,скотт цорфт төрт жүз іш автобусы центраға қалыпты түрде қатынап отырады да рок ом есінде тоқтайды
1760,"Мозасавр өз заманының ең жоғары жыртқышы болған, сондықтан ол басқа мозасаврлардан басқа ештеңеден қорықпаған.",мазасабр өз заманының ең жоғары жұрысқышы болған сондықтан ол басқа мазасабрлардан басқа ештеңеден қорықпаған,мозасавр өз заманының ең жоғары жыртқышы болған сондықтан ол басқа мозасаврлардан басқа ештеңеден қорықпаған,мазасабр өз заманының ең жоғары жұрысқышы болған сондықтан ол басқа мазасабрлардан басқа ештеңеден қорықпаған
1741,"Солтүстікте ары қарай орналасқан үлкен аумақтарда халық өте сирек қоныстанған, ал кейбіреулері елсіз дерлік жабайы жерлер.",Сол түстікте арық-арай орналасқан үлкен алмақтарда қалық өте серек қоныстыңған ал кей біреулері елсіз дерлік жабайы жерлер.,солтүстікте ары қарай орналасқан үлкен аумақтарда халық өте сирек қоныстанған ал кейбіреулері елсіз дерлік жабайы жерлер,сол түстікте арық арай орналасқан үлкен алмақтарда қалық өте серек қоныстыңған ал кей біреулері елсіз дерлік жабайы жерлер
1700,"Күңгірт жерлердің асты жұқа, ал жарық жерлердің асты қалың тау жынысынан тұрады.",көңгірт жерлердің асты жоқа ал жарық жерлердің асты қалыңдау жұмыстан тұрады,күңгірт жерлердің асты жұқа ал жарық жерлердің асты қалың тау жынысынан тұрады,көңгірт жерлердің асты жоқа ал жарық жерлердің асты қалыңдау жұмыстан тұрады
1674,"Кейбір аумақтарда суды бір минут бойы қайнату жеткілікті, ал басқаларында бірнеше минут қажет.",кейбір аумақтарда суды бір минутті бойы қайнату жеткілікті ал басқаларында бірнеше минутқа жет,кейбір аумақтарда суды бір минут бойы қайнату жеткілікті ал басқаларында бірнеше минут қажет,кейбір аумақтарда суды бір минутті бойы қайнату жеткілікті ал басқаларында бірнеше минутқа жет
1797,Әр адам қоғамға қатысады және көлік жүйелерін пайдаланады. Әркім дерлік көлік жүйелері туралы шағымданады.,эр адам қоғамға қатысады және көлік жүйелерін пайдаланады әркімдерлік көлік жүйелері туралы шағымданады,әр адам қоғамға қатысады және көлік жүйелерін пайдаланады әркім дерлік көлік жүйелері туралы шағымданады,эр адам қоғамға қатысады және көлік жүйелерін пайдаланады әркімдерлік көлік жүйелері туралы шағымданады
1770,"Бұл орынды болып көрінеді, өйткені Жердің қозғалғаны сезілмейді, солай емес пе?",Бұл орынды болып көрінеді. Өткені жердің қозғалғаны сезілмейді. Солай емес бе?,бұл орынды болып көрінеді өйткені жердің қозғалғаны сезілмейді солай емес пе,бұл орынды болып көрінеді өткені жердің қозғалғаны сезілмейді солай емес бе
1729,"Мысалы, Солтүстік Каролина штатындағы Беннет мектебінің студенттері жыл сайын штат астанасына сапары туралы веб-сайтын жасайды, бұл веб-сайт жыл сайын қайта жасалады, бірақ ескі нұсқалар альбом ретінде онлайн сақталады.",мысалы солтүстік каролина штатындағы беннет мектебінің студенттері жыл сайын штат астанасына сапары туралы веб-сайтін жасайды бұл веб-сайт жыл сайын қайта жасалады бірақ ескі нұсқалар альбом ретінде онлайн сақталады,мысалы солтүстік каролина штатындағы беннет мектебінің студенттері жыл сайын штат астанасына сапары туралы веб сайтын жасайды бұл веб сайт жыл сайын қайта жасалады бірақ ескі нұсқалар альбом ретінде онлайн сақталады,мысалы солтүстік каролина штатындағы беннет мектебінің студенттері жыл сайын штат астанасына сапары туралы веб сайтін жасайды бұл веб сайт жыл сайын қайта жасалады бірақ ескі нұсқалар альбом ретінде онлайн сақталады
1799,"Сәрсенбі күнгі оқиғадан басқа, Карпанедо чемпионаттағы екі жеке жарыста қатысты.",сәрсенбі күнгі оқиғадан басқа карпанедо чемпионаттағы екі жеке жарыста қатысты,сәрсенбі күнгі оқиғадан басқа карпанедо чемпионаттағы екі жеке жарыста қатысты,сәрсенбі күнгі оқиғадан басқа карпанедо чемпионаттағы екі жеке жарыста қатысты
1755,Бір бомба генерал-губернатор кеңсесінің сыртында жарылды.,бір бомба генерал-гимбернатор кенсесінің сұртында жарылды,бір бомба генерал губернатор кеңсесінің сыртында жарылды,бір бомба генерал гимбернатор кенсесінің сұртында жарылды
1757,"Тек ұрықтық жасушалардағы мутация балаларға өтуі мүмкін, ал басқа орындағы мутация жасушалар өлімге немесе қатерлі ісікке әкелуі мүмкін.",тек ұрықтық жасушалардағы мутация балаларға өтуі мүмкін ал басқа орындағы мутация жасушалар өлімге немесе қатерлі ісікке әкелуі мүмкін,тек ұрықтық жасушалардағы мутация балаларға өтуі мүмкін ал басқа орындағы мутация жасушалар өлімге немесе қатерлі ісікке әкелуі мүмкін,тек ұрықтық жасушалардағы мутация балаларға өтуі мүмкін ал басқа орындағы мутация жасушалар өлімге немесе қатерлі ісікке әкелуі мүмкін
1909,"Виртуалды топтар кәдімгі топтар сияқты бірдей жоғары сапа стандарттарын ұстанады, дегенмен мұнда кішігірім айырмашылықтар бар.",виртуалды топтар кәдімгі топтар сияқты бірдейі жоғары сапа стандарттарын ұстанады дегенмен мұнда күшегірі майармашылықтар бар,виртуалды топтар кәдімгі топтар сияқты бірдей жоғары сапа стандарттарын ұстанады дегенмен мұнда кішігірім айырмашылықтар бар,виртуалды топтар кәдімгі топтар сияқты бірдейі жоғары сапа стандарттарын ұстанады дегенмен мұнда күшегірі майармашылықтар бар
1859,Орта ғасырлардың соңына қарай Батыс Еуропа өз стилін дамыта бастады. Бұл уақыттағы кірескерлердің нәтижесіндегі ең үлкен дамуларының бірі болып адамдардың киімін жабу үшін түймелерді пайдалануы табылады.,орта ғасырлардың соңына қарай батыс-европа өз стилін дамыта бастады бұл уақыттағы кіріскерлердің нәтижесіндегі ең үлкен дамуларының бірі болып адамдардың киімін жабу үшін түймелерді пайдалануы табылады,орта ғасырлардың соңына қарай батыс еуропа өз стилін дамыта бастады бұл уақыттағы кірескерлердің нәтижесіндегі ең үлкен дамуларының бірі болып адамдардың киімін жабу үшін түймелерді пайдалануы табылады,орта ғасырлардың соңына қарай батыс европа өз стилін дамыта бастады бұл уақыттағы кіріскерлердің нәтижесіндегі ең үлкен дамуларының бірі болып адамдардың киімін жабу үшін түймелерді пайдалануы табылады
1700,"Күңгірт жерлердің асты жұқа, ал жарық жерлердің асты қалың тау жынысынан тұрады.","Күңгір жерлердің асты жықа, ал жағырық жерлердің асты қалың тау жынысынан тұрады.",күңгірт жерлердің асты жұқа ал жарық жерлердің асты қалың тау жынысынан тұрады,күңгір жерлердің асты жықа ал жағырық жерлердің асты қалың тау жынысынан тұрады
1684,Апиа - Самоаның астанасы. Бұл қала Уполу аралында орналасқан және оның халқы 40 000-нан сәл төмен.,абия самуаның астанасы бұл қала уп-олу аралында орналасқан және оның халқы қырық мыңның сәл төмен,апиа самоаның астанасы бұл қала уполу аралында орналасқан және оның халқы 40 000 нан сәл төмен,абия самуаның астанасы бұл қала уп олу аралында орналасқан және оның халқы қырық мыңның сәл төмен
1937,"Дегенмен, бұл жоспарлар бір түнде дерлік ескіріп кетті. Кеңес Одағының қызыл әскернің 800 000 сарбазы келіп, Ригадағы бейбітшілік туралы келісімді, кеңес-поляк агрессия жасамау туралы пактісін және басқа халықаралық (екі жақты және көп жақты) келісімдерді бұза отырып Польшаның шығыс аймақтарына басып кіргеннен кейін Беларус және Украина фронттарын жасады.",дегенмен бұл жоспарлар бір түнде дерлік ескіріп кетті кеңес одағының қызыл әскерінің сегіз жүз мың сарбазы келіп ригадағы бейбітшілік туралы келісімді кеңес-поляк агрессия жасамау туралы пактісін және басқа халықаралық екінжақты және көпжақты келісімдерді бұза отырып польшаның шығыс аймақтарына басып кіргенінен кейін беларусь және украина фронттарын жасады,дегенмен бұл жоспарлар бір түнде дерлік ескіріп кетті кеңес одағының қызыл әскернің 800 000 сарбазы келіп ригадағы бейбітшілік туралы келісімді кеңес поляк агрессия жасамау туралы пактісін және басқа халықаралық екі жақты және көп жақты келісімдерді бұза отырып польшаның шығыс аймақтарына басып кіргеннен кейін беларус және украина фронттарын жасады,дегенмен бұл жоспарлар бір түнде дерлік ескіріп кетті кеңес одағының қызыл әскерінің сегіз жүз мың сарбазы келіп ригадағы бейбітшілік туралы келісімді кеңес поляк агрессия жасамау туралы пактісін және басқа халықаралық екінжақты және көпжақты келісімдерді бұза отырып польшаның шығыс аймақтарына басып кіргенінен кейін беларусь және украина фронттарын жасады
1776,"Бір түн ішінде 150-ден 200-ге дейін көшірмелер жасалып, олар қазір «Dunlap broadsides» ретінде белгілі.",бір түн ішінде жүзелуден екі жүзге дейін көшірмелер жасалып ол қазір дунлап броудсайдс ретінде белгілі,бір түн ішінде 150 ден 200 ге дейін көшірмелер жасалып олар қазір dunlap broadsides ретінде белгілі,бір түн ішінде жүзелуден екі жүзге дейін көшірмелер жасалып ол қазір дунлап броудсайдс ретінде белгілі
2005,Бірақ құстарда динозаврдікіне ұқсайтын көп нәрселер әлі де бар.,бірақ құстарды динозаврды кіне ұқсайтын көп нәрселерді әлі де бар,бірақ құстарда динозаврдікіне ұқсайтын көп нәрселер әлі де бар,бірақ құстарды динозаврды кіне ұқсайтын көп нәрселерді әлі де бар
2001,"Саяхаттаушыларға өз аумағына әсер ететін ауыр ауа райының кез келген қаупі туралы хабардар болу туралы кеңес беріледі, өйткені олар барлық саяхаттау туралы жоспарларға әсер етуі мүмкін.",саяхаттаушыларға өз аумағына әсер ететін ауыр-ауар айының кез келген қауіп туралы хабардар болу туралы кеңес беріледі өткені олар барлық саяхаттау туралы жоспарларға әсер етуі мүмкін,саяхаттаушыларға өз аумағына әсер ететін ауыр ауа райының кез келген қаупі туралы хабардар болу туралы кеңес беріледі өйткені олар барлық саяхаттау туралы жоспарларға әсер етуі мүмкін,саяхаттаушыларға өз аумағына әсер ететін ауыр ауар айының кез келген қауіп туралы хабардар болу туралы кеңес беріледі өткені олар барлық саяхаттау туралы жоспарларға әсер етуі мүмкін
1666,"Сондай-ақ өзіңіздікінен басқа үкіметтерден кеңес алғыңыз келуі мүмкін, бірақ олардың кеңесі өз азаматтарына арналған.",сондай-ақ өзіңіздікінен ласқа үкіметтерден кеңес алғыңыз келуі мүмкін бірақ олардың кеңесі өз азаматтарына арналған,сондай ақ өзіңіздікінен басқа үкіметтерден кеңес алғыңыз келуі мүмкін бірақ олардың кеңесі өз азаматтарына арналған,сондай ақ өзіңіздікінен ласқа үкіметтерден кеңес алғыңыз келуі мүмкін бірақ олардың кеңесі өз азаматтарына арналған
1769,Мысырлықтар б.д.д. үшінші ғасырда соққан Ұлы Пирамида қайтыс болған перғауынның құрметіне соғылған көп үлкен пирамида құрылымдарының біреуі еді.,мысырлықтар біздің заманымызға дейінгі үшінші ғасырда соққан ұлы пирамида қайтыс болған перғалының құрметіне сауалған көп үлкен пирамида құрылымдарының біреу еді,мысырлықтар б д д үшінші ғасырда соққан ұлы пирамида қайтыс болған перғауынның құрметіне соғылған көп үлкен пирамида құрылымдарының біреуі еді,мысырлықтар біздің заманымызға дейінгі үшінші ғасырда соққан ұлы пирамида қайтыс болған перғалының құрметіне сауалған көп үлкен пирамида құрылымдарының біреу еді
