id,ref,hyp,ref_norm,hyp_norm
1819,"В древнем Китае использовали уникальный способ обозначения периодов времени; каждый этап Китая или каждая семья, находившаяся у власти, были особой династией.","В древнем Китае использовали уникальный способ обозначения передав времени. Каждый этап Китая, или каждая семья, находившаяся у власти, были особо династий.",в древнем китае использовали уникальный способ обозначения периодов времени каждый этап китая или каждая семья находившаяся у власти были особой династией,в древнем китае использовали уникальный способ обозначения передав времени каждый этап китая или каждая семья находившаяся у власти были особо династий
1781,"Мадагаскар намного больше других и  является самобытным континентом в том, что касается дикой природы.","Модогаскар на много больше других и является самобытным континентом в том, что касается дикой природы.",мадагаскар намного больше других и является самобытным континентом в том что касается дикой природы,модогаскар на много больше других и является самобытным континентом в том что касается дикой природы
1926,"Во всех научных вопросах, включая психологию, были приняты взгляды Аристотеля.","Во всех научных вопросах, включая психология, были приняты взгляды арестователя.",во всех научных вопросах включая психологию были приняты взгляды аристотеля,во всех научных вопросах включая психология были приняты взгляды арестователя
1917,"В различных местах Рима были установлены большие телевизионные экраны, с помощью которых люди могли наблюдать за церемонией.","В различных местах Рима были установлены большие телевизионные экраны, с помощью которых люди могли наблюдать за церемоний.",в различных местах рима были установлены большие телевизионные экраны с помощью которых люди могли наблюдать за церемонией,в различных местах рима были установлены большие телевизионные экраны с помощью которых люди могли наблюдать за церемоний
1751,"Причиной дебатов стали разногласия относительно затрат на оказание материальной поддержки и восстановление зданий после урагана Катрина, который некоторые фискальные консерваторы в шутку назвали ""новоорлеанской сделкой Буша"".","Причиной дебаты встали разногласия относительно затрат на оказания материальной поддержки и восстановления зданий после урагана Катрина, которые некоторые фискальные консерваторы в шутку назвали наварлендской сделкой буши.",причиной дебатов стали разногласия относительно затрат на оказание материальной поддержки и восстановление зданий после урагана катрина который некоторые фискальные консерваторы в шутку назвали новоорлеанской сделкой буша,причиной дебаты встали разногласия относительно затрат на оказания материальной поддержки и восстановления зданий после урагана катрина которые некоторые фискальные консерваторы в шутку назвали наварлендской сделкой буши
1704,"В 1990 году он был добавлен в список всемирного наследия, находящегося под угрозой из-за опасности со стороны песков пустыни.","В 1990 году он был добавлен в список всемирного наследия, находящегося под уроза из-за опасностей со стороны песков пустыни.",в 1990 году он был добавлен в список всемирного наследия находящегося под угрозой из за опасности со стороны песков пустыни,в 1990 году он был добавлен в список всемирного наследия находящегося под уроза из за опасностей со стороны песков пустыни
1692,"Согласно ядерному управлению Японии, на заводе были обнаружены радиоактивный цезий и йод.","Согласно ядерному управлению Японии, на заводе были обнаружены радиоактивные цези ИЁд.",согласно ядерному управлению японии на заводе были обнаружены радиоактивный цезий и йод,согласно ядерному управлению японии на заводе были обнаружены радиоактивные цези иед
1852,"Надлежащее использование блогов может дать учащимся возможность стать более аналитичными и критичными. Путём активного отклика на интернет-материалы учащиеся могут определять свою позицию в контексте чужих работ, а также излагать свои собственные взгляды на конкретные вопросы (Оравек, 2002).","Надлежащие использования блогов может дать учащимся возможность стать более аналитичными и критичными. Путем активного отклика на интернет материал и учащиеся могут определять свою позицию в контексте чужих работ, а также излогатив свои собственные взгляды на конкретные вопросы. Аравик 2002",надлежащее использование блогов может дать учащимся возможность стать более аналитичными и критичными путем активного отклика на интернет материалы учащиеся могут определять свою позицию в контексте чужих работ а также излагать свои собственные взгляды на конкретные вопросы оравек 2002,надлежащие использования блогов может дать учащимся возможность стать более аналитичными и критичными путем активного отклика на интернет материал и учащиеся могут определять свою позицию в контексте чужих работ а также излогатив свои собственные взгляды на конкретные вопросы аравик 2002
1757,"Только мутации в клетках зародышевой линии могут передаваться далее детям, в то время как мутации где-то ещё могут привести к гибели клеток или раку.","Только мутаций в клетках зародышевой линии могут передаваться далее детям, в то время как мутация где-то еще могут привести гибли клеток или раку.",только мутации в клетках зародышевой линии могут передаваться далее детям в то время как мутации где то еще могут привести к гибели клеток или раку,только мутаций в клетках зародышевой линии могут передаваться далее детям в то время как мутация где то еще могут привести гибли клеток или раку
1791,"Не оскверняйте это место, нанося или выцарапывая граффити на объекты вокруг.",Не осквернять это место нася или в царапивай граффити на объекты вокруг.,не оскверняйте это место нанося или выцарапывая граффити на объекты вокруг,не осквернять это место нася или в царапивай граффити на объекты вокруг
1903,"Когда все доступные ресурсы эффективно используются во всех функциональных подразделениях организации, то могут проявиться креативность и изобретательность.","Когда все доступные ресурсы эффективно используются во всех функционалях подразделениях организаций, то могут появиться креативность и изобретательность.",когда все доступные ресурсы эффективно используются во всех функциональных подразделениях организации то могут проявиться креативность и изобретательность,когда все доступные ресурсы эффективно используются во всех функционалях подразделениях организаций то могут появиться креативность и изобретательность
1725,"Серия ASUS Eee PC, ранее представленная во всём мире с ориентацией на такие факторы, как экономия средств и функциональность, стала горячей темой во время месяца информационных технологий в Тайбэе в 2007 году.","Серия ASUS и PC, ранее представленная во всём мире с ориентацией на такие факторы, как экономия средств и функциональность, стала горячей темой во время месяца информационных технологий в Тайбе в 2007 году.",серия asus eee pc ранее представленная во всем мире с ориентацией на такие факторы как экономия средств и функциональность стала горячей темой во время месяца информационных технологий в тайбэе в 2007 году,серия asus и pc ранее представленная во всем мире с ориентацией на такие факторы как экономия средств и функциональность стала горячей темой во время месяца информационных технологий в тайбе в 2007 году
1762,"Переносчиками являются свиньи, от которых через комаров болезнь затем передаётся человеку.","Переносчиками являются свини, от которых через комырок болезть затем передается человеку.",переносчиками являются свиньи от которых через комаров болезнь затем передается человеку,переносчиками являются свини от которых через комырок болезть затем передается человеку
1668,"Также может быть выгодно купить Wild Card, которая позволяет посещать национальные парки ЮАР либо выборочно, либо все.","Также может быть выгодно купить Уилткарт, которая позволяет посещать национальные парки ЮАР, либо выброшенны, либо все.",также может быть выгодно купить wild card которая позволяет посещать национальные парки юар либо выборочно либо все,также может быть выгодно купить уилткарт которая позволяет посещать национальные парки юар либо выброшенны либо все
1757,"Только мутации в клетках зародышевой линии могут передаваться далее детям, в то время как мутации где-то ещё могут привести к гибели клеток или раку.","Только мутаций в клетках зародышевой линии могут передаваться далее детям, в то время к мутациям где-то еще могут привести гиблеклеток и лираку.",только мутации в клетках зародышевой линии могут передаваться далее детям в то время как мутации где то еще могут привести к гибели клеток или раку,только мутаций в клетках зародышевой линии могут передаваться далее детям в то время к мутациям где то еще могут привести гиблеклеток и лираку
1780,"Энергия кундалини (энергия просветления) в кундалини-йоге пробуждается через позы йоги, дыхательные упражнения, мантры и визуализации.","Энергия Кундалини — энергия просвитления. В Кундалинии Йоги пробуждается через позы Йоги — дыхательные упражнения, мантры и визуализации.",энергия кундалини энергия просветления в кундалини йоге пробуждается через позы йоги дыхательные упражнения мантры и визуализации,энергия кундалини энергия просвитления в кундалинии йоги пробуждается через позы йоги дыхательные упражнения мантры и визуализации
1822,"Султан Марокко перестроил город под названием Эд-Дар-эль-Бейда, а испанские торговцы, создавшие тут торговые базы, назвали его Касабланка.","Султан Морокко перестроил город под названием Эддар Эльбейда, а испанские торговцы, создавшие тут торговый база, назвали его Кособланка.",султан марокко перестроил город под названием эд дар эль бейда а испанские торговцы создавшие тут торговые базы назвали его касабланка,султан морокко перестроил город под названием эддар эльбейда а испанские торговцы создавшие тут торговый база назвали его кособланка
1763,"Так же, как Луна притягивает Землю, при этом вызывая приливы, так и Млечный Путь воздействует на галактику в Стрельце.","Та же, как луна притягивает землю, притем, вызывая приливы, так и млечный путь воздействует на галактику — стрельце.",так же как луна притягивает землю при этом вызывая приливы так и млечный путь воздействует на галактику в стрельце,та же как луна притягивает землю притем вызывая приливы так и млечный путь воздействует на галактику стрельце
1884,"В частности, утверждается, что можно определить, лжет ли человек, при помощи правильной интерпретации его микровыражений.","В частности, уктуржидается, что можно определить, лжет ли человек при помощи правильной интерпретацией его микроворажений.",в частности утверждается что можно определить лжет ли человек при помощи правильной интерпретации его микровыражений,в частности уктуржидается что можно определить лжет ли человек при помощи правильной интерпретацией его микроворажений
1722,53-летний Куомо начал свою деятельность на посту губернатора в начале этого года и подписал законопроект о легализации однополых браков в прошлом месяце.,53-летний Кома начал свою деятельность на посту губернатора в начале этого года и подписал законопроекты о легализации однополых браков в прошлом месяце.,53 летний куомо начал свою деятельность на посту губернатора в начале этого года и подписал законопроект о легализации однополых браков в прошлом месяце,53 летний кома начал свою деятельность на посту губернатора в начале этого года и подписал законопроекты о легализации однополых браков в прошлом месяце
1768,"Большинство зданий по краям комплекса было перестроено, чтобы дать туристам более точное представление о том, как они выглядели изначально.","Большинство зданий по краям комплекса было перестроено, чтобы дать туристам более точное представление о том, как они выгодили изначально.",большинство зданий по краям комплекса было перестроено чтобы дать туристам более точное представление о том как они выглядели изначально,большинство зданий по краям комплекса было перестроено чтобы дать туристам более точное представление о том как они выгодили изначально
1891,Лаккха Сингх исполнил чхаппан бхог бхаджан.  Певец Раджу Кханделвал пел вместе с ним.,Лакхасинк исполнил Чхаппанпхоп Пхаджан бивец Раджу. Ханделвал пел вместе с ним.,лаккха сингх исполнил чхаппан бхог бхаджан певец раджу кханделвал пел вместе с ним,лакхасинк исполнил чхаппанпхоп пхаджан бивец раджу ханделвал пел вместе с ним
1962,Показатель pH определяется степенью насыщенности ионами водорода (H в pH) исследуемого химического соединения.,"Показатель пиаш определяется степенью насыщенности ионами водорода аж пиаш, исследуемого химического соединения.",показатель ph определяется степенью насыщенности ионами водорода h в ph исследуемого химического соединения,показатель пиаш определяется степенью насыщенности ионами водорода аж пиаш исследуемого химического соединения
1861,"В результате актёры курят косяки с марихуаной на сцене, и сам театр поощряет публику присоединиться.","В результате актеры курят костики смарихуаны на сцене, и сам театр поширяет публику присоединиться.",в результате актеры курят косяки с марихуаной на сцене и сам театр поощряет публику присоединиться,в результате актеры курят костики смарихуаны на сцене и сам театр поширяет публику присоединиться
1715,"Обычные объявления в метро делаются только на каталонском языке, но незапланированные перебои объявляются автоматизированной системой на самых разных языках, включая испанский, английский, французский, арабский и японский.","Убычные объявления в метро делаются только на каталонгском языке, но не за планированное перебой объявляется автоматизированной системой на самых разных языках, включая испанский, англинский, французский, арабский и японский.",обычные объявления в метро делаются только на каталонском языке но незапланированные перебои объявляются автоматизированной системой на самых разных языках включая испанский английский французский арабский и японский,убычные объявления в метро делаются только на каталонгском языке но не за планированное перебой объявляется автоматизированной системой на самых разных языках включая испанский англинский французский арабский и японский
1882,"Учёные надеются понять, как образуются планеты, особенно то, как образовалась Земля, поскольку кометы сталкивались  с Землёй очень давно.","Ученые надеются понять, как образуются планета, особенно то, как образовалась Земля, поскольку коммиты сталкивались с Землей очень давно.",ученые надеются понять как образуются планеты особенно то как образовалась земля поскольку кометы сталкивались с землей очень давно,ученые надеются понять как образуются планета особенно то как образовалась земля поскольку коммиты сталкивались с землей очень давно
1885,Между 10:00 и 11:00 вечера по горному времени заключенные устроили пожар во дворе.,"Между десятью и одиночеустое вечер, по гоному времени, заключенные устрали по жар во дворе.",между 10 00 и 11 00 вечера по горному времени заключенные устроили пожар во дворе,между десятью и одиночеустое вечер по гоному времени заключенные устрали по жар во дворе
1729,"Например, ежегодно учащиеся школы Беннет в Северной Каролине создают сайт о своём посещении столицы штата, и каждый год этот сайт обновляется, но доступ к старым версиям по-прежнему сохраняется — они служат памятным альбомом.","Например, ежегодно учащиеся школы Бенет в Северном королине создают сайт о своем посещении столицы штата, и каждый год этот сайт обновляется, но доступ к старым версиям по-прежнему сохраняются, а не служат памятным альбомам.",например ежегодно учащиеся школы беннет в северной каролине создают сайт о своем посещении столицы штата и каждый год этот сайт обновляется но доступ к старым версиям по прежнему сохраняется они служат памятным альбомом,например ежегодно учащиеся школы бенет в северном королине создают сайт о своем посещении столицы штата и каждый год этот сайт обновляется но доступ к старым версиям по прежнему сохраняются а не служат памятным альбомам
1663,Долина Кочамо – главное направление в Чили для альпинизма. Она известна как Йосмит Южной Америки и имеет большое количество больших гранитных стен и скал.,Даринокачама — главное направление в Чили для альбинизма. Она известна как Йосмид Южная Америки и имеет большое количество больших гранитных стен искал.,долина кочамо главное направление в чили для альпинизма она известна как йосмит южной америки и имеет большое количество больших гранитных стен и скал,даринокачама главное направление в чили для альбинизма она известна как йосмид южная америки и имеет большое количество больших гранитных стен искал
1795,"Начиная с 1988 года урны для избирательных бюллетеней должны быть прозрачными, чтобы избиратели и наблюдатели могли убедиться в том, что в начале голосования внутри нет конвертов и что к ним не добавлены какие-либо другие конверты, кроме конвертов тех людей, которых допустили к участию в голосовании и голоса которых подсчитали надлежащим образом.","Сначала, 1988-го, урны для избирательных билетений должны быть прозрачными, чтобы избиратели и наблюдатели могли убедиться в том, что в начале голосования внутри нет конвертов и что к ним не добавлены какие-либо другие конверты, кроме конвертов тех людей, которых допустили участиев в голосовании и голоса, которых подсчитали",начиная с 1988 года урны для избирательных бюллетеней должны быть прозрачными чтобы избиратели и наблюдатели могли убедиться в том что в начале голосования внутри нет конвертов и что к ним не добавлены какие либо другие конверты кроме конвертов тех людей которых допустили к участию в голосовании и голоса которых подсчитали надлежащим образом,сначала 1988 го урны для избирательных билетений должны быть прозрачными чтобы избиратели и наблюдатели могли убедиться в том что в начале голосования внутри нет конвертов и что к ним не добавлены какие либо другие конверты кроме конвертов тех людей которых допустили участиев в голосовании и голоса которых подсчитали
1943,"Чем ниже напряжение, тем более позитивна присутствующая в вас жизненная сила. Каждому человеку потенциально дано обрести абсолютные покой и чувство удовлетворения.","Чем ни же напряжения, тем более позитивно присутствующая вас жизненная сила. Каждому человеку потенциально дано обрести абсолютный покой и чувство удовлетворения.",чем ниже напряжение тем более позитивна присутствующая в вас жизненная сила каждому человеку потенциально дано обрести абсолютные покой и чувство удовлетворения,чем ни же напряжения тем более позитивно присутствующая вас жизненная сила каждому человеку потенциально дано обрести абсолютный покой и чувство удовлетворения
1836,"Людям с античных времен были известны основные химические элементы, такие как золото, серебро и медь, поскольку их все можно встретить в природе в чистом виде и относительно легко добывать с помощью примитивных орудий.","Людям сантечных времен были известны основные химические элементы, такие как золото, серебро и медь, поскольку их все можно встретить в природе в чистом виде и относительно легко добыть с помощью примитивных орудий.",людям с античных времен были известны основные химические элементы такие как золото серебро и медь поскольку их все можно встретить в природе в чистом виде и относительно легко добывать с помощью примитивных орудий,людям сантечных времен были известны основные химические элементы такие как золото серебро и медь поскольку их все можно встретить в природе в чистом виде и относительно легко добыть с помощью примитивных орудий
1776,"За ночь было изготовлено 150–200 копий, теперь известных как ""листовки Данлэпа"".","За ныжей был изготовлен 150-200 копий, теперь известных как «листовки дам лапа».",за ночь было изготовлено 150 200 копий теперь известных как листовки данлэпа,за ныжей был изготовлен 150 200 копий теперь известных как листовки дам лапа
1698,"Все во вселенной состоит из материи. Вся материя состоит из мельчайших частиц, называемых атомами.","Все во вселенной состоит из материи. Вся материя состоит из мельчайших частиц, называемых атомами.",все во вселенной состоит из материи вся материя состоит из мельчайших частиц называемых атомами,все во вселенной состоит из материи вся материя состоит из мельчайших частиц называемых атомами
1769,"Великая пирамида была возведена египтянами в третьем веке до нашей эры и является одним из множества больших пирамидальных сооружений, построенных, чтобы почтить память фараона.","Великая пирамида была возведена египтанами в 3 веке до нашей Иры, и является одним из множества больших пирамидальных сооружений, построенных, чтобы почтить память фараоны.",великая пирамида была возведена египтянами в третьем веке до нашей эры и является одним из множества больших пирамидальных сооружений построенных чтобы почтить память фараона,великая пирамида была возведена египтанами в 3 веке до нашей иры и является одним из множества больших пирамидальных сооружений построенных чтобы почтить память фараоны
1863,"Сердцем тибетской медитации считается Йога Божеств. Посредством визуализации разнообразных божеств чистятся энергетические каналы, запускаются чакры и достигается просветлённость сознания.","Сердцем тибетской медитацией считается йога божест. По средствам визуализаций разнообразанных божестчисты чистятся энергетические каналы, запускаются чакры и достигаются просведеноны сознания.",сердцем тибетской медитации считается йога божеств посредством визуализации разнообразных божеств чистятся энергетические каналы запускаются чакры и достигается просветленность сознания,сердцем тибетской медитацией считается йога божест по средствам визуализаций разнообразанных божестчисты чистятся энергетические каналы запускаются чакры и достигаются просведеноны сознания
1809,"Шпалы начали применяться довольно давно для того, чтобы удерживать рельсы на месте. Однако впоследствии стало ясно, что пути были более эффективны при полосе из железа сверху.","Шпалы начали применяться довольно давно, для того, чтобы удерживаться рельсы на месте, однако впоследствии стало ясно, что пути были более эффективны при полосе из железа сверху.",шпалы начали применяться довольно давно для того чтобы удерживать рельсы на месте однако впоследствии стало ясно что пути были более эффективны при полосе из железа сверху,шпалы начали применяться довольно давно для того чтобы удерживаться рельсы на месте однако впоследствии стало ясно что пути были более эффективны при полосе из железа сверху
1781,"Мадагаскар намного больше других и  является самобытным континентом в том, что касается дикой природы.","Мадагаскар на много больше других является самобытным континентом в том, что касается дикой природы.",мадагаскар намного больше других и является самобытным континентом в том что касается дикой природы,мадагаскар на много больше других является самобытным континентом в том что касается дикой природы
1825,"Если вы хотите находиться рядом со сценой, вам нужно приехать заранее, чтобы найти место для кемпинга вблизи от музыки.","Если вы хотите находиться рядом со сценой, вам нужно приехать заранее, чтобы найти место для кемпинга вблизи от музыки.",если вы хотите находиться рядом со сценой вам нужно приехать заранее чтобы найти место для кемпинга вблизи от музыки,если вы хотите находиться рядом со сценой вам нужно приехать заранее чтобы найти место для кемпинга вблизи от музыки
1855,"Львиные прайды ведут себя очень похоже со стаями волков или собак — животных, которые по повадкам удивительно похожи на львов (но не других крупных кошек) и тоже очень опасны для своих жертв.","Львиные прайды ведут себя очень похоже на волков или собак, животных, которые по повадкам удивительно похожи на львов, но не других крупных кошек и тоже очень опасны для своих жертв.",львиные прайды ведут себя очень похоже со стаями волков или собак животных которые по повадкам удивительно похожи на львов но не других крупных кошек и тоже очень опасны для своих жертв,львиные прайды ведут себя очень похоже на волков или собак животных которые по повадкам удивительно похожи на львов но не других крупных кошек и тоже очень опасны для своих жертв
1806,"Поскольку световое загрязнение в период их расцвета не было такой проблемой, как сегодня, они обычно расположены в городах или в кампусах, до которых легче добраться, чем до тех, которые построены в наше время.","Поскольку световое загрязнение в период их расцвета не было такой проблемой, как сегодня, они обычно расположены в городах или в компусах, до которых легче добраться, чем до тех, которые построены в наше время.",поскольку световое загрязнение в период их расцвета не было такой проблемой как сегодня они обычно расположены в городах или в кампусах до которых легче добраться чем до тех которые построены в наше время,поскольку световое загрязнение в период их расцвета не было такой проблемой как сегодня они обычно расположены в городах или в компусах до которых легче добраться чем до тех которые построены в наше время
1697,"Он не смог принять препараты, необходимые для облегчения боли, так как они запрещены в Играх.","Он не смог принять препараты необходимы для облегчения боли, так как они запрещены в играх.",он не смог принять препараты необходимые для облегчения боли так как они запрещены в играх,он не смог принять препараты необходимы для облегчения боли так как они запрещены в играх
1964,"25 листовок Данлэпа, известные на настоящее время, являются старейшими выжившими копиями документа. Оригинальная рукописная копия не дошла до нас.","Двадцатьпять листовых «Данлаппа» — известней на настоящее время, — являются старейшими выжившими копиями документа. Оригинальная рукописная копия не дошла до нас.",25 листовок данлэпа известные на настоящее время являются старейшими выжившими копиями документа оригинальная рукописная копия не дошла до нас,двадцатьпять листовых данлаппа известней на настоящее время являются старейшими выжившими копиями документа оригинальная рукописная копия не дошла до нас
1900,"Ее очень нелегко обнаружить даже тому, кто знает о ее существовании. В пещере человек оказывается в полной изоляции.","Ее очень нелегко обнаружить даже тому, кто знает о ее существовании, в пешере человек оказывается в полной изоляции.",ее очень нелегко обнаружить даже тому кто знает о ее существовании в пещере человек оказывается в полной изоляции,ее очень нелегко обнаружить даже тому кто знает о ее существовании в пешере человек оказывается в полной изоляции
1822,"Султан Марокко перестроил город под названием Эд-Дар-эль-Бейда, а испанские торговцы, создавшие тут торговые базы, назвали его Касабланка.","Султан Марокко перестроил город под названием Этдар Эльпейта, а испанские торговцы, создавшие тут торговые базы, назвали его Кособланка.",султан марокко перестроил город под названием эд дар эль бейда а испанские торговцы создавшие тут торговые базы назвали его касабланка,султан марокко перестроил город под названием этдар эльпейта а испанские торговцы создавшие тут торговые базы назвали его кособланка
1864,"Г-жа Киршнер объявила о своём намерении баллотироваться на пост президента в Аргентинском театре, в том же месте, где она начала свою предвыборную кампанию в Сенат в 2005 году в качестве члена делегации провинции Буэнос-Айрес.","Госпажа Киршнер объявил о своем намерении баллотироваться на пост президента в аргентинском театре, в том же месте, где она начала свою предвыборную компания «Всенателль» в 2005-м году в качестве члены делегаций провинций Буэнс Айрес.",г жа киршнер объявила о своем намерении баллотироваться на пост президента в аргентинском театре в том же месте где она начала свою предвыборную кампанию в сенат в 2005 году в качестве члена делегации провинции буэнос айрес,госпажа киршнер объявил о своем намерении баллотироваться на пост президента в аргентинском театре в том же месте где она начала свою предвыборную компания всенателль в 2005 м году в качестве члены делегаций провинций буэнс айрес
1794,"Цивилизация — это отдельная культура, носителями которой является достаточно большая группа людей, живущих и работающих вместе, общество.","Цивилизация — это отдельная культура носителями, которая является достаточно большая группа людей, живущих и работающих вместе.",цивилизация это отдельная культура носителями которой является достаточно большая группа людей живущих и работающих вместе общество,цивилизация это отдельная культура носителями которая является достаточно большая группа людей живущих и работающих вместе
1865,Круизы в Санкт-Петербург включают прогулки по городу. Пассажиры круизов освобождены от визовых требований (уточните условия).,Куризы в Санкт-Петербург включают прогулки по городам. Пассажиры куризов освобождены от визовых требований. Уточнете условия.,круизы в санкт петербург включают прогулки по городу пассажиры круизов освобождены от визовых требований уточните условия,куризы в санкт петербург включают прогулки по городам пассажиры куризов освобождены от визовых требований уточнете условия
1836,"Людям с античных времен были известны основные химические элементы, такие как золото, серебро и медь, поскольку их все можно встретить в природе в чистом виде и относительно легко добывать с помощью примитивных орудий.","Людям санчечных времен был известны основный химический элемент, так как золото серебро имеет, поскольку их все можно встретить в природе в чистом виде и относительно легко добыть с помощью примитивных орудий.",людям с античных времен были известны основные химические элементы такие как золото серебро и медь поскольку их все можно встретить в природе в чистом виде и относительно легко добывать с помощью примитивных орудий,людям санчечных времен был известны основный химический элемент так как золото серебро имеет поскольку их все можно встретить в природе в чистом виде и относительно легко добыть с помощью примитивных орудий
1840,"Подобные площадки, которые посетило большое количество людей, были организованы во многих других городах Италии и в остальном мире, в частности в Польше.","Подобные площадки, которые посетило большое количество людей, были организованы во многих других городах Италии и в остальном мире, в частности, в Польше.",подобные площадки которые посетило большое количество людей были организованы во многих других городах италии и в остальном мире в частности в польше,подобные площадки которые посетило большое количество людей были организованы во многих других городах италии и в остальном мире в частности в польше
1687,Сегрегация и рекомбинация с каждым поколением тасуют вариации между двумя пулами.,Сегреграция и рекомбинация с каждым поколением тасует вариаций между двумя полыми.,сегрегация и рекомбинация с каждым поколением тасуют вариации между двумя пулами,сегреграция и рекомбинация с каждым поколением тасует вариаций между двумя полыми
1714,"Спутник был доставлен в космос ракетой. Ученые используют телескопы в космосе, потому что атмосфера Земли в некоторой степени искажает наш свет и обзор.","«Спутник был доставлен в космос ракеты. Ученые используют телескопы в космосе, потому что атмосфера земли в некоторой степени искажает наш свет и обзор».",спутник был доставлен в космос ракетой ученые используют телескопы в космосе потому что атмосфера земли в некоторой степени искажает наш свет и обзор,спутник был доставлен в космос ракеты ученые используют телескопы в космосе потому что атмосфера земли в некоторой степени искажает наш свет и обзор
2003,"Чтобыу видеть самые живописные места Гонконга, следует покинуть остров и направиться на побережье полуострова Цзюлун, что находится напротив.","Чтобы увидеть самый живописный места Гонконга, следуя покинуть остров и направиться на побережье полуострово Целун, что находится напротив.",чтобыу видеть самые живописные места гонконга следует покинуть остров и направиться на побережье полуострова цзюлун что находится напротив,чтобы увидеть самый живописный места гонконга следуя покинуть остров и направиться на побережье полуострово целун что находится напротив
1710,"На прошлой недели Министерство экономики, труда и промышленности объявило, что Apple  проинформировала его о 34 дополнительных случаях перегрева, которые компания назвала ""несерьёзными"".","На прошлой неделе Министрство экономики, трудай про мышленности, объявили, что Apple проинформировала его от 34-х дополнительных случаях перегрева, которые компания назвала несерьезными.",на прошлой недели министерство экономики труда и промышленности объявило что apple проинформировала его о 34 дополнительных случаях перегрева которые компания назвала несерьезными,на прошлой неделе министрство экономики трудай про мышленности объявили что apple проинформировала его от 34 х дополнительных случаях перегрева которые компания назвала несерьезными
1800,"Согласно плану мост полностью войдёт в эксплуатацию  в сентябре 2017 года, когда бразильские пункты таможенной проверки, как ожидается, будут завершены.","Согласно плану, мост полностью уйдет в эксплуатацию сентября 2017-го, когда бразильские пункты таможенной проверки, как ожидается, будут завершены.",согласно плану мост полностью войдет в эксплуатацию в сентябре 2017 года когда бразильские пункты таможенной проверки как ожидается будут завершены,согласно плану мост полностью уйдет в эксплуатацию сентября 2017 го когда бразильские пункты таможенной проверки как ожидается будут завершены
1778,"В репортажах по телевидению сообщается  о белом дыме, идущем от завода.",В репортажах по телевизору сообщается о белом дыме идущем от завода.,в репортажах по телевидению сообщается о белом дыме идущем от завода,в репортажах по телевизору сообщается о белом дыме идущем от завода
1794,"Цивилизация — это отдельная культура, носителями которой является достаточно большая группа людей, живущих и работающих вместе, общество.","Цивилизация — это отдельная культура, носитлями которой является достаточно большая группа людей, живущих и работающих вместе — обществ.",цивилизация это отдельная культура носителями которой является достаточно большая группа людей живущих и работающих вместе общество,цивилизация это отдельная культура носитлями которой является достаточно большая группа людей живущих и работающих вместе обществ
1866,"Во-первых, большинство наездников носят сапоги для верховой езды с каблуком, имеющие гладкую и довольно тонкую подошву.","Во-первых, большинство наестников носят сапоги для верховой езды с кабалуком, имеющее гладкую и довольно тонкую подушву.",во первых большинство наездников носят сапоги для верховой езды с каблуком имеющие гладкую и довольно тонкую подошву,во первых большинство наестников носят сапоги для верховой езды с кабалуком имеющее гладкую и довольно тонкую подушву
1721,"После строительства плотины в 1963 году сезонные паводки, распространявшие по реке отложения, прекратились.","После стригельства полотены в 1963-м году сезонные паводки, распространявши парики отложения, прекратились.",после строительства плотины в 1963 году сезонные паводки распространявшие по реке отложения прекратились,после стригельства полотены в 1963 м году сезонные паводки распространявши парики отложения прекратились
1687,Сегрегация и рекомбинация с каждым поколением тасуют вариации между двумя пулами.,Сегреграция и рекомпинация с каждым поколением тасует вариаций между двумя полами.,сегрегация и рекомбинация с каждым поколением тасуют вариации между двумя пулами,сегреграция и рекомпинация с каждым поколением тасует вариаций между двумя полами
1953,В последствие он был перемещён в госпиталь Адденбрук в Кембридже.,Впоследствии он был перемешен в госпиталь Аденбрук в Кембридже.,в последствие он был перемещен в госпиталь адденбрук в кембридже,впоследствии он был перемешен в госпиталь аденбрук в кембридже
1748,В результате бригады пожарных потушили пожар к 23:35.,"В результате бригады пожарных потушили пожар к 23,35.",в результате бригады пожарных потушили пожар к 23 35,в результате бригады пожарных потушили пожар к 23 35
1762,"Переносчиками являются свиньи, от которых через комаров болезнь затем передаётся человеку.","Переносчиками являются свинь, от которых через комаров болезть, затем передаётся человеку.",переносчиками являются свиньи от которых через комаров болезнь затем передается человеку,переносчиками являются свинь от которых через комаров болезть затем передается человеку
1770,"Это кажется разумной идеей, потому что мы не чувствуем, что Земля движется, не так ли?","Это, кажется, разумный идей, потому что мы не чувствуем, что Земля движется не так ли?",это кажется разумной идеей потому что мы не чувствуем что земля движется не так ли,это кажется разумный идей потому что мы не чувствуем что земля движется не так ли
1966,"Комиссия стала ответом Мартелли на массовые протесты против государственного режима, начавшиеся в октябре.","Комиссия стала ответом Мартельина Массовый протест упросив Государственного режима, начавшись в Октябре.",комиссия стала ответом мартелли на массовые протесты против государственного режима начавшиеся в октябре,комиссия стала ответом мартельина массовый протест упросив государственного режима начавшись в октябре
1677,"Стрекозы и поденки являются единственными насекомыми, которые не могут складывать крылья назад.","Стрикозы и поденки являются единствиями насекомыми, которые не могут складывать крылья назад.",стрекозы и поденки являются единственными насекомыми которые не могут складывать крылья назад,стрикозы и поденки являются единствиями насекомыми которые не могут складывать крылья назад
1676,"Как и во всех южноафриканских национальных парках, в этом парке существует ежедневная плата за его охрану и посещение.","Как и во всех Южнофриканских национальных парках, в этом парке существует ежедневная плата заиваохрану и посещения.",как и во всех южноафриканских национальных парках в этом парке существует ежедневная плата за его охрану и посещение,как и во всех южнофриканских национальных парках в этом парке существует ежедневная плата заиваохрану и посещения
1736,Роландо Мендоса выстреливал из своей винтовки М16 в туристов.,Роланда Мендоса выстреливал из своей винтовки М16 в туристов.,роландо мендоса выстреливал из своей винтовки м16 в туристов,роланда мендоса выстреливал из своей винтовки м16 в туристов
1933,"И наконец, многие маленькие кошки (включая гуляющих домашних кошек), едят и охотятся на намного более многочисленных мелких животных, наподобие насекомых, грызунов, ящериц и птиц.","И, наконец, многие маленькие кошки, включая гуляющих домашних кошек, едят и охотятся на много более многочисленных мелких животных, на подобие насекомых грызунов, яшец и птиц.",и наконец многие маленькие кошки включая гуляющих домашних кошек едят и охотятся на намного более многочисленных мелких животных наподобие насекомых грызунов ящериц и птиц,и наконец многие маленькие кошки включая гуляющих домашних кошек едят и охотятся на много более многочисленных мелких животных на подобие насекомых грызунов яшец и птиц
1924,"Четыре лыжницы в женской сидячей группе не смогли завершить свои заезды, и 45 из 117 лыжниц в гигантском слаломе не сумели занять места в гонке.","Четыре лыжнице в женской сидячей группе не смогли завершить свои заезды, и 45 из 117 лыжниц в гигантском салалами не сумели занять места в гонке.",четыре лыжницы в женской сидячей группе не смогли завершить свои заезды и 45 из 117 лыжниц в гигантском слаломе не сумели занять места в гонке,четыре лыжнице в женской сидячей группе не смогли завершить свои заезды и 45 из 117 лыжниц в гигантском салалами не сумели занять места в гонке
1684,Апиа – столица Самоа. Город расположен на острове Уполу и имеет население чуть менее 40 000 жителей.,"Аппиа — столица самого города, расположен на астровье у полу, имеет население чуть менее 40 000 жителей.",апиа столица самоа город расположен на острове уполу и имеет население чуть менее 40 000 жителей,аппиа столица самого города расположен на астровье у полу имеет население чуть менее 40 000 жителей
2008,"Прочие вопросы в повестке дня на Бали включают в себя сохранение оставшихся в мире лесов и обмен технологиями, чтобы способствовать росту развивающихся стран с меньшими загрязняющими последствиями.","Брочи вопросы в повестке Дненяна боли, включая к себя сохранение оставшихся в мире лесов и обмен технологиями, чтобы способствовать рост развилающихся стран с меньшими загрессняюшими последствиями.",прочие вопросы в повестке дня на бали включают в себя сохранение оставшихся в мире лесов и обмен технологиями чтобы способствовать росту развивающихся стран с меньшими загрязняющими последствиями,брочи вопросы в повестке дненяна боли включая к себя сохранение оставшихся в мире лесов и обмен технологиями чтобы способствовать рост развилающихся стран с меньшими загрессняюшими последствиями
1807,"Итальянский язык также является повседневным языком для большинства людей, работающих в государстве, в то время как латынь зачастую используется в религиозных церемониях.","Итальянский язык также является повседневным языком для большинства людей, работающим в государстве, в то время как латын зачастую используется в религиозных церемониях.",итальянский язык также является повседневным языком для большинства людей работающих в государстве в то время как латынь зачастую используется в религиозных церемониях,итальянский язык также является повседневным языком для большинства людей работающим в государстве в то время как латын зачастую используется в религиозных церемониях
1844,Поверхность Луны состоит из камней и пыли. Внешний слой Луны называется корой.,Поверхность Луны состоит из камней и пыли. Внешний слой Луны называется Корой.,поверхность луны состоит из камней и пыли внешний слой луны называется корой,поверхность луны состоит из камней и пыли внешний слой луны называется корой
1834,Севернее посетите также великий Храм Фатимской Богоматери (усыпальница) — место всемирно известных явлений Девы Марии.,"Северниев посетите так же Великий Храм Фатимской Багоматери Усыпальница, место всемирно известных явлений Девы мори.",севернее посетите также великий храм фатимской богоматери усыпальница место всемирно известных явлений девы марии,северниев посетите так же великий храм фатимской багоматери усыпальница место всемирно известных явлений девы мори
1721,"После строительства плотины в 1963 году сезонные паводки, распространявшие по реке отложения, прекратились.","После строительства плотиней в 1963 году сезонные паводки, распространявшие парики отложения, прекратились.",после строительства плотины в 1963 году сезонные паводки распространявшие по реке отложения прекратились,после строительства плотиней в 1963 году сезонные паводки распространявшие парики отложения прекратились
1833,"Философ Аристотель считал, что всё состоит из смеси одного или нескольких из четырёх элементов. Это были земля, вода, воздух и огонь.","Философ Аристотель считал, что всё состоит из смеси одного или нескольких из четырёх элемент. Эта были земля, вода, воздух и огонь.",философ аристотель считал что все состоит из смеси одного или нескольких из четырех элементов это были земля вода воздух и огонь,философ аристотель считал что все состоит из смеси одного или нескольких из четырех элемент эта были земля вода воздух и огонь
1770,"Это кажется разумной идеей, потому что мы не чувствуем, что Земля движется, не так ли?","Это, кажется, разумноидеи, потому что мы не чувствуем, что Земля движется, не так ли?",это кажется разумной идеей потому что мы не чувствуем что земля движется не так ли,это кажется разумноидеи потому что мы не чувствуем что земля движется не так ли
1666,"Возможно, вам также следует проконсультироваться с другими правительствами, помимо своего, но их рекомендации направлены на своих граждан.","Возможно, вам также следует проконсультироваться с другими правительствами, помимо своего, но их рекомендация направлены на свой граждан.",возможно вам также следует проконсультироваться с другими правительствами помимо своего но их рекомендации направлены на своих граждан,возможно вам также следует проконсультироваться с другими правительствами помимо своего но их рекомендация направлены на свой граждан
1875,"Целые 20 процентов воды, поступаемой из рек нашей планеты в океаны, текут из Амазонки.","Целай 20% воды, поступаемый из реки, нашей планеты океаны текут из Амазонки.",целые 20 процентов воды поступаемой из рек нашей планеты в океаны текут из амазонки,целай 20 воды поступаемый из реки нашей планеты океаны текут из амазонки
1738,"Он также атаковал все, что входило в воду; даже гигантский динозавр, такой как тиранозавр, не сравнился бы с ним.","Он также атаковал всё, что входило в воду, даже гигантский динозавр, такой, как теранозавр, не сравнился бы с ним.",он также атаковал все что входило в воду даже гигантский динозавр такой как тиранозавр не сравнился бы с ним,он также атаковал все что входило в воду даже гигантский динозавр такой как теранозавр не сравнился бы с ним
1797,Каждый является членом общества и использует транспортные системы. Практически каждый жалуется на эти систем.,"Каждый является членом общества, используя транспортные системы. Практически каждый жалуется на эти системы.",каждый является членом общества и использует транспортные системы практически каждый жалуется на эти систем,каждый является членом общества используя транспортные системы практически каждый жалуется на эти системы
1782,"Кроме того между правлениями каждой династии царила раздробленность и нестабильность. Самой известной была эпоха Троецарствия, которая длилась 60 лет во время династий Хань и Цзинь.","Кроме того, между правленнями каждый династия царило раздробленность и нестабильность. Самая известная была эпоха троицарства, которая длилась 60 лет, во время династей Хань и Дзынь.",кроме того между правлениями каждой династии царила раздробленность и нестабильность самой известной была эпоха троецарствия которая длилась 60 лет во время династий хань и цзинь,кроме того между правленнями каждый династия царило раздробленность и нестабильность самая известная была эпоха троицарства которая длилась 60 лет во время династей хань и дзынь
1902,Первоначально он был госпитализирован в госпитале Джеймса Педжета в Грейт-Ярмуте.,Вперёд он был в госпитализации в Госпитале Джеймса Педжито в Грэйд-Ярмуте.,первоначально он был госпитализирован в госпитале джеймса педжета в грейт ярмуте,вперед он был в госпитализации в госпитале джеймса педжито в грэйд ярмуте
1771,"Помните, что даже если музыка на главных сценах, может уже закончится, на фестивале могут быть участки, на которых будут продолжать играть музыку до поздней ночи.","Помните, что даже если музыка на главных сценах может уже закончиться, на фестивале могут быть участки, на которых будут продолжать играть музыку до поздней ночи.",помните что даже если музыка на главных сценах может уже закончится на фестивале могут быть участки на которых будут продолжать играть музыку до поздней ночи,помните что даже если музыка на главных сценах может уже закончиться на фестивале могут быть участки на которых будут продолжать играть музыку до поздней ночи
1709,В докладе содержится резкая критика почти каждого аспекта нынешней политики исполнительной власти в отношении Ирака и настоятельный призыв к незамедлительной смене курса.,"В докладе содержится резкая критика почти к каждым аспектам нынешней политики, исполнительные власти в отношении рака и настоятели призыв к незамедлительной смене курса.",в докладе содержится резкая критика почти каждого аспекта нынешней политики исполнительной власти в отношении ирака и настоятельный призыв к незамедлительной смене курса,в докладе содержится резкая критика почти к каждым аспектам нынешней политики исполнительные власти в отношении рака и настоятели призыв к незамедлительной смене курса
1777,"Оттава — это прелестная двуязычная столица Канады с огромным количеством художественных галерей и музеев, открывающих прошлое и настоящее Канады.","Оттава — это прелестная двуизычная столица Канады, с огромным количеством художественных галерей и музеев, открывающих прошлое и настоящие Канады.",оттава это прелестная двуязычная столица канады с огромным количеством художественных галерей и музеев открывающих прошлое и настоящее канады,оттава это прелестная двуизычная столица канады с огромным количеством художественных галерей и музеев открывающих прошлое и настоящие канады
1950,"Сравнительно не далеко, к северу, расположен романтический и очаровательный городок Синтра, воспетый лордом Байроном и получивший после этого известность во всём мире.","Соравнительно недалеко к северу расположен романтический и очаровательный городок Синтро, воспитый Лордом Байроном, и получивший, после этого, известность во всем бире.",сравнительно не далеко к северу расположен романтический и очаровательный городок синтра воспетый лордом байроном и получивший после этого известность во всем мире,соравнительно недалеко к северу расположен романтический и очаровательный городок синтро воспитый лордом байроном и получивший после этого известность во всем бире
1834,Севернее посетите также великий Храм Фатимской Богоматери (усыпальница) — место всемирно известных явлений Девы Марии.,"Северная — посетите, так же Великый Храм Фатимской Багоматери — Усыпальнице, место всемирно известных в Лене Девомарии.",севернее посетите также великий храм фатимской богоматери усыпальница место всемирно известных явлений девы марии,северная посетите так же великый храм фатимской багоматери усыпальнице место всемирно известных в лене девомарии
1697,"Он не смог принять препараты, необходимые для облегчения боли, так как они запрещены в Играх.","Он не смог принять препарат и необходимый для облегчения боли, так как они запрещены в играх.",он не смог принять препараты необходимые для облегчения боли так как они запрещены в играх,он не смог принять препарат и необходимый для облегчения боли так как они запрещены в играх
1737,"Львы — самые социальные кошки, живущие в больших группах, которые называются прайдами.","Львы — самые социальные кошки, живущие в больших группах, которые называются прайдами.",львы самые социальные кошки живущие в больших группах которые называются прайдами,львы самые социальные кошки живущие в больших группах которые называются прайдами
1798,"В начальный период своего существования это шоу транслировалось только на сайте давно существующего онлайн-радио TogiNet Radio, посвященного радиобеседам.","В начальнии период своего существования эта шоу транслировалась только на сайте давно существующего онлайн радиотоги Net Radio, посвященного радиобеседам.",в начальный период своего существования это шоу транслировалось только на сайте давно существующего онлайн радио toginet radio посвященного радиобеседам,в начальнии период своего существования эта шоу транслировалась только на сайте давно существующего онлайн радиотоги net radio посвященного радиобеседам
1948,"Эпоха Троецарствия была одним из самых кровавых периодов в истории древнего Китая. Тысячи людей погибли, сражаясь за место на троне в большом дворце в Сиане.","Эпоха Трайцарства был одним из самых кровавых периодов в истории древнего Китая. Тысячи людей погибли, сражая за место на троне в Большом Дворце в Сиане.",эпоха троецарствия была одним из самых кровавых периодов в истории древнего китая тысячи людей погибли сражаясь за место на троне в большом дворце в сиане,эпоха трайцарства был одним из самых кровавых периодов в истории древнего китая тысячи людей погибли сражая за место на троне в большом дворце в сиане
1743,"Большинство воззрений на технологический детерминизм разделяют две общие идеи: что направление развития технологий практически неподвластно культурному или политическому влиянию и что, в свою очередь, ""воздействие"" технологий на общество обусловлено их собственными свойствами, а не обществом.","Большинство возрений на технологический детерминизм разделяю две общие идеи, что направление развития технологий практически не подглас на культурном, политическому влиянию, и что, в свою очередь, воздействие технологий на общество обословлено их собственными свойствами, а не обществом.",большинство воззрений на технологический детерминизм разделяют две общие идеи что направление развития технологий практически неподвластно культурному или политическому влиянию и что в свою очередь воздействие технологий на общество обусловлено их собственными свойствами а не обществом,большинство возрений на технологический детерминизм разделяю две общие идеи что направление развития технологий практически не подглас на культурном политическому влиянию и что в свою очередь воздействие технологий на общество обословлено их собственными свойствами а не обществом
1973,"Но, оказавшись в ""глубоких тропиках"" лишь в нескольких градусах к северу от экватора, вам придется справляться как с жарой (постоянно), так и с сильным солнцем (при безоблачном небе, реже).","Но, оказавшись в глубоких тропиках, лишь нескольких градусов к северу Этакватора, вам придется справляться как с жарой, постоянно, так и с сильным солнцем, при безоблачном небе реже.",но оказавшись в глубоких тропиках лишь в нескольких градусах к северу от экватора вам придется справляться как с жарой постоянно так и с сильным солнцем при безоблачном небе реже,но оказавшись в глубоких тропиках лишь нескольких градусов к северу этакватора вам придется справляться как с жарой постоянно так и с сильным солнцем при безоблачном небе реже
1672,Не подвергайте ткань воздействию слишком высокой температуры (что может привести к усадке или в очень редких случаях к ожогу).,"Не подвергайте ткань воздействию, слишком высокой температуры, что может привести к усадке, или в очень редкий случай, к ажогу.",не подвергайте ткань воздействию слишком высокой температуры что может привести к усадке или в очень редких случаях к ожогу,не подвергайте ткань воздействию слишком высокой температуры что может привести к усадке или в очень редкий случай к ажогу
1856,"Финляндия — отличное место для лодочного туризма. В ""стране тысячи озёр"" также есть тысячи островов на озёрах и в прибрежных архипелагах.","В Финляндии — отличное место для лодочного туризма. В стране Тысечи озер, так же есть Тысечи Островов на озерах и в придреженых архипелагах.",финляндия отличное место для лодочного туризма в стране тысячи озер также есть тысячи островов на озерах и в прибрежных архипелагах,в финляндии отличное место для лодочного туризма в стране тысечи озер так же есть тысечи островов на озерах и в придреженых архипелагах
1705,"15 августа 1940 года союзники вторглись в южную часть Франции. Вторжение получило название ""Операция ""Драгун"""".",15 августа 1940 года союзники вторглись в Южную Часть Франции. Вторжение получило название операция «Дорогун».,15 августа 1940 года союзники вторглись в южную часть франции вторжение получило название операция драгун,15 августа 1940 года союзники вторглись в южную часть франции вторжение получило название операция дорогун
1772,"Таким образом, вполне вероятно, что запись была добавлена просто как пометка.","Таким образом, вполне вероятна, что запись была добавлена просто как пометка.",таким образом вполне вероятно что запись была добавлена просто как пометка,таким образом вполне вероятна что запись была добавлена просто как пометка
1841,Не видно ничего кроме чистого прекрасного неба над головой и множества окружающих гор. Из глубины пещеры можно видеть и слышать лишь очень малую часть этого мира.,"Ни вина ничего кормит чистого, прекрасного неба над головой и множество окружающихся гор. Из глубинной пешеры можно видеть и слышать лишь очень малую часть этого мира.",не видно ничего кроме чистого прекрасного неба над головой и множества окружающих гор из глубины пещеры можно видеть и слышать лишь очень малую часть этого мира,ни вина ничего кормит чистого прекрасного неба над головой и множество окружающихся гор из глубинной пешеры можно видеть и слышать лишь очень малую часть этого мира
1781,"Мадагаскар намного больше других и  является самобытным континентом в том, что касается дикой природы.","Мотагоскара на много больше других является самобытным континентом в том, что касается дикой природы.",мадагаскар намного больше других и является самобытным континентом в том что касается дикой природы,мотагоскара на много больше других является самобытным континентом в том что касается дикой природы
1895,"По мере того как знание греческого языка ухудшалось, Запад оказался отрезанным от своих философских и научных греческих корней.","Померя того, как знания греческого языка ухудшалось, Запад оказался отрезанным от своих философских и научных греческих корней.",по мере того как знание греческого языка ухудшалось запад оказался отрезанным от своих философских и научных греческих корней,померя того как знания греческого языка ухудшалось запад оказался отрезанным от своих философских и научных греческих корней
1906,"""Это не станет прощанием. Это закрытие одной главы и открытие новой.""",Это не станет прощаниям – это закрытие одной головы и открытие новой.,это не станет прощанием это закрытие одной главы и открытие новой,это не станет прощаниям это закрытие одной головы и открытие новой
1854,Сам автомобиль убрали с места происшествия в тот же день примерно в 12:00 по Гринвичу.,"Сам автомобиль убрали с места происшествия в тот же день, примерно в 12 часов по гринвичу.",сам автомобиль убрали с места происшествия в тот же день примерно в 12 00 по гринвичу,сам автомобиль убрали с места происшествия в тот же день примерно в 12 часов по гринвичу
1782,"Кроме того между правлениями каждой династии царила раздробленность и нестабильность. Самой известной была эпоха Троецарствия, которая длилась 60 лет во время династий Хань и Цзинь.","Кроме того, между правленнями каждая династия царила раздробленность и нестабильность. Самая известная была эпоха Трэйцарсия, которая длилась 60 лет, во время династий Хань и Дзынь.",кроме того между правлениями каждой династии царила раздробленность и нестабильность самой известной была эпоха троецарствия которая длилась 60 лет во время династий хань и цзинь,кроме того между правленнями каждая династия царила раздробленность и нестабильность самая известная была эпоха трэйцарсия которая длилась 60 лет во время династий хань и дзынь
1677,"Стрекозы и поденки являются единственными насекомыми, которые не могут складывать крылья назад.","Стрекозы и паденки являются единственным насекомен, которые немысколадывать крылья назад.",стрекозы и поденки являются единственными насекомыми которые не могут складывать крылья назад,стрекозы и паденки являются единственным насекомен которые немысколадывать крылья назад
1777,"Оттава — это прелестная двуязычная столица Канады с огромным количеством художественных галерей и музеев, открывающих прошлое и настоящее Канады.","Аттава — это прелестная двуизычная столица Канады с огромным количеством художественных галридий и музеев, открывающих прошлое и настоящие Канады.",оттава это прелестная двуязычная столица канады с огромным количеством художественных галерей и музеев открывающих прошлое и настоящее канады,аттава это прелестная двуизычная столица канады с огромным количеством художественных галридий и музеев открывающих прошлое и настоящие канады
1742,"Территория Гонконга была названа в честь острова Гонконг, места, которое многие туристы считают главным объектом  своего внимания.","Территория Гонконга была названа в честь Острова Гонконг, место которое многие туристы считают главным объектом своего внимания.",территория гонконга была названа в честь острова гонконг места которое многие туристы считают главным объектом своего внимания,территория гонконга была названа в честь острова гонконг место которое многие туристы считают главным объектом своего внимания
1788,Федерация гимнастики США поддерживает письмо Олимпийского комитета США и соглашается с абсолютной необходимостью создания безопасной среды для всех наших спортсменов.,Федерация гимнастики США поддерживает письмо Олимпийского комитета США и соглашается с абсолютной необходимостью создания безопасной среды для всех наших спортсменов.,федерация гимнастики сша поддерживает письмо олимпийского комитета сша и соглашается с абсолютной необходимостью создания безопасной среды для всех наших спортсменов,федерация гимнастики сша поддерживает письмо олимпийского комитета сша и соглашается с абсолютной необходимостью создания безопасной среды для всех наших спортсменов
1941,Эти пары могут выбрать  создание плана усыновления для своего ребёнка.,Эти пары могут выбрать создания плана усыновления для своего ребенка.,эти пары могут выбрать создание плана усыновления для своего ребенка,эти пары могут выбрать создания плана усыновления для своего ребенка
1666,"Возможно, вам также следует проконсультироваться с другими правительствами, помимо своего, но их рекомендации направлены на своих граждан.","Возможно, вам также следует проконсультироваться с другими правительствами, помимо своего ноих рекомендаций, направлены на свои граждан.",возможно вам также следует проконсультироваться с другими правительствами помимо своего но их рекомендации направлены на своих граждан,возможно вам также следует проконсультироваться с другими правительствами помимо своего ноих рекомендаций направлены на свои граждан
1688,"Работа моряков традиционно заключается в том, чтобы обеспечивать способность страны перемещать свои народ и товары, а также одновременно препятствовать возможности врага перемещать свои народ и товары.","Работа моряков с традиционно заключается в том, чтобы обеспечивать способность страны перемещать ваше народ и товары, а также одновременно препятствовать возможности врага перемещать ваше народ и товар.",работа моряков традиционно заключается в том чтобы обеспечивать способность страны перемещать свои народ и товары а также одновременно препятствовать возможности врага перемещать свои народ и товары,работа моряков с традиционно заключается в том чтобы обеспечивать способность страны перемещать ваше народ и товары а также одновременно препятствовать возможности врага перемещать ваше народ и товар
1944,"Это иногда переполненные народом семейные пляжи с хорошим выбором магазинов, расположенных вдоль берега. Плавать безопасно.","Эту иногда переполнили народам семейные пляжи с хорошим выбором магазинов, расположенных вдоль берега. Плавать безопасно.",это иногда переполненные народом семейные пляжи с хорошим выбором магазинов расположенных вдоль берега плавать безопасно,эту иногда переполнили народам семейные пляжи с хорошим выбором магазинов расположенных вдоль берега плавать безопасно
1814,"Ионы водорода — это протоны, от которых отделены электроны (атомы водорода состоят из одного протона и одного электрона).","Ионы водорода — это протоны, от которых отделены электроны. Атомы водорода состоят из одного аппаратона и одного электрона.",ионы водорода это протоны от которых отделены электроны атомы водорода состоят из одного протона и одного электрона,ионы водорода это протоны от которых отделены электроны атомы водорода состоят из одного аппаратона и одного электрона
1685,"Например, самый распространённый в мире формат для статических фотографий — 35 мм, и именно этот размер был доминирующим размером плёнки на закате аналоговой эры.","Например, самый распространенный в мере форматы для статистических фотографий — 35 мм, и именно этот размер был доминируюшим размером пленки на Закате аналоговой эры.",например самый распространенный в мире формат для статических фотографий 35 мм и именно этот размер был доминирующим размером пленки на закате аналоговой эры,например самый распространенный в мере форматы для статистических фотографий 35 мм и именно этот размер был доминируюшим размером пленки на закате аналоговой эры
1813,"Официальными языками Барселоны являются каталанский и испанский. Примерно половина населения предпочитает разговаривать на каталанском, большинство понимают его, и практически все знают испанский.",Официальными языками барселоны являются каталангский и испанский. Проблема на полиция населения предпочитают разговаривать на каталангском. Большинство понимает о этой. Практически все знают испанский.,официальными языками барселоны являются каталанский и испанский примерно половина населения предпочитает разговаривать на каталанском большинство понимают его и практически все знают испанский,официальными языками барселоны являются каталангский и испанский проблема на полиция населения предпочитают разговаривать на каталангском большинство понимает о этой практически все знают испанский
1978,"Для ""Спрингбокс"" это прервало пятиматчевую серию поражений.",Для Spring Box это прервало пятиматчевую серию поражений.,для спрингбокс это прервало пятиматчевую серию поражений,для spring box это прервало пятиматчевую серию поражений
1824,"Плато Гиза, или же Некрополь Гизы, в египетской Долине Мёртвых, включает несколько пирамид (из которых Великая пирамида Гизы — самая большая), несколько небольших гробниц, несколько храмов и Большой сфинкс.","Плато Гиза, или же некрополь Гизы, в Эгипетско-Делине мёртвых, включает несколько пирамид, из которых Великая Пирамида Гиза самая большая, несколько небольших гробниц, несколько храмов и большой сфинкс.",плато гиза или же некрополь гизы в египетской долине мертвых включает несколько пирамид из которых великая пирамида гизы самая большая несколько небольших гробниц несколько храмов и большой сфинкс,плато гиза или же некрополь гизы в эгипетско делине мертвых включает несколько пирамид из которых великая пирамида гиза самая большая несколько небольших гробниц несколько храмов и большой сфинкс
1662,"Сплавы по существу представляют собой смесь двух или более металлов. Не забывайте, что в периодической таблице много элементов.","Сплавы б осуществу представляют собой смесь двух или более металлов. Не забывайте, что в периодической таблице много элементов.",сплавы по существу представляют собой смесь двух или более металлов не забывайте что в периодической таблице много элементов,сплавы б осуществу представляют собой смесь двух или более металлов не забывайте что в периодической таблице много элементов
1879,"Можно только гадать, что станет с клавиатурой, с появлением более новых технологий.","Можно только гадать, что станет скловиатурой с появлением более новых технологий.",можно только гадать что станет с клавиатурой с появлением более новых технологий,можно только гадать что станет скловиатурой с появлением более новых технологий
1885,Между 10:00 и 11:00 вечера по горному времени заключенные устроили пожар во дворе.,"Между 10 и 11 вечера, по гоному времени, заключенны устрали пажар во дворе.",между 10 00 и 11 00 вечера по горному времени заключенные устроили пожар во дворе,между 10 и 11 вечера по гоному времени заключенны устрали пажар во дворе
1829,"Путешественники, направляющиеся в страны с высоким налогообложением, могут иногда сэкономить значительную сумму, особенно на таких товарах, как спиртные напитки и табак.","Путешественники, направляющиеся в страны с высоким налугообложениям, могут иногда сэкономить значительную сумму, особенно на таких товарах, как спиртные напитки и табак.",путешественники направляющиеся в страны с высоким налогообложением могут иногда сэкономить значительную сумму особенно на таких товарах как спиртные напитки и табак,путешественники направляющиеся в страны с высоким налугообложениям могут иногда сэкономить значительную сумму особенно на таких товарах как спиртные напитки и табак
1905,"Столицей Молдовы является Кишинёв. Местный язык — румынский, но русский также широко распространён.","Столиция Молдовы является Кешиниев. Песни язык румынский, но русский так же широко распространен.",столицей молдовы является кишинев местный язык румынский но русский также широко распространен,столиция молдовы является кешиниев песни язык румынский но русский так же широко распространен
1855,"Львиные прайды ведут себя очень похоже со стаями волков или собак — животных, которые по повадкам удивительно похожи на львов (но не других крупных кошек) и тоже очень опасны для своих жертв.","Львиные прайды ведут себя очень похоже со стайами волков или собак, животных, которые по паваткам удивительно похожи на львов, но не других крупных кошек, и тоже очень опасны для своих жертв.",львиные прайды ведут себя очень похоже со стаями волков или собак животных которые по повадкам удивительно похожи на львов но не других крупных кошек и тоже очень опасны для своих жертв,львиные прайды ведут себя очень похоже со стайами волков или собак животных которые по паваткам удивительно похожи на львов но не других крупных кошек и тоже очень опасны для своих жертв
1708,"Хьюн ушел в отставку, и в Кабинете министров его заменит член парламента Эд Дейви. Ожидается, что член парламента Норман Ламб займет принадлежащий Дейви пост Министра по делам бизнеса.","Хьюн ушел в оставку, и в кабинете министров его заменят член парламента Эд Дэви, ожидается, что член парламента Норман Ламбе замет принадлежащий Дэви пост министр поделам бизнеса.",хьюн ушел в отставку и в кабинете министров его заменит член парламента эд дейви ожидается что член парламента норман ламб займет принадлежащий дейви пост министра по делам бизнеса,хьюн ушел в оставку и в кабинете министров его заменят член парламента эд дэви ожидается что член парламента норман ламбе замет принадлежащий дэви пост министр поделам бизнеса
1899,"Мухаммед очень интересовался темами, не связанными с мирской жизнью. Он часто посещал пещеру, которая стала известна как ""Хира"" на горе ""Нур"" (свет) для размышлений.","Мухаммед очень интересовался темами, не связанными с мирской жизнью. Он часто посещал пешеру, которая стала известна как Хира, на горе Нур, «Свет» для размышлений.",мухаммед очень интересовался темами не связанными с мирской жизнью он часто посещал пещеру которая стала известна как хира на горе нур свет для размышлений,мухаммед очень интересовался темами не связанными с мирской жизнью он часто посещал пешеру которая стала известна как хира на горе нур свет для размышлений
1863,"Сердцем тибетской медитации считается Йога Божеств. Посредством визуализации разнообразных божеств чистятся энергетические каналы, запускаются чакры и достигается просветлённость сознания.","Сердцем тибетской медитацией считается «йога божеств». По средствам визуализаций, разнообразанных божеств, чистятся энергетические каналы, запускаются чакр, и достигается просветленность сознания.",сердцем тибетской медитации считается йога божеств посредством визуализации разнообразных божеств чистятся энергетические каналы запускаются чакры и достигается просветленность сознания,сердцем тибетской медитацией считается йога божеств по средствам визуализаций разнообразанных божеств чистятся энергетические каналы запускаются чакр и достигается просветленность сознания
1876,"Управление по чрезвычайным ситуациям Северных Марианских островов заявило, что в стране не было сообщений о причинённом ущербе.","Управление по чрезвычайным ситуациям северных марианских островов заебило, что в стране не было сообщения о причиненном ущерби.",управление по чрезвычайным ситуациям северных марианских островов заявило что в стране не было сообщений о причиненном ущербе,управление по чрезвычайным ситуациям северных марианских островов заебило что в стране не было сообщения о причиненном ущерби
1959,"Всё же следуйте рекомендациям органов власти, подчиняйтесь всем знакам и обратите пристальное внимание на предупреждения о безопасности.","Всё же следуйте рекомендация моргантов власти, ученядясь с тем знаком, и обратите пристальное внимание на предупреждение о безопасности.",все же следуйте рекомендациям органов власти подчиняйтесь всем знакам и обратите пристальное внимание на предупреждения о безопасности,все же следуйте рекомендация моргантов власти ученядясь с тем знаком и обратите пристальное внимание на предупреждение о безопасности
1848,"Вчера утром возле главного полицейского управления Газиантепа (Турция) был подорван автомобиль, в результате чего погибли 2 полицейских и еще более 20 человек получили ранения.","Вчера утром возле главного полицейского управления Гадион Теппа, Турция, был подорван автомобиль, в результате чего погибли два полицейских, и еще более 20 человек получили ранение.",вчера утром возле главного полицейского управления газиантепа турция был подорван автомобиль в результате чего погибли 2 полицейских и еще более 20 человек получили ранения,вчера утром возле главного полицейского управления гадион теппа турция был подорван автомобиль в результате чего погибли два полицейских и еще более 20 человек получили ранение
1949,"Термин ""жук"" используется энтомологами формально для обозначения группы насекомых.",Термин «жук» используется энтомологами формально для обозначения группы насекомых.,термин жук используется энтомологами формально для обозначения группы насекомых,термин жук используется энтомологами формально для обозначения группы насекомых
1677,"Стрекозы и поденки являются единственными насекомыми, которые не могут складывать крылья назад.","Стрикоза и поденки являются единственными насекомыми, которые не могут складывать крылья назад.",стрекозы и поденки являются единственными насекомыми которые не могут складывать крылья назад,стрикоза и поденки являются единственными насекомыми которые не могут складывать крылья назад
1872,"Во время борьбы за независимость, организованной движением Мау, мирное собрание в городе привело к убийству верховного вождя Тупуа Тамсесе Леалофи III.","Во время борьбы за независимость, организованы движения Мау, мирное собрание в городе привел к убийству у Верховного Важдя Тупуатомсеси Леолофии Триатива.",во время борьбы за независимость организованной движением мау мирное собрание в городе привело к убийству верховного вождя тупуа тамсесе леалофи iii,во время борьбы за независимость организованы движения мау мирное собрание в городе привел к убийству у верховного важдя тупуатомсеси леолофии триатива
1842,"Так как у перьев динозавров отсутствует хорошо развитый стержень, называемый рахисом, но все же имеются другие отличительные черты — бородки и бородочки — исследователи пришли к выводу, что рахис, скорее всего, появился позднее путем эволюционного развития других отличительных черт.","Т.к. у перебденозарев отсутствует хорошо развитый стержень, называемый рахисом, но все же имеются другие отличительные черты, бородки и бородочки, исследователи пришли к выводу, что рахис скорее всего появился позднее путем эволюционного развития других отличительных черт.",так как у перьев динозавров отсутствует хорошо развитый стержень называемый рахисом но все же имеются другие отличительные черты бородки и бородочки исследователи пришли к выводу что рахис скорее всего появился позднее путем эволюционного развития других отличительных черт,т к у перебденозарев отсутствует хорошо развитый стержень называемый рахисом но все же имеются другие отличительные черты бородки и бородочки исследователи пришли к выводу что рахис скорее всего появился позднее путем эволюционного развития других отличительных черт
1998,"У них лапы с чешуёй и когтями, они откладывают яйца и ходят на двух задних лапах как Ти-Рекс.","У них лапы с чешуей и коктями. Они откладывают яйца и ходят на двух задних лапах, как терекс.",у них лапы с чешуей и когтями они откладывают яйца и ходят на двух задних лапах как ти рекс,у них лапы с чешуей и коктями они откладывают яйца и ходят на двух задних лапах как терекс
1688,"Работа моряков традиционно заключается в том, чтобы обеспечивать способность страны перемещать свои народ и товары, а также одновременно препятствовать возможности врага перемещать свои народ и товары.","Работа моряков традиционно заключается в том, чтобы обеспечивать способные страны, перемещать свои народ и товары, а также одновременно препятствовать в возможности у врага перемещать свои народ и товары.",работа моряков традиционно заключается в том чтобы обеспечивать способность страны перемещать свои народ и товары а также одновременно препятствовать возможности врага перемещать свои народ и товары,работа моряков традиционно заключается в том чтобы обеспечивать способные страны перемещать свои народ и товары а также одновременно препятствовать в возможности у врага перемещать свои народ и товары
1874,"Многие считали, что он прав, но многие верили в противоположное: что Солнечная система вращается вокруг Земли, включая Солнце (и даже другие звезды).","Многие считали, что он прав, но многие верили в противоположное, что солнечная система вращается вокруг Земли, включая Сонца и даже Другие Звезды.",многие считали что он прав но многие верили в противоположное что солнечная система вращается вокруг земли включая солнце и даже другие звезды,многие считали что он прав но многие верили в противоположное что солнечная система вращается вокруг земли включая сонца и даже другие звезды
1869,"Его длинные челюсти были усеяны более чем 70 острейшими зубами, вдобавок имелся дополнительный ряд на нёбе, так что тем, кто встречался на его пути, не было спасения.","Его длинные челюсти были усеянны более чем семью с тиостарейшими зубами, дабаук имелся дополнительный ряд на ньобе, так что тем, кто встречался на его пути, не было спасения.",его длинные челюсти были усеяны более чем 70 острейшими зубами вдобавок имелся дополнительный ряд на небе так что тем кто встречался на его пути не было спасения,его длинные челюсти были усеянны более чем семью с тиостарейшими зубами дабаук имелся дополнительный ряд на ньобе так что тем кто встречался на его пути не было спасения
1739,Пещера располагается на вершине горы к северу от Мекки и полностью изолирована от остального мира.,Пешера располагается на вершине горы к северу от Мекки и полностью изолирован от остального мира.,пещера располагается на вершине горы к северу от мекки и полностью изолирована от остального мира,пешера располагается на вершине горы к северу от мекки и полностью изолирован от остального мира
1984,"Массовое владение автомобилями также приводит к увеличению числа ДТП на дорогах, что приводит к изобретению в здравоохранении новых методов лечения полученных травм.","Массовое владение автомобилемы также приводит к увеличению числа ДТП на дорогах, что приводит к изобретению, вздоровоохранение новых методов лечения, полученных травм.",массовое владение автомобилями также приводит к увеличению числа дтп на дорогах что приводит к изобретению в здравоохранении новых методов лечения полученных травм,массовое владение автомобилемы также приводит к увеличению числа дтп на дорогах что приводит к изобретению вздоровоохранение новых методов лечения полученных травм
1704,"В 1990 году он был добавлен в список всемирного наследия, находящегося под угрозой из-за опасности со стороны песков пустыни.","В 1990 году он был добавлен в список семирного наследия, находящегося под дугроза и за опасность со стороны песков пустыни.",в 1990 году он был добавлен в список всемирного наследия находящегося под угрозой из за опасности со стороны песков пустыни,в 1990 году он был добавлен в список семирного наследия находящегося под дугроза и за опасность со стороны песков пустыни
1691,"На некоторых маршрутах  у более крупных компаний есть свои собственные самолёты, но для других маршрутов и более мелких компаний с этим была проблема.","На некоторых маршрутах более крупные компания ест свои собственные самолеты, но для других маршрутов и более мелких компания с этим была проблема.",на некоторых маршрутах у более крупных компаний есть свои собственные самолеты но для других маршрутов и более мелких компаний с этим была проблема,на некоторых маршрутах более крупные компания ест свои собственные самолеты но для других маршрутов и более мелких компания с этим была проблема
1685,"Например, самый распространённый в мире формат для статических фотографий — 35 мм, и именно этот размер был доминирующим размером плёнки на закате аналоговой эры.","Например, самый распространенный в мере формат для статических фотографий — 35 мм, и именно этот размер был доминирующим размером пленки Назакати аналоговой эры.",например самый распространенный в мире формат для статических фотографий 35 мм и именно этот размер был доминирующим размером пленки на закате аналоговой эры,например самый распространенный в мере формат для статических фотографий 35 мм и именно этот размер был доминирующим размером пленки назакати аналоговой эры
1850,"Это обеспечит его обратную совместимость с 802.11a, 802.11b и 802.11g при условии, что у базовой станции есть двойной приемник.","Это обеспечит его обратную совместимость с 802.11A, 802.11B и 802.11G, приусловившую что у базовой станций есть двойной приемник.",это обеспечит его обратную совместимость с 802 11a 802 11b и 802 11g при условии что у базовой станции есть двойной приемник,это обеспечит его обратную совместимость с 802 11a 802 11b и 802 11g приусловившую что у базовой станций есть двойной приемник
1851,"Отбойное течение — течение, создаваемое волнами, которые разбиваются о берег, или иногда об риф или что-то подобное.","Отбойное течение — течения, создаемое волнами, которые разбиваются берег, или иногда абрив, или что-то подобное.",отбойное течение течение создаваемое волнами которые разбиваются о берег или иногда об риф или что то подобное,отбойное течение течения создаемое волнами которые разбиваются берег или иногда абрив или что то подобное
1825,"Если вы хотите находиться рядом со сценой, вам нужно приехать заранее, чтобы найти место для кемпинга вблизи от музыки.","Если вы хотите находиться рядом со сцены, вам нужно приехать заранее, чтобы найти место для кемпинга вблизи от музыки.",если вы хотите находиться рядом со сценой вам нужно приехать заранее чтобы найти место для кемпинга вблизи от музыки,если вы хотите находиться рядом со сцены вам нужно приехать заранее чтобы найти место для кемпинга вблизи от музыки
1724,Слава о нем как о центре роскоши пошла около 400 г. н. э. и продолжалась примерно до 1100 г. н. э.,"Слава о нем, как от центра и роскоши, пошла около 400-го года нашей эры, и продолжалась примерно до 1000-го года нашей эры.",слава о нем как о центре роскоши пошла около 400 г н э и продолжалась примерно до 1100 г н э,слава о нем как от центра и роскоши пошла около 400 го года нашей эры и продолжалась примерно до 1000 го года нашей эры
1871,В тёплом климате Ближнего Востока дом не имел особого значения.,В теплом климате Ближненево-Восток отдом не имел особо сношение.,в теплом климате ближнего востока дом не имел особого значения,в теплом климате ближненево восток отдом не имел особо сношение
1665,"Документ, согласно утечке информации, будет касаться спора насчёт границ, которые Палестина хочет установить на основе тех, что существовали до начала Шестидневной войны 1967 года.","Докуменция главным течки информаций будет касаться споры насчет границ, которую Пылестина хочет установить на основе тех, что существовало ли до начала 6-дневной войны 1967-го года.",документ согласно утечке информации будет касаться спора насчет границ которые палестина хочет установить на основе тех что существовали до начала шестидневной войны 1967 года,докуменция главным течки информаций будет касаться споры насчет границ которую пылестина хочет установить на основе тех что существовало ли до начала 6 дневной войны 1967 го года
1904,Однако из-за медленных каналов связи стили на западе могут отставать на 25-30 лет.,"Однако, из-за медленных каналов связи стилен на Западе могут отставать на 25-30 лет.",однако из за медленных каналов связи стили на западе могут отставать на 25 30 лет,однако из за медленных каналов связи стилен на западе могут отставать на 25 30 лет
1808,"Через два года после окончания войны бывшие союзники стали врагами, и началась Холодная война.","Через 2 года, после окончания войны, бывшие союзники стали врагами, началась холодная война.",через два года после окончания войны бывшие союзники стали врагами и началась холодная война,через 2 года после окончания войны бывшие союзники стали врагами началась холодная война
1672,Не подвергайте ткань воздействию слишком высокой температуры (что может привести к усадке или в очень редких случаях к ожогу).,"Не подвергайте ткань, воздействуя слишком высокой температуры, что может привести к усадке или в очень редкий случай к ажогу.",не подвергайте ткань воздействию слишком высокой температуры что может привести к усадке или в очень редких случаях к ожогу,не подвергайте ткань воздействуя слишком высокой температуры что может привести к усадке или в очень редкий случай к ажогу
1804,"Гаитянский Институт Справедливости и Демократии сослался на независимое исследование, которое предполагает, что непальский миротворческий батальон ООН непреднамеренно завёз заболевание в Гаити.","Гаитянский институт с провидивостей демократии сосылался на независимое исследование, которое предполагает, что Непальский мэротворческий батальон ООН не преднамеренна за болевания в Гаите.",гаитянский институт справедливости и демократии сослался на независимое исследование которое предполагает что непальский миротворческий батальон оон непреднамеренно завез заболевание в гаити,гаитянский институт с провидивостей демократии сосылался на независимое исследование которое предполагает что непальский мэротворческий батальон оон не преднамеренна за болевания в гаите
1728,"Капустный сок меняет цвет в зависимости от того, насколько кислотным или щелочным является химическое вещество.","Капуснысок меняет цвет в зависимости от того, насколько кислотосим и шелачным является химическое вещество.",капустный сок меняет цвет в зависимости от того насколько кислотным или щелочным является химическое вещество,капуснысок меняет цвет в зависимости от того насколько кислотосим и шелачным является химическое вещество
1723,"Бухта была местом печально известного военно-морского противостояния в 1889 году, когда семь кораблей из Германии, США и Британии отказались покидать бухту.","Бухта была местом печален известного военноморского противостояния в 1889 году, когда семь кораблей из Германия, США и Британия отказались покидать бухту.",бухта была местом печально известного военно морского противостояния в 1889 году когда семь кораблей из германии сша и британии отказались покидать бухту,бухта была местом печален известного военноморского противостояния в 1889 году когда семь кораблей из германия сша и британия отказались покидать бухту
1882,"Учёные надеются понять, как образуются планеты, особенно то, как образовалась Земля, поскольку кометы сталкивались  с Землёй очень давно.","Ученые надеются понять, как образуются планеты, особенно то, как образовала Земля, поскольку кормета сталкивали Землей очень давно.",ученые надеются понять как образуются планеты особенно то как образовалась земля поскольку кометы сталкивались с землей очень давно,ученые надеются понять как образуются планеты особенно то как образовала земля поскольку кормета сталкивали землей очень давно
1815,"Атомная бомба работает на том принципе, что для того, чтобы много протонов и нейтронов находились в одном ядре, необходима энергия.","Атомная бомба работает на том принципе, что для того, чтобы много протонов и нейтронов находились в одном ядре, необходимо энергия.",атомная бомба работает на том принципе что для того чтобы много протонов и нейтронов находились в одном ядре необходима энергия,атомная бомба работает на том принципе что для того чтобы много протонов и нейтронов находились в одном ядре необходимо энергия
1860,"Канцелярия губернатора сообщила, что 19 из раненных были офицерами полиции.","Концелиария губернатора сообщила, что 19 из раненых были офицерами полиции.",канцелярия губернатора сообщила что 19 из раненных были офицерами полиции,концелиария губернатора сообщила что 19 из раненых были офицерами полиции
1890,Большинство современных исследовательских телескопов — это огромные сооружения в удаленных местах с благоприятными атмосферными условиями.,Большинство современных исследовательских телескопов — это огромные сооружения в удаленах местах с благопрепрятными атмосференными условиями.,большинство современных исследовательских телескопов это огромные сооружения в удаленных местах с благоприятными атмосферными условиями,большинство современных исследовательских телескопов это огромные сооружения в удаленах местах с благопрепрятными атмосференными условиями
1848,"Вчера утром возле главного полицейского управления Газиантепа (Турция) был подорван автомобиль, в результате чего погибли 2 полицейских и еще более 20 человек получили ранения.","Вчера утром возле главного полицейского управления газионтепа Турция был подорван автомобиль, в результате чего погибли два полицейских, и еще более 20 человек получили рогение.",вчера утром возле главного полицейского управления газиантепа турция был подорван автомобиль в результате чего погибли 2 полицейских и еще более 20 человек получили ранения,вчера утром возле главного полицейского управления газионтепа турция был подорван автомобиль в результате чего погибли два полицейских и еще более 20 человек получили рогение
1853,Джанкарло Физикелла потерял контроль над управлением своим автомобилем и завершил гонку вскоре после старта.,"Джон Карло физикало, потерял контроль над управлением своим автомобилем и завершил гонку вскорей после старта.",джанкарло физикелла потерял контроль над управлением своим автомобилем и завершил гонку вскоре после старта,джон карло физикало потерял контроль над управлением своим автомобилем и завершил гонку вскорей после старта
1734,"Ученые смогли сделать вывод, что темная материя воздействует на другую темную материю так же, как и в случае с обычной материей.","Ученые смогли сделать вывод, что тёмная материя воздействует на другое тёмную материю, так же, как и в случае с обычной матерей.",ученые смогли сделать вывод что темная материя воздействует на другую темную материю так же как и в случае с обычной материей,ученые смогли сделать вывод что темная материя воздействует на другое темную материю так же как и в случае с обычной матерей
1961,"Одним из наиболее распространённых методов, используемых для иллюстрации важности социализации, является иллюстрация нескольких прискорбных случаев, когда дети из-за отсутствия должного внимания, неудачного стечения обстоятельств или умышленного жестокого обращения не контактировали со взрослыми во время своего взросления.","Одним из наиболее распространенных методов, используемых для иллюстраций важности социализаций, является иллюстрация нескольких прискорбных случаев, когда дейки из-за отсутствия должного внимания, неудачного стечения апсталис, или умышленного жесток в обращениях не контактировали со взрослыми во время своего взросления.",одним из наиболее распространенных методов используемых для иллюстрации важности социализации является иллюстрация нескольких прискорбных случаев когда дети из за отсутствия должного внимания неудачного стечения обстоятельств или умышленного жестокого обращения не контактировали со взрослыми во время своего взросления,одним из наиболее распространенных методов используемых для иллюстраций важности социализаций является иллюстрация нескольких прискорбных случаев когда дейки из за отсутствия должного внимания неудачного стечения апсталис или умышленного жесток в обращениях не контактировали со взрослыми во время своего взросления
1816,"Дюваль, который женат и имеет двух совершеннолетних детей, не произвел большого впечатления на Миллера, которому рассказали эту историю.","Дюваль, который женат имеет двух совершеннолетних детей, не произволд большого впечатления на Миллера, к которой мы рассказывали эту историю.",дюваль который женат и имеет двух совершеннолетних детей не произвел большого впечатления на миллера которому рассказали эту историю,дюваль который женат имеет двух совершеннолетних детей не произволд большого впечатления на миллера к которой мы рассказывали эту историю
1837,"Либеральная критика усилий по восстановлению сосредоточивалась на том, что контракты на восстановительные работы отдавались предположительно имеющим связи с правительством.","Либеральная критика усилия по восстановлению сосредоточивалась на том, что контракты на восстановительные работы одавались предположительно имеюшим связи с правительством.",либеральная критика усилий по восстановлению сосредоточивалась на том что контракты на восстановительные работы отдавались предположительно имеющим связи с правительством,либеральная критика усилия по восстановлению сосредоточивалась на том что контракты на восстановительные работы одавались предположительно имеюшим связи с правительством
1917,"В различных местах Рима были установлены большие телевизионные экраны, с помощью которых люди могли наблюдать за церемонией.","В различных местах Рима были установлены большие телевизионные экраны, с помощью которых люди могли наблюдать за церемониями.",в различных местах рима были установлены большие телевизионные экраны с помощью которых люди могли наблюдать за церемонией,в различных местах рима были установлены большие телевизионные экраны с помощью которых люди могли наблюдать за церемониями
1957,"Он назвал эти слухи ""политической болтовнёй и глупостью"".",Он назвал эти слухи политической болтовней и глупостей.,он назвал эти слухи политической болтовней и глупостью,он назвал эти слухи политической болтовней и глупостей
1933,"И наконец, многие маленькие кошки (включая гуляющих домашних кошек), едят и охотятся на намного более многочисленных мелких животных, наподобие насекомых, грызунов, ящериц и птиц.","И, наконец, многие маленькие кошки, включая гуляючих домашних кошек, едят и охотятся на много более многочисленных мелких животных, на подобие насекомых грызунов ящерец и птиц.",и наконец многие маленькие кошки включая гуляющих домашних кошек едят и охотятся на намного более многочисленных мелких животных наподобие насекомых грызунов ящериц и птиц,и наконец многие маленькие кошки включая гуляючих домашних кошек едят и охотятся на много более многочисленных мелких животных на подобие насекомых грызунов ящерец и птиц
1699,"Бишкек был описан одним обозревателем как погружающийся в состояние анархии, поскольку группы людей бегали по улицам и грабили магазины с потребительскими товарами.","Пешкек был описан отнимом обозревателем, как погружающееся в состояние анархии, поскольку группы людей бегали по улицам и грабили магазин с потребительскими товарами.",бишкек был описан одним обозревателем как погружающийся в состояние анархии поскольку группы людей бегали по улицам и грабили магазины с потребительскими товарами,пешкек был описан отнимом обозревателем как погружающееся в состояние анархии поскольку группы людей бегали по улицам и грабили магазин с потребительскими товарами
1760,"Мозазавр был самым грозным хищником своего времени, поэтому он не боялся никого кроме других мозазавров.","Моза Завар был самым грозным хищником своего времени, поэтому он не боялся никого, кроме других Моза Заваров.",мозазавр был самым грозным хищником своего времени поэтому он не боялся никого кроме других мозазавров,моза завар был самым грозным хищником своего времени поэтому он не боялся никого кроме других моза заваров
1854,Сам автомобиль убрали с места происшествия в тот же день примерно в 12:00 по Гринвичу.,"Сам автомобиль убрали с места происшествия в тот же день, примерно 12 часов по гринвичу.",сам автомобиль убрали с места происшествия в тот же день примерно в 12 00 по гринвичу,сам автомобиль убрали с места происшествия в тот же день примерно 12 часов по гринвичу
1997,"Однако, процент людей с туберкулёзом с множественной лекарственной устойчивостью в целой группе больных туберкулезом все еще кажется низким; 6000 от общего числа 330 000 зараженных в данный конкретный момент в ЮАР.","Однако процент людей с туберкулезом, с множественно лекарственной устойчивости, в целой группе больных туберкулезом, все еще кажется низким – 6 000 от общего числа 330 000 зараженных в данный конкретный момент в UAH.",однако процент людей с туберкулезом с множественной лекарственной устойчивостью в целой группе больных туберкулезом все еще кажется низким 6000 от общего числа 330 000 зараженных в данный конкретный момент в юар,однако процент людей с туберкулезом с множественно лекарственной устойчивости в целой группе больных туберкулезом все еще кажется низким 6 000 от общего числа 330 000 зараженных в данный конкретный момент в uah
1846,"Соотношение сторон этого формата (поделенное на двенадцать, чтобы получить соотношение с небольшими целыми числами) поэтому принято за 3:2.","Соотношения сторон этого формата — поделённая на 12, чтобы получить соотношение с небольшими целыми числами, поэтому принят таза 3 к 2.",соотношение сторон этого формата поделенное на двенадцать чтобы получить соотношение с небольшими целыми числами поэтому принято за 3 2,соотношения сторон этого формата поделенная на 12 чтобы получить соотношение с небольшими целыми числами поэтому принят таза 3 к 2
1788,Федерация гимнастики США поддерживает письмо Олимпийского комитета США и соглашается с абсолютной необходимостью создания безопасной среды для всех наших спортсменов.,Федерация гимнастик ИССШ поддерживает письмо Олимпийского комитета США и соглашается с абсолютной необходимостью создания безопасной среды для всех наших спортсменов.,федерация гимнастики сша поддерживает письмо олимпийского комитета сша и соглашается с абсолютной необходимостью создания безопасной среды для всех наших спортсменов,федерация гимнастик иссш поддерживает письмо олимпийского комитета сша и соглашается с абсолютной необходимостью создания безопасной среды для всех наших спортсменов
1693,"Однако после потери калитки капитана Индия совершила лишь 36 пробегов, потеряв 7 калиток для завершения иннингсов.","Однако, после потери, калитки капитана Индия совершила лишь 36 пробегов, потеря всем калиток, для завершения иннингусов.",однако после потери калитки капитана индия совершила лишь 36 пробегов потеряв 7 калиток для завершения иннингсов,однако после потери калитки капитана индия совершила лишь 36 пробегов потеря всем калиток для завершения иннингусов
1661,"Он не назвал цифру для сокращений бюджетов, сказав, что они будут сделаны исходя из производительности экономики Китая.","Он не назвал цифру для сокращения бюджетов, сказав, что они будут сделаны исходя из производительности экономики Китая.",он не назвал цифру для сокращений бюджетов сказав что они будут сделаны исходя из производительности экономики китая,он не назвал цифру для сокращения бюджетов сказав что они будут сделаны исходя из производительности экономики китая
1783,"К региональным и сезонным опасным явлениям погоды относятся метели, снежные бури, ледяные и пыльные бури.","К региональным и сезонам опасным явлением погоды относятся метеорио, сняженные буре, ледяные и пыльные буря.",к региональным и сезонным опасным явлениям погоды относятся метели снежные бури ледяные и пыльные бури,к региональным и сезонам опасным явлением погоды относятся метеорио сняженные буре ледяные и пыльные буря
1821,Взаимосвязь между патологией мозга и поведением используется учёными в их исследованиях.,Займой связь между патология и мозг поведениям используются учеными в их исследах.,взаимосвязь между патологией мозга и поведением используется учеными в их исследованиях,займой связь между патология и мозг поведениям используются учеными в их исследах
1830,Правящая партия Организация народов Юго‑Западной Африки (СВАПО) также сохранила большинство на парламентских выборах.,"Правящая партия организация народов Юго-Западной Африки – Свапо, так же сохранила большинство на парламентских выборах.",правящая партия организация народов юго западной африки свапо также сохранила большинство на парламентских выборах,правящая партия организация народов юго западной африки свапо так же сохранила большинство на парламентских выборах
1834,Севернее посетите также великий Храм Фатимской Богоматери (усыпальница) — место всемирно известных явлений Девы Марии.,"Северонепостейтей также великий храм Фотинский Багоматери, Усыпальница, — место всемирно известных явлений Дьявол Мориги.",севернее посетите также великий храм фатимской богоматери усыпальница место всемирно известных явлений девы марии,северонепостейтей также великий храм фотинский багоматери усыпальница место всемирно известных явлений дьявол мориги
1893,"Сундарбан — это крупнейший пояс прибрежных мангровых зарослей, простирающийся от берега на 80 км (50 миль) вглубь континента в Бангладеше и Индии.","Сундарбан — это крупнейший пояс при береженых мангровых зарослей, простирающиеся от берега на 80 км, 50 миль. Глубь континента — Банггладайша и Инди.",сундарбан это крупнейший пояс прибрежных мангровых зарослей простирающийся от берега на 80 км 50 миль вглубь континента в бангладеше и индии,сундарбан это крупнейший пояс при береженых мангровых зарослей простирающиеся от берега на 80 км 50 миль глубь континента банггладайша и инди
1799,"Помимо соревнований в среду, Карпендо принимал участие в двух индивидуальных соревнованиях на чемпионатах.",Помимо соревнований в среду Корпендоп принимал участие в двух индивидуальных соревнованиях на чемпионатах.,помимо соревнований в среду карпендо принимал участие в двух индивидуальных соревнованиях на чемпионатах,помимо соревнований в среду корпендоп принимал участие в двух индивидуальных соревнованиях на чемпионатах
1880,"Таким образом, карандаш стал хорошим другом для многих людей, когда появился.","Таким образом, Карандаш стал хорошим другом для многих людей, когда появился.",таким образом карандаш стал хорошим другом для многих людей когда появился,таким образом карандаш стал хорошим другом для многих людей когда появился
1825,"Если вы хотите находиться рядом со сценой, вам нужно приехать заранее, чтобы найти место для кемпинга вблизи от музыки.","Если вы хотите находиться рядом с ценей, вам нужно приехать заранее, чтобы найти место для кемпинга в Близи от Музыкин.",если вы хотите находиться рядом со сценой вам нужно приехать заранее чтобы найти место для кемпинга вблизи от музыки,если вы хотите находиться рядом с ценей вам нужно приехать заранее чтобы найти место для кемпинга в близи от музыкин
1963,"Глажка влажной одежды помогает ей высохнуть. Многие отели предоставляют напрокат утюг и гладильную доску, даже если они отсутствуют в номере.","Глашка влаженна одежда помогает ей высохнуть. Многие отели продоставляют напрокат у тюга и гладильную доску, даже если они отсутствуют в номере.",глажка влажной одежды помогает ей высохнуть многие отели предоставляют напрокат утюг и гладильную доску даже если они отсутствуют в номере,глашка влаженна одежда помогает ей высохнуть многие отели продоставляют напрокат у тюга и гладильную доску даже если они отсутствуют в номере
1732,"Эпоху, в которой происходили данные события, принято называть Высоким Средневековьем, периодом европейской истории, затрагивающим XI, XII и XIII века (1000–1300 гг. н. э.).","Эпогу, в которой происходили данные события, принято называть высоким средневековьем, перейдем к европейской истории, затрагивающим 11, 12 и 13 веках – 1000-1300 годы нашей эры.",эпоху в которой происходили данные события принято называть высоким средневековьем периодом европейской истории затрагивающим xi xii и xiii века 1000 1300 гг н э,эпогу в которой происходили данные события принято называть высоким средневековьем перейдем к европейской истории затрагивающим 11 12 и 13 веках 1000 1300 годы нашей эры
1839,"Представьте, что лыжный маршрут — это пешеходный маршрут.","Представьте, что лыжний маршрут — пешуходный маршрут.",представьте что лыжный маршрут это пешеходный маршрут,представьте что лыжний маршрут пешуходный маршрут
1859,"Собственные стили начали развиваться в Западной Европе к концу Средневековья. Одним из самых больших достижений того времени, благодаря крестовым походам, стало использование пуговиц для застегивания одежды.","Собственные стили начали развиваться в Западное Еуропия к концу Сиротневиковия, одни из самых больших достижений того времени, благодаря крестовым походам, стало использование пуговизм для застегивания одежды.",собственные стили начали развиваться в западной европе к концу средневековья одним из самых больших достижений того времени благодаря крестовым походам стало использование пуговиц для застегивания одежды,собственные стили начали развиваться в западное еуропия к концу сиротневиковия одни из самых больших достижений того времени благодаря крестовым походам стало использование пуговизм для застегивания одежды
1862,"NextGen — это система, которая, по заверению Федеральной авиационной администрации США, позволит самолетам летать по сокращенным маршрутам и ежегодно экономить миллионы галлонов топлива, а также снизить выбросы углерода.","Нокс-Джан — это система, которая, по заверению федеральной авиационной администрации США, позволит самолетам летать по сокращенным маршрутам и ежугодно экономить миллионы галлонов топлива, а также снизить выбросы углерода.",nextgen это система которая по заверению федеральной авиационной администрации сша позволит самолетам летать по сокращенным маршрутам и ежегодно экономить миллионы галлонов топлива а также снизить выбросы углерода,нокс джан это система которая по заверению федеральной авиационной администрации сша позволит самолетам летать по сокращенным маршрутам и ежугодно экономить миллионы галлонов топлива а также снизить выбросы углерода
1855,"Львиные прайды ведут себя очень похоже со стаями волков или собак — животных, которые по повадкам удивительно похожи на львов (но не других крупных кошек) и тоже очень опасны для своих жертв.","Львиные прайды ведут себя очень похоже со стайами волков или собак, животных, которые по повадкам удивительно похожи на львов, но не на других крупных кошек, и тоже очень опасны для своих жертв.",львиные прайды ведут себя очень похоже со стаями волков или собак животных которые по повадкам удивительно похожи на львов но не других крупных кошек и тоже очень опасны для своих жертв,львиные прайды ведут себя очень похоже со стайами волков или собак животных которые по повадкам удивительно похожи на львов но не на других крупных кошек и тоже очень опасны для своих жертв
2005,"Но еще можно многое сказать о птицах, которые всё ещё выглядят как динозавры.","Но еще можно многое сказать о птицах, которые все еще выглядят как динозавры.",но еще можно многое сказать о птицах которые все еще выглядят как динозавры,но еще можно многое сказать о птицах которые все еще выглядят как динозавры
1887,"Когда Лиггинс работал в больнице, в свободное от работы время он начал расследовать случаи преждевременных родов.","Когда Лигин сработал в больнице, в свободное от работы время, он начал расследовать случаи прежедневременных родов.",когда лиггинс работал в больнице в свободное от работы время он начал расследовать случаи преждевременных родов,когда лигин сработал в больнице в свободное от работы время он начал расследовать случаи прежедневременных родов
1674,"В некоторых местах достаточно прокипятить воду в течение минуты, в других потребуется несколько минут.","В некоторых местах достаточно прокипятить воду в течении минуты, в других потребуется несколько минут.",в некоторых местах достаточно прокипятить воду в течение минуты в других потребуется несколько минут,в некоторых местах достаточно прокипятить воду в течении минуты в других потребуется несколько минут
1748,В результате бригады пожарных потушили пожар к 23:35.,"В результате бригады пожарных потушили пожар к 23,35 см.",в результате бригады пожарных потушили пожар к 23 35,в результате бригады пожарных потушили пожар к 23 35 см
1774,"На удалённых островах кредитные карты, возможно, не будут приниматься, хотя британскую и американскую валюту могут принять; заранее проясните с владельцами какой способ оплаты является приемлемым.","На удаленых островах кредитные карты, возможно, не будут приниматься, хотя британская и американская валюты могут принять. Заранее преснить осылодельцами, какой способ оплаты является приемлемы.",на удаленных островах кредитные карты возможно не будут приниматься хотя британскую и американскую валюту могут принять заранее проясните с владельцами какой способ оплаты является приемлемым,на удаленых островах кредитные карты возможно не будут приниматься хотя британская и американская валюты могут принять заранее преснить осылодельцами какой способ оплаты является приемлемы
1915,Вы можете по Гома на бода-бода (мототакси). Обычная (местная) цена 500 конголезских франков за короткую поездку.,"Вы можете погому на бода-бода мотоцикл такси, обычная, местная, цена 500 гонгалесских франков за короткую поездку.",вы можете по гома на бода бода мототакси обычная местная цена 500 конголезских франков за короткую поездку,вы можете погому на бода бода мотоцикл такси обычная местная цена 500 гонгалесских франков за короткую поездку
1765,С момента основания Асунсьона в 1537 Парагваю в основном удалось сохранить большую часть своего самобытного характера и идентичности.,"С момента основания Ассунсиона, 1537 году, прогивая в основном, удалось сохранить большую часть своего самобытного характера и идентичность.",с момента основания асунсьона в 1537 парагваю в основном удалось сохранить большую часть своего самобытного характера и идентичности,с момента основания ассунсиона 1537 году прогивая в основном удалось сохранить большую часть своего самобытного характера и идентичность
1661,"Он не назвал цифру для сокращений бюджетов, сказав, что они будут сделаны исходя из производительности экономики Китая.","Он не назвал цифру для сроки рождения бюджетов, сказал, что они «будут сделать, исходя из производительности экономики Китая».",он не назвал цифру для сокращений бюджетов сказав что они будут сделаны исходя из производительности экономики китая,он не назвал цифру для сроки рождения бюджетов сказал что они будут сделать исходя из производительности экономики китая
1860,"Канцелярия губернатора сообщила, что 19 из раненных были офицерами полиции.","Концелария губернатора сообщила, что 19 из раненых были офицерами полиции.",канцелярия губернатора сообщила что 19 из раненных были офицерами полиции,концелария губернатора сообщила что 19 из раненых были офицерами полиции
1976,Отбивающие мячи среднего звена Сачин Тендулкар и Рахул Дравид хорошо выступили и заработали в тандеме результат в сто баллов.,Отбивающие миски среднего звена сачин Тиндулкар и Рахулдравит хорошо выступили изработали в тандеме результат 100 баллов.,отбивающие мячи среднего звена сачин тендулкар и рахул дравид хорошо выступили и заработали в тандеме результат в сто баллов,отбивающие миски среднего звена сачин тиндулкар и рахулдравит хорошо выступили изработали в тандеме результат 100 баллов
1667,"Как правило, могут проявляться два типа поведения когда менеджеры начинают руководить людьми, ранее равными им по статусу. Одна крайность спектра – это попытка оставаться ""своим парнем"" (или девушкой).","Как правило, могут проявляться два типа поведения, когда менеджеры начинают руководить людьми раннии равными им по статусу, однако крайний спектр — это попытка оставаться своим парнем или девушкой.",как правило могут проявляться два типа поведения когда менеджеры начинают руководить людьми ранее равными им по статусу одна крайность спектра это попытка оставаться своим парнем или девушкой,как правило могут проявляться два типа поведения когда менеджеры начинают руководить людьми раннии равными им по статусу однако крайний спектр это попытка оставаться своим парнем или девушкой
1884,"В частности, утверждается, что можно определить, лжет ли человек, при помощи правильной интерпретации его микровыражений.","В частности, утверждается, что можно определить, лжет ли человек при помощи правильной интерпретацией его микроворажений.",в частности утверждается что можно определить лжет ли человек при помощи правильной интерпретации его микровыражений,в частности утверждается что можно определить лжет ли человек при помощи правильной интерпретацией его микроворажений
1810,"Губернатор Калифорнии Арнольд Шварценеггер подписал закон, запрещающий продажу или прокат видеоигр с применением насилия несовершеннолетним лицам.","Губернатор Калифорнии Арнольд Шварценеггер подписал закон, запрещающий продажу или прокат видеоигер с применением насилия, не совершеннолетним лицем.",губернатор калифорнии арнольд шварценеггер подписал закон запрещающий продажу или прокат видеоигр с применением насилия несовершеннолетним лицам,губернатор калифорнии арнольд шварценеггер подписал закон запрещающий продажу или прокат видеоигер с применением насилия не совершеннолетним лицем
1744,"Чем меньше число Россби, тем менее активна звезда по отношению к инверсиям магнитного поля.","Чем меньше число розби, тем менее активна звезда по отношению к инверсиям магнитного поля.",чем меньше число россби тем менее активна звезда по отношению к инверсиям магнитного поля,чем меньше число розби тем менее активна звезда по отношению к инверсиям магнитного поля
1818,"Для людей может быть неожиданным, что терпение и понимание необходимо проявлять и к путешественникам, вернувшимся домой.","Для людей может быть неожиданным, что терпеть и понимания необходимо проявлять и путешествийно вернувшимся домой.",для людей может быть неожиданным что терпение и понимание необходимо проявлять и к путешественникам вернувшимся домой,для людей может быть неожиданным что терпеть и понимания необходимо проявлять и путешествийно вернувшимся домой
1765,С момента основания Асунсьона в 1537 Парагваю в основном удалось сохранить большую часть своего самобытного характера и идентичности.,"С момента останования ассунционов 1537м Прогвайу, в основном удаллось сохранить большую честь своего самобытного характера идентичности.",с момента основания асунсьона в 1537 парагваю в основном удалось сохранить большую часть своего самобытного характера и идентичности,с момента останования ассунционов 1537м прогвайу в основном удаллось сохранить большую честь своего самобытного характера идентичности
1898,"""Он [Уэльс] по сути лгал нам с самого начала. Во-первых, действуя так, как будто это нужно было сделать по юридическим причинам. Во-вторых, делая вид, что слушает нас вплоть до своего удаления изображений.""","Он, О'Эльз, посудил галаном самого начала, во-первых, действует так, как будто это нужно было сделать по еуредическим причинам, во-вторых, делая вид, что слушает нас вплоть до своего удаления изображений.",он уэльс по сути лгал нам с самого начала во первых действуя так как будто это нужно было сделать по юридическим причинам во вторых делая вид что слушает нас вплоть до своего удаления изображений,он о эльз посудил галаном самого начала во первых действует так как будто это нужно было сделать по еуредическим причинам во вторых делая вид что слушает нас вплоть до своего удаления изображений
1850,"Это обеспечит его обратную совместимость с 802.11a, 802.11b и 802.11g при условии, что у базовой станции есть двойной приемник.","Это обеспечит его обратносовместимость с 802.11A, 802.11B и 802.11G, при условии, что базовая станция есть двойной приемник.",это обеспечит его обратную совместимость с 802 11a 802 11b и 802 11g при условии что у базовой станции есть двойной приемник,это обеспечит его обратносовместимость с 802 11a 802 11b и 802 11g при условии что базовая станция есть двойной приемник
1976,Отбивающие мячи среднего звена Сачин Тендулкар и Рахул Дравид хорошо выступили и заработали в тандеме результат в сто баллов.,"Оббивающие мячи Среднего Звена Сачин, Тендулкар и Рахулдравит хорошо выступили и заработали в тандеме результат 100 баллов.",отбивающие мячи среднего звена сачин тендулкар и рахул дравид хорошо выступили и заработали в тандеме результат в сто баллов,оббивающие мячи среднего звена сачин тендулкар и рахулдравит хорошо выступили и заработали в тандеме результат 100 баллов
1777,"Оттава — это прелестная двуязычная столица Канады с огромным количеством художественных галерей и музеев, открывающих прошлое и настоящее Канады.","Аттава — это прелеса на двуязычная столица Канады, с огромным количеством художественных галереев и музеев, открывающих прошлое и настоящее Канады.",оттава это прелестная двуязычная столица канады с огромным количеством художественных галерей и музеев открывающих прошлое и настоящее канады,аттава это прелеса на двуязычная столица канады с огромным количеством художественных галереев и музеев открывающих прошлое и настоящее канады
1970,"Нам точно не известно, но не исключается, что его язык был раздвоен. Он питался черепахами, большими рыбами, прочими мозазавры, а мог быть и каннибалом.","Нам точно неизвестно, но не исключается, что его язык был раздвоен. Он питался черепахами, большими рыбами, прочими мазазаврами, а мог быть и канебалами.",нам точно не известно но не исключается что его язык был раздвоен он питался черепахами большими рыбами прочими мозазавры а мог быть и каннибалом,нам точно неизвестно но не исключается что его язык был раздвоен он питался черепахами большими рыбами прочими мазазаврами а мог быть и канебалами
1748,В результате бригады пожарных потушили пожар к 23:35.,"В результате бригады пожарных потушили пожар к 23,35",в результате бригады пожарных потушили пожар к 23 35,в результате бригады пожарных потушили пожар к 23 35
1701,"Козы, по-видимому, впервые были одомашнены около 10 000 лет назад в иранских горах Загрос.","Козы, по-видимому, в первые пыли одамашненны около 10 000 лет назад в Иранский гарак загроз.",козы по видимому впервые были одомашнены около 10 000 лет назад в иранских горах загрос,козы по видимому в первые пыли одамашненны около 10 000 лет назад в иранский гарак загроз
1769,"Великая пирамида была возведена египтянами в третьем веке до нашей эры и является одним из множества больших пирамидальных сооружений, построенных, чтобы почтить память фараона.","Великая пирамида была возведена египтанами в 3 веке до нашей Иры, и является одним из множества больших пирамидальных заружений, построенных, чтобы почтить память фараоны.",великая пирамида была возведена египтянами в третьем веке до нашей эры и является одним из множества больших пирамидальных сооружений построенных чтобы почтить память фараона,великая пирамида была возведена египтанами в 3 веке до нашей иры и является одним из множества больших пирамидальных заружений построенных чтобы почтить память фараоны
1952,"Все, кто собирается ехать по высокоширотной области или по горным перевалам, должны учитывать возможность снега, льда или морозов.","Все, кто собирается ехать по высокоширотной области или по горным перевалам, должны учитывать возможность снега, льда и морозов.",все кто собирается ехать по высокоширотной области или по горным перевалам должны учитывать возможность снега льда или морозов,все кто собирается ехать по высокоширотной области или по горным перевалам должны учитывать возможность снега льда и морозов
1680,"Будучи всесторонне развитым атлетом, тигр может взбираться на деревья (хотя и не очень хорошо), плавать, прыгать на большие расстояния и тянуть с силой пяти крепких человек.","Будучи всесторонние развитым атлетам, тигер может сбираться на деревья, хотя не очень хорошо. Плавать, брыгать на большие расстояния, и тянуть силы пятикрепких человек.",будучи всесторонне развитым атлетом тигр может взбираться на деревья хотя и не очень хорошо плавать прыгать на большие расстояния и тянуть с силой пяти крепких человек,будучи всесторонние развитым атлетам тигер может сбираться на деревья хотя не очень хорошо плавать брыгать на большие расстояния и тянуть силы пятикрепких человек
1671,"Конгресс начал финансировать инициативу по борьбе с развратом в 2005 налоговом году и определил, что ФБР должно выделить 10 агентов на борьбу со взрослой порнографией.","Конгресс начал финансировать инициативу по борьбе с разуратом в 2005-м налогам к одумьем и определил, что ФБРы должны выделять 10 агентов на борьбусах с ростлей парнографий.",конгресс начал финансировать инициативу по борьбе с развратом в 2005 налоговом году и определил что фбр должно выделить 10 агентов на борьбу со взрослой порнографией,конгресс начал финансировать инициативу по борьбе с разуратом в 2005 м налогам к одумьем и определил что фбры должны выделять 10 агентов на борьбусах с ростлей парнографий
1719,"Неблагоприятные метеоусловия — это общий термин для обозначения любого опасного явления погоды, способного причинить какой-либо ущерб, вызвать серьёзные социальные потрясения или привести к человеческим жертвам.","Неблагоприятные метеоусловия — это общий термин для обозначения любого опасного явления погоды, способного причинить какой-либо ущерб, вызвать серьезные социальные потрясения или привести к человеческим жертвам.",неблагоприятные метеоусловия это общий термин для обозначения любого опасного явления погоды способного причинить какой либо ущерб вызвать серьезные социальные потрясения или привести к человеческим жертвам,неблагоприятные метеоусловия это общий термин для обозначения любого опасного явления погоды способного причинить какой либо ущерб вызвать серьезные социальные потрясения или привести к человеческим жертвам
1712,"С 1966 года Сундарбан является заповедником дикой природы, и, по имеющимся подсчётам, на его территории в настоящее время обитают 400 бенгальских тигров и около 30 000 пятнистых оленей.","С 1966 года Сундарпан гиблется заповедникам дико природы, и по имейшимся подсчетам, на его территории в настоящее время питают 400 бинкальских тигров и около 30 000 пикнестых оленей.",с 1966 года сундарбан является заповедником дикой природы и по имеющимся подсчетам на его территории в настоящее время обитают 400 бенгальских тигров и около 30 000 пятнистых оленей,с 1966 года сундарпан гиблется заповедникам дико природы и по имейшимся подсчетам на его территории в настоящее время питают 400 бинкальских тигров и около 30 000 пикнестых оленей
1745,"Растения выглядят лучше всего в своей естественной среде обитания, поэтому не поддавайтесь искушению взять хотя бы один экземпляр.","Растения выглядят лучше всего в своей естественной среде обитания, поэтому не поддавайтесь искушению взять хотя бы один экземпляр.",растения выглядят лучше всего в своей естественной среде обитания поэтому не поддавайтесь искушению взять хотя бы один экземпляр,растения выглядят лучше всего в своей естественной среде обитания поэтому не поддавайтесь искушению взять хотя бы один экземпляр
1951,"В 2002 году город Гома был разрушен лавой вулкана Ньирагонго, которая похоронила под собой большую часть городских улиц, особенно центральную часть города.","В 2002 году город Гома был разрушен лавой вулкана Нирогонга, которая похоронила под собой большую часть городских улиц, особенно центральную часть города.",в 2002 году город гома был разрушен лавой вулкана ньирагонго которая похоронила под собой большую часть городских улиц особенно центральную часть города,в 2002 году город гома был разрушен лавой вулкана нирогонга которая похоронила под собой большую часть городских улиц особенно центральную часть города
1754,"На видимой стороне может быть больше лунных морей, потому что там кора тоньше. Лаве было легче подняться на поверхность.","На видимо, стороне может быть больше лунных морей, потому что там коротоньше. Лави было легче подняться на поверхность.",на видимой стороне может быть больше лунных морей потому что там кора тоньше лаве было легче подняться на поверхность,на видимо стороне может быть больше лунных морей потому что там коротоньше лави было легче подняться на поверхность
1669,"Начальник полиции Чандра Шехар Соланки заявил, что обвиняемые были представлены перед судьями с закрытыми лицами.","Начанник полиции Чандра Шехар Саланки заявил, что в Венямо были представлены «передсудьями» с «закрытыми лицами».",начальник полиции чандра шехар соланки заявил что обвиняемые были представлены перед судьями с закрытыми лицами,начанник полиции чандра шехар саланки заявил что в венямо были представлены передсудьями с закрытыми лицами
1755,Одна из бомб взорвалась возле офиса генерал-губернатора.,Одна из бомб взорвалась возле офиса генерал-губернатора.,одна из бомб взорвалась возле офиса генерал губернатора,одна из бомб взорвалась возле офиса генерал губернатора
1887,"Когда Лиггинс работал в больнице, в свободное от работы время он начал расследовать случаи преждевременных родов.","Когда львинц работал в больнице, субботные от работы время, он начал расследовать случаи преждевременных родов.",когда лиггинс работал в больнице в свободное от работы время он начал расследовать случаи преждевременных родов,когда львинц работал в больнице субботные от работы время он начал расследовать случаи преждевременных родов
1875,"Целые 20 процентов воды, поступаемой из рек нашей планеты в океаны, текут из Амазонки.","Целый 20% воды, поступаемый из рек нашей планеты, в океаны, текут из Амазонки.",целые 20 процентов воды поступаемой из рек нашей планеты в океаны текут из амазонки,целый 20 воды поступаемый из рек нашей планеты в океаны текут из амазонки
1665,"Документ, согласно утечке информации, будет касаться спора насчёт границ, которые Палестина хочет установить на основе тех, что существовали до начала Шестидневной войны 1967 года.","Документ, согласно утечке информацией, будет касаться спор насчет границ, которые Полистина хочет остановить на основе тех, что существовали до начала Счастья дневной войны 1967-го года.",документ согласно утечке информации будет касаться спора насчет границ которые палестина хочет установить на основе тех что существовали до начала шестидневной войны 1967 года,документ согласно утечке информацией будет касаться спор насчет границ которые полистина хочет остановить на основе тех что существовали до начала счастья дневной войны 1967 го года
1693,"Однако после потери калитки капитана Индия совершила лишь 36 пробегов, потеряв 7 калиток для завершения иннингсов.","Однако, после потери калитки, Капитана Индиа совершила лишь 36 пробегов, потеряв 7 калиток для завершения Инингсов.",однако после потери калитки капитана индия совершила лишь 36 пробегов потеряв 7 калиток для завершения иннингсов,однако после потери калитки капитана индиа совершила лишь 36 пробегов потеряв 7 калиток для завершения инингсов
1757,"Только мутации в клетках зародышевой линии могут передаваться далее детям, в то время как мутации где-то ещё могут привести к гибели клеток или раку.","Только мутаций в клетках зародышево линии могут передаваться дали детям, в то время как мутация где-то еще могут привести гибели клеток или раку.",только мутации в клетках зародышевой линии могут передаваться далее детям в то время как мутации где то еще могут привести к гибели клеток или раку,только мутаций в клетках зародышево линии могут передаваться дали детям в то время как мутация где то еще могут привести гибели клеток или раку
1706,"Более традиционные церкви зачастую проводят пасхальное богослужение в субботу вечером во время пасхальных выходных, при этом прихожане обычно начинают в полночь празднование Воскресения Христа.","Более традиционные церкви зачастую проводят пасхальное богослужение в субботу вечером во время пасхальных выходных, при этом прихажания обычно начинают в полночь празднования Паскрисения Христа.",более традиционные церкви зачастую проводят пасхальное богослужение в субботу вечером во время пасхальных выходных при этом прихожане обычно начинают в полночь празднование воскресения христа,более традиционные церкви зачастую проводят пасхальное богослужение в субботу вечером во время пасхальных выходных при этом прихажания обычно начинают в полночь празднования паскрисения христа
1883,"Высота подмостового габарита составляет 15 метров. Строительство было завершено в августе 2011 года, его не открывали для движения до марта 2017 года.","Высота подмостового габарита составляет 15 метров. Стратильство было завершено в августе 2011 года, его не открывали для движения до марта 2017-го.",высота подмостового габарита составляет 15 метров строительство было завершено в августе 2011 года его не открывали для движения до марта 2017 года,высота подмостового габарита составляет 15 метров стратильство было завершено в августе 2011 года его не открывали для движения до марта 2017 го
1809,"Шпалы начали применяться довольно давно для того, чтобы удерживать рельсы на месте. Однако впоследствии стало ясно, что пути были более эффективны при полосе из железа сверху.","Шпалы начали применяться довольно давно для того, чтобы удерживать рельсы на месте, однако впоследствии стало ясно, что пути были более эффективны при полосе и железе сверху.",шпалы начали применяться довольно давно для того чтобы удерживать рельсы на месте однако впоследствии стало ясно что пути были более эффективны при полосе из железа сверху,шпалы начали применяться довольно давно для того чтобы удерживать рельсы на месте однако впоследствии стало ясно что пути были более эффективны при полосе и железе сверху
1741,"Большие области далее к северу довольно редко заселены, а некоторые из них – практически незаселённая глушь.","Большие области дали к северу довольно редко застелены, а некоторые из них – практически не заселённые глушь.",большие области далее к северу довольно редко заселены а некоторые из них практически незаселенная глушь,большие области дали к северу довольно редко застелены а некоторые из них практически не заселенные глушь
1778,"В репортажах по телевидению сообщается  о белом дыме, идущем от завода.",В репортажах по телевидению сообщается у белым дыми идущим от завода.,в репортажах по телевидению сообщается о белом дыме идущем от завода,в репортажах по телевидению сообщается у белым дыми идущим от завода
1896,"Федерация гимнастики США и Олимпийский комитет США имеют одинаковую цель — сделать гимнастику и другие виды спорта настолько безопасными для спортсменов, насколько это возможно, чтобы они могли стремиться к своим целям в безопасной, позитивной среде и были наделены всеми правами.","Федерация гимнастики США и Олимпийский комитет США имеют одинаковый цель – сделать гимнастику и другие виды спорта настолько безопасными для спортсменов, насколько это возможно, чтобы они могли стремиться к своим целям в безопасной, позитивной среде и были наделены всеми правами.",федерация гимнастики сша и олимпийский комитет сша имеют одинаковую цель сделать гимнастику и другие виды спорта настолько безопасными для спортсменов насколько это возможно чтобы они могли стремиться к своим целям в безопасной позитивной среде и были наделены всеми правами,федерация гимнастики сша и олимпийский комитет сша имеют одинаковый цель сделать гимнастику и другие виды спорта настолько безопасными для спортсменов насколько это возможно чтобы они могли стремиться к своим целям в безопасной позитивной среде и были наделены всеми правами
1707,Он является одной из главных достопримечательностей Южной Африки и считается ведущим среди южноафриканских национальных парков (SANParks).,Он является одной из главных достопримечательностей Южной Африки и считается ведущим среди Южнофриканских национальных парков Сан-Паркс.,он является одной из главных достопримечательностей южной африки и считается ведущим среди южноафриканских национальных парков sanparks,он является одной из главных достопримечательностей южной африки и считается ведущим среди южнофриканских национальных парков сан паркс
1942,Мы строим наши дома и изготавливаем одежду из растений. Большая часть нашей пищи — это растения. Без растений животные не смогли бы выжить.,"Мы строим наши дамма и изготавливаемым одежды из растений. Большая часть нашей пищи – это растения, без растений животные не смогли бы выжить.",мы строим наши дома и изготавливаем одежду из растений большая часть нашей пищи это растения без растений животные не смогли бы выжить,мы строим наши дамма и изготавливаемым одежды из растений большая часть нашей пищи это растения без растений животные не смогли бы выжить
1873,Твердо отказывайте мужчинам и не бойтесь стоять на своем (такое недопустимо вне зависимости от культурных различий!).,Твёрдый отказ в эти мужчинам и не бойтесь стоять на своём. Такое недопустимо вне зависимости от культурных различий.,твердо отказывайте мужчинам и не бойтесь стоять на своем такое недопустимо вне зависимости от культурных различий,твердый отказ в эти мужчинам и не бойтесь стоять на своем такое недопустимо вне зависимости от культурных различий
1684,Апиа – столица Самоа. Город расположен на острове Уполу и имеет население чуть менее 40 000 жителей.,Апиа-столиция Самуа. Город расположен на острове Уполлу и имеет население чуть менее 40 000 жителей.,апиа столица самоа город расположен на острове уполу и имеет население чуть менее 40 000 жителей,апиа столиция самуа город расположен на острове уполлу и имеет население чуть менее 40 000 жителей
1665,"Документ, согласно утечке информации, будет касаться спора насчёт границ, которые Палестина хочет установить на основе тех, что существовали до начала Шестидневной войны 1967 года.","Докуменция, классно утечки информацией, будет касаться споры насчет границ, который Палестина хочет установить на основе тех, что существовали до начала 6 днев на войны 1967 года.",документ согласно утечке информации будет касаться спора насчет границ которые палестина хочет установить на основе тех что существовали до начала шестидневной войны 1967 года,докуменция классно утечки информацией будет касаться споры насчет границ который палестина хочет установить на основе тех что существовали до начала 6 днев на войны 1967 года
1768,"Большинство зданий по краям комплекса было перестроено, чтобы дать туристам более точное представление о том, как они выглядели изначально.","Большинство зданий по краям комплекса было перестроено, чтобы дать туристам более точное представление о том, как они выглядели и сначально.",большинство зданий по краям комплекса было перестроено чтобы дать туристам более точное представление о том как они выглядели изначально,большинство зданий по краям комплекса было перестроено чтобы дать туристам более точное представление о том как они выглядели и сначально
1784,"Гренландия была слабо заселена. В скандинавских сагах повествуется о том, что Эрика Рыжего изгнали из Исландии за убийство, и, продвигаясь дальше на запад, он открыл Гренландию и дал ей название.","Эринландия была слабо заселена. В скандинавских сахарах повествуется о том, что Эрика Рыжо изаналит из Исландия за убийство, и, продвигаясь дальше на Запад, он открыл Эринландию и дал ей названия.",гренландия была слабо заселена в скандинавских сагах повествуется о том что эрика рыжего изгнали из исландии за убийство и продвигаясь дальше на запад он открыл гренландию и дал ей название,эринландия была слабо заселена в скандинавских сахарах повествуется о том что эрика рыжо изаналит из исландия за убийство и продвигаясь дальше на запад он открыл эринландию и дал ей названия
1962,Показатель pH определяется степенью насыщенности ионами водорода (H в pH) исследуемого химического соединения.,"Показатель ПХ определяется степенью насыщенности ионами водорода, HFPH, исследуемого химического соединения.",показатель ph определяется степенью насыщенности ионами водорода h в ph исследуемого химического соединения,показатель пх определяется степенью насыщенности ионами водорода hfph исследуемого химического соединения
1742,"Территория Гонконга была названа в честь острова Гонконг, места, которое многие туристы считают главным объектом  своего внимания.","Территория Гонконга была названа в честь Острова Гонконг — место, которое многие туристы считают главным объектом своего внимания.",территория гонконга была названа в честь острова гонконг места которое многие туристы считают главным объектом своего внимания,территория гонконга была названа в честь острова гонконг место которое многие туристы считают главным объектом своего внимания
1670,"Их термические характеристики не такие стабильные, как у больших пещер на Земле, которые часто поддерживают почти постоянную температуру, но они соответствуют тому, что является глубокими ямами в грунте, — сообщил Глен Кушинг из отдела планетной геологии Геологической службы США и Университета Северной Аризоны, расположенного во Флагстаффе, Аризона.","Их термические характеристики не такие стабильные, как у больших пешер на Земле, которые часто поддерживают почти постоянную температуру, но они соответствуют к тому, что является «глубокими ямами» в Грунте, — сообщил Гленн Кушинг из отдела планетной геологии, геологическая служба США и университета Северной Оризоны, расположенного во флакстафи Оризоны.",их термические характеристики не такие стабильные как у больших пещер на земле которые часто поддерживают почти постоянную температуру но они соответствуют тому что является глубокими ямами в грунте сообщил глен кушинг из отдела планетной геологии геологической службы сша и университета северной аризоны расположенного во флагстаффе аризона,их термические характеристики не такие стабильные как у больших пешер на земле которые часто поддерживают почти постоянную температуру но они соответствуют к тому что является глубокими ямами в грунте сообщил гленн кушинг из отдела планетной геологии геологическая служба сша и университета северной оризоны расположенного во флакстафи оризоны
1754,"На видимой стороне может быть больше лунных морей, потому что там кора тоньше. Лаве было легче подняться на поверхность.","На видимой стороне может быть больше луны и морей, потому что там коротоньше. Лави было легче подняться на поверхность.",на видимой стороне может быть больше лунных морей потому что там кора тоньше лаве было легче подняться на поверхность,на видимой стороне может быть больше луны и морей потому что там коротоньше лави было легче подняться на поверхность
1870,"Сцены показывают на пирамидах, и разные пирамиды освещаются.","Сцены показывают на пирамидах, и разные пирамиды освещаются.",сцены показывают на пирамидах и разные пирамиды освещаются,сцены показывают на пирамидах и разные пирамиды освещаются
1831,"Национальный парк Плитвицкие озёра сильно зарос лесом, в основном буками, елями и пихтами, и представляет собой смесь альпийской и средиземноморской растительности.","Национальный парк литвицкие озера сильно зарослесу, в основном буками, елами и пиктами, и представляет суббой смесь альпийской и Средиземорсской растительности.",национальный парк плитвицкие озера сильно зарос лесом в основном буками елями и пихтами и представляет собой смесь альпийской и средиземноморской растительности,национальный парк литвицкие озера сильно зарослесу в основном буками елами и пиктами и представляет суббой смесь альпийской и средиземорсской растительности
1690,"Мы согласны с заявлением USOC о том, что интересам наших спортсменов, клубов, а также их видов спорта, больше соответствует проведение реформ внутри нашей организации, а не аннулирование ее сертификации.","Мы согласны с заявленням «Yusok» о том, что интересам наших спортсменов, клубов, а также их видов спорта, больше соответствует проведение реформ внутри нашей организаций, а не аннулирования её сертификаций.",мы согласны с заявлением usoc о том что интересам наших спортсменов клубов а также их видов спорта больше соответствует проведение реформ внутри нашей организации а не аннулирование ее сертификации,мы согласны с заявленням yusok о том что интересам наших спортсменов клубов а также их видов спорта больше соответствует проведение реформ внутри нашей организаций а не аннулирования ее сертификаций
1870,"Сцены показывают на пирамидах, и разные пирамиды освещаются.","Сцены показывают на пирамидах, и разные пирамиды освещаются.",сцены показывают на пирамидах и разные пирамиды освещаются,сцены показывают на пирамидах и разные пирамиды освещаются
1928,К 1976 году было восстановлено 30% Мачу-Пикчу. Работы по реставрации продолжаются и по сей день.,В 1976 году был обостанури 30% матчу к пикчу. Работы по реставрациям продолжаются и по сей день.,к 1976 году было восстановлено 30 мачу пикчу работы по реставрации продолжаются и по сей день,в 1976 году был обостанури 30 матчу к пикчу работы по реставрациям продолжаются и по сей день
1772,"Таким образом, вполне вероятно, что запись была добавлена просто как пометка.","Таким образом, вполне вероятна, что запись была добавлена просто как пометка.",таким образом вполне вероятно что запись была добавлена просто как пометка,таким образом вполне вероятна что запись была добавлена просто как пометка
1955,"Рассеянный склероз – это заболевание, поражающее центральную нервную систему, которая состоит из головного мозга, спинного мозга и зрительного нерва.","Рассейный склероз — это заболевание, поражающее центральную нервную систему, которая состоит из голубного мозга, спинного мозга и зрительного нерва.",рассеянный склероз это заболевание поражающее центральную нервную систему которая состоит из головного мозга спинного мозга и зрительного нерва,рассейный склероз это заболевание поражающее центральную нервную систему которая состоит из голубного мозга спинного мозга и зрительного нерва
1701,"Козы, по-видимому, впервые были одомашнены около 10 000 лет назад в иранских горах Загрос.","Козы, по-видимому, впервые были одамашнины около 10 000 лет назад в уранский горах Загроз.",козы по видимому впервые были одомашнены около 10 000 лет назад в иранских горах загрос,козы по видимому впервые были одамашнины около 10 000 лет назад в уранский горах загроз
1971,"Сильные ветра, град, обильные осадки и лесные пожары являются проявлениями и эффектами суровых погодных явлений, таких как  бури, торнадо, водяные смерчи и ураганы.","Сильные витра, грады, обильные осадки и лесные пожары являются проявлениями и эффектами сыровых погодных явлений, таких как буря, торнадо, водяные смертчи и органы.",сильные ветра град обильные осадки и лесные пожары являются проявлениями и эффектами суровых погодных явлений таких как бури торнадо водяные смерчи и ураганы,сильные витра грады обильные осадки и лесные пожары являются проявлениями и эффектами сыровых погодных явлений таких как буря торнадо водяные смертчи и органы
1696,"Исследователи университета сообщили, что эти два соединения вступают друг с другом в реакцию, образуя кристаллы, которые могут блокировать работу почек.","Исследователи университета сообщили, что эти два соединения вступают друг с другом в реакцию, образуя кристаллы, которые могут блокировать работу почек.",исследователи университета сообщили что эти два соединения вступают друг с другом в реакцию образуя кристаллы которые могут блокировать работу почек,исследователи университета сообщили что эти два соединения вступают друг с другом в реакцию образуя кристаллы которые могут блокировать работу почек
1818,"Для людей может быть неожиданным, что терпение и понимание необходимо проявлять и к путешественникам, вернувшимся домой.","Для людей может быть неожиданным, что терпение и понимание необходимо проявлять и к путешествиях вернувшимся домой.",для людей может быть неожиданным что терпение и понимание необходимо проявлять и к путешественникам вернувшимся домой,для людей может быть неожиданным что терпение и понимание необходимо проявлять и к путешествиях вернувшимся домой
1682,"Хотя никто не знает наверняка, кто его написал, известно, что в начале своего существования этот большой пергаментный документ (размером 29¾ на 24½ дюйма) был свёрнут для более удобного хранения.","Хотя никто не знает, наверняка, кто его написал, известно, что в начале своего существования этот большой перкометный документ размером 29,34 на 24,1 дюйма был свернут для более удобного хранения.",хотя никто не знает наверняка кто его написал известно что в начале своего существования этот большой пергаментный документ размером 293 4 на 241 2 дюйма был свернут для более удобного хранения,хотя никто не знает наверняка кто его написал известно что в начале своего существования этот большой перкометный документ размером 29 34 на 24 1 дюйма был свернут для более удобного хранения
1809,"Шпалы начали применяться довольно давно для того, чтобы удерживать рельсы на месте. Однако впоследствии стало ясно, что пути были более эффективны при полосе из железа сверху.","Шпалы начали применяться довольно давно, для того, чтобы удерживать рельсы на месте. Однако, в последствии, стало ясно, что пути были более эффективны при полосе из железа сверху.",шпалы начали применяться довольно давно для того чтобы удерживать рельсы на месте однако впоследствии стало ясно что пути были более эффективны при полосе из железа сверху,шпалы начали применяться довольно давно для того чтобы удерживать рельсы на месте однако в последствии стало ясно что пути были более эффективны при полосе из железа сверху
1926,"Во всех научных вопросах, включая психологию, были приняты взгляды Аристотеля.","Во всех научных вопросах, включая психологию, были приняты взгляды элстотиля.",во всех научных вопросах включая психологию были приняты взгляды аристотеля,во всех научных вопросах включая психологию были приняты взгляды элстотиля
1731,"Исследуя архипелаги или посещая озера, вы вполне сможете обойтись и без яхты.","Исследуя архипелаги или посещая озера, вы вполне сможете обатить и без яхты.",исследуя архипелаги или посещая озера вы вполне сможете обойтись и без яхты,исследуя архипелаги или посещая озера вы вполне сможете обатить и без яхты
1909,"Виртуальные команды придерживаются тех же стандартов мастерства, что и обычные команды, но имеются небольшие различия.","Виртуальные команды придерживаются от тех же стандартов мастерства, что и обычные команды, но имеются небольшие различия.",виртуальные команды придерживаются тех же стандартов мастерства что и обычные команды но имеются небольшие различия,виртуальные команды придерживаются от тех же стандартов мастерства что и обычные команды но имеются небольшие различия
1831,"Национальный парк Плитвицкие озёра сильно зарос лесом, в основном буками, елями и пихтами, и представляет собой смесь альпийской и средиземноморской растительности.","Национальный парк литвицкий озера сильно зарослесым, в основном букыми, елыми и пихтыми, и представляет с собой смесь альпийской и Средиземноборской растительности.",национальный парк плитвицкие озера сильно зарос лесом в основном буками елями и пихтами и представляет собой смесь альпийской и средиземноморской растительности,национальный парк литвицкий озера сильно зарослесым в основном букыми елыми и пихтыми и представляет с собой смесь альпийской и средиземноборской растительности
1686,"В итоге сплочённая работа организации с целью преодолеть препятствие может привести к новому инновационному процессу, который будет отвечать интересам клиента.","В итоге, с плаченой работы организаций с целью преодолеть препятствия может привести к новому инновационному процессу, который будет отвечать интересам клиента.",в итоге сплоченная работа организации с целью преодолеть препятствие может привести к новому инновационному процессу который будет отвечать интересам клиента,в итоге с плаченой работы организаций с целью преодолеть препятствия может привести к новому инновационному процессу который будет отвечать интересам клиента
1908,Важно различать глаголы и дополнения.,Важно различать склоголы и дополнения.,важно различать глаголы и дополнения,важно различать склоголы и дополнения
1843,"Профессор Памела Фергюсон из Университета Данди отмечает, что ""журналисты, похоже, и вправду ходят по опасной грани, публикуя фотографии и прочие данные о подозреваемых"".","Павел Павлович, профессор Павел Павловича, профессор Павел Павловича, профессор Павел Павловича, профессор Павловича, профессор Павловича, профессор Павловича, профессор Павловича, профессор Павловича, профессор Павловича, профессор Павловича, профессор Павловича, профессор Павловича, профессор Павловича, профессор Павловича, профессор Павловича, профессор Павловича, профессор Павловича, профессор Павловича, профессор Павловича, профессор Павловича, профессор Павловича, профессор Павловича, профессор Павловича, профессор Павловича, профессор Павловича, профессор Павловича, профессор Павловича, профессор Павловича, профессор Павловича, профессор Павловича, профессор Павловича, профессор Павловича, профессор Павловича, профессор Павловича, профессор Павловича, профессор Павловича, профессор Павловича, профессор Павловича, профессор Павловича, профессор Павловича, профессор Павловича, профессор Павловича, профессор Павловича, профессор Павловича, профессор Павловича, профессор Павловича, профессор Павловича, профессор Павловича, профессор Павловича, профессор Павловича, профессор Павловича, профессор Павловича, профессор Павловича, профессор П",профессор памела фергюсон из университета данди отмечает что журналисты похоже и вправду ходят по опасной грани публикуя фотографии и прочие данные о подозреваемых,павел павлович профессор павел павловича профессор павел павловича профессор павел павловича профессор павловича профессор павловича профессор павловича профессор павловича профессор павловича профессор павловича профессор павловича профессор павловича профессор павловича профессор павловича профессор павловича профессор павловича профессор павловича профессор павловича профессор павловича профессор павловича профессор павловича профессор павловича профессор павловича профессор павловича профессор павловича профессор павловича профессор павловича профессор павловича профессор павловича профессор павловича профессор павловича профессор павловича профессор павловича профессор павловича профессор павловича профессор павловича профессор павловича профессор павловича профессор павловича профессор павловича профессор павловича профессор павловича профессор павловича профессор павловича профессор павловича профессор павловича профессор павловича профессор павловича профессор павловича профессор павловича профессор павловича профессор павловича профессор павловича профессор павловича профессор п
1817,Но Шенгенская зона в этом плане функционирует как единая страна.,Но шинхенская зона в этом плане функционирует как единая страна.,но шенгенская зона в этом плане функционирует как единая страна,но шинхенская зона в этом плане функционирует как единая страна
1692,"Согласно ядерному управлению Японии, на заводе были обнаружены радиоактивный цезий и йод.","Согласно ядерному управлению Япония, на заоде были обнаружены радиоактивные цези ИОД.",согласно ядерному управлению японии на заводе были обнаружены радиоактивный цезий и йод,согласно ядерному управлению япония на заоде были обнаружены радиоактивные цези иод
1700,Она тоньше под лунными морями и толще под нагорьями.,Он атоиньше под лунными морям и толще под нагоремя.,она тоньше под лунными морями и толще под нагорьями,он атоиньше под лунными морям и толще под нагоремя
1958,"Данный город сильно отличается от других городов страны, так как в нем преобладает арабский колорит, а не африканский.","Данне город сильно отличается от других городов страны, так как в нем преобладает арабский колорит, а не африканский.",данный город сильно отличается от других городов страны так как в нем преобладает арабский колорит а не африканский,данне город сильно отличается от других городов страны так как в нем преобладает арабский колорит а не африканский
1910,"Парижане слывут эгоцентричными, грубыми и надменными.","Парижания сливают эгоцентричными, грубыми и надменными.",парижане слывут эгоцентричными грубыми и надменными,парижания сливают эгоцентричными грубыми и надменными
1916,"В немецкой выпечке часто используются миндаль, фундук и другие древесные орехи. Зачастую популярные торты отлично сочетаются с чашкой крепкого кофе.","В немецкой выпечке часто используются миндаль, фунтук и другие древесные орехи. Зачастую популярные торты отлично сочетаются с чашкой крепкого кофе.",в немецкой выпечке часто используются миндаль фундук и другие древесные орехи зачастую популярные торты отлично сочетаются с чашкой крепкого кофе,в немецкой выпечке часто используются миндаль фунтук и другие древесные орехи зачастую популярные торты отлично сочетаются с чашкой крепкого кофе
1766,"Некоторые атомы имеют нестабильное ядро, что означает, что они склонны распадаться при малом воздействие или без него.","Некоторые атомы имеют нестабильное ядро, что означает, что они склонны распадаться при малом воздействии, или без него.",некоторые атомы имеют нестабильное ядро что означает что они склонны распадаться при малом воздействие или без него,некоторые атомы имеют нестабильное ядро что означает что они склонны распадаться при малом воздействии или без него
1716,"Развлекательно-новостной сайт TMZ полагает, что фотограф остановил свой автомобиль на противоположной стороне бульвара Сепульведа и попытался сделать снимки остановки полицейскими, перед тем как перейти дорогу и продолжить. Полицейский Калифорнийского дорожного патруля, остановивший движение, дважды был вынужден приказать ему перейти обратно.","Развлекателено в осстой сайт TMZ полагает, что фотограф остановил свой автомобиль на противоположенном стороне бульвара Сильпульведа и попытался сделать снимки, остановки полицейскими, перед тем, как перейти дорогу и продолжить. Полицейский Калифорниско-дорожный патруля, остановивший движение, дважды был вынужден приказать ему перейти обратно.",развлекательно новостной сайт tmz полагает что фотограф остановил свой автомобиль на противоположной стороне бульвара сепульведа и попытался сделать снимки остановки полицейскими перед тем как перейти дорогу и продолжить полицейский калифорнийского дорожного патруля остановивший движение дважды был вынужден приказать ему перейти обратно,развлекателено в осстой сайт tmz полагает что фотограф остановил свой автомобиль на противоположенном стороне бульвара сильпульведа и попытался сделать снимки остановки полицейскими перед тем как перейти дорогу и продолжить полицейский калифорниско дорожный патруля остановивший движение дважды был вынужден приказать ему перейти обратно
1747,Коллеги-рестлеры тоже отдали Луне дань уважения.,Коллеги реслеры тоже отдали луне даноубажения.,коллеги рестлеры тоже отдали луне дань уважения,коллеги реслеры тоже отдали луне даноубажения
1995,"Виртуальный скаффолдинг, помогающий в обучении, встроен в программное обеспечение и предназначен для того, чтобы напоминать, объяснять и задавать вопросы насчёт процедур, с которыми обучающемуся, возможно, было бы слишком трудно справиться в одиночку.","Виртуальный скофолдинг, помогающий в обучении, встроен в программное обеспечение и предназначен для того, чтобы напоминать, объяснять и задавать вопросы насчет процедур, с которыми обучаемся. Возможно, было бы слишком трудно справиться в одиночку.",виртуальный скаффолдинг помогающий в обучении встроен в программное обеспечение и предназначен для того чтобы напоминать объяснять и задавать вопросы насчет процедур с которыми обучающемуся возможно было бы слишком трудно справиться в одиночку,виртуальный скофолдинг помогающий в обучении встроен в программное обеспечение и предназначен для того чтобы напоминать объяснять и задавать вопросы насчет процедур с которыми обучаемся возможно было бы слишком трудно справиться в одиночку
1773,Прерывание сна — это процесс целенаправленного пробуждения во время обычного сна и повторного засыпания через короткое время (10–60 минут).,Прирывания сына — это процесс целенаправленного пробуждения во время обычного сына и повторного засыпания через короткое время — 10-60 минут.,прерывание сна это процесс целенаправленного пробуждения во время обычного сна и повторного засыпания через короткое время 10 60 минут,прирывания сына это процесс целенаправленного пробуждения во время обычного сына и повторного засыпания через короткое время 10 60 минут
1963,"Глажка влажной одежды помогает ей высохнуть. Многие отели предоставляют напрокат утюг и гладильную доску, даже если они отсутствуют в номере.","Глашка влажной одежды помогает ей высухнуть. Многие отели продоставляют на прокат уйти и гладильные доску, даже если они у нее тсутсует в номере.",глажка влажной одежды помогает ей высохнуть многие отели предоставляют напрокат утюг и гладильную доску даже если они отсутствуют в номере,глашка влажной одежды помогает ей высухнуть многие отели продоставляют на прокат уйти и гладильные доску даже если они у нее тсутсует в номере
1740,Звуковое и световое шоу на фоне пирамиды является одним из самых интересных мероприятий в этой местности для детей.,Звуковое и световое шоу на фоне пирамиды является одним из самых интересных мероприятий в этой местности для детей.,звуковое и световое шоу на фоне пирамиды является одним из самых интересных мероприятий в этой местности для детей,звуковое и световое шоу на фоне пирамиды является одним из самых интересных мероприятий в этой местности для детей
1988,"Среди большинства граждан и народов в 1920-е годы преобладали такие настроения, как пацифизм и изоляция.",Среди большинства граждан и народов в 1920-е годы преобладали такие настроения как пацифизм и изоляция.,среди большинства граждан и народов в 1920 е годы преобладали такие настроения как пацифизм и изоляция,среди большинства граждан и народов в 1920 е годы преобладали такие настроения как пацифизм и изоляция
1923,"Эта стратегия доказала свою эффективность, отрезав жизненно важные военные и гражданские поставки, хотя эта блокада нарушала принятые повсеместно международные законы, изложенные в нескольких международных соглашениях за последние двести лет.","Эта стратегия доказала свою эффективность, отрезав жизненноваженные военные и гражданские поставки, хотя эта блокада нарушала принятые посемесно-международные законы, изложенные в нескольких международных соглашениях за последние 200 лет.",эта стратегия доказала свою эффективность отрезав жизненно важные военные и гражданские поставки хотя эта блокада нарушала принятые повсеместно международные законы изложенные в нескольких международных соглашениях за последние двести лет,эта стратегия доказала свою эффективность отрезав жизненноваженные военные и гражданские поставки хотя эта блокада нарушала принятые посемесно международные законы изложенные в нескольких международных соглашениях за последние 200 лет
1680,"Будучи всесторонне развитым атлетом, тигр может взбираться на деревья (хотя и не очень хорошо), плавать, прыгать на большие расстояния и тянуть с силой пяти крепких человек.","Будучи всесторонни развитым атлетом, тигер может сбираться на деревья, хотя и не очень хорошо – плавать, прыгать на большие расстояния и тянуть с силой пяти крепких человек.",будучи всесторонне развитым атлетом тигр может взбираться на деревья хотя и не очень хорошо плавать прыгать на большие расстояния и тянуть с силой пяти крепких человек,будучи всесторонни развитым атлетом тигер может сбираться на деревья хотя и не очень хорошо плавать прыгать на большие расстояния и тянуть с силой пяти крепких человек
1729,"Например, ежегодно учащиеся школы Беннет в Северной Каролине создают сайт о своём посещении столицы штата, и каждый год этот сайт обновляется, но доступ к старым версиям по-прежнему сохраняется — они служат памятным альбомом.","Например, ежегодно учащиеся школы Бенет в Северной Королини создают сайт о своем посещении столице штата, и каждый год этот сайт обновляется, но доступ к старым версиям, по-прежнему, сохраняется, а не слушает памятным альбомам.",например ежегодно учащиеся школы беннет в северной каролине создают сайт о своем посещении столицы штата и каждый год этот сайт обновляется но доступ к старым версиям по прежнему сохраняется они служат памятным альбомом,например ежегодно учащиеся школы бенет в северной королини создают сайт о своем посещении столице штата и каждый год этот сайт обновляется но доступ к старым версиям по прежнему сохраняется а не слушает памятным альбомам
1674,"В некоторых местах достаточно прокипятить воду в течение минуты, в других потребуется несколько минут.","В некоторых местах достаточно прокипятить воду в течении минуты, в других потребуется несколько минут.",в некоторых местах достаточно прокипятить воду в течение минуты в других потребуется несколько минут,в некоторых местах достаточно прокипятить воду в течении минуты в других потребуется несколько минут
1830,Правящая партия Организация народов Юго‑Западной Африки (СВАПО) также сохранила большинство на парламентских выборах.,"Правящая партия организация народов Юго-Западной Африки – Свапо, так же сохранило большинство на парламентских выборах.",правящая партия организация народов юго западной африки свапо также сохранила большинство на парламентских выборах,правящая партия организация народов юго западной африки свапо так же сохранило большинство на парламентских выборах
1826,"После несчастного случая Гибсон был доставлен в больницу, но вскоре скончался.","После несчастливого случая, Гибсон был доставлен в больницу, но вскоре скончался.",после несчастного случая гибсон был доставлен в больницу но вскоре скончался,после несчастливого случая гибсон был доставлен в больницу но вскоре скончался
1802,"Интернет сочетает в себе элементы как массовых, так и межличностных коммуникаций.","Интернация читает в себе элементы как массовых, так и ирмежеличностных коммуникаций.",интернет сочетает в себе элементы как массовых так и межличностных коммуникаций,интернация читает в себе элементы как массовых так и ирмежеличностных коммуникаций
1755,Одна из бомб взорвалась возле офиса генерал-губернатора.,Одна из бонд зарвалась возле офиса генерал-губернатор.,одна из бомб взорвалась возле офиса генерал губернатора,одна из бонд зарвалась возле офиса генерал губернатор
1703,"Вчера Мартейи привёл к присяге новый Временный избирательный совет (ВИС), состоящий из девяти участников.","Вчера Мартеи привел к присяге новый временный избирательный совет – вис, состоящий из 9 участников.",вчера мартейи привел к присяге новый временный избирательный совет вис состоящий из девяти участников,вчера мартеи привел к присяге новый временный избирательный совет вис состоящий из 9 участников
1980,"К сожалению, сложно изучать интенсивность движения автотранспорта, потому что нельзя со стопроцентной вероятностью предсказать поведение водителя.","К сожалению, сложно изучать интенсивность движения автотранспорта, потому что нельзя 100% на вероятности предсказать поведения водителя.",к сожалению сложно изучать интенсивность движения автотранспорта потому что нельзя со стопроцентной вероятностью предсказать поведение водителя,к сожалению сложно изучать интенсивность движения автотранспорта потому что нельзя 100 на вероятности предсказать поведения водителя
1819,"В древнем Китае использовали уникальный способ обозначения периодов времени; каждый этап Китая или каждая семья, находившаяся у власти, были особой династией.","В древнем Китае использовали уникальный способ обозначения передов времени. Каждый этап Китая или каждая семья, находившаяся у власти, были особой династий.",в древнем китае использовали уникальный способ обозначения периодов времени каждый этап китая или каждая семья находившаяся у власти были особой династией,в древнем китае использовали уникальный способ обозначения передов времени каждый этап китая или каждая семья находившаяся у власти были особой династий
1664,"Получите новую смесь, перемешав два сухих порошка в одной емкости, а затем чистыми влажными руками слепите из этой смеси шарик.","Получите новую смесь, перемешав 2 сухих порошков одной емкости, а затем чистыми влажными руками слипите из этой смеси шарик.",получите новую смесь перемешав два сухих порошка в одной емкости а затем чистыми влажными руками слепите из этой смеси шарик,получите новую смесь перемешав 2 сухих порошков одной емкости а затем чистыми влажными руками слипите из этой смеси шарик
1839,"Представьте, что лыжный маршрут — это пешеходный маршрут.","Представьте, что лыжный маршрут — это пешеходный маршрут.",представьте что лыжный маршрут это пешеходный маршрут,представьте что лыжный маршрут это пешеходный маршрут
1775,Использование видеозаписи привело к важным открытиям в сфере интерпретации микровыражений  — движений лица длительностью несколько миллисекунд.,"Использование видеозаписи привело к важным открытиям сферой интерпретацией микроворажения, движения лица длительностью несколько милисекунд.",использование видеозаписи привело к важным открытиям в сфере интерпретации микровыражений движений лица длительностью несколько миллисекунд,использование видеозаписи привело к важным открытиям сферой интерпретацией микроворажения движения лица длительностью несколько милисекунд
2004,"В том же месяце другой авиалайнер выкатился за пределы взлетной полосы в Мешхеде и врезался в стену, погибли семнадцать человек.","В топ же месяц другой авиаланер выкатился за приделы взлетной полосы в мэшхедде и вырезался в стену, погибли 17 человек.",в том же месяце другой авиалайнер выкатился за пределы взлетной полосы в мешхеде и врезался в стену погибли семнадцать человек,в топ же месяц другой авиаланер выкатился за приделы взлетной полосы в мэшхедде и вырезался в стену погибли 17 человек
1768,"Большинство зданий по краям комплекса было перестроено, чтобы дать туристам более точное представление о том, как они выглядели изначально.","Большинство зданий по краям комплекса было перестроено, чтобы дать туристам более точное представление о том, как они выглядели изначально.",большинство зданий по краям комплекса было перестроено чтобы дать туристам более точное представление о том как они выглядели изначально,большинство зданий по краям комплекса было перестроено чтобы дать туристам более точное представление о том как они выглядели изначально
1796,"Этот осадок требовался для формирования пляжей и песчаных отмелей, являвшихся местом обитания диких животных.","Этого садок требовало для формирования пляжей и пещаных отмелей, являвшихся местом обитания диких животных.",этот осадок требовался для формирования пляжей и песчаных отмелей являвшихся местом обитания диких животных,этого садок требовало для формирования пляжей и пещаных отмелей являвшихся местом обитания диких животных
1858,"Даниэль Лантань, эксперт ООН по вопросам данной болезни, заявила, что вспышка, вероятно, была вызвана миротворцами.","Даниэль Лонтань, эксперт ООН по вопросам данной болезни, заявила, что спышка, вероятно, была вызвана миротворцами.",даниэль лантань эксперт оон по вопросам данной болезни заявила что вспышка вероятно была вызвана миротворцами,даниэль лонтань эксперт оон по вопросам данной болезни заявила что спышка вероятно была вызвана миротворцами
1843,"Профессор Памела Фергюсон из Университета Данди отмечает, что ""журналисты, похоже, и вправду ходят по опасной грани, публикуя фотографии и прочие данные о подозреваемых"".","Победитель Помелла Фергисон из Университета Дайден отмечает, что журналисты, похоже, и, вправду, ходят по опасной грани, публикив фотографии и прочие данные опыта зреваемых.",профессор памела фергюсон из университета данди отмечает что журналисты похоже и вправду ходят по опасной грани публикуя фотографии и прочие данные о подозреваемых,победитель помелла фергисон из университета дайден отмечает что журналисты похоже и вправду ходят по опасной грани публикив фотографии и прочие данные опыта зреваемых
1821,Взаимосвязь между патологией мозга и поведением используется учёными в их исследованиях.,Взаимосвязь между патологиям мозга и поведением используется учеными в их исследованиях.,взаимосвязь между патологией мозга и поведением используется учеными в их исследованиях,взаимосвязь между патологиям мозга и поведением используется учеными в их исследованиях
1685,"Например, самый распространённый в мире формат для статических фотографий — 35 мм, и именно этот размер был доминирующим размером плёнки на закате аналоговой эры.","Например, самая распространённая в мире форматиль статистик фотосциклей 35 мм, и именно этот размер был доминирующим размером пленки на Закате аналоговый эр.",например самый распространенный в мире формат для статических фотографий 35 мм и именно этот размер был доминирующим размером пленки на закате аналоговой эры,например самая распространенная в мире форматиль статистик фотосциклей 35 мм и именно этот размер был доминирующим размером пленки на закате аналоговый эр
1766,"Некоторые атомы имеют нестабильное ядро, что означает, что они склонны распадаться при малом воздействие или без него.","Некоторые атомы имеют нестабильное ябро, что означает, что они склонны распадаться при малом воздействии или без него.",некоторые атомы имеют нестабильное ядро что означает что они склонны распадаться при малом воздействие или без него,некоторые атомы имеют нестабильное ябро что означает что они склонны распадаться при малом воздействии или без него
1904,Однако из-за медленных каналов связи стили на западе могут отставать на 25-30 лет.,"Однако, из-за медленных каналов связи стиреназападимы могут отставать на 25-30 лет.",однако из за медленных каналов связи стили на западе могут отставать на 25 30 лет,однако из за медленных каналов связи стиреназападимы могут отставать на 25 30 лет
1872,"Во время борьбы за независимость, организованной движением Мау, мирное собрание в городе привело к убийству верховного вождя Тупуа Тамсесе Леалофи III.","Во время борьбы за независимость, организованное дежение Мау, мирное собрание в городе привело к убийству Верхобного Важдя тупого тамцеса Леолофия 3-го.",во время борьбы за независимость организованной движением мау мирное собрание в городе привело к убийству верховного вождя тупуа тамсесе леалофи iii,во время борьбы за независимость организованное дежение мау мирное собрание в городе привело к убийству верхобного важдя тупого тамцеса леолофия 3 го
1773,Прерывание сна — это процесс целенаправленного пробуждения во время обычного сна и повторного засыпания через короткое время (10–60 минут).,Прирывания сна — это процесс целенаправленного пробуждения во время обычного сна и повторного засыпания через короткое время — 10-60 минут.,прерывание сна это процесс целенаправленного пробуждения во время обычного сна и повторного засыпания через короткое время 10 60 минут,прирывания сна это процесс целенаправленного пробуждения во время обычного сна и повторного засыпания через короткое время 10 60 минут
1724,Слава о нем как о центре роскоши пошла около 400 г. н. э. и продолжалась примерно до 1100 г. н. э.,"Слава Анюампако центре Роскоши пошла около 400-го года нашей эры, и продолжалась примерно до 1000-го года нашей эры.",слава о нем как о центре роскоши пошла около 400 г н э и продолжалась примерно до 1100 г н э,слава анюампако центре роскоши пошла около 400 го года нашей эры и продолжалась примерно до 1000 го года нашей эры
1787,"Блоггерство является инструментом, стимулирующим сотрудничество, и оно мотивирует учащихся распространить процесс приобретения знаний далеко за пределы традиционного учебного дня.","Блогерство является инструментом стимулируюшемся трудничества, и оно мотивирует учащихся распространить процесс приобретения знаний далеко за пределы традиционного учебного дня.",блоггерство является инструментом стимулирующим сотрудничество и оно мотивирует учащихся распространить процесс приобретения знаний далеко за пределы традиционного учебного дня,блогерство является инструментом стимулируюшемся трудничества и оно мотивирует учащихся распространить процесс приобретения знаний далеко за пределы традиционного учебного дня
1851,"Отбойное течение — течение, создаваемое волнами, которые разбиваются о берег, или иногда об риф или что-то подобное.","Отбойное течение Течения, создаваемая волнами, которые разбиваются о берег, или иногда обрив, или что-то подобное.",отбойное течение течение создаваемое волнами которые разбиваются о берег или иногда об риф или что то подобное,отбойное течение течения создаваемая волнами которые разбиваются о берег или иногда обрив или что то подобное
1662,"Сплавы по существу представляют собой смесь двух или более металлов. Не забывайте, что в периодической таблице много элементов.","Сплавы по существу представляют собой смесь двух или более металлов. Не забывайте, что в периодической таблице много элементов.",сплавы по существу представляют собой смесь двух или более металлов не забывайте что в периодической таблице много элементов,сплавы по существу представляют собой смесь двух или более металлов не забывайте что в периодической таблице много элементов
1881,Выкладывание экскурсии в виртуальное пространство для всеобщего обозрения — это также отличный способ освежить в памяти экскурсию и поделиться своим полученными знаниями с будущими классами.,Выкладывания экскурсий в виртуальное пространство для всеобщего обозрения — это также отличный способ освежить память экскурсию и поделиться своим полученным знаниям с будущими классами.,выкладывание экскурсии в виртуальное пространство для всеобщего обозрения это также отличный способ освежить в памяти экскурсию и поделиться своим полученными знаниями с будущими классами,выкладывания экскурсий в виртуальное пространство для всеобщего обозрения это также отличный способ освежить память экскурсию и поделиться своим полученным знаниям с будущими классами
1919,"Этот город также является отправной точкой для восхождения на вулкан Ньирагонго, а также здесь можно посмотреть на горных горилл в дикой природе по одной из самых дешёвых цен в Африке.","Этогорад также является отправной точкой для восхождения на вулкан Ниерагонга, а также здесь можно посмотреть на Горнагорилл в дикой природе по одной и самых дешевых цен в Африке.",этот город также является отправной точкой для восхождения на вулкан ньирагонго а также здесь можно посмотреть на горных горилл в дикой природе по одной из самых дешевых цен в африке,этогорад также является отправной точкой для восхождения на вулкан ниерагонга а также здесь можно посмотреть на горнагорилл в дикой природе по одной и самых дешевых цен в африке
1979,"Официальной валютой Фолклендских островов является фунт Фолкендских островов (FKP), стоимость которого эквивалентна стоимости одного британского фунта стерлингов (GBP).","Официанной валютой фолклингских островов является фунт фолклингских островов FKP, стоимость которого эквивалентна стоимость одного британского фунта Стерлингов, GBP.",официальной валютой фолклендских островов является фунт фолкендских островов fkp стоимость которого эквивалентна стоимости одного британского фунта стерлингов gbp,официанной валютой фолклингских островов является фунт фолклингских островов fkp стоимость которого эквивалентна стоимость одного британского фунта стерлингов gbp
1946,"Правила отмены заказов могут отличаться, но по состоянию на конец марта большая часть правил, связанных с коронавирусом, не распространяется на июль 2020 года, когда были запланированы Олимпийские игры.","Правила отмены заказов могут отличаться, но, по состоянию, наконец, Марта, большая часть правил, связанных с коронавирусом, не распространяется на июль 2020-го, когда были запланированы олимпийские игры.",правила отмены заказов могут отличаться но по состоянию на конец марта большая часть правил связанных с коронавирусом не распространяется на июль 2020 года когда были запланированы олимпийские игры,правила отмены заказов могут отличаться но по состоянию наконец марта большая часть правил связанных с коронавирусом не распространяется на июль 2020 го когда были запланированы олимпийские игры
1865,Круизы в Санкт-Петербург включают прогулки по городу. Пассажиры круизов освобождены от визовых требований (уточните условия).,"Круизы в Санкт-Петербург включают прогулки по городу. Пассажиры круизов освобождены от визовых требований, уточнете условия.",круизы в санкт петербург включают прогулки по городу пассажиры круизов освобождены от визовых требований уточните условия,круизы в санкт петербург включают прогулки по городу пассажиры круизов освобождены от визовых требований уточнете условия
1876,"Управление по чрезвычайным ситуациям Северных Марианских островов заявило, что в стране не было сообщений о причинённом ущербе.","Управление по чрезвычайным ситуациям северных марианских островов заявило, что в стране не было сообщений о причиненном ущерби.",управление по чрезвычайным ситуациям северных марианских островов заявило что в стране не было сообщений о причиненном ущербе,управление по чрезвычайным ситуациям северных марианских островов заявило что в стране не было сообщений о причиненном ущерби
1807,"Итальянский язык также является повседневным языком для большинства людей, работающих в государстве, в то время как латынь зачастую используется в религиозных церемониях.","Итальянский язык также является повседневным языком для большинства людей, работающих в государстве, в то время как латын зачастую используется в религиозных церемониях.",итальянский язык также является повседневным языком для большинства людей работающих в государстве в то время как латынь зачастую используется в религиозных церемониях,итальянский язык также является повседневным языком для большинства людей работающих в государстве в то время как латын зачастую используется в религиозных церемониях
1785,"Скаффолдинг — это не метод обучения, а скорее форма помощи тем, кто проходит через новый опыт обучения, такой как использование новой компьютерной программы или начало нового проекта.","Скофолдинг — это немедлодобучение, аскореб формы помощи тем, кто проходит через новый опыт обучения, такой как использование новой компьютерной программы или началу новой проекта.",скаффолдинг это не метод обучения а скорее форма помощи тем кто проходит через новый опыт обучения такой как использование новой компьютерной программы или начало нового проекта,скофолдинг это немедлодобучение аскореб формы помощи тем кто проходит через новый опыт обучения такой как использование новой компьютерной программы или началу новой проекта
1947,"До прибытия войск государство Гаити не сталкивалось с проблемами, касающимися данного заболевания, с начала 19 века.",До прибытия войск Госдарство Гаитие не сталкивались с проблемами касающимися даны вызоболевания с началу 19 века.,до прибытия войск государство гаити не сталкивалось с проблемами касающимися данного заболевания с начала 19 века,до прибытия войск госдарство гаитие не сталкивались с проблемами касающимися даны вызоболевания с началу 19 века
1679,Группа Aerosmith отменила оставшиеся концерты в своем турне.,Группа Aira Smith отменила оставшиеся концерты в своем турне.,группа aerosmith отменила оставшиеся концерты в своем турне,группа aira smith отменила оставшиеся концерты в своем турне
1968,"В некоторых круизных брошюрах представлен Берлин, Германия. Как вы можете видеть на карте наверху, Берлин находится вдали от моря и визит в город не включён в цену круиза.","В некоторых круизных брошурах представлен Берлин, Германия. Как вы можете видеть, на карте наверху Берлин находится вдали от моря и визит. Город не включен в цену круиза.",в некоторых круизных брошюрах представлен берлин германия как вы можете видеть на карте наверху берлин находится вдали от моря и визит в город не включен в цену круиза,в некоторых круизных брошурах представлен берлин германия как вы можете видеть на карте наверху берлин находится вдали от моря и визит город не включен в цену круиза
1826,"После несчастного случая Гибсон был доставлен в больницу, но вскоре скончался.","После несчастного случая Гибсон был доставлен в больницу, но скоро и скончался.",после несчастного случая гибсон был доставлен в больницу но вскоре скончался,после несчастного случая гибсон был доставлен в больницу но скоро и скончался
1793,"Если вы не привыкли ездить по сельским дорогам, будьте начеку: преобладают крутые склоны, узкие переулки и резкие повороты.","«Если вы не привыкли ездить по сельским дорогам, будьте на чеку. Пребладают круты эскалоны, узкие берегулки и резкие повороты».",если вы не привыкли ездить по сельским дорогам будьте начеку преобладают крутые склоны узкие переулки и резкие повороты,если вы не привыкли ездить по сельским дорогам будьте на чеку пребладают круты эскалоны узкие берегулки и резкие повороты
1823,Изучение движения отдельных водителей и автомобилей между двумя точками и их взаимодействие друг с другом осуществляется в рамках исследования транспортных потоков.,"Изучение движения отдельных водителей и автомобилей, между двумя точками их взамодействия друг с другом, осуществляется в рамках исследования транспортных потоков.",изучение движения отдельных водителей и автомобилей между двумя точками и их взаимодействие друг с другом осуществляется в рамках исследования транспортных потоков,изучение движения отдельных водителей и автомобилей между двумя точками их взамодействия друг с другом осуществляется в рамках исследования транспортных потоков
1720,"Горячий шоколад отвечает стандартам Бельгии. Хотя фруктовые соки стоят дорого, они имеют превосходное качество.","Горячий шоколад отвечает стандартам белгие, хотя фруктовые соки стоят дорого, они имеют превосходное качество.",горячий шоколад отвечает стандартам бельгии хотя фруктовые соки стоят дорого они имеют превосходное качество,горячий шоколад отвечает стандартам белгие хотя фруктовые соки стоят дорого они имеют превосходное качество
1813,"Официальными языками Барселоны являются каталанский и испанский. Примерно половина населения предпочитает разговаривать на каталанском, большинство понимают его, и практически все знают испанский.","Официальными языками Борселоны являются каталански и испански. Примерно половина населения предпочитают разговаривать на каталанском, большинство понимает его, и практически все знают испанский.",официальными языками барселоны являются каталанский и испанский примерно половина населения предпочитает разговаривать на каталанском большинство понимают его и практически все знают испанский,официальными языками борселоны являются каталански и испански примерно половина населения предпочитают разговаривать на каталанском большинство понимает его и практически все знают испанский
1840,"Подобные площадки, которые посетило большое количество людей, были организованы во многих других городах Италии и в остальном мире, в частности в Польше.","Подобные площадки, которые посетили большое количество людей, были организованы во многих других городах Италии и в остальном мире, в частности в Польше.",подобные площадки которые посетило большое количество людей были организованы во многих других городах италии и в остальном мире в частности в польше,подобные площадки которые посетили большое количество людей были организованы во многих других городах италии и в остальном мире в частности в польше
1791,"Не оскверняйте это место, нанося или выцарапывая граффити на объекты вокруг.","Не оскверняйте – это место, нанося или выцарапывая граффити на объекты вокруг.",не оскверняйте это место нанося или выцарапывая граффити на объекты вокруг,не оскверняйте это место нанося или выцарапывая граффити на объекты вокруг
1738,"Он также атаковал все, что входило в воду; даже гигантский динозавр, такой как тиранозавр, не сравнился бы с ним.","Он также атаковал всё, что входило в воду, даже гигантский динозавр, такой, как теранозавр, не сравнился бы с ним.",он также атаковал все что входило в воду даже гигантский динозавр такой как тиранозавр не сравнился бы с ним,он также атаковал все что входило в воду даже гигантский динозавр такой как теранозавр не сравнился бы с ним
2000,"Если вы пересекаете северную часть Балтийского моря зимой, узнайте насчёт расположения каюты, так как прохождение по льду приводит к довольно жуткому шуму, который может мешать спать наиболее чувствительным людям.","Если вы пересекаете северную часть Балтийского моря зимой, узнайте насчет расположения коюты, так как прохождение по льду приводит довольно жуткому шуму, которую может мешать спать наиболее чувствительным людям.",если вы пересекаете северную часть балтийского моря зимой узнайте насчет расположения каюты так как прохождение по льду приводит к довольно жуткому шуму который может мешать спать наиболее чувствительным людям,если вы пересекаете северную часть балтийского моря зимой узнайте насчет расположения коюты так как прохождение по льду приводит довольно жуткому шуму которую может мешать спать наиболее чувствительным людям
1936,"Перри заявил, что вернётся в Техас, ""чтобы оценить результаты сегодняшнего партийного собрания и определить, стоит ли мне продолжать гонку"", но позже сказал, что он её продолжит и будет участвовать в предварительных выборах в Южной Каролине 21 января.","Перри заявил, что вернется в Техас, чтобы оценить результаты сегодняшнего партийного собрания и определить, стоит ли мне продолжать гонку, но позже сказал, что он ее продолжит и будет участвовать в придварительных выборах Южной Королине 21 января.",перри заявил что вернется в техас чтобы оценить результаты сегодняшнего партийного собрания и определить стоит ли мне продолжать гонку но позже сказал что он ее продолжит и будет участвовать в предварительных выборах в южной каролине 21 января,перри заявил что вернется в техас чтобы оценить результаты сегодняшнего партийного собрания и определить стоит ли мне продолжать гонку но позже сказал что он ее продолжит и будет участвовать в придварительных выборах южной королине 21 января
1773,Прерывание сна — это процесс целенаправленного пробуждения во время обычного сна и повторного засыпания через короткое время (10–60 минут).,Приравания сна — это процед цель направленного пробуждения во время обычного сна и повторного засыпания через короткое время — 10-60 минут.,прерывание сна это процесс целенаправленного пробуждения во время обычного сна и повторного засыпания через короткое время 10 60 минут,приравания сна это процед цель направленного пробуждения во время обычного сна и повторного засыпания через короткое время 10 60 минут
1939,"Также после Революции открылись возможности работы открылись всем мужчинам, что позволило самым амбициозным и талантливым добиться успеха.","Также после революции открылись возможности работы, открылись всем мужчинам, что позволило самым бицезосным и талантливым добиться успеха.",также после революции открылись возможности работы открылись всем мужчинам что позволило самым амбициозным и талантливым добиться успеха,также после революции открылись возможности работы открылись всем мужчинам что позволило самым бицезосным и талантливым добиться успеха
1877,"Нынешняя сенатор и Первая леди Аргентины Кристина Фернандес де Киршнер анонсировала выдвижение своей кандидатуры на пост президента вчера вечером в Ла-Плате, городе в 50 километрах (31 милях) от Буэнос-Айреса.","Нынешний ассинатор и первая ледик Аргентиной Кристина Фернандесдик Киршнер анонсировала выдвижение своей кандидатуры на пост президента вчера вечером в Лаплати, в городе в 50 км 31 миль от Буэносайреса.",нынешняя сенатор и первая леди аргентины кристина фернандес де киршнер анонсировала выдвижение своей кандидатуры на пост президента вчера вечером в ла плате городе в 50 километрах 31 милях от буэнос айреса,нынешний ассинатор и первая ледик аргентиной кристина фернандесдик киршнер анонсировала выдвижение своей кандидатуры на пост президента вчера вечером в лаплати в городе в 50 км 31 миль от буэносайреса
1893,"Сундарбан — это крупнейший пояс прибрежных мангровых зарослей, простирающийся от берега на 80 км (50 миль) вглубь континента в Бангладеше и Индии.","Сундарбан — это крупнейший поиспредреженых мангровых зарыслей, простирающиеся от берега на 80 км, 50 миль, вглубь континентах Бангладеши и Индии.",сундарбан это крупнейший пояс прибрежных мангровых зарослей простирающийся от берега на 80 км 50 миль вглубь континента в бангладеше и индии,сундарбан это крупнейший поиспредреженых мангровых зарыслей простирающиеся от берега на 80 км 50 миль вглубь континентах бангладеши и индии
1845,"Они вернулись в Париж в карете, окружённые толпой людей, которые выкрикивали угрозы королю и королеве.","Они вернулись в Париж, в Карете, окруженные толпой людей, которые выкрикивали угрозы королю и королеве.",они вернулись в париж в карете окруженные толпой людей которые выкрикивали угрозы королю и королеве,они вернулись в париж в карете окруженные толпой людей которые выкрикивали угрозы королю и королеве
1853,Джанкарло Физикелла потерял контроль над управлением своим автомобилем и завершил гонку вскоре после старта.,"Джон Карло, физикейлоп, потерял контроль над управляемым своим автомобилем и завершил гонку вскорей после старта.",джанкарло физикелла потерял контроль над управлением своим автомобилем и завершил гонку вскоре после старта,джон карло физикейлоп потерял контроль над управляемым своим автомобилем и завершил гонку вскорей после старта
1816,"Дюваль, который женат и имеет двух совершеннолетних детей, не произвел большого впечатления на Миллера, которому рассказали эту историю.","Дюваль, которой женат и имей двух совершеннолетних детей, не произвел большего впечатления на Миллер, которому рассказали эту историю.",дюваль который женат и имеет двух совершеннолетних детей не произвел большого впечатления на миллера которому рассказали эту историю,дюваль которой женат и имей двух совершеннолетних детей не произвел большего впечатления на миллер которому рассказали эту историю
1945,Касабланка – одно из наименее интересных мест для шопинга во всем Марокко.,Кособланка — одно из наименее интересных мест для шоппинка во всём Мороко.,касабланка одно из наименее интересных мест для шопинга во всем марокко,кособланка одно из наименее интересных мест для шоппинка во всем мороко
1935,"Однако это неправда. Хотя что-то и написано на обороте документа, это не карта сокровищ.","Однако это не правда, хотя что-то и написано наоборот, и документ, это не карта сокровищ.",однако это неправда хотя что то и написано на обороте документа это не карта сокровищ,однако это не правда хотя что то и написано наоборот и документ это не карта сокровищ
1779,"Заявление было сделано после того, как Трамп провел телефонный разговор с президентом Турции Реджепом Тайипом Эрдоганом.","Зайвление было сделано после того, как Трамп провел телефонный разговор с президентом Турции Реджипом Таипом Эртоганном.",заявление было сделано после того как трамп провел телефонный разговор с президентом турции реджепом тайипом эрдоганом,зайвление было сделано после того как трамп провел телефонный разговор с президентом турции реджипом таипом эртоганном
1789,"Среди других номинаций: ""Лучшая картина"", ""Режиссёр"", ""Операторская работа"", ""Дизайн костюмов"", ""Монтаж фильма"", ""Оригинальная музыка"", ""Художник-постановщик"", ""Звуковой монтаж"", ""Звук"" и ""Оригинальный сценарий"".","Среди других номинаций — лучшая картина, режиссер, операторская работа, дизайн костюмов, монтаж фильма, оригинальная музыка, художник-постановщик, звуковой монтаж, звук и оригинальный сценарий.",среди других номинаций лучшая картина режиссер операторская работа дизайн костюмов монтаж фильма оригинальная музыка художник постановщик звуковой монтаж звук и оригинальный сценарий,среди других номинаций лучшая картина режиссер операторская работа дизайн костюмов монтаж фильма оригинальная музыка художник постановщик звуковой монтаж звук и оригинальный сценарий
1702,Всего за 2 недели силы Свободной Франции и американцы освободили южную Францию и отправились в сторону Германии.,Всего за 2 недели силы свободной Франции и Американцы освободили Южную Францию и отправились в сторону Германии.,всего за 2 недели силы свободной франции и американцы освободили южную францию и отправились в сторону германии,всего за 2 недели силы свободной франции и американцы освободили южную францию и отправились в сторону германии
1690,"Мы согласны с заявлением USOC о том, что интересам наших спортсменов, клубов, а также их видов спорта, больше соответствует проведение реформ внутри нашей организации, а не аннулирование ее сертификации.","Мы согласны с заявленням USOC о том, что интересам наших спортсменов клубов, а также их видах спорта, больше соответствует проведение реформы внутри нашей организаций, а не аннулирования её сертификаций.",мы согласны с заявлением usoc о том что интересам наших спортсменов клубов а также их видов спорта больше соответствует проведение реформ внутри нашей организации а не аннулирование ее сертификации,мы согласны с заявленням usoc о том что интересам наших спортсменов клубов а также их видах спорта больше соответствует проведение реформы внутри нашей организаций а не аннулирования ее сертификаций
1906,"""Это не станет прощанием. Это закрытие одной главы и открытие новой.""",Эта не станет прощания. Это закрытие одной головы и открытие новой.,это не станет прощанием это закрытие одной главы и открытие новой,эта не станет прощания это закрытие одной головы и открытие новой
2003,"Чтобыу видеть самые живописные места Гонконга, следует покинуть остров и направиться на побережье полуострова Цзюлун, что находится напротив.","Чтобы видеть самый живописный местоган Конга, следует покинуть остров и направиться на побережье полуострова Дзелун, что находится напротив.",чтобыу видеть самые живописные места гонконга следует покинуть остров и направиться на побережье полуострова цзюлун что находится напротив,чтобы видеть самый живописный местоган конга следует покинуть остров и направиться на побережье полуострова дзелун что находится напротив
1713,"Хоть Гома и является достаточно безопасным местом, следует заранее уточнять информацию насчёт любых поездок за пределы Гомы, чтобы понять, в каком состоянии находятся боевые действия, ведущиеся в провинции Северное Киву.","Хоть гома и является достаточно безопасным местом, следует заранее уточнять информацию насчет любых поездок за приделы гомы, чтобы понять, в каком состоянии находятся боевые действия, ведущиеся в провинции Северная Киево.",хоть гома и является достаточно безопасным местом следует заранее уточнять информацию насчет любых поездок за пределы гомы чтобы понять в каком состоянии находятся боевые действия ведущиеся в провинции северное киву,хоть гома и является достаточно безопасным местом следует заранее уточнять информацию насчет любых поездок за приделы гомы чтобы понять в каком состоянии находятся боевые действия ведущиеся в провинции северная киево
1802,"Интернет сочетает в себе элементы как массовых, так и межличностных коммуникаций.","Интернет сочетает себе элемент как массовых, так и межлеченостных коммуникаций.",интернет сочетает в себе элементы как массовых так и межличностных коммуникаций,интернет сочетает себе элемент как массовых так и межлеченостных коммуникаций
1871,В тёплом климате Ближнего Востока дом не имел особого значения.,В теплом климате ближайшее восток от дом не имел особого значения.,в теплом климате ближнего востока дом не имел особого значения,в теплом климате ближайшее восток от дом не имел особого значения
1878,"Центр церковной власти базировался в Риме на протяжении более тысячи лет, и такое сосредоточение могущества и богатства привело к тому, что многие усомнились, а соблюдается ли этот догмат.","Центр цирковной власти базировался в Риме на протяжении более 1000 лет, и такое сосредотачение могущества и богатства прибыло к тому, что многие сомнились, особлюдается ли этот догмат.",центр церковной власти базировался в риме на протяжении более тысячи лет и такое сосредоточение могущества и богатства привело к тому что многие усомнились а соблюдается ли этот догмат,центр цирковной власти базировался в риме на протяжении более 1000 лет и такое сосредотачение могущества и богатства прибыло к тому что многие сомнились особлюдается ли этот догмат
1740,Звуковое и световое шоу на фоне пирамиды является одним из самых интересных мероприятий в этой местности для детей.,Звуковое и световое шоу на фоне пирамиды является одним из самых интересных мероприятий в этой местности для детей.,звуковое и световое шоу на фоне пирамиды является одним из самых интересных мероприятий в этой местности для детей,звуковое и световое шоу на фоне пирамиды является одним из самых интересных мероприятий в этой местности для детей
1702,Всего за 2 недели силы Свободной Франции и американцы освободили южную Францию и отправились в сторону Германии.,Всего за две недели сила Свободной Франции и Американцы освободили Южную Францию и отправились в сторону Германии.,всего за 2 недели силы свободной франции и американцы освободили южную францию и отправились в сторону германии,всего за две недели сила свободной франции и американцы освободили южную францию и отправились в сторону германии
1953,В последствие он был перемещён в госпиталь Адденбрук в Кембридже.,Впоследствии он был перемешен в госпиталь Аденбрук в Кембридже.,в последствие он был перемещен в госпиталь адденбрук в кембридже,впоследствии он был перемешен в госпиталь аденбрук в кембридже
1780,"Энергия кундалини (энергия просветления) в кундалини-йоге пробуждается через позы йоги, дыхательные упражнения, мантры и визуализации.","Энергия кундалини, энергия просветления в кундалине Йоге, пробуждается через позы Йоги дыхательные упражнения, мантры и визуализаций.",энергия кундалини энергия просветления в кундалини йоге пробуждается через позы йоги дыхательные упражнения мантры и визуализации,энергия кундалини энергия просветления в кундалине йоге пробуждается через позы йоги дыхательные упражнения мантры и визуализаций
1684,Апиа – столица Самоа. Город расположен на острове Уполу и имеет население чуть менее 40 000 жителей.,Апиа — столица Самоа. Город расположен на острове Уполлу и имеет население чуть менее 40 000 жителей.,апиа столица самоа город расположен на острове уполу и имеет население чуть менее 40 000 жителей,апиа столица самоа город расположен на острове уполлу и имеет население чуть менее 40 000 жителей
1760,"Мозазавр был самым грозным хищником своего времени, поэтому он не боялся никого кроме других мозазавров.","Мазазавр был самым грозным хищником своего времени, поэтому он не боялся никого, кроме других мазазавров.",мозазавр был самым грозным хищником своего времени поэтому он не боялся никого кроме других мозазавров,мазазавр был самым грозным хищником своего времени поэтому он не боялся никого кроме других мазазавров
1729,"Например, ежегодно учащиеся школы Беннет в Северной Каролине создают сайт о своём посещении столицы штата, и каждый год этот сайт обновляется, но доступ к старым версиям по-прежнему сохраняется — они служат памятным альбомом.","Например, ежегодно учащиеся школы Бенет в Северной Королине создают сайт о своем посещении Столица Штата, и каждый год этот сайт обновляется, но доступ к старым версиям и прежнему сохраняется.",например ежегодно учащиеся школы беннет в северной каролине создают сайт о своем посещении столицы штата и каждый год этот сайт обновляется но доступ к старым версиям по прежнему сохраняется они служат памятным альбомом,например ежегодно учащиеся школы бенет в северной королине создают сайт о своем посещении столица штата и каждый год этот сайт обновляется но доступ к старым версиям и прежнему сохраняется
1756,"Поздно вечером в воскресенье президент США Дональд Трамп через пресс-секретаря заявил, что войска США покинут Сирию.","Поздно вечер, воскресенье, президент США Дональд Трамп через пресс-секретаря заявил, что войска США покинута серию.",поздно вечером в воскресенье президент сша дональд трамп через пресс секретаря заявил что войска сша покинут сирию,поздно вечер воскресенье президент сша дональд трамп через пресс секретаря заявил что войска сша покинута серию
1912,Почти все более мелкие острова являются независимыми государствами или ассоциированы с Францией и известны как шикарные пляжные курорты.,"Почти все более мелкие здравайвия являются независимыми государствами и рассоциированы с Францией, известными как шикарные пляжные курорты.",почти все более мелкие острова являются независимыми государствами или ассоциированы с францией и известны как шикарные пляжные курорты,почти все более мелкие здравайвия являются независимыми государствами и рассоциированы с францией известными как шикарные пляжные курорты
1882,"Учёные надеются понять, как образуются планеты, особенно то, как образовалась Земля, поскольку кометы сталкивались  с Землёй очень давно.","Ученые надеются понять, как образуются планеты, особенно то, как образовала Земля, поскольку коммиты сталкивали с Землей очень давно.",ученые надеются понять как образуются планеты особенно то как образовалась земля поскольку кометы сталкивались с землей очень давно,ученые надеются понять как образуются планеты особенно то как образовала земля поскольку коммиты сталкивали с землей очень давно
1956,"Использование кораблей для транспортировки товаров является, безусловно, самым эффективным способом перевозки большого количества людей и грузов через океаны.","Использование кораблей для транспортировки товаров является, безусловно, самым эффективным способом перевозки большого количества людей грузов через океаны.",использование кораблей для транспортировки товаров является безусловно самым эффективным способом перевозки большого количества людей и грузов через океаны,использование кораблей для транспортировки товаров является безусловно самым эффективным способом перевозки большого количества людей грузов через океаны
1973,"Но, оказавшись в ""глубоких тропиках"" лишь в нескольких градусах к северу от экватора, вам придется справляться как с жарой (постоянно), так и с сильным солнцем (при безоблачном небе, реже).","Но, оказавшись в глубоких тропиках, лишь в нескольких градусах Ксеверу от Экватора, вам придется справляться как с жарой постоянно, так и с сильным солнцем, при безоблачном небе реже.",но оказавшись в глубоких тропиках лишь в нескольких градусах к северу от экватора вам придется справляться как с жарой постоянно так и с сильным солнцем при безоблачном небе реже,но оказавшись в глубоких тропиках лишь в нескольких градусах ксеверу от экватора вам придется справляться как с жарой постоянно так и с сильным солнцем при безоблачном небе реже
1862,"NextGen — это система, которая, по заверению Федеральной авиационной администрации США, позволит самолетам летать по сокращенным маршрутам и ежегодно экономить миллионы галлонов топлива, а также снизить выбросы углерода.","Нэкстджен — это система, которая, по заверению федеральной авиационной администрацией США, позволит самолетам летать по сокращенным маршрутам и ежегодно экономить миллионы галлонов топлива, а также снизить выбросы углерода.",nextgen это система которая по заверению федеральной авиационной администрации сша позволит самолетам летать по сокращенным маршрутам и ежегодно экономить миллионы галлонов топлива а также снизить выбросы углерода,нэкстджен это система которая по заверению федеральной авиационной администрацией сша позволит самолетам летать по сокращенным маршрутам и ежегодно экономить миллионы галлонов топлива а также снизить выбросы углерода
1829,"Путешественники, направляющиеся в страны с высоким налогообложением, могут иногда сэкономить значительную сумму, особенно на таких товарах, как спиртные напитки и табак.","Путешественники, направляющиеся в страны с высоким налогообложением, могут иногда сэкономить значительную сумму, особенно на таких товарах, как спиртные напитки и табак.",путешественники направляющиеся в страны с высоким налогообложением могут иногда сэкономить значительную сумму особенно на таких товарах как спиртные напитки и табак,путешественники направляющиеся в страны с высоким налогообложением могут иногда сэкономить значительную сумму особенно на таких товарах как спиртные напитки и табак
1886,"Древние культуры и племена начали оставлять их себе, чтобы иметь под рукой молоко, шерсть, мясо и шкуру.","Древние культуры и племена начали остаблять их себе, чтобы иметь под рукой молоко, шерсть, мясо и шкуру.",древние культуры и племена начали оставлять их себе чтобы иметь под рукой молоко шерсть мясо и шкуру,древние культуры и племена начали остаблять их себе чтобы иметь под рукой молоко шерсть мясо и шкуру
1975,"Население Ватикана составляет около 800 человек. Это самая маленькая независимая страна в мире, а также страна, имеющая наименьшее население.","Население Ватикана составляет около 800 человек. Эта самая маленькая, независимая страна в мире, а также страна, имеющая наимейшее население.",население ватикана составляет около 800 человек это самая маленькая независимая страна в мире а также страна имеющая наименьшее население,население ватикана составляет около 800 человек эта самая маленькая независимая страна в мире а также страна имеющая наимейшее население
1689,"Европа — относительно маленький континент, но на нём много независимых государств. В обычных обстоятельствах путешествие через множество стран означало бы необходимость подачи прошений для получения визы и многократного прохождения паспортного контроля.","Еуропа — относительно маленький континент, но на нём — много независимый государств. В обычных обстоятельствах путешествия через множество стран означало бы необходимость податчей прошений для получения визы и многократного прохождения паспортного контроля.",европа относительно маленький континент но на нем много независимых государств в обычных обстоятельствах путешествие через множество стран означало бы необходимость подачи прошений для получения визы и многократного прохождения паспортного контроля,еуропа относительно маленький континент но на нем много независимый государств в обычных обстоятельствах путешествия через множество стран означало бы необходимость податчей прошений для получения визы и многократного прохождения паспортного контроля
1984,"Массовое владение автомобилями также приводит к увеличению числа ДТП на дорогах, что приводит к изобретению в здравоохранении новых методов лечения полученных травм.","Массовое овладение автомобилями также приводит к увеличению числа ДТП на дорогах, что приводит к изобретению здравоохранения новых методов лечения полученных травм.",массовое владение автомобилями также приводит к увеличению числа дтп на дорогах что приводит к изобретению в здравоохранении новых методов лечения полученных травм,массовое овладение автомобилями также приводит к увеличению числа дтп на дорогах что приводит к изобретению здравоохранения новых методов лечения полученных травм
1714,"Спутник был доставлен в космос ракетой. Ученые используют телескопы в космосе, потому что атмосфера Земли в некоторой степени искажает наш свет и обзор.","Спутник был доставлен в космос ракетой. Ученые используют телескопы в космосе, потому что атмосфера Земли в некоторой степени искажают наш свет и обзор.",спутник был доставлен в космос ракетой ученые используют телескопы в космосе потому что атмосфера земли в некоторой степени искажает наш свет и обзор,спутник был доставлен в космос ракетой ученые используют телескопы в космосе потому что атмосфера земли в некоторой степени искажают наш свет и обзор
1734,"Ученые смогли сделать вывод, что темная материя воздействует на другую темную материю так же, как и в случае с обычной материей.","Ученые смогли сделать вывод, что тёмная материя воздействует на другое тёмную материю так же, как и в случае с обычной матерей.",ученые смогли сделать вывод что темная материя воздействует на другую темную материю так же как и в случае с обычной материей,ученые смогли сделать вывод что темная материя воздействует на другое темную материю так же как и в случае с обычной матерей
1696,"Исследователи университета сообщили, что эти два соединения вступают друг с другом в реакцию, образуя кристаллы, которые могут блокировать работу почек.","Исследователи университета сообщили, что эти два соединения вступают друг с друга в реакцию, образуя кристаллы, которые могут блокировать работу почек.",исследователи университета сообщили что эти два соединения вступают друг с другом в реакцию образуя кристаллы которые могут блокировать работу почек,исследователи университета сообщили что эти два соединения вступают друг с друга в реакцию образуя кристаллы которые могут блокировать работу почек
2006,"Такие элементы, как кальций и калий, считаются металлами. Конечно, также есть такие металлы, как серебро и золото.","Такие элементы, как кальция и калли, считаются металлами. Конечно, также есть такие металлы, как сереброй золота.",такие элементы как кальций и калий считаются металлами конечно также есть такие металлы как серебро и золото,такие элементы как кальция и калли считаются металлами конечно также есть такие металлы как сереброй золота
1694,Дети передаются под опеку по множеству разнообразных причин: от беспризорности до жестокого обращения и даже вымогательств.,"Дети передаются под опеку по множеству разнообразных причин, от безпрезорностей джистоково обращения и даже вымогательств.",дети передаются под опеку по множеству разнообразных причин от беспризорности до жестокого обращения и даже вымогательств,дети передаются под опеку по множеству разнообразных причин от безпрезорностей джистоково обращения и даже вымогательств
1900,"Ее очень нелегко обнаружить даже тому, кто знает о ее существовании. В пещере человек оказывается в полной изоляции.","Ее очень нелегко обнаружат даже тому, кто знает о ее существовании. В пешере человек оказывается в полной изоляции.",ее очень нелегко обнаружить даже тому кто знает о ее существовании в пещере человек оказывается в полной изоляции,ее очень нелегко обнаружат даже тому кто знает о ее существовании в пешере человек оказывается в полной изоляции
1699,"Бишкек был описан одним обозревателем как погружающийся в состояние анархии, поскольку группы людей бегали по улицам и грабили магазины с потребительскими товарами.","Бешкек был описан одним обозревателем как «погружающейся» в состоянии анархии, поскольку группа людей бегали по улицам и грабили магазин с потребительскими товарами.",бишкек был описан одним обозревателем как погружающийся в состояние анархии поскольку группы людей бегали по улицам и грабили магазины с потребительскими товарами,бешкек был описан одним обозревателем как погружающейся в состоянии анархии поскольку группа людей бегали по улицам и грабили магазин с потребительскими товарами
1726,"Учебные экскурсии очень важны для любого класса. Очень часто учителям хочется отвезти своих учеников туда, куда нельзя доехать на автобусе.","Учебные экскурсии — очень важны для любого класса. Очень часто учителям хочется отвести своих учеников туда, куда нельзя доехать на автобусе.",учебные экскурсии очень важны для любого класса очень часто учителям хочется отвезти своих учеников туда куда нельзя доехать на автобусе,учебные экскурсии очень важны для любого класса очень часто учителям хочется отвести своих учеников туда куда нельзя доехать на автобусе
1881,Выкладывание экскурсии в виртуальное пространство для всеобщего обозрения — это также отличный способ освежить в памяти экскурсию и поделиться своим полученными знаниями с будущими классами.,Выкладывания экскурсий в виртуальное пространство для всеобщего обозрения — это также отличный способ освежить в память экскурсия и поделиться своими полученными знаниями с буддарщими классами.,выкладывание экскурсии в виртуальное пространство для всеобщего обозрения это также отличный способ освежить в памяти экскурсию и поделиться своим полученными знаниями с будущими классами,выкладывания экскурсий в виртуальное пространство для всеобщего обозрения это также отличный способ освежить в память экскурсия и поделиться своими полученными знаниями с буддарщими классами
1719,"Неблагоприятные метеоусловия — это общий термин для обозначения любого опасного явления погоды, способного причинить какой-либо ущерб, вызвать серьёзные социальные потрясения или привести к человеческим жертвам.","Неблагооприятные метеусловия — это общий термин, для обозначения любого опасного явления поводы, способного причинить какой-либо ущерб, вызвать серьезные социальные потрясения или привести к человеческим жертвам.",неблагоприятные метеоусловия это общий термин для обозначения любого опасного явления погоды способного причинить какой либо ущерб вызвать серьезные социальные потрясения или привести к человеческим жертвам,неблагооприятные метеусловия это общий термин для обозначения любого опасного явления поводы способного причинить какой либо ущерб вызвать серьезные социальные потрясения или привести к человеческим жертвам
1848,"Вчера утром возле главного полицейского управления Газиантепа (Турция) был подорван автомобиль, в результате чего погибли 2 полицейских и еще более 20 человек получили ранения.","Вчера утром возле главного полицейского управления Газианты по Турции был подорбан автомобиль, в результате чего погибли двое полицейских, и еще более 20 человек плочили ранение.",вчера утром возле главного полицейского управления газиантепа турция был подорван автомобиль в результате чего погибли 2 полицейских и еще более 20 человек получили ранения,вчера утром возле главного полицейского управления газианты по турции был подорбан автомобиль в результате чего погибли двое полицейских и еще более 20 человек плочили ранение
1710,"На прошлой недели Министерство экономики, труда и промышленности объявило, что Apple  проинформировала его о 34 дополнительных случаях перегрева, которые компания назвала ""несерьёзными"".","На прошлой неделе Министерство экономики труда и промышленности объявило, что Apple проинформировало его от 34-х деполненцов случаях перегрева, которая компания назвала несерьезными.",на прошлой недели министерство экономики труда и промышленности объявило что apple проинформировала его о 34 дополнительных случаях перегрева которые компания назвала несерьезными,на прошлой неделе министерство экономики труда и промышленности объявило что apple проинформировало его от 34 х деполненцов случаях перегрева которая компания назвала несерьезными
1983,"Слово ""цивилизация"" происходит от латинского civilis, что означает ""гражданский"" и является родственником латинских слов civis, означающего ""гражданин"", и civitas, означающего ""город"" или ""город-государство"", и оно также определенным образом выражает размер общества.","Слово «цивилизация» происходит от латинского сивилис, что означает «гражданский» и является родственникам латинских слов «сивис» означайшего гражданин и «сивитас» означайшего город или город-государсты, и оно также определенным образом выражает размер общества.",слово цивилизация происходит от латинского civilis что означает гражданский и является родственником латинских слов civis означающего гражданин и civitas означающего город или город государство и оно также определенным образом выражает размер общества,слово цивилизация происходит от латинского сивилис что означает гражданский и является родственникам латинских слов сивис означайшего гражданин и сивитас означайшего город или город государсты и оно также определенным образом выражает размер общества
1785,"Скаффолдинг — это не метод обучения, а скорее форма помощи тем, кто проходит через новый опыт обучения, такой как использование новой компьютерной программы или начало нового проекта.","Скофолдинг — это не метод обучения, а скорее форма помощи тем, кто проходит через новый опыт обучения, такой как использование новой компьютерной программы или начало нового проекта.",скаффолдинг это не метод обучения а скорее форма помощи тем кто проходит через новый опыт обучения такой как использование новой компьютерной программы или начало нового проекта,скофолдинг это не метод обучения а скорее форма помощи тем кто проходит через новый опыт обучения такой как использование новой компьютерной программы или начало нового проекта
1838,"Великая Пирамида в Гизе это единственное из семи чудес света, которое существует сегодня.","Великая пирамида в Гизи — это единственное из семи чудес света, которая существует сегодня.",великая пирамида в гизе это единственное из семи чудес света которое существует сегодня,великая пирамида в гизи это единственное из семи чудес света которая существует сегодня
1680,"Будучи всесторонне развитым атлетом, тигр может взбираться на деревья (хотя и не очень хорошо), плавать, прыгать на большие расстояния и тянуть с силой пяти крепких человек.","Будучи всесторонни развитым атлетам, тигер может сбираться на деревья, хотя и не очень хорошо плавать, прыгать на большие расстояния и тянуть с силой пяти крепких человек.",будучи всесторонне развитым атлетом тигр может взбираться на деревья хотя и не очень хорошо плавать прыгать на большие расстояния и тянуть с силой пяти крепких человек,будучи всесторонни развитым атлетам тигер может сбираться на деревья хотя и не очень хорошо плавать прыгать на большие расстояния и тянуть с силой пяти крепких человек
1744,"Чем меньше число Россби, тем менее активна звезда по отношению к инверсиям магнитного поля.","Чем меньше числа разби, тем менее активна звезда по отношению к инверсиям магнитного поля.",чем меньше число россби тем менее активна звезда по отношению к инверсиям магнитного поля,чем меньше числа разби тем менее активна звезда по отношению к инверсиям магнитного поля
1932,"За пять минут до начала салюта ветер начал усиливаться, минутой позже ветер достиг скорости 70 километров в час... Затем начался дождь, такой сильный и крупный, будто на тебя падают иголки, потом с неба посыпался град, люди в панике кричали и сталкивались друг с другом.","За 5 минут до начала салюта ветер начал усиливаться. Минуты позже ветер достик скорости 70 км в час, затем начался дождь такой сильный и крупный, будто на тебя падут иголки, потом с неба посыпался град, люди в панике кричали и сталкивались друг с другом.",за пять минут до начала салюта ветер начал усиливаться минутой позже ветер достиг скорости 70 километров в час затем начался дождь такой сильный и крупный будто на тебя падают иголки потом с неба посыпался град люди в панике кричали и сталкивались друг с другом,за 5 минут до начала салюта ветер начал усиливаться минуты позже ветер достик скорости 70 км в час затем начался дождь такой сильный и крупный будто на тебя падут иголки потом с неба посыпался град люди в панике кричали и сталкивались друг с другом
1660,"Романтизм во многом включал в себя культурный детерминизм, почерпнутый у таких писателей, как Гёте, Фихте и Шлегель.","Романтизм во многом включал в себя культурный детерминизм, подчерпанутый у таких писателей как Гетти, Фихта и Шлегель.",романтизм во многом включал в себя культурный детерминизм почерпнутый у таких писателей как гете фихте и шлегель,романтизм во многом включал в себя культурный детерминизм подчерпанутый у таких писателей как гетти фихта и шлегель
1682,"Хотя никто не знает наверняка, кто его написал, известно, что в начале своего существования этот большой пергаментный документ (размером 29¾ на 24½ дюйма) был свёрнут для более удобного хранения.","Хотя никто не знает наверняка, кто его написал, известно, что в начале своего существания этот большой пергаментный документ размером 29,34 на 23,2 дюйма был свернут для более удобного хранения.",хотя никто не знает наверняка кто его написал известно что в начале своего существования этот большой пергаментный документ размером 293 4 на 241 2 дюйма был свернут для более удобного хранения,хотя никто не знает наверняка кто его написал известно что в начале своего существания этот большой пергаментный документ размером 29 34 на 23 2 дюйма был свернут для более удобного хранения
1676,"Как и во всех южноафриканских национальных парках, в этом парке существует ежедневная плата за его охрану и посещение.","Как и во всех Южно-Африканских национальных парках, в этом парке существует ежедневная плата за его охрану и посещение.",как и во всех южноафриканских национальных парках в этом парке существует ежедневная плата за его охрану и посещение,как и во всех южно африканских национальных парках в этом парке существует ежедневная плата за его охрану и посещение
1691,"На некоторых маршрутах  у более крупных компаний есть свои собственные самолёты, но для других маршрутов и более мелких компаний с этим была проблема.","На некоторых маршрутов у более крупных компаний есть свои собственные самолеты, но для других маршрутов и более мелких компаний с этим была проблема.",на некоторых маршрутах у более крупных компаний есть свои собственные самолеты но для других маршрутов и более мелких компаний с этим была проблема,на некоторых маршрутов у более крупных компаний есть свои собственные самолеты но для других маршрутов и более мелких компаний с этим была проблема
1755,Одна из бомб взорвалась возле офиса генерал-губернатора.,Одна из бомб взорвалась возле офиса генерал-губернаторы.,одна из бомб взорвалась возле офиса генерал губернатора,одна из бомб взорвалась возле офиса генерал губернаторы
1717,"Обратный поток сосредоточен в нескольких более глубоких участках, где может образовываться быстрое течение, уходящее на большую глубину, из-за подобной подводной топологии.","Обратный поток сосредотучен в нескольких более глубоких участках, где может образовываться быстрое течение, уходящее на большую глубину, из-за подобной подводной топологии.",обратный поток сосредоточен в нескольких более глубоких участках где может образовываться быстрое течение уходящее на большую глубину из за подобной подводной топологии,обратный поток сосредотучен в нескольких более глубоких участках где может образовываться быстрое течение уходящее на большую глубину из за подобной подводной топологии
1820,"Сейчас люди пишут сообщения на экранах компьютеров, и им никогда не приходится иметь дело с точилкой.","Сейчас люди пишут сообщения на экранах компьютерах, им никогда не приходилось с ментело стучилкой.",сейчас люди пишут сообщения на экранах компьютеров и им никогда не приходится иметь дело с точилкой,сейчас люди пишут сообщения на экранах компьютерах им никогда не приходилось с ментело стучилкой
1919,"Этот город также является отправной точкой для восхождения на вулкан Ньирагонго, а также здесь можно посмотреть на горных горилл в дикой природе по одной из самых дешёвых цен в Африке.","Этод город также является отправной точкой для восхождения на вулкануне Ниерагонга, а также здесь можно посмотреть на горных горел – в дикой природе, по одной из самых дешевых цен в Африке.",этот город также является отправной точкой для восхождения на вулкан ньирагонго а также здесь можно посмотреть на горных горилл в дикой природе по одной из самых дешевых цен в африке,этод город также является отправной точкой для восхождения на вулкануне ниерагонга а также здесь можно посмотреть на горных горел в дикой природе по одной из самых дешевых цен в африке
1950,"Сравнительно не далеко, к северу, расположен романтический и очаровательный городок Синтра, воспетый лордом Байроном и получивший после этого известность во всём мире.","Сравнительно недалеко к Северу, расположен романтически и очаровательно Городок Синдра в испетое Лордом Байроном, и получившей после этого известность во всем мире.",сравнительно не далеко к северу расположен романтический и очаровательный городок синтра воспетый лордом байроном и получивший после этого известность во всем мире,сравнительно недалеко к северу расположен романтически и очаровательно городок синдра в испетое лордом байроном и получившей после этого известность во всем мире
1738,"Он также атаковал все, что входило в воду; даже гигантский динозавр, такой как тиранозавр, не сравнился бы с ним.","Он также атаковал всё, что входило в воду. Даже гигантский динозавр такой как термозавр не сравнился бы с ним.",он также атаковал все что входило в воду даже гигантский динозавр такой как тиранозавр не сравнился бы с ним,он также атаковал все что входило в воду даже гигантский динозавр такой как термозавр не сравнился бы с ним
1804,"Гаитянский Институт Справедливости и Демократии сослался на независимое исследование, которое предполагает, что непальский миротворческий батальон ООН непреднамеренно завёз заболевание в Гаити.","Гаитенский институт справедливостей демократии сослался на независимое исследование, которое предполагает, что Непальский миротворческий батальон ОН непреднамеренна завез заболевания в Гаитии.",гаитянский институт справедливости и демократии сослался на независимое исследование которое предполагает что непальский миротворческий батальон оон непреднамеренно завез заболевание в гаити,гаитенский институт справедливостей демократии сослался на независимое исследование которое предполагает что непальский миротворческий батальон он непреднамеренна завез заболевания в гаитии
1992,"Термин ""сафари"" в повседневном использовании означает наземную поездку с целью посмотреть поразительную дикую природу Африки, особенно в саванне.","Терминсофарив по седневным использованиям означает наземную поездку с целью посмотреть поразительную диаку природы Африки, особенно в Саване.",термин сафари в повседневном использовании означает наземную поездку с целью посмотреть поразительную дикую природу африки особенно в саванне,терминсофарив по седневным использованиям означает наземную поездку с целью посмотреть поразительную диаку природы африки особенно в саване
1991,"В течение этого периода европейской истории, католическая церковь, ставшая богатой и сильной, оказалась объектом пристального внимания.","В течении этого периода европейская история католическая церковь, ставшаяся богатой и сильней, оказалась объектом пристыльного внимания.",в течение этого периода европейской истории католическая церковь ставшая богатой и сильной оказалась объектом пристального внимания,в течении этого периода европейская история католическая церковь ставшаяся богатой и сильней оказалась объектом пристыльного внимания
1678,"В статье ""Речь президента"" Оливер Сакс описал, как люди, которые из-за повреждения мозга неспособны понимать речь, тем не менее могут правильно оценить искренность говорящего.","В статье «Речь президента» Ольвер Сакс описал, как «люди, которые, из-за повреждения мозга, неспособны понимать речь, тем не менее, могут правильно оценить искреннецговорящего».",в статье речь президента оливер сакс описал как люди которые из за повреждения мозга неспособны понимать речь тем не менее могут правильно оценить искренность говорящего,в статье речь президента ольвер сакс описал как люди которые из за повреждения мозга неспособны понимать речь тем не менее могут правильно оценить искреннецговорящего
1908,Важно различать глаголы и дополнения.,Важно различать глаголы и дополнения.,важно различать глаголы и дополнения,важно различать глаголы и дополнения
1713,"Хоть Гома и является достаточно безопасным местом, следует заранее уточнять информацию насчёт любых поездок за пределы Гомы, чтобы понять, в каком состоянии находятся боевые действия, ведущиеся в провинции Северное Киву.","Хоть гома и является достаточно безопасным местом, следует заранее уточнять информацию насчет любых поездок за приделой гома, чтобы понять, в каком состоянии находятся боевые действия, ведущиеся в провинции Северная Кимо.",хоть гома и является достаточно безопасным местом следует заранее уточнять информацию насчет любых поездок за пределы гомы чтобы понять в каком состоянии находятся боевые действия ведущиеся в провинции северное киву,хоть гома и является достаточно безопасным местом следует заранее уточнять информацию насчет любых поездок за приделой гома чтобы понять в каком состоянии находятся боевые действия ведущиеся в провинции северная кимо
1982,"Для женщин: всем туристкам рекомендуется говорить, что они замужем, независимо от их настоящего семейного положения.","Для женщин. Всем туристкам рекомендуются говорить, что они замужем, независимы от их настоящей в азиоменовополажения.",для женщин всем туристкам рекомендуется говорить что они замужем независимо от их настоящего семейного положения,для женщин всем туристкам рекомендуются говорить что они замужем независимы от их настоящей в азиоменовополажения
1979,"Официальной валютой Фолклендских островов является фунт Фолкендских островов (FKP), стоимость которого эквивалентна стоимости одного британского фунта стерлингов (GBP).","Официальный валютой фолгонских остроов является фунт фолгонских остроов FKP, стоимость которого эквивалент на сноимности одного британского фунта стерлингов GBP.",официальной валютой фолклендских островов является фунт фолкендских островов fkp стоимость которого эквивалентна стоимости одного британского фунта стерлингов gbp,официальный валютой фолгонских остроов является фунт фолгонских остроов fkp стоимость которого эквивалент на сноимности одного британского фунта стерлингов gbp
1744,"Чем меньше число Россби, тем менее активна звезда по отношению к инверсиям магнитного поля.","Чем меньше число росби, тем менее активна звезда по отношению к конверсия магнитного поля.",чем меньше число россби тем менее активна звезда по отношению к инверсиям магнитного поля,чем меньше число росби тем менее активна звезда по отношению к конверсия магнитного поля
1954,"Их отличали дисциплинированная защита, мастерство владения мячом и превосходная командная работа, и было ясно, что обыграть эту команду непросто.","Их отличали дисциплинированная защита, мастерство обладения мячом и превосходная командная работа, и было ясно, чтобы играть эту команду не просто.",их отличали дисциплинированная защита мастерство владения мячом и превосходная командная работа и было ясно что обыграть эту команду непросто,их отличали дисциплинированная защита мастерство обладения мячом и превосходная командная работа и было ясно чтобы играть эту команду не просто
1698,"Все во вселенной состоит из материи. Вся материя состоит из мельчайших частиц, называемых атомами.","«Все во вселенной состоит из материи. Вся материя состоит из мельчайших частиц, называемых атомами».",все во вселенной состоит из материи вся материя состоит из мельчайших частиц называемых атомами,все во вселенной состоит из материи вся материя состоит из мельчайших частиц называемых атомами
1706,"Более традиционные церкви зачастую проводят пасхальное богослужение в субботу вечером во время пасхальных выходных, при этом прихожане обычно начинают в полночь празднование Воскресения Христа.","Более традиционные церкви зачастую проводят пасхальные покослужения субботу вечером во время пасхальных выходных, при этом прихожане обычно начинают в полночь празднования Воскресения Христа.",более традиционные церкви зачастую проводят пасхальное богослужение в субботу вечером во время пасхальных выходных при этом прихожане обычно начинают в полночь празднование воскресения христа,более традиционные церкви зачастую проводят пасхальные покослужения субботу вечером во время пасхальных выходных при этом прихожане обычно начинают в полночь празднования воскресения христа
1759,"Доктора Малар Баласубраманиан, 29 лет, нашли в Блю-Эше (штат Огайо), пригороде примерно в 15 милях к северу от Цинциннати. Он лежал на земле рядом с дорогой в футболке и нижнем белье и, по-видимому, в состоянии сильного наркотического опьянения.","Доктор Малар был Суббрамонен, 29, нашли в Блюэши, Штатагайу, пригороде примерно 15 милых к Северу от Санцинати. Он лежал на земле рядом с дорогой футболгия, нижнем белье и, видимо, в состоянии сильного наркотического объинения.",доктора малар баласубраманиан 29 лет нашли в блю эше штат огайо пригороде примерно в 15 милях к северу от цинциннати он лежал на земле рядом с дорогой в футболке и нижнем белье и по видимому в состоянии сильного наркотического опьянения,доктор малар был суббрамонен 29 нашли в блюэши штатагайу пригороде примерно 15 милых к северу от санцинати он лежал на земле рядом с дорогой футболгия нижнем белье и видимо в состоянии сильного наркотического объинения
1824,"Плато Гиза, или же Некрополь Гизы, в египетской Долине Мёртвых, включает несколько пирамид (из которых Великая пирамида Гизы — самая большая), несколько небольших гробниц, несколько храмов и Большой сфинкс.","Плато-гиза, или же некрополь-гиза Вегепетске дырени мертвых, включают несколько пирамид, из которых Великая Пирамида Гиза – самая большая, несколько небольших гробниц, несколько храмов и большой сфинкс.",плато гиза или же некрополь гизы в египетской долине мертвых включает несколько пирамид из которых великая пирамида гизы самая большая несколько небольших гробниц несколько храмов и большой сфинкс,плато гиза или же некрополь гиза вегепетске дырени мертвых включают несколько пирамид из которых великая пирамида гиза самая большая несколько небольших гробниц несколько храмов и большой сфинкс
1891,Лаккха Сингх исполнил чхаппан бхог бхаджан.  Певец Раджу Кханделвал пел вместе с ним.,Лакхасинк исполнил Чхахапан Пхог Пхаджан Пьетсраджу Канделвал пел вместе с ним.,лаккха сингх исполнил чхаппан бхог бхаджан певец раджу кханделвал пел вместе с ним,лакхасинк исполнил чхахапан пхог пхаджан пьетсраджу канделвал пел вместе с ним
1982,"Для женщин: всем туристкам рекомендуется говорить, что они замужем, независимо от их настоящего семейного положения.","Для женщин. Всем туристкам рекомендуются говорить, что они замужем, независимо от их настоящего семейного положения.",для женщин всем туристкам рекомендуется говорить что они замужем независимо от их настоящего семейного положения,для женщин всем туристкам рекомендуются говорить что они замужем независимо от их настоящего семейного положения
1941,Эти пары могут выбрать  создание плана усыновления для своего ребёнка.,Эти пары могут выбрать создания плана усыновления для своего ребенка.,эти пары могут выбрать создание плана усыновления для своего ребенка,эти пары могут выбрать создания плана усыновления для своего ребенка
1664,"Получите новую смесь, перемешав два сухих порошка в одной емкости, а затем чистыми влажными руками слепите из этой смеси шарик.","Получите новую смесь, перемешав 2 сухих порошка в одно емкости, а затем чистыми влажными руками слепите из-за этой смеси шарик.",получите новую смесь перемешав два сухих порошка в одной емкости а затем чистыми влажными руками слепите из этой смеси шарик,получите новую смесь перемешав 2 сухих порошка в одно емкости а затем чистыми влажными руками слепите из за этой смеси шарик
1939,"Также после Революции открылись возможности работы открылись всем мужчинам, что позволило самым амбициозным и талантливым добиться успеха.","Также после революций открылись возможности работы, открылись всем мужчинам, что позволило самым бициозным и талантливым добиться успеха.",также после революции открылись возможности работы открылись всем мужчинам что позволило самым амбициозным и талантливым добиться успеха,также после революций открылись возможности работы открылись всем мужчинам что позволило самым бициозным и талантливым добиться успеха
1951,"В 2002 году город Гома был разрушен лавой вулкана Ньирагонго, которая похоронила под собой большую часть городских улиц, особенно центральную часть города.","В 2002 году город Гома был разрушен лавой Вулкана Нирагонга, которая покорнила под собой большую часть городских улиц, особенно центральную часть города.",в 2002 году город гома был разрушен лавой вулкана ньирагонго которая похоронила под собой большую часть городских улиц особенно центральную часть города,в 2002 году город гома был разрушен лавой вулкана нирагонга которая покорнила под собой большую часть городских улиц особенно центральную часть города
1918,Сундарбан был объявлен Объектом всемирного наследия ЮНЕСКО. Часть леса в пределах индийской территории называется Национальный парк Сундарбан.,Цундарбан был объявлен объектом всемирного наследия ЮНЕСКО. Час с леса в приделах индийской территории называется национальный парк Цундарбан.,сундарбан был объявлен объектом всемирного наследия юнеско часть леса в пределах индийской территории называется национальный парк сундарбан,цундарбан был объявлен объектом всемирного наследия юнеско час с леса в приделах индийской территории называется национальный парк цундарбан
1752,"Это привело к тому, что два вида рыб вымерли, а два других, в том числе горбатый голавль, попали под угрозу исчезновения.","Это привело к тому, что два вида рыбы вымерли, а два других, в том числе грибатый голубль, попали под угрозу исчезновения.",это привело к тому что два вида рыб вымерли а два других в том числе горбатый голавль попали под угрозу исчезновения,это привело к тому что два вида рыбы вымерли а два других в том числе грибатый голубль попали под угрозу исчезновения
1707,Он является одной из главных достопримечательностей Южной Африки и считается ведущим среди южноафриканских национальных парков (SANParks).,Он является одной из главных достопримечательностей Южной Африки и считается ведущим среди Южно-Африканских национальных парков Сан-Паркс.,он является одной из главных достопримечательностей южной африки и считается ведущим среди южноафриканских национальных парков sanparks,он является одной из главных достопримечательностей южной африки и считается ведущим среди южно африканских национальных парков сан паркс
1720,"Горячий шоколад отвечает стандартам Бельгии. Хотя фруктовые соки стоят дорого, они имеют превосходное качество.","Арячий шоколад отвечает стандартно белый, хотя фруктовые соки стоят дорого, они имеют превосходное качество.",горячий шоколад отвечает стандартам бельгии хотя фруктовые соки стоят дорого они имеют превосходное качество,арячий шоколад отвечает стандартно белый хотя фруктовые соки стоят дорого они имеют превосходное качество
1731,"Исследуя архипелаги или посещая озера, вы вполне сможете обойтись и без яхты.","Исследуя архипелаги или посещая озера, вы вполне сможете обойтись и без яхты.",исследуя архипелаги или посещая озера вы вполне сможете обойтись и без яхты,исследуя архипелаги или посещая озера вы вполне сможете обойтись и без яхты
1869,"Его длинные челюсти были усеяны более чем 70 острейшими зубами, вдобавок имелся дополнительный ряд на нёбе, так что тем, кто встречался на его пути, не было спасения.","Ее длинные челюсти были усенния более чем 70-ти устрейшими зубами, даба уокимелся дополнительной ряды на небы, так что тем, кто встречался на его пути, не было спасения.",его длинные челюсти были усеяны более чем 70 острейшими зубами вдобавок имелся дополнительный ряд на небе так что тем кто встречался на его пути не было спасения,ее длинные челюсти были усенния более чем 70 ти устрейшими зубами даба уокимелся дополнительной ряды на небы так что тем кто встречался на его пути не было спасения
1745,"Растения выглядят лучше всего в своей естественной среде обитания, поэтому не поддавайтесь искушению взять хотя бы один экземпляр.","Растения выглядят лучше всего в своей естественной среде обитания, поэтому не поддавайтесь искушению взять хотя бы один экземпляр.",растения выглядят лучше всего в своей естественной среде обитания поэтому не поддавайтесь искушению взять хотя бы один экземпляр,растения выглядят лучше всего в своей естественной среде обитания поэтому не поддавайтесь искушению взять хотя бы один экземпляр
1934,Обычно всегда слышен шум от туристов и продавцов. История звука и света похожа на книгу с историями.,Обычно всегда слышен шум от туристов и продавцов. История с Букко и Света похожи на книгу с историями.,обычно всегда слышен шум от туристов и продавцов история звука и света похожа на книгу с историями,обычно всегда слышен шум от туристов и продавцов история с букко и света похожи на книгу с историями
1813,"Официальными языками Барселоны являются каталанский и испанский. Примерно половина населения предпочитает разговаривать на каталанском, большинство понимают его, и практически все знают испанский.","Официальными языками Борселоны являются каталански и испански. Примерно половина населения предпочитает разговаривать с накаталанским. Большинство понимают его, и практически все знают испанский.",официальными языками барселоны являются каталанский и испанский примерно половина населения предпочитает разговаривать на каталанском большинство понимают его и практически все знают испанский,официальными языками борселоны являются каталански и испански примерно половина населения предпочитает разговаривать с накаталанским большинство понимают его и практически все знают испанский
1798,"В начальный период своего существования это шоу транслировалось только на сайте давно существующего онлайн-радио TogiNet Radio, посвященного радиобеседам.","В начальнии период своего существования эта шоу трансферла столько на сайте, давно существуяшуюся онлайн радио Тодженет радио, посвященную радиобеседам.",в начальный период своего существования это шоу транслировалось только на сайте давно существующего онлайн радио toginet radio посвященного радиобеседам,в начальнии период своего существования эта шоу трансферла столько на сайте давно существуяшуюся онлайн радио тодженет радио посвященную радиобеседам
2002,Посредством движения устройства в воздухе игроки смогут управлять действиями и движениями в видеоиграх.,"Вместе с моим гидром, мы видим, что гидрами и гидрами не могут быть очень приятные движения.",посредством движения устройства в воздухе игроки смогут управлять действиями и движениями в видеоиграх,вместе с моим гидром мы видим что гидрами и гидрами не могут быть очень приятные движения
1732,"Эпоху, в которой происходили данные события, принято называть Высоким Средневековьем, периодом европейской истории, затрагивающим XI, XII и XIII века (1000–1300 гг. н. э.).","Эпоху, в которой происходили данные события, приняты называть «высоким средневековый» периодом европейской истории, за трагивающим 11, 12 и 13 веках 1400 и года нашей эры.",эпоху в которой происходили данные события принято называть высоким средневековьем периодом европейской истории затрагивающим xi xii и xiii века 1000 1300 гг н э,эпоху в которой происходили данные события приняты называть высоким средневековый периодом европейской истории за трагивающим 11 12 и 13 веках 1400 и года нашей эры
1913,"Тигриный рык не похож на полнозвучный рык льва, а больше напоминает выкрикивание предложений из неразборчивых слов.","Тигриный рык не похож на полнозвучный рык льва, а больше напоминает выкрикивание предложений из неразборчивых слов.",тигриный рык не похож на полнозвучный рык льва а больше напоминает выкрикивание предложений из неразборчивых слов,тигриный рык не похож на полнозвучный рык льва а больше напоминает выкрикивание предложений из неразборчивых слов
1784,"Гренландия была слабо заселена. В скандинавских сагах повествуется о том, что Эрика Рыжего изгнали из Исландии за убийство, и, продвигаясь дальше на запад, он открыл Гренландию и дал ей название.","Гренландия была слабо заселена, в скандинавских сагах повестуется о том, что Эрика Рыжево изгонали из Исландии за убийство, и продвигаясь дальше на Запад, он открыл Гренландия и дал ей названия.",гренландия была слабо заселена в скандинавских сагах повествуется о том что эрика рыжего изгнали из исландии за убийство и продвигаясь дальше на запад он открыл гренландию и дал ей название,гренландия была слабо заселена в скандинавских сагах повестуется о том что эрика рыжево изгонали из исландии за убийство и продвигаясь дальше на запад он открыл гренландия и дал ей названия
1911,"Аналогичным образом, если у вас есть шенгенская виза, вам не нужно подавать заявление на получение визы в каждую из стран-участниц Шенгенского соглашения отдельно, что позволит вам сэкономить время и деньги, а также избежать бумажной волокиты.","Аналогичным образом, если у Вас есть шингенская виза, Вам не нужно подавать заявления на получение визы в каждую из стран участниц шингенского соглашения отдельно, что позволит Вам сэкономить время и деньги, а также избежать бумажной волокиты.",аналогичным образом если у вас есть шенгенская виза вам не нужно подавать заявление на получение визы в каждую из стран участниц шенгенского соглашения отдельно что позволит вам сэкономить время и деньги а также избежать бумажной волокиты,аналогичным образом если у вас есть шингенская виза вам не нужно подавать заявления на получение визы в каждую из стран участниц шингенского соглашения отдельно что позволит вам сэкономить время и деньги а также избежать бумажной волокиты
1683,"В живых есть ещё много мужчин и женщин, которые пережили своё пребывание здесь, но есть ещё больше людей, чьи близкие были убиты здесь или работали тут до смерти, будь то евреи или люди других национальностей.","В живых есть еще много мужчин и женщин, которые пережели свое пребывание здесь, но есть еще больше людей, чей близки были убиты здесь, или работали тудо-смерти, будь то еврея, или люди других национальностей.",в живых есть еще много мужчин и женщин которые пережили свое пребывание здесь но есть еще больше людей чьи близкие были убиты здесь или работали тут до смерти будь то евреи или люди других национальностей,в живых есть еще много мужчин и женщин которые пережели свое пребывание здесь но есть еще больше людей чей близки были убиты здесь или работали тудо смерти будь то еврея или люди других национальностей
1838,"Великая Пирамида в Гизе это единственное из семи чудес света, которое существует сегодня.","Деликая пирамида в Гизи – это единственная семей чудес света, которая существует сегодня.",великая пирамида в гизе это единственное из семи чудес света которое существует сегодня,деликая пирамида в гизи это единственная семей чудес света которая существует сегодня
1761,"Позже фотографы заняли место пожилой женщины, так как она отлучилась в туалет. Мендосу застрелили.","Позже фотографы заняли место пожилой женщины, так как она отлучилась туалет. Мендосу застрелили.",позже фотографы заняли место пожилой женщины так как она отлучилась в туалет мендосу застрелили,позже фотографы заняли место пожилой женщины так как она отлучилась туалет мендосу застрелили
1905,"Столицей Молдовы является Кишинёв. Местный язык — румынский, но русский также широко распространён.",Стрелья. Стрелья. Стрелья. Стрелья. Стрелья. Стрелья. Стрелья. Стрелья. Стрелья. Стрелья. Стрелья. Стрелья. Стрелья. Стрелья. Стрелья. Стрелья. Стрелья. Стрелья. Стрелья. Стрелья. Стрелья. Стрелья. Стрелья. Стрелья. Стрелья. Стрелья. Стрелья. Стрелья. Стрелья. Стрелья. Стрелья. Стрелья. Стрелья. Стрелья. Стрелья. Стрелья. Стрелья. Стрелья. Стрелья. Стрелья. Стрелья. Стрелья. Стрелья. Стрелья. Стрелья. Стрелья. Стрелья. Стрелья. Стрелья. Стрелья. Стрелья. Стрелья. Стрелья. Стрелья. Стрелья. Стрелья. Стрелья. Стрелья. Стрелья. Стрелья. Стрелья. Стрелья. Стрелья. Стрелья. Стрелья. Стрелья. Стрелья. Стрелья. Стрелья. Стрелья. Стрелья. Стрелья. Стрелья. Стрелья. Стрелья. Стрелья. Стрелья. Стрелья. Стрелья. Стрелья. Стрелья. Стрелья. Стрелья. Стрелья. Стрелья. Стрелья. Стрелья. Стрелья. Стрелья,столицей молдовы является кишинев местный язык румынский но русский также широко распространен,стрелья стрелья стрелья стрелья стрелья стрелья стрелья стрелья стрелья стрелья стрелья стрелья стрелья стрелья стрелья стрелья стрелья стрелья стрелья стрелья стрелья стрелья стрелья стрелья стрелья стрелья стрелья стрелья стрелья стрелья стрелья стрелья стрелья стрелья стрелья стрелья стрелья стрелья стрелья стрелья стрелья стрелья стрелья стрелья стрелья стрелья стрелья стрелья стрелья стрелья стрелья стрелья стрелья стрелья стрелья стрелья стрелья стрелья стрелья стрелья стрелья стрелья стрелья стрелья стрелья стрелья стрелья стрелья стрелья стрелья стрелья стрелья стрелья стрелья стрелья стрелья стрелья стрелья стрелья стрелья стрелья стрелья стрелья стрелья стрелья стрелья стрелья стрелья стрелья
1864,"Г-жа Киршнер объявила о своём намерении баллотироваться на пост президента в Аргентинском театре, в том же месте, где она начала свою предвыборную кампанию в Сенат в 2005 году в качестве члена делегации провинции Буэнос-Айрес.","Госпажа Киршнер объявила о своем намерении баллотироваться на пост президента в аргентинском театре, в том же месте, где она начала свою предвыборанную компанию Синадо в 2005-м году в качестве члено делегаций провинций Бойносайрес.",г жа киршнер объявила о своем намерении баллотироваться на пост президента в аргентинском театре в том же месте где она начала свою предвыборную кампанию в сенат в 2005 году в качестве члена делегации провинции буэнос айрес,госпажа киршнер объявила о своем намерении баллотироваться на пост президента в аргентинском театре в том же месте где она начала свою предвыборанную компанию синадо в 2005 м году в качестве члено делегаций провинций бойносайрес
1741,"Большие области далее к северу довольно редко заселены, а некоторые из них – практически незаселённая глушь.","Большие области Далекс северу довольно редко заселены, а некоторые из них — практически не заселеные глушь.",большие области далее к северу довольно редко заселены а некоторые из них практически незаселенная глушь,большие области далекс северу довольно редко заселены а некоторые из них практически не заселеные глушь
1883,"Высота подмостового габарита составляет 15 метров. Строительство было завершено в августе 2011 года, его не открывали для движения до марта 2017 года.","Высота подмостового габариты составляет 15 метров, строительство было завершено в августе 2011 года, его не открывали для движения до марта 2017-го.",высота подмостового габарита составляет 15 метров строительство было завершено в августе 2011 года его не открывали для движения до марта 2017 года,высота подмостового габариты составляет 15 метров строительство было завершено в августе 2011 года его не открывали для движения до марта 2017 го
1944,"Это иногда переполненные народом семейные пляжи с хорошим выбором магазинов, расположенных вдоль берега. Плавать безопасно.","Эта иногда переполненная народом семейные пляжи с хорошим выбором магазинов, расположенными вдоль берега, плавать безопасно.",это иногда переполненные народом семейные пляжи с хорошим выбором магазинов расположенных вдоль берега плавать безопасно,эта иногда переполненная народом семейные пляжи с хорошим выбором магазинов расположенными вдоль берега плавать безопасно
1894,Карри — это блюдо на основе трав и специй в сочетании с мясом или овощами.,"Карри — это блюдо на основе трафы, специи, сочетания с мясом и лебащами.",карри это блюдо на основе трав и специй в сочетании с мясом или овощами,карри это блюдо на основе трафы специи сочетания с мясом и лебащами
1700,Она тоньше под лунными морями и толще под нагорьями.,"Оно туиньше, под лунными морями и толщепотнагориями.",она тоньше под лунными морями и толще под нагорьями,оно туиньше под лунными морями и толщепотнагориями
1819,"В древнем Китае использовали уникальный способ обозначения периодов времени; каждый этап Китая или каждая семья, находившаяся у власти, были особой династией.","В Древнем Китай использовали уникальный способ обозначения периода времени. Каждый этап Китая или каждая семья, находившаяся у власти, были особо династей.",в древнем китае использовали уникальный способ обозначения периодов времени каждый этап китая или каждая семья находившаяся у власти были особой династией,в древнем китай использовали уникальный способ обозначения периода времени каждый этап китая или каждая семья находившаяся у власти были особо династей
1660,"Романтизм во многом включал в себя культурный детерминизм, почерпнутый у таких писателей, как Гёте, Фихте и Шлегель.","Романтизм во многом включал в себя культурный детерминизм, почерпнятый у таких писателей когеты, фикты и шлягиль.",романтизм во многом включал в себя культурный детерминизм почерпнутый у таких писателей как гете фихте и шлегель,романтизм во многом включал в себя культурный детерминизм почерпнятый у таких писателей когеты фикты и шлягиль
1822,"Султан Марокко перестроил город под названием Эд-Дар-эль-Бейда, а испанские торговцы, создавшие тут торговые базы, назвали его Касабланка.","Султан Марока перестроил город под названием Эддар Эльбейда, а испанский торговца, создавший ту торговую базу, назвали Волкосабланка.",султан марокко перестроил город под названием эд дар эль бейда а испанские торговцы создавшие тут торговые базы назвали его касабланка,султан марока перестроил город под названием эддар эльбейда а испанский торговца создавший ту торговую базу назвали волкосабланка
1683,"В живых есть ещё много мужчин и женщин, которые пережили своё пребывание здесь, но есть ещё больше людей, чьи близкие были убиты здесь или работали тут до смерти, будь то евреи или люди других национальностей.","В Живых есть еще много мужчин и женщин, которые пережили свое пребывание здесь, но есть еще больше людей, чьи близки были убиты здесь, или работали тут до смерти, будь то еврей, или люди других националистей.",в живых есть еще много мужчин и женщин которые пережили свое пребывание здесь но есть еще больше людей чьи близкие были убиты здесь или работали тут до смерти будь то евреи или люди других национальностей,в живых есть еще много мужчин и женщин которые пережили свое пребывание здесь но есть еще больше людей чьи близки были убиты здесь или работали тут до смерти будь то еврей или люди других националистей
1733,"Первой среди 78 рекомендаций является то, что следует реализовать новую дипломатическую инициативу до конца этого года для укрепления иракских границ, чтобы не допустить враждебного вмешательства, а также для возобновления дипломатических отношений с соседями.","Первая среди 78 рекомендаций является то, что следует реализовать новую дипломатическую инициативу до конца этого года для укрепления иракский границ, чтобы не доступить ураждебного мишательства, а также для воздомоления дипломатических отношений с соседями.",первой среди 78 рекомендаций является то что следует реализовать новую дипломатическую инициативу до конца этого года для укрепления иракских границ чтобы не допустить враждебного вмешательства а также для возобновления дипломатических отношений с соседями,первая среди 78 рекомендаций является то что следует реализовать новую дипломатическую инициативу до конца этого года для укрепления иракский границ чтобы не доступить ураждебного мишательства а также для воздомоления дипломатических отношений с соседями
1838,"Великая Пирамида в Гизе это единственное из семи чудес света, которое существует сегодня.","Пеликая пирамида в Гизи – это единственное из семи чудес света, которое существует сегодня.",великая пирамида в гизе это единственное из семи чудес света которое существует сегодня,пеликая пирамида в гизи это единственное из семи чудес света которое существует сегодня
1857,"Он добавил, что ""их, однако, не следует просить брать на себя обязательства, которые выходят за рамки их стадии разработки, ответственности и возможностей"".","Он добавил, что «их, однако, не следует, просить, брать на себе обязательства, которые выходят за рамки их стадия разработки, ответственности и возможностей».",он добавил что их однако не следует просить брать на себя обязательства которые выходят за рамки их стадии разработки ответственности и возможностей,он добавил что их однако не следует просить брать на себе обязательства которые выходят за рамки их стадия разработки ответственности и возможностей
1830,Правящая партия Организация народов Юго‑Западной Африки (СВАПО) также сохранила большинство на парламентских выборах.,"Правящая партия организация народов Юго-Западной Африки — Свапу, так же сохранила большинство на парламентских выборах.",правящая партия организация народов юго западной африки свапо также сохранила большинство на парламентских выборах,правящая партия организация народов юго западной африки свапу так же сохранила большинство на парламентских выборах
1743,"Большинство воззрений на технологический детерминизм разделяют две общие идеи: что направление развития технологий практически неподвластно культурному или политическому влиянию и что, в свою очередь, ""воздействие"" технологий на общество обусловлено их собственными свойствами, а не обществом.","Большинство, во зрение на технологический детерминизм, разделяя две общие идеи, что направление развития технологий практически не подвластны культурному или политическому влиянию, и что, в свою очередь, воздействие технологий на обществу обусловлено их собственными свойствами, а не обществом.",большинство воззрений на технологический детерминизм разделяют две общие идеи что направление развития технологий практически неподвластно культурному или политическому влиянию и что в свою очередь воздействие технологий на общество обусловлено их собственными свойствами а не обществом,большинство во зрение на технологический детерминизм разделяя две общие идеи что направление развития технологий практически не подвластны культурному или политическому влиянию и что в свою очередь воздействие технологий на обществу обусловлено их собственными свойствами а не обществом
1995,"Виртуальный скаффолдинг, помогающий в обучении, встроен в программное обеспечение и предназначен для того, чтобы напоминать, объяснять и задавать вопросы насчёт процедур, с которыми обучающемуся, возможно, было бы слишком трудно справиться в одиночку.","Виртуальный сковфолдинг, помогающий в обучении, встроен в программное обеспечение и предназначен для того, чтобы напоминать, объяснять и задавать вопросы насчет процеду, с которыми обучающемуся, возможно, было бы слишком трудно справиться в одиночку.",виртуальный скаффолдинг помогающий в обучении встроен в программное обеспечение и предназначен для того чтобы напоминать объяснять и задавать вопросы насчет процедур с которыми обучающемуся возможно было бы слишком трудно справиться в одиночку,виртуальный сковфолдинг помогающий в обучении встроен в программное обеспечение и предназначен для того чтобы напоминать объяснять и задавать вопросы насчет процеду с которыми обучающемуся возможно было бы слишком трудно справиться в одиночку
1740,Звуковое и световое шоу на фоне пирамиды является одним из самых интересных мероприятий в этой местности для детей.,Звуковой световой шоу на фоне пирамиды является одним из самых интересных мероприятий в этой местности для детей.,звуковое и световое шоу на фоне пирамиды является одним из самых интересных мероприятий в этой местности для детей,звуковой световой шоу на фоне пирамиды является одним из самых интересных мероприятий в этой местности для детей
1867,"Растения производят кислород, которым дышит человек, и поглощают углекислый газ, который человек выдыхает.","Растения производят кислород, которым дышит человек, и поглощают тугли-кислый газ, который человек выдыхает.",растения производят кислород которым дышит человек и поглощают углекислый газ который человек выдыхает,растения производят кислород которым дышит человек и поглощают тугли кислый газ который человек выдыхает
1923,"Эта стратегия доказала свою эффективность, отрезав жизненно важные военные и гражданские поставки, хотя эта блокада нарушала принятые повсеместно международные законы, изложенные в нескольких международных соглашениях за последние двести лет.","Эта стратегия доказала свою эффективность, отрезав жизненноважные военные и гражданские поставки, хотя эта блокада нарушала приняты повсеместно международные законы, изложенные в нескольких международных соглашениях за последние 200 лет.",эта стратегия доказала свою эффективность отрезав жизненно важные военные и гражданские поставки хотя эта блокада нарушала принятые повсеместно международные законы изложенные в нескольких международных соглашениях за последние двести лет,эта стратегия доказала свою эффективность отрезав жизненноважные военные и гражданские поставки хотя эта блокада нарушала приняты повсеместно международные законы изложенные в нескольких международных соглашениях за последние 200 лет
1679,Группа Aerosmith отменила оставшиеся концерты в своем турне.,Группа Aerosmith отменила оставшиеся концерты в своем турне.,группа aerosmith отменила оставшиеся концерты в своем турне,группа aerosmith отменила оставшиеся концерты в своем турне
1694,Дети передаются под опеку по множеству разнообразных причин: от беспризорности до жестокого обращения и даже вымогательств.,"Тети передаются под опеку по множествах разных разных причин, от беспрезорностей до жестокого обращения и даже вымогательств.",дети передаются под опеку по множеству разнообразных причин от беспризорности до жестокого обращения и даже вымогательств,тети передаются под опеку по множествах разных разных причин от беспрезорностей до жестокого обращения и даже вымогательств
1760,"Мозазавр был самым грозным хищником своего времени, поэтому он не боялся никого кроме других мозазавров.","Мазазавр был самым грозным хищником своего времени, поэтому он никогда не боялся никого, кроме других мазазавров.",мозазавр был самым грозным хищником своего времени поэтому он не боялся никого кроме других мозазавров,мазазавр был самым грозным хищником своего времени поэтому он никогда не боялся никого кроме других мазазавров
2002,Посредством движения устройства в воздухе игроки смогут управлять действиями и движениями в видеоиграх.,По средствам движения устройства в воздухе игроки смогут управлять действиями и движениями в виде играх.,посредством движения устройства в воздухе игроки смогут управлять действиями и движениями в видеоиграх,по средствам движения устройства в воздухе игроки смогут управлять действиями и движениями в виде играх
1867,"Растения производят кислород, которым дышит человек, и поглощают углекислый газ, который человек выдыхает.","Растения производят кислоородып, которым дышит человек и поклащат углекисл газа, который у человека выдыхает.",растения производят кислород которым дышит человек и поглощают углекислый газ который человек выдыхает,растения производят кислоородып которым дышит человек и поклащат углекисл газа который у человека выдыхает
1774,"На удалённых островах кредитные карты, возможно, не будут приниматься, хотя британскую и американскую валюту могут принять; заранее проясните с владельцами какой способ оплаты является приемлемым.","Наудален хэстревах кредитные карты, возможно, не будут приниматься, хотя британская американская валюта могут принять. Заранее проясните соладельцами какой способ оплаты является приемлемым.",на удаленных островах кредитные карты возможно не будут приниматься хотя британскую и американскую валюту могут принять заранее проясните с владельцами какой способ оплаты является приемлемым,наудален хэстревах кредитные карты возможно не будут приниматься хотя британская американская валюта могут принять заранее проясните соладельцами какой способ оплаты является приемлемым
1880,"Таким образом, карандаш стал хорошим другом для многих людей, когда появился.","Таким образом Карандаш стал хорошим другом для многих людей, когда появился.",таким образом карандаш стал хорошим другом для многих людей когда появился,таким образом карандаш стал хорошим другом для многих людей когда появился
1847,Его приветствовал заместитель премьер-министра Сингапура Вонг Кан Сенг. Затем он обсудил вопросы торговли и терроризма с премьер-министром Сингапура Ли Сянь Луном.,"Его приветствовал заместитель премьер-министр Сингапуро Вонг Кан Сенг, затем он обсудил вопросы торговли терроризм с премьер-министром Сингапуро Ли Сянь Луном.",его приветствовал заместитель премьер министра сингапура вонг кан сенг затем он обсудил вопросы торговли и терроризма с премьер министром сингапура ли сянь луном,его приветствовал заместитель премьер министр сингапуро вонг кан сенг затем он обсудил вопросы торговли терроризм с премьер министром сингапуро ли сянь луном
1666,"Возможно, вам также следует проконсультироваться с другими правительствами, помимо своего, но их рекомендации направлены на своих граждан.","Возможно, вам так же следует проконсультироваться с другими правительстыми, помимо своего, но и к рекомендациям направлены на свои граждан.",возможно вам также следует проконсультироваться с другими правительствами помимо своего но их рекомендации направлены на своих граждан,возможно вам так же следует проконсультироваться с другими правительстыми помимо своего но и к рекомендациям направлены на свои граждан
1763,"Так же, как Луна притягивает Землю, при этом вызывая приливы, так и Млечный Путь воздействует на галактику в Стрельце.","Та же, как Луна, притягивает Землю, при этом вызывая приливы, токемлечный путь воздействует на галактику стрельце.",так же как луна притягивает землю при этом вызывая приливы так и млечный путь воздействует на галактику в стрельце,та же как луна притягивает землю при этом вызывая приливы токемлечный путь воздействует на галактику стрельце
1846,"Соотношение сторон этого формата (поделенное на двенадцать, чтобы получить соотношение с небольшими целыми числами) поэтому принято за 3:2.","Соотношение сторон этого формата поделены на 12, чтобы получить соотношение с небольшими целыми числами, поэтому принято за 3 и 2.",соотношение сторон этого формата поделенное на двенадцать чтобы получить соотношение с небольшими целыми числами поэтому принято за 3 2,соотношение сторон этого формата поделены на 12 чтобы получить соотношение с небольшими целыми числами поэтому принято за 3 и 2
1879,"Можно только гадать, что станет с клавиатурой, с появлением более новых технологий.","Можно только гадачь, что станет с клавиатурой, с появлением более новых технологий.",можно только гадать что станет с клавиатурой с появлением более новых технологий,можно только гадачь что станет с клавиатурой с появлением более новых технологий
1988,"Среди большинства граждан и народов в 1920-е годы преобладали такие настроения, как пацифизм и изоляция.","Среди большинства граждан Инродов 1920-х годы преобладали такие инстарения, как пацифизм и изоляция.",среди большинства граждан и народов в 1920 е годы преобладали такие настроения как пацифизм и изоляция,среди большинства граждан инродов 1920 х годы преобладали такие инстарения как пацифизм и изоляция
1990,"Блоги также могут улучшить навыки письма у учащихся. Хотя учащиеся часто начинают свой блог используя неряшливую грамматику и орфографию, это как правило меняется из-за присутствия аудитории.","Блоги также могут улучшить навыки письма у учащихся, хотя учащие сейчас-то начинают свой блог, используя нерашливую грамматику и орфографию, — это, как правило, меняется из-за присутствия аудитории.",блоги также могут улучшить навыки письма у учащихся хотя учащиеся часто начинают свой блог используя неряшливую грамматику и орфографию это как правило меняется из за присутствия аудитории,блоги также могут улучшить навыки письма у учащихся хотя учащие сейчас то начинают свой блог используя нерашливую грамматику и орфографию это как правило меняется из за присутствия аудитории
1745,"Растения выглядят лучше всего в своей естественной среде обитания, поэтому не поддавайтесь искушению взять хотя бы один экземпляр.","Растения выглядят лучше всего в своей естественной среде обитания, поэтому не поддавайтесь искушению взять хотя бы один экземпляр.",растения выглядят лучше всего в своей естественной среде обитания поэтому не поддавайтесь искушению взять хотя бы один экземпляр,растения выглядят лучше всего в своей естественной среде обитания поэтому не поддавайтесь искушению взять хотя бы один экземпляр
1814,"Ионы водорода — это протоны, от которых отделены электроны (атомы водорода состоят из одного протона и одного электрона).","Ионаводороды — это протоны, от которых оделены электроны. Атомоводороды состоят из одного протона и одного электрона.",ионы водорода это протоны от которых отделены электроны атомы водорода состоят из одного протона и одного электрона,ионаводороды это протоны от которых оделены электроны атомоводороды состоят из одного протона и одного электрона
1849,"Если вы смотрели фильм ""Сокровище нации"", то можете подумать, что на оборотной стороне Декларации независимости была изображена карта сокровищ.","Если вы смотрели фильм «Сокровище нации», то можете подумать, что, наоборот, на стороне эксклуарация независимости была изображена карта «Сокровище».",если вы смотрели фильм сокровище нации то можете подумать что на оборотной стороне декларации независимости была изображена карта сокровищ,если вы смотрели фильм сокровище нации то можете подумать что наоборот на стороне эксклуарация независимости была изображена карта сокровище
1868,"На другом конце спектра человек превращается в неузнаваемого индивида, которому кажется, что он должен изменить всё, что делала команда, и присвоить это себе.","На другом конце спектра человек превращается в неузнаваемый маба-индивидо, которому кажется, что он должен изменить все, что делало команда, и пересвойте то себе.",на другом конце спектра человек превращается в неузнаваемого индивида которому кажется что он должен изменить все что делала команда и присвоить это себе,на другом конце спектра человек превращается в неузнаваемый маба индивидо которому кажется что он должен изменить все что делало команда и пересвойте то себе
1879,"Можно только гадать, что станет с клавиатурой, с появлением более новых технологий.","Можно только гадать, что станет с клавиатурой, с появлением более новых технологий.",можно только гадать что станет с клавиатурой с появлением более новых технологий,можно только гадать что станет с клавиатурой с появлением более новых технологий
1810,"Губернатор Калифорнии Арнольд Шварценеггер подписал закон, запрещающий продажу или прокат видеоигр с применением насилия несовершеннолетним лицам.","Губернатор Калифорнии Эрнольд Швыртсенеггер подписал закон, за прищающую продажу или прокат видеоигра с применением насилия несовершеннолетним лицам.",губернатор калифорнии арнольд шварценеггер подписал закон запрещающий продажу или прокат видеоигр с применением насилия несовершеннолетним лицам,губернатор калифорнии эрнольд швыртсенеггер подписал закон за прищающую продажу или прокат видеоигра с применением насилия несовершеннолетним лицам
1938,"В больнице был соблюден протокол инфекционного контроля, включая отдельное содержание пациента, чтобы предотвратить возможное заражение других пациентов.","В больнице был соблюден протокол инфекционного контроля, включая дельность одержания пациента, чтобы предотвратить возможные заражения других пациентов.",в больнице был соблюден протокол инфекционного контроля включая отдельное содержание пациента чтобы предотвратить возможное заражение других пациентов,в больнице был соблюден протокол инфекционного контроля включая дельность одержания пациента чтобы предотвратить возможные заражения других пациентов
1750,Находка также позволяет ознакомиться с эволюцией перьев у птиц.,Нахотка также позволяет ознакомиться с эволюцией перевоктиц.,находка также позволяет ознакомиться с эволюцией перьев у птиц,нахотка также позволяет ознакомиться с эволюцией перевоктиц
1739,Пещера располагается на вершине горы к северу от Мекки и полностью изолирована от остального мира.,Пещера располагается на вершине горы к северу от Мекки и полностью изолированна тостыльного мира.,пещера располагается на вершине горы к северу от мекки и полностью изолирована от остального мира,пещера располагается на вершине горы к северу от мекки и полностью изолированна тостыльного мира
1820,"Сейчас люди пишут сообщения на экранах компьютеров, и им никогда не приходится иметь дело с точилкой.","Сейчас люди пишут сообщения на экранах компьютерах, им никогда не приходится иметь дел с тачилкой.",сейчас люди пишут сообщения на экранах компьютеров и им никогда не приходится иметь дело с точилкой,сейчас люди пишут сообщения на экранах компьютерах им никогда не приходится иметь дел с тачилкой
1710,"На прошлой недели Министерство экономики, труда и промышленности объявило, что Apple  проинформировала его о 34 дополнительных случаях перегрева, которые компания назвала ""несерьёзными"".","На прошлой неделе Министрство экономики, труда и промышленности объявили, что Apple проромирала его от 34 дополнительных случаев перегрева, которую компания назвала несерьезными.",на прошлой недели министерство экономики труда и промышленности объявило что apple проинформировала его о 34 дополнительных случаях перегрева которые компания назвала несерьезными,на прошлой неделе министрство экономики труда и промышленности объявили что apple проромирала его от 34 дополнительных случаев перегрева которую компания назвала несерьезными
1802,"Интернет сочетает в себе элементы как массовых, так и межличностных коммуникаций.","Интернет сочетает в себе элемент как массовых, так и межеличностных коммуникаций.",интернет сочетает в себе элементы как массовых так и межличностных коммуникаций,интернет сочетает в себе элемент как массовых так и межеличностных коммуникаций
1673,"Во время Войны за независимость США тринадцать штатов, в соответствии со Статьями конфедерации, впервые сформировали слабое центральное правительство, единственным органом которого был Конгресс.","Во время войны за независимость, США 13 штатов, в соответствии со статиями Конфедерацией, впервые сформировали слабое Центральное правительство, единственным органом которого был Конгресс.",во время войны за независимость сша тринадцать штатов в соответствии со статьями конфедерации впервые сформировали слабое центральное правительство единственным органом которого был конгресс,во время войны за независимость сша 13 штатов в соответствии со статиями конфедерацией впервые сформировали слабое центральное правительство единственным органом которого был конгресс
1986,"Наличие настоящей ""невидимой команды"" (Ларсон и ЛаФасто, 1989 г., с. 109) также является уникальным компонентом виртуальной команды.","Наличие настоящей невидимой команды, Ларсон Илофасто 1989 год С-109, также является уникальным компонентом виртуальной команды.",наличие настоящей невидимой команды ларсон и лафасто 1989 г с 109 также является уникальным компонентом виртуальной команды,наличие настоящей невидимой команды ларсон илофасто 1989 год с 109 также является уникальным компонентом виртуальной команды
1937,"Однако эти планы стали неактуальны практически за ночь, когда около 800 000 солдат из советской Красной армии образовали Белорусский и Украинский фронты после захвата восточных регионов Польши в нарушение Рижского мирного соглашения, Советско-Польского пакта о ненападении, и других международных соглашений, двусторонних и многосторонних.","Однако эти планы стали не актуальны практически за ночь, когда около 800 000 солдат из советской Красной армии образовали белорусские украинские фронты после захвата восточных регионов Польши в нарушение рижеского мерноу соглашения советско-польского пакта о ненападении и других международных соглашениях — двухсторонних и многосторонних.",однако эти планы стали неактуальны практически за ночь когда около 800 000 солдат из советской красной армии образовали белорусский и украинский фронты после захвата восточных регионов польши в нарушение рижского мирного соглашения советско польского пакта о ненападении и других международных соглашений двусторонних и многосторонних,однако эти планы стали не актуальны практически за ночь когда около 800 000 солдат из советской красной армии образовали белорусские украинские фронты после захвата восточных регионов польши в нарушение рижеского мерноу соглашения советско польского пакта о ненападении и других международных соглашениях двухсторонних и многосторонних
1727,"Дети, живущие на улицах, возможно, пережили тяжёлые формы насилия или травмирования до того, как убежать или быть брошенными.","Дети, живущие на улицах, возможны пережелетия жолы формы насилия или травмирования, до доволокок убежать или быть брошенными.",дети живущие на улицах возможно пережили тяжелые формы насилия или травмирования до того как убежать или быть брошенными,дети живущие на улицах возможны пережелетия жолы формы насилия или травмирования до доволокок убежать или быть брошенными
1841,Не видно ничего кроме чистого прекрасного неба над головой и множества окружающих гор. Из глубины пещеры можно видеть и слышать лишь очень малую часть этого мира.,"Невидно, ничего, кроме чистого, прекрасного неба над головой и множества кружающих гор. Изглубенные пеширы можно увидеть и слышать лишь очень малую часть этого мира.",не видно ничего кроме чистого прекрасного неба над головой и множества окружающих гор из глубины пещеры можно видеть и слышать лишь очень малую часть этого мира,невидно ничего кроме чистого прекрасного неба над головой и множества кружающих гор изглубенные пеширы можно увидеть и слышать лишь очень малую часть этого мира
1914,"Исследования, которые проводились в двадцатом веке, показали, что существует два вида генетической вариативности: скрытая и выраженная.","Исследования, которые проводились в 20 веке, показали, что существует два вида генетической вариативности — скрытая и выраженная.",исследования которые проводились в двадцатом веке показали что существует два вида генетической вариативности скрытая и выраженная,исследования которые проводились в 20 веке показали что существует два вида генетической вариативности скрытая и выраженная
1789,"Среди других номинаций: ""Лучшая картина"", ""Режиссёр"", ""Операторская работа"", ""Дизайн костюмов"", ""Монтаж фильма"", ""Оригинальная музыка"", ""Художник-постановщик"", ""Звуковой монтаж"", ""Звук"" и ""Оригинальный сценарий"".","Среди других номинаций — лучшая картина, режиссер, операторская работа, дизайн костюмов, монтаж фильма, оригинальная музыка, художник-постановщик, звуковой монтаж, звук и оригинальный сценарий.",среди других номинаций лучшая картина режиссер операторская работа дизайн костюмов монтаж фильма оригинальная музыка художник постановщик звуковой монтаж звук и оригинальный сценарий,среди других номинаций лучшая картина режиссер операторская работа дизайн костюмов монтаж фильма оригинальная музыка художник постановщик звуковой монтаж звук и оригинальный сценарий
1989,"Кроме того, он занимался гравюрным оттиском банкнот для многих стран. Недавние примеры его работ — портреты премьер-министра на лицевой стороне новых банкнот Канады номиналом 5 и 100 долларов.","Кроме того, он занимался гравирным отискан банкнот для многих стран. Недавние примеры его работ — портрет и премьер-министры на лицевой стороне Новой банкнот Канады номиналом 5 из 100 долларов.",кроме того он занимался гравюрным оттиском банкнот для многих стран недавние примеры его работ портреты премьер министра на лицевой стороне новых банкнот канады номиналом 5 и 100 долларов,кроме того он занимался гравирным отискан банкнот для многих стран недавние примеры его работ портрет и премьер министры на лицевой стороне новой банкнот канады номиналом 5 из 100 долларов
1840,"Подобные площадки, которые посетило большое количество людей, были организованы во многих других городах Италии и в остальном мире, в частности в Польше.","Подобные площадки, которые постилы большое количество людей, были организованы во многих других городах Италии и в остальном мире, в частности, в Польше.",подобные площадки которые посетило большое количество людей были организованы во многих других городах италии и в остальном мире в частности в польше,подобные площадки которые постилы большое количество людей были организованы во многих других городах италии и в остальном мире в частности в польше
1746,"Растения питаются от солнца при помощи фотосинтеза. Кроме того, они отбрасывают тень.","Растения питаются от солнца при помощи фотосиндоса, кроме того, отбрасывают тень.",растения питаются от солнца при помощи фотосинтеза кроме того они отбрасывают тень,растения питаются от солнца при помощи фотосиндоса кроме того отбрасывают тень
1808,"Через два года после окончания войны бывшие союзники стали врагами, и началась Холодная война.","Через 2 года, после окончания войны, бывшие союзники стали врагами, и началась холодная война.",через два года после окончания войны бывшие союзники стали врагами и началась холодная война,через 2 года после окончания войны бывшие союзники стали врагами и началась холодная война
1784,"Гренландия была слабо заселена. В скандинавских сагах повествуется о том, что Эрика Рыжего изгнали из Исландии за убийство, и, продвигаясь дальше на запад, он открыл Гренландию и дал ей название.","Гренландия была слабо заселена, в сконинавских сагах поистулы за том, что Эрика Рыжево из Гнания Изысландия за убийство, и, продвигаясь дальше на Запад, он открыл Гренландия у далки названия.",гренландия была слабо заселена в скандинавских сагах повествуется о том что эрика рыжего изгнали из исландии за убийство и продвигаясь дальше на запад он открыл гренландию и дал ей название,гренландия была слабо заселена в сконинавских сагах поистулы за том что эрика рыжево из гнания изысландия за убийство и продвигаясь дальше на запад он открыл гренландия у далки названия
1699,"Бишкек был описан одним обозревателем как погружающийся в состояние анархии, поскольку группы людей бегали по улицам и грабили магазины с потребительскими товарами.","Бешкек был описан одним обозревателем, как погружающейся в состояние анархии, поскольку группа людей бегали по улицам, грабили магазин с потребительскими товарами.",бишкек был описан одним обозревателем как погружающийся в состояние анархии поскольку группы людей бегали по улицам и грабили магазины с потребительскими товарами,бешкек был описан одним обозревателем как погружающейся в состояние анархии поскольку группа людей бегали по улицам грабили магазин с потребительскими товарами
1860,"Канцелярия губернатора сообщила, что 19 из раненных были офицерами полиции.","Канцеля Губернаторо сообщила, что 19 раненых были офицерами полиции.",канцелярия губернатора сообщила что 19 из раненных были офицерами полиции,канцеля губернаторо сообщила что 19 раненых были офицерами полиции
1758,Архипелаг располагается в 120 километрах от полуострова. Крупнейшим остров носит имя Короля Георга с поселением Вилья-лас-Эстрельяс.,Архипелакор располагается в 120 км от Пылоострова. Крупнейший остров носит имя короля Георгия с поселением Вилья-Лас-Эстрелиз.,архипелаг располагается в 120 километрах от полуострова крупнейшим остров носит имя короля георга с поселением вилья лас эстрельяс,архипелакор располагается в 120 км от пылоострова крупнейший остров носит имя короля георгия с поселением вилья лас эстрелиз
2001,"Путешественникам настоятельно рекомендуется принимать во внимание любые риски, связанные с суровой погодой в их районе, поскольку они могут повлиять на любые планы поездки.","Путешественникам настоятельно рекомендуются принимать во внимание любые риски, связанные с суровой погода в их районе, поскольку они могут повлиять на любые планы поездки.",путешественникам настоятельно рекомендуется принимать во внимание любые риски связанные с суровой погодой в их районе поскольку они могут повлиять на любые планы поездки,путешественникам настоятельно рекомендуются принимать во внимание любые риски связанные с суровой погода в их районе поскольку они могут повлиять на любые планы поездки
1775,Использование видеозаписи привело к важным открытиям в сфере интерпретации микровыражений  — движений лица длительностью несколько миллисекунд.,"Использование видеозаписи привело к важным открытиям в сфере интерпретаций микровыражений, движение лица длительностью несколько милисекунд.",использование видеозаписи привело к важным открытиям в сфере интерпретации микровыражений движений лица длительностью несколько миллисекунд,использование видеозаписи привело к важным открытиям в сфере интерпретаций микровыражений движение лица длительностью несколько милисекунд
1717,"Обратный поток сосредоточен в нескольких более глубоких участках, где может образовываться быстрое течение, уходящее на большую глубину, из-за подобной подводной топологии.","Обратный поток сосредоточен в нескольких более глубоких участках, где может образовываться быстрая течения, уходящее на большую глубину, из-за подобной подводной топологии.",обратный поток сосредоточен в нескольких более глубоких участках где может образовываться быстрое течение уходящее на большую глубину из за подобной подводной топологии,обратный поток сосредоточен в нескольких более глубоких участках где может образовываться быстрая течения уходящее на большую глубину из за подобной подводной топологии
1966,"Комиссия стала ответом Мартелли на массовые протесты против государственного режима, начавшиеся в октябре.","Комиссия стала ответом Мортелли на массовые протесты против государственной на режима, начавшись в Октябре.",комиссия стала ответом мартелли на массовые протесты против государственного режима начавшиеся в октябре,комиссия стала ответом мортелли на массовые протесты против государственной на режима начавшись в октябре
1701,"Козы, по-видимому, впервые были одомашнены около 10 000 лет назад в иранских горах Загрос.","Козы, по-видимому, впервые были о домашненах около 10 000 лет назад в Иранских горах Загроз.",козы по видимому впервые были одомашнены около 10 000 лет назад в иранских горах загрос,козы по видимому впервые были о домашненах около 10 000 лет назад в иранских горах загроз
1716,"Развлекательно-новостной сайт TMZ полагает, что фотограф остановил свой автомобиль на противоположной стороне бульвара Сепульведа и попытался сделать снимки остановки полицейскими, перед тем как перейти дорогу и продолжить. Полицейский Калифорнийского дорожного патруля, остановивший движение, дважды был вынужден приказать ему перейти обратно.","Развлекательно, на востной сайт TMZ полагает, что фотограф остановил свой автомобиль на противоположной стороне бульвара Сипульведа и попытался сделать с ним киос остановки полицейскими, перед тем как перейти дорогу и продолжить. Полицейский королеворниско-водорожного патруля, остановившей движение, 2 жутвы был вынужден приказать ему перейти обратно.",развлекательно новостной сайт tmz полагает что фотограф остановил свой автомобиль на противоположной стороне бульвара сепульведа и попытался сделать снимки остановки полицейскими перед тем как перейти дорогу и продолжить полицейский калифорнийского дорожного патруля остановивший движение дважды был вынужден приказать ему перейти обратно,развлекательно на востной сайт tmz полагает что фотограф остановил свой автомобиль на противоположной стороне бульвара сипульведа и попытался сделать с ним киос остановки полицейскими перед тем как перейти дорогу и продолжить полицейский королеворниско водорожного патруля остановившей движение 2 жутвы был вынужден приказать ему перейти обратно
1797,Каждый является членом общества и использует транспортные системы. Практически каждый жалуется на эти систем.,Каждый является тушеным общества и использует транспортные системы. Практически каждый жалуется на эти системы.,каждый является членом общества и использует транспортные системы практически каждый жалуется на эти систем,каждый является тушеным общества и использует транспортные системы практически каждый жалуется на эти системы
1820,"Сейчас люди пишут сообщения на экранах компьютеров, и им никогда не приходится иметь дело с точилкой.","Сейчас люди пишут сообщения на экранах компьютерах, им иногда не приходилось иметь дело с челпой.",сейчас люди пишут сообщения на экранах компьютеров и им никогда не приходится иметь дело с точилкой,сейчас люди пишут сообщения на экранах компьютерах им иногда не приходилось иметь дело с челпой
2000,"Если вы пересекаете северную часть Балтийского моря зимой, узнайте насчёт расположения каюты, так как прохождение по льду приводит к довольно жуткому шуму, который может мешать спать наиболее чувствительным людям.","Если вы пересекаете северную часть Балтийскего моря зимой, узнайте насчет расположения койоты, так как прохождение пальду приводит к довольно шуткому шуму, который может мешать спатине более чувствительным людям.",если вы пересекаете северную часть балтийского моря зимой узнайте насчет расположения каюты так как прохождение по льду приводит к довольно жуткому шуму который может мешать спать наиболее чувствительным людям,если вы пересекаете северную часть балтийскего моря зимой узнайте насчет расположения койоты так как прохождение пальду приводит к довольно шуткому шуму который может мешать спатине более чувствительным людям
1867,"Растения производят кислород, которым дышит человек, и поглощают углекислый газ, который человек выдыхает.","Растения производят кислород, которым дышит человек, и поглощают угляки с газ, который человек выдыхает.",растения производят кислород которым дышит человек и поглощают углекислый газ который человек выдыхает,растения производят кислород которым дышит человек и поглощают угляки с газ который человек выдыхает
1886,"Древние культуры и племена начали оставлять их себе, чтобы иметь под рукой молоко, шерсть, мясо и шкуру.","Древние культуры и племена начали оставлять их себе, чтобы иметь под рукой молоко, шерсть, мясо и шкуру.",древние культуры и племена начали оставлять их себе чтобы иметь под рукой молоко шерсть мясо и шкуру,древние культуры и племена начали оставлять их себе чтобы иметь под рукой молоко шерсть мясо и шкуру
1667,"Как правило, могут проявляться два типа поведения когда менеджеры начинают руководить людьми, ранее равными им по статусу. Одна крайность спектра – это попытка оставаться ""своим парнем"" (или девушкой).","Каждый день, как правило, могут появляться два типа поведения, когда менеджеры начинают руководить людьми. Ранее равным им по статусу, однако районный спектр — это попытка оставаться своим парнем или девушкой.",как правило могут проявляться два типа поведения когда менеджеры начинают руководить людьми ранее равными им по статусу одна крайность спектра это попытка оставаться своим парнем или девушкой,каждый день как правило могут появляться два типа поведения когда менеджеры начинают руководить людьми ранее равным им по статусу однако районный спектр это попытка оставаться своим парнем или девушкой
1927,"Эйнджел (2006 г.) объясняет подход ""Континуум"" как метод, используемый для помощи организациям в достижении более высокого уровня эффективности.",Angel 2006 года объясняет подход к континуум как метод используемый для помощи организациям достижения более высокого уровня эффективности.,эйнджел 2006 г объясняет подход континуум как метод используемый для помощи организациям в достижении более высокого уровня эффективности,angel 2006 года объясняет подход к континуум как метод используемый для помощи организациям достижения более высокого уровня эффективности
1898,"""Он [Уэльс] по сути лгал нам с самого начала. Во-первых, действуя так, как будто это нужно было сделать по юридическим причинам. Во-вторых, делая вид, что слушает нас вплоть до своего удаления изображений.""","Он — Уэльс, по сути Ил-Гал нам с самого начала. Во-первых, действо так, как будто это нужно было сделать по еуредическим причинам, во-вторых, делай вид, что слушает нас блой до своего удаления изображений.",он уэльс по сути лгал нам с самого начала во первых действуя так как будто это нужно было сделать по юридическим причинам во вторых делая вид что слушает нас вплоть до своего удаления изображений,он уэльс по сути ил гал нам с самого начала во первых действо так как будто это нужно было сделать по еуредическим причинам во вторых делай вид что слушает нас блой до своего удаления изображений
1689,"Европа — относительно маленький континент, но на нём много независимых государств. В обычных обстоятельствах путешествие через множество стран означало бы необходимость подачи прошений для получения визы и многократного прохождения паспортного контроля.","Еуропа — относительно маленький континент, но на нём — много независимый государств. В обычных обстоятельствах путешествия через множество стран означалобы необходимость подачи прошения для получения визы и многократного прохождения паспортного контроля.",европа относительно маленький континент но на нем много независимых государств в обычных обстоятельствах путешествие через множество стран означало бы необходимость подачи прошений для получения визы и многократного прохождения паспортного контроля,еуропа относительно маленький континент но на нем много независимый государств в обычных обстоятельствах путешествия через множество стран означалобы необходимость подачи прошения для получения визы и многократного прохождения паспортного контроля
1769,"Великая пирамида была возведена египтянами в третьем веке до нашей эры и является одним из множества больших пирамидальных сооружений, построенных, чтобы почтить память фараона.","Великая пирамида была возведена египтианами в 3 веке до нашей Иры и является одним из множества больших пирамидальных сооружений, построенных, чтобы почтить память фараона.",великая пирамида была возведена египтянами в третьем веке до нашей эры и является одним из множества больших пирамидальных сооружений построенных чтобы почтить память фараона,великая пирамида была возведена египтианами в 3 веке до нашей иры и является одним из множества больших пирамидальных сооружений построенных чтобы почтить память фараона
1718,"Не существует универсального определения того, какие произведённые изделия являются антиквариатом. Некоторые налоговые органы определяют товары, которым за 100 лет, как антиквариат.","Не существует универсален априлеливания того, как и произведенные изделия являются антиквариатом. Некоторые налоговые органы определяют товар, которым за 100 лет, как антиквариат.",не существует универсального определения того какие произведенные изделия являются антиквариатом некоторые налоговые органы определяют товары которым за 100 лет как антиквариат,не существует универсален априлеливания того как и произведенные изделия являются антиквариатом некоторые налоговые органы определяют товар которым за 100 лет как антиквариат
1940,"Принимая во внимание все вышесказанное, не стоит удивляться тому, что наши предки решили ""белковую проблему"" примерно так же, как ее решают шимпанзе в саванне по сей день.","Принимая во внимание всё вышасказанное, не стоит удивляться тому, что наши предки решили белковую проблему, примерно так же, как и решают шимпанзе сова не по сей день.",принимая во внимание все вышесказанное не стоит удивляться тому что наши предки решили белковую проблему примерно так же как ее решают шимпанзе в саванне по сей день,принимая во внимание все вышасказанное не стоит удивляться тому что наши предки решили белковую проблему примерно так же как и решают шимпанзе сова не по сей день
1742,"Территория Гонконга была названа в честь острова Гонконг, места, которое многие туристы считают главным объектом  своего внимания.","Церитория Гонконг был названна в честь острова Гонконг — место, которое многие туристы считают главным объектом своего внимания.",территория гонконга была названа в честь острова гонконг места которое многие туристы считают главным объектом своего внимания,церитория гонконг был названна в честь острова гонконг место которое многие туристы считают главным объектом своего внимания
1706,"Более традиционные церкви зачастую проводят пасхальное богослужение в субботу вечером во время пасхальных выходных, при этом прихожане обычно начинают в полночь празднование Воскресения Христа.","Более традиционные церкви зачастую проводят басхальное богослужение в субботу вечером во время басхальных выходных, при этом прихожание обычно начинает в полночь праздануне Воскресения Христа.",более традиционные церкви зачастую проводят пасхальное богослужение в субботу вечером во время пасхальных выходных при этом прихожане обычно начинают в полночь празднование воскресения христа,более традиционные церкви зачастую проводят басхальное богослужение в субботу вечером во время басхальных выходных при этом прихожание обычно начинает в полночь праздануне воскресения христа
1698,"Все во вселенной состоит из материи. Вся материя состоит из мельчайших частиц, называемых атомами.","Сега селены состоит из материй. Вся материя состоит из мельчайших частиц, называемых атомами.",все во вселенной состоит из материи вся материя состоит из мельчайших частиц называемых атомами,сега селены состоит из материй вся материя состоит из мельчайших частиц называемых атомами
1670,"Их термические характеристики не такие стабильные, как у больших пещер на Земле, которые часто поддерживают почти постоянную температуру, но они соответствуют тому, что является глубокими ямами в грунте, — сообщил Глен Кушинг из отдела планетной геологии Геологической службы США и Университета Северной Аризоны, расположенного во Флагстаффе, Аризона.","Их термические характеристики кинетоки стабильны, как у больших пешеронземлях, которые часто поддерживают почти постоянную температуру, но они соответствуют тому, что являются глубокими ямами в грунте, сообщу Гленн Кушинга из отдела планетной геологии геологические службы США в инервейситете Северной Оризоны, расположенном в Афлаксе Тайфе, Оризон.",их термические характеристики не такие стабильные как у больших пещер на земле которые часто поддерживают почти постоянную температуру но они соответствуют тому что является глубокими ямами в грунте сообщил глен кушинг из отдела планетной геологии геологической службы сша и университета северной аризоны расположенного во флагстаффе аризона,их термические характеристики кинетоки стабильны как у больших пешеронземлях которые часто поддерживают почти постоянную температуру но они соответствуют тому что являются глубокими ямами в грунте сообщу гленн кушинга из отдела планетной геологии геологические службы сша в инервейситете северной оризоны расположенном в афлаксе тайфе оризон
1679,Группа Aerosmith отменила оставшиеся концерты в своем турне.,Группа Aira Смит отменила оставшиеся концерты в своем турне.,группа aerosmith отменила оставшиеся концерты в своем турне,группа aira смит отменила оставшиеся концерты в своем турне
1776,"За ночь было изготовлено 150–200 копий, теперь известных как ""листовки Данлэпа"".","За ночь была изготовлена 150-200 копий, теперь известных как листовки данлапа.",за ночь было изготовлено 150 200 копий теперь известных как листовки данлэпа,за ночь была изготовлена 150 200 копий теперь известных как листовки данлапа
1842,"Так как у перьев динозавров отсутствует хорошо развитый стержень, называемый рахисом, но все же имеются другие отличительные черты — бородки и бородочки — исследователи пришли к выводу, что рахис, скорее всего, появился позднее путем эволюционного развития других отличительных черт.","Т.к. уперив динозавров отсутствует хорошо развиты истерже, называемый рахисом, но все же имеются другие отличительные черты, бородки и бородочки, исследователи пришли к выводу, что рахис, скорее всего, появился поздней путем эволюционного развития других отличительных черт.",так как у перьев динозавров отсутствует хорошо развитый стержень называемый рахисом но все же имеются другие отличительные черты бородки и бородочки исследователи пришли к выводу что рахис скорее всего появился позднее путем эволюционного развития других отличительных черт,т к уперив динозавров отсутствует хорошо развиты истерже называемый рахисом но все же имеются другие отличительные черты бородки и бородочки исследователи пришли к выводу что рахис скорее всего появился поздней путем эволюционного развития других отличительных черт
1910,"Парижане слывут эгоцентричными, грубыми и надменными.","Порижания сливают эгоцентричными, грубыми и надменными.",парижане слывут эгоцентричными грубыми и надменными,порижания сливают эгоцентричными грубыми и надменными
1799,"Помимо соревнований в среду, Карпендо принимал участие в двух индивидуальных соревнованиях на чемпионатах.","Помимо соревнований в среду, Корпенда принимала участие в двух индивидуальных соревнованиях на чемпионатах.",помимо соревнований в среду карпендо принимал участие в двух индивидуальных соревнованиях на чемпионатах,помимо соревнований в среду корпенда принимала участие в двух индивидуальных соревнованиях на чемпионатах
1949,"Термин ""жук"" используется энтомологами формально для обозначения группы насекомых.",Терминужук используется энтомологами формалий для обозначения группы насекомых.,термин жук используется энтомологами формально для обозначения группы насекомых,терминужук используется энтомологами формалий для обозначения группы насекомых
1672,Не подвергайте ткань воздействию слишком высокой температуры (что может привести к усадке или в очень редких случаях к ожогу).,"Не подвергайте, тканьба с детьми слишком высокой температуры, что может привести к усадке, в очень редких случаях к ажелу.",не подвергайте ткань воздействию слишком высокой температуры что может привести к усадке или в очень редких случаях к ожогу,не подвергайте тканьба с детьми слишком высокой температуры что может привести к усадке в очень редких случаях к ажелу
1987,"Падение произошло в высокогорье, и, как полагают, стало результатом вражеского огня.","Падения произошло у высокогория, и, как полагают, стало результатом бражеского огня.",падение произошло в высокогорье и как полагают стало результатом вражеского огня,падения произошло у высокогория и как полагают стало результатом бражеского огня
1854,Сам автомобиль убрали с места происшествия в тот же день примерно в 12:00 по Гринвичу.,"Сам автомобиль убрали с места происшествия в тот же день, примерно в 12.00 по Гринвичу.",сам автомобиль убрали с места происшествия в тот же день примерно в 12 00 по гринвичу,сам автомобиль убрали с места происшествия в тот же день примерно в 12 00 по гринвичу
1999,"В 1960-х гг. Бжезинский занимал должность советника при Джоне Ф. Кеннеди, затем в администрации Линдона Б. Джонсона.","В 1960-х годах Бжезинский занимал должное советника приджонни в Кеннеде, затем в администрации Линдона Б. Джонсон.",в 1960 х гг бжезинский занимал должность советника при джоне ф кеннеди затем в администрации линдона б джонсона,в 1960 х годах бжезинский занимал должное советника приджонни в кеннеде затем в администрации линдона б джонсон
2009,"Наиболее доступными растительными ресурсами были бы белки, находящиеся в листьях и бобовых, но они плохо усваиваются такими приматами, как мы, если их не готовить.","Найболее доступны растительными ресурсами были белки, находящиеся в листях и бобовых, но не плохо усваиваться такими приматами, как мы, если их не готовить.",наиболее доступными растительными ресурсами были бы белки находящиеся в листьях и бобовых но они плохо усваиваются такими приматами как мы если их не готовить,найболее доступны растительными ресурсами были белки находящиеся в листях и бобовых но не плохо усваиваться такими приматами как мы если их не готовить
1749,"Он находился под управлением ""вишистских"" французов. Эти французы, заключили мир с немцами в 1940 году и работали вместе с захватчиками вместо того, чтобы им противостоять.","Он находился под управлением вешивателевских французов. Эти французы заключили мир с немцами в 1940 году и работали вместе с захватчиками, вместо того, чтобы им противостоять.",он находился под управлением вишистских французов эти французы заключили мир с немцами в 1940 году и работали вместе с захватчиками вместо того чтобы им противостоять,он находился под управлением вешивателевских французов эти французы заключили мир с немцами в 1940 году и работали вместе с захватчиками вместо того чтобы им противостоять
1783,"К региональным и сезонным опасным явлениям погоды относятся метели, снежные бури, ледяные и пыльные бури.","Креональными сезонным опасным явлением погоды относятся мятели, сниженные буры, ледяные и пыльные буры.",к региональным и сезонным опасным явлениям погоды относятся метели снежные бури ледяные и пыльные бури,креональными сезонным опасным явлением погоды относятся мятели сниженные буры ледяные и пыльные буры
1712,"С 1966 года Сундарбан является заповедником дикой природы, и, по имеющимся подсчётам, на его территории в настоящее время обитают 400 бенгальских тигров и около 30 000 пятнистых оленей.","С 1966 года Сундарбан является заповедником дико природы, и по имейшимся патчетам на его территории в настоящее время обитают 400 бенгальских цигров и около 30 000 пикнистых оленей.",с 1966 года сундарбан является заповедником дикой природы и по имеющимся подсчетам на его территории в настоящее время обитают 400 бенгальских тигров и около 30 000 пятнистых оленей,с 1966 года сундарбан является заповедником дико природы и по имейшимся патчетам на его территории в настоящее время обитают 400 бенгальских цигров и около 30 000 пикнистых оленей
1662,"Сплавы по существу представляют собой смесь двух или более металлов. Не забывайте, что в периодической таблице много элементов.","Сплавы по существу представляют собой смесь двух или более металлов. Не забывайте, что в биродической таблице много элементов.",сплавы по существу представляют собой смесь двух или более металлов не забывайте что в периодической таблице много элементов,сплавы по существу представляют собой смесь двух или более металлов не забывайте что в биродической таблице много элементов
1991,"В течение этого периода европейской истории, католическая церковь, ставшая богатой и сильной, оказалась объектом пристального внимания.","В течении этого периода европейские истории католическая церковь, вставшая богатой и сильной, оказалась объектом пристыльного внимания.",в течение этого периода европейской истории католическая церковь ставшая богатой и сильной оказалась объектом пристального внимания,в течении этого периода европейские истории католическая церковь вставшая богатой и сильной оказалась объектом пристыльного внимания
1671,"Конгресс начал финансировать инициативу по борьбе с развратом в 2005 налоговом году и определил, что ФБР должно выделить 10 агентов на борьбу со взрослой порнографией.","Конгресс начал финансировать инициативу по борьбе с развратом в 2005-м налоговом году и определил, что ФБР должно выделить 10 агент в на борьбу со взрослых парнографий.",конгресс начал финансировать инициативу по борьбе с развратом в 2005 налоговом году и определил что фбр должно выделить 10 агентов на борьбу со взрослой порнографией,конгресс начал финансировать инициативу по борьбе с развратом в 2005 м налоговом году и определил что фбр должно выделить 10 агент в на борьбу со взрослых парнографий
1895,"По мере того как знание греческого языка ухудшалось, Запад оказался отрезанным от своих философских и научных греческих корней.","По мере того, как знания греческого языка ухудшалось, Запад оказался отрезанным от своих философских и научно-греческих корней.",по мере того как знание греческого языка ухудшалось запад оказался отрезанным от своих философских и научных греческих корней,по мере того как знания греческого языка ухудшалось запад оказался отрезанным от своих философских и научно греческих корней
1981,"Если вы сходите на берег только в порядке экскурсии на корабле, вам не понадобится отдельная виза (с 2009).","Если вы сходите на берег, только в порядке экскурсий на корабле, вам не понадобится отдельная виза — The 1009.",если вы сходите на берег только в порядке экскурсии на корабле вам не понадобится отдельная виза с 2009,если вы сходите на берег только в порядке экскурсий на корабле вам не понадобится отдельная виза the 1009
1992,"Термин ""сафари"" в повседневном использовании означает наземную поездку с целью посмотреть поразительную дикую природу Африки, особенно в саванне.","Термен Сафари в последневном использовании означает наземную поездку с целью посмотреть бразильщик на дику природы Африки, особенно в Саване.",термин сафари в повседневном использовании означает наземную поездку с целью посмотреть поразительную дикую природу африки особенно в саванне,термен сафари в последневном использовании означает наземную поездку с целью посмотреть бразильщик на дику природы африки особенно в саване
1823,Изучение движения отдельных водителей и автомобилей между двумя точками и их взаимодействие друг с другом осуществляется в рамках исследования транспортных потоков.,Изучение движения одежельных водителей и автомобилей между двумя точками и их взаимодействие друг с другом осуществляется в рамках исследования транспортных потоков.,изучение движения отдельных водителей и автомобилей между двумя точками и их взаимодействие друг с другом осуществляется в рамках исследования транспортных потоков,изучение движения одежельных водителей и автомобилей между двумя точками и их взаимодействие друг с другом осуществляется в рамках исследования транспортных потоков
1774,"На удалённых островах кредитные карты, возможно, не будут приниматься, хотя британскую и американскую валюту могут принять; заранее проясните с владельцами какой способ оплаты является приемлемым.","На удаленых островах кредитные карты — возможно, не будут приниматься, хотя британская американская валюты могут принять. Заранее проясните с владельцами, какой способ оплаты является приемлемы.",на удаленных островах кредитные карты возможно не будут приниматься хотя британскую и американскую валюту могут принять заранее проясните с владельцами какой способ оплаты является приемлемым,на удаленых островах кредитные карты возможно не будут приниматься хотя британская американская валюты могут принять заранее проясните с владельцами какой способ оплаты является приемлемы
1806,"Поскольку световое загрязнение в период их расцвета не было такой проблемой, как сегодня, они обычно расположены в городах или в кампусах, до которых легче добраться, чем до тех, которые построены в наше время.","Поскольку световое загрязнение в период их расцвета не было такой проблемой, как сегодня, они обычно расположены в городах или в камфусах, до которых легче добраться, чем до тех, которые построены в наше время.",поскольку световое загрязнение в период их расцвета не было такой проблемой как сегодня они обычно расположены в городах или в кампусах до которых легче добраться чем до тех которые построены в наше время,поскольку световое загрязнение в период их расцвета не было такой проблемой как сегодня они обычно расположены в городах или в камфусах до которых легче добраться чем до тех которые построены в наше время
1880,"Таким образом, карандаш стал хорошим другом для многих людей, когда появился.","Таким образом карандаш стал хорошим другом для многих людей, когда появился.",таким образом карандаш стал хорошим другом для многих людей когда появился,таким образом карандаш стал хорошим другом для многих людей когда появился
1786,"Во время сравнения при помощи инфракрасной Фурье-спектроскопии выяснилось, что состав этих кристаллов соответствует кристаллам, найденным в моче поражённых домашних животных.","Во время сравнения при помощи инфракрасной фурьи спектроскопии выяснилось, что состав этих христаллов соответствует кристаллам, найденным в матче пораженных домашних животных.",во время сравнения при помощи инфракрасной фурье спектроскопии выяснилось что состав этих кристаллов соответствует кристаллам найденным в моче пораженных домашних животных,во время сравнения при помощи инфракрасной фурьи спектроскопии выяснилось что состав этих христаллов соответствует кристаллам найденным в матче пораженных домашних животных
1844,Поверхность Луны состоит из камней и пыли. Внешний слой Луны называется корой.,Поверхность луны состоит из камней и пылей. Внешний слой луны называется корой.,поверхность луны состоит из камней и пыли внешний слой луны называется корой,поверхность луны состоит из камней и пылей внешний слой луны называется корой
1964,"25 листовок Данлэпа, известные на настоящее время, являются старейшими выжившими копиями документа. Оригинальная рукописная копия не дошла до нас.","Двадцать пятилистовок дамлыпа, известные на настоящее время, являются старейшими выжившими копиями документа. Оригинальная рукописанная копия не дошла до нас.",25 листовок данлэпа известные на настоящее время являются старейшими выжившими копиями документа оригинальная рукописная копия не дошла до нас,двадцать пятилистовок дамлыпа известные на настоящее время являются старейшими выжившими копиями документа оригинальная рукописанная копия не дошла до нас
1689,"Европа — относительно маленький континент, но на нём много независимых государств. В обычных обстоятельствах путешествие через множество стран означало бы необходимость подачи прошений для получения визы и многократного прохождения паспортного контроля.","Европа — относительно маленький континент, но на нем много независимых государств. В обычных обстоятельстях путешествия через множество стран, а сначала бы необходимо с подачи порышения для получения визы и многократного прохождения паспортного контроля.",европа относительно маленький континент но на нем много независимых государств в обычных обстоятельствах путешествие через множество стран означало бы необходимость подачи прошений для получения визы и многократного прохождения паспортного контроля,европа относительно маленький континент но на нем много независимых государств в обычных обстоятельстях путешествия через множество стран а сначала бы необходимо с подачи порышения для получения визы и многократного прохождения паспортного контроля
1930,"Шестеро заложников, включая детей и пожилых людей, освободили раньше, как и филиппинских фотографов.","Шестя разоложеньков, включая детей пожилых людей, особудили раньше, как и филиппинский фотограф.",шестеро заложников включая детей и пожилых людей освободили раньше как и филиппинских фотографов,шестя разоложеньков включая детей пожилых людей особудили раньше как и филиппинский фотограф
1749,"Он находился под управлением ""вишистских"" французов. Эти французы, заключили мир с немцами в 1940 году и работали вместе с захватчиками вместо того, чтобы им противостоять.","Он находился под управлением вишистских французов. Эти французы заключили мир с немцами в 1940 году и работали вместе с захватчиками, вместо того, чтобы им противостоять.",он находился под управлением вишистских французов эти французы заключили мир с немцами в 1940 году и работали вместе с захватчиками вместо того чтобы им противостоять,он находился под управлением вишистских французов эти французы заключили мир с немцами в 1940 году и работали вместе с захватчиками вместо того чтобы им противостоять
1807,"Итальянский язык также является повседневным языком для большинства людей, работающих в государстве, в то время как латынь зачастую используется в религиозных церемониях.","Итальянский язык также является последним нынешним языком для большинства людей. Работы ищут в государстве, в то время как латынь зачастую используется в религиозных церемониях.",итальянский язык также является повседневным языком для большинства людей работающих в государстве в то время как латынь зачастую используется в религиозных церемониях,итальянский язык также является последним нынешним языком для большинства людей работы ищут в государстве в то время как латынь зачастую используется в религиозных церемониях
1682,"Хотя никто не знает наверняка, кто его написал, известно, что в начале своего существования этот большой пергаментный документ (размером 29¾ на 24½ дюйма) был свёрнут для более удобного хранения.","Хотя никто не знал на береника, кто его написал, известно, что в начале своего существования этот большой пергаментный документ, размера 29,34 на 24,1 дюйма, был свернут для более удобного хранения.",хотя никто не знает наверняка кто его написал известно что в начале своего существования этот большой пергаментный документ размером 293 4 на 241 2 дюйма был свернут для более удобного хранения,хотя никто не знал на береника кто его написал известно что в начале своего существования этот большой пергаментный документ размера 29 34 на 24 1 дюйма был свернут для более удобного хранения
1927,"Эйнджел (2006 г.) объясняет подход ""Континуум"" как метод, используемый для помощи организациям в достижении более высокого уровня эффективности.","Angel 2016 года объясняет подход континум, как метод, используемый для помощи организациям, достижения более высокой уровни эффективности.",эйнджел 2006 г объясняет подход континуум как метод используемый для помощи организациям в достижении более высокого уровня эффективности,angel 2016 года объясняет подход континум как метод используемый для помощи организациям достижения более высокой уровни эффективности
1750,Находка также позволяет ознакомиться с эволюцией перьев у птиц.,"Находка также позволяет ознакомиться с эволюцией, переву птиц.",находка также позволяет ознакомиться с эволюцией перьев у птиц,находка также позволяет ознакомиться с эволюцией переву птиц
1946,"Правила отмены заказов могут отличаться, но по состоянию на конец марта большая часть правил, связанных с коронавирусом, не распространяется на июль 2020 года, когда были запланированы Олимпийские игры.","Правилы отмены заказов могут отличаться, но по состоянию, наконец, Марта, большая часть правил, связанных с коронавирусом, не распространяется наюль 2020-го, когда были запланированы олимпийские игры.",правила отмены заказов могут отличаться но по состоянию на конец марта большая часть правил связанных с коронавирусом не распространяется на июль 2020 года когда были запланированы олимпийские игры,правилы отмены заказов могут отличаться но по состоянию наконец марта большая часть правил связанных с коронавирусом не распространяется наюль 2020 го когда были запланированы олимпийские игры
1786,"Во время сравнения при помощи инфракрасной Фурье-спектроскопии выяснилось, что состав этих кристаллов соответствует кристаллам, найденным в моче поражённых домашних животных.","Во время сравнения, при помощи инфракрасной фурия спектроскопии, уяснилось, что состав этих кристаллов соответствует кристаллам, найденным в маче пораженных домашних животных.",во время сравнения при помощи инфракрасной фурье спектроскопии выяснилось что состав этих кристаллов соответствует кристаллам найденным в моче пораженных домашних животных,во время сравнения при помощи инфракрасной фурия спектроскопии уяснилось что состав этих кристаллов соответствует кристаллам найденным в маче пораженных домашних животных
1823,Изучение движения отдельных водителей и автомобилей между двумя точками и их взаимодействие друг с другом осуществляется в рамках исследования транспортных потоков.,Изучение движения отдельных водителей и автомобилей между двумя точками и замодистыми друг с другом осуществляется в рамках исследования транспортных потоков.,изучение движения отдельных водителей и автомобилей между двумя точками и их взаимодействие друг с другом осуществляется в рамках исследования транспортных потоков,изучение движения отдельных водителей и автомобилей между двумя точками и замодистыми друг с другом осуществляется в рамках исследования транспортных потоков
1974,"Аналогично, мужчины должны носить брюки, которые бы закрывали колени.","Аналогична, мужчин должны носить брюки, которые бы закрывали колени.",аналогично мужчины должны носить брюки которые бы закрывали колени,аналогична мужчин должны носить брюки которые бы закрывали колени
1676,"Как и во всех южноафриканских национальных парках, в этом парке существует ежедневная плата за его охрану и посещение.","Как и во всех южно-авриканских национальных парках, в этом парке существует ижидимая плата за его охрану и посещение.",как и во всех южноафриканских национальных парках в этом парке существует ежедневная плата за его охрану и посещение,как и во всех южно авриканских национальных парках в этом парке существует ижидимая плата за его охрану и посещение
1866,"Во-первых, большинство наездников носят сапоги для верховой езды с каблуком, имеющие гладкую и довольно тонкую подошву.","Во-первых, большинство наездников носятся по агедриле верховоеезды с коблоком, имеющие гладкую и довольно тонкую подушу.",во первых большинство наездников носят сапоги для верховой езды с каблуком имеющие гладкую и довольно тонкую подошву,во первых большинство наездников носятся по агедриле верховоеезды с коблоком имеющие гладкую и довольно тонкую подушу
1896,"Федерация гимнастики США и Олимпийский комитет США имеют одинаковую цель — сделать гимнастику и другие виды спорта настолько безопасными для спортсменов, насколько это возможно, чтобы они могли стремиться к своим целям в безопасной, позитивной среде и были наделены всеми правами.","Федерация гимнастик и Олимпийский комитет США имеют одинаковый цель – сделать гимнастику и другие виды спорта настолько безопасными для спортсменов, насколько это возможно, чтобы они могли стремиться к своим целям в безопасном, позитивном среде и были наделены всеми правами.",федерация гимнастики сша и олимпийский комитет сша имеют одинаковую цель сделать гимнастику и другие виды спорта настолько безопасными для спортсменов насколько это возможно чтобы они могли стремиться к своим целям в безопасной позитивной среде и были наделены всеми правами,федерация гимнастик и олимпийский комитет сша имеют одинаковый цель сделать гимнастику и другие виды спорта настолько безопасными для спортсменов насколько это возможно чтобы они могли стремиться к своим целям в безопасном позитивном среде и были наделены всеми правами
1981,"Если вы сходите на берег только в порядке экскурсии на корабле, вам не понадобится отдельная виза (с 2009).","Если вы сходите на берег, только в порядке экскурсий на корабле, вам не понадобится отдельная реза с 2009-го.",если вы сходите на берег только в порядке экскурсии на корабле вам не понадобится отдельная виза с 2009,если вы сходите на берег только в порядке экскурсий на корабле вам не понадобится отдельная реза с 2009 го
2001,"Путешественникам настоятельно рекомендуется принимать во внимание любые риски, связанные с суровой погодой в их районе, поскольку они могут повлиять на любые планы поездки.","Путешественникам настоятельно рекомендуются принимать во внимание любые рейски, связанные с суровыми погодами в их районе, поскольку они могут повлиять на любые планы поездки.",путешественникам настоятельно рекомендуется принимать во внимание любые риски связанные с суровой погодой в их районе поскольку они могут повлиять на любые планы поездки,путешественникам настоятельно рекомендуются принимать во внимание любые рейски связанные с суровыми погодами в их районе поскольку они могут повлиять на любые планы поездки
1734,"Ученые смогли сделать вывод, что темная материя воздействует на другую темную материю так же, как и в случае с обычной материей.","Ученые смогли сделать вывод, что темная материалая воздействует на другую темную материю, так же, как и в случае с обычной матерей.",ученые смогли сделать вывод что темная материя воздействует на другую темную материю так же как и в случае с обычной материей,ученые смогли сделать вывод что темная материалая воздействует на другую темную материю так же как и в случае с обычной матерей
1922,"Конечно же, эта традиция имеет христианское теологическое объяснение, но это вполне может быть и дохристианский ритуал весны и плодородия.","Конечно же, эта традиция имеет христианское теологическое объяснение, но это вполне может быть и до христианский ритуал весны и плодородия.",конечно же эта традиция имеет христианское теологическое объяснение но это вполне может быть и дохристианский ритуал весны и плодородия,конечно же эта традиция имеет христианское теологическое объяснение но это вполне может быть и до христианский ритуал весны и плодородия
1700,Она тоньше под лунными морями и толще под нагорьями.,Анатонь шепот лунами морями и толщебодонгорями.,она тоньше под лунными морями и толще под нагорьями,анатонь шепот лунами морями и толщебодонгорями
1695,"Простым и популярным блюдом на обед, особенно в летнее время, является Па-амб-оли: хлеб с оливковым маслом, помидорами и любой имеющейся начинкой, такой как сыр, тунец и т. д.","Простым и популярным блюдом на обед, особенно в летнее время, является поамболей, хлеб с оливковым маслом, помидорами и любой имеюшейся начинкой, такой как сыр, тунец и т.д.",простым и популярным блюдом на обед особенно в летнее время является па амб оли хлеб с оливковым маслом помидорами и любой имеющейся начинкой такой как сыр тунец и т д,простым и популярным блюдом на обед особенно в летнее время является поамболей хлеб с оливковым маслом помидорами и любой имеюшейся начинкой такой как сыр тунец и т д
1942,Мы строим наши дома и изготавливаем одежду из растений. Большая часть нашей пищи — это растения. Без растений животные не смогли бы выжить.,Мы строим наши дамы и изготавливаем одежду из растений. Большая часть нашей пищи — это растения. Без растений животные не смогли бы выжить.,мы строим наши дома и изготавливаем одежду из растений большая часть нашей пищи это растения без растений животные не смогли бы выжить,мы строим наши дамы и изготавливаем одежду из растений большая часть нашей пищи это растения без растений животные не смогли бы выжить
1783,"К региональным и сезонным опасным явлениям погоды относятся метели, снежные бури, ледяные и пыльные бури.","К региональным и сезонным опасным явлением погоды относятся метели, сниженные бурь, леденые и пыльные бурь.",к региональным и сезонным опасным явлениям погоды относятся метели снежные бури ледяные и пыльные бури,к региональным и сезонным опасным явлением погоды относятся метели сниженные бурь леденые и пыльные бурь
1788,Федерация гимнастики США поддерживает письмо Олимпийского комитета США и соглашается с абсолютной необходимостью создания безопасной среды для всех наших спортсменов.,Федерация гимнастики США поддерживает письмо Олимпийского комитета США и соглашается с абсолютной необходимостью создания безопасной среды для всех наших спортсменов.,федерация гимнастики сша поддерживает письмо олимпийского комитета сша и соглашается с абсолютной необходимостью создания безопасной среды для всех наших спортсменов,федерация гимнастики сша поддерживает письмо олимпийского комитета сша и соглашается с абсолютной необходимостью создания безопасной среды для всех наших спортсменов
1957,"Он назвал эти слухи ""политической болтовнёй и глупостью"".",Он назвал эти слухи политической болдовнёй и глупостей.,он назвал эти слухи политической болтовней и глупостью,он назвал эти слухи политической болдовней и глупостей
1881,Выкладывание экскурсии в виртуальное пространство для всеобщего обозрения — это также отличный способ освежить в памяти экскурсию и поделиться своим полученными знаниями с будущими классами.,Выкладывания экскурсий в виртуальное пространство для всеобщего обозрения — это также отличный способ освежить в памяти экскурсию и поделиться своим полученными знаниям с будущими классами.,выкладывание экскурсии в виртуальное пространство для всеобщего обозрения это также отличный способ освежить в памяти экскурсию и поделиться своим полученными знаниями с будущими классами,выкладывания экскурсий в виртуальное пространство для всеобщего обозрения это также отличный способ освежить в памяти экскурсию и поделиться своим полученными знаниям с будущими классами
1722,53-летний Куомо начал свою деятельность на посту губернатора в начале этого года и подписал законопроект о легализации однополых браков в прошлом месяце.,53-летний Кома начал свою деятельность на посту губернатора в начале этого года и подписал законопроект о легализации однополыгых браков в прошлом месяце.,53 летний куомо начал свою деятельность на посту губернатора в начале этого года и подписал законопроект о легализации однополых браков в прошлом месяце,53 летний кома начал свою деятельность на посту губернатора в начале этого года и подписал законопроект о легализации однополыгых браков в прошлом месяце
1779,"Заявление было сделано после того, как Трамп провел телефонный разговор с президентом Турции Реджепом Тайипом Эрдоганом.","Зайвление было сделано после того, как Трамп провел телефон разговор с президентом Турции Реджипом Тейпом Эрдеганом.",заявление было сделано после того как трамп провел телефонный разговор с президентом турции реджепом тайипом эрдоганом,зайвление было сделано после того как трамп провел телефон разговор с президентом турции реджипом тейпом эрдеганом
1986,"Наличие настоящей ""невидимой команды"" (Ларсон и ЛаФасто, 1989 г., с. 109) также является уникальным компонентом виртуальной команды.","Наличие настоящей невидимой команды — Ларсон Илофаста, 1989 г. Страница 109, также является уникальным компонентом виртуальной команды.",наличие настоящей невидимой команды ларсон и лафасто 1989 г с 109 также является уникальным компонентом виртуальной команды,наличие настоящей невидимой команды ларсон илофаста 1989 г страница 109 также является уникальным компонентом виртуальной команды
1865,Круизы в Санкт-Петербург включают прогулки по городу. Пассажиры круизов освобождены от визовых требований (уточните условия).,"Круизы в Санкт-Петербург включат пергулки по городу, пассажир круизов освобождены от визобых требований. Уточни тюсловие.",круизы в санкт петербург включают прогулки по городу пассажиры круизов освобождены от визовых требований уточните условия,круизы в санкт петербург включат пергулки по городу пассажир круизов освобождены от визобых требований уточни тюсловие
1779,"Заявление было сделано после того, как Трамп провел телефонный разговор с президентом Турции Реджепом Тайипом Эрдоганом.","Зайвление было сделано после того, как Трамп провел телефон разговор с президентом Турции Реджипом Тейпом Эрдоганом.",заявление было сделано после того как трамп провел телефонный разговор с президентом турции реджепом тайипом эрдоганом,зайвление было сделано после того как трамп провел телефон разговор с президентом турции реджипом тейпом эрдоганом
1739,Пещера располагается на вершине горы к северу от Мекки и полностью изолирована от остального мира.,Пещера располагается на вершине коры к Северо-Отмеке и полностью изолируя на отстыльном мир.,пещера располагается на вершине горы к северу от мекки и полностью изолирована от остального мира,пещера располагается на вершине коры к северо отмеке и полностью изолируя на отстыльном мир
1883,"Высота подмостового габарита составляет 15 метров. Строительство было завершено в августе 2011 года, его не открывали для движения до марта 2017 года.","Высота под мостового габариты составляет 15 метров, стриттествое было завершено в аусте 2011 года, и воно не открывали для движения Доумарта 2017 года.",высота подмостового габарита составляет 15 метров строительство было завершено в августе 2011 года его не открывали для движения до марта 2017 года,высота под мостового габариты составляет 15 метров стриттествое было завершено в аусте 2011 года и воно не открывали для движения доумарта 2017 года
1925,"Проведенная работа была в основном теоретической, но программа была написана для имитации наблюдений галактики в Стрельце.","Проведенная работа была в основном теоретической, но программа была написана для имитаций наблюдения галактики в Стрельцах.",проведенная работа была в основном теоретической но программа была написана для имитации наблюдений галактики в стрельце,проведенная работа была в основном теоретической но программа была написана для имитаций наблюдения галактики в стрельцах
1958,"Данный город сильно отличается от других городов страны, так как в нем преобладает арабский колорит, а не африканский.","Данный город сильно отличается от других городов страны, так как в нём преобладает арабский колорит, а не африканский.",данный город сильно отличается от других городов страны так как в нем преобладает арабский колорит а не африканский,данный город сильно отличается от других городов страны так как в нем преобладает арабский колорит а не африканский
1715,"Обычные объявления в метро делаются только на каталонском языке, но незапланированные перебои объявляются автоматизированной системой на самых разных языках, включая испанский, английский, французский, арабский и японский.","Обычные объявления в метро делаются только на каталонгском языке, но не за планированное перебой объявляются автоматизированы системой на самых разных языках, включая испанский, английский, французский, арабский и японский.",обычные объявления в метро делаются только на каталонском языке но незапланированные перебои объявляются автоматизированной системой на самых разных языках включая испанский английский французский арабский и японский,обычные объявления в метро делаются только на каталонгском языке но не за планированное перебой объявляются автоматизированы системой на самых разных языках включая испанский английский французский арабский и японский
1835,"Предупреждений о цунами не было и, согласно сообщению от Джакартского геофизического агентства, не будет, так как магнитуда землетрясения не достигла 6,5 балла.","Придубраждение цунами не было, и, согласно сообщению от Жакартского геофизического агентства, не будет, т.к. магнитудо-земьевтерсения не зацикла шестисполобин и балла.",предупреждений о цунами не было и согласно сообщению от джакартского геофизического агентства не будет так как магнитуда землетрясения не достигла 6 5 балла,придубраждение цунами не было и согласно сообщению от жакартского геофизического агентства не будет т к магнитудо земьевтерсения не зацикла шестисполобин и балла
1673,"Во время Войны за независимость США тринадцать штатов, в соответствии со Статьями конфедерации, впервые сформировали слабое центральное правительство, единственным органом которого был Конгресс.","Во время Войны за Независимость, США 13 Штатов сотвестись с статьями конфедерацией, впервые сформировали слабое Центральное Проведение — единственным органом, которого был конгресс.",во время войны за независимость сша тринадцать штатов в соответствии со статьями конфедерации впервые сформировали слабое центральное правительство единственным органом которого был конгресс,во время войны за независимость сша 13 штатов сотвестись с статьями конфедерацией впервые сформировали слабое центральное проведение единственным органом которого был конгресс
1722,53-летний Куомо начал свою деятельность на посту губернатора в начале этого года и подписал законопроект о легализации однополых браков в прошлом месяце.,Пятидесяти трехлетний Кома начал свою деятельность на постуге биронатора в начале этого года и подписал законопроект о легализации однополых браков в прошлом месяце.,53 летний куомо начал свою деятельность на посту губернатора в начале этого года и подписал законопроект о легализации однополых браков в прошлом месяце,пятидесяти трехлетний кома начал свою деятельность на постуге биронатора в начале этого года и подписал законопроект о легализации однополых браков в прошлом месяце
1814,"Ионы водорода — это протоны, от которых отделены электроны (атомы водорода состоят из одного протона и одного электрона).","Ионы водорода — это протоны, от которых отделены электроны. Атомы водорода состоят из одного протона и одного электрона.",ионы водорода это протоны от которых отделены электроны атомы водорода состоят из одного протона и одного электрона,ионы водорода это протоны от которых отделены электроны атомы водорода состоят из одного протона и одного электрона
1894,Карри — это блюдо на основе трав и специй в сочетании с мясом или овощами.,"Карри — это блюдо на основе трав и специя, сочетания с мясом и левощами.",карри это блюдо на основе трав и специй в сочетании с мясом или овощами,карри это блюдо на основе трав и специя сочетания с мясом и левощами
1873,Твердо отказывайте мужчинам и не бойтесь стоять на своем (такое недопустимо вне зависимости от культурных различий!).,"Твердо отказывайте мужчинам и не бойтесь стоят на своем, такое недопустимо, вне зависимости от культурных различий.",твердо отказывайте мужчинам и не бойтесь стоять на своем такое недопустимо вне зависимости от культурных различий,твердо отказывайте мужчинам и не бойтесь стоят на своем такое недопустимо вне зависимости от культурных различий
1844,Поверхность Луны состоит из камней и пыли. Внешний слой Луны называется корой.,Поверхность луны состоит из камней пыли. Верхний слой луны называется корой.,поверхность луны состоит из камней и пыли внешний слой луны называется корой,поверхность луны состоит из камней пыли верхний слой луны называется корой
1709,В докладе содержится резкая критика почти каждого аспекта нынешней политики исполнительной власти в отношении Ирака и настоятельный призыв к незамедлительной смене курса.,В докладе содержатся разная критика — почти каждого аспекта ненуришней политики исполнительной власти в отношении рак и настоятельным призывам к незаметлительной смене курса.,в докладе содержится резкая критика почти каждого аспекта нынешней политики исполнительной власти в отношении ирака и настоятельный призыв к незамедлительной смене курса,в докладе содержатся разная критика почти каждого аспекта ненуришней политики исполнительной власти в отношении рак и настоятельным призывам к незаметлительной смене курса
1782,"Кроме того между правлениями каждой династии царила раздробленность и нестабильность. Самой известной была эпоха Троецарствия, которая длилась 60 лет во время династий Хань и Цзинь.","Кроме того, между управлениями каждой династии царила раздробленность и нестабильность. Самый известный была эпоха Трейцарсты, которая длилась 60 лет во время династий Хань и Цинь.",кроме того между правлениями каждой династии царила раздробленность и нестабильность самой известной была эпоха троецарствия которая длилась 60 лет во время династий хань и цзинь,кроме того между управлениями каждой династии царила раздробленность и нестабильность самый известный была эпоха трейцарсты которая длилась 60 лет во время династий хань и цинь
1842,"Так как у перьев динозавров отсутствует хорошо развитый стержень, называемый рахисом, но все же имеются другие отличительные черты — бородки и бородочки — исследователи пришли к выводу, что рахис, скорее всего, появился позднее путем эволюционного развития других отличительных черт.","Т.к. уперев динозарев отсутствует хорошо развитый стержень, называемый рахисом, но все же имеются другие отличительные черты. Бородки и бородочки исследователи пришли к выводу, что рахис, скорее всего, появился позднее путем эволюционного развития других отличительных черт.",так как у перьев динозавров отсутствует хорошо развитый стержень называемый рахисом но все же имеются другие отличительные черты бородки и бородочки исследователи пришли к выводу что рахис скорее всего появился позднее путем эволюционного развития других отличительных черт,т к уперев динозарев отсутствует хорошо развитый стержень называемый рахисом но все же имеются другие отличительные черты бородки и бородочки исследователи пришли к выводу что рахис скорее всего появился позднее путем эволюционного развития других отличительных черт
1921,"С другой стороны, погодные условия со снегом и льдом являются нормальными во многих странах, и дорожное движение продолжается круглый год почти без перерывов.","С другой стороны, погодные условия со снегом и льдом являются нормальными во многих странах, и дорожные движения продолжаются хруглый год почти без перерывов.",с другой стороны погодные условия со снегом и льдом являются нормальными во многих странах и дорожное движение продолжается круглый год почти без перерывов,с другой стороны погодные условия со снегом и льдом являются нормальными во многих странах и дорожные движения продолжаются хруглый год почти без перерывов
1956,"Использование кораблей для транспортировки товаров является, безусловно, самым эффективным способом перевозки большого количества людей и грузов через океаны.","Использование кораблей для транспортировки товаров является, безусловно, самым эффективным способом перегоски большого количества людей и грузов через океаны.",использование кораблей для транспортировки товаров является безусловно самым эффективным способом перевозки большого количества людей и грузов через океаны,использование кораблей для транспортировки товаров является безусловно самым эффективным способом перегоски большого количества людей и грузов через океаны
1718,"Не существует универсального определения того, какие произведённые изделия являются антиквариатом. Некоторые налоговые органы определяют товары, которым за 100 лет, как антиквариат.","Не существует универсального определения того, какие произведенные изделия являются антиквариатом. Некоторые налоговые органы определяют товары, которым за 100 лет, как антиквариат.",не существует универсального определения того какие произведенные изделия являются антиквариатом некоторые налоговые органы определяют товары которым за 100 лет как антиквариат,не существует универсального определения того какие произведенные изделия являются антиквариатом некоторые налоговые органы определяют товары которым за 100 лет как антиквариат
1730,"Автобусы отправляются с межрайонной автостанции (за рекой) в течение всего дня, хотя большая часть, особенно направляющиеся на восток и в Джакар/Бумтанг, отбывают с 06:30 до 07:30.","Автобусы отправляются межрагионной автостанции за рекой в течении всего дня, хотя большая часть, особенно направляющейся на Восток и Вджакар, Бумтанга, отбывают 6.30 до 7.30 утра.",автобусы отправляются с межрайонной автостанции за рекой в течение всего дня хотя большая часть особенно направляющиеся на восток и в джакар бумтанг отбывают с 06 30 до 07 30,автобусы отправляются межрагионной автостанции за рекой в течении всего дня хотя большая часть особенно направляющейся на восток и вджакар бумтанга отбывают 6 30 до 7 30 утра
1846,"Соотношение сторон этого формата (поделенное на двенадцать, чтобы получить соотношение с небольшими целыми числами) поэтому принято за 3:2.","Соотношение сторон этого формата — поделённая на 12, чтобы получить соотношение с небольшими целыми числами, поэтому принято за 3 к 2.",соотношение сторон этого формата поделенное на двенадцать чтобы получить соотношение с небольшими целыми числами поэтому принято за 3 2,соотношение сторон этого формата поделенная на 12 чтобы получить соотношение с небольшими целыми числами поэтому принято за 3 к 2
1705,"15 августа 1940 года союзники вторглись в южную часть Франции. Вторжение получило название ""Операция ""Драгун"""".",15 августа 1940 года союзники вторглись в Южную Часть Францией. Вторжение получило название операция Драгон.,15 августа 1940 года союзники вторглись в южную часть франции вторжение получило название операция драгун,15 августа 1940 года союзники вторглись в южную часть францией вторжение получило название операция драгон
1756,"Поздно вечером в воскресенье президент США Дональд Трамп через пресс-секретаря заявил, что войска США покинут Сирию.","Познавечерым в воскресенье президент США Дональд Трамп через пресс-секретаря заявил, что войска США покинет Сирию.",поздно вечером в воскресенье президент сша дональд трамп через пресс секретаря заявил что войска сша покинут сирию,познавечерым в воскресенье президент сша дональд трамп через пресс секретаря заявил что войска сша покинет сирию
1772,"Таким образом, вполне вероятно, что запись была добавлена просто как пометка.","Таким образом, вполне вероятны, что запись была добавлена просто как пометка.",таким образом вполне вероятно что запись была добавлена просто как пометка,таким образом вполне вероятны что запись была добавлена просто как пометка
1661,"Он не назвал цифру для сокращений бюджетов, сказав, что они будут сделаны исходя из производительности экономики Китая.","Он не назвал цифру для сокращения бюджетов, сказав, что они будут сделаны, исходя из производительности экономика Китая.",он не назвал цифру для сокращений бюджетов сказав что они будут сделаны исходя из производительности экономики китая,он не назвал цифру для сокращения бюджетов сказав что они будут сделаны исходя из производительности экономика китая
1892,"Это место, которое британские колонизаторы забрали себе, и если вы ищете доказательства колониального прошлого территории, то это хорошее место для начала.","Эта место, которое британский колонизатор забрали себе. Если вы ищете доказательства колонияльного прошлого территории, то это хорошее место для начала.",это место которое британские колонизаторы забрали себе и если вы ищете доказательства колониального прошлого территории то это хорошее место для начала,эта место которое британский колонизатор забрали себе если вы ищете доказательства колонияльного прошлого территории то это хорошее место для начала
1670,"Их термические характеристики не такие стабильные, как у больших пещер на Земле, которые часто поддерживают почти постоянную температуру, но они соответствуют тому, что является глубокими ямами в грунте, — сообщил Глен Кушинг из отдела планетной геологии Геологической службы США и Университета Северной Аризоны, расположенного во Флагстаффе, Аризона.","Их термические характеристики не такие стабильные, как у больших пешер на Земле, которые часто поддерживают почти постоянную температуру, но они соответствуют тому, что является «глубокими ямами в грунте», – сообщил Гленн Кушинг, из отдела планетной геологии, геологической службы США, и университета Северной Аризоны, расположенного во флакстах Аризоны.",их термические характеристики не такие стабильные как у больших пещер на земле которые часто поддерживают почти постоянную температуру но они соответствуют тому что является глубокими ямами в грунте сообщил глен кушинг из отдела планетной геологии геологической службы сша и университета северной аризоны расположенного во флагстаффе аризона,их термические характеристики не такие стабильные как у больших пешер на земле которые часто поддерживают почти постоянную температуру но они соответствуют тому что является глубокими ямами в грунте сообщил гленн кушинг из отдела планетной геологии геологической службы сша и университета северной аризоны расположенного во флакстах аризоны
1725,"Серия ASUS Eee PC, ранее представленная во всём мире с ориентацией на такие факторы, как экономия средств и функциональность, стала горячей темой во время месяца информационных технологий в Тайбэе в 2007 году.","Сирия ASUS и PC, ранее представленная во всём мире, с ориентацией на такие факторы, как экономия средств и функциональность, стала гарачивей темой во время месяца информационных технологий в Тайбе в 2007-м году.",серия asus eee pc ранее представленная во всем мире с ориентацией на такие факторы как экономия средств и функциональность стала горячей темой во время месяца информационных технологий в тайбэе в 2007 году,сирия asus и pc ранее представленная во всем мире с ориентацией на такие факторы как экономия средств и функциональность стала гарачивей темой во время месяца информационных технологий в тайбе в 2007 м году
1789,"Среди других номинаций: ""Лучшая картина"", ""Режиссёр"", ""Операторская работа"", ""Дизайн костюмов"", ""Монтаж фильма"", ""Оригинальная музыка"", ""Художник-постановщик"", ""Звуковой монтаж"", ""Звук"" и ""Оригинальный сценарий"".","Среди других номинаций — лучшая картина, режиссер, операторская работа, дизайн костюмов, монтаж фильма, оригинальная музыка, художник-постановщик, звуковой монтаж, звук и оригинальный сценарий.",среди других номинаций лучшая картина режиссер операторская работа дизайн костюмов монтаж фильма оригинальная музыка художник постановщик звуковой монтаж звук и оригинальный сценарий,среди других номинаций лучшая картина режиссер операторская работа дизайн костюмов монтаж фильма оригинальная музыка художник постановщик звуковой монтаж звук и оригинальный сценарий
1994,"Очевидно, что если владеешь языком романский подгруппы, тебе будет проще выучить португальский.","Очевидно, что если владеешь языком романской подгруппы, Две будет проще выучить протугальский.",очевидно что если владеешь языком романский подгруппы тебе будет проще выучить португальский,очевидно что если владеешь языком романской подгруппы две будет проще выучить протугальский
1912,Почти все более мелкие острова являются независимыми государствами или ассоциированы с Францией и известны как шикарные пляжные курорты.,"Почти все более мелкие острова являются независимыми государствами, или ассоциированы с Францией, известны как шикарные пляжные курорты.",почти все более мелкие острова являются независимыми государствами или ассоциированы с францией и известны как шикарные пляжные курорты,почти все более мелкие острова являются независимыми государствами или ассоциированы с францией известны как шикарные пляжные курорты
1921,"С другой стороны, погодные условия со снегом и льдом являются нормальными во многих странах, и дорожное движение продолжается круглый год почти без перерывов.","С другой стороны, погодные условия со снегом и льдом являются нормальными во многих странах, и дорожное движение продолжается круглый год почти без перерывов.",с другой стороны погодные условия со снегом и льдом являются нормальными во многих странах и дорожное движение продолжается круглый год почти без перерывов,с другой стороны погодные условия со снегом и льдом являются нормальными во многих странах и дорожное движение продолжается круглый год почти без перерывов
1930,"Шестеро заложников, включая детей и пожилых людей, освободили раньше, как и филиппинских фотографов.","Шестеро заложникам, включая детей и пожилых людей, освободили раньше, как и филиппинских фотографов.",шестеро заложников включая детей и пожилых людей освободили раньше как и филиппинских фотографов,шестеро заложникам включая детей и пожилых людей освободили раньше как и филиппинских фотографов
1681,"Он, однако, не является единственным. Научные исследования также руководствуются экспериментированием (эксперимент — это проверка, используемая, чтобы исключить одну или более возможных гипотез), задаванием вопросов и проведением наблюдений.","Он, однако, не является единственным. Научные исследования также руководствуются экспериментированиям. Эксперимент — это проверка, используемая, чтобы исключить одну или более возможных епотис, задаванием вопросов и проведением наблюдений.",он однако не является единственным научные исследования также руководствуются экспериментированием эксперимент это проверка используемая чтобы исключить одну или более возможных гипотез задаванием вопросов и проведением наблюдений,он однако не является единственным научные исследования также руководствуются экспериментированиям эксперимент это проверка используемая чтобы исключить одну или более возможных епотис задаванием вопросов и проведением наблюдений
1746,"Растения питаются от солнца при помощи фотосинтеза. Кроме того, они отбрасывают тень.","Растения питаются от Солнца при помощи фотосинтеза, кроме того, отбрасывают тень.",растения питаются от солнца при помощи фотосинтеза кроме того они отбрасывают тень,растения питаются от солнца при помощи фотосинтеза кроме того отбрасывают тень
1920,"В них обычно предлагается особая еда, напитки и развлечения, чтобы гости оставались в хорошем настроении и не покидали заведения.","В них обычно предлагается особая еда, напитки и различения, чтобы кости оставались в хорошем настроении и не покидали заведения.",в них обычно предлагается особая еда напитки и развлечения чтобы гости оставались в хорошем настроении и не покидали заведения,в них обычно предлагается особая еда напитки и различения чтобы кости оставались в хорошем настроении и не покидали заведения
1719,"Неблагоприятные метеоусловия — это общий термин для обозначения любого опасного явления погоды, способного причинить какой-либо ущерб, вызвать серьёзные социальные потрясения или привести к человеческим жертвам.","Неблагопрепрятные метеусловия — это общий термин для обозначения любого опасного явления погоды, способного причинить какой-либо ущерб, вызвать серьезно социальные ботрясения или привести к человеческим жертвам.",неблагоприятные метеоусловия это общий термин для обозначения любого опасного явления погоды способного причинить какой либо ущерб вызвать серьезные социальные потрясения или привести к человеческим жертвам,неблагопрепрятные метеусловия это общий термин для обозначения любого опасного явления погоды способного причинить какой либо ущерб вызвать серьезно социальные ботрясения или привести к человеческим жертвам
1723,"Бухта была местом печально известного военно-морского противостояния в 1889 году, когда семь кораблей из Германии, США и Британии отказались покидать бухту.","Бухта была местом печально известного военноморского противостояния в 1889 году, когда семь кораблей из Германия, Сыша и Британия отказались покидать бухту.",бухта была местом печально известного военно морского противостояния в 1889 году когда семь кораблей из германии сша и британии отказались покидать бухту,бухта была местом печально известного военноморского противостояния в 1889 году когда семь кораблей из германия сыша и британия отказались покидать бухту
1805,Автобус Scotturb № 403 совершает регулярные рейсы в Синтру и делает остановку на мысе Рока.,Автобус Скотт-Турбль № 403 совершает регулятные рейсы в синтру и делает остановку на мысе Рока.,автобус scotturb no 403 совершает регулярные рейсы в синтру и делает остановку на мысе рока,автобус скотт турбль no 403 совершает регулятные рейсы в синтру и делает остановку на мысе рока
1965,"Почти все эти пляжи песчаные с безопасным купанием, и многие из них тенистые благодаря таким деревьям, как похутукава.","Почти все эти пляжи пещаны с безопасным купаниям, и многие из них тенисты благодаря такими деревьям, как пельхату капу.",почти все эти пляжи песчаные с безопасным купанием и многие из них тенистые благодаря таким деревьям как похутукава,почти все эти пляжи пещаны с безопасным купаниям и многие из них тенисты благодаря такими деревьям как пельхату капу
1763,"Так же, как Луна притягивает Землю, при этом вызывая приливы, так и Млечный Путь воздействует на галактику в Стрельце.","Также как луна притягивает землю, при этом вызывая прелевы, так и млечиная путь воздействует на галактику в стрельцах.",так же как луна притягивает землю при этом вызывая приливы так и млечный путь воздействует на галактику в стрельце,также как луна притягивает землю при этом вызывая прелевы так и млечиная путь воздействует на галактику в стрельцах
1969,"Оно гласит, что лучше всего помещать главный объект на пересечении линий, делящих изображение на три части по вертикали и по горизонтали (см. пример).","Он огласит, что лучше всего помещать главный объект на пересечении линий, делящих изображения на три части, повертикали и по-горизинтали, смотреть пример.",оно гласит что лучше всего помещать главный объект на пересечении линий делящих изображение на три части по вертикали и по горизонтали см пример,он огласит что лучше всего помещать главный объект на пересечении линий делящих изображения на три части повертикали и по горизинтали смотреть пример
1975,"Население Ватикана составляет около 800 человек. Это самая маленькая независимая страна в мире, а также страна, имеющая наименьшее население.","Население ватикан составляет около 800 человек. Эта самая маленькая независимая сторона в мире, а также сторона, имеющее наименшене население.",население ватикана составляет около 800 человек это самая маленькая независимая страна в мире а также страна имеющая наименьшее население,население ватикан составляет около 800 человек эта самая маленькая независимая сторона в мире а также сторона имеющее наименшене население
1901,"Несмотря на то, что ИИ прочно ассоциируется с научной фантастикой, он формирует очень важное направление компьютерных наук, рассматривающее поведение и обучение машин и ""привитие"" им интеллекта.","Несмотря на то, что ИИ прочно ассоциируются с наученными фантастики, он формирует очень важное направление компьютерных наук, рассматривающее поведение и обучение машин и привитие им интеллекта.",несмотря на то что ии прочно ассоциируется с научной фантастикой он формирует очень важное направление компьютерных наук рассматривающее поведение и обучение машин и привитие им интеллекта,несмотря на то что ии прочно ассоциируются с наученными фантастики он формирует очень важное направление компьютерных наук рассматривающее поведение и обучение машин и привитие им интеллекта
1836,"Людям с античных времен были известны основные химические элементы, такие как золото, серебро и медь, поскольку их все можно встретить в природе в чистом виде и относительно легко добывать с помощью примитивных орудий.","Людям с античных примен был известны основные химические элемент, такие как золото, серебро и мете, поскольку их все можно встретить в природе в чистом виде и, относительно легко, добыть с помощью примитивных орудий.",людям с античных времен были известны основные химические элементы такие как золото серебро и медь поскольку их все можно встретить в природе в чистом виде и относительно легко добывать с помощью примитивных орудий,людям с античных примен был известны основные химические элемент такие как золото серебро и мете поскольку их все можно встретить в природе в чистом виде и относительно легко добыть с помощью примитивных орудий
1727,"Дети, живущие на улицах, возможно, пережили тяжёлые формы насилия или травмирования до того, как убежать или быть брошенными.","Дети же уйши на улицах, возможно, пережили тяжелые формы насилия или тромбирования, до того, как убежать или быть брошенными.",дети живущие на улицах возможно пережили тяжелые формы насилия или травмирования до того как убежать или быть брошенными,дети же уйши на улицах возможно пережили тяжелые формы насилия или тромбирования до того как убежать или быть брошенными
1997,"Однако, процент людей с туберкулёзом с множественной лекарственной устойчивостью в целой группе больных туберкулезом все еще кажется низким; 6000 от общего числа 330 000 зараженных в данный конкретный момент в ЮАР.","Однако процент людей с туберкулезом, с множественной лекарственной устойчивости в целой группе больных туберкулезов, все еще кажется низким — 6 000 от общего числа 330 000 зараженых, в данный конкретный момент в ЮАР.",однако процент людей с туберкулезом с множественной лекарственной устойчивостью в целой группе больных туберкулезом все еще кажется низким 6000 от общего числа 330 000 зараженных в данный конкретный момент в юар,однако процент людей с туберкулезом с множественной лекарственной устойчивости в целой группе больных туберкулезов все еще кажется низким 6 000 от общего числа 330 000 зараженых в данный конкретный момент в юар
1948,"Эпоха Троецарствия была одним из самых кровавых периодов в истории древнего Китая. Тысячи людей погибли, сражаясь за место на троне в большом дворце в Сиане.","Эпоха Трайцарствия была одним из самых кровавых периодов истории древнего Китая. Тысячи людей погибли, сражаясь за место на Тронивбольшом дворце в Сиане.",эпоха троецарствия была одним из самых кровавых периодов в истории древнего китая тысячи людей погибли сражаясь за место на троне в большом дворце в сиане,эпоха трайцарствия была одним из самых кровавых периодов истории древнего китая тысячи людей погибли сражаясь за место на тронивбольшом дворце в сиане
1849,"Если вы смотрели фильм ""Сокровище нации"", то можете подумать, что на оборотной стороне Декларации независимости была изображена карта сокровищ.","И если вы смотрели фильм «Сокровище нации», то можете подумать, что на оборотной стороне декларация независимости была изображена карта «Сокрович».",если вы смотрели фильм сокровище нации то можете подумать что на оборотной стороне декларации независимости была изображена карта сокровищ,и если вы смотрели фильм сокровище нации то можете подумать что на оборотной стороне декларация независимости была изображена карта сокрович
1799,"Помимо соревнований в среду, Карпендо принимал участие в двух индивидуальных соревнованиях на чемпионатах.",Помимо соревнований в среду Корпендо принимал участие в двух индивидуальных соревнованиях на чемпионатах.,помимо соревнований в среду карпендо принимал участие в двух индивидуальных соревнованиях на чемпионатах,помимо соревнований в среду корпендо принимал участие в двух индивидуальных соревнованиях на чемпионатах
1943,"Чем ниже напряжение, тем более позитивна присутствующая в вас жизненная сила. Каждому человеку потенциально дано обрести абсолютные покой и чувство удовлетворения.","Чем ниже напряжения, тем более позитивно, присутствующая у вас жизненная сила. Каждому человеку потенциально дано обрести абсолютные покой и чувства удовлетворения.",чем ниже напряжение тем более позитивна присутствующая в вас жизненная сила каждому человеку потенциально дано обрести абсолютные покой и чувство удовлетворения,чем ниже напряжения тем более позитивно присутствующая у вас жизненная сила каждому человеку потенциально дано обрести абсолютные покой и чувства удовлетворения
1972,"Часто их не рассматривают, как динозавров, потому что они имеют перья и способны летать.","Часто их не рассматривают мыт, как динозавров, потому что они имеют перья и способны летать.",часто их не рассматривают как динозавров потому что они имеют перья и способны летать,часто их не рассматривают мыт как динозавров потому что они имеют перья и способны летать
2006,"Такие элементы, как кальций и калий, считаются металлами. Конечно, также есть такие металлы, как серебро и золото.","Такие элементы, как кальций и калей, считаются металлами, конечно, также есть такие металлы к сереброй золоты.",такие элементы как кальций и калий считаются металлами конечно также есть такие металлы как серебро и золото,такие элементы как кальций и калей считаются металлами конечно также есть такие металлы к сереброй золоты
1803,"Влага на ваших руках вступит в реакцию с верхним слоем, что будет необычно, затем сформируется подобие оболочки.","Влага на Ваших руках вступит в реакцию с верхним слоем, что будет необычно, затем сформируется подобие оболочки.",влага на ваших руках вступит в реакцию с верхним слоем что будет необычно затем сформируется подобие оболочки,влага на ваших руках вступит в реакцию с верхним слоем что будет необычно затем сформируется подобие оболочки
1817,Но Шенгенская зона в этом плане функционирует как единая страна.,Ноушенгенская зона в этом плане функционирует как единая страна.,но шенгенская зона в этом плане функционирует как единая страна,ноушенгенская зона в этом плане функционирует как единая страна
1971,"Сильные ветра, град, обильные осадки и лесные пожары являются проявлениями и эффектами суровых погодных явлений, таких как  бури, торнадо, водяные смерчи и ураганы.","Сильные витра, град, обильные осадки и лесные пожары являются проявлениями и эффектами сыровых погодных явлений, таких как буре, торнадо, водяные смертчи, органы.",сильные ветра град обильные осадки и лесные пожары являются проявлениями и эффектами суровых погодных явлений таких как бури торнадо водяные смерчи и ураганы,сильные витра град обильные осадки и лесные пожары являются проявлениями и эффектами сыровых погодных явлений таких как буре торнадо водяные смертчи органы
1752,"Это привело к тому, что два вида рыб вымерли, а два других, в том числе горбатый голавль, попали под угрозу исчезновения.","Это привело к тому, что два вида рыб вымерли, а два других, в том числе грибатый галабали, попали под урозу исчезновения.",это привело к тому что два вида рыб вымерли а два других в том числе горбатый голавль попали под угрозу исчезновения,это привело к тому что два вида рыб вымерли а два других в том числе грибатый галабали попали под урозу исчезновения
2008,"Прочие вопросы в повестке дня на Бали включают в себя сохранение оставшихся в мире лесов и обмен технологиями, чтобы способствовать росту развивающихся стран с меньшими загрязняющими последствиями.","Прочие вопросы в повестке дня на боли – включат в себя сохранение оставшихся в мире лесов и обмен технологиями, чтобы способствовать рост развивающихся стран с меньшими загрязняющими последствиями.",прочие вопросы в повестке дня на бали включают в себя сохранение оставшихся в мире лесов и обмен технологиями чтобы способствовать росту развивающихся стран с меньшими загрязняющими последствиями,прочие вопросы в повестке дня на боли включат в себя сохранение оставшихся в мире лесов и обмен технологиями чтобы способствовать рост развивающихся стран с меньшими загрязняющими последствиями
1752,"Это привело к тому, что два вида рыб вымерли, а два других, в том числе горбатый голавль, попали под угрозу исчезновения.","Это прелог к тому, что два вида рыб вымерли отва других, в том числе грибатик головль, попали под угрозу исчезновения.",это привело к тому что два вида рыб вымерли а два других в том числе горбатый голавль попали под угрозу исчезновения,это прелог к тому что два вида рыб вымерли отва других в том числе грибатик головль попали под угрозу исчезновения
1816,"Дюваль, который женат и имеет двух совершеннолетних детей, не произвел большого впечатления на Миллера, которому рассказали эту историю.","Дюваль, который женат и имеет двух совершеннолетних детей, не произвел большого впечатления на Миллер, которому рассказали эту историю.",дюваль который женат и имеет двух совершеннолетних детей не произвел большого впечатления на миллера которому рассказали эту историю,дюваль который женат и имеет двух совершеннолетних детей не произвел большого впечатления на миллер которому рассказали эту историю
1827,Толщина коры составляет около 70 км под океанами и 100 км – под материками.,Толщина коры составляет около 70 км под океанами и 100 км под материками.,толщина коры составляет около 70 км под океанами и 100 км под материками,толщина коры составляет около 70 км под океанами и 100 км под материками
1899,"Мухаммед очень интересовался темами, не связанными с мирской жизнью. Он часто посещал пещеру, которая стала известна как ""Хира"" на горе ""Нур"" (свет) для размышлений.","Нухаммед очень интересовался темыми, не связанными с мирской жизнью. Он часто посещал пешеру, которая стала известна как хира на горе Нур «Свет» для размышлений.",мухаммед очень интересовался темами не связанными с мирской жизнью он часто посещал пещеру которая стала известна как хира на горе нур свет для размышлений,нухаммед очень интересовался темыми не связанными с мирской жизнью он часто посещал пешеру которая стала известна как хира на горе нур свет для размышлений
1920,"В них обычно предлагается особая еда, напитки и развлечения, чтобы гости оставались в хорошем настроении и не покидали заведения.","В них обычно предлагается особая еда, напитки и различения, чтобы гости оставались в хорошем настроении и не покидали заведения.",в них обычно предлагается особая еда напитки и развлечения чтобы гости оставались в хорошем настроении и не покидали заведения,в них обычно предлагается особая еда напитки и различения чтобы гости оставались в хорошем настроении и не покидали заведения
1837,"Либеральная критика усилий по восстановлению сосредоточивалась на том, что контракты на восстановительные работы отдавались предположительно имеющим связи с правительством.","Либеральная критика усилий по восстановлению сосредоточилась на то, что контракты на восстановительные работы отдавались предположительно имеющим связи с правительством.",либеральная критика усилий по восстановлению сосредоточивалась на том что контракты на восстановительные работы отдавались предположительно имеющим связи с правительством,либеральная критика усилий по восстановлению сосредоточилась на то что контракты на восстановительные работы отдавались предположительно имеющим связи с правительством
1868,"На другом конце спектра человек превращается в неузнаваемого индивида, которому кажется, что он должен изменить всё, что делала команда, и присвоить это себе.","На другом конце спектра человек превращается в неузнаваемого индивидо, которому кажется, что он должен изменить все, что делала команда, и пресвоит это себе.",на другом конце спектра человек превращается в неузнаваемого индивида которому кажется что он должен изменить все что делала команда и присвоить это себе,на другом конце спектра человек превращается в неузнаваемого индивидо которому кажется что он должен изменить все что делала команда и пресвоит это себе
1827,Толщина коры составляет около 70 км под океанами и 100 км – под материками.,Толщина коры составляет около 70 км под океанами и 100 км под материками.,толщина коры составляет около 70 км под океанами и 100 км под материками,толщина коры составляет около 70 км под океанами и 100 км под материками
1980,"К сожалению, сложно изучать интенсивность движения автотранспорта, потому что нельзя со стопроцентной вероятностью предсказать поведение водителя.","К сожалению, сложно изучать интенсивность движения автотранспорта, потому что нельзя со 100% вероятностью предсказать поведение водителя.",к сожалению сложно изучать интенсивность движения автотранспорта потому что нельзя со стопроцентной вероятностью предсказать поведение водителя,к сожалению сложно изучать интенсивность движения автотранспорта потому что нельзя со 100 вероятностью предсказать поведение водителя
1853,Джанкарло Физикелла потерял контроль над управлением своим автомобилем и завершил гонку вскоре после старта.,"Джан-Карло физикелло, потерял контроль над управлением своим автомобилем, и завершил гонку вскорей после старта.",джанкарло физикелла потерял контроль над управлением своим автомобилем и завершил гонку вскоре после старта,джан карло физикелло потерял контроль над управлением своим автомобилем и завершил гонку вскорей после старта
1756,"Поздно вечером в воскресенье президент США Дональд Трамп через пресс-секретаря заявил, что войска США покинут Сирию.","Поздно вечер, воскресенье, президент США Дональд Трамп через пресс-секретаря заявил, что войска США покинут Сирию.",поздно вечером в воскресенье президент сша дональд трамп через пресс секретаря заявил что войска сша покинут сирию,поздно вечер воскресенье президент сша дональд трамп через пресс секретаря заявил что войска сша покинут сирию
1803,"Влага на ваших руках вступит в реакцию с верхним слоем, что будет необычно, затем сформируется подобие оболочки.","Влаго, на наших руках суббитвь реакцию с верхнем слоем, что будет необычно, затем сформируется подобие оболночки.",влага на ваших руках вступит в реакцию с верхним слоем что будет необычно затем сформируется подобие оболочки,влаго на наших руках суббитвь реакцию с верхнем слоем что будет необычно затем сформируется подобие оболночки
1832,"В популярные виды спорта входят футбол, баскетбол, волейбол, водное поло, фехтование, регби, велоспорт, хоккей на льду, хоккей на роликах и автогонки ""Формулы-1"".","В популярны вида спортов ходят футбол, баскетбол, волейбол, водные боли, фехотавания, регби, велоспорт, хакен-альту, хакен-роликах и автогонки Формул 1.",в популярные виды спорта входят футбол баскетбол волейбол водное поло фехтование регби велоспорт хоккей на льду хоккей на роликах и автогонки формулы 1,в популярны вида спортов ходят футбол баскетбол волейбол водные боли фехотавания регби велоспорт хакен альту хакен роликах и автогонки формул 1
1985,"Это связано, но обычно не включает пешее восхождение на вершину и затем спуск по неподготовленным склонам, так как катание по целине требует более жестких лыж и ботинок.","Эта связана, но обычно не включают пешие восхождения на вершину и затем спуск по неподготовленным склонам, так как катания по целине требует более жесткий хлыш и ботинок.",это связано но обычно не включает пешее восхождение на вершину и затем спуск по неподготовленным склонам так как катание по целине требует более жестких лыж и ботинок,эта связана но обычно не включают пешие восхождения на вершину и затем спуск по неподготовленным склонам так как катания по целине требует более жесткий хлыш и ботинок
1692,"Согласно ядерному управлению Японии, на заводе были обнаружены радиоактивный цезий и йод.","Согласно ядерным управлению Японии, на заводе были обнаружены радиоактивные цези ИОД.",согласно ядерному управлению японии на заводе были обнаружены радиоактивный цезий и йод,согласно ядерным управлению японии на заводе были обнаружены радиоактивные цези иод
1884,"В частности, утверждается, что можно определить, лжет ли человек, при помощи правильной интерпретации его микровыражений.","В частности, утверждается, что можно определить лжетлич человек при помощи правильной интерпретацией его микроворажений.",в частности утверждается что можно определить лжет ли человек при помощи правильной интерпретации его микровыражений,в частности утверждается что можно определить лжетлич человек при помощи правильной интерпретацией его микроворажений
1929,"Дель Потро имел раннее преимущество во втором сете, но это также потребовало тай-брейка после достижения 6-6.","Дэль Патро имел ранее преимущества во втором сети, но это также потребовало тайбрейко после достижения 6х6.",дель потро имел раннее преимущество во втором сете но это также потребовало тай брейка после достижения 6 6,дэль патро имел ранее преимущества во втором сети но это также потребовало тайбрейко после достижения 6х6
1871,В тёплом климате Ближнего Востока дом не имел особого значения.,В тёплым климате Ближнего Востока Дома не имел особо значения.,в теплом климате ближнего востока дом не имел особого значения,в теплым климате ближнего востока дома не имел особо значения
1747,Коллеги-рестлеры тоже отдали Луне дань уважения.,Коллеги реслеры тоже отдали луне дано уважения.,коллеги рестлеры тоже отдали луне дань уважения,коллеги реслеры тоже отдали луне дано уважения
1770,"Это кажется разумной идеей, потому что мы не чувствуем, что Земля движется, не так ли?","Это, кажется, разумный идея, потому что мы не чувствуем, что Земля движется, не так ли?",это кажется разумной идеей потому что мы не чувствуем что земля движется не так ли,это кажется разумный идея потому что мы не чувствуем что земля движется не так ли
1989,"Кроме того, он занимался гравюрным оттиском банкнот для многих стран. Недавние примеры его работ — портреты премьер-министра на лицевой стороне новых банкнот Канады номиналом 5 и 100 долларов.","Кроме того, он занимался гравирным отиском банкнот для многих стран. Недавние примеры его работ портреты премьер-министры на лицевой стороне новых банкнотка Надды номинал 5 и 100 долларов.",кроме того он занимался гравюрным оттиском банкнот для многих стран недавние примеры его работ портреты премьер министра на лицевой стороне новых банкнот канады номиналом 5 и 100 долларов,кроме того он занимался гравирным отиском банкнот для многих стран недавние примеры его работ портреты премьер министры на лицевой стороне новых банкнотка надды номинал 5 и 100 долларов
1705,"15 августа 1940 года союзники вторглись в южную часть Франции. Вторжение получило название ""Операция ""Драгун"""".",15 августа 1940 года союзники вторглись в Южную Часть Франции. В Торжине получило название «Оберация Драгон».,15 августа 1940 года союзники вторглись в южную часть франции вторжение получило название операция драгун,15 августа 1940 года союзники вторглись в южную часть франции в торжине получило название оберация драгон
1852,"Надлежащее использование блогов может дать учащимся возможность стать более аналитичными и критичными. Путём активного отклика на интернет-материалы учащиеся могут определять свою позицию в контексте чужих работ, а также излагать свои собственные взгляды на конкретные вопросы (Оравек, 2002).","Назлежащие использования блогов может дать учащимся возможность стать более аналитичными и критичными. Путем активно откликан на интернет материал, а учащиеся могут определять свою позицию в контексте чужих работ, а также излагать свои собственные взгляды на конкретные вопросы. Ровек 2002",надлежащее использование блогов может дать учащимся возможность стать более аналитичными и критичными путем активного отклика на интернет материалы учащиеся могут определять свою позицию в контексте чужих работ а также излагать свои собственные взгляды на конкретные вопросы оравек 2002,назлежащие использования блогов может дать учащимся возможность стать более аналитичными и критичными путем активно откликан на интернет материал а учащиеся могут определять свою позицию в контексте чужих работ а также излагать свои собственные взгляды на конкретные вопросы ровек 2002
1987,"Падение произошло в высокогорье, и, как полагают, стало результатом вражеского огня.","Падение произошло в Высокогори, и, как полагают, стало результатом вражеского огня.",падение произошло в высокогорье и как полагают стало результатом вражеского огня,падение произошло в высокогори и как полагают стало результатом вражеского огня
1741,"Большие области далее к северу довольно редко заселены, а некоторые из них – практически незаселённая глушь.","Большие области дали к северу довольно редко заселены, а некоторые из них — практически не заселённая глушь.",большие области далее к северу довольно редко заселены а некоторые из них практически незаселенная глушь,большие области дали к северу довольно редко заселены а некоторые из них практически не заселенная глушь
1725,"Серия ASUS Eee PC, ранее представленная во всём мире с ориентацией на такие факторы, как экономия средств и функциональность, стала горячей темой во время месяца информационных технологий в Тайбэе в 2007 году.","Сирия ASUS II и PC ранее представлены во всём мире с риентацией на такие факторы, как экономия средств и функциональность, стала горячей темой во время месяц информационных технологий в Тайбе в 2007 году.",серия asus eee pc ранее представленная во всем мире с ориентацией на такие факторы как экономия средств и функциональность стала горячей темой во время месяца информационных технологий в тайбэе в 2007 году,сирия asus ii и pc ранее представлены во всем мире с риентацией на такие факторы как экономия средств и функциональность стала горячей темой во время месяц информационных технологий в тайбе в 2007 году
1796,"Этот осадок требовался для формирования пляжей и песчаных отмелей, являвшихся местом обитания диких животных.","Этот осадок требовался для формирования пляжей и пещаных отмелий, являвшись те, местом обитания диких животных.",этот осадок требовался для формирования пляжей и песчаных отмелей являвшихся местом обитания диких животных,этот осадок требовался для формирования пляжей и пещаных отмелий являвшись те местом обитания диких животных
1703,"Вчера Мартейи привёл к присяге новый Временный избирательный совет (ВИС), состоящий из девяти участников.","Вчерамор Тей привел к притяге новый временный избирательный совет ВИС, состоящий из 9 участников.",вчера мартейи привел к присяге новый временный избирательный совет вис состоящий из девяти участников,вчерамор тей привел к притяге новый временный избирательный совет вис состоящий из 9 участников
1878,"Центр церковной власти базировался в Риме на протяжении более тысячи лет, и такое сосредоточение могущества и богатства привело к тому, что многие усомнились, а соблюдается ли этот догмат.","Центр церковной власти базировался в Риме на протяжении более 1000 лет, и такое сосредоточение макуществ и богатства привело к тому, что многие усомнились, особлюдая цилет отдогмат.",центр церковной власти базировался в риме на протяжении более тысячи лет и такое сосредоточение могущества и богатства привело к тому что многие усомнились а соблюдается ли этот догмат,центр церковной власти базировался в риме на протяжении более 1000 лет и такое сосредоточение макуществ и богатства привело к тому что многие усомнились особлюдая цилет отдогмат
1961,"Одним из наиболее распространённых методов, используемых для иллюстрации важности социализации, является иллюстрация нескольких прискорбных случаев, когда дети из-за отсутствия должного внимания, неудачного стечения обстоятельств или умышленного жестокого обращения не контактировали со взрослыми во время своего взросления.","Одним из наиболее распространенных методов, используемых для иллюстраций, важности, социализация, является иллюстрация нескольких прискорбных случаев, когда дети из-за отсутствия должного внимания, неудачного сдечения обстоятельств или умышленного жестокого обращения, не контактировали с обзрослыми во время своего возрастления.",одним из наиболее распространенных методов используемых для иллюстрации важности социализации является иллюстрация нескольких прискорбных случаев когда дети из за отсутствия должного внимания неудачного стечения обстоятельств или умышленного жестокого обращения не контактировали со взрослыми во время своего взросления,одним из наиболее распространенных методов используемых для иллюстраций важности социализация является иллюстрация нескольких прискорбных случаев когда дети из за отсутствия должного внимания неудачного сдечения обстоятельств или умышленного жестокого обращения не контактировали с обзрослыми во время своего возрастления
1686,"В итоге сплочённая работа организации с целью преодолеть препятствие может привести к новому инновационному процессу, который будет отвечать интересам клиента.","В итоге, сплоченная работа организаций с целью преодолеть препятствия может привести к новому инновационному процессу, который будет отвечать интересам клиента.",в итоге сплоченная работа организации с целью преодолеть препятствие может привести к новому инновационному процессу который будет отвечать интересам клиента,в итоге сплоченная работа организаций с целью преодолеть препятствия может привести к новому инновационному процессу который будет отвечать интересам клиента
1888,"Шок по возвращении в родную страну наступает раньше, чем культурный шок (здесь более короткий романтичный период), длится дольше и может быть более тяжёлым.","Шок по возвращению в родную страну наступает раньше, чем культурный шок. Здесь более короткий романтичный период, длится дольше и может быть более тяжелым.",шок по возвращении в родную страну наступает раньше чем культурный шок здесь более короткий романтичный период длится дольше и может быть более тяжелым,шок по возвращению в родную страну наступает раньше чем культурный шок здесь более короткий романтичный период длится дольше и может быть более тяжелым
1903,"Когда все доступные ресурсы эффективно используются во всех функциональных подразделениях организации, то могут проявиться креативность и изобретательность.","Когда все доступные ресурсы эффективно используются во всех функциональных подразделениях организаций, то могут проявиться креативность и изобретательность.",когда все доступные ресурсы эффективно используются во всех функциональных подразделениях организации то могут проявиться креативность и изобретательность,когда все доступные ресурсы эффективно используются во всех функциональных подразделениях организаций то могут проявиться креативность и изобретательность
1815,"Атомная бомба работает на том принципе, что для того, чтобы много протонов и нейтронов находились в одном ядре, необходима энергия.","Атомная бомба работает на том принципе, что для того, чтобы много протонов и нейтронов находились в одном ядре, необходимая энергия.",атомная бомба работает на том принципе что для того чтобы много протонов и нейтронов находились в одном ядре необходима энергия,атомная бомба работает на том принципе что для того чтобы много протонов и нейтронов находились в одном ядре необходимая энергия
1974,"Аналогично, мужчины должны носить брюки, которые бы закрывали колени.","Аналогичны, мышчина должна носить брюки, которые бы закрывали колени.",аналогично мужчины должны носить брюки которые бы закрывали колени,аналогичны мышчина должна носить брюки которые бы закрывали колени
1691,"На некоторых маршрутах  у более крупных компаний есть свои собственные самолёты, но для других маршрутов и более мелких компаний с этим была проблема.","На некоторых маршрутах у более крупных компаний есть свои собственные самолеты, но для других маршрутов и более мелких компаний с этим была проблема.",на некоторых маршрутах у более крупных компаний есть свои собственные самолеты но для других маршрутов и более мелких компаний с этим была проблема,на некоторых маршрутах у более крупных компаний есть свои собственные самолеты но для других маршрутов и более мелких компаний с этим была проблема
1890,Большинство современных исследовательских телескопов — это огромные сооружения в удаленных местах с благоприятными атмосферными условиями.,"Большинство современных исследовательских телескопов — это огромные сооружения в удаленных местах с благоприятными, атмосферными условиями.",большинство современных исследовательских телескопов это огромные сооружения в удаленных местах с благоприятными атмосферными условиями,большинство современных исследовательских телескопов это огромные сооружения в удаленных местах с благоприятными атмосферными условиями
1885,Между 10:00 и 11:00 вечера по горному времени заключенные устроили пожар во дворе.,Между 10 и 11 вечера по Горному Времени заключенные устройили пожар в дворе.,между 10 00 и 11 00 вечера по горному времени заключенные устроили пожар во дворе,между 10 и 11 вечера по горному времени заключенные устройили пожар в дворе
1990,"Блоги также могут улучшить навыки письма у учащихся. Хотя учащиеся часто начинают свой блог используя неряшливую грамматику и орфографию, это как правило меняется из-за присутствия аудитории.","Блоги также могут улучшить навыки письма у чащихся, хотя у чащейся часто начинается блога использа нерешиво грамматику и орфографию, это как правило, меняется из-за пресуция аудитории.",блоги также могут улучшить навыки письма у учащихся хотя учащиеся часто начинают свой блог используя неряшливую грамматику и орфографию это как правило меняется из за присутствия аудитории,блоги также могут улучшить навыки письма у чащихся хотя у чащейся часто начинается блога использа нерешиво грамматику и орфографию это как правило меняется из за пресуция аудитории
1767,"Это представляет хорошую возможность увидеть северное сияние, потому что небо будет более или менее тёмным круглые сутки.","Это представляет хорошей возможность увидеть северное сияние, потому что небо будет более-менее темным круглыми сутками.",это представляет хорошую возможность увидеть северное сияние потому что небо будет более или менее темным круглые сутки,это представляет хорошей возможность увидеть северное сияние потому что небо будет более менее темным круглыми сутками
1929,"Дель Потро имел раннее преимущество во втором сете, но это также потребовало тай-брейка после достижения 6-6.","Далее Потро имел раннее преимущество во втором сети, но это также потребовало тайбрейко после достижения 6х6.",дель потро имел раннее преимущество во втором сете но это также потребовало тай брейка после достижения 6 6,далее потро имел раннее преимущество во втором сети но это также потребовало тайбрейко после достижения 6х6
2007,"По оценке начальника Инженерных войск США, 6 дюймов дождевых осадков могли прорвать поврежденные ранее дамбы.","По оценке начальника, инженерных войск США шесть дюймов дождевых осадков могли прорвать поврежденные ранние дамбы.",по оценке начальника инженерных войск сша 6 дюймов дождевых осадков могли прорвать поврежденные ранее дамбы,по оценке начальника инженерных войск сша шесть дюймов дождевых осадков могли прорвать поврежденные ранние дамбы
2005,"Но еще можно многое сказать о птицах, которые всё ещё выглядят как динозавры.","Но и еще многое можно сказать о птицах, которые все еще выглядят как динозавры.",но еще можно многое сказать о птицах которые все еще выглядят как динозавры,но и еще многое можно сказать о птицах которые все еще выглядят как динозавры
1907,Вскоре после начала военных действий Британия устроила морскую блокаду Германии.,Скорее после начала военных действий Британия устрелала морское блогадо Германия.,вскоре после начала военных действий британия устроила морскую блокаду германии,скорее после начала военных действий британия устрелала морское блогадо германия
1750,Находка также позволяет ознакомиться с эволюцией перьев у птиц.,Находка также позволяет ознакомиться с эволюцией перевлоптиц.,находка также позволяет ознакомиться с эволюцией перьев у птиц,находка также позволяет ознакомиться с эволюцией перевлоптиц
1811,Стандарт 802.11n работает на обоих частотах – 2.4 ГГц и 5.0 ГГц.,Стандарт 802.11n работает на боях частотах. 2.4 ГГц и 5.0 ГГц.,стандарт 802 11n работает на обоих частотах 2 4 ггц и 5 0 ггц,стандарт 802 11n работает на боях частотах 2 4 ггц и 5 0 ггц
1845,"Они вернулись в Париж в карете, окружённые толпой людей, которые выкрикивали угрозы королю и королеве.","Они вернулись в Париж в Карете, окруженной толпой людей, которые выгрекали угрозы королю и королеве.",они вернулись в париж в карете окруженные толпой людей которые выкрикивали угрозы королю и королеве,они вернулись в париж в карете окруженной толпой людей которые выгрекали угрозы королю и королеве
1711,"Эти теории обращаются к тому, что же заставляет конкретных людей хотеть делать то, что они делают, и что их  окружении заставляет делать или не делать определённые вещи.","Эти теории обращаются к тому, что же заставляет конкретных людей хотеть делать то, что они делают, и что их окружение заставляет делать или не делать определенные вещи.",эти теории обращаются к тому что же заставляет конкретных людей хотеть делать то что они делают и что их окружении заставляет делать или не делать определенные вещи,эти теории обращаются к тому что же заставляет конкретных людей хотеть делать то что они делают и что их окружение заставляет делать или не делать определенные вещи
1911,"Аналогичным образом, если у вас есть шенгенская виза, вам не нужно подавать заявление на получение визы в каждую из стран-участниц Шенгенского соглашения отдельно, что позволит вам сэкономить время и деньги, а также избежать бумажной волокиты.","Аналогичным образом, если у Вас есть шингенская виза, Вам не нужно подавать заявление на получение визов каждой страны частниц шингенского соглашения отдельно, что позволит Вам сэкономить время и деньги, а также избежать бумажной волокиты.",аналогичным образом если у вас есть шенгенская виза вам не нужно подавать заявление на получение визы в каждую из стран участниц шенгенского соглашения отдельно что позволит вам сэкономить время и деньги а также избежать бумажной волокиты,аналогичным образом если у вас есть шингенская виза вам не нужно подавать заявление на получение визов каждой страны частниц шингенского соглашения отдельно что позволит вам сэкономить время и деньги а также избежать бумажной волокиты
1764,"Количество присутствующих было настолько велико, что не все смогли попасть на площадь Святого Петра, где проходили похороны.","Количество присутствующих было настолько велико, что они все смогли попасть на площадь Сфотографа Педра, где проходили похороны.",количество присутствующих было настолько велико что не все смогли попасть на площадь святого петра где проходили похороны,количество присутствующих было настолько велико что они все смогли попасть на площадь сфотографа педра где проходили похороны
1996,"Австралиец Митчелл Гурли пришел к финишу одиннадцатым в соревнованиях по супергиганту для мужчин в классе ""стоя"". Чех Олдрич Елинек пришел к финишу шестнадцатым в соревнованиях по супергиганту для мужчин в классе ""сидя"".",Австралийс Митчал Гурли пришел к финишу 11-м в соревнованиях по супергиганту для мужчин в классе стоя. Чех Олдрич Еленек пришел к финишу 16-м в соревнованиях по супергиганту для мужчин в классе сиди.,австралиец митчелл гурли пришел к финишу одиннадцатым в соревнованиях по супергиганту для мужчин в классе стоя чех олдрич елинек пришел к финишу шестнадцатым в соревнованиях по супергиганту для мужчин в классе сидя,австралийс митчал гурли пришел к финишу 11 м в соревнованиях по супергиганту для мужчин в классе стоя чех олдрич еленек пришел к финишу 16 м в соревнованиях по супергиганту для мужчин в классе сиди
2009,"Наиболее доступными растительными ресурсами были бы белки, находящиеся в листьях и бобовых, но они плохо усваиваются такими приматами, как мы, если их не готовить.","Найболее доступными растительными ресурсами были бы белки, находящиеся в листях и бобовах, но они плохо усваиваются такими приматами, как мы, если их не готовить.",наиболее доступными растительными ресурсами были бы белки находящиеся в листьях и бобовых но они плохо усваиваются такими приматами как мы если их не готовить,найболее доступными растительными ресурсами были бы белки находящиеся в листях и бобовах но они плохо усваиваются такими приматами как мы если их не готовить
1878,"Центр церковной власти базировался в Риме на протяжении более тысячи лет, и такое сосредоточение могущества и богатства привело к тому, что многие усомнились, а соблюдается ли этот догмат.","Центр церковной власти базировался уремен на протяжении более 1000 лет, и такое сосредоточение макуществ и богатства привело к тому, что многие усомнились, особлюдается ли этот догмат.",центр церковной власти базировался в риме на протяжении более тысячи лет и такое сосредоточение могущества и богатства привело к тому что многие усомнились а соблюдается ли этот догмат,центр церковной власти базировался уремен на протяжении более 1000 лет и такое сосредоточение макуществ и богатства привело к тому что многие усомнились особлюдается ли этот догмат
1831,"Национальный парк Плитвицкие озёра сильно зарос лесом, в основном буками, елями и пихтами, и представляет собой смесь альпийской и средиземноморской растительности.","Национальный парк Плитвицкий озера сильно зарослесан, в основном буками елами и пихтами, и представляет собой смесь альпийской и Средиземноморской растительности.",национальный парк плитвицкие озера сильно зарос лесом в основном буками елями и пихтами и представляет собой смесь альпийской и средиземноморской растительности,национальный парк плитвицкий озера сильно зарослесан в основном буками елами и пихтами и представляет собой смесь альпийской и средиземноморской растительности
1695,"Простым и популярным блюдом на обед, особенно в летнее время, является Па-амб-оли: хлеб с оливковым маслом, помидорами и любой имеющейся начинкой, такой как сыр, тунец и т. д.","Простым и популярным блюдом на обед, особенно в летние время, является памп-оли, хлеб с оливковым маслом, помидорами и любой мяшечисти, начинкой такой, как сыр, тунец и так далее.",простым и популярным блюдом на обед особенно в летнее время является па амб оли хлеб с оливковым маслом помидорами и любой имеющейся начинкой такой как сыр тунец и т д,простым и популярным блюдом на обед особенно в летние время является памп оли хлеб с оливковым маслом помидорами и любой мяшечисти начинкой такой как сыр тунец и так далее
1663,Долина Кочамо – главное направление в Чили для альпинизма. Она известна как Йосмит Южной Америки и имеет большое количество больших гранитных стен и скал.,"Долина Качамо главды направления в череды для альпинизма. Оно известно, как Йосмит Ежедневереки имел большое количество больших гранитных стен искал.",долина кочамо главное направление в чили для альпинизма она известна как йосмит южной америки и имеет большое количество больших гранитных стен и скал,долина качамо главды направления в череды для альпинизма оно известно как йосмит ежедневереки имел большое количество больших гранитных стен искал
1797,Каждый является членом общества и использует транспортные системы. Практически каждый жалуется на эти систем.,"Каждый является членом общества и использует транспортные системы, практически каждый жалуется на эти систем.",каждый является членом общества и использует транспортные системы практически каждый жалуется на эти систем,каждый является членом общества и использует транспортные системы практически каждый жалуется на эти систем
1858,"Даниэль Лантань, эксперт ООН по вопросам данной болезни, заявила, что вспышка, вероятно, была вызвана миротворцами.","Даниэль Ланталь, экспертон по вопросам даны болезни, заявила, что вспышка, вероятнее, была вызвана миротворцами.",даниэль лантань эксперт оон по вопросам данной болезни заявила что вспышка вероятно была вызвана миротворцами,даниэль ланталь экспертон по вопросам даны болезни заявила что вспышка вероятнее была вызвана миротворцами
1703,"Вчера Мартейи привёл к присяге новый Временный избирательный совет (ВИС), состоящий из девяти участников.","Вчера Мартеи привел к присяге новой временной избирательной совет ВИС, состоясь из 9 участников.",вчера мартейи привел к присяге новый временный избирательный совет вис состоящий из девяти участников,вчера мартеи привел к присяге новой временной избирательной совет вис состоясь из 9 участников
1832,"В популярные виды спорта входят футбол, баскетбол, волейбол, водное поло, фехтование, регби, велоспорт, хоккей на льду, хоккей на роликах и автогонки ""Формулы-1"".","В популярные виды спорта входят футбол, баскетбол, волейбол, водополо, фехотавания, регби, велоспорт, хакин-альду, хакин о роликах и автогонке формулы 1.",в популярные виды спорта входят футбол баскетбол волейбол водное поло фехтование регби велоспорт хоккей на льду хоккей на роликах и автогонки формулы 1,в популярные виды спорта входят футбол баскетбол волейбол водополо фехотавания регби велоспорт хакин альду хакин о роликах и автогонке формулы 1
1922,"Конечно же, эта традиция имеет христианское теологическое объяснение, но это вполне может быть и дохристианский ритуал весны и плодородия.","Конечно же, эта традиция имеет христианское теологическое объяснение, но это вполне может быть ито христианский ритуал Висны и Плодородия.",конечно же эта традиция имеет христианское теологическое объяснение но это вполне может быть и дохристианский ритуал весны и плодородия,конечно же эта традиция имеет христианское теологическое объяснение но это вполне может быть ито христианский ритуал висны и плодородия
1737,"Львы — самые социальные кошки, живущие в больших группах, которые называются прайдами.","Львы — самые социальные кошки, жуще в больших группах, которые называются прайдами.",львы самые социальные кошки живущие в больших группах которые называются прайдами,львы самые социальные кошки жуще в больших группах которые называются прайдами
1851,"Отбойное течение — течение, создаваемое волнами, которые разбиваются о берег, или иногда об риф или что-то подобное.","Отбойное течение — течения, создаемое волнами, которые разбиваются оберек, или иногда обрив, или что-то подобное.",отбойное течение течение создаваемое волнами которые разбиваются о берег или иногда об риф или что то подобное,отбойное течение течения создаемое волнами которые разбиваются оберек или иногда обрив или что то подобное
1667,"Как правило, могут проявляться два типа поведения когда менеджеры начинают руководить людьми, ранее равными им по статусу. Одна крайность спектра – это попытка оставаться ""своим парнем"" (или девушкой).","К правилам, могут проявляться два типа поведения, когда менеджер и начинатый руководитель людьми ранее равны импостатусу, однако район инспекторы — это попытка оставаться с выим парнем или девушкой.",как правило могут проявляться два типа поведения когда менеджеры начинают руководить людьми ранее равными им по статусу одна крайность спектра это попытка оставаться своим парнем или девушкой,к правилам могут проявляться два типа поведения когда менеджер и начинатый руководитель людьми ранее равны импостатусу однако район инспекторы это попытка оставаться с выим парнем или девушкой
1785,"Скаффолдинг — это не метод обучения, а скорее форма помощи тем, кто проходит через новый опыт обучения, такой как использование новой компьютерной программы или начало нового проекта.","Скофолдинг — это не метод обучения, скорее форма помощи тем, кто проходит через новый опыт обучения, такой как использование новой компьютерной программы или начало нового проекта.",скаффолдинг это не метод обучения а скорее форма помощи тем кто проходит через новый опыт обучения такой как использование новой компьютерной программы или начало нового проекта,скофолдинг это не метод обучения скорее форма помощи тем кто проходит через новый опыт обучения такой как использование новой компьютерной программы или начало нового проекта
1749,"Он находился под управлением ""вишистских"" французов. Эти французы, заключили мир с немцами в 1940 году и работали вместе с захватчиками вместо того, чтобы им противостоять.","Он находился подоправлением вишистских французов. Эти французы заключили мерц немцами в 1940 году и работали вместе с захватчиками вместо того, чтобы им противостоять.",он находился под управлением вишистских французов эти французы заключили мир с немцами в 1940 году и работали вместе с захватчиками вместо того чтобы им противостоять,он находился подоправлением вишистских французов эти французы заключили мерц немцами в 1940 году и работали вместе с захватчиками вместо того чтобы им противостоять
1668,"Также может быть выгодно купить Wild Card, которая позволяет посещать национальные парки ЮАР либо выборочно, либо все.","Также может быть выгодно купить Wildcard, которая позволяет посещать национальные партии UR, либо выборышна, либо вся.",также может быть выгодно купить wild card которая позволяет посещать национальные парки юар либо выборочно либо все,также может быть выгодно купить wildcard которая позволяет посещать национальные партии ur либо выборышна либо вся
1794,"Цивилизация — это отдельная культура, носителями которой является достаточно большая группа людей, живущих и работающих вместе, общество.","Цивилизация — это отдельная культура, носителями которой является достаточно большая группа людей, жилущих и работающих в обществе.",цивилизация это отдельная культура носителями которой является достаточно большая группа людей живущих и работающих вместе общество,цивилизация это отдельная культура носителями которой является достаточно большая группа людей жилущих и работающих в обществе
1764,"Количество присутствующих было настолько велико, что не все смогли попасть на площадь Святого Петра, где проходили похороны.","Количество присутствующих было настолько велико, что не все смогли попасть на площадь Светлого Петра, где проходили похороны.",количество присутствующих было настолько велико что не все смогли попасть на площадь святого петра где проходили похороны,количество присутствующих было настолько велико что не все смогли попасть на площадь светлого петра где проходили похороны
1897,"На севере регион ограничен Сахелем, а на юге и западе — Атлантическим океаном.","На севере региона граничен Сахелем, а на юге и Западе — Атлантическим океанам.",на севере регион ограничен сахелем а на юге и западе атлантическим океаном,на севере региона граничен сахелем а на юге и западе атлантическим океанам
1726,"Учебные экскурсии очень важны для любого класса. Очень часто учителям хочется отвезти своих учеников туда, куда нельзя доехать на автобусе.","Учебные экскурсии очень важны для любого класса, очень часто учителям хочется отвести своих учеников туда, куда нельзя доехать на автобусе.",учебные экскурсии очень важны для любого класса очень часто учителям хочется отвезти своих учеников туда куда нельзя доехать на автобусе,учебные экскурсии очень важны для любого класса очень часто учителям хочется отвести своих учеников туда куда нельзя доехать на автобусе
1681,"Он, однако, не является единственным. Научные исследования также руководствуются экспериментированием (эксперимент — это проверка, используемая, чтобы исключить одну или более возможных гипотез), задаванием вопросов и проведением наблюдений.","Он, однако, не является единственным. Наученные исследования также руководствуются экспериментированием. Эксперимент — это проверка, используемая, чтобы исключить одну или более возможен кипотез, задавания вопросов и проведениям наблюдений.",он однако не является единственным научные исследования также руководствуются экспериментированием эксперимент это проверка используемая чтобы исключить одну или более возможных гипотез задаванием вопросов и проведением наблюдений,он однако не является единственным наученные исследования также руководствуются экспериментированием эксперимент это проверка используемая чтобы исключить одну или более возможен кипотез задавания вопросов и проведениям наблюдений
1901,"Несмотря на то, что ИИ прочно ассоциируется с научной фантастикой, он формирует очень важное направление компьютерных наук, рассматривающее поведение и обучение машин и ""привитие"" им интеллекта.","Несмотря на то, что ИИ прочно ассоциируется с научной фантастикой, он формирует очень важный направление компьютерных наук, рассматривающее поведение и обучение машин, и появитие им интеллекта.",несмотря на то что ии прочно ассоциируется с научной фантастикой он формирует очень важное направление компьютерных наук рассматривающее поведение и обучение машин и привитие им интеллекта,несмотря на то что ии прочно ассоциируется с научной фантастикой он формирует очень важный направление компьютерных наук рассматривающее поведение и обучение машин и появитие им интеллекта
1708,"Хьюн ушел в отставку, и в Кабинете министров его заменит член парламента Эд Дейви. Ожидается, что член парламента Норман Ламб займет принадлежащий Дейви пост Министра по делам бизнеса.","Хион ушел в отставку, и в кабинете министров его заменит член парламента Эд Дэйви, ожидается, что член парламента Норман Ламп займет принадлежащий Дэйви постминистроподелам бизнеса.",хьюн ушел в отставку и в кабинете министров его заменит член парламента эд дейви ожидается что член парламента норман ламб займет принадлежащий дейви пост министра по делам бизнеса,хион ушел в отставку и в кабинете министров его заменит член парламента эд дэйви ожидается что член парламента норман ламп займет принадлежащий дэйви постминистроподелам бизнеса
1877,"Нынешняя сенатор и Первая леди Аргентины Кристина Фернандес де Киршнер анонсировала выдвижение своей кандидатуры на пост президента вчера вечером в Ла-Плате, городе в 50 километрах (31 милях) от Буэнос-Айреса.",Нынешний ассинатор и первая леди Аргентины Кристина Фернандес Деккиршенер анонсировала в движение свои кандидатуры на пост президента. Вчера вечером была плата к городе в 50 км 30-деной милях от Бойнасайреса.,нынешняя сенатор и первая леди аргентины кристина фернандес де киршнер анонсировала выдвижение своей кандидатуры на пост президента вчера вечером в ла плате городе в 50 километрах 31 милях от буэнос айреса,нынешний ассинатор и первая леди аргентины кристина фернандес деккиршенер анонсировала в движение свои кандидатуры на пост президента вчера вечером была плата к городе в 50 км 30 деной милях от бойнасайреса
1796,"Этот осадок требовался для формирования пляжей и песчаных отмелей, являвшихся местом обитания диких животных.","Этосадок трибовался для формирования пляжей и пещаных отмели, являвшихся местом обитания диких животных.",этот осадок требовался для формирования пляжей и песчаных отмелей являвшихся местом обитания диких животных,этосадок трибовался для формирования пляжей и пещаных отмели являвшихся местом обитания диких животных
1798,"В начальный период своего существования это шоу транслировалось только на сайте давно существующего онлайн-радио TogiNet Radio, посвященного радиобеседам.","В начальний период своего существования эта шоу трансляралась только на сайте, давно существующего онлайн радио TogiNet Radio, посвященного радиобеседам.",в начальный период своего существования это шоу транслировалось только на сайте давно существующего онлайн радио toginet radio посвященного радиобеседам,в начальний период своего существования эта шоу трансляралась только на сайте давно существующего онлайн радио toginet radio посвященного радиобеседам
1938,"В больнице был соблюден протокол инфекционного контроля, включая отдельное содержание пациента, чтобы предотвратить возможное заражение других пациентов.","В больнице был соблюден протокол инфекционного контроля, включая отдельное содержание пациента, чтобы предотвратить возможные заражения других пациентов.",в больнице был соблюден протокол инфекционного контроля включая отдельное содержание пациента чтобы предотвратить возможное заражение других пациентов,в больнице был соблюден протокол инфекционного контроля включая отдельное содержание пациента чтобы предотвратить возможные заражения других пациентов
1793,"Если вы не привыкли ездить по сельским дорогам, будьте начеку: преобладают крутые склоны, узкие переулки и резкие повороты.","Если вы не привыкли ездить бассейлским дорогам, Бутцвен и Чику преобладают круты склоны, узкие приулки и резкие повороты.",если вы не привыкли ездить по сельским дорогам будьте начеку преобладают крутые склоны узкие переулки и резкие повороты,если вы не привыкли ездить бассейлским дорогам бутцвен и чику преобладают круты склоны узкие приулки и резкие повороты
1669,"Начальник полиции Чандра Шехар Соланки заявил, что обвиняемые были представлены перед судьями с закрытыми лицами.","Начальник полицией Чандра Шехар Саланки заявил, что обвиняемые были представлены перед судьями с закрытыми лицами.",начальник полиции чандра шехар соланки заявил что обвиняемые были представлены перед судьями с закрытыми лицами,начальник полицией чандра шехар саланки заявил что обвиняемые были представлены перед судьями с закрытыми лицами
1747,Коллеги-рестлеры тоже отдали Луне дань уважения.,Коллеги Рыслеры тоже одлило не дано уважения.,коллеги рестлеры тоже отдали луне дань уважения,коллеги рыслеры тоже одлило не дано уважения
1736,Роландо Мендоса выстреливал из своей винтовки М16 в туристов.,Араланда Ментоса выстреливал из своей вентовки М16 в туристов.,роландо мендоса выстреливал из своей винтовки м16 в туристов,араланда ментоса выстреливал из своей вентовки м16 в туристов
1857,"Он добавил, что ""их, однако, не следует просить брать на себя обязательства, которые выходят за рамки их стадии разработки, ответственности и возможностей"".","Он добавил, что «их, однако, не следует просить брать на себя обязательства, которые выходят за рамки их стадии разработки, ответственности и возможностей».",он добавил что их однако не следует просить брать на себя обязательства которые выходят за рамки их стадии разработки ответственности и возможностей,он добавил что их однако не следует просить брать на себя обязательства которые выходят за рамки их стадии разработки ответственности и возможностей
1983,"Слово ""цивилизация"" происходит от латинского civilis, что означает ""гражданский"" и является родственником латинских слов civis, означающего ""гражданин"", и civitas, означающего ""город"" или ""город-государство"", и оно также определенным образом выражает размер общества.","Слово «цивелизация» происходит от латинского цивилес, что означает «гражданский» и является родственником латинских слов «цивис», означающего «гражданин» и «цивитус», означающего «город» или «город Государства» и оно также определенным образом выражает размер общества.",слово цивилизация происходит от латинского civilis что означает гражданский и является родственником латинских слов civis означающего гражданин и civitas означающего город или город государство и оно также определенным образом выражает размер общества,слово цивелизация происходит от латинского цивилес что означает гражданский и является родственником латинских слов цивис означающего гражданин и цивитус означающего город или город государства и оно также определенным образом выражает размер общества
1925,"Проведенная работа была в основном теоретической, но программа была написана для имитации наблюдений галактики в Стрельце.","Проведенная работа была в основном теоретической, но программа была написана для имитаций на блюдение галактики в стрельце.",проведенная работа была в основном теоретической но программа была написана для имитации наблюдений галактики в стрельце,проведенная работа была в основном теоретической но программа была написана для имитаций на блюдение галактики в стрельце
1681,"Он, однако, не является единственным. Научные исследования также руководствуются экспериментированием (эксперимент — это проверка, используемая, чтобы исключить одну или более возможных гипотез), задаванием вопросов и проведением наблюдений.","Он, однако, не является единственным, наученные исследования так же рукоостаются экспериментированием. Эксперимент — это проверка, используемая, чтобы исключить одну или более возможен гипотез, задаванием вопросов и проведением наблюдений.",он однако не является единственным научные исследования также руководствуются экспериментированием эксперимент это проверка используемая чтобы исключить одну или более возможных гипотез задаванием вопросов и проведением наблюдений,он однако не является единственным наученные исследования так же рукоостаются экспериментированием эксперимент это проверка используемая чтобы исключить одну или более возможен гипотез задаванием вопросов и проведением наблюдений
1959,"Всё же следуйте рекомендациям органов власти, подчиняйтесь всем знакам и обратите пристальное внимание на предупреждения о безопасности.",Всё же следует рекомендация органу власти. Подчиняйтесь с всем знаком и обратите пристальное внимание на предупреждение о безопасности.,все же следуйте рекомендациям органов власти подчиняйтесь всем знакам и обратите пристальное внимание на предупреждения о безопасности,все же следует рекомендация органу власти подчиняйтесь с всем знаком и обратите пристальное внимание на предупреждение о безопасности
1812,"Несмотря на то, что нашлась экспериментальная вакцина, способная снизить смертность от вируса Эбола, пока еще ни одно лекарство не продемонстрировало явного эффекта в лечении существующей инфекции.","Несмотря на то, что нашлась экспериментальная вакцина, способная снизить смертность от вируса и бола, пока еще не одно лекарство не продемонстрировало явного эффекта в лечении существующей инфекции.",несмотря на то что нашлась экспериментальная вакцина способная снизить смертность от вируса эбола пока еще ни одно лекарство не продемонстрировало явного эффекта в лечении существующей инфекции,несмотря на то что нашлась экспериментальная вакцина способная снизить смертность от вируса и бола пока еще не одно лекарство не продемонстрировало явного эффекта в лечении существующей инфекции
1736,Роландо Мендоса выстреливал из своей винтовки М16 в туристов.,Роланда Мендоса выстреливал из своей винтовки М16 в туристов.,роландо мендоса выстреливал из своей винтовки м16 в туристов,роланда мендоса выстреливал из своей винтовки м16 в туристов
1960,"По сообщениям ему было от 20-ти до 30-ти лет. В заявление Бибер сказал: ""Хотя я и не присутствовал при трагическом инциденте и не был вовлечён в него напрямую, мои мысли и молитвы с семьёй жертвы"".","По сообщениям, ему было от 20 до 30 лет. В заявлении Биберск сказал, «Хотя я и не присутствовал при трагической мансиденте и не был вовлечен в него напрямую, мей мысли молитва с семьей жертвы».",по сообщениям ему было от 20 ти до 30 ти лет в заявление бибер сказал хотя я и не присутствовал при трагическом инциденте и не был вовлечен в него напрямую мои мысли и молитвы с семьей жертвы,по сообщениям ему было от 20 до 30 лет в заявлении биберск сказал хотя я и не присутствовал при трагической мансиденте и не был вовлечен в него напрямую мей мысли молитва с семьей жертвы
1902,Первоначально он был госпитализирован в госпитале Джеймса Педжета в Грейт-Ярмуте.,Первоначально он был госпитализирован в госпитале Джеймс Апеджи Товгрейд Яармуте.,первоначально он был госпитализирован в госпитале джеймса педжета в грейт ярмуте,первоначально он был госпитализирован в госпитале джеймс апеджи товгрейд яармуте
1664,"Получите новую смесь, перемешав два сухих порошка в одной емкости, а затем чистыми влажными руками слепите из этой смеси шарик.","Получите новую смесь, перемешив 2 сахих пружка в одноюй емкости, а затем чистыми влажеными руками слепите из этой смеси шарик.",получите новую смесь перемешав два сухих порошка в одной емкости а затем чистыми влажными руками слепите из этой смеси шарик,получите новую смесь перемешив 2 сахих пружка в одноюй емкости а затем чистыми влажеными руками слепите из этой смеси шарик
1875,"Целые 20 процентов воды, поступаемой из рек нашей планеты в океаны, текут из Амазонки.","Целый 20% воды, поступаемый из рек, нашей планеты в океаны текут из Амазонки.",целые 20 процентов воды поступаемой из рек нашей планеты в океаны текут из амазонки,целый 20 воды поступаемый из рек нашей планеты в океаны текут из амазонки
1913,"Тигриный рык не похож на полнозвучный рык льва, а больше напоминает выкрикивание предложений из неразборчивых слов.","Тегриный рык — не похож на полназвучный рык льва, а больше напоминает векрикивание предложений из неразборчивых слов.",тигриный рык не похож на полнозвучный рык льва а больше напоминает выкрикивание предложений из неразборчивых слов,тегриный рык не похож на полназвучный рык льва а больше напоминает векрикивание предложений из неразборчивых слов
1936,"Перри заявил, что вернётся в Техас, ""чтобы оценить результаты сегодняшнего партийного собрания и определить, стоит ли мне продолжать гонку"", но позже сказал, что он её продолжит и будет участвовать в предварительных выборах в Южной Каролине 21 января.","Перезайевил, что вернется в Техас, чтобы оценить результаты сегодняшнего партийного собрания и определить, стоит ли мне продолжать гонку, но позже сказала, что он ее продолжит и будет участвовать в придварительных выборах в Южной Королине 21 января.",перри заявил что вернется в техас чтобы оценить результаты сегодняшнего партийного собрания и определить стоит ли мне продолжать гонку но позже сказал что он ее продолжит и будет участвовать в предварительных выборах в южной каролине 21 января,перезайевил что вернется в техас чтобы оценить результаты сегодняшнего партийного собрания и определить стоит ли мне продолжать гонку но позже сказала что он ее продолжит и будет участвовать в придварительных выборах в южной королине 21 января
1892,"Это место, которое британские колонизаторы забрали себе, и если вы ищете доказательства колониального прошлого территории, то это хорошее место для начала.","Эта место, которое британски колонизаторы забрали себе, и если вы ищете доказательства колонияльного прошлого территории, то это хорошее место для начала.",это место которое британские колонизаторы забрали себе и если вы ищете доказательства колониального прошлого территории то это хорошее место для начала,эта место которое британски колонизаторы забрали себе и если вы ищете доказательства колонияльного прошлого территории то это хорошее место для начала
1874,"Многие считали, что он прав, но многие верили в противоположное: что Солнечная система вращается вокруг Земли, включая Солнце (и даже другие звезды).","Многие считали, что он прав, но многие верили в противоположное, что солнечная система вращается вокруг земли, включая Сонца и даже Другие Звезды.",многие считали что он прав но многие верили в противоположное что солнечная система вращается вокруг земли включая солнце и даже другие звезды,многие считали что он прав но многие верили в противоположное что солнечная система вращается вокруг земли включая сонца и даже другие звезды
1727,"Дети, живущие на улицах, возможно, пережили тяжёлые формы насилия или травмирования до того, как убежать или быть брошенными.","Дети, живущие на улицах, возможно пережаляте жалкой формы насилия или травмирования до того, как убежать или быть брошенными.",дети живущие на улицах возможно пережили тяжелые формы насилия или травмирования до того как убежать или быть брошенными,дети живущие на улицах возможно пережаляте жалкой формы насилия или травмирования до того как убежать или быть брошенными
1977,"В состав прайда входит от одного до трех взрослых самцов, находящихся в родстве, а также самок и детенышей, число которых может доходить до тридцати.","Састав Прайда входит от 1 до 3 взрослых санцов, находящихся в Ртстве, а также самок и детенышей, число которых может доходить до 31.",в состав прайда входит от одного до трех взрослых самцов находящихся в родстве а также самок и детенышей число которых может доходить до тридцати,састав прайда входит от 1 до 3 взрослых санцов находящихся в ртстве а также самок и детенышей число которых может доходить до 31
1821,Взаимосвязь между патологией мозга и поведением используется учёными в их исследованиях.,Взаимосвязь между патология и мозга и поведениям используются учеными в их исследованиях.,взаимосвязь между патологией мозга и поведением используется учеными в их исследованиях,взаимосвязь между патология и мозга и поведениям используются учеными в их исследованиях
1787,"Блоггерство является инструментом, стимулирующим сотрудничество, и оно мотивирует учащихся распространить процесс приобретения знаний далеко за пределы традиционного учебного дня.","Блогерство является инструментом стимулируюшим сутрудничество, и оно мотивирует учащихся распространить процесс приобретения знания далеко за пределы традиционного учебного дня.",блоггерство является инструментом стимулирующим сотрудничество и оно мотивирует учащихся распространить процесс приобретения знаний далеко за пределы традиционного учебного дня,блогерство является инструментом стимулируюшим сутрудничество и оно мотивирует учащихся распространить процесс приобретения знания далеко за пределы традиционного учебного дня
1671,"Конгресс начал финансировать инициативу по борьбе с развратом в 2005 налоговом году и определил, что ФБР должно выделить 10 агентов на борьбу со взрослой порнографией.","Конгресс начал финансировать инициативу по борьбе с развратом в 2005 налоговым году и определил, что ФБР одолжен выделить 10 агентов на борьбу со взрослой парнографий.",конгресс начал финансировать инициативу по борьбе с развратом в 2005 налоговом году и определил что фбр должно выделить 10 агентов на борьбу со взрослой порнографией,конгресс начал финансировать инициативу по борьбе с развратом в 2005 налоговым году и определил что фбр одолжен выделить 10 агентов на борьбу со взрослой парнографий
1780,"Энергия кундалини (энергия просветления) в кундалини-йоге пробуждается через позы йоги, дыхательные упражнения, мантры и визуализации.","Энергия Кундалини, энергия просвитления, в Кундалине Йоге пробуждается через позы Йоги дыхательные упражнения, мантры и визуализаций.",энергия кундалини энергия просветления в кундалини йоге пробуждается через позы йоги дыхательные упражнения мантры и визуализации,энергия кундалини энергия просвитления в кундалине йоге пробуждается через позы йоги дыхательные упражнения мантры и визуализаций
1837,"Либеральная критика усилий по восстановлению сосредоточивалась на том, что контракты на восстановительные работы отдавались предположительно имеющим связи с правительством.","Либеральная критика усилий по восстановлению сосредоточивалась на то, что контракты на восстановительные работы отдавались предположительно имеющим связи с правительством.",либеральная критика усилий по восстановлению сосредоточивалась на том что контракты на восстановительные работы отдавались предположительно имеющим связи с правительством,либеральная критика усилий по восстановлению сосредоточивалась на то что контракты на восстановительные работы отдавались предположительно имеющим связи с правительством
1937,"Однако эти планы стали неактуальны практически за ночь, когда около 800 000 солдат из советской Красной армии образовали Белорусский и Украинский фронты после захвата восточных регионов Польши в нарушение Рижского мирного соглашения, Советско-Польского пакта о ненападении, и других международных соглашений, двусторонних и многосторонних.","Однако эти планы стали не актуальны практически за ночь, когда около 800 000 солдат из Советской Красной армии образовали белорусские и украинские фронты после захвата восточных регионов Польши в нарушение рижского мирного соглашения. Советско-польского пакта о ненападении, других межнародных соглашений, двуторонних и многосторонних.",однако эти планы стали неактуальны практически за ночь когда около 800 000 солдат из советской красной армии образовали белорусский и украинский фронты после захвата восточных регионов польши в нарушение рижского мирного соглашения советско польского пакта о ненападении и других международных соглашений двусторонних и многосторонних,однако эти планы стали не актуальны практически за ночь когда около 800 000 солдат из советской красной армии образовали белорусские и украинские фронты после захвата восточных регионов польши в нарушение рижского мирного соглашения советско польского пакта о ненападении других межнародных соглашений двуторонних и многосторонних
1947,"До прибытия войск государство Гаити не сталкивалось с проблемами, касающимися данного заболевания, с начала 19 века.","До прибытия войск, государство Гаитие не стал Кеолазий проблемами, касающимися данного заболевания с начала 19 века.",до прибытия войск государство гаити не сталкивалось с проблемами касающимися данного заболевания с начала 19 века,до прибытия войск государство гаитие не стал кеолазий проблемами касающимися данного заболевания с начала 19 века
1714,"Спутник был доставлен в космос ракетой. Ученые используют телескопы в космосе, потому что атмосфера Земли в некоторой степени искажает наш свет и обзор.","Спутник был доставлен в космос ракетой. Ученые используют телескопы в космосе, потому что атмосфера земли в некоторой степени искажает наш свет и обзор.",спутник был доставлен в космос ракетой ученые используют телескопы в космосе потому что атмосфера земли в некоторой степени искажает наш свет и обзор,спутник был доставлен в космос ракетой ученые используют телескопы в космосе потому что атмосфера земли в некоторой степени искажает наш свет и обзор
1753,"Пускай часто это всего лишь ложный стереотип, всё же лучший способ преуспеть в Париже — это вести себя наилучшим образом, как ""bien élevé"" (хорошо воспитанный) человек. Это значительно облегчит адаптацию в этом городе.","Пускай часто это всего решиложен истереотип, всё же лучший способ преуспеть в Париже — это вести себя наилучшим образом, как хороший, воспитанный человек. Это значительно облегчит адаптацию в этом городе.",пускай часто это всего лишь ложный стереотип все же лучший способ преуспеть в париже это вести себя наилучшим образом как bien élevé хорошо воспитанный человек это значительно облегчит адаптацию в этом городе,пускай часто это всего решиложен истереотип все же лучший способ преуспеть в париже это вести себя наилучшим образом как хороший воспитанный человек это значительно облегчит адаптацию в этом городе
1720,"Горячий шоколад отвечает стандартам Бельгии. Хотя фруктовые соки стоят дорого, они имеют превосходное качество.","Горячий шоколад отвечает стандартам Бельгии, хотя фруктовысоки стоят дорого, они имеют превосходное качество.",горячий шоколад отвечает стандартам бельгии хотя фруктовые соки стоят дорого они имеют превосходное качество,горячий шоколад отвечает стандартам бельгии хотя фруктовысоки стоят дорого они имеют превосходное качество
1969,"Оно гласит, что лучше всего помещать главный объект на пересечении линий, делящих изображение на три части по вертикали и по горизонтали (см. пример).","Он огласит, что лучше всего помещать главный объект на пересечении линий, делящих изображения на третий части, по вертикали и горизонталии, смотреть пример.",оно гласит что лучше всего помещать главный объект на пересечении линий делящих изображение на три части по вертикали и по горизонтали см пример,он огласит что лучше всего помещать главный объект на пересечении линий делящих изображения на третий части по вертикали и горизонталии смотреть пример
1861,"В результате актёры курят косяки с марихуаной на сцене, и сам театр поощряет публику присоединиться.","В результате актеры курят косикис морихуаной на сцене, и сам театр поширяет публику присоединиться.",в результате актеры курят косяки с марихуаной на сцене и сам театр поощряет публику присоединиться,в результате актеры курят косикис морихуаной на сцене и сам театр поширяет публику присоединиться
1737,"Львы — самые социальные кошки, живущие в больших группах, которые называются прайдами.","Львы — самые социальные кошки, живущие в больших группах, которые называются прайдами.",львы самые социальные кошки живущие в больших группах которые называются прайдами,львы самые социальные кошки живущие в больших группах которые называются прайдами
1839,"Представьте, что лыжный маршрут — это пешеходный маршрут.","Представьте, что лыжный маршрут — это пешеходный маршрут.",представьте что лыжный маршрут это пешеходный маршрут,представьте что лыжный маршрут это пешеходный маршрут
1663,Долина Кочамо – главное направление в Чили для альпинизма. Она известна как Йосмит Южной Америки и имеет большое количество больших гранитных стен и скал.,"Долина Качамо — главное направление в Чили для алкопинизма. Он известна, как Йосмет. Южная Америка имеет большое количество «больших гранитных стен» искал.",долина кочамо главное направление в чили для альпинизма она известна как йосмит южной америки и имеет большое количество больших гранитных стен и скал,долина качамо главное направление в чили для алкопинизма он известна как йосмет южная америка имеет большое количество больших гранитных стен искал
1778,"В репортажах по телевидению сообщается  о белом дыме, идущем от завода.","В репортажах по телевидению сообщается о белом дыме, идущем от завода.",в репортажах по телевидению сообщается о белом дыме идущем от завода,в репортажах по телевидению сообщается о белом дыме идущем от завода
1764,"Количество присутствующих было настолько велико, что не все смогли попасть на площадь Святого Петра, где проходили похороны.","Количество присутствующих было настолько велико, что не все смогли попасть на площадь Фитого Петра, где проходили похороны.",количество присутствующих было настолько велико что не все смогли попасть на площадь святого петра где проходили похороны,количество присутствующих было настолько велико что не все смогли попасть на площадь фитого петра где проходили похороны
1800,"Согласно плану мост полностью войдёт в эксплуатацию  в сентябре 2017 года, когда бразильские пункты таможенной проверки, как ожидается, будут завершены.","Согласно плану, мост полностью уойдет в эксплуатацию в сентябре 2017-го, когда бразильские пункты таможенных проверки, как ожидается, будут завершены.",согласно плану мост полностью войдет в эксплуатацию в сентябре 2017 года когда бразильские пункты таможенной проверки как ожидается будут завершены,согласно плану мост полностью уойдет в эксплуатацию в сентябре 2017 го когда бразильские пункты таможенных проверки как ожидается будут завершены
1945,Касабланка – одно из наименее интересных мест для шопинга во всем Марокко.,Кособланка – одно из наименее интересных мест для шоппинга во всём Морокко.,касабланка одно из наименее интересных мест для шопинга во всем марокко,кособланка одно из наименее интересных мест для шоппинга во всем морокко
1713,"Хоть Гома и является достаточно безопасным местом, следует заранее уточнять информацию насчёт любых поездок за пределы Гомы, чтобы понять, в каком состоянии находятся боевые действия, ведущиеся в провинции Северное Киву.","Хоть гома является достаточно безопасным местом, следует заранее уточнять информацию насчет любых поездок за приделы гомы, чтобы понять, в каком состоянии находится боевое действие, ведущееся в провинции Северонакивы.",хоть гома и является достаточно безопасным местом следует заранее уточнять информацию насчет любых поездок за пределы гомы чтобы понять в каком состоянии находятся боевые действия ведущиеся в провинции северное киву,хоть гома является достаточно безопасным местом следует заранее уточнять информацию насчет любых поездок за приделы гомы чтобы понять в каком состоянии находится боевое действие ведущееся в провинции северонакивы
1733,"Первой среди 78 рекомендаций является то, что следует реализовать новую дипломатическую инициативу до конца этого года для укрепления иракских границ, чтобы не допустить враждебного вмешательства, а также для возобновления дипломатических отношений с соседями.","Первая среди Семидесятия Восьми рекомендаций является то, что следует реализовать новую дипломатическую инициативу до конца этого года для укрепления иеракский границ, чтобы не допустить враждебного мишательства, а также для возобновления дипломатических отношений с соседями.",первой среди 78 рекомендаций является то что следует реализовать новую дипломатическую инициативу до конца этого года для укрепления иракских границ чтобы не допустить враждебного вмешательства а также для возобновления дипломатических отношений с соседями,первая среди семидесятия восьми рекомендаций является то что следует реализовать новую дипломатическую инициативу до конца этого года для укрепления иеракский границ чтобы не допустить враждебного мишательства а также для возобновления дипломатических отношений с соседями
1801,"Вереницу зданий, образующих линию горизонта Гонконга, сравнивают со сверкающей столбчатой диаграммой, подчеркнутой водой бухты Виктория.","Веренницузданий, образуясь из Чехлинью горизонта Гонконга, сравниваются сверкающие столбчатый диаграммой, подчеркнутый водой бухты Виктория.",вереницу зданий образующих линию горизонта гонконга сравнивают со сверкающей столбчатой диаграммой подчеркнутой водой бухты виктория,веренницузданий образуясь из чехлинью горизонта гонконга сравниваются сверкающие столбчатый диаграммой подчеркнутый водой бухты виктория
1708,"Хьюн ушел в отставку, и в Кабинете министров его заменит член парламента Эд Дейви. Ожидается, что член парламента Норман Ламб займет принадлежащий Дейви пост Министра по делам бизнеса.","Хьюн ушел в отставку, и в кабинете министров его заменит член парламента Эд Дэйви. Ужидается, что член парламента Норман Ламп займет принадлежащий Дэйви пост министроподделам бизнеса.",хьюн ушел в отставку и в кабинете министров его заменит член парламента эд дейви ожидается что член парламента норман ламб займет принадлежащий дейви пост министра по делам бизнеса,хьюн ушел в отставку и в кабинете министров его заменит член парламента эд дэйви ужидается что член парламента норман ламп займет принадлежащий дэйви пост министроподделам бизнеса
1859,"Собственные стили начали развиваться в Западной Европе к концу Средневековья. Одним из самых больших достижений того времени, благодаря крестовым походам, стало использование пуговиц для застегивания одежды.","Собственные стили начали развиваться в Западной Еуропия к концу Средневековья, одни из самых больших достижений того времени, благодаря крестовым походам, стало использование пуговица для застегивания одежды.",собственные стили начали развиваться в западной европе к концу средневековья одним из самых больших достижений того времени благодаря крестовым походам стало использование пуговиц для застегивания одежды,собственные стили начали развиваться в западной еуропия к концу средневековья одни из самых больших достижений того времени благодаря крестовым походам стало использование пуговица для застегивания одежды
1810,"Губернатор Калифорнии Арнольд Шварценеггер подписал закон, запрещающий продажу или прокат видеоигр с применением насилия несовершеннолетним лицам.","Губернатор Калифорния Арнольд Шварценеггер подписал закон, запрещающий продажу или паркат видеогерц применениям насилья не с совершенно летним лицем.",губернатор калифорнии арнольд шварценеггер подписал закон запрещающий продажу или прокат видеоигр с применением насилия несовершеннолетним лицам,губернатор калифорния арнольд шварценеггер подписал закон запрещающий продажу или паркат видеогерц применениям насилья не с совершенно летним лицем
1696,"Исследователи университета сообщили, что эти два соединения вступают друг с другом в реакцию, образуя кристаллы, которые могут блокировать работу почек.","Исследователи университета сообщили, что эти два соединения вступают друг с другом в реакцию, образуя кристаллы, которые могут блокировать работу Потик.",исследователи университета сообщили что эти два соединения вступают друг с другом в реакцию образуя кристаллы которые могут блокировать работу почек,исследователи университета сообщили что эти два соединения вступают друг с другом в реакцию образуя кристаллы которые могут блокировать работу потик
1674,"В некоторых местах достаточно прокипятить воду в течение минуты, в других потребуется несколько минут.","В некоторых местах достаточно прокепетить воду в течении минуты, в других потребуется несколько минут.",в некоторых местах достаточно прокипятить воду в течение минуты в других потребуется несколько минут,в некоторых местах достаточно прокепетить воду в течении минуты в других потребуется несколько минут
1862,"NextGen — это система, которая, по заверению Федеральной авиационной администрации США, позволит самолетам летать по сокращенным маршрутам и ежегодно экономить миллионы галлонов топлива, а также снизить выбросы углерода.","Нэкс-шен — это система, которая, по заверениям федеральной авиационной администрация США, позволит самолетам летать по сокрашенным маршрутам, ежегоды экономить миллионы галлонов топлива, а также снизить выбросы углерода.",nextgen это система которая по заверению федеральной авиационной администрации сша позволит самолетам летать по сокращенным маршрутам и ежегодно экономить миллионы галлонов топлива а также снизить выбросы углерода,нэкс шен это система которая по заверениям федеральной авиационной администрация сша позволит самолетам летать по сокрашенным маршрутам ежегоды экономить миллионы галлонов топлива а также снизить выбросы углерода
1985,"Это связано, но обычно не включает пешее восхождение на вершину и затем спуск по неподготовленным склонам, так как катание по целине требует более жестких лыж и ботинок.","Это связано, но обычно не включают пеши восхождения на вершину и затем спуск по неподготовленным склонам, так как катания поцеления требует боли, жёстких лыж и ботинок.",это связано но обычно не включает пешее восхождение на вершину и затем спуск по неподготовленным склонам так как катание по целине требует более жестких лыж и ботинок,это связано но обычно не включают пеши восхождения на вершину и затем спуск по неподготовленным склонам так как катания поцеления требует боли жестких лыж и ботинок
1897,"На севере регион ограничен Сахелем, а на юге и западе — Атлантическим океаном.","На севере регион ограничен Сахелем, на Юге и Западе Атлантическим океанам.",на севере регион ограничен сахелем а на юге и западе атлантическим океаном,на севере регион ограничен сахелем на юге и западе атлантическим океанам
1787,"Блоггерство является инструментом, стимулирующим сотрудничество, и оно мотивирует учащихся распространить процесс приобретения знаний далеко за пределы традиционного учебного дня.","Блогерство является инструментом стимулируючим сотрудничества, и оно мотивирует у чащихся распространить процесс приобретения знаний далеко за пределы традиционного учебного дня.",блоггерство является инструментом стимулирующим сотрудничество и оно мотивирует учащихся распространить процесс приобретения знаний далеко за пределы традиционного учебного дня,блогерство является инструментом стимулируючим сотрудничества и оно мотивирует у чащихся распространить процесс приобретения знаний далеко за пределы традиционного учебного дня
1907,Вскоре после начала военных действий Британия устроила морскую блокаду Германии.,Скорей после начала военных действий Британия устрелы морскую блокаду Германии.,вскоре после начала военных действий британия устроила морскую блокаду германии,скорей после начала военных действий британия устрелы морскую блокаду германии
1845,"Они вернулись в Париж в карете, окружённые толпой людей, которые выкрикивали угрозы королю и королеве.","Они вернулись Париж в Кореде, окружённый толпой людей, которые выкрикивали угрозы королю и королеве.",они вернулись в париж в карете окруженные толпой людей которые выкрикивали угрозы королю и королеве,они вернулись париж в кореде окруженный толпой людей которые выкрикивали угрозы королю и королеве
1702,Всего за 2 недели силы Свободной Франции и американцы освободили южную Францию и отправились в сторону Германии.,Всего за две недели сила Свободной Франции и Американцы освободили Южную Францию и отправились в сторону Германии.,всего за 2 недели силы свободной франции и американцы освободили южную францию и отправились в сторону германии,всего за две недели сила свободной франции и американцы освободили южную францию и отправились в сторону германии
1874,"Многие считали, что он прав, но многие верили в противоположное: что Солнечная система вращается вокруг Земли, включая Солнце (и даже другие звезды).","Многие считали, что он прав, но многие верили в противоположное, что Солнечная Система вращается вокруг Земли, включая Солнце и даже другие звезды.",многие считали что он прав но многие верили в противоположное что солнечная система вращается вокруг земли включая солнце и даже другие звезды,многие считали что он прав но многие верили в противоположное что солнечная система вращается вокруг земли включая солнце и даже другие звезды
1870,"Сцены показывают на пирамидах, и разные пирамиды освещаются.","Сцены показывают на пирамидах, и разные пирамиды освещаются.",сцены показывают на пирамидах и разные пирамиды освещаются,сцены показывают на пирамидах и разные пирамиды освещаются
1915,Вы можете по Гома на бода-бода (мототакси). Обычная (местная) цена 500 конголезских франков за короткую поездку.,"Вы можете по Гома на Бода-бода мототакси, обычная местная цена 500 конгалеских франков за короткую поездку.",вы можете по гома на бода бода мототакси обычная местная цена 500 конголезских франков за короткую поездку,вы можете по гома на бода бода мототакси обычная местная цена 500 конгалеских франков за короткую поездку
1833,"Философ Аристотель считал, что всё состоит из смеси одного или нескольких из четырёх элементов. Это были земля, вода, воздух и огонь.","Философь Аристотель считал, что всё состоит из смеси одного или нескольких из четырёх элементов – это были земля, вода, воздух и огонь.",философ аристотель считал что все состоит из смеси одного или нескольких из четырех элементов это были земля вода воздух и огонь,философь аристотель считал что все состоит из смеси одного или нескольких из четырех элементов это были земля вода воздух и огонь
1792,Это называется pH химического вещества. Вы можете сделать индикатор при помощи сока красной капусты.,Это называется пиаж химического вещества. Вы можете сделать индикатор при помощи сока красной капусты.,это называется ph химического вещества вы можете сделать индикатор при помощи сока красной капусты,это называется пиаж химического вещества вы можете сделать индикатор при помощи сока красной капусты
1828,"Поиск в интернете по фразе ""курс по безопасности во враждебной среде"", возможно, выдаст адрес местной компании.","Поиск в интернете, по фразе «курс по безопасности во враждебной среде», возможно, выдаст адрес местной компании.",поиск в интернете по фразе курс по безопасности во враждебной среде возможно выдаст адрес местной компании,поиск в интернете по фразе курс по безопасности во враждебной среде возможно выдаст адрес местной компании
1815,"Атомная бомба работает на том принципе, что для того, чтобы много протонов и нейтронов находились в одном ядре, необходима энергия.","Атомная бомба работает на том принципе, что для того, чтобы много протонов и нейтронов находились в одном ядре, необходима энергия.",атомная бомба работает на том принципе что для того чтобы много протонов и нейтронов находились в одном ядре необходима энергия,атомная бомба работает на том принципе что для того чтобы много протонов и нейтронов находились в одном ядре необходима энергия
1792,Это называется pH химического вещества. Вы можете сделать индикатор при помощи сока красной капусты.,Это называется пиаш химического вещества. Вы можете сделать индикатор при помощи сок как раз на капусты.,это называется ph химического вещества вы можете сделать индикатор при помощи сока красной капусты,это называется пиаш химического вещества вы можете сделать индикатор при помощи сок как раз на капусты
1918,Сундарбан был объявлен Объектом всемирного наследия ЮНЕСКО. Часть леса в пределах индийской территории называется Национальный парк Сундарбан.,Сундарбан был объявлен объектом семеронаследия ЮНЕСКО. Часть леса в приделах индийской территории называется национальный парк Сундарбан.,сундарбан был объявлен объектом всемирного наследия юнеско часть леса в пределах индийской территории называется национальный парк сундарбан,сундарбан был объявлен объектом семеронаследия юнеско часть леса в приделах индийской территории называется национальный парк сундарбан
1811,Стандарт 802.11n работает на обоих частотах – 2.4 ГГц и 5.0 ГГц.,"Стандарт 802.11n работает на обоих частотах 2,4 ГГц и 5,0 ГГц.",стандарт 802 11n работает на обоих частотах 2 4 ггц и 5 0 ггц,стандарт 802 11n работает на обоих частотах 2 4 ггц и 5 0 ггц
1767,"Это представляет хорошую возможность увидеть северное сияние, потому что небо будет более или менее тёмным круглые сутки.","Эта представляет хорошую возможность увидеть северное сияние, потому что небо будет более или менее темным круглыми сутками.",это представляет хорошую возможность увидеть северное сияние потому что небо будет более или менее темным круглые сутки,эта представляет хорошую возможность увидеть северное сияние потому что небо будет более или менее темным круглыми сутками
1675,"Все существительные, а также слово Sie, означающее Вы, всегда пишутся с большой буквы даже в середине предложения.","Все существенные, а также слово «сия», означающее «вы», всегда пишутся с большой буквы, даже в середине предложения.",все существительные а также слово sie означающее вы всегда пишутся с большой буквы даже в середине предложения,все существенные а также слово сия означающее вы всегда пишутся с большой буквы даже в середине предложения
